the_geom,shape_leng
"{'type': 'MultiLineString', 'coordinates': [[[-73.94330355199047, 40.7606579394404], [-73.942444457491, 40.76035105364939], [-73.94162692868777, 40.76005623125801], [-73.94081047378828, 40.75976181783268], [-73.93999411736029, 40.7594686413527], [-73.9391776271827, 40.759175468005814], [-73.93831932051862, 40.75886464359026], [-73.93791705652221, 40.75870660499185], [-73.93700948240654, 40.75823567043835], [-73.9362251344802, 40.757808066255066], [-73.93546502775251, 40.75739341954734], [-73.93463209012226, 40.75693975351983], [-73.93395778867135, 40.75657120631128], [-73.93334529789358, 40.75623915147725], [-73.9325795320223, 40.755822258091726], [-73.93210072999808, 40.75555659789569], [-73.93181757120536, 40.75539947343135], [-73.93105722013831, 40.75497417135161], [-73.93029885958744, 40.754548054069815], [-73.9295410642888, 40.7541217709185], [-73.92878176294062, 40.75369549172415], [-73.92802475355475, 40.753272160782785], [-73.92726595562289, 40.75284722260574], [-73.92650752095717, 40.752434516605405], [-73.92596072531634, 40.75209646768864]]]}",5748.9372475
"{'type': 'MultiLineString', 'coordinates': [[[-73.9487750675773, 40.63393304827508], [-73.947773303887, 40.63399815632733], [-73.9468051592054, 40.634058839755156], [-73.94586773581037, 40.63411754835657], [-73.9448804276754, 40.63417695483387], [-73.9439131059698, 40.63423670478221], [-73.94297844364108, 40.63429526510335], [-73.94200949919197, 40.63435489917618], [-73.94103942893494, 40.634417136013006], [-73.94010756298539, 40.63447440470076], [-73.93917245675983, 40.634532789771804], [-73.93823784592038, 40.634590564156774], [-73.93726700121638, 40.63465062551729], [-73.93629596791786, 40.63470952591201], [-73.93535985086268, 40.63476731209193], [-73.93439440355615, 40.63482680291724], [-73.93342687514532, 40.63488405114417], [-73.93249995730004, 40.6349470693958], [-73.93223554858673, 40.6349633384453], [-73.93152735188279, 40.635007968276135], [-73.93055333239742, 40.63506291464884], [-73.9296245335309, 40.635121315938356], [-73.92861283794919, 40.63518764589643], [-73.92766858710002, 40.635245022217234], [-73.92744822305364, 40.63525840918541], [-73.92719255977296, 40.635274132746154], [-73.926674305459, 40.635305996988855], [-73.92570568483941, 40.63536689869987], [-73.92473794936103, 40.63542747764969], [-73.9238030538119, 40.63548481934759], [-73.92313140537436, 40.63552507758017]], [[-73.92313140537436, 40.63552507758017], [-73.9228034710949, 40.63526735258266]], [[-73.92313140537436, 40.63552507758017], [-73.92283431625563, 40.63556053285093]]]}",7355.31062743
"{'type': 'MultiLineString', 'coordinates': [[[-73.76772116997621, 40.596280992737135], [-73.76873525573993, 40.59620607007525], [-73.76975027981074, 40.59609853231221], [-73.77066157325638, 40.596001999171385], [-73.77149453267852, 40.59591070622576], [-73.77232715900183, 40.59582288261544], [-73.7728142134142, 40.59580216818537], [-73.77335789148535, 40.5957861164387], [-73.77388252185902, 40.59576940778214], [-73.7747712458882, 40.59573537698427], [-73.77572425808717, 40.595668638841765], [-73.77655169490177, 40.5956113293423], [-73.77739309368626, 40.59555377978204], [-73.77821853663228, 40.59549800332715], [-73.77903633050705, 40.59544350299459], [-73.77993897739108, 40.59538245045277], [-73.78091577783144, 40.595325440500794], [-73.7818363121411, 40.59526685659136], [-73.78302798817752, 40.595185258551886], [-73.78361248623534, 40.5951452309623], [-73.78374297282785, 40.59513562574962], [-73.7845446277172, 40.59507660906496], [-73.7857396409639, 40.59499219754489], [-73.78626489754299, 40.59495514110341], [-73.78704360117675, 40.59491097520173], [-73.7872433384221, 40.59482412028746], [-73.78807843565049, 40.594491404572224], [-73.789120806937, 40.59406102315193], [-73.7910263275841, 40.59329843716906], [-73.79146898265579, 40.593125468721546], [-73.79232407926528, 40.593073617036225], [-73.79326507421786, 40.593020723966184], [-73.79416989570957, 40.59296394017677], [-73.79514938628422, 40.59290739946933], [-73.79615351622867, 40.592847418099396], [-73.79711416096413, 40.592790989311254], [-73.79715950813689, 40.59278832276474], [-73.79720594933339, 40.59278717101353], [-73.79807839037086, 40.5927322714596], [-73.79812242626235, 40.59272958421846], [-73.79816740673792, 40.592727051708884], [-73.79907997707143, 40.592675573989595], [-73.7993511776969, 40.59265686847328], [-73.79950602580254, 40.592572350696905], [-73.79967141937527, 40.592451124974104], [-73.79985180977356, 40.59225163886913], [-73.80055683450394, 40.59135551824053], [-73.80082507492385, 40.59106512281688], [-73.80087170197389, 40.59103568530676], [-73.80106935058889, 40.59094208754382], [-73.80127879314689, 40.590870537589495], [-73.80137756179887, 40.5908554012271], [-73.80174450731744, 40.590818690134185], [-73.80224559163129, 40.59076854782977], [-73.80314254836016, 40.59065780147517], [-73.8045205522402, 40.59048743322994], [-73.80532991775617, 40.590519785341264]], [[-73.76715321581663, 40.59726433409754], [-73.76720621004252, 40.59704844136684], [-73.76729072198954, 40.59683636762804], [-73.76740578068238, 40.596632064155145], [-73.7674751550572, 40.596538870458446], [-73.76755096559003, 40.59644596980183], [-73.76772116997621, 40.596280992737135]], [[-73.76715321581663, 40.59726433409754], [-73.76712577715885, 40.597127326549845], [-73.76711717768403, 40.59698813287442], [-73.76712771655232, 40.59684901400136], [-73.76715706675735, 40.596712238588026], [-73.76717720102215, 40.596623181364535], [-73.76721443560734, 40.59653587878208], [-73.76726813443152, 40.596453166192106], [-73.76733045100833, 40.596384444483476], [-73.76739324184759, 40.596329438708224], [-73.76772116997621, 40.596280992737135]], [[-73.76715321581663, 40.59726433409754], [-73.76716449324543, 40.59742159773725], [-73.76715168791404, 40.59758390054965], [-73.76711296780904, 40.597748041948016], [-73.76704742377702, 40.59791042696626], [-73.76695532873754, 40.598067273904796], [-73.76683818415198, 40.598214848565405], [-73.76669864793794, 40.59834981531788], [-73.76654034479868, 40.598469425836655], [-73.76636755827188, 40.59857174361779], [-73.76618488792019, 40.598655697323835], [-73.76599689495049, 40.59872106205887], [-73.76386778501966, 40.599727312892504], [-73.76209424446908, 40.60056726747407], [-73.76163938420561, 40.600781964811326], [-73.76089119434717, 40.60138044875776], [-73.7603857507992, 40.60151469099842], [-73.76008488855246, 40.601642757424116], [-73.75956851029687, 40.601987642182166], [-73.75899674506579, 40.60232414166226], [-73.7583337301845, 40.60267937550377], [-73.758059722842, 40.602827880995], [-73.7571369130345, 40.60331179514609], [-73.75609456724283, 40.60386534795821], [-73.7558840788643, 40.60397742982135], [-73.755795387924, 40.60425656637474], [-73.75568967067592, 40.60453272194381], [-73.75556723620194, 40.60480500561957], [-73.75542846688876, 40.605072517637595], [-73.75527384646144, 40.60533443859091], [-73.75495671836633, 40.60566327500719], [-73.75470979660373, 40.60638084515004], [-73.75443550218533, 40.60720177255366], [-73.754132261154, 40.6081071696232], [-73.75371574631345, 40.609536274728484], [-73.75345836141176, 40.61051986161679]]]}",18394.9870504
"{'type': 'MultiLineString', 'coordinates': [[[-73.93609499091738, 40.74973152945084], [-73.93474259188893, 40.750979043839166], [-73.93383269454343, 40.75160470154581], [-73.93227623270077, 40.75195388576722], [-73.93195863858276, 40.75197425805463], [-73.93126506875166, 40.75199252276984], [-73.93015432308235, 40.75201212409978], [-73.92914224197874, 40.75203153411932], [-73.92874215718334, 40.75204162422121], [-73.9279080734726, 40.75205079556395], [-73.92646867037759, 40.75206856759917], [-73.92596072531634, 40.75209646768864], [-73.92562743839345, 40.75213724401411], [-73.92441748564913, 40.75240430204618], [-73.92296643429972, 40.75272880255347], [-73.9220402052938, 40.75293762718766], [-73.92161909582919, 40.75302765405426], [-73.92047926013338, 40.75328523696916], [-73.92027684694382, 40.75333811794431], [-73.91892348133207, 40.75363612417952], [-73.91763192897551, 40.75385784805871], [-73.91650534645795, 40.75389158939112], [-73.91547326359787, 40.75379181795064], [-73.91468429763461, 40.7536800688541], [-73.91446450837982, 40.7536764118953], [-73.91354183523977, 40.7534687147588], [-73.91256954206678, 40.753304214867384], [-73.91067474916291, 40.752995076218184], [-73.91023124751487, 40.75297652321315], [-73.90823661170373, 40.753162424253645], [-73.90759425947329, 40.753222284275644], [-73.90690889702435, 40.753284848906624], [-73.90668545912487, 40.753307941697166], [-73.90611707986845, 40.753378876478244], [-73.9058644028465, 40.753403848412276], [-73.90491691337732, 40.75350527764714], [-73.90392280543351, 40.75361132393653], [-73.90298912384011, 40.75370838227853], [-73.90247213045423, 40.75376303777867], [-73.90212120316328, 40.753801011633854], [-73.90121347908087, 40.753902210060694], [-73.90030276252219, 40.75399131395455], [-73.8995734850714, 40.75406353140052], [-73.89921546719809, 40.754106217879354], [-73.89873816396462, 40.75415367018447], [-73.89862947394222, 40.75416152245302], [-73.89854223063499, 40.7541701121145], [-73.89792351274872, 40.75424000308462], [-73.89750121978807, 40.75428065515315], [-73.89652231256497, 40.754388777203594], [-73.89558971356287, 40.754484632907655], [-73.89466106120406, 40.75458343653035], [-73.89373445708743, 40.754680759528306], [-73.89280344414566, 40.75477791608404], [-73.89188066383004, 40.754873317757486], [-73.89094768739265, 40.754973736216414], [-73.89001341102879, 40.75507081490725], [-73.88908758238425, 40.755167170149086], [-73.88815673804301, 40.7552658138743], [-73.88722784089191, 40.75536330654154], [-73.88629816000258, 40.755460466763886], [-73.8853672815173, 40.75555694381377], [-73.88443909332585, 40.75565744850734], [-73.883506927982, 40.75575532212943], [-73.88257912895926, 40.75585357087308], [-73.88189993945308, 40.75592508182955], [-73.88164813021777, 40.75595159273663], [-73.8807192849201, 40.756049096018664], [-73.87978909840133, 40.75614677951932], [-73.87886052512357, 40.756241467526856], [-73.87793030973965, 40.756339009919785], [-73.87699789635482, 40.7564389648169], [-73.87606787728883, 40.75653623123642], [-73.87513874306536, 40.756633815290364], [-73.87420803077784, 40.75673156212522], [-73.87365721753785, 40.756803486086014], [-73.87311054725946, 40.75685088129278], [-73.87221856360689, 40.756943224659445], [-73.87132395882423, 40.757036340732796], [-73.87041371390345, 40.75713241204201], [-73.86950314751057, 40.75722801833919], [-73.86848374851515, 40.7573349368724], [-73.8674633639389, 40.75744153998142], [-73.86656997562075, 40.757535521049924], [-73.86567437007302, 40.75762958265687], [-73.86461956691787, 40.75769371561426], [-73.86371499918906, 40.75772567057208], [-73.8628070420254, 40.75775898406099], [-73.86190617224577, 40.75779486353213], [-73.86099882381306, 40.757824993719375], [-73.86046162265733, 40.757843732161], [-73.85992746246274, 40.757864100810934], [-73.85951332469818, 40.75787858993159], [-73.85888932468, 40.75789947632708], [-73.85856138986966, 40.75791243677046], [-73.85775351180884, 40.75802727413882], [-73.85695186874918, 40.75813312653463], [-73.85560819932485, 40.7583054099655], [-73.85540366090626, 40.75834030917124], [-73.85533225093224, 40.758351489350105], [-73.85496696882461, 40.75837916005671], [-73.854579720139, 40.758387620197425], [-73.85446907777396, 40.75837557308366], [-73.8544231522239, 40.75836858656268], [-73.85437737828634, 40.75836105000576], [-73.85433176661671, 40.75835296522758], [-73.85428632787037, 40.75834433404285], [-73.85424107388502, 40.75833515916822], [-73.85419601531596, 40.75832544241848], [-73.85415116518308, 40.75831518741222], [-73.85410653177718, 40.75830439416036], [-73.85406212929836, 40.75829306808404], [-73.85401796721963, 40.7582812100961], [-73.85397405619224, 40.758268823812315], [-73.85393040686945, 40.75825591194796], [-73.85388703226899, 40.75824247902247], [-73.85384394067748, 40.75822852684757], [-73.85299594267117, 40.757977744686585], [-73.8525803358177, 40.75788554295114], [-73.85256292393673, 40.75788442835375], [-73.85254550723964, 40.75788334976773], [-73.8525280869107, 40.7578823071947], [-73.8525106617655, 40.75788130063318], [-73.85249323416865, 40.7578803318871], [-73.85247580294171, 40.75787939825344], [-73.85245836926504, 40.757878501534805], [-73.85244093077009, 40.757877641728086], [-73.85242349101155, 40.7578768179374], [-73.85240604762089, 40.75787603015964], [-73.85238860059604, 40.757875279295305], [-73.85237115230757, 40.75787456444702], [-73.85235370038485, 40.75787388651213], [-73.85233624601419, 40.757873244591735], [-73.85214685886888, 40.75788821662811], [-73.85195801912305, 40.75790675506139], [-73.85176984045847, 40.757928849234354], [-73.85158244130206, 40.75795448489479], [-73.85139593534663, 40.75798364688456], [-73.85121043747576, 40.75801631734622], [-73.85102606257979, 40.75805247572159], [-73.85084292436974, 40.758092099650625], [-73.85066113300884, 40.7581351649683], [-73.85048080340216, 40.758181645715446], [-73.8503020445408, 40.7582315132243], [-73.85012496660917, 40.758284735227306], [-73.84994967860477, 40.7583412812569], [-73.84977628954033, 40.75840111454257], [-73.84947074337686, 40.758514756699086], [-73.84870210248131, 40.75886173686701], [-73.8482193059866, 40.75907967622825], [-73.8480870007339, 40.759159645980226], [-73.84795544909387, 40.759240331576294], [-73.84782465936323, 40.75932172942788], [-73.8476946374701, 40.759403835943324], [-73.84756538934488, 40.7594866466306], [-73.8474369221023, 40.75957015699917], [-73.84730924285726, 40.759654362558464], [-73.84718235753827, 40.75973925971701], [-73.84705627326262, 40.75982484308377], [-73.84693099477275, 40.759911109966076], [-73.84680653037034, 40.75999805497463], [-73.8466828848044, 40.760085672715256], [-73.8465600663705, 40.76017396050019], [-73.84643807981796, 40.76026291293524], [-73.84591143996093, 40.76058469894129], [-73.84559273897774, 40.760799318453216], [-73.84529620523298, 40.76099900674433], [-73.84461519448107, 40.76141081729719], [-73.84369111353465, 40.76190121010234], [-73.84363341914437, 40.76192455306536], [-73.84357547684495, 40.76194753906255], [-73.84351729256062, 40.76197016720101], [-73.84345886748079, 40.76199243568109], [-73.84340020634758, 40.76201434270779], [-73.84334131508541, 40.762035887388315], [-73.84328219488357, 40.76205706792298], [-73.84322285048225, 40.76207788341731], [-73.84316328544148, 40.76209833117428], [-73.84310350568153, 40.762118412102154], [-73.843043512396, 40.76213812260023], [-73.84298331150734, 40.76215746267618], [-73.84292290538707, 40.76217643143244], [-73.84286229996405, 40.76219502617528]], [[-73.84286229996405, 40.76219502617528], [-73.84211310954132, 40.76226861687422], [-73.84203973840499, 40.762280534448124], [-73.8419658872671, 40.76229059177235], [-73.84189163787312, 40.76229877995309], [-73.8418170707888, 40.76230508829416], [-73.84174227012417, 40.76230950970636], [-73.84166731761249, 40.762312040699626], [-73.84159229498675, 40.762312677783925], [-73.84151728752671, 40.76231142017602], [-73.84144237577053, 40.762308268887196], [-73.84136764261635, 40.762303228534336], [-73.84129317096227, 40.76229630373451], [-73.84121904251555, 40.762287501804884], [-73.84114533897473, 40.76227683366478], [-73.8410721432224, 40.76226431023545]], [[-73.84286229996405, 40.76219502617528], [-73.84281120493556, 40.76220997780915], [-73.84275994486593, 40.76222459600796], [-73.8427085221223, 40.76223888167524], [-73.84265694144892, 40.76225283211563], [-73.84260520403303, 40.76226644643018], [-73.84255331698327, 40.76227972372782], [-73.84250128148476, 40.76229266400996], [-73.84244910346611, 40.76230526458303], [-73.84239678411026, 40.762317526348895], [-73.84234433053027, 40.76232944661562], [-73.84229174390912, 40.762341026285156], [-73.84223902898897, 40.762352263562846], [-73.8421861893258, 40.76236315755274], [-73.84213322965971, 40.76237370736082], [-73.8420524075312, 40.762385742604245], [-73.84197141525962, 40.76239709767573], [-73.84189026351282, 40.76240776988799], [-73.84180896058557, 40.762417758351624], [-73.8417275171392, 40.76242706308095], [-73.84164594384156, 40.76243568138882], [-73.84156425017184, 40.762443612387464], [-73.84148244560704, 40.762450856089686], [-73.84140054081297, 40.762457410708905], [-73.84131854526666, 40.762463276257925], [-73.8412364696339, 40.76246845095031], [-73.84115432457614, 40.76247293480057], [-73.84107211838833, 40.76247672691946], [-73.84098986172974, 40.76247982822205]]]}",27961.7704989
"{'type': 'MultiLineString', 'coordinates': [[[-74.20797310611418, 40.54167105200347], [-74.20877192719914, 40.543664942350496], [-74.20908470757182, 40.544380496689435], [-74.2098853006901, 40.54643021125774], [-74.21040235031641, 40.547806804484466], [-74.2104942100389, 40.548051363924884], [-74.21052765623486, 40.54814185981644], [-74.21078285274977, 40.548785900323864], [-74.21102471701452, 40.54939727553678], [-74.21107214951519, 40.54952366766144], [-74.21126800806515, 40.54996937552471], [-74.21142571490442, 40.550374592565504], [-74.21147397803705, 40.550542894504055], [-74.21169355546617, 40.55113245344542], [-74.21200912744924, 40.5519590511736], [-74.21224066336482, 40.55251558255906], [-74.21228733397353, 40.55268687683113], [-74.21252443046464, 40.55328637957774], [-74.21256692434426, 40.55338761041535], [-74.21278321588827, 40.55392925521749], [-74.21291558227163, 40.55426073854701], [-74.21307999017888, 40.55464326637345], [-74.21312508498302, 40.554745059503496], [-74.21316508626718, 40.554841566960995], [-74.21330270669844, 40.55520521506067], [-74.21350175529128, 40.55566761784153]]]}",5326.64409108
"{'type': 'MultiLineString', 'coordinates': [[[-73.9856743790466, 40.738219007985684], [-73.98523224580666, 40.73884023023446], [-73.98474231020784, 40.73951035996759], [-73.98425771892927, 40.74016859258471], [-73.98381135653453, 40.74078988067456], [-73.98335962226196, 40.74141216576811], [-73.9832796590368, 40.7415217630076], [-73.98291180065202, 40.74202593982582], [-73.98245520747427, 40.742646959835284], [-73.98200875344462, 40.743264620675156], [-73.98155997061423, 40.74388188313589], [-73.98110859857756, 40.74449827888418], [-73.98065842673643, 40.74511582566109], [-73.98020971238012, 40.745733361871075], [-73.97972346468045, 40.74640287591651], [-73.97923826367756, 40.74706764236721], [-73.97878754706639, 40.747684362053086], [-73.97833821761334, 40.74830268218392], [-73.97788818228179, 40.748921335361615], [-73.97743506115525, 40.74953989517219], [-73.9769857070656, 40.75015695905982], [-73.97653485332258, 40.75077550667072], [-73.9760482489927, 40.75144139363115], [-73.97555800937599, 40.75211618280396], [-73.97510266118589, 40.752741379323666], [-73.97464798039817, 40.7533671216431], [-73.97418937119478, 40.75399351049741], [-73.97373410505928, 40.75461877260162], [-73.97327559771465, 40.75524353772244], [-73.97281967426925, 40.75587055103548], [-73.97236276045393, 40.75649772614328], [-73.971906760646, 40.757124673579746], [-73.97145048090145, 40.75774923184787], [-73.9709937072559, 40.75837332977261], [-73.97053417613, 40.75900064983407], [-73.97008100794466, 40.759624906142626], [-73.96962500214816, 40.76025143904291], [-73.9691324746202, 40.76092919000965], [-73.96864226160424, 40.76159996052606], [-73.96818687760091, 40.762226821815844], [-73.96772705897045, 40.76285165207214], [-73.96727126729687, 40.76348023758543], [-73.9668133724694, 40.76410529065741], [-73.9663592701276, 40.76473180177835], [-73.96590033935026, 40.76535728305025], [-73.96544434728493, 40.76598394298029], [-73.96498855119795, 40.7666089982126], [-73.96453120546869, 40.76723436628555], [-73.96430025139668, 40.76755212685414], [-73.96407630262779, 40.76786024653635], [-73.96361826405202, 40.768486637232364], [-73.96316179257981, 40.76911228813983], [-73.96270392624378, 40.76973878320488], [-73.96221105280235, 40.77042347345567], [-73.96170832767773, 40.77110558281827], [-73.96124473289285, 40.77173837352521], [-73.96078301158553, 40.77237298196365], [-73.96031982482673, 40.77300708370801], [-73.96009056893948, 40.773321841989514], [-73.95985681781565, 40.77364276848078], [-73.95939395625123, 40.77427796511493], [-73.95889591130548, 40.774960162535926], [-73.95839907643833, 40.77564206100852], [-73.95817447534881, 40.7759495373762], [-73.9579362461173, 40.776275666732005], [-73.95747128795885, 40.77691082762292], [-73.957009672567, 40.777545339465256], [-73.95654650822576, 40.77818010095709], [-73.95608218645667, 40.7788141306814], [-73.95558440502512, 40.779496799716924], [-73.95509307468048, 40.78017205791725], [-73.9546312760499, 40.78080040943434], [-73.95417676602685, 40.78142905910795], [-73.95371787744872, 40.78205557998923], [-73.95325927622989, 40.782682350343094], [-73.95280101014872, 40.78330882358789], [-73.95234095711969, 40.783937057396685], [-73.95188295687804, 40.784565210924825], [-73.95142582586588, 40.78519175824856], [-73.95092812745192, 40.78586537995237], [-73.95043455292974, 40.786540116935754], [-73.94998054165838, 40.787172711056456], [-73.9498820122382, 40.78730743904914], [-73.94982638453145, 40.787383504486556], [-73.94979277823866, 40.78742945682996], [-73.94975767280076, 40.78747745985117], [-73.94952092088373, 40.78780118648441], [-73.9490630805514, 40.788429543743774], [-73.94860467689013, 40.789055089312996], [-73.94814678269115, 40.789684793544836], [-73.94768749361721, 40.79031445924661], [-73.94722940806811, 40.79093947702819], [-73.94677198531195, 40.79156945499613], [-73.946279125179, 40.79224538512645], [-73.94578426434961, 40.79292144721646], [-73.94532414747135, 40.79355245356394], [-73.94517949454726, 40.793750112195404], [-73.94513083939546, 40.79381659548776], [-73.94509787549546, 40.7938616381202], [-73.94506820450766, 40.79390218071174], [-73.94486588614613, 40.79417863222309], [-73.94460877833428, 40.79453122945637], [-73.94454613709559, 40.7946171358632], [-73.94440664155029, 40.794808437543935], [-73.94394771046605, 40.79543553962938], [-73.94348324019818, 40.79607299286302], [-73.94337768119327, 40.796217871113164], [-73.94333038169961, 40.79628278741767], [-73.94328308329938, 40.79634770280214], [-73.94317885447602, 40.7964907544047], [-73.94313447769491, 40.796551661240606], [-73.9430401137461, 40.79668116955982], [-73.94300051287745, 40.796735522163246], [-73.94295425543406, 40.79679900792954], [-73.94290507714466, 40.79686650305608], [-73.94286154453722, 40.79692624765649], [-73.942836802272, 40.796960206743535], [-73.94277761933093, 40.79704143037426], [-73.94273240188708, 40.797103486571366], [-73.9426859398801, 40.79716725308085], [-73.94263694018672, 40.79723450054068], [-73.9425896404333, 40.79729941653141], [-73.94239855893471, 40.79756165748393], [-73.94234559027606, 40.79763435355726], [-73.94212011272103, 40.79794379812761], [-73.94161922726262, 40.79862363885396], [-73.941347609699, 40.798996079948964], [-73.94112621508584, 40.79929965423458], [-73.94066549983667, 40.79992996571475], [-73.94020613202476, 40.80055706121148], [-73.94010436302831, 40.80069624717887], [-73.94006052184533, 40.80075620754776], [-73.9397466821143, 40.801185433485536], [-73.9393325368171, 40.80175374011701], [-73.93928688818806, 40.80181637911644], [-73.93882902113043, 40.802444289195336], [-73.93837150162435, 40.803071468178956], [-73.93791384260233, 40.803699221532746], [-73.93741852777376, 40.80437467810967], [-73.93692774648065, 40.8050464078073], [-73.93647142687729, 40.80567022170554], [-73.93607525023096, 40.806214812430525], [-73.93601638767541, 40.80629572558668], [-73.93556209289736, 40.806917114552995], [-73.93510528651603, 40.80753984920441], [-73.93466427970446, 40.8081751276798]]]}",29141.5470503
"{'type': 'MultiLineString', 'coordinates': [[[-74.00109500513435, 40.73656323900545], [-74.00064726161699, 40.73722952799298], [-74.00018308850903, 40.73786493680236], [-73.99968422985532, 40.73855247306924], [-73.9994415308011, 40.73888819661818], [-73.99941181436667, 40.73892885978164], [-73.99918495834085, 40.739242836500225], [-73.99871270652048, 40.739880877632956], [-73.99828702297411, 40.74046982182262], [-73.99786128462112, 40.74105636904024], [-73.99743359709686, 40.74164257239966], [-73.99700719141387, 40.74222816181117], [-73.99658017692036, 40.742810912981014], [-73.99612901011935, 40.74343065453054], [-73.99564494028219, 40.74409853410892], [-73.99515394303617, 40.744759843003266], [-73.99494394167365, 40.74506029791626], [-73.99470867320771, 40.74538244627968], [-73.99426258645353, 40.74600398153966], [-73.99381275053499, 40.746617536329275], [-73.99335902221608, 40.74723522240855], [-73.99290928741131, 40.74785495104161], [-73.9924623984259, 40.748469734271666], [-73.99200552913474, 40.74910144453655], [-73.9915630059213, 40.74970592178229], [-73.99111010071259, 40.75031907014838], [-73.9906221998381, 40.750991753482175], [-73.99037292955933, 40.75133220246323], [-73.99033205836571, 40.751388024095895], [-73.99013379260678, 40.751658808281775], [-73.98969328136359, 40.75228026273482], [-73.98924341991618, 40.75289546416618], [-73.98878655070143, 40.75351677933833], [-73.98833572548162, 40.75413029307751], [-73.98789162897867, 40.75474939064039], [-73.98744642207124, 40.75537296092625], [-73.98694873854555, 40.75603590259453], [-73.98645825475452, 40.7567100712947], [-73.98601452410364, 40.75733934614775], [-73.98553726632602, 40.75797328414867], [-73.98504970040777, 40.75857362544373], [-73.98461925246458, 40.759199410623516], [-73.98417368705124, 40.75984159205442], [-73.98373015417644, 40.760457088237075], [-73.98326290994166, 40.76109361500129], [-73.98280727789141, 40.76171851603331], [-73.98235068991556, 40.76234309988424], [-73.98189428266197, 40.76296844732649], [-73.9814335201278, 40.76359436042068], [-73.98098064791802, 40.764222657453416], [-73.98052788778043, 40.76484349739509], [-73.98003575710818, 40.76552103342039], [-73.97954417344165, 40.76619741472943], [-73.97945641801643, 40.76632478709201], [-73.97907658814206, 40.76687608551519]]]}",12617.683532
"{'type': 'MultiLineString', 'coordinates': [[[-73.99605872737152, 40.71623163997675], [-73.99698375269494, 40.71654054291202], [-73.99776286027188, 40.716813928545456], [-73.99858925561153, 40.71709951139695], [-73.99931241740606, 40.717550241273955], [-73.99995620918698, 40.718017094711904], [-74.00053195572411, 40.71843023844431], [-74.00127273421457, 40.71896142540529], [-74.00140055753329, 40.719052619453336], [-74.0018840637214, 40.71939756995028], [-74.0026000196051, 40.719903425471905], [-74.00325955173008, 40.72037709480318], [-74.00351186461783, 40.72055635274289], [-74.00392928413028, 40.72085443495856], [-74.00463516281563, 40.7213536323093], [-74.00522716183141, 40.72174410210768], [-74.00530986180844, 40.72182419234037], [-74.00591289887628, 40.72225294954169], [-74.00629841745513, 40.72254950287382], [-74.00762904186819, 40.72349770377267], [-74.00791206090739, 40.723699767060594], [-74.00807835372015, 40.72382686239625], [-74.0083021633077, 40.72397780874708], [-74.00857091030221, 40.724169354383704], [-74.00864380595742, 40.724221316420596], [-74.00931760488216, 40.724701551338555], [-74.00973152399398, 40.724990370712774]], [[-74.00973152399398, 40.724990370712774], [-74.01007001170694, 40.72504434693944], [-74.0110561965174, 40.7251484093496], [-74.01117666145709, 40.72516942550719]], [[-74.00973152399398, 40.724990370712774], [-74.0100533854098, 40.72524445142007], [-74.010812383082, 40.72578980297249], [-74.01092277211367, 40.72579415101721], [-74.01102457993353, 40.725793861256086]]]}",5873.1987719
"{'type': 'MultiLineString', 'coordinates': [[[-73.99085041564692, 40.69279825095705], [-73.99097186984802, 40.69254880045717], [-73.99144825450612, 40.6915965803686], [-73.99174170643154, 40.69099263667976], [-73.99205271460126, 40.69034545076756], [-73.99236367034456, 40.6896901233194], [-73.99262286067052, 40.68916054835767], [-73.99268552761036, 40.68903324678815], [-73.99292889072623, 40.688519421867255], [-73.99300451688025, 40.68836463543908], [-73.99326829990889, 40.687824451166996], [-73.99333822980499, 40.687678797180624], [-73.99360423252736, 40.68712722972988], [-73.9937873700593, 40.68675596702164], [-73.99392929631956, 40.68645287072014], [-73.9940914769733, 40.686113439547725], [-73.99425367929143, 40.68577799740925], [-73.99440802429966, 40.685452496318476], [-73.9945780677693, 40.685100142427494], [-73.99490113598027, 40.68443023795353], [-73.99523240743919, 40.683740791705276], [-73.9955574274719, 40.683068535016126], [-73.99588110316833, 40.68239495354977], [-73.99620846283383, 40.68172342441106], [-73.9965279729837, 40.68106004370304], [-73.99688644427252, 40.680315454735116], [-73.9972825251326, 40.67950194911069], [-73.99767157050046, 40.67868177809289], [-73.99806763214592, 40.677866018317395], [-73.99841787076737, 40.67713182509477], [-73.99872819469992, 40.676488708366385], [-73.99903910288641, 40.67584367265932], [-73.99935169641098, 40.675200563173135], [-73.99966066466055, 40.674554355005725], [-73.99983041605323, 40.67419732821649], [-73.99989521966107, 40.674044223636685], [-73.99994759219895, 40.6739319717764], [-73.99998793596417, 40.67384795553838], [-74.00007605086648, 40.67368667327343], [-74.00028206046679, 40.67326334983112], [-74.00059452345103, 40.672618489769285], [-74.0008992454414, 40.67197618633288], [-74.00121990408633, 40.67131290977158], [-74.00151973840572, 40.67069579926156], [-74.0018319796415, 40.67004200433146], [-74.00215361301109, 40.669374175594484], [-74.00246740052218, 40.66875038218525]], [[-73.99085041564692, 40.69279825095705], [-73.99085780588877, 40.69274160928176], [-73.99084921296641, 40.69268239086887], [-73.99082352427008, 40.69262461191368], [-73.99078196967183, 40.6925724598885], [-73.99072796783827, 40.69252933899066], [-73.99066626266715, 40.6924971766853]], [[-73.9904528662366, 40.69372058427325], [-73.99058794407398, 40.693391378715134], [-73.9906218917379, 40.693308644166585], [-73.9906780263894, 40.69317183650905], [-73.990728960537, 40.693047701320886], [-73.99085041564692, 40.69279825095705]]]}",9818.31836077
"{'type': 'MultiLineString', 'coordinates': [[[-74.02383510753327, 40.645919003120696], [-74.02159802553862, 40.644598051872826], [-74.01945720564981, 40.64331988643934], [-74.01938695624736, 40.64327100106492], [-74.01928031579844, 40.64321268252228], [-74.01923942154328, 40.643182473382566], [-74.01921496352331, 40.643164405871964], [-74.0191827279362, 40.643142818627496], [-74.0191334690953, 40.64311481171143], [-74.01904054430459, 40.64306204776076], [-74.01729192035891, 40.64202171297029], [-74.01723502456386, 40.64198735773162], [-74.0171748181879, 40.6419510038084], [-74.01497963708033, 40.640625468447816], [-74.01277537960016, 40.63929563255558], [-74.01057235645725, 40.6379646635841], [-74.00837574812256, 40.63663655772756], [-74.00616926901276, 40.63530350152399], [-74.00410651635896, 40.63406012097001], [-74.00398960762743, 40.63398956941333], [-74.00176327043158, 40.63264510494374], [-73.99956055644105, 40.63131492452844], [-73.9973586039197, 40.62998632267636], [-73.99611483134323, 40.629232408435854], [-73.995160840615, 40.628655301267266], [-73.9929597962484, 40.627326398700895], [-73.9907559793045, 40.62599758865914], [-73.99014014366617, 40.625625343609705]]]}",11921.8896634
"{'type': 'MultiLineString', 'coordinates': [[[-73.89324041913939, 40.76235410372966], [-73.89289875514133, 40.760532911177], [-73.89252847594285, 40.7585500226592], [-73.89226101208803, 40.75699006104465], [-73.89188066383004, 40.754873317757486], [-73.89155178802983, 40.75308442330961], [-73.89154495785648, 40.753047289906384], [-73.89153637689665, 40.75300034744022], [-73.89139354049145, 40.752218582373665], [-73.89138316404058, 40.75216180466773], [-73.89126408581481, 40.75151004985296], [-73.89118939533951, 40.75110125743425], [-73.8908189231797, 40.74906070908623], [-73.89089220050664, 40.74899204283872], [-73.8905850251405, 40.74739111934499], [-73.89057569156323, 40.74734259926509], [-73.89050129262995, 40.746941938904], [-73.89036559840815, 40.74623080542652], [-73.89034479289839, 40.74612408452652], [-73.89018492571235, 40.74530430854637], [-73.8897915988319, 40.74326118581737]]]}",7031.80016948
"{'type': 'MultiLineString', 'coordinates': [[[-73.87841925060494, 40.83999459028812], [-73.87836843304241, 40.839944277433226], [-73.87829541311334, 40.83987198168086], [-73.87798519232086, 40.83956483846398]], [[-73.87841925060494, 40.83999459028812], [-73.8783100908854, 40.83998935046028], [-73.87823856816382, 40.839985917937], [-73.87791380417389, 40.83997032747412], [-73.87738740253033, 40.84000363487356], [-73.87561285229495, 40.839902520167264], [-73.87359713697296, 40.83979855580672], [-73.87283453865233, 40.83975486303383], [-73.87277204706116, 40.83975128219165], [-73.87272718450967, 40.839748944541235], [-73.87120605887189, 40.839674622167486], [-73.8703826447878, 40.839627553947686], [-73.87027638577246, 40.8396214786186], [-73.87018178174762, 40.83961807546959], [-73.87006525091586, 40.839613883024334], [-73.86955862112613, 40.839595652487354], [-73.869207668741, 40.83960004658517], [-73.86874073540669, 40.83982457579218], [-73.86830846901341, 40.83999521389076], [-73.86782258126011, 40.8401664985209], [-73.86740207111367, 40.84029027506508], [-73.86724818914016, 40.84034380353424], [-73.86636130848116, 40.84059268543393], [-73.86546450243658, 40.8408568915545], [-73.8644801175509, 40.841087797420776], [-73.86436922180167, 40.841109017789684], [-73.8636393811975, 40.84126527459038], [-73.8635801409831, 40.84127795643824], [-73.86347232433681, 40.84130593239197], [-73.86176166547203, 40.84151272036666], [-73.86162833481731, 40.841527858989735], [-73.86045627475761, 40.84166166518512], [-73.86018491910366, 40.84168908980946], [-73.85972452335011, 40.84174401927006], [-73.8591959371871, 40.8418040325083], [-73.85835669137963, 40.84189928580161], [-73.85753942600238, 40.841989396706495], [-73.85719248062762, 40.842027647504075], [-73.85694101565761, 40.84205714044893], [-73.85618402197373, 40.84214591712178], [-73.85553579831583, 40.84221948969282], [-73.8551967542269, 40.84225799292096], [-73.85420745877671, 40.84237073848258], [-73.8534974664836, 40.84245166679712], [-73.85333525040467, 40.84247015490821], [-73.85231153248228, 40.842586994418276], [-73.8517988668378, 40.842647632600325], [-73.85120896845106, 40.842715121619065], [-73.85088863313102, 40.84275300597312], [-73.85052278170429, 40.84278948962697], [-73.84999194363559, 40.84285162796956], [-73.84939158441424, 40.84291857090446], [-73.8493336106827, 40.84292464466797], [-73.84854530685041, 40.84300722406973], [-73.84806345454302, 40.84306799867041], [-73.84777001613573, 40.843102694127126], [-73.84742582479562, 40.84314339014584], [-73.84701292491629, 40.84318156449584], [-73.84689653215007, 40.84318586750942], [-73.84677814071188, 40.8431775788429], [-73.84666132062259, 40.84315635114267], [-73.84654969929198, 40.843122659297], [-73.8464465822823, 40.843077704477835], [-73.846354657079, 40.84302331829064], [-73.8459341432104, 40.842765189039476], [-73.84480725544303, 40.84229316112469], [-73.84443096643942, 40.84214193219476]], [[-73.87981901176249, 40.84013247941923], [-73.87865983197669, 40.84001990438235], [-73.87850461332827, 40.84000559422499], [-73.87841925060494, 40.83999459028812]], [[-73.88009961373538, 40.84023045614544], [-73.87981901176249, 40.84013247941923]], [[-73.84368579129055, 40.84177089000868], [-73.84353837253992, 40.841665696989345], [-73.84344244430359, 40.841588956362635], [-73.84334487558311, 40.84151156236937], [-73.84285241895303, 40.84113328994055], [-73.84204144680047, 40.84064589712787], [-73.84192593508759, 40.84062146064547], [-73.84188621210366, 40.840613057714], [-73.84188596322535, 40.84061300604463], [-73.84188571193283, 40.84061297238187], [-73.84172602324456, 40.84059184118064], [-73.84172577195434, 40.84059180661704], [-73.84172552180269, 40.84059179186586], [-73.84159187687698, 40.840584380129435], [-73.84136309394239, 40.84058968838784], [-73.84124053008267, 40.84060145400952], [-73.8393679431647, 40.84088297281357], [-73.83880813288725, 40.84076703388499], [-73.83849424707323, 40.84069921979341], [-73.83839056275275, 40.840676813437426], [-73.8383052500056, 40.84064271910932], [-73.83821037078143, 40.84060479770446], [-73.83812376231336, 40.840570180938], [-73.8376212427669, 40.840283566617906], [-73.83729762424264, 40.84002243625151], [-73.83692419586106, 40.83970558216721], [-73.83678051704506, 40.83958572838539], [-73.83628301020325, 40.83917070828777], [-73.83580596733769, 40.83878309739169], [-73.83566720794056, 40.83867157968093], [-73.83500748139382, 40.838107216073766], [-73.83474513681377, 40.83788371670419], [-73.83451641373115, 40.83760534286833], [-73.83380623286587, 40.83664279086854], [-73.83373331338726, 40.83646807881709], [-73.83373328982971, 40.836468016648965], [-73.83363880960029, 40.83629623697855], [-73.83363873757132, 40.836296118909765], [-73.83363866670096, 40.83629601164858], [-73.83352283135562, 40.836129387926285], [-73.83352277229916, 40.83612929779151], [-73.83352270136383, 40.83612921664451], [-73.8333863141125, 40.8359699561804], [-73.83338620651536, 40.83596983806004], [-73.83338608822042, 40.83596973073023], [-73.83323046923788, 40.83582001455967], [-73.8332303628043, 40.83581990544582], [-73.83323023263102, 40.83581980710357], [-73.8330572160982, 40.835681546854815], [-73.83305709778398, 40.835681447629035], [-73.83305695692029, 40.835681357375584], [-73.83286886126633, 40.83555624025733], [-73.83286868371887, 40.83555612203511], [-73.83286848243175, 40.83555601458448], [-73.83266797432513, 40.835445368120894], [-73.83266773751751, 40.835445241707994], [-73.83266747697478, 40.83544512426556], [-73.83245726928887, 40.835349798799434], [-73.83245710229762, 40.83534972651719], [-73.83245691278184, 40.83534965330176], [-73.83223971704219, 40.8352700768587], [-73.83074238768744, 40.834959388365355], [-73.82992123537359, 40.834757018617], [-73.82975317611155, 40.83470537036409], [-73.82959171114757, 40.83463904452325], [-73.82944008700973, 40.83455887437883], [-73.82930131161491, 40.83446626018942], [-73.82917786999528, 40.83436305980234], [-73.8290716178355, 40.834251493937735], [-73.82863587673346, 40.833720239132084], [-73.82855263801946, 40.83359061510287], [-73.82835573117227, 40.83328397349176], [-73.82830296106607, 40.83317812268297], [-73.82827643452896, 40.833124917003815], [-73.8282460393154, 40.83306396309189], [-73.82818976647992, 40.8329511011512], [-73.82767626155253, 40.8323579706806], [-73.82711261948783, 40.831682016100615], [-73.82651836560228, 40.83100126701156], [-73.82598126271456, 40.830416792049654], [-73.8252946028856, 40.829688801030265], [-73.82470296831843, 40.82905316115682], [-73.82415670848252, 40.8284694919959], [-73.82357848660858, 40.82786750830587], [-73.82236220506392, 40.82679782372263], [-73.82167608568011, 40.82620207646081], [-73.8209771130853, 40.82559390523757], [-73.82085176201602, 40.825479473479696], [-73.82074066463984, 40.825355572499085], [-73.82064557933049, 40.825223816961554], [-73.82056781690974, 40.825086045960546], [-73.8205082160262, 40.82494422392058], [-73.82021247231773, 40.82435231647823], [-73.81947268406113, 40.82283925219056], [-73.81924774591353, 40.82244980823553], [-73.81917147952176, 40.822317761228646], [-73.81910484688436, 40.82220847315556], [-73.81888919217269, 40.82185475946536], [-73.81808489460234, 40.82048111730285], [-73.81764699089868, 40.81974370012992], [-73.81723415674085, 40.81904531340798], [-73.81637122691153, 40.8175952654508], [-73.81600360767129, 40.816864753205984], [-73.81562019574555, 40.816082804957475], [-73.81521372542292, 40.81526403388502], [-73.81488719936668, 40.814576672494105]], [[-73.84443096643942, 40.84214193219476], [-73.84396081747849, 40.841950993866035], [-73.84368579129055, 40.84177089000868]], [[-73.84443096643942, 40.84214193219476], [-73.84442226843896, 40.84219895237022], [-73.8443733534833, 40.842370985251996]], [[-73.84405575362013, 40.842242017045805], [-73.8438391585146, 40.842052738167325], [-73.84367462932892, 40.841870040925045], [-73.84368579129055, 40.84177089000868]], [[-73.90096123415788, 40.847700853403154], [-73.89967056102479, 40.847438023390005], [-73.89949972902956, 40.84736651063854], [-73.89931226817806, 40.84728261034987], [-73.89806071056394, 40.84702799541489], [-73.89704292366157, 40.8468277773283], [-73.89617713076471, 40.8466583201154], [-73.89535848977951, 40.8465180310231], [-73.89433599303916, 40.84648668029501], [-73.89409301421279, 40.84648822243563], [-73.89384986068623, 40.846474392490094], [-73.89360906543925, 40.846445256728266], [-73.89337309809605, 40.84640119295286], [-73.89290102292406, 40.84626832913384], [-73.89223759834194, 40.84596537075871], [-73.89199778219385, 40.84583870825027], [-73.89178407841911, 40.845735410518984], [-73.89112403188706, 40.845410008583045], [-73.890095178973, 40.84490153297274], [-73.88901705204911, 40.84436969596205], [-73.88792005465538, 40.84382979897462], [-73.8868429467063, 40.84329792449183], [-73.88565994491499, 40.8427104096302], [-73.88529784407051, 40.8425353813777], [-73.88474676870112, 40.842266539889025], [-73.88387704432972, 40.84183281736919], [-73.88278756094533, 40.84129518317995], [-73.88151103319142, 40.84066578531481], [-73.88049793460944, 40.84016780161857], [-73.88032573908168, 40.84012071544866], [-73.88019129457324, 40.8400834124864], [-73.87981901176249, 40.84013247941923]], [[-73.9021021013745, 40.8483967868812], [-73.90198146636672, 40.84805807313939], [-73.9016544558691, 40.84777666913737], [-73.90112444128165, 40.84766382557712], [-73.90096123415788, 40.847700853403154]], [[-73.9021021013745, 40.8483967868812], [-73.90204707905686, 40.8483724448857], [-73.90199885052562, 40.84833926579929], [-73.90196081994769, 40.84829915256274], [-73.9019351046659, 40.84825491652265], [-73.90189362716482, 40.84820658153776], [-73.90183732647276, 40.84816393224134], [-73.90176867079786, 40.84813068884734], [-73.9016921362551, 40.848109573735506], [-73.9016133007046, 40.84810162721418], [-73.90155928706092, 40.84810354060535], [-73.901522113849, 40.848098944280345], [-73.90143974310027, 40.84809994101585], [-73.9014097266948, 40.84809522289928], [-73.90138010230604, 40.848089245320935], [-73.90135096122205, 40.84808202456811], [-73.90132239471866, 40.84807358503248], [-73.90129449051402, 40.84806395110284], [-73.90126733513092, 40.84805315347049], [-73.90124101271488, 40.84804122642664], [-73.90121560503832, 40.848028205161164], [-73.90119119030642, 40.8480141311643], [-73.90116784434973, 40.84799904772523], [-73.90114563943713, 40.84798300083167], [-73.90112464427166, 40.847966041871246], [-73.90110492399857, 40.84794822222854], [-73.90108653901412, 40.847929596886004], [-73.90099991661634, 40.84785051155766], [-73.90096123415788, 40.847700853403154]], [[-73.9021021013745, 40.8483967868812], [-73.90242975583425, 40.84852550172329], [-73.90328062698345, 40.84869243115803], [-73.90337987858113, 40.84871226213024], [-73.90386986297588, 40.84880408047261], [-73.90397251692538, 40.84882489620668], [-73.90566625004143, 40.849169120140054], [-73.90574372364485, 40.849227237307616], [-73.905858598631, 40.84932808719663], [-73.90600085737258, 40.849453021340295], [-73.90612533809369, 40.84957114032209], [-73.90668939634189, 40.85009857500187], [-73.9069463457318, 40.85034214956249], [-73.9069847240779, 40.850382486541186], [-73.90764756851749, 40.8508595865148], [-73.90777854988896, 40.85093842852051], [-73.90784824299496, 40.85098037690324], [-73.90841097623267, 40.85131909486421], [-73.9092154560323, 40.85180094463432], [-73.90935818835119, 40.85186534298395], [-73.90935833057542, 40.85186540613014], [-73.909358460965, 40.85186545125717], [-73.90951189548474, 40.851917512080625], [-73.90951214441739, 40.851917593320145], [-73.9095124170929, 40.85191765656846], [-73.90967383988136, 40.8519559909407], [-73.9096740414265, 40.85195603612309], [-73.9096742429961, 40.851956063295674], [-73.9098404650756, 40.85197975919455], [-73.90984074964751, 40.851979795436634], [-73.90984103424383, 40.85197981366889], [-73.91000855750889, 40.851988526158095], [-73.9100088302461, 40.85198854438067], [-73.91000910301983, 40.851988535588525], [-73.91017483171777, 40.85198255040955], [-73.91077673469154, 40.851938758326], [-73.9109790363387, 40.85189691567208], [-73.9109791431075, 40.85189688873973], [-73.91097924987629, 40.85189686180736], [-73.91117641716266, 40.85183745525405], [-73.91117661885276, 40.851837392374904], [-73.91117682056691, 40.851837311485944], [-73.91136504454572, 40.85176095947174], [-73.91136521065793, 40.85176089656493], [-73.91136536493498, 40.85176081563918], [-73.91142673269412, 40.85172867198941], [-73.91154101487143, 40.85166881213185], [-73.91154121662055, 40.851668704227514], [-73.91154139466337, 40.85166858730009], [-73.9117012541407, 40.851562829932334], [-73.91170139658166, 40.851562730987254], [-73.91170153904655, 40.85156261403237], [-73.91184319767163, 40.8514453432523], [-73.91195410635625, 40.851327175354406], [-73.91204819936955, 40.85119936826973], [-73.91212345787659, 40.85106408168179], [-73.91217852680604, 40.850923763933324], [-73.91221277432423, 40.85078100798909], [-73.91225907977426, 40.8506671129674], [-73.91225910355158, 40.85066706796088], [-73.9122591273289, 40.85066702295436], [-73.9123236321094, 40.850556167398544], [-73.91232369152281, 40.85055607739447], [-73.91232375092434, 40.850555996395336], [-73.91240577561457, 40.85045074616148], [-73.91240593004147, 40.85045054817047], [-73.91240610816251, 40.85045036820732], [-73.91250435715268, 40.850352946490894], [-73.91250446402499, 40.85035283851291], [-73.91250459578914, 40.8503527395587], [-73.91261710859666, 40.85026508089171], [-73.912617179821, 40.85026502691614], [-73.91261726290422, 40.850264972949546], [-73.91274133580201, 40.85018880419046], [-73.91274143075573, 40.85018874122784], [-73.91274154941539, 40.850188687288075], [-73.91287421514542, 40.850125059734665], [-73.91415552129496, 40.84996747068533], [-73.91443421667569, 40.85004079769841], [-73.91443434707672, 40.850040833814816], [-73.91443446560734, 40.85004087892734], [-73.91470601287851, 40.850131003162566], [-73.91496768559301, 40.85023720226677], [-73.91496786338423, 40.850237274437184], [-73.91496802930504, 40.85023735560377], [-73.91521723188285, 40.85035854714439], [-73.91521751632449, 40.85035868242725], [-73.91521778888311, 40.85035883661169], [-73.9153393013085, 40.85042871308385], [-73.91542656709935, 40.850478565297735], [-73.91553047012951, 40.85054788025593], [-73.91559160850728, 40.85059029315555], [-73.91571608335259, 40.850700082100346], [-73.91571614256756, 40.850700145178045], [-73.915823016379, 40.850821429431576], [-73.91590974266038, 40.85095164978878], [-73.91590976632149, 40.85095169483063], [-73.91590978998259, 40.85095173987246], [-73.91597464102928, 40.85108788837725], [-73.91597467651654, 40.85108795954198], [-73.91597470013224, 40.851088040603436], [-73.91601706296709, 40.85122709839735], [-73.91597962646425, 40.85130953818518], [-73.91595915311964, 40.85139761839282], [-73.9159574376796, 40.851488207525314], [-73.91597492340249, 40.85157782730622], [-73.91601055919634, 40.8516630758039], [-73.91606202441231, 40.851741032819156]], [[-73.91564905264792, 40.85165688680671], [-73.91606202441231, 40.851741032819156]], [[-73.91606202441231, 40.851741032819156], [-73.91644738360131, 40.85190503998298], [-73.91740667163354, 40.852145630778125], [-73.91796823607184, 40.85278519145235], [-73.91806445970961, 40.8528666867892], [-73.91825427645998, 40.85302744843842]]]}",37883.8597202
"{'type': 'MultiLineString', 'coordinates': [[[-73.91649247828875, 40.74291220850118], [-73.91616770928725, 40.74304009043618], [-73.91584692367294, 40.743138495358856], [-73.91483728005798, 40.74345475878526], [-73.91382910564981, 40.74377194197539], [-73.91247980406226, 40.74416659840191], [-73.91150870811305, 40.744470705066], [-73.9105446733645, 40.74475604245234], [-73.90958711354479, 40.74494052905836], [-73.90863842985716, 40.74510506941239], [-73.90840647809245, 40.74515169894788], [-73.90764541269577, 40.745287689116545], [-73.90752222389044, 40.745308745883825], [-73.9073455147199, 40.745346902430015], [-73.90716462838915, 40.745374663486636], [-73.90698118754078, 40.74539170616203], [-73.9067968383045, 40.745397851674674], [-73.90661325015355, 40.74539316440931], [-73.90557924484605, 40.74539135783827], [-73.90444868954837, 40.745475415327796], [-73.90338891983644, 40.74559523522955], [-73.90270442260832, 40.745683872271144], [-73.9021169343471, 40.74573085823104], [-73.90109616402133, 40.7458301135895], [-73.90005453620888, 40.74594045406253], [-73.8990298415816, 40.74604831456281], [-73.89846031168004, 40.74610773361832], [-73.89810985199867, 40.74614429988739], [-73.89722417944934, 40.74623776906149], [-73.89632482220117, 40.74633467705608], [-73.89542057735203, 40.74642832276093], [-73.89502451897881, 40.746470275493365], [-73.89492567395754, 40.746482242251005], [-73.89482564634052, 40.74649251939322], [-73.89473981223655, 40.74650328398798], [-73.89444688838013, 40.74653527027783], [-73.89358819005336, 40.746620460553764], [-73.89232090527291, 40.74675274690888], [-73.89175048901487, 40.746811726733924], [-73.89143128662529, 40.74684473604939], [-73.89050129262995, 40.746941938904], [-73.88957128421472, 40.74703905319131], [-73.88867766224224, 40.74713427706419], [-73.88778326903532, 40.747228925934245], [-73.8876466375902, 40.7472448388718], [-73.88671656237771, 40.74734146268449], [-73.88578740516296, 40.747439753941066], [-73.88485538535316, 40.74753481102646], [-73.8839357948883, 40.74763024230478], [-73.88299918326646, 40.74773440188229], [-73.88256876986529, 40.74777784557155], [-73.88207112111587, 40.747829925835546], [-73.8811374760359, 40.747927293396685], [-73.88020647995937, 40.74802497942842], [-73.87983894912949, 40.74806172359884], [-73.87927779933587, 40.748124092169576], [-73.87845779376075, 40.7482148104652], [-73.87834312551443, 40.74822265979536], [-73.87741612513935, 40.74831937296024], [-73.87692458266665, 40.74836898901241], [-73.8764795304432, 40.7484164015651], [-73.87625180240522, 40.74843884990316], [-73.87555643117996, 40.74851360823338], [-73.87543236128461, 40.74852735903871], [-73.87462946324501, 40.748613928054006], [-73.87398293747721, 40.74868566831855], [-73.87370098289702, 40.7487173184919], [-73.87330310066463, 40.74875812474456], [-73.87277356829075, 40.74881295826334], [-73.87237256316602, 40.748851551610514], [-73.87184095867816, 40.7489055770954], [-73.87135648513343, 40.748956950354206], [-73.87037881236742, 40.74906407811684], [-73.86973913795391, 40.74912627040864], [-73.86942458590592, 40.74915685117135], [-73.86845757605887, 40.749263820730924], [-73.86751412864417, 40.74937570713624], [-73.86655661175509, 40.749464148228185], [-73.86418475846524, 40.74971958735288], [-73.8627263385658, 40.74986793698594], [-73.86175071425981, 40.749967590903694], [-73.86111707709806, 40.75002422786474], [-73.8587632499654, 40.750716971407975], [-73.85583495604043, 40.75157727205279], [-73.85455552211293, 40.75196191810153], [-73.85260432606522, 40.752541966794944], [-73.85220450619978, 40.75266068160645], [-73.85212221157822, 40.752685519128065], [-73.85203991689328, 40.7527103574913], [-73.85189746331758, 40.75275285934958], [-73.85126522417326, 40.75294147535439], [-73.851195904673, 40.752962160520795], [-73.8511420484515, 40.75297835318945], [-73.8506793579657, 40.75311741484402], [-73.8501608607683, 40.75327219875131], [-73.84954093039354, 40.753457261597624], [-73.84635653966365, 40.75440778186131], [-73.84562646536713, 40.754625688353585], [-73.84409257224281, 40.75508313490759], [-73.84324381424452, 40.75533680302751], [-73.8425336070652, 40.75554469881235], [-73.84183146768375, 40.75576926787392], [-73.84113839102855, 40.75601024428034], [-73.84045537222373, 40.756267296384934], [-73.8397833592023, 40.75654003666483], [-73.83912329998266, 40.75682806140733]]]}",22201.8838655
"{'type': 'MultiLineString', 'coordinates': [[[-73.87660305159541, 40.68024458655953], [-73.87657495304629, 40.68016700135064], [-73.87609876022586, 40.678247752546774], [-73.87589560340245, 40.67743072103039], [-73.8755881063308, 40.67618862295941], [-73.87527450789567, 40.67491882639227], [-73.87495739485487, 40.67365069990272], [-73.87462484653975, 40.67238934540434], [-73.87459926156224, 40.67229006353626], [-73.87454100231373, 40.672063983982426], [-73.87452517241454, 40.67200255602132], [-73.87448530541701, 40.671847859692626], [-73.87447184385567, 40.67179562677523], [-73.87443350348809, 40.67164685118295], [-73.87441901111534, 40.6715906188411], [-73.87440981294583, 40.671554924946086], [-73.87433492228875, 40.67126432313339], [-73.8742963230504, 40.6711145413259], [-73.87428791518826, 40.671081916341336], [-73.87423134640392, 40.67086239690287], [-73.87414910672256, 40.67054052098339], [-73.87413027614596, 40.67046829158236], [-73.8740817916339, 40.67026342149228], [-73.87406264572353, 40.67019103684369], [-73.87400932826873, 40.66997912929297], [-73.87399156312414, 40.669904647938914], [-73.87391639247592, 40.66959518326922], [-73.87387810620976, 40.66944726570152], [-73.87379547269734, 40.66933097604349], [-73.87373735049917, 40.66925146690671], [-73.87346268930564, 40.66888661445441], [-73.87342739881059, 40.668839735267305], [-73.87336453077174, 40.66875622242172], [-73.87333012281803, 40.66871051664784], [-73.87326631363577, 40.66862575279381], [-73.87322370943383, 40.66856788908936], [-73.87316965951834, 40.66849448154206], [-73.87311147401006, 40.668415456487644], [-73.87307498398262, 40.66836589772997], [-73.87302937919426, 40.66830395850494], [-73.87299882623743, 40.668262463196555], [-73.87295431036307, 40.66820200289067], [-73.87291333926807, 40.66814635704259], [-73.8728231353915, 40.66802384383631], [-73.87270712082565, 40.667871435466914], [-73.87267060589534, 40.66782346416038], [-73.87250466315739, 40.66760546251048], [-73.87244744279081, 40.66753029149052], [-73.87241883324805, 40.66749270551996], [-73.87238290030841, 40.66744550020408], [-73.87235347214227, 40.66740683989286], [-73.87231826833559, 40.66736059081341], [-73.87228419823866, 40.6673158324361], [-73.87216548352686, 40.667159870670446], [-73.87212953443036, 40.667112643642824], [-73.87193029239008, 40.66685088673861], [-73.87187195619077, 40.666774246339685], [-73.87182050927116, 40.66670665927747], [-73.87178992609336, 40.66665089491695], [-73.87173060311483, 40.666572213674], [-73.87170499485593, 40.66654069764862], [-73.87167822095279, 40.66650774489344], [-73.8716299281797, 40.66644830733646], [-73.87161175673033, 40.66642396409968], [-73.87056885826128, 40.66502672415278], [-73.86955019494049, 40.663634535848416], [-73.86948500854729, 40.663545392660986], [-73.86836660914157, 40.66201436469554], [-73.8681635431912, 40.66172687612483], [-73.86718069478319, 40.66045225177513], [-73.86711199730942, 40.66036041870585], [-73.86645466496032, 40.65948178700814], [-73.86602563876488, 40.65890830765705], [-73.86599116834124, 40.65886223304035], [-73.86595630738864, 40.65881515838328], [-73.86544123410981, 40.65811957704932], [-73.86477756674434, 40.65722330224119], [-73.86433177057899, 40.65662881280377], [-73.86429656246152, 40.65657044652553], [-73.86425924572553, 40.65651284678999], [-73.86421984748524, 40.656456055951395], [-73.86417839958256, 40.65640011727005], [-73.86413493149026, 40.65634507580454], [-73.86408947741981, 40.656290972116246], [-73.86404207276111, 40.656237848569056], [-73.8639927540896, 40.65618574572707], [-73.8639415579824, 40.656134703254004], [-73.86388852574565, 40.656084760818935], [-73.8638336963223, 40.656035957187754], [-73.86377711339001, 40.65598832843037], [-73.86371881825922, 40.65594191151439], [-73.86365885815229, 40.65589674341441], [-73.86308736341931, 40.65561431048441], [-73.86293353542456, 40.65555658056888], [-73.86278649520136, 40.65545555713356], [-73.86262255493855, 40.65536719712178], [-73.8624447025864, 40.6552938003563], [-73.8622566011378, 40.65523712536896], [-73.86206237978311, 40.6551981793387], [-73.86186627207353, 40.655177233872635], [-73.86086853781534, 40.65507780548836]]]}",10552.1124669
"{'type': 'MultiLineString', 'coordinates': [[[-73.94850599420326, 40.70422134076885], [-73.94816817813883, 40.70391445682591], [-73.94753858094106, 40.703350649303644], [-73.94690741098215, 40.70278411802022], [-73.94627613100786, 40.70222058278342], [-73.94564493425158, 40.70165514219618], [-73.94501430292627, 40.701091392234765], [-73.9444027767435, 40.70054518097492], [-73.94438788591083, 40.700424523155014], [-73.94424286118762, 40.699699279473165], [-73.94409591309494, 40.6989729548911], [-73.94394947225707, 40.69822127907216], [-73.9439175018326, 40.69805620226132], [-73.9438038324644, 40.697469264791586], [-73.94378455614611, 40.69736972892786], [-73.94374306683774, 40.69715549922397], [-73.94372453521282, 40.697059811600525], [-73.94368427261597, 40.69685190946837], [-73.94363806955128, 40.6966133176376], [-73.94362121336043, 40.69652627933493], [-73.94355634178292, 40.6961912829322], [-73.94354024208641, 40.69610814150246], [-73.94352527447451, 40.69603085485835], [-73.94338802049802, 40.695288990029745], [-73.9432424907453, 40.69455748578852], [-73.94312826838492, 40.693967037812996], [-73.94311427828909, 40.6938947197071], [-73.94310040954792, 40.69382302931645], [-73.94295136116226, 40.693090784407836], [-73.94285264938776, 40.69258730088458], [-73.94280765238646, 40.692357794464705], [-73.94266181764303, 40.69162434395191], [-73.94251587867814, 40.69089200076442], [-73.94236932748902, 40.690159944280126], [-73.94222203531295, 40.689427979020756], [-73.94207684874128, 40.68869720234149], [-73.9419324515191, 40.687962958831484], [-73.94178527538341, 40.68722837147054], [-73.94163933210223, 40.6864972694663], [-73.9414949171168, 40.685764529050694], [-73.94134827240866, 40.685031201915116], [-73.94120399270486, 40.68429983885361], [-73.94105783791491, 40.68356687166783], [-73.94091334266993, 40.68283361691614], [-73.9407689329816, 40.68210083923178], [-73.94062005331384, 40.681370130175104], [-73.94047635057427, 40.68063569540684], [-73.94032793911947, 40.679889974502125]], [[-73.9485496280526, 40.70450043066846], [-73.9485934080649, 40.70440324719272], [-73.94859561097893, 40.70439606929703], [-73.94859719155248, 40.70438879656961], [-73.94859814502756, 40.70438146142684], [-73.94859846664694, 40.7043740953845], [-73.9485981540213, 40.704366728158405], [-73.94859721067576, 40.70435939216854], [-73.94859563895275, 40.70435211893388], [-73.94859344711203, 40.70434493907546], [-73.94859064222914, 40.704337884114295], [-73.94850599420326, 40.70422134076885]], [[-73.94925335667584, 40.7048959308286], [-73.94879160535547, 40.70448323794346], [-73.94850599420326, 40.70422134076885]]]}",9798.68504886
"{'type': 'MultiLineString', 'coordinates': [[[-73.96854135556394, 40.748215820519945], [-73.96969090256862, 40.74873336241293], [-73.9697900506058, 40.748774964830524], [-73.96984501477525, 40.74880065266448], [-73.969899756123, 40.74882690773276], [-73.96998692139951, 40.74886871396466], [-73.97041171607081, 40.74907244632099], [-73.97220372205464, 40.74982300527619], [-73.97348599525675, 40.75036171110774], [-73.97444451615814, 40.75076469254376], [-73.9760482489927, 40.75144139363115], [-73.97651587152055, 40.751636471936905], [-73.97685152366769, 40.75177649378633], [-73.97710781103164, 40.75188340622328], [-73.9775428501077, 40.75206355608809], [-73.97767660520798, 40.752118937074904], [-73.97779152186367, 40.75216759560224], [-73.9783487707991, 40.75241012953338], [-73.97877156323344, 40.75258606797918], [-73.97928686269994, 40.75280049654355], [-73.98088709868159, 40.7534809889813], [-73.9841175481989, 40.754842052465], [-73.98640436719195, 40.75580802892451], [-73.98694873854555, 40.75603590259453], [-73.98841835545062, 40.756654985918], [-73.98979085374066, 40.7572331319248], [-73.99263301195548, 40.75842968668121], [-73.99393650662832, 40.758979268725156], [-73.99507373580249, 40.759458113248876], [-73.99547450245583, 40.75962685635896], [-73.99623223156132, 40.75994603150059], [-73.99831211235404, 40.760822069122504], [-73.99939320935557, 40.76127707600873], [-74.00103587530883, 40.76196835149206], [-74.0011505419352, 40.76202581158958]]]}",10341.5809204
"{'type': 'MultiLineString', 'coordinates': [[[-73.98386638855385, 40.64098874267562], [-73.98329291877202, 40.64122047224337], [-73.98299419209596, 40.6413249966533], [-73.98244454209303, 40.64153862598347], [-73.98204321739028, 40.64170758231147], [-73.98123240494503, 40.64204491309356], [-73.98042057855893, 40.642385226795184], [-73.97944230365287, 40.64279621471488], [-73.9790188319523, 40.64297192930368], [-73.9783269325875, 40.64326843980032], [-73.97745295227863, 40.643636439631194], [-73.97657658744062, 40.64400386589522], [-73.97569514189033, 40.64437258834433], [-73.97464224437017, 40.64481321864258], [-73.97442369300929, 40.644913064714885], [-73.9741399693013, 40.64502975343238], [-73.97310135354246, 40.64545097564769], [-73.97208574734027, 40.64586232437644], [-73.97174398206357, 40.64600110979093], [-73.97084113850833, 40.64637857065691], [-73.97032339784468, 40.64659740906015], [-73.9693073027414, 40.646991460248515], [-73.96842739715493, 40.64733540898605], [-73.96754584802109, 40.64768291656744], [-73.96666504596027, 40.6480288777117], [-73.96578421312809, 40.648375525488895], [-73.96490357158305, 40.64872096887882], [-73.96398390533889, 40.649084691819965], [-73.9633543692313, 40.649330159577886], [-73.96307464075406, 40.64943954964154], [-73.96218573997675, 40.64978879673583], [-73.96100797113614, 40.65008260257056], [-73.95997658296547, 40.650208861048675], [-73.95870789921476, 40.65038727335645], [-73.95582518429771, 40.65052980779558], [-73.9548007193859, 40.65056930267387], [-73.95295083983306, 40.65065555980111], [-73.95246901380376, 40.65066945478556], [-73.9513784586482, 40.65071574478771], [-73.94957113051399, 40.65080789994857], [-73.94859156902366, 40.6508550045952], [-73.9476561926328, 40.650899293391824], [-73.94667414413195, 40.6509481185754], [-73.94570606153142, 40.651006784625], [-73.94477080009352, 40.65106441369156], [-73.94379996149762, 40.65110636677833], [-73.9428254182987, 40.6511099838], [-73.94189204315792, 40.65116934640521], [-73.94095699921668, 40.65122872759499], [-73.94002474412108, 40.651276089732896], [-73.93905113588612, 40.651326223017534], [-73.9380804363044, 40.65137598041456], [-73.93714579068698, 40.65142126475083], [-73.93617544553263, 40.651468367747974], [-73.93520407123263, 40.65151456146158], [-73.93426812927711, 40.65156235213831], [-73.93329560843517, 40.651605494334845], [-73.93232520383592, 40.65164756694295], [-73.93139116744194, 40.65168960803859], [-73.93038144323519, 40.65173405417281], [-73.92939161348227, 40.651939183017724], [-73.9284756890984, 40.65217589445814], [-73.92751430523211, 40.65231809666112], [-73.92654698550535, 40.65239137042652], [-73.92560933745814, 40.65244682500403], [-73.92509703056454, 40.6524749668728], [-73.92464006182027, 40.65250006296161], [-73.92366569425089, 40.652538016593574], [-73.92301466417204, 40.65247853572805], [-73.92284966942921, 40.65246345856723], [-73.92269149846365, 40.652467575787036], [-73.92178411674193, 40.65249121323951], [-73.9213379278042, 40.652519078034494], [-73.92077366716076, 40.652554314312155], [-73.92020814676246, 40.65259541922331]], [[-73.92074524910274, 40.6522703615206], [-73.92020814676246, 40.65259541922331]], [[-73.92020814676246, 40.65259541922331], [-73.91996204019146, 40.65278827417498], [-73.9191848583545, 40.653288949802736], [-73.9184729404822, 40.65374496474796], [-73.91783363683668, 40.654162052770026], [-73.91775254143656, 40.654214963247064], [-73.9176998691873, 40.654250135803515], [-73.9175758857547, 40.65431417287095], [-73.91749359251565, 40.6543696848019], [-73.91735076833422, 40.654466027681245], [-73.91704018439276, 40.654675516588846], [-73.91633222193424, 40.655131431033645], [-73.91545094017114, 40.65570002164062], [-73.91465843151913, 40.65621425310898], [-73.91377943769317, 40.65678367904311]]]}",21083.4305284
"{'type': 'MultiLineString', 'coordinates': [[[-73.97467193200292, 40.73539830230149], [-73.97467574111204, 40.735399632288775], [-73.97474900554188, 40.735425187680256], [-73.97482618624169, 40.735381674027785], [-73.97489305107163, 40.7353751968639], [-73.97495993009541, 40.73536871786322], [-73.9751105532924, 40.73539025464388], [-73.975222755303, 40.735397907041694], [-73.97589093643593, 40.73567319813749], [-73.97636373385501, 40.73586797693249], [-73.97712441156749, 40.736196797875515], [-73.97799812796795, 40.73657446636034], [-73.978338206153, 40.73672147027392], [-73.97854094700965, 40.73688765910112], [-73.98090534075243, 40.73788616380806], [-73.98314654791653, 40.73883181231434], [-73.9840048540086, 40.739196785194714], [-73.98474231020784, 40.73951035996759], [-73.98630170507685, 40.74016000185381], [-73.98636141742998, 40.740184799904874], [-73.98641663140259, 40.74020708497922], [-73.98798240077362, 40.74087265457519], [-73.98832033328515, 40.741015868175275], [-73.9891257982887, 40.74135773451436], [-73.98936686021699, 40.74146174397781], [-73.98957565815412, 40.741548080269865], [-73.99280340951111, 40.7429100197962], [-73.99564494028219, 40.74409853410892], [-73.99848652491012, 40.74529416415579], [-74.00132588137633, 40.74649184821206], [-74.00416830718449, 40.74768929266369], [-74.00473658244687, 40.74792835420548], [-74.00702312871815, 40.74889021220677]]]}",10255.7310948
"{'type': 'MultiLineString', 'coordinates': [[[-73.90463894390882, 40.811787432017255], [-73.90446551414942, 40.812281958983945], [-73.90418337733422, 40.813086454774925], [-73.90380412351244, 40.81413184196732], [-73.90346997150199, 40.81507578844751], [-73.90306443842627, 40.81610676093415], [-73.90300983192732, 40.81631779159434], [-73.90257859035093, 40.81736979417114], [-73.90210743302133, 40.818505192134694], [-73.90183195215559, 40.819153364384576], [-73.90166319467741, 40.81955042617284], [-73.90160121288349, 40.819694858019865], [-73.90129277670428, 40.82047544219756], [-73.9008456128854, 40.82154141770609], [-73.90061141063369, 40.82210880806549], [-73.90020974016166, 40.82307101442143], [-73.90016669391629, 40.8231741317225], [-73.90003829913401, 40.823481695778575], [-73.89979920011406, 40.82405794095583], [-73.89912145078536, 40.825696919351245], [-73.89899555861138, 40.8259886508946], [-73.89886230732398, 40.826297435728485], [-73.898836174181, 40.82635799366811], [-73.89867710092759, 40.82674369668214], [-73.89865417341332, 40.826799285755285], [-73.89847432391413, 40.827235358344325], [-73.89845229917808, 40.82728876086369], [-73.89820469397856, 40.82788910927693], [-73.89794497703801, 40.828521748061874], [-73.89756958831222, 40.82942300037252], [-73.89717221064282, 40.83036883326343], [-73.89695084450118, 40.830909574895124], [-73.89690017812407, 40.83103333599911], [-73.89669216111301, 40.83196614387176], [-73.89647296173516, 40.83304756787918], [-73.89638916097601, 40.83329052269133], [-73.89630199986749, 40.83354321776605], [-73.89678547111139, 40.83412502891153], [-73.89696589189347, 40.834342145531814]]]}",8607.4330553
"{'type': 'MultiLineString', 'coordinates': [[[-73.95430286588523, 40.71184024041451], [-73.953127580529, 40.711419787623115], [-73.95164287967484, 40.71090631454411], [-73.95111565703854, 40.71095661953461], [-73.94889233851536, 40.71116753514888], [-73.94724443876082, 40.71132447121054], [-73.9455962471307, 40.711481500611285], [-73.94391095673055, 40.711641487046045], [-73.94222776662528, 40.71180063940343], [-73.94068803122936, 40.71196204740367], [-73.93846617650435, 40.71248925595835], [-73.93832001362281, 40.71252368531355], [-73.93805816737041, 40.71258696499728], [-73.93724803635702, 40.712782741248176], [-73.93480281917664, 40.71337249568491], [-73.9331789985039, 40.71379901904508], [-73.93233015917447, 40.714009963132916], [-73.93148254559331, 40.71422174816873]]]}",6555.16863811
"{'type': 'MultiLineString', 'coordinates': [[[-74.07253551783933, 40.62246402153819], [-74.07381368771927, 40.621797074894424], [-74.07449738328042, 40.62144277429806], [-74.07461777660238, 40.621380101027036], [-74.07558012068468, 40.62087646853057], [-74.0769560502419, 40.62016056022702], [-74.0776914047503, 40.61977633568311], [-74.07805406343341, 40.61958534169281], [-74.07938896341777, 40.618885794454435], [-74.08000094959885, 40.61855295188419], [-74.08110332484546, 40.6177887447278], [-74.08173992093812, 40.617310792530596], [-74.082743304953, 40.61658157108477], [-74.0832347994422, 40.61621947779012], [-74.08331319650652, 40.61616342568753], [-74.08379332731369, 40.61580983914092], [-74.0840497693489, 40.61562731347541], [-74.08464853224446, 40.61520502580927], [-74.08476230910836, 40.615104695033786], [-74.08546427492448, 40.614582431204695], [-74.08617532002994, 40.61406160698648], [-74.08628169134238, 40.61397561744587], [-74.0869297368122, 40.61349961692397], [-74.08720982789194, 40.613306973219956]]]}",5283.03993504
"{'type': 'MultiLineString', 'coordinates': [[[-73.88295104530343, 40.82830386618279], [-73.88198096658235, 40.828355979730226], [-73.8810451037246, 40.82843181246255], [-73.88011211224827, 40.82851166580283], [-73.87917067097078, 40.82858218261135], [-73.87870283552932, 40.82862110618673], [-73.87823501141204, 40.828660018871524], [-73.87729930501581, 40.82874277320397], [-73.87640134548315, 40.828977293952754], [-73.87550702479962, 40.829234134925834], [-73.87460867951276, 40.829502905157725], [-73.87372870269583, 40.82975288615028], [-73.87332596932713, 40.82987665886344], [-73.87327288447365, 40.82989371896546], [-73.87322660145712, 40.82990616697728], [-73.8727554650585, 40.83002788139231], [-73.87179422389487, 40.830305439162004], [-73.87090345702902, 40.83056365314078], [-73.87000669921852, 40.8308203406505], [-73.86907935350699, 40.83108592838521], [-73.86814994364909, 40.831360385186066], [-73.86725770332316, 40.83162391825061], [-73.86635554693986, 40.83187448379254], [-73.86546044825596, 40.83213164213529], [-73.86456547335303, 40.83238923491594], [-73.86366561306906, 40.83269532466269], [-73.86272273448388, 40.832920682602364]], [[-73.86272273448388, 40.832920682602364], [-73.86226500770292, 40.83290045833272], [-73.86154114438325, 40.833002663177]], [[-73.86272273448388, 40.832920682602364], [-73.86155834970444, 40.83333022102324]]]}",6570.89083543
"{'type': 'MultiLineString', 'coordinates': [[[-73.98863862910463, 40.7229337194541], [-73.98859501475532, 40.72299697862671], [-73.98843048074278, 40.723259837999635], [-73.98817210480401, 40.72362784179759], [-73.98813190068506, 40.72368510374743], [-73.98797056968542, 40.723914885263326], [-73.98749104757336, 40.72457376287186], [-73.98704399194158, 40.72519130151169], [-73.98660321952282, 40.72577807680722], [-73.98616358058554, 40.72639823237259], [-73.9857384194535, 40.72697455933437], [-73.98529382893115, 40.72759283780792], [-73.98485763050725, 40.72817683325009], [-73.98443161455366, 40.72876843766956], [-73.98399733806528, 40.72936968376525], [-73.983535924959, 40.730007728080736], [-73.98306946963021, 40.73065522599046], [-73.98255629299435, 40.731350133854896], [-73.98238628696883, 40.73141124348762], [-73.98232282668782, 40.7314978896803], [-73.98196782194584, 40.73198256024358], [-73.98180339274914, 40.7322047978256], [-73.9814991033613, 40.73261859590116], [-73.98126771302884, 40.73292472947095], [-73.98105847157433, 40.733211414332686], [-73.98088975704057, 40.73343706999809], [-73.98064498884423, 40.733779319439996], [-73.98038020244785, 40.734144370302154], [-73.98020496174188, 40.73438532255382], [-73.98009050558666, 40.73454437035035], [-73.97978903971482, 40.73496181762538], [-73.97952802670288, 40.73530632834878], [-73.97946317303487, 40.73539192718273], [-73.979429647417, 40.735438925007166], [-73.97934819537578, 40.7355531119324], [-73.97890917431879, 40.73616412595838], [-73.97857449810634, 40.736677281540246], [-73.97854094700965, 40.73688765910112], [-73.97805226554983, 40.73755395345223], [-73.9776027017767, 40.7381717951741], [-73.97714764855262, 40.73879546028311], [-73.97670005824112, 40.73940973275974], [-73.97625126770257, 40.7400233269171], [-73.97614570346302, 40.740170275990685], [-73.97579823470548, 40.74064461681898], [-73.97534263504836, 40.74127467977869], [-73.97489992878806, 40.74188170602107], [-73.97486832554605, 40.741925067548266], [-73.9748678386968, 40.741925706802036], [-73.97486774866918, 40.74192583015186], [-73.97417384810717, 40.74289027720368], [-73.97401054833067, 40.743098507905714], [-73.97350834975848, 40.74378203397325], [-73.97302670388541, 40.74445004146852], [-73.97257598372887, 40.74506785371256], [-73.97212474197073, 40.74568133798082], [-73.97208724190301, 40.745736730764285], [-73.97196119955456, 40.745902899439535], [-73.97184739138076, 40.746057459832954], [-73.97174810758735, 40.74618613861483], [-73.97165740650838, 40.74630369366351], [-73.97122806145836, 40.746919170720815], [-73.97078031731918, 40.74754347182462], [-73.97036560457772, 40.748094511746785], [-73.97031778715684, 40.74815805716604], [-73.96984501477525, 40.74880065266448], [-73.96980719693515, 40.74885156638156], [-73.9695934318818, 40.7491393209199], [-73.96954460668523, 40.749205044967844], [-73.96932031464235, 40.74951697388941], [-73.96890956251983, 40.75011014595205], [-73.968907972376, 40.75011244361418], [-73.96887640188419, 40.750155171302005], [-73.96842681210894, 40.75076366850732], [-73.96797381639622, 40.75136572524358], [-73.96777705638203, 40.751625970585586], [-73.96772833131853, 40.75169507977101], [-73.96758775918615, 40.75189444830522], [-73.96719241036853, 40.75245078499815], [-73.96706733950336, 40.752620675634645], [-73.96694827418342, 40.75278548810222], [-73.96677887111314, 40.753018787400826], [-73.9666554310319, 40.753188785207236], [-73.96661581712549, 40.75324342451853], [-73.96653673363075, 40.75335025646722], [-73.9663754700046, 40.75357421477331], [-73.96615683428759, 40.753877850745056], [-73.96569619921596, 40.75450506965098], [-73.96524094360838, 40.75512992895977], [-73.96478633264257, 40.7557557312424], [-73.96432543559305, 40.75638153153114], [-73.96387087694812, 40.75700807752788], [-73.96341112129903, 40.75763731343658], [-73.96292448634901, 40.75830898861187], [-73.96243278478065, 40.75898065101163], [-73.96196573684996, 40.759619459972136], [-73.9617766836371, 40.75987971622259], [-73.9617676647977, 40.759893040700334], [-73.96172701371496, 40.75994980672865], [-73.96169733427733, 40.759987137194635], [-73.96167816899325, 40.76001396586239], [-73.96164363271238, 40.760059591949094], [-73.96162070858738, 40.7600944338476], [-73.96152208575717, 40.76023036005366], [-73.96142245609866, 40.76036795086873], [-73.96106754483344, 40.760858092330764], [-73.96060027643453, 40.761484853967005], [-73.96013787747178, 40.762105652197626], [-73.959694398221, 40.76273957008531], [-73.95923908816695, 40.76336615732237], [-73.95878081153292, 40.76399001671797], [-73.95832134022478, 40.76461662934668], [-73.95786874207437, 40.76524232498806], [-73.95741202512663, 40.76586875388639], [-73.95695607057453, 40.766493435126925], [-73.95649564172344, 40.7671189142673], [-73.95599908746462, 40.76780389201439], [-73.95550170848814, 40.76848474293026], [-73.95503700524847, 40.76912006592474], [-73.95457540862408, 40.76975485691592], [-73.9541124532982, 40.770389078142784], [-73.95386154526612, 40.770732580315354], [-73.95364860023159, 40.77102410754466], [-73.95318747606632, 40.77165689387799], [-73.95268752466573, 40.77234302078628], [-73.95218621929452, 40.77301984450146], [-73.9518176165239, 40.77352690378587], [-73.95172338255492, 40.77365653226931], [-73.95126173428294, 40.77429193990927], [-73.95079834744837, 40.77492776813647], [-73.95033856495928, 40.77556320878018], [-73.94987336656831, 40.776196490273314], [-73.94937438838912, 40.776876102961396], [-73.9488804198343, 40.77755328428909], [-73.94842272606634, 40.778182640487536], [-73.94796768151062, 40.77880646512293], [-73.94750818068432, 40.77943712248893], [-73.94704921881717, 40.7800643464001], [-73.94659059152698, 40.78069197380821], [-73.9464776421303, 40.78084530301457], [-73.94642443334429, 40.78091753367069], [-73.94630631715827, 40.781077876112946], [-73.94619718761957, 40.78122601812333], [-73.94613091601813, 40.781315977926596], [-73.9458809443203, 40.7816581659042], [-73.94573785330779, 40.781854041526486], [-73.94566981626153, 40.78194717539483], [-73.9453656518556, 40.78236245110648], [-73.94525035488107, 40.782519863537], [-73.94521308552261, 40.78257074578814], [-73.94472264481813, 40.783247571832135], [-73.94422334875289, 40.78393330730422], [-73.94331889364449, 40.78517329695845], [-73.94284687701605, 40.78580518430719], [-73.94238065800974, 40.78642599459762], [-73.94193736479052, 40.787064670537134], [-73.94147838120814, 40.78769140420652], [-73.94101912720035, 40.78831941276355], [-73.94055963759054, 40.78894946525039], [-73.94050265258794, 40.78902744083937], [-73.94047533679787, 40.789064818234536], [-73.94006569116694, 40.789625350537676], [-73.93958925654759, 40.79027827915264], [-73.93913198111431, 40.790904958157405], [-73.938648832744, 40.79155775404898], [-73.93819346867402, 40.79218819432397], [-73.93773612108254, 40.79281580409962], [-73.9372570512937, 40.79347431435703], [-73.93715717598124, 40.793610646121316], [-73.93710066841315, 40.79368778096987], [-73.93695343538438, 40.793888757027446], [-73.9368815536835, 40.79398687311536], [-73.93681159971233, 40.794082358952195], [-73.93677925791171, 40.794125042938575], [-73.93670971864992, 40.79422022457007], [-73.93666939879114, 40.79427541119121], [-73.93660934243647, 40.7943576118566], [-73.936529535202, 40.79446684633762], [-73.93647049884609, 40.794547650814295], [-73.93643010503246, 40.79460293636334], [-73.93639776952396, 40.79464719521773], [-73.93636093020513, 40.794697611897746], [-73.93622990036205, 40.79487699655055], [-73.93619572081849, 40.7949237883336], [-73.93597657336643, 40.795223804401125], [-73.93594966773263, 40.79526063881705], [-73.93591227007374, 40.79531183757351], [-73.93541084888348, 40.79600549471535], [-73.93491257185671, 40.79668064971085], [-73.93445598912427, 40.79730989440913], [-73.93398998990838, 40.797932442036746], [-73.93352323698916, 40.79858429404991], [-73.93346631009413, 40.79866232191583], [-73.93314821690599, 40.79909734752261], [-73.9330856303584, 40.79918294061087], [-73.93298398501817, 40.79932195110721], [-73.93291921585569, 40.79941052798927], [-73.93285662990326, 40.799496121850105], [-73.93279163138304, 40.799585011898444], [-73.93270453764808, 40.799704120580245], [-73.93264631558198, 40.799783742957416], [-73.93255794450548, 40.799904597747606], [-73.93250465020336, 40.79997748089453], [-73.93242168496185, 40.800090942039745], [-73.93237026407509, 40.80016126339957], [-73.93229967513449, 40.800257798723756], [-73.93223698079036, 40.80034353805486], [-73.93215267964767, 40.80045882442782], [-73.93196859388048, 40.80071074769025], [-73.9317728278497, 40.80097942202881], [-73.93142136682008, 40.801456267367634], [-73.93138744319573, 40.801502293308516], [-73.93120156196096, 40.80175450239876], [-73.93117517612625, 40.801753403347575], [-73.93114875108712, 40.80175354605537], [-73.93112238756926, 40.80175493058221], [-73.9310961886759, 40.80175754978583], [-73.93107025158693, 40.80176139471948], [-73.93104467704407, 40.801766450135055], [-73.93101956223754, 40.80177269718049], [-73.93099500436269, 40.80178011250124], [-73.93097109706605, 40.80178866643737], [-73.93094793044148, 40.80179832752569], [-73.93092559340428, 40.80180905799897], [-73.93090417368872, 40.80182081648734], [-73.9308837495509, 40.80183355981422], [-73.9308644016257, 40.801847236700134], [-73.93084620343697, 40.80186179676167], [-73.9308292237744, 40.80187718420971], [-73.9308135290614, 40.801893339651706], [-73.93079917742945, 40.80191020098873]]]}",32978.7365769
"{'type': 'MultiLineString', 'coordinates': [[[-73.92429213276527, 40.69077335640212], [-73.92412670459512, 40.69000558759299], [-73.9239755323909, 40.68927496236994], [-73.92383408465307, 40.68854094297626], [-73.92368980028904, 40.687810494697175], [-73.92354238882719, 40.68707598277327], [-73.92339592356778, 40.68634445192251], [-73.92325193035201, 40.685611903083554], [-73.92310386802778, 40.68487984115642], [-73.92295908109021, 40.684147662295345], [-73.92281374257824, 40.68341442921208], [-73.92267012211504, 40.68268151221149], [-73.92254479564563, 40.68193561285533], [-73.92250799285051, 40.681710069530084], [-73.92249266175862, 40.681616109425775], [-73.9224265211579, 40.68121074506191], [-73.9224019706619, 40.681089552566206], [-73.92238255990313, 40.68099373642953], [-73.92236962374177, 40.680929879417214], [-73.92235458588497, 40.680855645255484], [-73.92233849661791, 40.6807762180142], [-73.92231261861, 40.68064847335287], [-73.9222777423388, 40.680476293014515], [-73.92225617619302, 40.68036776372828], [-73.92223681740546, 40.68027034287622], [-73.92221626978107, 40.68016693459449], [-73.92217715621398, 40.679970085352544], [-73.92215222953459, 40.6798446348965], [-73.92213242890836, 40.67974497684295], [-73.9221114997973, 40.67965755691661], [-73.92208787163344, 40.67955885711128], [-73.92205453476781, 40.67941960414573], [-73.92203214155631, 40.6793260588086], [-73.92201534550578, 40.67925590002645], [-73.92199990786267, 40.67919141360431], [-73.92197376300267, 40.67907748886085], [-73.92183500182925, 40.678945559311074], [-73.92164748148522, 40.678870546757096], [-73.92171159881336, 40.67811571400275], [-73.92181539041886, 40.677018390023164], [-73.92182361013568, 40.67693835783241], [-73.92183232566519, 40.67684904166703], [-73.9219009051366, 40.67613162085533], [-73.92197495224026, 40.675348547086], [-73.92204843245779, 40.67457439691855], [-73.9221315336803, 40.67368388854757], [-73.9222144443011, 40.672791632893805], [-73.9222995042219, 40.6719002610431], [-73.92238401797283, 40.67100876259518], [-73.92245355375034, 40.670261149111305], [-73.92246696870501, 40.67011693064806], [-73.92254432342602, 40.66927581093313], [-73.92261354310787, 40.668564106861794], [-73.92263210758783, 40.668373210868616], [-73.92265530101048, 40.66812711545048], [-73.92272714297971, 40.667365056120424], [-73.92275257227443, 40.66709733265968], [-73.92263410424326, 40.66661818387901], [-73.92262605874325, 40.66658564732229], [-73.92259161681422, 40.6664463440202], [-73.92258310405234, 40.666411914260394], [-73.92250429198427, 40.66609314870791], [-73.9224945174809, 40.6660536139643], [-73.92244455163127, 40.66585151976004], [-73.92243563998979, 40.66581547869443], [-73.92241683742336, 40.66573942552407], [-73.92240713835542, 40.66570019609716], [-73.92232014506074, 40.66534832909785], [-73.92209902598404, 40.664251331760745]]]}",9783.03695143
"{'type': 'MultiLineString', 'coordinates': [[[-73.88826464729277, 40.76627595554034], [-73.88807547280464, 40.76522755751211], [-73.88806563043907, 40.765178344372934], [-73.88805603459632, 40.7651163533101], [-73.88799090931245, 40.764776250417526], [-73.88766069491355, 40.76295727823433], [-73.8874463037484, 40.76177512002683], [-73.88738923071357, 40.761460427739074], [-73.88732718313206, 40.76111832816782], [-73.88696463767062, 40.75913326903251], [-73.88668537900993, 40.75758572699754], [-73.88629816000258, 40.755460466763886], [-73.88597226363176, 40.75367093888874], [-73.88596545934847, 40.753633606168634], [-73.8859568135523, 40.75358597793762], [-73.88561275313482, 40.75168953142941], [-73.88524098830993, 40.749651152999064], [-73.88485538535316, 40.74753481102646], [-73.88455950791378, 40.74589034184918]]]}",7497.75368445
"{'type': 'MultiLineString', 'coordinates': [[[-74.1050328718031, 40.582153538849184], [-74.10427916603722, 40.581750556308485], [-74.10349525565557, 40.581339446282485], [-74.10271683589319, 40.58092105875936], [-74.10039083462033, 40.57968866579902], [-74.09940090436639, 40.57918675555382], [-74.0985103254125, 40.57873068648442], [-74.09741191110834, 40.57817443244377], [-74.09613172537684, 40.57752610640077], [-74.0951772517953, 40.57702113849936], [-74.09483640514922, 40.57680653805495], [-74.09408671764294, 40.576419550601365], [-74.09335651070283, 40.57604719395894], [-74.09257214768878, 40.57567191359463], [-74.09182234240909, 40.57527493362497], [-74.09109428068082, 40.57489922892835], [-74.09032842542703, 40.57451533564649], [-74.08960544753239, 40.574130469071434], [-74.08886977629436, 40.57372323781929], [-74.08775041756114, 40.57311057964455], [-74.08769737650937, 40.57306188373556]]]}",5846.82723264
"{'type': 'MultiLineString', 'coordinates': [[[-73.88711879226024, 40.71450151564908], [-73.88700077746715, 40.71404696592062], [-73.88674288328157, 40.71328717178957], [-73.88637649771073, 40.712207714494646]], [[-73.88697350628293, 40.714740314719734], [-73.88711879226024, 40.71450151564908]], [[-73.89679198574956, 40.74867320788776], [-73.89673636857412, 40.74843847156418], [-73.896592153281, 40.74770115756184], [-73.89657691762015, 40.74762279077736], [-73.89645598703623, 40.74699950430774], [-73.89632482220117, 40.74633467705608], [-73.8959921665175, 40.74459604617663], [-73.89598461730633, 40.744556589034914], [-73.89597679843845, 40.74451467236341], [-73.89577264612406, 40.74342011018395], [-73.89576162788421, 40.7433565694115], [-73.89575030089935, 40.74329362269287], [-73.89568834324129, 40.74290772615006], [-73.89565166706544, 40.74268550169858], [-73.89573716192768, 40.741672472048656], [-73.89580696605626, 40.740893217829594], [-73.89583832044423, 40.74045246563506], [-73.89584882785265, 40.740304791852985], [-73.89585115219737, 40.740272042484655], [-73.89585210879319, 40.74021297903974], [-73.89585528977737, 40.74007149412069], [-73.89588436011597, 40.73946226376756], [-73.89587181240259, 40.73906641613259], [-73.89590166080052, 40.73835360094851], [-73.89592985111682, 40.73763927133398], [-73.89595639691173, 40.73692539041027], [-73.89597503986465, 40.73644127598035], [-73.8960157589643, 40.73523885577843], [-73.89602931544236, 40.73501789133906], [-73.89601661809584, 40.73425592446673], [-73.8959884564903, 40.73390375333559], [-73.89595871253356, 40.73353179927602], [-73.89591310470252, 40.73287717826186], [-73.89585118767859, 40.73217473440473], [-73.89579866843779, 40.731505059465064], [-73.89576327045522, 40.73113695339127], [-73.89573679548548, 40.730815375664086], [-73.89569826939143, 40.73038005360482], [-73.895651841221, 40.72978363046223], [-73.89564523859472, 40.72969877040041], [-73.89562306245558, 40.72947498187254], [-73.89559987297893, 40.72910549992554], [-73.89558890630258, 40.72896533562192], [-73.89549903504984, 40.72778850361232], [-73.8954120449986, 40.72677050763232], [-73.89534070119436, 40.72592049683051], [-73.8950712889033, 40.72554242569049], [-73.89497358636483, 40.72540720432594], [-73.89491027195987, 40.72531035166737], [-73.89484991961218, 40.72522603497211], [-73.89478689124427, 40.72514241009187], [-73.89467832764863, 40.724998796598335], [-73.89454931534685, 40.724620474310555], [-73.89433570745943, 40.72392148193141], [-73.89411255576552, 40.72321425955329], [-73.89366911465693, 40.72262455712138], [-73.89321290607039, 40.72203007828816], [-73.89274012917807, 40.72143201433661], [-73.89225440703586, 40.72082184422143], [-73.89176841179244, 40.72021185904808], [-73.89142295129369, 40.71978500791936], [-73.89116014460461, 40.719460278840316], [-73.89063516066129, 40.71881274652336], [-73.89008933552611, 40.71820670539281], [-73.88953444080389, 40.71761605164738], [-73.88898488996746, 40.71702046552534], [-73.88844140063078, 40.716436661279396], [-73.88791559751347, 40.715806432283394], [-73.88754287684488, 40.71533737083964], [-73.88742363332449, 40.71518730119923], [-73.88734940294816, 40.715111486603085], [-73.88728653391354, 40.71502883919812], [-73.88723651476336, 40.71494090933988], [-73.88720036027912, 40.714849454035864], [-73.88717852871919, 40.71475639183679], [-73.88711879226024, 40.71450151564908]], [[-73.89679198574956, 40.74867320788776], [-73.89678329337048, 40.74865412286288], [-73.89677296029942, 40.74863551813801], [-73.89676103140962, 40.74861747299756], [-73.89674755867608, 40.74860006853321], [-73.89673260118767, 40.74858337953944], [-73.89671622514024, 40.748567479016124], [-73.89669850146875, 40.7485524381663], [-73.89667950940742, 40.748538320996445], [-73.89665933055986, 40.74852519061456], [-73.89664387250585, 40.74851749181969], [-73.89662780703114, 40.74851055070435], [-73.89661119684821, 40.748504395240246], [-73.89659410822864, 40.7484990488998], [-73.89657661099602, 40.7484945351587], [-73.89655877261708, 40.7484908702865], [-73.89654066648016, 40.74848806965751], [-73.89652236242704, 40.74848614504094], [-73.89650393622807, 40.74848510280844], [-73.89647399936001, 40.748483453191675], [-73.89644402390023, 40.74848225558682], [-73.89641402405711, 40.74848151000667], [-73.8963840104853, 40.74848121736125], [-73.89635399621186, 40.74848137586131], [-73.89632399070454, 40.74848198821686], [-73.89629400699187, 40.74848305173809]], [[-73.89686930609273, 40.748993830529045], [-73.89679198574956, 40.74867320788776]]]}",14350.8644925
"{'type': 'MultiLineString', 'coordinates': [[[-73.83659199033222, 40.86508798955306], [-73.83650192975558, 40.86501871328223], [-73.83601206782802, 40.86500577054633], [-73.83578436726239, 40.86501601126902]], [[-73.83659199033222, 40.86508798955306], [-73.83618601336896, 40.86522409850444]], [[-73.87042127613941, 40.86536108004733], [-73.87039445574237, 40.86536175410832], [-73.86912606268874, 40.86539361806492], [-73.86836897894268, 40.86540798326886], [-73.86736050990989, 40.86542917948505], [-73.86634232736627, 40.86544947225581], [-73.86585923053218, 40.86546023891766], [-73.86540014016428, 40.86547047506043], [-73.8644610189665, 40.86548896140589], [-73.86351971123267, 40.8655079769159], [-73.86257683863464, 40.865526876625864], [-73.8623715764107, 40.86553099035327], [-73.86211049361644, 40.86553781413443], [-73.86156274172298, 40.865549464360065], [-73.86055100798805, 40.86552969507669], [-73.85961281224237, 40.86551271779276], [-73.85867298171922, 40.86549495735629], [-73.85773298586258, 40.86547763750454], [-73.8567926331076, 40.865459923241154], [-73.85578042908325, 40.86544056358719], [-73.85476855099725, 40.865423211661515], [-73.85382798916291, 40.865405246949116], [-73.85289096010197, 40.865387866192954], [-73.85195531755299, 40.86537128014179], [-73.8510158462438, 40.86534846727423], [-73.8508923988944, 40.86534479680317], [-73.85034892834071, 40.865337564668486], [-73.85008482526753, 40.86533429434098], [-73.84994260557235, 40.865323375627426], [-73.84987179235013, 40.86532314033656], [-73.84963020896943, 40.86532233049147], [-73.8495249262063, 40.86532197712263], [-73.84921051701167, 40.86531922539811], [-73.84910203298185, 40.865318273136076], [-73.84859953802886, 40.86530873605989], [-73.84812402720112, 40.86529970057105], [-73.84718546912143, 40.86528308010561], [-73.8462472820048, 40.86526524764308], [-73.84530527507346, 40.86524778874103], [-73.84436539312046, 40.86522978381905], [-73.84335439085162, 40.86521125328137], [-73.84168631259502, 40.86517961167397], [-73.84074696518883, 40.865162065174054], [-73.83980305100326, 40.86514474781852], [-73.83886384832155, 40.86512660987364], [-73.83792673189414, 40.86510972790078], [-73.83698863697671, 40.86509444791206], [-73.83659199033222, 40.86508798955306]]]}",9717.01340434
"{'type': 'MultiLineString', 'coordinates': [[[-73.99631939541827, 40.67403403581909], [-73.99337906131439, 40.67260415369975], [-73.99102303839115, 40.67145846659616], [-73.98877003758089, 40.670384043992684], [-73.98871322567737, 40.670356906804685], [-73.98864720152619, 40.67032468887247], [-73.98630429192393, 40.669172665528826], [-73.98394302328977, 40.66803081169455], [-73.98158180136745, 40.66688832480129], [-73.97922490240464, 40.665749420036434], [-73.97789199301751, 40.66510699206648], [-73.97684516795186, 40.66460638198352]]]}",6401.81242964
"{'type': 'MultiLineString', 'coordinates': [[[-73.95915001048712, 40.65214455698206], [-73.95656498957418, 40.652285963591524], [-73.95601055727523, 40.652314272260575], [-73.95266314005852, 40.65248936362974], [-73.9497687497989, 40.65264232254971], [-73.94687330561163, 40.65279541526667], [-73.94590468749715, 40.65285465006682], [-73.94496949281452, 40.65291482924489], [-73.94400175997124, 40.65297318394697], [-73.94302941061335, 40.65303288800174], [-73.94209856381231, 40.65309097480098], [-73.94116362431238, 40.65314907898905], [-73.94023039780599, 40.65320699636433], [-73.93925929607317, 40.653266786263835], [-73.93828907915818, 40.65332682058423], [-73.93735642561266, 40.65338623682378], [-73.93638662011578, 40.653445174700245], [-73.93541604420254, 40.65350425705536], [-73.93448240586572, 40.65356319017457], [-73.93351201702174, 40.65362452227183], [-73.93253906001468, 40.65368408146326], [-73.93160868615156, 40.65374163879346], [-73.93060405601646, 40.65380495575892], [-73.92959435933035, 40.653861948221646], [-73.92866175913284, 40.653922410636795], [-73.92769362596417, 40.6539851664931], [-73.92672140232298, 40.65404459769092], [-73.92578973492397, 40.654102633033446], [-73.92482136315978, 40.65416147432602], [-73.92384859034135, 40.654221006956035], [-73.92291541609647, 40.65427921613418], [-73.92231093560923, 40.654308715608586], [-73.92215814811941, 40.65431616764768], [-73.92195797319278, 40.65433075545901], [-73.92169400182475, 40.654350000207074], [-73.92153579530813, 40.6543704259873], [-73.92110356441783, 40.65442080963129], [-73.92042946297668, 40.65440055188361], [-73.92019016469888, 40.65439270467205], [-73.91964604515458, 40.65437210920897], [-73.9191531746112, 40.654358697314834], [-73.9178686756524, 40.65432193765908], [-73.9175758857547, 40.65431417287095], [-73.91659124235923, 40.6542714809154], [-73.91590409655092, 40.654245090679126], [-73.91545459285153, 40.65422666074144], [-73.91530757824172, 40.65422217606718], [-73.91482282494904, 40.65420563580134], [-73.91375925111808, 40.654169344845236], [-73.91352395139806, 40.65416116257477], [-73.91324842360751, 40.65415508371458], [-73.91274240292367, 40.654145236497726], [-73.91239958860338, 40.65413615084013], [-73.91232824414755, 40.654134781724565], [-73.91222770264075, 40.65413607382978], [-73.91093487158807, 40.65417327993197], [-73.91070974626933, 40.654178733618075], [-73.9100757539212, 40.65426552685819], [-73.9097427975835, 40.6543111114101], [-73.90877060009838, 40.654457164777746], [-73.90862421208143, 40.654478588953225], [-73.90829191242133, 40.65452665525573], [-73.90784346439933, 40.65459153030933], [-73.90692334284783, 40.65473842024374], [-73.90606783108277, 40.654863851242226], [-73.90556272779125, 40.65493791043202], [-73.90507059841768, 40.655010060010106], [-73.90489261765222, 40.655036199085245], [-73.90446144025783, 40.65509953534886], [-73.90414221377263, 40.65514642084431], [-73.90317858385657, 40.655311633124846], [-73.90311151937955, 40.655339922241744], [-73.90304507440658, 40.65536904572091], [-73.90297926549914, 40.65539899727379], [-73.90291411276863, 40.65542976881376], [-73.90284963159957, 40.65546135044923], [-73.90278584091985, 40.655493734993186], [-73.90272275847772, 40.65552691345664], [-73.9026603984743, 40.65556087684754], [-73.90259878102286, 40.65559561617894], [-73.90253792032607, 40.65563112155834], [-73.90247783413396, 40.65566738309632], [-73.90241853901296, 40.655704391802985], [-73.90236004916603, 40.655742137785865], [-73.90230238234362, 40.65578061115555], [-73.90118559968495, 40.656514551435535], [-73.90064904724115, 40.65704155829858], [-73.90057491484833, 40.65709994682539], [-73.90048767263144, 40.6571486794219], [-73.90039486643688, 40.65718420554947], [-73.90029426148818, 40.657208882613126], [-73.90002679291594, 40.65725384741763], [-73.89988986856685, 40.657274521272996], [-73.89968548065916, 40.65729793675736], [-73.89948109262157, 40.65732134287338], [-73.89904180449167, 40.657371657267085], [-73.8988860178232, 40.657394883446756], [-73.89880698548744, 40.65740666115063], [-73.89796594490421, 40.65753203561692], [-73.89704215324443, 40.657663588489335], [-73.89612587404875, 40.65781466394436], [-73.89538222518428, 40.65772026412945], [-73.89506003514873, 40.657676349574366], [-73.89418891616572, 40.65755501727115], [-73.89381793004603, 40.657494592877974], [-73.89367480422455, 40.6574659142624], [-73.89352525327658, 40.657453375798454], [-73.89337406808745, 40.65745793645089], [-73.8932262860438, 40.65747946581193], [-73.89308660109641, 40.65751668952308], [-73.89226865933962, 40.6578655612333], [-73.89190400166571, 40.658023413006816], [-73.89145362335181, 40.65821835611895], [-73.89068934646099, 40.65854722170011], [-73.89062134120911, 40.65857648690308], [-73.89056308659322, 40.65860146587539], [-73.88981946376686, 40.658920286540756], [-73.88971113096811, 40.65896620816012], [-73.88949476792106, 40.65906002351597], [-73.88899545649055, 40.65927654039825], [-73.88818741825855, 40.65962439303928], [-73.88797466694194, 40.659713328240045], [-73.88738075368708, 40.65997309683452], [-73.88705589713841, 40.660111602057405], [-73.88680496430734, 40.66021857998225], [-73.88654979274486, 40.66032821870964], [-73.88578677045197, 40.66065578229038], [-73.88492499277532, 40.661028521856444], [-73.88479423935728, 40.66108414199406], [-73.88457530831246, 40.66117860289259], [-73.88409911337898, 40.66138407234723], [-73.88368515825168, 40.66156380926845], [-73.88351334265951, 40.66163841164579], [-73.8833019418799, 40.661730199605806], [-73.88319508856411, 40.66177560238797], [-73.88304131477597, 40.661840941648954], [-73.8828712236206, 40.661913214281356], [-73.88266156315274, 40.662004899275864], [-73.88246945100174, 40.66208991908157], [-73.88205383395047, 40.662270290497], [-73.88192941231368, 40.66232428393117], [-73.88183078754237, 40.66236708329149], [-73.88167275550762, 40.66243149691885], [-73.88152268294945, 40.66249523323367], [-73.88137262192687, 40.66255897116537], [-73.88085397063747, 40.662781295091904], [-73.88043565649005, 40.66296125713146], [-73.88002276989066, 40.66313888196517], [-73.87989063808097, 40.66319360357418], [-73.87920719374773, 40.66348996849678], [-73.8788862627996, 40.66362950835267], [-73.87839557175967, 40.66384044106919], [-73.87757627433679, 40.66419296192545], [-73.87720629466591, 40.66435183300979], [-73.8767590052316, 40.66454389420439], [-73.87616790062924, 40.664798321823525], [-73.8759408501975, 40.66489600839866], [-73.8751247588912, 40.665246614245426], [-73.87460462098885, 40.665470034002226], [-73.87430875216847, 40.6655979816303], [-73.8738261835346, 40.6658072197461], [-73.87349082197626, 40.66594883591653], [-73.87340585639159, 40.665983466374904], [-73.87310009840452, 40.666110935342004], [-73.87266847823912, 40.666290224070956], [-73.8720601778372, 40.6665878462401], [-73.87188014564738, 40.66667709510729], [-73.87182050927116, 40.66670665927747], [-73.87181512526924, 40.66670947549786], [-73.8718097566099, 40.66671230794437], [-73.87180440447224, 40.66671515841937], [-73.87179906767705, 40.66671802512053], [-73.87179374622264, 40.66672090894835], [-73.87178844010906, 40.66672380990286], [-73.87178315051884, 40.66672672798537], [-73.87177787745377, 40.66672966229529], [-73.8717726209121, 40.66673261373328], [-73.8717673797112, 40.6667355822979], [-73.87176215503717, 40.66673856618949], [-73.87175694688479, 40.66674156810962], [-73.87175175525924, 40.6667445853567], [-73.87174658015712, 40.66674761973178], [-73.87085220001364, 40.66735221393602], [-73.87082757881595, 40.66737106112272], [-73.87075628764984, 40.66742563340956], [-73.87061949313528, 40.66753034661323], [-73.87056946638788, 40.66756864154386], [-73.87042712258096, 40.667677480745134], [-73.87038638586667, 40.6677087854424], [-73.87025347624028, 40.667810524577035], [-73.8700649022561, 40.66795487168089], [-73.86998739635345, 40.66801421641167], [-73.86977081306505, 40.66818004921825], [-73.86962481831434, 40.66829183248079], [-73.86924511116666, 40.66850488700971], [-73.86882788295631, 40.66860599931684], [-73.86831454116079, 40.6686697997931], [-73.86775422223634, 40.66875008287475], [-73.8676099695552, 40.66877075131264], [-73.86741151047642, 40.66879918529962], [-73.86701355294757, 40.66885510820435], [-73.86686463486087, 40.66887603326561], [-73.86648927631448, 40.66893120606385], [-73.86596490302114, 40.66900654768977], [-73.86556191625327, 40.6690644462545], [-73.86509694933564, 40.669131323638446], [-73.86481739686762, 40.66917153134205], [-73.86453472680923, 40.66921218765545], [-73.86449198175379, 40.66921788080948], [-73.86432485919453, 40.66924014182051], [-73.86415960683684, 40.66926215355295], [-73.86401363126957, 40.6692815961489], [-73.8633557445559, 40.66937908819427], [-73.86282845495876, 40.669457222576845], [-73.86206347592191, 40.66956600795044], [-73.86181857528967, 40.669602482149735], [-73.86096398788582, 40.66972450811139], [-73.86004373628771, 40.669857642184475], [-73.85956574123645, 40.66992583124464], [-73.85911192578729, 40.66999095195706], [-73.8587778359962, 40.67003783746578], [-73.85818989187142, 40.67012450037067], [-73.8579406074309, 40.67016269891065], [-73.85768076343777, 40.670199334059205], [-73.85726744620025, 40.67025529431054]]]}",29850.6231497
"{'type': 'MultiLineString', 'coordinates': [[[-74.11028714358198, 40.58219874754061], [-74.10877622113189, 40.58138871540459], [-74.10755588226206, 40.58073009588236], [-74.10739693326414, 40.5806444867162], [-74.1072684834925, 40.580575312248804], [-74.10582068300113, 40.57980387868471], [-74.10447635374359, 40.579084815383155], [-74.10426678386929, 40.57897144060097], [-74.10356455202995, 40.57859760067479], [-74.10231607286028, 40.577944245870455], [-74.1014291162779, 40.57748035257526], [-74.10112039163984, 40.57730944396836], [-74.10101077759043, 40.577105508491435], [-74.1008803502835, 40.57690670616601], [-74.10072976222632, 40.576714882425385], [-74.10056006727778, 40.57653177428129], [-74.10037264977811, 40.5763590103901], [-74.10016920080112, 40.57619803003096], [-74.09995165906115, 40.576050056146336], [-74.09972216361905, 40.575916059366754], [-74.0976170378007, 40.57477257981807], [-74.09703763870601, 40.57445492422188], [-74.09630574373472, 40.574055067644984], [-74.09557440471892, 40.57365796154221], [-74.09484334356732, 40.573259121539074], [-74.09411431177449, 40.57286111270225], [-74.09374191464812, 40.57265678186919], [-74.09337727401186, 40.57245670300623], [-74.0926450635034, 40.572062541662206], [-74.091911781224, 40.571662478061995], [-74.09117449341748, 40.57126478133412], [-74.09035213838752, 40.570821220021664], [-74.09027760284616, 40.57078101614048]]]}",6978.9023407
"{'type': 'MultiLineString', 'coordinates': [[[-73.90311780872268, 40.721628035251776], [-73.9024973720602, 40.719407159485236], [-73.9022935165234, 40.71867893301254], [-73.90218381355785, 40.71827638372202], [-73.90210087950845, 40.71799578619616], [-73.90182071807048, 40.71698777721631], [-73.90179595569857, 40.716893526661515], [-73.90163226278922, 40.71631656478645], [-73.90158405310262, 40.716143913684945], [-73.90144280508093, 40.71564552222375], [-73.90137457641846, 40.715405684774844], [-73.90115752604737, 40.714622315296495], [-73.900937662191, 40.713841050097955], [-73.90075013227795, 40.71317151167513], [-73.90066147426526, 40.71284974561128], [-73.90059587823659, 40.71269738553501], [-73.90018509856755, 40.711903616670924], [-73.89985455660796, 40.71126456089662], [-73.89970877154715, 40.71098131320324], [-73.89935599710101, 40.71032318171749], [-73.8989045795195, 40.709680928569455], [-73.8984530985403, 40.70904016838285], [-73.89800292510402, 40.708401262576714], [-73.89756304966812, 40.70775921232241], [-73.89723124765548, 40.70709131311618], [-73.8969395577758, 40.7064991818657], [-73.89668562245718, 40.7059870843058], [-73.89664933096863, 40.70591389503081], [-73.89657329353497, 40.705766367889005], [-73.89633103028731, 40.70527392195014], [-73.89628152702781, 40.70517088488459], [-73.89599262159275, 40.704578834626545], [-73.89569195628832, 40.703960036727935], [-73.89554005489771, 40.70353889146755], [-73.89544885252242, 40.70328604385615], [-73.89539380373948, 40.703130214208265], [-73.89520165688896, 40.702592685664996], [-73.89495606677282, 40.70189668083468], [-73.89457448987582, 40.70079805781451]]]}",7988.42292011
"{'type': 'MultiLineString', 'coordinates': [[[-73.96455147467717, 40.75247137154398], [-73.96460930213364, 40.75246331178916], [-73.96467954666153, 40.75246175746468], [-73.96475907719024, 40.75247827998908], [-73.96482397895237, 40.752503441946494], [-73.9651473275719, 40.75262786315319], [-73.96526686943477, 40.75260406377552], [-73.9661796151301, 40.752996793762726], [-73.96650530079484, 40.753124913811924], [-73.96661581712549, 40.75324342451853], [-73.96897803788579, 40.754250535826344], [-73.97121704489989, 40.7551933239537], [-73.97281967426925, 40.75587055103548], [-73.97365314691054, 40.7562235896401], [-73.97432789743998, 40.75650959835291], [-73.97443866335658, 40.75655630607231], [-73.9745386552718, 40.75659708507965], [-73.97604542189197, 40.757232056340015], [-73.9776548278053, 40.75791142357761], [-73.97891172635646, 40.75843653873114], [-73.98088574644866, 40.759270668711], [-73.98373015417644, 40.760457088237075], [-73.98451139998151, 40.76079337049555], [-73.98656138491575, 40.76166012212391], [-73.98895513262924, 40.76267089638841], [-73.98907777103476, 40.76272245654933], [-73.98941205662442, 40.76285744813676], [-73.99224402776572, 40.76405677869717], [-73.99295634995492, 40.76435633211527], [-73.99508813202962, 40.76525278642218], [-73.99712927281514, 40.76610135517037], [-73.9972348712924, 40.76614558149717]]]}",10356.448125
"{'type': 'MultiLineString', 'coordinates': [[[-73.92237223192977, 40.83610874314713], [-73.92128472236554, 40.83572377417898], [-73.92030370789962, 40.835396841484055], [-73.91945523086237, 40.83509990027452], [-73.91936373764247, 40.83506966978134], [-73.91893185997377, 40.83492695383518], [-73.91885972055316, 40.83490311114304], [-73.91825704371124, 40.83470395635412], [-73.91790145020559, 40.834582685426994], [-73.91770299154472, 40.83451500780073], [-73.91752362053903, 40.83444817103785], [-73.91664329448523, 40.834135885092984], [-73.91645776289512, 40.834048205670484], [-73.91640856789071, 40.83402340552412], [-73.91593758220525, 40.833859066024246], [-73.91585727241886, 40.83383825015944], [-73.91559956009174, 40.8337654954939], [-73.91497029127217, 40.83358783934284], [-73.91407880660508, 40.83328617928594], [-73.91368088664753, 40.83226358645372], [-73.9135719793721, 40.83197219479783], [-73.91353350525551, 40.831869250197016], [-73.91327900488005, 40.83118829211602], [-73.9123951058106, 40.83093630490908], [-73.91138383679643, 40.83098851741666], [-73.91049010640486, 40.830737372513745], [-73.90971373743427, 40.830470013646575], [-73.90914465836597, 40.83028573062804], [-73.90895990312333, 40.830226233287185], [-73.90772165074665, 40.82982336710828], [-73.90752758886512, 40.82976078122553], [-73.90747340977583, 40.82974330868293], [-73.90720277664222, 40.82965602774306], [-73.90657083639289, 40.829452219882455], [-73.90553116766374, 40.82910413288277], [-73.90502229697135, 40.82894701069411], [-73.90385265782203, 40.828194866120235]]]}",6189.63142679
"{'type': 'MultiLineString', 'coordinates': [[[-74.13021673188935, 40.6125374510158], [-74.13071879160346, 40.61255784621273], [-74.13094771654252, 40.61253995342167], [-74.1313071146198, 40.61251876748034], [-74.13230552357457, 40.61243843159705], [-74.13323412930596, 40.612375907355954], [-74.13417014085391, 40.612330278773605], [-74.13510700900119, 40.61229397997625], [-74.13604050406879, 40.61226135166455], [-74.13663364060943, 40.61216934328636], [-74.13680676056143, 40.61213736424232], [-74.13822285901207, 40.61187576133164], [-74.13843589646098, 40.61183766860565], [-74.13917956531388, 40.611698701555184], [-74.13935895783675, 40.61166183293781], [-74.14024388276124, 40.611491728587396], [-74.14120356646835, 40.61130510097294], [-74.14219998139747, 40.61110704540095], [-74.14305834724789, 40.61093465587689], [-74.14404396617482, 40.61073814573317], [-74.145010736886, 40.610543759030435], [-74.14601629388626, 40.610343515554085], [-74.14696864223993, 40.610151354972785], [-74.14774036822689, 40.60999924891407], [-74.14893620763965, 40.60975083631905], [-74.14954343637426, 40.60962717246272], [-74.14998477052988, 40.609538418229604], [-74.15018666565969, 40.60949781028074], [-74.15034930464279, 40.60946702490562], [-74.1512918197032, 40.60926919593994], [-74.15210476647289, 40.609102696065015], [-74.1528808216489, 40.60895261191355], [-74.15308050703618, 40.60891399286971], [-74.15338665514102, 40.60884986372368], [-74.1536195195837, 40.608801086587896], [-74.15398490147835, 40.60872721405241], [-74.15543639965593, 40.60843619333703], [-74.15735080819645, 40.608054665482626], [-74.15803727104506, 40.607917790606486], [-74.15946657074284, 40.60762857660601], [-74.16040272546344, 40.60744145100138], [-74.16135811585157, 40.60731939858143], [-74.16242018989463, 40.607189271905774], [-74.16443230140258, 40.606968024116554], [-74.16506503091118, 40.60690538719344], [-74.16582357416998, 40.606762516920654], [-74.16719274750487, 40.606412472110456], [-74.16834964836453, 40.606116690445994], [-74.16980835652495, 40.605394944361365], [-74.1705947484125, 40.6049717773797], [-74.17256480063654, 40.604165829516845], [-74.17337716483331, 40.60354167054197], [-74.17424800793171, 40.602778699529196], [-74.17491828696875, 40.602216226328494], [-74.17582749666305, 40.60152685305658], [-74.17822457273874, 40.599828061035204], [-74.18013159400533, 40.59846100785949], [-74.18204813412198, 40.59709582487136], [-74.182639891736, 40.59667773234699], [-74.18381091764637, 40.595853107276234], [-74.18497996574584, 40.59506271399535], [-74.18535754165224, 40.594803636977936], [-74.18650265431059, 40.59415737766185], [-74.1866755113796, 40.59405232092313], [-74.18693011458932, 40.59390095205977], [-74.18804615296412, 40.593243125787836], [-74.18833189439768, 40.593072053382045], [-74.18881878295322, 40.59279409980076], [-74.18942952355447, 40.59243117361801], [-74.19010164980763, 40.59202666444295], [-74.19081144089223, 40.591618486668864], [-74.19157468550902, 40.591172177190835], [-74.19232649733472, 40.59074692701845], [-74.19262602681985, 40.59057971194903], [-74.19293917311978, 40.59037956713589], [-74.19331308039234, 40.59016245151738], [-74.1934373893238, 40.59009026332948], [-74.19355684894236, 40.59002462098868], [-74.19400891535786, 40.58974972067403], [-74.19571650871923, 40.58869848805119], [-74.19704358170189, 40.58790991617416], [-74.1984828921211, 40.5871204452282], [-74.19892926463612, 40.587004710373286], [-74.19915943038994, 40.58690791757934], [-74.19986599978346, 40.58661077793338], [-74.201771811375, 40.58580927403397], [-74.20254661891467, 40.58548340898314], [-74.2044220998472, 40.58519629845604]], [[-74.13021673188935, 40.6125374510158], [-74.13072500982166, 40.61264367601103]], [[-74.07529215391295, 40.63778525762715], [-74.07601310156878, 40.637771693362204], [-74.07683997735147, 40.63775025984781], [-74.07693910889391, 40.63778161447392], [-74.0779291618041, 40.63810391893807], [-74.07854540160568, 40.63829338040615], [-74.0787883116042, 40.63826855891543], [-74.07880638069928, 40.63826585218048], [-74.07882432514349, 40.63826269977121], [-74.07884212602694, 40.63825910530267], [-74.07885976443852, 40.63825507148952], [-74.0788772214692, 40.63825060284739], [-74.07889447821121, 40.6382457047924], [-74.07891151575672, 40.638240382740776], [-74.07892831874312, 40.638234641205706], [-74.07894486826376, 40.63822848650398], [-74.0789611454119, 40.638221924952255], [-74.07897713482932, 40.63821496466593], [-74.0789928187915, 40.638207611960866], [-74.07900818075817, 40.63819987495323], [-74.07902320418802, 40.63819176085869], [-74.08055168565531, 40.63731999916], [-74.08086938855563, 40.63713963990845], [-74.0817794048058, 40.636623014098824], [-74.08302091240765, 40.63602507023357], [-74.08373397249669, 40.63573714433427], [-74.0839467141671, 40.63565410541407], [-74.08443647517873, 40.63540524849011], [-74.0857492892631, 40.63395555724305], [-74.08714129699689, 40.63223951606896], [-74.0876178166322, 40.63164751154761], [-74.08807764885836, 40.63108071613837], [-74.08820728103547, 40.63090392485857], [-74.08835621413897, 40.63073496392742], [-74.08852313606867, 40.630575614608425], [-74.08870635868816, 40.63042749996246], [-74.08890387680239, 40.630291990252985], [-74.0890097730151, 40.630231819327044], [-74.08910808518883, 40.63016348016142], [-74.08919723537664, 40.63008786191225], [-74.08927591782525, 40.63000609396604], [-74.08934312484094, 40.6299194432583], [-74.09052570845955, 40.62813916530567], [-74.09058381664744, 40.62805143498913], [-74.09159361540361, 40.62655864939982], [-74.09223971320223, 40.625742915174804], [-74.09396033895621, 40.62433925292713], [-74.09516661598181, 40.62334528184471], [-74.09538785819481, 40.62316297358415], [-74.09640364625933, 40.622334834080995], [-74.09725406825576, 40.62163332168945], [-74.09776336995105, 40.621218498812944], [-74.09967734715285, 40.61966605360224], [-74.10004426952075, 40.6193579547692], [-74.10039572622048, 40.619038962949084], [-74.10073089107831, 40.618709754397464], [-74.10104903258893, 40.61837105932105], [-74.10134946665659, 40.61802367092215], [-74.10189835112055, 40.61745221017633], [-74.10254940548978, 40.6168536850524], [-74.10350925297686, 40.616416075490136], [-74.10456063159326, 40.61596635450046], [-74.10469205639718, 40.615909150823946], [-74.10506738760161, 40.61574579687782], [-74.1053457783629, 40.61562385191328], [-74.10563044515291, 40.61549950781937], [-74.10619944597028, 40.61524940579866], [-74.10644221139675, 40.615193646092585], [-74.10706629302905, 40.61505028971054], [-74.10794933099287, 40.61485529247113], [-74.10885021112645, 40.614655238529906], [-74.10935747926841, 40.614545605726725], [-74.11145358514192, 40.61410739776184], [-74.11337449541973, 40.61380446486396], [-74.11371243541709, 40.61377689116815], [-74.11395981127679, 40.61375669962616], [-74.11414570049125, 40.613741530501045], [-74.1151322732054, 40.61366180494754], [-74.11554160643375, 40.61362916635142], [-74.11649799379913, 40.613557215604175], [-74.11684212543568, 40.61352546061451], [-74.11828430679223, 40.61341523768597], [-74.11918311058518, 40.61333857537929], [-74.11944907462747, 40.613319730543495], [-74.12044460682823, 40.61324167997067], [-74.12066258383655, 40.613224440501384], [-74.12140479404457, 40.613165016096026], [-74.1225577742259, 40.6130766310297], [-74.12407547401034, 40.612988669766146], [-74.12463658523568, 40.612952375933], [-74.12476766286792, 40.61294369678131], [-74.12559954024167, 40.612874332227314], [-74.12604860245158, 40.612836885043066], [-74.12687085279038, 40.61276831430074], [-74.12711201987479, 40.61274952322093], [-74.1278053622273, 40.612686006922395], [-74.12838117424708, 40.612640825424535], [-74.12915668129541, 40.61257959465658], [-74.12923199168199, 40.61257241659769], [-74.12930740136731, 40.61256587684795], [-74.12938290326706, 40.61255997721614], [-74.12945848556672, 40.61255471771545], [-74.12953414118196, 40.61255010015465], [-74.12960985829655, 40.61254612364644], [-74.1296856286427, 40.612542789100594], [-74.12976144395098, 40.61254009652632], [-74.12983729359212, 40.612538047736535], [-74.12991316811312, 40.61253664184143], [-74.12998905924465, 40.61253587885021], [-74.13006495635555, 40.61253575967546], [-74.13014084999305, 40.61253628342736], [-74.13021673188935, 40.6125374510158]]]}",43033.8735746
"{'type': 'MultiLineString', 'coordinates': [[[-73.9845871947639, 40.642262004332885], [-73.98512534938924, 40.641746311427426], [-73.98570910180842, 40.641185633551764], [-73.98629156768092, 40.64062495072487], [-73.98687607973523, 40.64006923691055], [-73.98745552420493, 40.63950432524483], [-73.98803983974905, 40.63894682330088], [-73.98862050539789, 40.638384561453876], [-73.98920592489623, 40.637824063905086], [-73.98978863926314, 40.63726421057528], [-73.99037329421749, 40.63670498478481], [-73.99095601258102, 40.636145710810126], [-73.99153919452314, 40.63558236353749], [-73.99211970621235, 40.63502545990595], [-73.9927003502599, 40.634466718061155], [-73.99328409357935, 40.63390582029082], [-73.99386586465896, 40.63334762998103], [-73.9944518225566, 40.63278509639384], [-73.9950344946364, 40.63223029510574], [-73.99539449086508, 40.6318807555102], [-73.9956177391314, 40.63166701696692], [-73.99619479064295, 40.63110585095108], [-73.99677888879727, 40.6305468722665], [-73.9973586039197, 40.62998632267636], [-73.99793959765215, 40.62942558104365], [-73.99854507216033, 40.62884567369668], [-73.99914908238776, 40.62826312459191], [-73.99939526828733, 40.62802872718101], [-73.99956916003796, 40.62786316111357], [-73.99973088525438, 40.627701239155726], [-74.00002347317606, 40.62742589655352], [-74.00031369480492, 40.62714458275905], [-74.00089455624503, 40.62658438434726], [-74.0015212873868, 40.625983343792804], [-74.00214819862803, 40.625379832355485], [-74.00272954941798, 40.624821506645326], [-74.00345620527585, 40.624122782608694], [-74.00389217435462, 40.62370158642631], [-74.00404586217432, 40.62355486928419], [-74.00447604880657, 40.62314418824052], [-74.00505785682351, 40.622583176061276], [-74.00563745696589, 40.62202355681892], [-74.00621887926013, 40.621464393787925], [-74.0068020527608, 40.62090565992936], [-74.00742666939541, 40.62030364139775], [-74.00805376818509, 40.61970027748453], [-74.00863712371739, 40.61914217356909], [-74.00921772752766, 40.61858223972469], [-74.00979985692992, 40.618023813858215], [-74.01038259321005, 40.61746372889836], [-74.01096176192411, 40.61690634285374], [-74.0115434716351, 40.61634493728017], [-74.01212663882035, 40.61578759893002], [-74.01270818871106, 40.615228024475336], [-74.01328877181838, 40.6146691855843], [-74.01390656477179, 40.614052361888135]]]}",13109.7210321
"{'type': 'MultiLineString', 'coordinates': [[[-74.0650770993316, 40.60120439228703], [-74.06551164399062, 40.601181686373856], [-74.065928107214, 40.60120206117885], [-74.06634339396263, 40.60134610389747], [-74.06658184795288, 40.60150536206547], [-74.06664017469859, 40.60156084996779], [-74.06673232825972, 40.601663568613276], [-74.06697337485309, 40.601995530241226], [-74.06748852622724, 40.60272484468305], [-74.06756099546979, 40.602808902782215], [-74.06760630579679, 40.60285207869432], [-74.06775792215682, 40.60296710677214], [-74.06798079793477, 40.60308010236661], [-74.06821738006485, 40.60318517920583], [-74.06890108069017, 40.6034519662137], [-74.0693014282659, 40.60362511115675], [-74.06985600134118, 40.603858704076146], [-74.07041952183647, 40.604080573040804], [-74.07099133937292, 40.6042904031388], [-74.0715707681741, 40.604487950632446], [-74.0721571460728, 40.604672975383494], [-74.07274976364923, 40.60484526701306], [-74.07334789852207, 40.6050046673942], [-74.07357160759211, 40.60505492663332], [-74.07497172051055, 40.60529201184301], [-74.07619788650698, 40.605427049226904], [-74.07668286683288, 40.60547250021306], [-74.07708413306226, 40.605515826065826], [-74.07729173362394, 40.6055382429217], [-74.077473831058, 40.605557906590505], [-74.07787479107068, 40.60560119386873], [-74.07812432464638, 40.605614063182514], [-74.07837294218369, 40.605641657016626], [-74.07861837516339, 40.60568387787132], [-74.07885843741091, 40.605740329236056], [-74.07909103699289, 40.6058103921243], [-74.07925742627913, 40.6058632732307], [-74.07943014778269, 40.60590525340255], [-74.07960733267022, 40.605935720650244], [-74.07978696238538, 40.60595435486806], [-74.07996702689684, 40.60596105568409], [-74.0817622557445, 40.60603122202118], [-74.08306446612983, 40.60615432619103], [-74.08417624696989, 40.606311649001945], [-74.08503455277068, 40.606459468260034], [-74.08570556787426, 40.6065941202104]], [[-74.08513300413682, 40.60635035115428], [-74.08570556787426, 40.6065941202104]], [[-74.08570556787426, 40.6065941202104], [-74.08596547357652, 40.60668304177657], [-74.08677967152383, 40.60697866566695], [-74.08759632701522, 40.60730471055421], [-74.08842338967835, 40.607605851198805], [-74.08874281212641, 40.60773389248681], [-74.08920674773209, 40.60791987026703], [-74.09080114118504, 40.60877808805628], [-74.09150920343976, 40.609105568650165]]]}",8334.16076714
"{'type': 'MultiLineString', 'coordinates': [[[-73.95267782484702, 40.67702698389014], [-73.9526870850288, 40.67624508867173], [-73.95276824049515, 40.67535446772177], [-73.9528490521938, 40.67446186444507], [-73.95293648355278, 40.673571479892345], [-73.95301929994167, 40.67268106627892], [-73.95310242198582, 40.67179014024299], [-73.95318618129046, 40.670898041841035], [-73.9532496674206, 40.670224888197914], [-73.9532701976612, 40.67000720501065], [-73.9532829167513, 40.669869725763746], [-73.95328980122108, 40.6697953126536], [-73.95335278199916, 40.66911459342878], [-73.95343852038926, 40.668224018135994], [-73.95352144233426, 40.66733269412008], [-73.95360651520997, 40.666440255079515], [-73.95368916051264, 40.66554919089406], [-73.95378633078114, 40.664514402814085], [-73.95384851147891, 40.66372780798356], [-73.95378528822957, 40.662946783757235], [-73.9536996870307, 40.66217391720232], [-73.95361543328758, 40.66138780445921], [-73.95353961589426, 40.6606483057259], [-73.95346175845877, 40.65993695620264], [-73.95338452874454, 40.65922655236419], [-73.95330907591543, 40.658513978890554], [-73.9532186739408, 40.657660916798946], [-73.95313898795771, 40.65691462780853], [-73.95309401061066, 40.656503161475584], [-73.95305317194145, 40.656080516875775], [-73.95295919967481, 40.65524930032676], [-73.9528272102922, 40.6539770352234], [-73.95277057799791, 40.65348603645954], [-73.95266314005852, 40.65248936362974], [-73.95256271781538, 40.651546003214385], [-73.95246901380376, 40.65066945478556], [-73.95236305727988, 40.64966893585404], [-73.95227040950664, 40.648794170537734], [-73.95218878120357, 40.64802109611796], [-73.95204923484206, 40.64677092103411], [-73.95185330728083, 40.644954079979506], [-73.95178509989466, 40.64430506684774], [-73.95165167285226, 40.64306596879664], [-73.95140598209734, 40.640766940633924], [-73.95130514580207, 40.63980772045921], [-73.95115988502934, 40.638417899069886], [-73.95092580724231, 40.63622120500595], [-73.95108831345964, 40.63607590705851]]]}",14980.4646894
"{'type': 'MultiLineString', 'coordinates': [[[-73.82594152545015, 40.764350657074964], [-73.82531533354364, 40.76297631165123], [-73.82493623552477, 40.76213045813155], [-73.8244220723365, 40.760993831101814], [-73.82414375219825, 40.76036073781476], [-73.82411120913238, 40.76028850353745], [-73.82393338807029, 40.75989375604257], [-73.82355667462697, 40.75904167869062], [-73.82317488530572, 40.758191510274095], [-73.82319506805285, 40.75809710511014], [-73.82211126095348, 40.75716696993342], [-73.82143089805963, 40.75652110839681], [-73.820869933296, 40.7560228342937], [-73.82030067779863, 40.75551497928984], [-73.81840782962693, 40.75383042163412], [-73.816624507889, 40.75224725980863], [-73.8150632188335, 40.75085808980164], [-73.81401989630118, 40.74992633924635], [-73.81336600759035, 40.74934363353978], [-73.81278268406747, 40.74878409358289], [-73.8122021964187, 40.74822592220652], [-73.81161754695721, 40.74766484320153]]]}",7380.25559424
"{'type': 'MultiLineString', 'coordinates': [[[-73.8974754520859, 40.67816325480765], [-73.89722570463304, 40.67720764929001], [-73.89686679914648, 40.67579477886362], [-73.89685197448705, 40.67573639416397], [-73.89683645685706, 40.675675640485004], [-73.89650978015936, 40.674397047326934], [-73.89618968001773, 40.673148203902095], [-73.89586724960647, 40.67189284474861], [-73.89554341858889, 40.67062578731827], [-73.89522126253154, 40.669370138037586], [-73.89483126230942, 40.66783350239226], [-73.89443917526859, 40.666296691215], [-73.8940423646388, 40.66475209359145], [-73.89365012369458, 40.66322331160173], [-73.893401864325, 40.66227159749445], [-73.89310127886623, 40.66183583756496], [-73.8916491995515, 40.65993257608722], [-73.89075543079703, 40.658708170908845], [-73.89067456511025, 40.65862678636922], [-73.89062134120911, 40.65857648690308], [-73.89057908713292, 40.658520506578164], [-73.89051062839533, 40.658429804363124], [-73.88941657746702, 40.65698028445521], [-73.88899045584856, 40.65640494846162], [-73.88886666157188, 40.65623780181544], [-73.8886828843284, 40.65598966657665], [-73.88863790410994, 40.655928933550385], [-73.88831705050187, 40.65549570939306], [-73.88731027868886, 40.65414063686016], [-73.88632861685218, 40.652818719146204], [-73.88628975413368, 40.6527689000963], [-73.88625521771502, 40.65271982373629], [-73.88569041981309, 40.65195806488839], [-73.88479047318667, 40.65077192203804], [-73.8844123460639, 40.650305957593886], [-73.88411278150197, 40.649956480167795], [-73.8837078145716, 40.64960097000423], [-73.88349551791792, 40.649410556659774], [-73.88310250186403, 40.649052715093966], [-73.8827596921418, 40.64874862127379], [-73.88241240096448, 40.6484405595549], [-73.88148178952525, 40.6476000778768], [-73.88073267574799, 40.64692762460878], [-73.88013120252327, 40.646382402480455], [-73.87986846259767, 40.64615519760238], [-73.87926860751504, 40.64561204198342], [-73.87896383565511, 40.64534414145838], [-73.87834956786341, 40.64479023252616], [-73.87796379785006, 40.644444168615045], [-73.87751948278759, 40.64404296531195], [-73.8773133913916, 40.643853240408376], [-73.87707603367629, 40.64366232094455], [-73.87690498380303, 40.64356327809793], [-73.87672302512374, 40.64347566079448], [-73.876532201015, 40.64340044373723], [-73.87625047787019, 40.64331199811327], [-73.87617767137803, 40.64328965801093], [-73.87610050251274, 40.643260983413676], [-73.87581654401295, 40.64316098155592], [-73.87567112844839, 40.64311222341699]]]}",14526.7355338
"{'type': 'MultiLineString', 'coordinates': [[[-74.11978567455878, 40.57581555598825], [-74.11903631449994, 40.57541561920112], [-74.11829687363881, 40.575022583340676], [-74.11755774420362, 40.574627750351816], [-74.11668292851947, 40.57415898139661], [-74.11644661386025, 40.57402484479999], [-74.1163316421695, 40.57396160122613], [-74.1155346037993, 40.573550028042234], [-74.11480751234811, 40.57315907351146], [-74.11402891417596, 40.57275335187001], [-74.11356889287713, 40.572503011269184], [-74.11192096651857, 40.57162668843741], [-74.11164978452558, 40.57148426407721], [-74.10981821188871, 40.57049870256923], [-74.10976158307889, 40.570466380100484], [-74.1097007843135, 40.57043539076165], [-74.10874018012166, 40.56991649378287], [-74.1066043939088, 40.56877826832039], [-74.10547294553274, 40.568255341985555], [-74.10466931631031, 40.56787712689646], [-74.10386985556333, 40.567500649431196], [-74.10307036633141, 40.56712282463981], [-74.10208938245997, 40.56664840325175], [-74.10154961573478, 40.56638585617257], [-74.10078650961886, 40.56601481829047], [-74.1000228093219, 40.5656434876832], [-74.09895201654486, 40.565123992302446], [-74.09763008085643, 40.564482170628736], [-74.09571351696373, 40.56354627687398], [-74.09543837202895, 40.563411914131066]]]}",8137.4864363
"{'type': 'MultiLineString', 'coordinates': [[[-73.8258308995677, 40.77591527151991], [-73.82625348568877, 40.774520658970324], [-73.82647720796712, 40.77311644308317], [-73.82657481840629, 40.77234539779232], [-73.82657511815724, 40.77163035238715], [-73.82656578934534, 40.77064147586057], [-73.82655841959148, 40.77013708288844], [-73.82657249889641, 40.76996122643289], [-73.82668304035356, 40.76895707736727], [-73.82669490599385, 40.76871224783883], [-73.82672653952406, 40.768467970323925], [-73.826777815148, 40.7682256223907], [-73.82684840101203, 40.76798657228282], [-73.827057765304, 40.76752853849926], [-73.82710817847358, 40.76741281816818], [-73.82722285071168, 40.76714962836632], [-73.82735061418354, 40.76685639918601], [-73.82753669508942, 40.76646353517964], [-73.82768997665339, 40.766103679363994], [-73.82786346208084, 40.765362606433065], [-73.828114263323, 40.76405635601288], [-73.8281474373839, 40.763941059705886], [-73.82819735411132, 40.76379562140871], [-73.8275159672382, 40.76242108850636], [-73.82713925060364, 40.76165204183898], [-73.82686748391384, 40.7610924364767], [-73.82654102066157, 40.76046406735797], [-73.82621138642364, 40.75982832632054], [-73.82596774489497, 40.759329438119174], [-73.8256101223493, 40.758581476843204], [-73.82557020569372, 40.75849781337367], [-73.8251846264728, 40.757648645408516], [-73.82351474066145, 40.75626569509068]]]}",7564.02105134
"{'type': 'MultiLineString', 'coordinates': [[[-73.99434692507324, 40.63981613476885], [-73.99478997034163, 40.639371759688444], [-73.9953543169859, 40.638805015465856], [-73.99594165645674, 40.63824637392086], [-73.99652060738386, 40.63768581998876], [-73.99710232529847, 40.63712626185279], [-73.99768580661048, 40.63656626942696], [-73.99826496354049, 40.63600586960816], [-73.99885057548144, 40.635446320595], [-73.9994338749582, 40.63488515752547], [-73.99971831457597, 40.63461156377924], [-74.00001544946747, 40.63432576638621], [-74.00059884638452, 40.633765470842334], [-74.00117793099729, 40.63321028729767], [-74.00176327043158, 40.63264510494374], [-74.00234722897815, 40.632084503246844], [-74.00295138905916, 40.631503510275046], [-74.00355410843295, 40.63092293738073], [-74.00377316335604, 40.6307116451302], [-74.00395134028867, 40.63053978041232], [-74.00413728050023, 40.630363965457605], [-74.00471774667913, 40.62980441432128], [-74.00529854830334, 40.62924543653757], [-74.0059263769638, 40.62864409292811], [-74.00655432402692, 40.62803972009822], [-74.00713522378675, 40.62748114716306], [-74.00783442255833, 40.62680840436271], [-74.00829968858416, 40.62636149775394], [-74.00853676729405, 40.62613283840042], [-74.00887928261919, 40.62580248374999], [-74.00946192795361, 40.62524282717004], [-74.01004189173916, 40.62468620259014], [-74.01029663212209, 40.624440887406536], [-74.01037840696723, 40.6243621295756], [-74.01062410494369, 40.624125513497624], [-74.01120610646457, 40.62356599211948], [-74.01156835771604, 40.62321804028171], [-74.01183245630413, 40.622964372891914], [-74.01212465456281, 40.622683182030826], [-74.01245837043889, 40.622362038848976], [-74.01304073246287, 40.6218028682454], [-74.01362246784497, 40.621243821705555], [-74.0142028840301, 40.62068474443507], [-74.01478487155005, 40.620124798598056], [-74.01536728864792, 40.61956361691087], [-74.01594933963796, 40.61900487270036], [-74.0165297868996, 40.61844703526559], [-74.0171110276278, 40.61788751977976], [-74.01769159628698, 40.61732594823738], [-74.01832578980816, 40.616726051635496]]]}",10727.1973639
"{'type': 'MultiLineString', 'coordinates': [[[-73.91676339508565, 40.81655735706926], [-73.91572343407897, 40.81640738923861], [-73.91419736932315, 40.816261723083024], [-73.91290024965546, 40.8161332148877], [-73.91252742285506, 40.816100646215524], [-73.91194232332602, 40.81604742630002], [-73.91101307544, 40.815976312884644], [-73.91013370525258, 40.81593210980877], [-73.90990993127292, 40.81593597751141], [-73.90912668284578, 40.81593922598916], [-73.90898486134897, 40.81595694487329], [-73.90893086502754, 40.81596369108652], [-73.90889168876588, 40.8159717862246], [-73.90873732521595, 40.816003682228505], [-73.90866130272269, 40.81602601019442], [-73.90857409135563, 40.81605162415827], [-73.90854924021258, 40.816058922791925], [-73.90836969268577, 40.81612864983028], [-73.90834731120528, 40.81613969194933], [-73.90829050941822, 40.81616771528458], [-73.90822327236403, 40.81620088473254], [-73.90820146964651, 40.81621164182622], [-73.90804696757849, 40.81630625913341], [-73.90790881689318, 40.81639259751461], [-73.90787040407146, 40.81641660470213], [-73.90780790073062, 40.81645566604087], [-73.90777098259566, 40.81647873787301], [-73.90768468754082, 40.81653266803252], [-73.90761987659171, 40.81657317091829], [-73.90756271139709, 40.816608897356424], [-73.9073282809107, 40.81675540287702], [-73.90727686553105, 40.816787534506375], [-73.9069555704816, 40.816988324290584], [-73.90665794682444, 40.81717270096783], [-73.90658564431439, 40.81721517199432], [-73.90630621908026, 40.81737084654712], [-73.90528570034833, 40.81792898645041], [-73.90499971528988, 40.81805986625328], [-73.90349650605366, 40.818723761068725], [-73.90310327481403, 40.81890185575711], [-73.90160121288349, 40.819694858019865], [-73.90085176837577, 40.82005856606124], [-73.90064572821271, 40.82016327857977], [-73.89985994873028, 40.82056261841934], [-73.89960733234572, 40.82070045211148], [-73.89948792827325, 40.82076560258682], [-73.8989333901107, 40.82106816743502], [-73.89786321922924, 40.82159775208876], [-73.89687837029749, 40.82211785785021], [-73.89586019524003, 40.82263104528334], [-73.89488228835287, 40.823134354951236], [-73.89390164454406, 40.82364311979224], [-73.89320005091189, 40.82400818170815], [-73.89294687074799, 40.82413931134579], [-73.89231384373933, 40.82446122477202], [-73.89193001380505, 40.82465640935807], [-73.89130970306735, 40.82498096852448], [-73.8911614080732, 40.825055617565006], [-73.8906792008565, 40.82529835213471], [-73.88971081274525, 40.82579964032557], [-73.88880580637334, 40.826257582982905], [-73.88789510994495, 40.82674318522514], [-73.88639957266402, 40.82750337914924], [-73.8860962425229, 40.82765577702966], [-73.88594999651568, 40.82773363433964], [-73.88587215824663, 40.8277773142273], [-73.88579426328427, 40.82782357482713], [-73.88569200538626, 40.82787730335306], [-73.88556615975007, 40.82793989087501], [-73.88541501074617, 40.828014150560804], [-73.88502638895116, 40.82818715783559], [-73.88478960315689, 40.82823605437234], [-73.88498277604415, 40.82825004909682], [-73.88538273868072, 40.82828011504558]]]}",10401.8054872
"{'type': 'MultiLineString', 'coordinates': [[[-73.95972180427441, 40.75866306349448], [-73.9595295316725, 40.758924021866356], [-73.95949263864995, 40.75897408957898], [-73.95946728649614, 40.75900816477188], [-73.95944616418922, 40.75903693747431], [-73.9594156239519, 40.75907840217308], [-73.95926369617193, 40.75928466502076], [-73.95880955467086, 40.75991278574466], [-73.95835151894548, 40.760535215628124], [-73.95794467303422, 40.76111864076855], [-73.95790133676392, 40.761180896635494], [-73.95744085450515, 40.761788957946855], [-73.95698352841512, 40.76241709709262], [-73.95652605264199, 40.76304360529925], [-73.95608241574107, 40.763666396027126], [-73.95561634989348, 40.76429028487488], [-73.95515877340507, 40.76491734125998], [-73.95470085127602, 40.7655453663804], [-73.95424809826612, 40.76616536458617], [-73.95374895641797, 40.76685238486013], [-73.95325055315972, 40.767535549049114], [-73.9527874699043, 40.76817040446676], [-73.95232050388567, 40.768806399999605], [-73.95185822079073, 40.76944043244224], [-73.95139828737193, 40.77007254589253], [-73.95093257388693, 40.77070866222946], [-73.95043175493247, 40.77138973086343], [-73.94993705218715, 40.7720736401], [-73.94947623977417, 40.77270781641937], [-73.94901002917847, 40.77334178133474], [-73.94854984963835, 40.77397726885031], [-73.94808320665496, 40.77461134677463], [-73.94762343638943, 40.77524625433918], [-73.94739651118458, 40.77555540973022], [-73.94712168391891, 40.77592982283059], [-73.94679905624479, 40.77637071261463], [-73.94662849548654, 40.776604070134645], [-73.9461705516869, 40.77723138223355], [-73.9457149855701, 40.77786095383812], [-73.94525440129684, 40.77848598086865], [-73.944775046499, 40.77914507291523], [-73.94435789496086, 40.779761092222074], [-73.94419493023754, 40.78012779064967]]]}",8927.42174587
"{'type': 'MultiLineString', 'coordinates': [[[-73.97338992865345, 40.60898922316423], [-73.973166435232, 40.60879557708888]], [[-73.97338992865345, 40.60898922316423], [-73.97302656103172, 40.608982476406894]], [[-74.01669546386678, 40.6355214755847], [-74.01597591516321, 40.63474447852359], [-74.01475422631162, 40.6339616485284], [-74.01253357330373, 40.63263336706232], [-74.01032985400622, 40.63130158391333], [-74.00922358696505, 40.63063393382961], [-74.00812858592384, 40.629973809608174], [-74.0059263769638, 40.62864409292811], [-74.00372266004076, 40.62731230776211], [-74.0015212873868, 40.625983343792804], [-73.99932090298338, 40.62465524701788], [-73.99771358990922, 40.623680269238925], [-73.99712199972454, 40.623323253753355], [-73.99491982761532, 40.62199392866374], [-73.992466141469, 40.6205094573699], [-73.99018174563396, 40.61913136256419], [-73.9880655174549, 40.61785217994609], [-73.9858598302709, 40.61652192371501], [-73.98366720774166, 40.6151853772104], [-73.98249026726339, 40.61442388553328], [-73.98143750132176, 40.61383768828493], [-73.98070684552454, 40.61340218494662], [-73.97954398799982, 40.61270748398637], [-73.97920804573464, 40.61249723306545], [-73.97846953255815, 40.61204404399224], [-73.97740717659939, 40.6114104764812], [-73.97701157225971, 40.61117276848411], [-73.9767381618564, 40.611008881635605], [-73.97635730437592, 40.61078447596021], [-73.97527772279977, 40.6101280479117], [-73.97418385390121, 40.60946350177385], [-73.97338992865345, 40.60898922316423]]]}",15635.4560744
"{'type': 'MultiLineString', 'coordinates': [[[-73.97206165349068, 40.743188030283704], [-73.97210897593583, 40.74320549087532], [-73.97223028538325, 40.74324902637756], [-73.97350834975848, 40.74378203397325], [-73.9752242003987, 40.7445046826149], [-73.97588117648395, 40.74477922446484], [-73.97735988995095, 40.7454042150823], [-73.97812378199038, 40.74572717359865], [-73.97972346468045, 40.74640287591651], [-73.98125919928668, 40.747045704992146], [-73.98134068719702, 40.74707866324761], [-73.98143281992432, 40.74711977814729], [-73.98295690984779, 40.7477643521327], [-73.98456077106897, 40.74843884222922], [-73.98607892421073, 40.74907681829343], [-73.98776905997904, 40.74978702856705], [-73.98793687506083, 40.749854966929426], [-73.98889511682081, 40.75026063407718], [-73.9906221998381, 40.750991753482175], [-73.99169668480216, 40.7514448173886], [-73.99219264758494, 40.751653936905385], [-73.99346417756955, 40.75219005470861], [-73.99630301291897, 40.75338853854494], [-73.99760199771126, 40.753928974362054], [-73.99816757769979, 40.75417322883861], [-73.99822538867893, 40.754197328169376], [-73.99825505205095, 40.754209692562014], [-73.99828807849131, 40.754222588295185], [-73.99835753011861, 40.75424389526458], [-73.99914292147596, 40.75458493328309], [-74.00050572421247, 40.755158578871786], [-74.00198507545966, 40.75578125055644], [-74.00221952714574, 40.75588456934489], [-74.00355323507445, 40.75644519134387], [-74.00480506758514, 40.75697137409189], [-74.00492684443408, 40.75702256266054]]]}",10408.2843906
"{'type': 'MultiLineString', 'coordinates': [[[-74.10315760657176, 40.60788704259994], [-74.10624476271013, 40.60805361860891], [-74.10650383437941, 40.60803671827737], [-74.10676199771206, 40.60800605102167], [-74.1070173503368, 40.6079617050691], [-74.10726804925723, 40.607903946911634], [-74.10751229907736, 40.60783324292826], [-74.10774841105267, 40.60775023771578], [-74.10788706668822, 40.607711763410514], [-74.10803282391213, 40.6076881669955], [-74.10818148969926, 40.60768037362488], [-74.10832866865826, 40.60768837572345], [-74.10838248907848, 40.60769745357909], [-74.10843550995, 40.607708940160435], [-74.10848754806881, 40.607722796018486], [-74.10853842139583, 40.6077389717978], [-74.10858795024296, 40.607757410936784], [-74.10863596199921, 40.607778049663175], [-74.10868228994464, 40.60780081429373], [-74.10872677089753, 40.60782562753992], [-74.10876924874573, 40.607852400399864], [-74.10880957682446, 40.60788104116142], [-74.10884761199542, 40.607911447302776], [-74.1088832229322, 40.60794351449008], [-74.10891628420241, 40.60797713027911], [-74.10894668099803, 40.60801217681248], [-74.10897430559125, 40.60804853082283], [-74.10899906206475, 40.608086066330046], [-74.10902086394293, 40.608124651041244], [-74.10903963538084, 40.60816415085215], [-74.10905349373095, 40.60820361659903], [-74.10906543614608, 40.608243443470585], [-74.10907544835851, 40.608283579250546], [-74.1090835160947, 40.608323968120665], [-74.10908962862847, 40.60836455606013], [-74.10909377641237, 40.60840528724602], [-74.1090959546282, 40.6084461076517], [-74.1090961619995, 40.60848696144613], [-74.10909439488805, 40.60852779370092], [-74.10909065910711, 40.60856854857811], [-74.10908495692638, 40.60860917114346], [-74.1090772977039, 40.60864960555543], [-74.1090676908022, 40.60868979867395], [-74.10905615030578, 40.608729694652745], [-74.10903002417587, 40.608794226544525], [-74.10899827705747, 40.608857276998414], [-74.10896105381228, 40.608918563108425], [-74.1089185194015, 40.60897780825267], [-74.10887086716325, 40.609034745687616], [-74.10881831054282, 40.60908911945649], [-74.10876108663658, 40.609140683485734], [-74.10869945501896, 40.60918920698931], [-74.10863369064568, 40.609234469972854], [-74.10856409095513, 40.60927627043141], [-74.10849096876838, 40.60931441805264], [-74.10841465466424, 40.6093487414189], [-74.1083354910692, 40.60937908711229], [-74.10825383461786, 40.60940531791174], [-74.10720165629485, 40.6096922378436], [-74.1054341692844, 40.60982654755375], [-74.1037683338054, 40.60991001104477], [-74.10162842020114, 40.610066416587074], [-74.1008025311631, 40.61011003571477], [-74.09988110877117, 40.61014716625739], [-74.09935870207056, 40.61017201416852], [-74.09843807953764, 40.610215798113316], [-74.09748867640522, 40.610259790008044]], [[-74.10185451408137, 40.60833292762175], [-74.10258068623443, 40.60793343154524], [-74.1025907259089, 40.6079309551537], [-74.10260080112707, 40.607928541766086], [-74.1026109000578, 40.607926181487244], [-74.10262103451979, 40.60792387610763], [-74.1026312045255, 40.60792163373197], [-74.10264139824534, 40.6079194453655], [-74.10265161568059, 40.60791731190887], [-74.10266186865826, 40.607915240555535], [-74.10267214536391, 40.60791323221671], [-74.1026824457824, 40.60791127698657], [-74.10269276993165, 40.6079093865719], [-74.10270311779371, 40.607907549265896], [-74.10271348939634, 40.60790578307901], [-74.10272388470077, 40.60790406279668], [-74.10273430374862, 40.607902415434395], [-74.10274474650797, 40.60790082028031], [-74.10275520118107, 40.60789928905174], [-74.10276566775269, 40.60789781184285], [-74.10277615806783, 40.607896407554094], [-74.10278667327621, 40.607895055472405], [-74.10279719803528, 40.60789376731826], [-74.1028077358884, 40.60789254218801], [-74.10281828565546, 40.607891380983226], [-74.1028288473337, 40.60789028190283], [-74.10283943272513, 40.60788923593106], [-74.10285001822996, 40.60788826380102], [-74.10286061563215, 40.60788734479022], [-74.10287122496091, 40.607886497809474], [-74.10288183437267, 40.607885704859044], [-74.10289245569582, 40.607884974033006], [-74.10290308893447, 40.607884308032865], [-74.10291372226729, 40.60788370326721], [-74.1029243675296, 40.607883172332734], [-74.10293500105783, 40.60788269453856], [-74.10294564648505, 40.607882270764065], [-74.1029562920233, 40.60788191903026], [-74.1029669376586, 40.60788163033194], [-74.10297759520549, 40.607881403758], [-74.10298822922066, 40.60788124204175], [-74.10299887514608, 40.60788114154936], [-74.10300952115763, 40.60788109688827], [-74.10302015546176, 40.60788112247741], [-74.1030307780362, 40.60788120390846], [-74.10304140072044, 40.6078813564797], [-74.10305202348816, 40.60788156308121], [-74.10306263453741, 40.6078818327288], [-74.1030732338669, 40.60788216452193], [-74.10308382148072, 40.607882561162235], [-74.10309439737479, 40.60788301994808], [-74.10310497335105, 40.60788353186367], [-74.10311552580987, 40.60788411764222], [-74.10312606653513, 40.60788475656115], [-74.10313659554217, 40.60788545852616], [-74.10314711283094, 40.6078862235373], [-74.10315760657176, 40.60788704259994]], [[-74.10194169240069, 40.608410565394074], [-74.10250086962074, 40.608063943390185], [-74.10265821607429, 40.608006483824695], [-74.102820939871, 40.6079576030103], [-74.10298783645321, 40.607917695531896], [-74.10315760657176, 40.60788704259994]]]}",6107.89112713
"{'type': 'MultiLineString', 'coordinates': [[[-73.83266885204297, 40.700107999069395], [-73.8324480530324, 40.70060160151045], [-73.83239146415247, 40.70068432945402], [-73.83233509277638, 40.700765203528356], [-73.83227666161375, 40.700869920174], [-73.83223434424175, 40.7009155991903], [-73.83219000512895, 40.70096015230277], [-73.83214369409855, 40.70100352825244], [-73.83209546570484, 40.70104567668779], [-73.83204537568368, 40.7010865481596], [-73.8319934833142, 40.70112609592512], [-73.8319398490594, 40.70116427324363], [-73.83188453337583, 40.7012010360758], [-73.83182760381784, 40.70123634129327], [-73.8317691232026, 40.70127014756192], [-73.8317091614405, 40.70130241625946], [-73.83164778844018, 40.70133310966427], [-73.83158507647249, 40.70136219185937], [-73.8315210954379, 40.70138962872537], [-73.83062914598693, 40.701616546729745], [-73.82973796739886, 40.70184039541749], [-73.82946917891248, 40.70191018352673], [-73.82884805791875, 40.702065797883726], [-73.82795308006618, 40.70228996119771], [-73.82706578378989, 40.70251505662562], [-73.82607186979465, 40.702772078460214], [-73.82517586713433, 40.70299178811257], [-73.824269933887, 40.70321932810997], [-73.82387070854287, 40.70332224094596], [-73.82338938649016, 40.703443279869504], [-73.82270811402385, 40.70362481164669], [-73.82245890368952, 40.70365553125924], [-73.82153982928097, 40.70372886159391], [-73.82028159768763, 40.703811083922474], [-73.81937677636796, 40.70387122582061], [-73.81832991402013, 40.70394732954557], [-73.81755020058229, 40.70400233334624], [-73.81719990348053, 40.70402238131321], [-73.81709738766082, 40.704029800783715], [-73.81702768167558, 40.70403349917096], [-73.81640046760226, 40.704083352430196], [-73.81524272780936, 40.704202438907274], [-73.81443931873396, 40.704402151072415], [-73.81278059604765, 40.704873962818176], [-73.81190436258612, 40.70512393966988], [-73.81058877743689, 40.7054960718062], [-73.80968985449934, 40.705746255617655], [-73.80900071095436, 40.70594887427315], [-73.80849333102327, 40.70608674545788], [-73.80658872772295, 40.70663390983021], [-73.8044998745636, 40.707227790758004], [-73.8027872148266, 40.70771580221158], [-73.80185728181894, 40.707979874735685], [-73.8010769975549, 40.70820173024045], [-73.80022185255517, 40.708445801304656], [-73.79930425312166, 40.708698230979664], [-73.79898152106675, 40.70880099276242], [-73.79818392370315, 40.709024392340055], [-73.79776810219917, 40.70914318771664], [-73.79731400724391, 40.709270198931534], [-73.79639418060341, 40.70953157961848], [-73.79561668928272, 40.709753078884404], [-73.79473052310117, 40.71001246187795], [-73.79389609984854, 40.710352328540075], [-73.79303800041988, 40.7107110753804], [-73.79202854717181, 40.71106937138718], [-73.79101410671865, 40.711432584303964], [-73.79021544225252, 40.711717044597414], [-73.78941412196158, 40.711997532234925], [-73.78928335099886, 40.71203172856864], [-73.78914879665305, 40.71205688567606], [-73.78901209541233, 40.71207270937396], [-73.7890015760948, 40.712072636062935], [-73.78899105460997, 40.71207249971104], [-73.78898053447969, 40.71207230932986], [-73.78897000265775, 40.712072073900636], [-73.7889594592012, 40.71207177541318], [-73.78894892893348, 40.71207142291815], [-73.78893838581924, 40.71207101636779], [-73.78892784169284, 40.71207055578381], [-73.78891729892112, 40.71207004117056], [-73.78890676933835, 40.71206947254973], [-73.78889622575426, 40.712068840866344], [-73.78888568349643, 40.71206816415878], [-73.78887515445616, 40.71206742443852], [-73.78886461254108, 40.71206663966802], [-73.78885408266018, 40.7120657918827], [-73.78884356478498, 40.71206489008763], [-73.78883304589777, 40.712063934259], [-73.78882252954894, 40.712062924403234], [-73.78881202286757, 40.7120618515283], [-73.78880153053034, 40.712060733653054], [-73.78879103602628, 40.712059552736996], [-73.78878055586645, 40.71205832682057], [-73.78877008537421, 40.71205703788502], [-73.78875961742041, 40.712055694922356], [-73.78874917209488, 40.712054306974665], [-73.78873873762039, 40.712052856009954], [-73.78872830568447, 40.712051351018154], [-73.78871789522202, 40.71204979203405], [-73.78870749913241, 40.71204817904457], [-73.78869712454481, 40.712046503057664], [-73.7886867524674, 40.71204478204883], [-73.78867640186346, 40.712043007047626], [-73.78866607628335, 40.71204117806068], [-73.7886557627094, 40.71203929506399], [-73.78864546114157, 40.71203735805764], [-73.78863519524855, 40.71203536708509], [-73.78862492949891, 40.71203333108619], [-73.78861470063603, 40.71203123211822], [-73.788604482596, 40.712029079138375], [-73.78859430020219, 40.71202688119746], [-73.78858412863133, 40.712024629244674], [-73.7885739820845, 40.71202232330619], [-73.78856385937823, 40.712019963379745], [-73.78855376048409, 40.71201755847054], [-73.78854369729345, 40.71201509059005], [-73.78853364726409, 40.71201257770724], [-73.78852363051425, 40.712010019858994], [-73.78851365065144, 40.712007399041696], [-73.78850368276655, 40.71200473321989], [-73.78849375171153, 40.712002022439194], [-73.78848385514809, 40.71199925769026], [-73.7884739812421, 40.71199643895129], [-73.78846414534947, 40.71199357525563], [-73.78845433093078, 40.711990657567824], [-73.78844455334212, 40.711987694921184], [-73.78843481139997, 40.711984687313524]], [[-73.78843481139997, 40.711984687313524], [-73.78784678434671, 40.7118108326403], [-73.78742040721006, 40.711847678522524], [-73.78699598683417, 40.71190160918512], [-73.78657528663439, 40.71197249284239], [-73.78616005861183, 40.712060071640785], [-73.78575198421912, 40.71216395254303], [-73.78535272167598, 40.712283616419114], [-73.78446144510016, 40.71249390494424], [-73.78356075673962, 40.712710787651694], [-73.78262547472512, 40.71293754867317], [-73.78247043372225, 40.712976581230365], [-73.78236650049418, 40.71300274281722], [-73.78227126605054, 40.71302512960171], [-73.78178273985743, 40.713139992609804], [-73.78058892902355, 40.7134281750512], [-73.78042034195114, 40.713468709903346], [-73.77998005205058, 40.71357457108268], [-73.779725535762, 40.713635769530505], [-73.77957164861009, 40.71367415922872], [-73.77886957443818, 40.713849297192674], [-73.77800119647388, 40.714051123898855], [-73.77730633908472, 40.714209316790814], [-73.77712347023478, 40.714261994130744], [-73.77618628398253, 40.7144855744071], [-73.77571458410509, 40.714598454259985], [-73.7752992788314, 40.71469631364464], [-73.7744423815341, 40.71490504287101], [-73.77357135254394, 40.71512009555411], [-73.77275859332305, 40.715397221005404], [-73.77192122127673, 40.715685044091444], [-73.77110410786804, 40.71597506260279], [-73.77007984821348, 40.716327202452725], [-73.76922535834917, 40.716626588374204], [-73.76913914107885, 40.716656798833114], [-73.76906210721957, 40.71668376779143], [-73.76870434978392, 40.716809028692275], [-73.76817990611397, 40.716995220280175], [-73.76733228153851, 40.71728979634119], [-73.76664095260521, 40.71764661317011], [-73.76539794586664, 40.718356032667685], [-73.76446951778081, 40.718890392612636], [-73.76360774194171, 40.71928214160773], [-73.76276615434857, 40.71963876071797], [-73.76240333752867, 40.71980858142499], [-73.76196994925179, 40.720003609952144], [-73.7611382716692, 40.72032917625742], [-73.76030623158753, 40.720646642892454], [-73.75950094119754, 40.72102737270782], [-73.75944143006075, 40.72106344360061], [-73.7593851056474, 40.72109870705872], [-73.75867569138445, 40.721599815688535], [-73.75797430229888, 40.72209073579547], [-73.75728555090267, 40.722570321892846], [-73.75654652509905, 40.72308760920045], [-73.75577120999083, 40.72364021574054], [-73.7549691942871, 40.72415964747274], [-73.75409142369607, 40.724691906239194], [-73.75335449659363, 40.72514397137302], [-73.75260815962635, 40.72558048762919], [-73.75172092424319, 40.72600607016433], [-73.75083049666436, 40.726430772661665], [-73.7500344637004, 40.72680968495736], [-73.74921167137532, 40.72720079845089], [-73.74842294228444, 40.72757786135828], [-73.7476352460849, 40.728026772117225], [-73.74718646767302, 40.728300001809316], [-73.74711635998818, 40.72833973155727], [-73.74685714079057, 40.728497409923875], [-73.74644521175836, 40.728722045031674], [-73.74636298481971, 40.72876688145458], [-73.74609812466498, 40.7288756190447], [-73.74535473699899, 40.72934431509447], [-73.74479177374053, 40.729741500448846], [-73.74468241609814, 40.72981020845345], [-73.74459881842273, 40.72986549012136], [-73.74421299533006, 40.73012063136425], [-73.74403959740447, 40.7302371406602], [-73.74398488468094, 40.7302785785727], [-73.74393253709373, 40.730315382279315], [-73.74386121709479, 40.73036240599966], [-73.74363087188992, 40.73051428078341], [-73.74352957815387, 40.73057278663102], [-73.74323138588014, 40.73074502044943], [-73.74272363976036, 40.73100708885855], [-73.74226146953576, 40.731276569207225], [-73.74218029211777, 40.73132702418627], [-73.74158952734193, 40.73168119428434], [-73.74055965824004, 40.732280231614915], [-73.73909276071319, 40.73293873976218], [-73.73889201851438, 40.73301832228003], [-73.7380076553425, 40.733264990053854], [-73.73708484130287, 40.73341740571288], [-73.73662254717372, 40.73344494956935], [-73.73612772556486, 40.733474425182436], [-73.73557016533937, 40.733464078055235], [-73.73545507285681, 40.733461562431664], [-73.73526481517277, 40.73345427320042], [-73.73426079692683, 40.733296945569954], [-73.73331894368845, 40.733119312424684], [-73.73321009166206, 40.733098780751405], [-73.73309460908156, 40.733072659435834], [-73.73218630477331, 40.73286716086868], [-73.7310656894927, 40.732678483533235], [-73.73078948480389, 40.73266321112097], [-73.73078936055309, 40.73266319912385], [-73.73078923625867, 40.7326631979327], [-73.73051118232868, 40.73266204146474], [-73.73051105803786, 40.73266203937284], [-73.7305109337034, 40.73266204808698], [-73.73023264446721, 40.73267515451276], [-73.72995615599567, 40.73270249708824], [-73.72995603284849, 40.73270250490409], [-73.72995591913147, 40.73270252264766], [-73.72968334196972, 40.732743810071376], [-73.72968307898874, 40.73274385357918], [-73.72968281715141, 40.73274390699528], [-73.72941560037707, 40.7327987824945], [-73.72821119796534, 40.733057798056166], [-73.72723074671278, 40.733268638318016], [-73.72636605395265, 40.73345457874444], [-73.72602947199118, 40.7335263687704], [-73.72546408127549, 40.73364974411772], [-73.72524573819672, 40.73369550881174], [-73.72455548555293, 40.733844947826775], [-73.7240436934658, 40.733939627999966], [-73.72365005358289, 40.73403244448039], [-73.72359130298341, 40.734046054302276], [-73.72326381470936, 40.73412192929713], [-73.72317020726496, 40.734142100015035], [-73.72282413615329, 40.73421666746923], [-73.72274953890727, 40.734234723271115], [-73.72267503521219, 40.734247358164865], [-73.72224265964572, 40.73434512031854], [-73.72214127532675, 40.73436804592188], [-73.7217779731618, 40.734441001766065], [-73.72105361325877, 40.73459796474456], [-73.72014995725777, 40.73479187687352], [-73.719247775256, 40.734985911584296], [-73.71834543546788, 40.7351796155648], [-73.7174411707856, 40.73537373910501], [-73.71653912554223, 40.735568076237975], [-73.71563756114018, 40.73576223730331], [-73.71473898627214, 40.73595371519632], [-73.7138832111592, 40.73612397729849], [-73.71379292339014, 40.73614197031014], [-73.71370155756998, 40.73616012266319], [-73.71364699409898, 40.73617093723278], [-73.71353825326815, 40.73619912298631], [-73.71283184344472, 40.736363517188444], [-73.71193055601225, 40.73655705561686], [-73.71102685822757, 40.73675101319714], [-73.71012448993424, 40.73694566043502], [-73.709220342529, 40.73713984586177], [-73.70831903087233, 40.737333824262514], [-73.70741787931033, 40.737528426382724], [-73.7065140505708, 40.73772191601156], [-73.7055746881832, 40.73792335829789], [-73.70463882422187, 40.73812484692906], [-73.7037363375129, 40.73831905664519], [-73.70283507851953, 40.73851287524476], [-73.70191217714117, 40.73871091722309], [-73.70129774644917, 40.73883075933945], [-73.70098279463201, 40.73889567944069], [-73.7005980008489, 40.73902167900409], [-73.70044059717237, 40.73906161264932], [-73.70000906326779, 40.73932341203558]], [[-73.78858167963573, 40.71233184746011], [-73.78851625483567, 40.71227650241046], [-73.78851615452113, 40.712276414876406], [-73.78851608852902, 40.71227632650487], [-73.78846557731461, 40.7122098568661], [-73.78846545592143, 40.71220969905323], [-73.78846539251346, 40.712209542247415], [-73.78843413455694, 40.71213566612931], [-73.78843405937201, 40.71213549129157], [-73.78843403157566, 40.7121353003317], [-73.78842410830684, 40.712058920367724], [-73.7884240885716, 40.712058799662685], [-73.78842410442209, 40.71205865290815], [-73.78843481139997, 40.711984687313524]]]}",40558.1878358
"{'type': 'MultiLineString', 'coordinates': [[[-73.87653591376488, 40.70554066362659], [-73.87618740389252, 40.70600678618238]], [[-73.87676442668518, 40.705648015439714], [-73.87618740389252, 40.70600678618238]], [[-73.87618740389252, 40.70600678618238], [-73.87604480500295, 40.7061754220312], [-73.87533628196041, 40.706623269561945], [-73.87504258475131, 40.70681035220628], [-73.87475692895086, 40.70697167469174], [-73.87452530321286, 40.707127375844], [-73.87377533081317, 40.70755514205497], [-73.87373262236325, 40.70757642924803], [-73.87368982769254, 40.707597615473254], [-73.87364694561956, 40.707618699828764], [-73.87360397851113, 40.707639682317], [-73.87356092518394, 40.70766056293661], [-73.87351778682155, 40.70768134168876], [-73.87347456224241, 40.70770201767158], [-73.87343125499503, 40.70772259178939], [-73.8733878638995, 40.70774306223972], [-73.87334438777091, 40.70776342992175], [-73.87330083015951, 40.70778369483931], [-73.87325718870035, 40.70780385608909], [-73.87321346457523, 40.7078239145729], [-73.87316966015445, 40.707843868492176], [-73.87217242336158, 40.708319816195456], [-73.87193887647611, 40.70841231115724], [-73.87186242240074, 40.70844630415532], [-73.87063970888083, 40.709004114049726], [-73.8704925978668, 40.70907445422514], [-73.87017880112887, 40.70923187136573], [-73.86939706656771, 40.709526375740225]], [[-73.87021218430343, 40.70941847528138], [-73.86939706656771, 40.709526375740225]], [[-73.86939706656771, 40.709526375740225], [-73.86661823192276, 40.710401648786984], [-73.86557714640342, 40.71065921790371], [-73.8650098204167, 40.710776908307665], [-73.8620787267731, 40.71220106033147], [-73.85978566494933, 40.71331129571861], [-73.85965416874048, 40.713379961591116]]]}",5983.77704952
"{'type': 'MultiLineString', 'coordinates': [[[-73.98993015600895, 40.729559419910245], [-73.98966262663117, 40.72985838304898], [-73.98946844589189, 40.7301209780466], [-73.98905157169388, 40.730723064140946], [-73.9886128971401, 40.7313225800745], [-73.9881530764899, 40.73196520845027], [-73.98768320914463, 40.732603709532185], [-73.98718049621665, 40.73329214716899], [-73.98667933249742, 40.73397805499996], [-73.98621267201187, 40.734617691221395], [-73.98579439969907, 40.73519968186264], [-73.98536080158502, 40.735789930249766], [-73.98493339298456, 40.73637638482823], [-73.98450757517078, 40.736962486789494], [-73.98437406002978, 40.73714545730441], [-73.98431188053459, 40.73723066658777], [-73.98408212944203, 40.73754551644999], [-73.98363145031114, 40.73816524559405], [-73.98314654791653, 40.73883181231434], [-73.9826675980156, 40.739498439963114], [-73.98221134559405, 40.74011453440157], [-73.98176150811346, 40.74073311249583], [-73.98131180575278, 40.741350923371456], [-73.98085965460861, 40.741969767614876], [-73.98040998065075, 40.742587160635765], [-73.97995899814923, 40.74320519998577], [-73.97950790958919, 40.743825200603226], [-73.97905849562405, 40.74444355177825], [-73.97860713401954, 40.745057830495234], [-73.97812378199038, 40.74572717359865], [-73.97763647902343, 40.74639165651291], [-73.97718733816704, 40.74701018032203], [-73.97673494373818, 40.74762789031358], [-73.97651086682119, 40.74793726329701], [-73.97643926322125, 40.748036123359206], [-73.97628766920627, 40.74824542122936], [-73.97584137859138, 40.74888595489188], [-73.97538295845322, 40.74948305817203], [-73.97493471200715, 40.75009962803073], [-73.97444451615814, 40.75076469254376], [-73.97395914684239, 40.75144102042782], [-73.97350255844735, 40.752064931686824], [-73.9730450260775, 40.75269162252293], [-73.97258874996044, 40.75331788764786], [-73.97213617329949, 40.75394323419068], [-73.97167699177709, 40.75456963086838], [-73.97121704489989, 40.7551933239537], [-73.97075919386064, 40.75582485097655], [-73.97031393573373, 40.75645301868453], [-73.96984859886265, 40.75707595733347], [-73.96939411367842, 40.75769952728565], [-73.96893510353424, 40.75833009109353], [-73.96847979642754, 40.75895012712825], [-73.96804993377293, 40.75958889346555], [-73.96796736243918, 40.75962111310892], [-73.96752074060292, 40.76024888479192], [-73.96724618291026, 40.76063112892137], [-73.96715838342679, 40.76075738078948], [-73.96706274890032, 40.76088958718664], [-73.96703649660044, 40.76092299650338], [-73.96658338491972, 40.76155093457678], [-73.9661274730316, 40.76217929952991], [-73.9656695988095, 40.76280455529844], [-73.96521328088386, 40.763431358529445], [-73.96475544963111, 40.76405706982465], [-73.96429790392352, 40.76468198689011], [-73.96384291111073, 40.765309685442055], [-73.9634015422111, 40.76591119081001], [-73.96292865845774, 40.7665586280077], [-73.96246999034821, 40.767184933012736], [-73.96201413192377, 40.767812308662094], [-73.96154785605444, 40.768431581647235], [-73.96110997011155, 40.76906440765144], [-73.96060180691747, 40.76974918678575], [-73.96010955239223, 40.770432211338594], [-73.95964440772252, 40.77106426572976], [-73.95918180056893, 40.77169682336715], [-73.95871707479046, 40.77233167461416], [-73.95857052626253, 40.77253279530793], [-73.9582553495598, 40.7729653363525], [-73.95779380449535, 40.773599896752394], [-73.95729410078144, 40.77428355453578], [-73.95679749090898, 40.77496631074263], [-73.95658387377055, 40.77525931708212], [-73.95633492310648, 40.77560078368892], [-73.95586933703389, 40.7762362261077], [-73.9554072979579, 40.7768684801813], [-73.95494520054973, 40.77750394621539], [-73.95448224191584, 40.77813866438246], [-73.95398370228085, 40.77882210971553], [-73.95375828695137, 40.77913141223732], [-73.95371393382197, 40.779192271081534], [-73.95349212427195, 40.779496622653085], [-73.95303367925406, 40.78012545546148], [-73.95257421951484, 40.780753034273815], [-73.95212203240764, 40.78138670971685], [-73.95165920754408, 40.78200767368561], [-73.95119927304125, 40.78263339161336], [-73.95073913841729, 40.78326171001325], [-73.95028254890173, 40.78389046929434], [-73.94982390395477, 40.784515569778385], [-73.94933170631144, 40.78519312585087], [-73.94882667166475, 40.78588117480139], [-73.94865477828992, 40.786111839196714], [-73.94861743073517, 40.78616195705949], [-73.94839517777642, 40.786460184814445], [-73.94833227589456, 40.78654843006525], [-73.94829274019496, 40.78660389401482], [-73.94825639253142, 40.78665488659232], [-73.94806751686045, 40.786919859659214], [-73.9479244088568, 40.78712062485199], [-73.94746093898735, 40.78775316960878], [-73.94732434946394, 40.78794060058333], [-73.94729200300827, 40.787984987699446], [-73.94700239167173, 40.788382391858825], [-73.94655555387304, 40.788996201082355], [-73.94647051180354, 40.78911210920856], [-73.94643016893603, 40.7891670930572], [-73.94607668651025, 40.78964885915231], [-73.94600536793358, 40.789746873189614], [-73.9459864052005, 40.78977293470255], [-73.94563352427363, 40.7902531093937], [-73.9451682977817, 40.79089401216715], [-73.94467601911843, 40.791569539575285], [-73.94418267706756, 40.79224513633942], [-73.94372376026509, 40.792873750625176], [-73.9432725119286, 40.79348810287616], [-73.94281007343203, 40.79413145196437], [-73.94234988114135, 40.794755324244015], [-73.9418760470336, 40.795405868666165], [-73.94176092076724, 40.79556314681569], [-73.94170257563373, 40.795642854794174], [-73.94142001717387, 40.79602886483058], [-73.9413872027108, 40.79607369304538], [-73.94133541722279, 40.79614443698935], [-73.94115617743996, 40.79638929420496], [-73.94109782967331, 40.796469001866356], [-73.94103477069672, 40.79655514566136], [-73.9409804112163, 40.79662940907849], [-73.94090897613145, 40.796726993866436], [-73.94085391878491, 40.7968022050906], [-73.94075667003825, 40.79693505091171], [-73.9407015981098, 40.797010282764845], [-73.94051828077599, 40.7972607010478], [-73.94002175130942, 40.79794639941219], [-73.93987130354557, 40.79815057776542], [-73.93952131781813, 40.79862555589356], [-73.93905001602971, 40.799255915768285], [-73.93858382763602, 40.799891846871624], [-73.93814457513149, 40.800509732774344], [-73.93768600405929, 40.80114091588415], [-73.93722752199687, 40.8017690174524], [-73.93676968378777, 40.80239634306306], [-73.93631004864291, 40.80302373784447], [-73.93581613210057, 40.80369990068261], [-73.93532612050988, 40.804370470529875], [-73.93486981087139, 40.80499407915713], [-73.93462523876279, 40.805323988794356], [-73.9343906318086, 40.805638529355754]]]}",31706.9082139
"{'type': 'MultiLineString', 'coordinates': [[[-73.84464465788183, 40.68070032765794], [-73.8446433952762, 40.68059238113786], [-73.84464072668553, 40.6803649234769], [-73.84463991165455, 40.680295377348315], [-73.84455847000882, 40.68006749090432], [-73.8445335472515, 40.680001440422636], [-73.84443894073569, 40.67971285934242], [-73.84436174217895, 40.67942112290053], [-73.84430219759571, 40.679127158996224], [-73.84426668281411, 40.6788763271676], [-73.8442550345648, 40.678789041505475], [-73.84411602302089, 40.678036724331356], [-73.8439201725615, 40.67735847831893], [-73.84372399942427, 40.676738873084396], [-73.84352146170785, 40.6760608144057], [-73.84350415594383, 40.67600197004959], [-73.84330267696008, 40.67531216152217], [-73.84326804910846, 40.6750583218442], [-73.84320070261238, 40.6746057206162], [-73.84319245051415, 40.6744432021831], [-73.84323093965332, 40.673747984810475], [-73.84328499886892, 40.673207757567155], [-73.84317936491057, 40.6721512617522], [-73.84300808270349, 40.67142270016618], [-73.84291597236229, 40.67107652296287], [-73.84278843529148, 40.6706033676197], [-73.84277485596915, 40.670548006000615], [-73.84269739091152, 40.67019632122415], [-73.84243585464735, 40.66928855655794], [-73.84229542266122, 40.66881391775518], [-73.84227237925855, 40.66873604637358], [-73.84222689411273, 40.66858100502154], [-73.84214587739044, 40.668298032470936], [-73.84205059582297, 40.6679612884023], [-73.84203213687057, 40.667895434355465], [-73.84200903244341, 40.66781862543821], [-73.84191209192032, 40.66746886648245], [-73.84185391357742, 40.66720627585559], [-73.84183645124018, 40.66703450610802], [-73.84173159422495, 40.66658791246496], [-73.84160470796516, 40.666145655879966], [-73.84158407507957, 40.666074342518094], [-73.84156545582219, 40.66600668712495], [-73.84149184506381, 40.6657548830201], [-73.84129007214291, 40.664962842908935], [-73.84120708457115, 40.66454754480677], [-73.84111769667904, 40.66419332889266], [-73.84070280282151, 40.66252295139132], [-73.84029097813166, 40.66084868696312], [-73.83986459471468, 40.65917410416783], [-73.8394653595534, 40.6574990611449], [-73.83904551619565, 40.6558316419549], [-73.8386366272147, 40.654156041533106], [-73.83820595706177, 40.65245113640543], [-73.83780389236544, 40.650815674447], [-73.83738778836782, 40.64911814873464], [-73.83658954997927, 40.64589246468663], [-73.8363307479553, 40.64532114926093]]]}",13118.8428041
"{'type': 'MultiLineString', 'coordinates': [[[-73.9688899590849, 40.575261238432134], [-73.96897818293085, 40.57517933167636], [-73.96914386453135, 40.575055167861535], [-73.96932304996773, 40.5749419388797], [-73.96941842717354, 40.574891390855775], [-73.96951380541599, 40.574840842752785], [-73.96976664642888, 40.57475823242116], [-73.97002691198999, 40.57468823081261], [-73.9702929332322, 40.574631385864635], [-73.97056299887227, 40.57458806901564], [-73.97083532568706, 40.574558457187706], [-73.97118697323833, 40.57454368726905], [-73.9715404320411, 40.57454333411957], [-73.97189416933624, 40.574557532426184], [-73.97224665005825, 40.574586289920184], [-73.97259632502741, 40.57462946486099], [-73.97294168406195, 40.574686829085664], [-73.97328127372074, 40.574757986064114], [-73.97336342951563, 40.574773666163246], [-73.97352840297737, 40.57480402495449], [-73.97374066897848, 40.574845276266], [-73.9739532414833, 40.574885597913344], [-73.97416611339743, 40.574924989893276], [-73.97437927880831, 40.574963450401704], [-73.97459273062182, 40.57500097853501], [-73.97480646056343, 40.57503757158811], [-73.97502046271968, 40.57507322955832], [-73.97523472881534, 40.57510795154173], [-73.97544925293738, 40.57514173573454], [-73.97566402799146, 40.57517458123334], [-73.97587904688359, 40.5752064862342], [-73.97609430251859, 40.575237451634784], [-73.97630978780265, 40.57526747473072], [-73.97652549446026, 40.57529655461854], [-73.97659181756958, 40.57530307804264], [-73.97668422826249, 40.57531216781735], [-73.9778679889963, 40.57543046522005], [-73.97877963947391, 40.57549604231938], [-73.97963850334689, 40.57553673035659], [-73.9806435966107, 40.57555270110057], [-73.9812181261717, 40.57556893206226], [-73.98173293002148, 40.575549914951985], [-73.98239606617557, 40.575513475203365], [-73.9829171162113, 40.575469094977265], [-73.98342313376075, 40.57541478644108], [-73.9845190303209, 40.575303751602625], [-73.98557308943097, 40.575149962175395], [-73.98572242280797, 40.575116805513254], [-73.98660774867255, 40.57489309579713], [-73.98693963698764, 40.57479653115186], [-73.98702986331409, 40.57477027938037], [-73.98763474305557, 40.574594281847695], [-73.98868638981554, 40.57429467768432], [-73.98968697879326, 40.57400455084237], [-73.98982121775619, 40.57396609781236], [-73.98992499059739, 40.573936371641835], [-73.99071712205296, 40.57370945578047], [-73.99086419728897, 40.57366940953947], [-73.99094831561855, 40.57364650505382], [-73.99174340429795, 40.57343001131794], [-73.99277258979261, 40.57319823163246], [-73.99382750892147, 40.57301290216962], [-73.99490444370674, 40.572873040485945], [-73.99568523443284, 40.57280999522253], [-73.99579140479506, 40.57280142256523], [-73.99596084555569, 40.57278773977389], [-73.99636029771013, 40.572774031831564], [-73.99644946176882, 40.5727709719379], [-73.99678403624218, 40.572759488396414], [-73.99686813038059, 40.57275660183699], [-73.99704433384163, 40.572750554080024], [-73.99714601235895, 40.57275076647335], [-73.99740979334764, 40.572751316640705], [-73.99750151753335, 40.572751507782435], [-73.99808758441714, 40.572752728438466], [-73.99915261128555, 40.57281231093205], [-73.99939056699611, 40.57283710928537], [-73.99947706310753, 40.57284612306208], [-74.00030997997814, 40.57293292089407], [-74.00142189841846, 40.57310184191326], [-74.00254829153573, 40.573327043635615]]]}",9628.12342274
"{'type': 'MultiLineString', 'coordinates': [[[-73.76292754667989, 40.76124691638126], [-73.76239510620401, 40.75949699705576], [-73.76199745928324, 40.75810219050539], [-73.76176692867814, 40.75727880159637], [-73.76185572283705, 40.75651697498716], [-73.76192713851334, 40.755772853233104], [-73.76189611068304, 40.75565400211996], [-73.76184343991966, 40.7555372683738], [-73.76176970638554, 40.75542602106677], [-73.76167669865222, 40.75532347597314], [-73.76156723728282, 40.755232352117154], [-73.76144497428274, 40.755154656144484], [-73.76128938213314, 40.75505221524047], [-73.7611455646756, 40.75493894831039], [-73.76101540035307, 40.7548160920914], [-73.76090047061919, 40.75468513575119], [-73.76080194184799, 40.75454772968798], [-73.76048623686435, 40.75383961597451], [-73.76018801905012, 40.753160498984755], [-73.76012952540069, 40.7530222220112], [-73.760129489068, 40.75302211747649], [-73.76012942427678, 40.75302202368864], [-73.7600488046582, 40.75288773937624], [-73.76004867866435, 40.7528875419023], [-73.76004854194822, 40.75288736241624], [-73.75994649758184, 40.75276000603792], [-73.75994637260067, 40.75275985629297], [-73.75994624634124, 40.7527597326601], [-73.75982443816629, 40.75264207668748], [-73.75982430128245, 40.752641944027246], [-73.75982412649944, 40.75264181308899], [-73.75968523085999, 40.75253645470813], [-73.75968509387268, 40.75253635086377], [-73.75968494382406, 40.752536256897805], [-73.75953220776569, 40.75244513801991], [-73.75953204590856, 40.75244503502399], [-73.75953187096086, 40.75244495001094], [-73.75943983083296, 40.752402506846515], [-73.75906249308164, 40.75220918124899], [-73.75782746204075, 40.7507582699359], [-73.75737034829324, 40.750243856442324], [-73.75698991563667, 40.749575010623104], [-73.75686552233363, 40.749361489454266], [-73.75684127495511, 40.74932207699789], [-73.7568178824341, 40.74927490394875], [-73.75669778202816, 40.74907644727003], [-73.75580112943543, 40.74733161414399], [-73.75495056383922, 40.74561763119019], [-73.75478774516898, 40.74527731599191], [-73.753978166208, 40.74351777553804], [-73.75347299987277, 40.74240484410895], [-73.75138967501935, 40.740194159633695], [-73.75126422157587, 40.740125368878836], [-73.75126399710085, 40.7401252423225], [-73.75126376068572, 40.74012514275569], [-73.75112759931615, 40.74006731495606], [-73.75112735227975, 40.740067206360926], [-73.75112706729054, 40.740067115693954], [-73.75098241908556, 40.740021498319294], [-73.7509823008279, 40.74002146204315], [-73.75098218253659, 40.74002143477205], [-73.75083193276848, 40.73998895255459], [-73.75083176715408, 40.73998891617585], [-73.75083158963311, 40.73998889778154], [-73.75067885160315, 40.73996996266947], [-73.75052540246081, 40.73995378137748], [-73.75052516577766, 40.739953753849456], [-73.75052495284037, 40.73995370836265], [-73.75037372905956, 40.73992249315676], [-73.75037358709027, 40.7399224658337], [-73.75037344518844, 40.7399224205006], [-73.7502279570591, 40.73987653020175], [-73.75022786248388, 40.739876493075705], [-73.75009192261706, 40.73981711654863], [-73.75009170984939, 40.739817026035844], [-73.75009150902224, 40.73981690853363], [-73.7499680436598, 40.739745752329036], [-73.74941169809802, 40.7391143655305], [-73.74884231751139, 40.738477040185494], [-73.74836178293266, 40.73798127737037], [-73.74788125787249, 40.73748551252102], [-73.74658186538711, 40.73581841630913], [-73.74654074721784, 40.73577837912564], [-73.74650803018964, 40.735730444923725], [-73.74594472679601, 40.73418474503021], [-73.7460098163689, 40.734034971410985], [-73.7460098391017, 40.734034908425315], [-73.74600987600594, 40.73403485447599], [-73.74609532126829, 40.73388939412693], [-73.74620025123419, 40.733750622434854], [-73.7462003475688, 40.73375050558065], [-73.74620044268529, 40.733750397728855], [-73.74632343800444, 40.73362045473235], [-73.74646242297257, 40.733501316930216], [-73.74646264739734, 40.73350113732196], [-73.74661513951754, 40.73339436608488], [-73.74668192844779, 40.73321705816084], [-73.74672681505392, 40.73303454209117], [-73.74674889900385, 40.73284921128221], [-73.74674789883201, 40.732663533430696], [-73.74673750251681, 40.732583220021525], [-73.74672140350864, 40.73247715113245], [-73.74671314431035, 40.73236436905737], [-73.74669850559782, 40.73221018811782], [-73.74667404613602, 40.731952650014065], [-73.74665689460613, 40.73181492399161], [-73.74662058958089, 40.73167780418899], [-73.74659290624352, 40.73161070915377], [-73.7465652372014, 40.7315436051375], [-73.74649162210213, 40.731414588822346], [-73.74640108950169, 40.73129283835413], [-73.74629555733678, 40.731180177853894], [-73.74555591499252, 40.730637473133434], [-73.74524426193553, 40.73033791755559], [-73.7448138470267, 40.729928850531806], [-73.74473548580045, 40.729856930326854], [-73.74468241609814, 40.72981020845345], [-73.74465837880018, 40.72978396195079], [-73.74459061220827, 40.72972600777097], [-73.74386156598584, 40.729032379701636], [-73.74149063028874, 40.72681237933467], [-73.74031194735306, 40.72570463469814], [-73.74004529230105, 40.7254517452578], [-73.73913569311918, 40.72459725425432], [-73.73811838054162, 40.72364373186537], [-73.73691657489519, 40.7224670656951], [-73.73658800873308, 40.721782509507705], [-73.73633725332682, 40.721234009027256], [-73.73627455457229, 40.72110927035682], [-73.73602627960348, 40.7205573699769], [-73.73572156879823, 40.71985201889609], [-73.73534423401257, 40.71892490243418], [-73.73532987113178, 40.71885526238852], [-73.73526896326311, 40.71855839758979], [-73.73525801156269, 40.71850275395983], [-73.73527765599621, 40.71843991533662], [-73.73533641846394, 40.717976943078305], [-73.73538184754803, 40.71770566497621], [-73.73542209136676, 40.717171086204765], [-73.7354328865543, 40.71703357638336], [-73.7354833659356, 40.716344185744106], [-73.73551019390872, 40.71598686117733], [-73.73553503451593, 40.71565607828503], [-73.73560306475389, 40.714945341471655], [-73.73568304738204, 40.714270229335945], [-73.73571564803554, 40.71402949759334], [-73.7357883994865, 40.71332701107252], [-73.73579268161753, 40.7132857142947], [-73.73581521976979, 40.71324262236319], [-73.73639841187595, 40.71212738407093], [-73.73645494036045, 40.71204167643252], [-73.73750668940143, 40.710143948130394], [-73.73815865785038, 40.70893071026695], [-73.73821755513747, 40.70881910831295], [-73.73849478962144, 40.70829614295173], [-73.73852044709723, 40.708238307118506], [-73.73898402714025, 40.70733855588394], [-73.73928523030398, 40.706665717003354], [-73.73955861105223, 40.70598496004686], [-73.73971136864476, 40.70558265812847], [-73.73981545222205, 40.705300743950616], [-73.7399445735077, 40.70495307746976], [-73.73997590045718, 40.70486874112455], [-73.74007557893037, 40.70459618300103], [-73.74024084964384, 40.7041452546224], [-73.7403321921273, 40.70389515251164], [-73.74048652312143, 40.703471060547955], [-73.74050336524326, 40.703433556022425], [-73.74051703348388, 40.70338761641334], [-73.74077675905819, 40.7026798370922], [-73.74104576923764, 40.701980795915134], [-73.74114341897189, 40.70180794543591], [-73.74136015639301, 40.70139905907387], [-73.74147055857149, 40.70118717168445], [-73.74153900262944, 40.7010579302734], [-73.74167737753672, 40.700796632046625], [-73.7418243941549, 40.70051871239769], [-73.74197142020326, 40.7002407907739], [-73.74210973953622, 40.699965759014056], [-73.74226573842884, 40.699655556495415], [-73.74232686550268, 40.69952642518504], [-73.74302713313031, 40.69786744808579], [-73.74316544454456, 40.69746275864837], [-73.74327915112451, 40.697130054549824], [-73.74359286099916, 40.69621532499776], [-73.74386913468317, 40.695400118222246], [-73.74415874200439, 40.69454990035633], [-73.74426648863496, 40.69426010145292], [-73.74438938985581, 40.69397343387706], [-73.74452718251545, 40.69369059939977], [-73.74467955629174, 40.69341226366215], [-73.74479652965937, 40.69322037086367], [-73.74484610518692, 40.69313905606874], [-73.74487951558393, 40.693093076813525], [-73.74510485123226, 40.69278293477449], [-73.74595332135618, 40.69166256528166], [-73.74624345537289, 40.691279443837345], [-73.74728617740917, 40.68973717261014], [-73.74755175394024, 40.68934733635657], [-73.74856993106911, 40.68780373778454], [-73.748846014062, 40.68744748371527], [-73.74944546811415, 40.686672022313275], [-73.75008991178441, 40.68592344585096], [-73.7502561589898, 40.68561311028001], [-73.7510302068437, 40.68422286682135], [-73.75125793511957, 40.68373412615463], [-73.75154215518691, 40.68304604235559], [-73.75180409198467, 40.68240332285369], [-73.7522582865581, 40.681491410804334], [-73.75247059999742, 40.6811805137069], [-73.75268291027415, 40.6808696162033], [-73.75321057853033, 40.680154288145914], [-73.75323817132731, 40.68011688577984], [-73.75328690032835, 40.680051144404196], [-73.75345604233536, 40.67982295550221], [-73.75372596135907, 40.67945742797456], [-73.75399395158777, 40.67909450718209], [-73.7541785698835, 40.67884448571264], [-73.75484909652396, 40.67792883773975], [-73.7552345774441, 40.67728840847566], [-73.75549392438342, 40.67662967252823], [-73.75562236533868, 40.67625847262888], [-73.7556364691859, 40.67621517865116], [-73.7557616927422, 40.675885908884595], [-73.75581771128809, 40.67575274207357], [-73.75606229054061, 40.674196859845964], [-73.7561823391152, 40.67337238254329], [-73.75636239254365, 40.67242923750832], [-73.75646388371901, 40.6716840021199], [-73.75648374548685, 40.67148986620725], [-73.75646127162348, 40.67109403073046], [-73.75642478723745, 40.67063356324684], [-73.75640621280402, 40.67037291466305], [-73.75643734317735, 40.66966637850694], [-73.75668454798688, 40.668758521987016], [-73.75671602405006, 40.668562526647655], [-73.75699533367168, 40.66774126813126], [-73.75731692727943, 40.667040315593034], [-73.75763129599358, 40.66645115626226], [-73.75791892959514, 40.66601256154468], [-73.75795643797764, 40.66595540256277], [-73.75798518181145, 40.66590772740966], [-73.75815940056287, 40.66563688709734], [-73.75868811241457, 40.66476004233928], [-73.75925510094801, 40.66372433351236], [-73.759356334343, 40.66360534086286], [-73.75951756624183, 40.66338045000214], [-73.76047556323384, 40.66193556053431], [-73.76051855160165, 40.661880755261855], [-73.76056019985461, 40.661825352840665], [-73.76060049255098, 40.661769373051456], [-73.76063941662386, 40.66171283297836], [-73.76067695780775, 40.66165575420554], [-73.7607131042122, 40.661598155620474], [-73.76074784276116, 40.661540057008736], [-73.76078116156103, 40.661481478158265], [-73.76081304990119, 40.661422438859475], [-73.76084349588194, 40.66136296070125], [-73.76087248997855, 40.661303062575804], [-73.76090002265671, 40.661242766076874], [-73.7609260820237, 40.66118209099227], [-73.76095066209297, 40.66112105892298], [-73.76097197261664, 40.66106855247852], [-73.76099238984692, 40.66101584155685], [-73.76101191021237, 40.66096293335516], [-73.76103053013512, 40.660909836871674], [-73.7610482472134, 40.660856562908066], [-73.7610650578792, 40.66080311776096], [-73.76108095973393, 40.66074951133148], [-73.76109595037917, 40.66069575352077], [-73.76111002624057, 40.66064185242641], [-73.76112318610538, 40.660587817051365], [-73.76113542757851, 40.66053365639626], [-73.76114674707918, 40.66047938035961], [-73.76115714458052, 40.66042499704627], [-73.76116661886992, 40.6603705154592], [-73.7612928689702, 40.6594327519308]]]}",41032.5987018
"{'type': 'MultiLineString', 'coordinates': [[[-73.8745120786154, 40.758593346579865], [-73.8744127974146, 40.758225301626084], [-73.87365721753785, 40.756803486086014], [-73.87271067401507, 40.75506352077013], [-73.87269240684032, 40.75502993871492], [-73.87266966985626, 40.75498679824493], [-73.87214232672076, 40.7539860478498], [-73.8720704722823, 40.753861987248705], [-73.87179244187887, 40.75332566967321], [-73.87084215647909, 40.75154469278682], [-73.86968550926491, 40.749612361983196], [-73.86942458590592, 40.74915685117135], [-73.86919188035868, 40.748762894431565], [-73.86891395777437, 40.74836887673938], [-73.86852925223663, 40.7475883018313], [-73.86843751001916, 40.74703119637277], [-73.86826502583547, 40.74631422323911], [-73.86808574244591, 40.74560058196517], [-73.86790963922206, 40.74493371634973], [-73.86787595198787, 40.744815305979586], [-73.86785097456098, 40.74471654566352], [-73.86782691060513, 40.74462945696848], [-73.86768504899567, 40.744071717712636], [-73.86749135109703, 40.74330204712299], [-73.86748630082465, 40.742992194562206], [-73.86747169185153, 40.742095722084684], [-73.86755729596567, 40.74167769666742], [-73.86756253423778, 40.740941888510214], [-73.8673177946404, 40.74026134490678], [-73.86714669771897, 40.73983722438647], [-73.86703973801005, 40.73957218941312], [-73.86676012153856, 40.73889037051388], [-73.86648011526853, 40.7382109637749], [-73.86609463712772, 40.73725142954235], [-73.86582955995048, 40.73664322362329], [-73.86550061597866, 40.735989331691115], [-73.86515865476463, 40.735325013628], [-73.86481505344493, 40.734660215285054], [-73.86462193421704, 40.73428168998336], [-73.86457248714916, 40.73418839673836], [-73.86450230181512, 40.734075399346004], [-73.86447086307479, 40.734007274858726], [-73.86443686191122, 40.73392960194934], [-73.86433941177218, 40.7337425595099], [-73.86342394393624, 40.73195062566911], [-73.86259793764546, 40.73041595835598], [-73.86251807966427, 40.73026757702907], [-73.86247107657266, 40.730180251616886]]]}",10963.316453
"{'type': 'MultiLineString', 'coordinates': [[[-73.97205015464417, 40.726880945816006], [-73.97329796808532, 40.72742800843142], [-73.9756678259021, 40.7284625320179], [-73.97581244887975, 40.72851976730422], [-73.97619632450653, 40.728661976390285], [-73.97690436341226, 40.72895782421757], [-73.97753843788205, 40.729226248094854], [-73.97802697911948, 40.729433059510555], [-73.97910803926749, 40.72991055818133], [-73.97992110065933, 40.730262205518066], [-73.98034007632985, 40.73044246055423], [-73.9816665696871, 40.73099854703258], [-73.9819091151311, 40.73109512799678], [-73.982468762219, 40.73131488367038], [-73.98255629299435, 40.731350133854896], [-73.98296440616387, 40.73152084218459], [-73.98321467192436, 40.731624168141515], [-73.98346644215555, 40.73173108049352], [-73.98356052053656, 40.73177022465032], [-73.98494550566609, 40.73234967228364], [-73.98718049621665, 40.73329214716899], [-73.98757195313645, 40.73345699026594], [-73.9887793167623, 40.73396539880087], [-73.9888393511732, 40.733990479280415], [-73.98990296066181, 40.7344347899321], [-73.99075396816603, 40.734839154342865], [-73.9911989940203, 40.73501236768715], [-73.99171498742928, 40.735215301194025], [-73.99361688443905, 40.73600449137924], [-73.99683993951976, 40.737360888522936], [-73.99968422985532, 40.73855247306924], [-74.00252381552596, 40.73975264294844], [-74.00310733866492, 40.739997520731976], [-74.00512553468727, 40.7408502126985], [-74.00536222102274, 40.74094950264427], [-74.00544214819755, 40.740982140477406], [-74.006970778138, 40.74162712644284], [-74.00779116136094, 40.74197084422283], [-74.00820401888565, 40.742147518437825], [-74.00869902249576, 40.7423617235261], [-74.00879080555254, 40.74237514311566]]]}",11644.6651442
"{'type': 'MultiLineString', 'coordinates': [[[-73.89482463350433, 40.862065074132126], [-73.89372490774619, 40.86194419224634], [-73.89355914401288, 40.86192596750194], [-73.89285169122816, 40.861832192972905], [-73.89206679241167, 40.861860925452135], [-73.89198297897646, 40.86186398972965], [-73.89177188849403, 40.861871716233544], [-73.89138023389357, 40.86170058817732], [-73.8910628069938, 40.861529411827696], [-73.89082169825282, 40.86139939622486], [-73.89067451755696, 40.861320072221176], [-73.89036823902481, 40.86115807600561], [-73.89027555498525, 40.86110907325039], [-73.88888651586576, 40.86038039056729], [-73.88745688271169, 40.85962552820708], [-73.88726437155408, 40.85952883465167], [-73.88673372131251, 40.85925544815856], [-73.88595113583207, 40.85885045581617], [-73.88513582692254, 40.85841703306795], [-73.884756900407, 40.85830947423648], [-73.8846054081442, 40.85826647384565], [-73.88434549860499, 40.85819269659757], [-73.88427737131542, 40.85817998538833], [-73.88351107699076, 40.85803049811104], [-73.88262783164595, 40.857793854339306], [-73.88179096593065, 40.8575238791109], [-73.88087528607144, 40.8571602733976], [-73.88079155292435, 40.85712750807806], [-73.88073705157744, 40.857096690965534], [-73.88064858110155, 40.85704704543561], [-73.87935792972274, 40.85630043828572], [-73.87861891208982, 40.85585757579428], [-73.87846588698815, 40.855784393828095], [-73.87838917532005, 40.855740017808266], [-73.87803523881523, 40.855574867714786], [-73.87768446555421, 40.85546407446214], [-73.87738338340412, 40.85541971270971], [-73.8769556179044, 40.855420608015656], [-73.87681536954783, 40.85544363610752], [-73.8766114867367, 40.85547711012994], [-73.87584422305086, 40.855580522498684], [-73.8751516614652, 40.85573493883762]], [[-73.89482463350433, 40.862065074132126], [-73.89404470015323, 40.86242289530124]], [[-73.89482463350433, 40.862065074132126], [-73.89588387496477, 40.862258343550764], [-73.89693899650804, 40.862442928731674], [-73.89714379842563, 40.86244506464691], [-73.8973727474971, 40.862432364489166], [-73.89798099360684, 40.86240253936421], [-73.89841038446048, 40.86229696653669], [-73.89943670880069, 40.862116912087146], [-73.89964261728582, 40.8622104361978], [-73.89996177597766, 40.86235028035307], [-73.90028368080542, 40.86247183703653], [-73.90107966989868, 40.86275638375383], [-73.90132135309503, 40.86278065180196], [-73.90156628388655, 40.862789001447084], [-73.90181170242765, 40.86278115116826], [-73.90205483289272, 40.86275719675955], [-73.90229297958454, 40.86271759790415], [-73.90254903678523, 40.862701937910096], [-73.90280652018798, 40.86269965262995], [-73.90306359493349, 40.862710809850405], [-73.90331845372546, 40.8627352828914], [-73.90404697746352, 40.86274173072042], [-73.90493386085284, 40.86274957422591], [-73.90615895436027, 40.86277897856925], [-73.90754978857142, 40.862814950332805], [-73.90779728541878, 40.862826154165745], [-73.90804646723261, 40.862824055869716], [-73.90829543511015, 40.86280849904029], [-73.9085423372715, 40.86277956055384], [-73.90878528372166, 40.86273751087728], [-73.9090225277402, 40.86268280880874], [-73.9092076995269, 40.862633604203964], [-73.90938712021791, 40.86257088202991], [-73.90955825052615, 40.86249532019279], [-73.90971878795195, 40.86240793628228], [-73.90986668104789, 40.862310068668975]], [[-73.90986668104789, 40.862310068668975], [-73.91075595759314, 40.86165148400054], [-73.9118122918439, 40.861732385824475], [-73.91194992650354, 40.86175014054923], [-73.91208148827927, 40.86176800754613], [-73.91245929742446, 40.86182043320063], [-73.91266095213973, 40.86185163492682], [-73.91273784259131, 40.861863885742714], [-73.9127896281969, 40.86187247054901], [-73.91295585395481, 40.86191313614195], [-73.91329746917553, 40.86208962829531], [-73.91335994668486, 40.862112673746736], [-73.91343151728228, 40.86213906680563]], [[-73.90906438785107, 40.8631547994838], [-73.90919480883846, 40.862894232826555], [-73.90938706907362, 40.86274857211012], [-73.90986668104789, 40.862310068668975]]]}",12192.01867
"{'type': 'MultiLineString', 'coordinates': [[[-73.93207284975485, 40.707785785179524], [-73.93147990723816, 40.70715244621875], [-73.93089343937636, 40.706514515422676], [-73.93030995187998, 40.70587979821008], [-73.92969582230529, 40.70524800484325], [-73.92873773232064, 40.704716950288734], [-73.92839566677102, 40.70452570342251], [-73.927643845748, 40.70409173585627], [-73.92689164523802, 40.703666372902795], [-73.92613940880307, 40.703239374153874], [-73.92538977593875, 40.7028100659353], [-73.92463617994517, 40.70238859457095], [-73.92388666284813, 40.70195764755249], [-73.92313285709035, 40.701529448326426], [-73.92238311820459, 40.70110237251646], [-73.92163116413676, 40.70067556133883], [-73.920879576321, 40.70024734877564], [-73.92012733462343, 40.69981991336598], [-73.9193764994392, 40.69939190757263], [-73.91863122162098, 40.69896510746681], [-73.91836650824655, 40.69880745728493], [-73.91787128374719, 40.69853669903802], [-73.91711835855004, 40.69810952251277], [-73.91636718409663, 40.69768088527431], [-73.91618396103777, 40.69757637535464], [-73.91614294732786, 40.697552981675194], [-73.91602345688982, 40.697484823890214], [-73.91594233538352, 40.69743855215653], [-73.91587230888217, 40.6973986082746], [-73.91582012129199, 40.69736884058629], [-73.91561605454869, 40.69725243944744], [-73.91545210031832, 40.69715929254497], [-73.91539009737991, 40.697124068446456], [-73.91528848113897, 40.6970663365629], [-73.91523226578576, 40.69703439900782], [-73.91514828868215, 40.69698668919025], [-73.91509529288818, 40.696956580181514], [-73.91486526351203, 40.69682588992106], [-73.91411389219978, 40.69639802028478], [-73.91336083839937, 40.695970325449224], [-73.91260741762905, 40.6955411206199], [-73.91185976346024, 40.69511565147294], [-73.91110723681305, 40.69468696874901], [-73.9103564453844, 40.694259625090645], [-73.90960462381607, 40.693831265318714], [-73.90885283347492, 40.69340443330302], [-73.90810110143711, 40.69297661393213], [-73.90734723771443, 40.692548751883436], [-73.90659899236955, 40.692120232050804], [-73.9058464505014, 40.69169154171486], [-73.90509521753677, 40.691264351364026], [-73.90434241038066, 40.690836127283866], [-73.9035882050718, 40.69040462280892]]]}",10171.8523798
"{'type': 'MultiLineString', 'coordinates': [[[-74.12867047255402, 40.63734826445478], [-74.12872489399346, 40.637088835840146], [-74.12878738909306, 40.6369649542964], [-74.128831656634, 40.636835274881825], [-74.12885649558586, 40.636702186241216], [-74.12886142515856, 40.63656824550189], [-74.12884672464213, 40.636436003526214], [-74.128855888033, 40.63557396158477], [-74.12884416500754, 40.635324584727066], [-74.12885281938128, 40.63507441958613], [-74.12888191397518, 40.63482489791352], [-74.12893129418323, 40.6345774877145], [-74.12900054050786, 40.63433359424475], [-74.12944148665734, 40.63367172071699], [-74.12962295871442, 40.63342476475576], [-74.12978688485111, 40.633170083833], [-74.12993247659256, 40.63290878655419], [-74.1300590602411, 40.63264202641658], [-74.1301661773959, 40.6323710287092], [-74.13046976950538, 40.63167632042539], [-74.13060220353753, 40.63135782712047], [-74.13047429065776, 40.63088550891661], [-74.13014141512772, 40.62996520847141], [-74.13024789118279, 40.62960913015055], [-74.13033008255107, 40.62938433912452], [-74.13056374556422, 40.62870772901873], [-74.13069219634824, 40.62833690176417], [-74.13099290768662, 40.62737411001956], [-74.13115891136509, 40.6268263834097], [-74.13130985324415, 40.626328342857796], [-74.13141754941124, 40.626009184166115], [-74.13156188923165, 40.62558142383488], [-74.13191627860952, 40.624545409596884], [-74.13198108439936, 40.62437374093104], [-74.13202775144647, 40.624197797571874], [-74.1320556331718, 40.62401925525322], [-74.1320644732047, 40.623839879304725], [-74.13205434724847, 40.62366141665496], [-74.13205806864485, 40.62338649228], [-74.1320751282502, 40.62270235573943], [-74.1319061572687, 40.62165470318848], [-74.13180411888607, 40.62102069109973], [-74.13169530680747, 40.62036075252393], [-74.13146873496122, 40.61900858886287], [-74.13137828742661, 40.618408855738224], [-74.13135630542969, 40.61829422644592], [-74.13125857072836, 40.617578477397316], [-74.1312230220898, 40.61726518145553], [-74.13116472979519, 40.61682132678706], [-74.13112126539278, 40.61646103258483], [-74.13107903981206, 40.61609827941667], [-74.13099152858084, 40.615362129611604], [-74.13096045777478, 40.61501101550165], [-74.13093216179905, 40.61475502034406], [-74.1309203896757, 40.61467550865903], [-74.13084887567832, 40.61395352544371], [-74.1307793305772, 40.613264641283074], [-74.13073612347728, 40.61279696015401], [-74.13072500982166, 40.61264367601103], [-74.13071879160346, 40.61255784621273]]]}",9234.44145022
"{'type': 'MultiLineString', 'coordinates': [[[-73.93161778282794, 40.79440236801192], [-73.93241604880434, 40.79474099197511], [-73.93315697229319, 40.79505357160421], [-73.93346229216677, 40.7951825341849], [-73.93362901683834, 40.79525295576499], [-73.93487998308395, 40.7957813290189], [-73.93495615382439, 40.79581350006668], [-73.93501115646977, 40.79583672527026], [-73.93541084888348, 40.79600549471535], [-73.93755456038201, 40.79690987021249], [-73.93763819591503, 40.79694515024896], [-73.93777473132003, 40.79700274526408], [-73.93814770125913, 40.7971593817306], [-73.93965815737903, 40.79779371002641], [-73.94002175130942, 40.79794639941219], [-73.94161922726262, 40.79862363885396], [-73.94310025884697, 40.79924984838819], [-73.94323386397787, 40.799307186026276], [-73.94337271773216, 40.79936579579164], [-73.9448477683728, 40.799986387744234], [-73.94529655301054, 40.80017522018272], [-73.94594762777534, 40.80044916293776], [-73.94646133856004, 40.80066530547717], [-73.94707238116102, 40.80092312683068], [-73.94781433296498, 40.80123617515218], [-73.94806506746225, 40.80134196466487], [-73.9496045710675, 40.801991500791026], [-73.94968015187398, 40.80202338445881], [-73.94974483395163, 40.80205065277096], [-73.95242689286847, 40.8031753163246], [-73.95252974960275, 40.80321652953291], [-73.95261550568084, 40.80325674777402], [-73.95281556295662, 40.80334161179754], [-73.95474338242262, 40.80415586470711], [-73.95487223238327, 40.804210284628475], [-73.95536845698138, 40.80441986536599], [-73.95682162269287, 40.80503273084356], [-73.95818962282864, 40.8056088040381]]]}",8413.884395
"{'type': 'MultiLineString', 'coordinates': [[[-73.90784560378886, 40.83730593883167], [-73.90786186367465, 40.837290707356836], [-73.9078789575141, 40.83727601233977], [-73.90789685325802, 40.837261879868855], [-73.90791552123132, 40.837248334233394], [-73.90793492464508, 40.83723539971696], [-73.90795503263863, 40.83722310060791], [-73.90797580605683, 40.837211457585994], [-73.90799720930042, 40.83720049223435], [-73.90801920440137, 40.83719022433322], [-73.90804175102413, 40.83718067095943], [-73.90806481001643, 40.83717185099192], [-73.90808833867526, 40.83716377880421], [-73.90811229548098, 40.83715647057182], [-73.90813663773575, 40.83714993706647], [-73.90916255846591, 40.836964596772134], [-73.90963449101964, 40.83712531848953], [-73.91059520676166, 40.83750301313596], [-73.91139305817629, 40.83786274676345], [-73.91149087390873, 40.83789988620124], [-73.91226623398217, 40.8381942557534], [-73.91273795293793, 40.83832226762892], [-73.91359554124251, 40.83866030942059], [-73.91377104960473, 40.83872164733403], [-73.91395908707537, 40.838795178008404], [-73.91503548597778, 40.83920546650928], [-73.91508773777412, 40.839225378885835], [-73.91594008773868, 40.8395519738548], [-73.91678253000505, 40.83988141802222], [-73.91768361962836, 40.84022549398243], [-73.91806145634042, 40.84036193655394], [-73.91901072217902, 40.840648261559465], [-73.9197837968824, 40.840876184501695], [-73.9204045146568, 40.84058965605384], [-73.92073054820122, 40.84043915507545]], [[-73.92073054820122, 40.84043915507545], [-73.92109225336812, 40.84026686762785], [-73.92137136325582, 40.84028258364343], [-73.92146227535196, 40.840289632511606], [-73.92157911737571, 40.84029805958642], [-73.92211028362719, 40.84033634828913], [-73.92238800325103, 40.84042621564641], [-73.92319543661759, 40.84078815207759], [-73.9239950972863, 40.84113204802801], [-73.92484861206202, 40.84149544307577], [-73.92548634703019, 40.84177079543721], [-73.92623048443124, 40.842099270316915]], [[-73.92073054820122, 40.84043915507545], [-73.92085724815378, 40.84035412743154], [-73.92097386816472, 40.84026001486615], [-73.92107878251286, 40.84015790769526], [-73.92117062609431, 40.84004911883751], [-73.92124842493938, 40.83993510735895], [-73.92131848912611, 40.839903340736086]]]}",5935.92127172
"{'type': 'MultiLineString', 'coordinates': [[[-73.8000539903816, 40.70518746952464], [-73.7991493723378, 40.7037515100761], [-73.7984154146069, 40.702740562506506], [-73.79824728250257, 40.70252991681951], [-73.79751839054317, 40.70159130061139], [-73.79679644391005, 40.70055079869117], [-73.79677023218083, 40.70051303076214], [-73.7967359613771, 40.70046017218176], [-73.79572173745376, 40.69901473556992], [-73.79564859879817, 40.69891558694527], [-73.79559877659159, 40.698848047225205], [-73.79549940231331, 40.69871333290644], [-73.79546131622833, 40.69866170355852], [-73.7953286322391, 40.69848183391145], [-73.79528066530538, 40.69841680798301], [-73.79499148472597, 40.6980247818538], [-73.79493593273558, 40.69794947459605], [-73.79484482667141, 40.69782596512076], [-73.79479844662579, 40.69776308864019], [-73.79444633439724, 40.69728573585783], [-73.79433737505089, 40.69713648978273], [-73.79428633822648, 40.69706658255182], [-73.7942123363142, 40.6969652197746], [-73.79416634826204, 40.69690222846523], [-73.79373317557214, 40.6963088816796], [-73.79369130491357, 40.6962515293736], [-73.7936025260305, 40.69612992043669], [-73.79356061082686, 40.69607250676656], [-73.79329015072977, 40.695702028495745], [-73.79314681621561, 40.695506078228796], [-73.79310353009325, 40.695446901415174], [-73.7929459259414, 40.69523144078993], [-73.79289497171486, 40.69516178161065], [-73.79268690285812, 40.694877329578226], [-73.79263951180798, 40.694812539482264], [-73.79255654882382, 40.694699118667316], [-73.79250900840438, 40.69463412473006], [-73.79213031298069, 40.694116392508654], [-73.79204061228317, 40.69399514356643], [-73.79199153545946, 40.69392880756528], [-73.7919032419648, 40.693809460242406], [-73.79186258203276, 40.69375450030473], [-73.7916918327375, 40.69352369455964], [-73.791653285536, 40.693471590301726], [-73.7915720466758, 40.69336177843723], [-73.79152658998409, 40.69330033138157], [-73.79144728601074, 40.69319313442559], [-73.7913993802386, 40.693128378888716], [-73.7913171313967, 40.693017199825924], [-73.79127349063785, 40.69295820806314], [-73.79095392217116, 40.69252622978111], [-73.78979579091674, 40.69095978863476], [-73.7894054506836, 40.69043248939809]]]}",6134.65900061
"{'type': 'MultiLineString', 'coordinates': [[[-73.96063189238957, 40.66058668090414], [-73.96062210160576, 40.66020528268418], [-73.96059992817426, 40.66002737804352], [-73.96055809418391, 40.65949607511946], [-73.96054998702975, 40.6593060228046], [-73.96051970041168, 40.65877947760926], [-73.96048406617223, 40.65841022649967], [-73.96042584037487, 40.65807224254055], [-73.96024296324083, 40.6572318982211], [-73.96013625483032, 40.65676261994518], [-73.96007276917658, 40.65648587807673], [-73.95986103117416, 40.655634788808186], [-73.9596966585927, 40.65483921454195], [-73.95945183894965, 40.6535753877022], [-73.95932926457341, 40.652928178672454], [-73.95915001048712, 40.65214455698206], [-73.95892527282302, 40.651211549870574], [-73.95870789921476, 40.65038727335645], [-73.95844668753975, 40.64931710407568], [-73.95826082125457, 40.64853274526084], [-73.95815003686309, 40.647767673696784], [-73.9581406852224, 40.64750340342075], [-73.95810672207809, 40.646518009218525], [-73.95803664502228, 40.64530249954235], [-73.95802176496258, 40.645069962325174], [-73.95797764721448, 40.6445762551487], [-73.95791873765386, 40.64414326536016], [-73.95789394419688, 40.644015561900495], [-73.95763644649789, 40.642689499166046], [-73.95746359857523, 40.64237166944072], [-73.95707031027207, 40.6419606716718], [-73.95571600031518, 40.64058252598119], [-73.95563820711334, 40.64050392575014], [-73.9547676326655, 40.63962444718262], [-73.95427358413782, 40.63911553886154], [-73.95404358589504, 40.63887754903013], [-73.95374853816126, 40.63858633804072], [-73.95360004687953, 40.6384223477764], [-73.95278925362298, 40.63764992099558], [-73.95197147597173, 40.63690106289539], [-73.95108831345964, 40.63607590705851], [-73.94977813819712, 40.63481457769226], [-73.94944978262487, 40.63450748193145], [-73.9487750675773, 40.63393304827508], [-73.947699317461, 40.632884747613765], [-73.94674560957904, 40.631957473634905], [-73.94665232771739, 40.631870165551376], [-73.94647961717759, 40.63170816197629], [-73.94551095504147, 40.630791482384296], [-73.94480816128156, 40.63012716702935], [-73.94453995058889, 40.62986656264887], [-73.944155352494, 40.629508284824084], [-73.94333198052227, 40.62873080542885], [-73.94227429413786, 40.62772357908541], [-73.94181435786064, 40.62731436710182], [-73.94119911366823, 40.62671560452068], [-73.94099809050508, 40.626543376133846], [-73.9401127130892, 40.62568095853688], [-73.93996799157019, 40.625545931112484], [-73.93986257391333, 40.625445711163046], [-73.93955698313688, 40.625158492094485], [-73.93857796913129, 40.62422857330212], [-73.93798429502, 40.62367777553217], [-73.93722577602435, 40.622958784623705], [-73.93673046387933, 40.62249561858065], [-73.93663611331667, 40.6224015072543], [-73.93653157768085, 40.622302680504845], [-73.93612864055987, 40.62192176230608], [-73.93538014730566, 40.62121557003848], [-73.93498872697579, 40.62086631657191], [-73.93418058160687, 40.620119109861825], [-73.93353705690635, 40.61957168137399], [-73.93270577128138, 40.61881261705188], [-73.932462456081, 40.6186013202331], [-73.93173179300332, 40.61792692079659], [-73.93060244638141, 40.61692226273218], [-73.92989884521955, 40.61629427169208], [-73.92946094846849, 40.61589681997489], [-73.92842985361845, 40.61497278010446], [-73.92808935325252, 40.61466788524135], [-73.92776129981499, 40.61437342431696], [-73.92769203653035, 40.61431264060725], [-73.927395807503, 40.61405269040906], [-73.92629604579326, 40.61311679906941], [-73.92620275168555, 40.61304259928298], [-73.92531005337334, 40.61230440466237], [-73.92523500893633, 40.61223844670647], [-73.92515997646422, 40.612172488708815], [-73.92436541727402, 40.611462250487875], [-73.9236773225379, 40.61086059751721], [-73.92358279152573, 40.6107780388217], [-73.92301405218018, 40.610281327772114], [-73.92288038055067, 40.61016375520108], [-73.92255375229179, 40.60986118541648], [-73.92249750860745, 40.60980907933885], [-73.92244938418915, 40.60976588487192], [-73.92070952248172, 40.60820406735611], [-73.91970928734608, 40.607302162128775], [-73.9185276087529, 40.606113366368454], [-73.91827522748537, 40.605853953882146], [-73.91105106946037, 40.59937350003533], [-73.91089120077933, 40.599220764588445], [-73.9107096684829, 40.59906574276892], [-73.91038185556157, 40.59876787380935], [-73.91036708216726, 40.598754444497295], [-73.90943506011868, 40.59790752843954], [-73.90935013733154, 40.59783153839388], [-73.90820939618757, 40.596807584743225], [-73.90794138167035, 40.59657102807753], [-73.90787536495037, 40.59651177478685], [-73.90780134849295, 40.59644533787089], [-73.90765641919785, 40.59631524900469], [-73.90734400250543, 40.596034817776975], [-73.90494850502206, 40.59386917414985], [-73.90452182095383, 40.59347710986999], [-73.90090076253145, 40.59014959123208], [-73.89867856744559, 40.58815623488425], [-73.89758655508471, 40.58717564978609], [-73.89371193960167, 40.5837274548272], [-73.89147550413944, 40.581765380819036], [-73.89130009241761, 40.58160838414469], [-73.88924339670689, 40.579767518840264], [-73.88812417893473, 40.57872829144869], [-73.88769395886763, 40.57806323932984]], [[-73.96068017101855, 40.660953856904314], [-73.96063189238957, 40.66058668090414]], [[-73.96956354824069, 40.67322225001774], [-73.96944110626947, 40.67310050843668], [-73.96925503017992, 40.67285761423647], [-73.96920280813787, 40.672795157646185], [-73.9689804767493, 40.67239044150309], [-73.96286580528059, 40.663812103426814], [-73.96238822294657, 40.66308961269832], [-73.96232715755117, 40.66299792286301], [-73.96142916980146, 40.66169063297975], [-73.96087674002392, 40.66089680416802], [-73.96063189238957, 40.66058668090414]]]}",42489.3949684
"{'type': 'MultiLineString', 'coordinates': [[[-73.92546270193564, 40.665916751872466], [-73.92374878637513, 40.66437740269522], [-73.92193009422593, 40.66274460003881], [-73.92012765752119, 40.66112256773508], [-73.91989109304838, 40.66090577401827], [-73.91974399553261, 40.66077097308308], [-73.91962827947113, 40.66066826939595], [-73.91829371954529, 40.65948380687566], [-73.91648590031349, 40.657859089738594], [-73.91568114231119, 40.65713477858812], [-73.91465843151913, 40.65621425310898], [-73.91291169085947, 40.65465006884916], [-73.91253566866347, 40.65430063487307], [-73.91240351147358, 40.65420125224107], [-73.91232824414755, 40.654134781724565], [-73.91227142613074, 40.65408349895247], [-73.91214166960923, 40.653966485713596], [-73.91101629004088, 40.6529513765603], [-73.90951860880999, 40.65158557247991], [-73.90944846352663, 40.651521598518336], [-73.90868769462722, 40.65072148122866]]]}",7233.84843903
"{'type': 'MultiLineString', 'coordinates': [[[-73.73313284543292, 40.67357413570294], [-73.7331281489549, 40.67361841414536], [-73.7332052045491, 40.67368278546882], [-73.73323726961067, 40.67371605926234], [-73.73325356691109, 40.673748857937326], [-73.73324827518263, 40.67387012038911]], [[-73.73313284543292, 40.67357413570294], [-73.73295545796285, 40.67359433969268], [-73.73277192165033, 40.673628906817434], [-73.73178097559652, 40.67379920341277], [-73.73064065221729, 40.67398156001612], [-73.73025350387576, 40.674038871542265], [-73.72954397768059, 40.67413783885268], [-73.72854421485863, 40.67418925524467], [-73.72755616355258, 40.67416158726682]], [[-73.7610650323942, 40.67941776356399], [-73.76088158188651, 40.67931258020852], [-73.76068634686193, 40.6792183682709], [-73.7604810621805, 40.67913620922277], [-73.76026772365198, 40.67906697436791], [-73.76004844622841, 40.67901128852946], [-73.75983741086587, 40.678969505460785], [-73.75975492800002, 40.67895486914932], [-73.75967169374299, 40.67894294717102], [-73.7595878629557, 40.67893376236076], [-73.75950359052152, 40.67892733125041], [-73.75941903370533, 40.678923665874485], [-73.75933434742579, 40.67892277286013], [-73.75924968898337, 40.67892465433718], [-73.75916521451515, 40.67892930703053], [-73.75908108254679, 40.67893672136679], [-73.75899744688587, 40.67894688416112], [-73.75891446254572, 40.67895977592806], [-73.75883228336713, 40.678975374478455], [-73.75875106203762, 40.67899364951664], [-73.75867094770999, 40.67901456713773], [-73.75804707432422, 40.679221213520556], [-73.75740220468589, 40.67948189735884], [-73.75617298381006, 40.679969518486566], [-73.75612322525676, 40.67998992682921], [-73.75607301248131, 40.680009680411494], [-73.75602236088831, 40.680028772061334], [-73.75597128468966, 40.68004719730567], [-73.75591979928346, 40.68006495077355], [-73.7558679200679, 40.680082027093896], [-73.75581566244456, 40.68009841999538], [-73.75576304180505, 40.68011412590799], [-73.75571007472729, 40.680129140363846], [-73.75565677542684, 40.680143457989566], [-73.75560315929553, 40.680157075215284], [-73.75554924409421, 40.68016998757577], [-73.755495044032, 40.68018219149865], [-73.7554405768699, 40.68019368251871], [-73.75522007965307, 40.6802254783056], [-73.75499604774627, 40.68024537750738], [-73.7547701466257, 40.68025309188511], [-73.75454409077891, 40.680248517022775], [-73.75431962006783, 40.68023172507348], [-73.75409840263859, 40.68020298886614], [-73.75342641552604, 40.68013573193925], [-73.75336391221109, 40.680129474458795], [-73.75323817132731, 40.68011688577984], [-73.7531476906865, 40.68010523711251], [-73.75311122719783, 40.68010054822706], [-73.75227226491484, 40.67999255593587], [-73.75147485061439, 40.679728209283496], [-73.75119382858327, 40.67963248023538], [-73.75034056091557, 40.67935117421921], [-73.74927910539319, 40.679013648307055], [-73.74909511468557, 40.678956658677215], [-73.74823488704375, 40.67869379143552], [-73.74813001815217, 40.67866193572229], [-73.74735425052698, 40.67842775713434], [-73.74697298483315, 40.678312724602584], [-73.74649670790772, 40.67816879099568], [-73.74622245430047, 40.67808187173898], [-73.745607633397, 40.67788583096285], [-73.74478269852807, 40.67759066922116], [-73.74392839181748, 40.677291879124], [-73.74307468194532, 40.67699058955206], [-73.74220274481975, 40.67669439473992], [-73.74131621285882, 40.67639994350575], [-73.7404575928962, 40.67611713805596], [-73.73954436448936, 40.67581440015751], [-73.73863168197276, 40.67550184056539], [-73.73779370573013, 40.67521476657259], [-73.73706628875117, 40.674969932166334], [-73.73693216355902, 40.6749247869295], [-73.7360764608449, 40.6745209976041], [-73.73506775676783, 40.67399424217574], [-73.73459986476121, 40.67382603825231], [-73.73446285928495, 40.6737772021549], [-73.73432421438146, 40.67373319879633], [-73.73412351767368, 40.673668996426045], [-73.7339171101114, 40.67361569298825], [-73.73383497999586, 40.67359930897683], [-73.7335702186083, 40.6735778824589], [-73.73335803853395, 40.67356782559125], [-73.73314461601402, 40.67357299863351], [-73.73313284543292, 40.67357413570294]], [[-73.76168866161265, 40.67943984985082], [-73.7611357830289, 40.67940673503698], [-73.7610650323942, 40.67941776356399]], [[-73.78573454026494, 40.69788739408626], [-73.78487219064779, 40.69751992328713], [-73.78455376519781, 40.69732903170396], [-73.78416160926258, 40.697078061795594], [-73.78348731753464, 40.69658415853709], [-73.7827707972041, 40.69599514200131], [-73.78211026116972, 40.69523714526754], [-73.78146434875072, 40.69446958192032], [-73.7809210463816, 40.69383970004414], [-73.78023723939111, 40.69297233526883], [-73.77919838517106, 40.69165056792727], [-73.77789337372515, 40.68991768901092], [-73.77725784042987, 40.68907191964982], [-73.77661912014482, 40.68836372316051], [-73.77570479968237, 40.68761238185791], [-73.77491591814027, 40.68705438537331], [-73.7748624917344, 40.68701659424263], [-73.7748168938126, 40.686982834710086], [-73.77447879157423, 40.68673245935526], [-73.77380983637, 40.68627231516726], [-73.77314858855573, 40.685806085742314], [-73.77240015845476, 40.68527961559759], [-73.76974091377416, 40.68378627581822], [-73.76857997589173, 40.68314344416677], [-73.76817379483391, 40.682922612200514], [-73.76715533354049, 40.68237709274944], [-73.76630050299097, 40.68197392806166], [-73.76547491629385, 40.68157864298747], [-73.76482754810407, 40.68126126529888], [-73.76405716906787, 40.680880232636355], [-73.76388861934382, 40.68080564733008], [-73.76328981659807, 40.68052478471077], [-73.76281249906853, 40.68029631301803], [-73.76178934863734, 40.67982665060026], [-73.76161350218155, 40.67972794087597], [-73.7610650323942, 40.67941776356399]], [[-73.78696862076619, 40.69835817782618], [-73.78645565612683, 40.69778795226608], [-73.7863544889211, 40.697748968527506], [-73.78624390886438, 40.69772277344227], [-73.78612827881875, 40.697711045546185], [-73.7860125439438, 40.69771429650605], [-73.78590149965358, 40.697731769804534], [-73.78577132911653, 40.69784168939019], [-73.78573454026494, 40.69788739408626]], [[-73.79049803584503, 40.70179100660068], [-73.79046971494527, 40.70176269600418], [-73.79026353206044, 40.70155663396947], [-73.78953752685585, 40.70082158840049], [-73.78902794608122, 40.700327479639704], [-73.7887173233319, 40.70003324211008], [-73.78838696528098, 40.69972062485816], [-73.78762439999313, 40.698998809358564], [-73.78690059431749, 40.69838595795126], [-73.78573454026494, 40.69788739408626]], [[-73.79055566910534, 40.70256779525919], [-73.79056155733026, 40.70249764689928], [-73.79057162886956, 40.70232037195382], [-73.79056436623564, 40.70214252515519], [-73.79053974126236, 40.701965583292235], [-73.79049803584503, 40.70179100660068]], [[-73.79639418060341, 40.70953157961848], [-73.79600388208871, 40.708937693397196], [-73.79588419702803, 40.708755451437476], [-73.7954256033075, 40.70804989543833], [-73.79487771105288, 40.70720268972354], [-73.79445325664518, 40.70655352664412], [-73.79395879661084, 40.70582706260095], [-73.79284848997769, 40.704423861002745], [-73.79246755705998, 40.70392767592209], [-73.79193773225693, 40.70325158591518], [-73.79119390105168, 40.70234084555483], [-73.79115569687438, 40.70229407556633], [-73.79108103007782, 40.70223463218616], [-73.7907635972572, 40.70198194756399], [-73.79049803584503, 40.70179100660068]]]}",26053.9901542
"{'type': 'MultiLineString', 'coordinates': [[[-73.83640852901402, 40.76274445443554], [-73.83615492740017, 40.762772973269605], [-73.83586578636624, 40.76279127420701], [-73.83557600478456, 40.762795525613065], [-73.83486729808926, 40.762767253647326], [-73.83433569995923, 40.76274739972354], [-73.83328656043292, 40.762746435617814], [-73.83314776154754, 40.76276807194955], [-73.83195806840305, 40.76295349583997], [-73.83124943561579, 40.763129696718856], [-73.83029385580939, 40.76338325420601], [-73.82993119498991, 40.763486285702946], [-73.82870794048596, 40.76380060505334], [-73.8281474373839, 40.763941059705886], [-73.82605793247603, 40.764329040642195], [-73.82594152545015, 40.764350657074964], [-73.82348245178436, 40.76465179183542], [-73.82066667685915, 40.764990814276175], [-73.81943495399032, 40.76513806823555], [-73.81732488226868, 40.7653537899503], [-73.81652911917688, 40.765337162834086], [-73.81617484570963, 40.76532446830245], [-73.81516672365726, 40.76526570026792], [-73.81413246142044, 40.765182018269506], [-73.81291986735229, 40.76505678626111], [-73.81195527862498, 40.76486772064301], [-73.81099348631373, 40.764704740085655], [-73.81005451667012, 40.76437731166218], [-73.80913489940146, 40.76406963770958], [-73.80823141347867, 40.763797652296034], [-73.8073347431428, 40.763497620398496], [-73.80643134079234, 40.763193914128415], [-73.80552672768741, 40.76288990153591], [-73.8046313410247, 40.76258852693859], [-73.80421232377543, 40.76244775981227], [-73.80374079760509, 40.76213336508386], [-73.80364037818696, 40.76203716394084], [-73.80340793104726, 40.76185670220181], [-73.80332173260969, 40.761789782504756], [-73.80287489294123, 40.7614485281926], [-73.80204886910728, 40.760835577653715], [-73.80119070903032, 40.76018226797023], [-73.80083443150109, 40.759971032998], [-73.8003003903368, 40.75970229769839], [-73.79940088887199, 40.75939721900206], [-73.79850160158539, 40.75907103474605], [-73.79760259869481, 40.75874417756329], [-73.7967046787183, 40.758417711468006], [-73.79621926896087, 40.75824167903896], [-73.79580437660448, 40.75809121701065], [-73.79493246187276, 40.75779802986658], [-73.79402473917203, 40.75773596836348], [-73.79303015865233, 40.75775619324785], [-73.79212059092345, 40.75777758146097], [-73.79201171512737, 40.75778014949648], [-73.79122151565562, 40.75779876538805], [-73.79031517052209, 40.757823450051134], [-73.7894278788921, 40.757847496038664], [-73.78849587697627, 40.7578732541286], [-73.78760519825451, 40.757897658974485], [-73.7867019898829, 40.75794746226979], [-73.78566212744086, 40.75796072375639], [-73.78355276012864, 40.75777274299457], [-73.78338071485042, 40.75775389706403], [-73.78329262202338, 40.757749255856204], [-73.78227676191607, 40.75765561374498], [-73.78199273548309, 40.75762943102496], [-73.78107356327052, 40.757592972381474], [-73.78010172381148, 40.757625809816645], [-73.77926286889138, 40.757727745879016], [-73.77827077483072, 40.75798147585917], [-73.7776674828819, 40.7581483397392], [-73.77740298490285, 40.75821415946029], [-73.77730694977679, 40.75824012459921], [-73.77720024230271, 40.758266726388484], [-73.77701643647893, 40.75831869025594], [-73.77647488681106, 40.75846719707288], [-73.7755696882334, 40.758681405911375], [-73.77468698523083, 40.75891966818448], [-73.77422529404525, 40.75904329638497], [-73.77378056623324, 40.75916506318124], [-73.77291566716275, 40.759398304006844], [-73.77203467737516, 40.759635622724026], [-73.77182042501092, 40.75968871482769], [-73.77114853819864, 40.75986700634181], [-73.77027509278093, 40.760083388892475], [-73.76935121854986, 40.76028355648965], [-73.76845891309995, 40.76038394444396], [-73.76751993696404, 40.76049169022415], [-73.76660407156076, 40.760647805431475], [-73.76568958150438, 40.76080225022076], [-73.76477141133812, 40.760947909295915], [-73.76385417613376, 40.76109594932047], [-73.76292754667989, 40.76124691638126], [-73.76202290128177, 40.76139248234153], [-73.76174822863099, 40.76143749832785], [-73.76110106384454, 40.76154897373844], [-73.76085166196181, 40.76158444147713], [-73.7603054525582, 40.76168406324667], [-73.75940884474507, 40.76184058549821], [-73.75848075015114, 40.761994736675454], [-73.7581145203971, 40.76205389711495], [-73.75712428587121, 40.762234522295884], [-73.75705812597973, 40.76224584176107], [-73.7569828934179, 40.762260599100124], [-73.7569268837616, 40.762271430213225], [-73.75664572374639, 40.762332221566034], [-73.75588010921783, 40.76249844743571], [-73.75432416772686, 40.76283613611867], [-73.7519527560225, 40.7633612638455]]]}",24553.9583097
"{'type': 'MultiLineString', 'coordinates': [[[-73.8853826314647, 40.74384879512539], [-73.88474375903279, 40.74372544540376]], [[-73.8853826314647, 40.74384879512539], [-73.88509442027437, 40.74397395764878]], [[-73.91034111924343, 40.752676815005], [-73.90984318586199, 40.751638680350126], [-73.90955576029074, 40.75103731305582], [-73.90949713359498, 40.75095068332459], [-73.90949709813252, 40.75095063827139], [-73.9094970745235, 40.75095058422247], [-73.90945867279952, 40.750855216537595], [-73.90945864921382, 40.75085514537909], [-73.90945863747054, 40.750855073329326], [-73.9094433204184, 40.75075523115506], [-73.9094433087119, 40.75075513209015], [-73.90944332068895, 40.75075503214338], [-73.90945182768918, 40.75065550676395], [-73.90945183960378, 40.75065545274292], [-73.90948267229122, 40.750560860772325], [-73.9095162262547, 40.75044166009038], [-73.90971148215074, 40.74975470798918], [-73.90989961492774, 40.74908727470405], [-73.91015860677963, 40.74850196761704], [-73.91017215630427, 40.748227026488834], [-73.90991866780573, 40.747764355291864], [-73.90955355332144, 40.747395086516825], [-73.90884696158838, 40.74677523293208], [-73.90812206073221, 40.74617890409792], [-73.90726186888021, 40.74588741848866], [-73.90641883745477, 40.74563477474748], [-73.90557924484605, 40.74539135783827], [-73.9044875262047, 40.74511984628886], [-73.90368742765136, 40.744914404681936], [-73.90325496982106, 40.74479687724945], [-73.9026255991796, 40.74463255361579], [-73.90224234312753, 40.74453023750724], [-73.90140864665364, 40.74425144122201], [-73.90091973340294, 40.744077313808965], [-73.9000285367776, 40.743762185590136], [-73.89907409573703, 40.743487301761746], [-73.89812990839835, 40.74325757051936], [-73.89753631145629, 40.743121895794665], [-73.8972950001133, 40.7430636071312], [-73.8965859723803, 40.7429033397091], [-73.89645273210502, 40.7428614094307], [-73.89638129278897, 40.74284491992281], [-73.89631252071372, 40.7428271000207], [-73.89613940278389, 40.74279456178467], [-73.89565166706544, 40.74268550169858], [-73.8946923141936, 40.74257379403495], [-73.89432424426107, 40.742534807114716], [-73.89376637938115, 40.74260860377919], [-73.89282064638911, 40.74274053441493], [-73.89217865778373, 40.74287277806511], [-73.89160212335312, 40.742985907953624], [-73.89087534248549, 40.74310588964084], [-73.89071647521915, 40.743127783431014], [-73.889838318219, 40.74325444969172], [-73.8897915988319, 40.74326118581737], [-73.88974416843378, 40.74326829045147], [-73.88886955122378, 40.743399320176856], [-73.88798650843741, 40.743548192131556], [-73.88709844069113, 40.743675917479244], [-73.88620818000958, 40.74377540290284], [-73.88602431311142, 40.74379174540816], [-73.8853826314647, 40.74384879512539]], [[-73.91023124751487, 40.75297652321315], [-73.91034111924343, 40.752676815005]], [[-73.91067474916291, 40.752995076218184], [-73.91034111924343, 40.752676815005]]]}",9757.11698252
"{'type': 'MultiLineString', 'coordinates': [[[-73.98506136441449, 40.59567091819041], [-73.98406380232917, 40.59578271914831], [-73.9837215264406, 40.59582107846419], [-73.98314034679095, 40.595884931775885], [-73.98221115879704, 40.595987010021666], [-73.9812838466799, 40.59608790137457], [-73.98035785527385, 40.59619154106909], [-73.97942586831438, 40.59629752259228], [-73.97890571442427, 40.59635272938373], [-73.97850169128974, 40.59639485300064], [-73.97750674312243, 40.59650645343955], [-73.97650934566265, 40.59661610863947], [-73.97558819284275, 40.59671920659436], [-73.97503940418625, 40.59678002706972], [-73.97492695580891, 40.59679353744507], [-73.97408390508802, 40.59688294340665], [-73.97323983469967, 40.59697881770316], [-73.971483509104, 40.59717158440821], [-73.97055615160639, 40.59727446038132], [-73.96962970030529, 40.597378697904446], [-73.96870358960452, 40.59747851549072], [-73.9677764615014, 40.59758037851956], [-73.96684927000949, 40.597682855410696], [-73.96634722827224, 40.59773809162684], [-73.9657431418362, 40.59780474091754], [-73.96562729486152, 40.597817523463135], [-73.96548618202627, 40.597833093528585], [-73.96520010106103, 40.59786455255822], [-73.96410666735252, 40.59798579579096], [-73.96303344628399, 40.59810221732789], [-73.96210267157325, 40.59820611361579], [-73.9611844751159, 40.59831158252854], [-73.96018005495316, 40.5984187342588], [-73.9591842440358, 40.598525997336296], [-73.95825603384307, 40.59862839552819], [-73.9573324637116, 40.59873091401898], [-73.95640210951221, 40.59883320638861], [-73.9558631290849, 40.598891219430044], [-73.95547624067287, 40.59893730301458], [-73.95451096032127, 40.5990358023539], [-73.95355183572515, 40.599146453127105], [-73.95260704331463, 40.599250618045254], [-73.9514055742525, 40.59938102524105], [-73.95037360135677, 40.599495247768566], [-73.94944810512419, 40.59959756698767], [-73.94852098923315, 40.59969760871167], [-73.94759537976911, 40.59980151589017], [-73.946632123807, 40.599908964206776], [-73.94566886851855, 40.600011766759664], [-73.94474202526109, 40.6001111747779], [-73.94381683939503, 40.600217339055405], [-73.94288954111657, 40.60031865002468], [-73.94189057607858, 40.600427418649424], [-73.94116609746085, 40.600508016018324], [-73.94089263654693, 40.60053783607996], [-73.93996699257904, 40.60063944850807], [-73.93952543949123, 40.60068809736394], [-73.93904134662999, 40.60074143169956], [-73.93811308650271, 40.60084375723208], [-73.9371506305826, 40.600948866201826], [-73.93619686378729, 40.60105507057351]], [[-73.93619686378729, 40.60105507057351], [-73.93525981940714, 40.60114234747062], [-73.93447158945195, 40.60123151172567]], [[-73.93619686378729, 40.60105507057351], [-73.9353442873569, 40.60152881818895], [-73.93503274639613, 40.60173379050094], [-73.93426266750973, 40.60223071109433], [-73.9335511721212, 40.60268728097695], [-73.93311365811027, 40.602970553022764], [-73.93286945372058, 40.60312866392143], [-73.92986880290937, 40.60507134171929], [-73.92950091654554, 40.605308692388924], [-73.92915810763405, 40.60552985694476], [-73.92844217820607, 40.606001196941065], [-73.92769136220787, 40.606480507154544], [-73.92696222731219, 40.606961375124556], [-73.92624885223901, 40.60741352191672], [-73.92586463660747, 40.60766047700807], [-73.92552903976205, 40.607876187197085], [-73.92517043639361, 40.60811193604919], [-73.92482131388766, 40.60834144936367], [-73.92411685966006, 40.60880964501835], [-73.92406893699999, 40.60883810588001], [-73.92337090268147, 40.60925267511484], [-73.92258892708116, 40.60975084206703], [-73.92249750860745, 40.60980907933885], [-73.9223695753405, 40.609889860757505], [-73.92183319753782, 40.61023721569417], [-73.92147448983246, 40.61046945798056], [-73.92111577964084, 40.6107016910374], [-73.92075618004009, 40.6109344995922], [-73.92040764563778, 40.61116099121796], [-73.92005097862821, 40.611387910178316], [-73.91975534228678, 40.61157481364924], [-73.91970537957468, 40.6116064059778], [-73.91900879911788, 40.612120502319435], [-73.9182892212509, 40.612579304063104], [-73.9175614117741, 40.61305501528279], [-73.9168066522397, 40.61353801641175], [-73.91609507708641, 40.61399870036151], [-73.91538776011367, 40.61445775398311], [-73.91467032539954, 40.614920244724516], [-73.91387690389614, 40.61543180651086], [-73.91339660406456, 40.615743207033134], [-73.91310986494136, 40.61592910948612], [-73.9123977543336, 40.61638972594299], [-73.91203537428856, 40.61662356762096], [-73.91168169677677, 40.61685178568135], [-73.9109553222421, 40.61732434113521], [-73.91026048859445, 40.61778067120975], [-73.90969158881977, 40.61837501898209], [-73.90892771670548, 40.618876862080135], [-73.90815857000341, 40.61937312254697], [-73.907445500231, 40.619835084347656], [-73.90685715543762, 40.620213972521576], [-73.90673113461106, 40.62029547465381], [-73.90601640142313, 40.62075811150846], [-73.90530345602184, 40.62121980883623], [-73.90456034652023, 40.6217020716018], [-73.90381193698262, 40.62218964719198]]]}",26041.4836652
"{'type': 'MultiLineString', 'coordinates': [[[-73.90230295285855, 40.831350601303896], [-73.9021245295104, 40.83139730277815], [-73.90193920274837, 40.83143091391268], [-73.90174951922528, 40.83145064440829], [-73.9015581874337, 40.831456109342625], [-73.9013680017927, 40.831447347117134], [-73.90118164117227, 40.83142476525551]], [[-73.90118164117227, 40.83142476525551], [-73.90112773063409, 40.83139511797399], [-73.90107683105943, 40.83136254393917], [-73.90102921723728, 40.831327218987376], [-73.90098514733435, 40.831289334249256], [-73.9009448581553, 40.83124909434459], [-73.90090856870238, 40.83120671558429], [-73.90087647305921, 40.8311624277652], [-73.9008487451415, 40.83111646877105], [-73.90082553513491, 40.83106908817119], [-73.9008069683192, 40.83102054091631], [-73.90079314388034, 40.83097108913798], [-73.90078413728556, 40.83092099944946], [-73.90077999791295, 40.83087054294336], [-73.90078074550016, 40.8308199915867]], [[-73.90118164117227, 40.83142476525551], [-73.90073324503088, 40.83129946889242], [-73.90025162326484, 40.83119466253273], [-73.89973112271882, 40.830806007687855], [-73.89926581368948, 40.83045814609663], [-73.89879391468557, 40.83010464872457], [-73.89850614336302, 40.829946241824906], [-73.89756958831222, 40.82942300037252], [-73.89639573000044, 40.82876287910266], [-73.8954852277274, 40.828248540889334], [-73.89529156469429, 40.82814234985616], [-73.89511020891494, 40.82803689909146], [-73.89385454235867, 40.82734003614472], [-73.89293226056787, 40.82678703549902]], [[-73.90869131231133, 40.83393834640526], [-73.90856393665462, 40.83389492179238], [-73.90835433588768, 40.83382346326529], [-73.90826245497499, 40.8337921385497], [-73.90788444225895, 40.83366326191522], [-73.90765153691474, 40.833583859137484], [-73.9073462007836, 40.83347976018571], [-73.90707584319513, 40.83342975251479], [-73.90685219104581, 40.83335862931928], [-73.90675208379955, 40.83332624227307], [-73.90644143495514, 40.83322573950332], [-73.90591670370777, 40.833051383865225], [-73.90572275961212, 40.83297803687011], [-73.9056222156457, 40.83293754673122], [-73.90503038409686, 40.83273812447548], [-73.9034350141953, 40.832216380277224], [-73.90187802893931, 40.83170690234529], [-73.90118164117227, 40.83142476525551]]]}",5706.85233281
"{'type': 'MultiLineString', 'coordinates': [[[-74.13092851471211, 40.59909852046613], [-74.13091909389335, 40.59885504769055]], [[-74.13092851471211, 40.59909852046613], [-74.13080319426572, 40.598842086055534], [-74.13072114209798, 40.59857485904987]], [[-74.13208827683393, 40.61323401269888], [-74.13228660574616, 40.612855575235656], [-74.13230552357457, 40.61243843159705], [-74.13231135173662, 40.61025764809214], [-74.13215051157407, 40.60855196353392], [-74.13211741300994, 40.60826434856831], [-74.13210459793078, 40.60815292363099], [-74.13208259367268, 40.6080444800753], [-74.13204227441415, 40.60775597284901], [-74.1319466713092, 40.60734225557512], [-74.13190899745291, 40.607019679374034], [-74.13189535364315, 40.60674923925473], [-74.13189065092838, 40.60667802321192], [-74.1317739824569, 40.605593495397244], [-74.13156826105036, 40.60376950497565], [-74.13140518236916, 40.602578300513834], [-74.13124854996562, 40.601405259982336], [-74.13123760859841, 40.601326638794674], [-74.1311683667578, 40.60083197040494], [-74.13109678357105, 40.60031526611594], [-74.13106884296694, 40.60011461907796], [-74.13098824890693, 40.59950256224546], [-74.13092851471211, 40.59909852046613]]]}",5468.18204398
"{'type': 'MultiLineString', 'coordinates': [[[-73.85443839956213, 40.80571536010812], [-73.85452641857609, 40.806084337443835], [-73.85464499264037, 40.80650833231358], [-73.85480750455426, 40.80725974091579], [-73.85483798005139, 40.80737059294229], [-73.85493595056822, 40.807726938481224], [-73.85507952434955, 40.80831987087642], [-73.85522197728902, 40.80892582104152], [-73.85531109037416, 40.80934065056124], [-73.85546445946959, 40.809970079222545], [-73.85561851054665, 40.81060771651328], [-73.85577298346902, 40.81146278938394], [-73.8562910702606, 40.813554475052044], [-73.8564286184737, 40.81414333821953], [-73.8567833616177, 40.81566198427284], [-73.85726963998533, 40.81777016576111], [-73.85776796692757, 40.819878577214254], [-73.85794552524509, 40.82064208380656], [-73.85826426622731, 40.82201268163738], [-73.85844442616794, 40.82277445331736], [-73.85878844333327, 40.82420863727998], [-73.85940693103883, 40.825621614937326], [-73.85952621095976, 40.825885101512384], [-73.85955534513452, 40.82595512358861], [-73.85958810292594, 40.826026455788735], [-73.85970333284749, 40.826277348289025], [-73.86067324163795, 40.82841898588987], [-73.86161897858334, 40.83050335898072], [-73.86253930661375, 40.83256516193578]], [[-73.86253930661375, 40.83256516193578], [-73.86252929663252, 40.832592784409506], [-73.86251768805195, 40.83262004297742], [-73.86250450468779, 40.83264688633916], [-73.86248977273465, 40.83267325959522], [-73.86247352074707, 40.83269911325184], [-73.86245577965478, 40.83272439601699], [-73.86243658512436, 40.83274905930585], [-73.86241597519745, 40.832773052735256], [-73.86239398790285, 40.8327963322256], [-73.86237066839053, 40.83281885010371], [-73.86234606180128, 40.83284056319896], [-73.86232021445987, 40.83286142924243], [-73.86229317980288, 40.83288140687437], [-73.86226500770292, 40.83290045833272]], [[-73.86253930661375, 40.83256516193578], [-73.86272273448388, 40.832920682602364], [-73.86272700647237, 40.83307222125331], [-73.86284851166717, 40.83369023078904], [-73.8628811325667, 40.833889072821485], [-73.86289361611175, 40.833964261007175], [-73.86289761395925, 40.83400338327356], [-73.86294260316336, 40.83429959972145], [-73.86295952089974, 40.83442032310128], [-73.86315638470568, 40.83553082138291], [-73.86320210861297, 40.835798305528556], [-73.86355551514023, 40.837865620890376], [-73.86359585760641, 40.83809576029515], [-73.86393748057114, 40.840044565469206], [-73.86410376822315, 40.84036426228404], [-73.86427008228159, 40.840684003895575], [-73.8644801175509, 40.841087797420776], [-73.86470326296492, 40.84155257026027], [-73.86516639854754, 40.842466275615706], [-73.86539883743028, 40.843200260479314], [-73.86559423326206, 40.84376684576612], [-73.86611896053961, 40.84522312999116], [-73.86694711887245, 40.847502309206675], [-73.86712190724296, 40.848021131648984]], [[-73.86725342239288, 40.84741289193888], [-73.86712190724296, 40.848021131648984]], [[-73.86712190724296, 40.848021131648984], [-73.86716616177178, 40.84815249250816], [-73.86737121006769, 40.848716310961976], [-73.86739373657213, 40.84877825475122], [-73.86743812921381, 40.84887653784138], [-73.86758166945188, 40.84926283943799]], [[-73.86768969498256, 40.84887552724022], [-73.86758166945188, 40.84926283943799]], [[-73.86758166945188, 40.84926283943799], [-73.867818443673, 40.849905348731255], [-73.86780857905991, 40.85080839197659], [-73.86780004798293, 40.85158929381238], [-73.86776944954083, 40.852413443408615], [-73.86773075017702, 40.853661094060335], [-73.86770277992112, 40.854504561909], [-73.86761378351672, 40.856620516566736], [-73.86761287369846, 40.85676776391767], [-73.86760833935757, 40.85699607836525], [-73.8676015410145, 40.857235646350034], [-73.86759904225559, 40.85734160522461], [-73.86758899376788, 40.8577678242422], [-73.86758752485025, 40.85783008974098], [-73.86755650947465, 40.85826526165282], [-73.86758934134211, 40.85889549920594], [-73.8675941736847, 40.85898823734528], [-73.86753716874009, 40.8594366345656]]]}",20561.7966266
"{'type': 'MultiLineString', 'coordinates': [[[-73.93160218702442, 40.66323044474685], [-73.93107764430131, 40.66278816719347], [-73.930462729723, 40.66221667964479], [-73.9294325011089, 40.66129408625087], [-73.92905189217227, 40.660950178047884], [-73.92882287846876, 40.66074523295643], [-73.92819257957781, 40.660177173472015], [-73.9277620298619, 40.659791593466046], [-73.92725505337951, 40.65933756386091], [-73.92641191060993, 40.65858673486888], [-73.92623943146293, 40.658418704996805], [-73.92540699952787, 40.65767996935615], [-73.92521808162574, 40.657496375340116], [-73.92465429174091, 40.65700712568034], [-73.9240769504489, 40.65648408588015], [-73.92359855358792, 40.65605314177264], [-73.92330598810392, 40.65580185584007], [-73.92288829577016, 40.65542141418964], [-73.92213639701157, 40.654747356682286], [-73.9220061840992, 40.65463061543542], [-73.92200416429144, 40.65462880402577], [-73.92188158253116, 40.65451862357724], [-73.92177652963909, 40.65442420496886], [-73.92169400182475, 40.654350000207074], [-73.92089764662943, 40.653625106034184], [-73.91996204019146, 40.65278827417498], [-73.91813733516244, 40.65115744006937], [-73.91631994200937, 40.64952762747062], [-73.91601364130125, 40.649252458045986], [-73.91473216825682, 40.64810117529183], [-73.91372670703747, 40.647196286253944], [-73.9129361389128, 40.64649086112028], [-73.91287863722943, 40.64643901525771], [-73.9126853115939, 40.64626470119079], [-73.91172810144639, 40.64540529555027], [-73.91111636371379, 40.64485106044237], [-73.9102055255306, 40.64403812023933], [-73.90927970057157, 40.6432040275368], [-73.90868910703105, 40.64267467646081], [-73.90801505833609, 40.64206944901419], [-73.90763661310018, 40.6417296419695], [-73.90668690900904, 40.64087327333233], [-73.90597221328876, 40.6402382485231], [-73.90493488946036, 40.639303414178485], [-73.90412992418153, 40.6385779630326], [-73.90369084456181, 40.63816958887109], [-73.90217678304627, 40.63682341219799], [-73.90136318469459, 40.63609389075934], [-73.9007988058287, 40.635587187202965], [-73.90049501721242, 40.63531444550746], [-73.89867745117039, 40.633681873062315], [-73.89685952159488, 40.632049874541785], [-73.89503861759214, 40.6304198703665], [-73.89500062303652, 40.63038585905135]]]}",15696.0916098
"{'type': 'MultiLineString', 'coordinates': [[[-73.88226620305927, 40.821050166075324], [-73.88266525520325, 40.8228265145534], [-73.88268679312391, 40.822934569048044], [-73.88270373680581, 40.82301957515521], [-73.88272254542638, 40.82309569525397], [-73.8827603039667, 40.823248547920585], [-73.88327865959818, 40.825397703227715], [-73.88355173932302, 40.82661699896183], [-73.88309335650695, 40.82790425341862], [-73.88295104530343, 40.82830386618279], [-73.88238045427917, 40.829980188717734], [-73.88207283319024, 40.83087647992949], [-73.88172405100839, 40.83128702781421], [-73.88099187802857, 40.8322345321837], [-73.88024813978991, 40.83318683741582], [-73.87983704993808, 40.83369864745292], [-73.8792523953467, 40.834424790310656], [-73.87916928960304, 40.83452626019068], [-73.87906181133866, 40.83463927131188], [-73.87892705643878, 40.83478096327825], [-73.87866481455859, 40.835025658311835], [-73.87838370445809, 40.83525903253694], [-73.87808502069399, 40.83547984270171], [-73.87801301911196, 40.835530071810204], [-73.87794606042671, 40.83557678347473], [-73.87791415167807, 40.835598703765214], [-73.87788200496912, 40.83562042118349], [-73.8778496203, 40.835641935729406], [-73.87781700241983, 40.83566324380585], [-73.87778415132715, 40.83568434631305], [-73.87775107176937, 40.83570524055438], [-73.87771776374996, 40.83572592472867], [-73.87768423082763, 40.835746397939005], [-73.8776504741913, 40.83576665838545], [-73.87761649858376, 40.835786706072845], [-73.87758230282601, 40.835806537397815], [-73.87754789284476, 40.83582615326684], [-73.87751326864675, 40.83584555007788], [-73.87747843260348, 40.8358647278332], [-73.87735008926754, 40.835932692236206], [-73.87728333562706, 40.835968042189705], [-73.87698921527179, 40.83610249600967], [-73.8767332345621, 40.83620561841214]], [[-73.8767332345621, 40.83620561841214], [-73.8764865575073, 40.83618892948393]], [[-73.8767332345621, 40.83620561841214], [-73.87655099231905, 40.83634482907697], [-73.87645487633115, 40.83638732856287]]]}",6308.70085022
"{'type': 'MultiLineString', 'coordinates': [[[-73.93101422217038, 40.82959518636016], [-73.93106978129455, 40.829671052974795], [-73.93111567549191, 40.82978305425812], [-73.93101442853055, 40.829981592518436], [-73.93071173847414, 40.83057330281384], [-73.9305920505972, 40.83078525057384], [-73.93010884920312, 40.83164091693367], [-73.92974243620534, 40.8322839086895], [-73.92938512070911, 40.83291748561286], [-73.92853694642797, 40.83441772729807], [-73.92785887237285, 40.835620607766394], [-73.92711688433242, 40.836939914444606], [-73.92663631572562, 40.837755881418026], [-73.92618468731884, 40.83852267893776], [-73.92577920964419, 40.83923343056178], [-73.9252676387574, 40.84017587111259], [-73.9250946470411, 40.84118378117688], [-73.92484861206202, 40.84149544307577], [-73.9246941229146, 40.84170588125601], [-73.92413625491584, 40.84246577151955], [-73.92381566785461, 40.84288636968008], [-73.92362160796827, 40.844238088484474]]]}",5772.40702558
"{'type': 'MultiLineString', 'coordinates': [[[-73.81336935923521, 40.75420571551366], [-73.81308856655242, 40.754201693328], [-73.81221355910448, 40.75420917622536], [-73.8104757751016, 40.754212031279444], [-73.80954562448288, 40.754132963451546], [-73.80888160727804, 40.75408077427358], [-73.80861936584019, 40.7540601621074], [-73.80768482034998, 40.753987222410245], [-73.80673714491671, 40.7539140901069], [-73.80581866920684, 40.75383830761206], [-73.80488572960313, 40.75376497959264], [-73.80444516687105, 40.75372948101604], [-73.80394636424231, 40.75369892628878], [-73.8030070536079, 40.75369907975062], [-73.80182691192631, 40.75371704586347], [-73.80111443904059, 40.75373383799022], [-73.80016571280626, 40.75378164202024], [-73.79921422903081, 40.75383238799812], [-73.79826149973195, 40.753895083582314], [-73.79802721741187, 40.75390444264621], [-73.7977922085071, 40.75390347203366], [-73.79755768103607, 40.753892155852874], [-73.79732479654068, 40.753870574494435], [-73.79639560053326, 40.75377205921342], [-73.79545889830949, 40.75366663421665], [-73.79457726928175, 40.75356301168852], [-73.79343320205375, 40.753342700622035], [-73.79243099200323, 40.753084811642175], [-73.79237517980272, 40.75307044790864]]]}",5863.91351788
"{'type': 'MultiLineString', 'coordinates': [[[-73.96970447083031, 40.699116525439536], [-73.96972733431629, 40.69877930852451], [-73.9697310333181, 40.69870821045044], [-73.96975012262693, 40.69834128011639], [-73.96975343486227, 40.69827760035663], [-73.96972789903336, 40.69780401419015], [-73.9693945016837, 40.6960803892307], [-73.96937861742262, 40.69599133421546], [-73.96937195726045, 40.695937760047855], [-73.96935567867418, 40.695854729352256], [-73.96934097757676, 40.69576842931235], [-73.96880989603997, 40.69312038281147], [-73.96864515280977, 40.69230199867741], [-73.96849273236627, 40.69154480386052], [-73.96807787319088, 40.68945226599484], [-73.96778749938744, 40.68798369081092], [-73.96749304278558, 40.68651778799424], [-73.96705568200005, 40.684319212246876], [-73.96688962238245, 40.68348273118447], [-73.96654903630085, 40.6817350229378], [-73.96654997714602, 40.68162801510634], [-73.96657247074177, 40.68156481454925]]]}",6461.9388976
"{'type': 'MultiLineString', 'coordinates': [[[-74.06316237250442, 40.61559789908656], [-74.06357582865542, 40.61538730312473], [-74.06377559413889, 40.61528558126463], [-74.06613391157228, 40.614088877895504], [-74.06699470927084, 40.613657462878244], [-74.0677288090748, 40.61327366183825], [-74.0678911851562, 40.61319374473629], [-74.06932980242856, 40.61246031187983], [-74.07067702788335, 40.611776390927105], [-74.07097880165205, 40.61162372056768], [-74.07119033299041, 40.611516696944356], [-74.07144212313123, 40.61138830735499], [-74.07153191137269, 40.61134275986551], [-74.07233956307003, 40.61093305469987], [-74.0741507146683, 40.61001373679946], [-74.07421470023063, 40.60998355504194], [-74.07427793202993, 40.60995246330843], [-74.07434038644527, 40.60992047332209], [-74.07440204221724, 40.60988759500369], [-74.07446287808939, 40.609853840975624], [-74.07452287162302, 40.60981922296049], [-74.07458200274353, 40.60978375357996], [-74.07464024901152, 40.60974744365614], [-74.07469759153645, 40.609710307611], [-74.07475401024436, 40.6096723580663], [-74.0748094838809, 40.609633608544925], [-74.07486399355491, 40.6095940725685], [-74.07491751919405, 40.60955376365923], [-74.07497004427172, 40.60951269623762], [-74.07533046658217, 40.60916353541593], [-74.07571157227086, 40.60882971642536], [-74.07578287793906, 40.608756474119104], [-74.07622677811543, 40.608236123810514], [-74.07648363494467, 40.60786504081434], [-74.07681277240435, 40.60721400510733], [-74.07694236468444, 40.60684367331203], [-74.0770564897891, 40.60651197961969], [-74.07709631416222, 40.606346121777946], [-74.07711690992593, 40.60625409171623], [-74.0771469657974, 40.6061452344486], [-74.07717853692827, 40.60603485877472], [-74.07719283337555, 40.60598143380562], [-74.07722166032961, 40.60587371920277], [-74.07729173362394, 40.6055382429217], [-74.07736650908431, 40.60416511329462], [-74.07734880995025, 40.60382960231726], [-74.07731789002142, 40.60364516553944]]]}",6265.11156569
"{'type': 'MultiLineString', 'coordinates': [[[-73.9115119283557, 40.68350498947277], [-73.91181302253234, 40.68317968465526], [-73.91166390613886, 40.68244565096896], [-73.91151806954251, 40.6817116915839], [-73.91137474092709, 40.6809799401381], [-73.91122493258887, 40.680239871695285], [-73.91108275967918, 40.67951552287288], [-73.91093863711914, 40.678783103685426], [-73.91086568341863, 40.678400503934526], [-73.91075317073516, 40.67827699573565], [-73.91081358338846, 40.677521142151086], [-73.9109182328762, 40.67641897468075], [-73.91092600878474, 40.67634444505756], [-73.91093397395302, 40.67626103649963], [-73.91100238552599, 40.67554411720172], [-73.91107588043724, 40.67475706058855], [-73.91115101795336, 40.673978650071994], [-73.91122305904807, 40.673161604928524], [-73.91123038440243, 40.673078483989926], [-73.91124685680184, 40.67300087225682], [-73.91132336280027, 40.672195402026745], [-73.9113353363439, 40.672076453136356], [-73.91106539648922, 40.67095540077229], [-73.91074246931703, 40.66968440573877], [-73.91041596919169, 40.66841475668825], [-73.9100906872006, 40.66715431253877], [-73.90990646484538, 40.666436194012896], [-73.90989734518219, 40.66640064349252], [-73.90988811847357, 40.66636467594839], [-73.90988178107266, 40.666339971623074], [-73.90987422372298, 40.66631051341657], [-73.90986555466753, 40.66627671655142], [-73.90969893725222, 40.66562720734207], [-73.90951662985415, 40.66491854588235], [-73.90950213789364, 40.664862212581454], [-73.9094777290095, 40.66476733207198], [-73.90946045496396, 40.66470018497477], [-73.90930543480164, 40.66409757679384], [-73.90917163678755, 40.66356147746248], [-73.90914238118633, 40.663444252123085], [-73.90892035291274, 40.66255460742158], [-73.90852358974537, 40.66101448902155], [-73.90812992614163, 40.6594780563535], [-73.90773679902883, 40.65794301738143], [-73.90730723350877, 40.6562730679278], [-73.90696561275756, 40.65489205571797], [-73.9069371329234, 40.65478704133911], [-73.90692334284783, 40.65473842024374], [-73.90690401270794, 40.654668956686315], [-73.90687003454617, 40.6545811017022], [-73.90657088909192, 40.65337878513391], [-73.90623376683409, 40.65204889632022], [-73.90606157066507, 40.65133244967669], [-73.90598951837347, 40.65095039380307], [-73.90578462528158, 40.650262541083926], [-73.90554784185176, 40.64938358532468], [-73.90533759605526, 40.64856261718787], [-73.90509580266479, 40.647606850991004]]]}",13307.6113432
"{'type': 'MultiLineString', 'coordinates': [[[-74.11799183678622, 40.640570340741746], [-74.11795211869742, 40.640430045462466], [-74.11787446025983, 40.64015573685838], [-74.11779142159641, 40.63984944815862], [-74.11778563984937, 40.639824756437086], [-74.11773735519282, 40.63961856623758], [-74.11770527595709, 40.63948157334731], [-74.11769393652435, 40.63943314601565], [-74.11769008818588, 40.639099765961745], [-74.11768946730032, 40.63904599568149], [-74.1176883859376, 40.63895232385587], [-74.11765935089709, 40.63812063647592], [-74.11765722572349, 40.63806246598956], [-74.11754902353665, 40.63695363271203], [-74.11753352414827, 40.63674776274877], [-74.11752704603735, 40.636661723816026], [-74.11751731921332, 40.63653253349845], [-74.11751136836702, 40.63644180141591], [-74.11750035304716, 40.63630719398365], [-74.11749409769583, 40.63622409141214], [-74.11748576415832, 40.63611340624294], [-74.11747983148213, 40.63602690657884], [-74.11747417381257, 40.63594351792839], [-74.11746820631106, 40.635880194974305], [-74.11745986558311, 40.63576940534623], [-74.11742209369784, 40.63558414307311], [-74.1173836137455, 40.63539539829631], [-74.1171994715152, 40.63456809846506], [-74.11707785713764, 40.634007107514044], [-74.11704470937919, 40.633816610155314], [-74.11695838615863, 40.63335140833727], [-74.11683619657471, 40.63267481788876], [-74.11666642623013, 40.631710101909164], [-74.11650496457457, 40.630755714236614], [-74.1163463557028, 40.629835002817266], [-74.11618948706621, 40.62894119688373], [-74.1161432112901, 40.6287022635337], [-74.11595162486205, 40.62823013393953], [-74.11588524984347, 40.62808893621486], [-74.1156093354957, 40.627548982737984], [-74.11544777634619, 40.627220617178196], [-74.11527552869528, 40.626889056245595], [-74.11526026662894, 40.626859678555405], [-74.11524316614923, 40.62682656554542], [-74.11503268938895, 40.62642246148962], [-74.11475499335725, 40.62588928768353], [-74.11473772702291, 40.62585634585996], [-74.11471448613743, 40.625811685216014], [-74.11407428661532, 40.624581769652416], [-74.11393395795386, 40.624330204239406], [-74.11358478261619, 40.62369716842354], [-74.11326249642464, 40.62305442442353]]]}",6568.31933193
"{'type': 'MultiLineString', 'coordinates': [[[-74.06735834730742, 40.60431673186737], [-74.06738509304407, 40.60430583608054], [-74.06747573849601, 40.60428277725901], [-74.06756835037451, 40.60426482226994], [-74.06766243610244, 40.604252066854045], [-74.06775749126152, 40.60424457974473], [-74.06785300904238, 40.60424240086184], [-74.06794848260604, 40.60424554040963], [-74.06804339918013, 40.60425398338286], [-74.06899869563428, 40.60439638344256], [-74.07008038470099, 40.60484004659146], [-74.07117162059821, 40.605270212821914], [-74.07227195246573, 40.60568668403222], [-74.07338095782437, 40.60608931614895], [-74.07448933855893, 40.60639772534798], [-74.0753957943954, 40.60659628474428], [-74.07595546674582, 40.60669147063561]], [[-74.07595546674582, 40.60669147063561], [-74.07644301453355, 40.606774381752565], [-74.07684031260229, 40.6068322013949], [-74.07694236468444, 40.60684367331203], [-74.07709785653583, 40.60686115180662], [-74.07753888179951, 40.606886276860436], [-74.07809262269275, 40.60688586593578], [-74.07924125024739, 40.60671786362901], [-74.07936899233263, 40.60669173058862], [-74.07950716543728, 40.60665491900461], [-74.07964697582906, 40.60662189641691], [-74.07978824752745, 40.60659270526643], [-74.07993079745712, 40.606567382596516], [-74.08007444490161, 40.60654596094716], [-74.08021900441265, 40.60652846745934], [-74.08036429290043, 40.60651492477075], [-74.08037140758265, 40.60651436417372], [-74.0803785234582, 40.606513813481136], [-74.08038563934558, 40.606513272693874], [-74.08039275760679, 40.6065127409097], [-74.08039987706032, 40.6065122181295], [-74.08040699652561, 40.60651170525459], [-74.08041411836594, 40.606511202283315], [-74.08136745549781, 40.60652949992483], [-74.08254536969656, 40.6066669171473], [-74.08346547519245, 40.60687373203907], [-74.08436866603436, 40.60717289331479], [-74.08513462779469, 40.60746609681035], [-74.08596506422447, 40.60777918455045], [-74.086754955242, 40.60811779968019], [-74.08837844963809, 40.60872614323704], [-74.08922362791884, 40.609056874227434], [-74.09010830289012, 40.6094033893108], [-74.09085003954883, 40.60969252133157], [-74.09279582897653, 40.61043781380697], [-74.09315590406733, 40.610546566733326], [-74.09352172063474, 40.61064430047809], [-74.09389237893349, 40.61073075547077], [-74.09426700411353, 40.610805740571095], [-74.09470205371481, 40.61087692941201], [-74.0951417526296, 40.61093389351864], [-74.09558487962116, 40.6109763997176], [-74.09603022060736, 40.61100426977969], [-74.09647652148557, 40.61101743989411], [-74.09692251760912, 40.611015912016434], [-74.09736697989626, 40.610999767337475]], [[-74.07595546674582, 40.60669147063561], [-74.07640476364466, 40.606976665328766], [-74.07681277240435, 40.60721400510733]], [[-74.09736697989626, 40.610999767337475], [-74.0975552550329, 40.61099470885809], [-74.09810312090326, 40.610961518498655], [-74.10000319771639, 40.610898834706106]], [[-74.09736697989626, 40.610999767337475], [-74.09762415605655, 40.61102675396281], [-74.09784494732521, 40.61106018360723], [-74.09802819292204, 40.61111425689868], [-74.09826787103744, 40.61123850345817], [-74.09847061054225, 40.611353902923256]]]}",10272.9581925
"{'type': 'MultiLineString', 'coordinates': [[[-73.76807004668468, 40.6565553273402], [-73.76790662676355, 40.656363114897914]], [[-73.76807004668468, 40.6565553273402], [-73.7678619680292, 40.65644061358071], [-73.76771375922696, 40.65635897939852], [-73.76740737376551, 40.656190215138366], [-73.76735274336549, 40.6561601263401], [-73.76729261052105, 40.65612444315899], [-73.76683051686103, 40.655876053416264], [-73.76669593942506, 40.65580284739764], [-73.76628008286441, 40.65557821487228], [-73.76566897149485, 40.655253468599966], [-73.76475455390768, 40.65474689642086], [-73.76417770251821, 40.65442150081924], [-73.76406290102317, 40.65435626582512], [-73.76359897269526, 40.65409090063641], [-73.76277911929975, 40.65362193707806], [-73.75793937449842, 40.65085330344903], [-73.75745462197247, 40.650581352369194], [-73.75465758128128, 40.6490120962193], [-73.7541108673145, 40.648697664333575], [-73.75392942714599, 40.648595151759004], [-73.7537480219513, 40.64849260385033], [-73.75356665054831, 40.64839002060527], [-73.75338531411937, 40.64828740202646], [-73.75320401266134, 40.64818474901459], [-73.75302274499201, 40.648082061567244], [-73.7528415111149, 40.647979338784154], [-73.75266031221237, 40.64787658066791], [-73.75247914709894, 40.647773788116716], [-73.75229801696031, 40.64767096023275], [-73.75211692179337, 40.64756809791672], [-73.75193586041918, 40.64746520026564], [-73.75175483401692, 40.647362268182825], [-73.7515738414077, 40.64725930076529], [-73.74840779519934, 40.64545692032297], [-73.74826037152378, 40.645360432795414], [-73.74811676278087, 40.6452606638268], [-73.74797709396213, 40.64515770105579], [-73.74784148649954, 40.645051634815104], [-73.74771006181557, 40.644942557238565], [-73.74758293185522, 40.64483056494195], [-73.74746020973959, 40.64471575544412], [-73.74711666282742, 40.64437184496018], [-73.74432114676945, 40.64158311355186], [-73.74399063193681, 40.641247068763185], [-73.74338328635841, 40.64064503155347], [-73.74245385067371, 40.63967836813104], [-73.7416007781938, 40.63879109573212], [-73.74151372347661, 40.63866073854296], [-73.74107552242542, 40.63800461436395], [-73.7410202366571, 40.63792183088694], [-73.7408113016793, 40.63741321138219], [-73.74069389667378, 40.63713181429268], [-73.74056457811575, 40.63678720771362], [-73.74042798236603, 40.63645029302115], [-73.7402918364211, 40.63611448681004], [-73.7401192697615, 40.635642628158536], [-73.74004697934566, 40.63542572689148], [-73.74001376786326, 40.6353455863083]], [[-73.77476429788057, 40.66073403832811], [-73.77422656855047, 40.66016805229272], [-73.77395507879248, 40.65981450645528], [-73.77382964821989, 40.65965115780271], [-73.77378370485097, 40.65962415993435], [-73.77331158669567, 40.659346716943915], [-73.77305501124829, 40.65919975050562], [-73.77291920442184, 40.65912940404494], [-73.77049977823016, 40.657876040633454], [-73.7697614527661, 40.657482235647066], [-73.76877878326245, 40.65694201200645], [-73.76873168758269, 40.656920064406044], [-73.76807004668468, 40.6565553273402]], [[-73.77545507698707, 40.66093202626326], [-73.77551002789038, 40.660443943055085], [-73.77552237730906, 40.660365468879284]], [[-73.77545507698707, 40.66093202626326], [-73.77544805330837, 40.6608651219748], [-73.77541609810834, 40.660792351656326], [-73.7753530237295, 40.66072167279912], [-73.77525895758994, 40.66066443214498], [-73.7751434421124, 40.66063131852619], [-73.77502315704952, 40.66062713095182], [-73.77491453026154, 40.660648593946334], [-73.77482750796406, 40.660687263031505], [-73.77476429788057, 40.66073403832811]], [[-73.77597317354967, 40.662162182225956], [-73.775829320501, 40.661847782861194], [-73.77564584164101, 40.661575666450084], [-73.77558624616695, 40.661465362660465], [-73.77554098491825, 40.661358067528475], [-73.77550613365877, 40.661256745126494], [-73.77549324624108, 40.66121006406867], [-73.7754651492623, 40.66103827118635], [-73.77545507698707, 40.66093202626326]], [[-73.77597317354967, 40.662162182225956], [-73.7757015796415, 40.66189423477815], [-73.77521700988487, 40.66131472326511], [-73.77476429788057, 40.66073403832811]], [[-73.84264340185784, 40.68040244617767], [-73.84202002212461, 40.6803154036107], [-73.84196072083418, 40.68030712748193], [-73.8409452227038, 40.68016531978719], [-73.83996449772671, 40.680026577224645], [-73.83976408425342, 40.679997355724055], [-73.83952065346172, 40.679961869330874], [-73.83882980750703, 40.679861774934736], [-73.83845457299932, 40.679811026951995], [-73.83780589964118, 40.679720441021125], [-73.83678141201338, 40.679571271681425], [-73.83639135707351, 40.67947329989779], [-73.83564988219476, 40.67927269784825], [-73.83446176686671, 40.67894409831223], [-73.83418481324136, 40.67887410764186], [-73.83410908053109, 40.67885268326181], [-73.83332501418924, 40.67865700264461], [-73.83301469988636, 40.678588860910025], [-73.83220564300625, 40.67840821101883], [-73.83210969928342, 40.67838626956512], [-73.83162720004952, 40.678275911355136], [-73.83108270590922, 40.67815137064377], [-73.83078493690401, 40.67808777089821], [-73.82994712051011, 40.67790407308338], [-73.82883689465604, 40.67769237331849], [-73.82830195049694, 40.67760987153414], [-73.82759497586723, 40.67750084245325], [-73.8264469413763, 40.67731953551063], [-73.82563103972736, 40.67718313529617], [-73.82540574466798, 40.67714732139899], [-73.82467313212713, 40.67703087011268], [-73.82435806711922, 40.67698126550325], [-73.82376138868396, 40.67687745106812], [-73.8233706700641, 40.67681587794741], [-73.82284039613334, 40.67672588452329], [-73.82234673486656, 40.676647922960576], [-73.82192101146096, 40.67657526763313], [-73.82131957887128, 40.67648763345368], [-73.82100788800206, 40.6764255086188], [-73.82028652251596, 40.676306110278624], [-73.82009843099479, 40.676276468494734], [-73.81922458998937, 40.67613341154316], [-73.8191389109405, 40.67611933689404], [-73.81819088709253, 40.67596362025407], [-73.81726877793947, 40.6758268658158], [-73.81705500337293, 40.67579516200068], [-73.816839241879, 40.67576433533023], [-73.8159919539628, 40.67568169372645], [-73.8154033684871, 40.67562422545111], [-73.81494835442321, 40.675580126525446], [-73.81447168240457, 40.675532405019034], [-73.81386906463213, 40.6754774736347], [-73.81352979658412, 40.6754472063214], [-73.81283550011902, 40.67538439356346], [-73.81259589572556, 40.67536243615771], [-73.81175992870317, 40.67528703096833], [-73.81155535645873, 40.6752697303466], [-73.81073874179063, 40.675194407961534], [-73.80978184724206, 40.67510812368099], [-73.80853580625215, 40.67499556251678], [-73.80744208256912, 40.674896850587935], [-73.80638150064483, 40.67480071088405], [-73.80617802872274, 40.674782240879885], [-73.80540018736858, 40.67471070014717], [-73.8045113192954, 40.67463128954989], [-73.80427656088536, 40.67461191653098], [-73.80359716876805, 40.67455084826182], [-73.80320416431317, 40.67452082794939], [-73.80268964236693, 40.67447093156508], [-73.8020810869997, 40.67441849379033], [-73.8017929552374, 40.67439398998154], [-73.8016819473658, 40.674383847973175], [-73.80155476928152, 40.67437432634042], [-73.80121648232338, 40.674344016282674], [-73.80063495591823, 40.67429180125609], [-73.7998475542985, 40.674224503661314], [-73.79893035124294, 40.67414022788086], [-73.79836520022306, 40.674086810691016], [-73.79792189475334, 40.67405006625605], [-73.79570468071358, 40.67384963063649], [-73.79472573794173, 40.673760988240424], [-73.79375189807487, 40.67367530935973], [-73.79257260103512, 40.67357224211612], [-73.79168384766864, 40.67349264430848], [-73.79152665406701, 40.67347947407331], [-73.79079819699217, 40.673419263346766], [-73.79047361877853, 40.67339142303089], [-73.7898861597249, 40.67329790452881], [-73.78901747106792, 40.67315819428346], [-73.78808647423159, 40.67300962589695], [-73.78657527865298, 40.6727667102969], [-73.78651103256462, 40.672745588321476], [-73.78644735974979, 40.672723481307145], [-73.78638428857032, 40.67270039741214], [-73.7863218426483, 40.67267634748756], [-73.78626004797691, 40.67265134058788], [-73.78619893172906, 40.67262538667028], [-73.7861385163409, 40.67259849748438], [-73.78607882898497, 40.672570682987356], [-73.78601989209709, 40.67254195492886], [-73.78596173047842, 40.67251232506293], [-73.78590436774724, 40.672481805141345], [-73.78584782869852, 40.67245040871922], [-73.78579213458484, 40.67241814754415], [-73.78573730901813, 40.672385035168986], [-73.78564822717364, 40.672336387150914], [-73.78556072492249, 40.67228610576661], [-73.78547485184316, 40.67223422172962], [-73.7853906598851, 40.672180763957066], [-73.78530819861702, 40.67212576586425], [-73.78522751525064, 40.67206925816067], [-73.78514865935065, 40.67201127516217], [-73.78507167693614, 40.671951850277736], [-73.7849966116514, 40.67189101961325], [-73.78492351069113, 40.67182881838093], [-73.78485241532742, 40.67176528448342], [-73.78478336684022, 40.67170045312186], [-73.7847164088572, 40.671634364904826], [-73.78465157791763, 40.67156705772609], [-73.78358611674331, 40.67049532402486], [-73.78311172771714, 40.670021721669755], [-73.78249985919219, 40.66942071241147], [-73.78193652412604, 40.66886818659668], [-73.781667283592, 40.668609561259764], [-73.78107542085023, 40.668029420238895], [-73.78062532368294, 40.66752330981178], [-73.7803731949966, 40.66724661269152], [-73.78031667265437, 40.667176371483144], [-73.78022456028123, 40.66707845416098], [-73.78014163420092, 40.666981462042926], [-73.77993585486064, 40.666752319747424], [-73.77959408459505, 40.66636955737858], [-73.7789532367154, 40.665644211663746], [-73.7784365365481, 40.66506163559249], [-73.77835533352027, 40.664964042124936], [-73.77827414139728, 40.66486644141532], [-73.77763117031033, 40.66414064280498], [-73.77716775036251, 40.663620425754814], [-73.77668630964254, 40.663024195013755], [-73.77646269533024, 40.66274282484309], [-73.77621737550294, 40.66246017108554], [-73.77597317354967, 40.662162182225956]], [[-73.84271714667891, 40.68066629005338], [-73.8427347680287, 40.68061259837619], [-73.8427363112804, 40.68055508454587], [-73.84272038230323, 40.680498078137965], [-73.84268820083044, 40.68044602936063], [-73.84264340185784, 40.68040244617767]], [[-73.86604152837592, 40.686162222927585], [-73.86523465459494, 40.68589476446195], [-73.86426831848505, 40.68565318224466], [-73.86330072968356, 40.68541440001511], [-73.86230900332437, 40.6851700605983], [-73.86137394775479, 40.68491993656173], [-73.8609069413821, 40.68479002304535], [-73.86076495891393, 40.684753326448416], [-73.86061005229938, 40.68471295793037], [-73.85964942554793, 40.68445629615929], [-73.85857252058743, 40.6842054088866], [-73.85806327603372, 40.68408441902449], [-73.85744602256777, 40.68392276996867], [-73.85733751918235, 40.683891819870816], [-73.85647965356152, 40.68367717791943], [-73.85637418654015, 40.68365056397721], [-73.85559939307335, 40.68345293798726], [-73.85527644027934, 40.683371783059634], [-73.85504013921071, 40.68331206061823], [-73.85414823936551, 40.683085480574846], [-73.85305523725711, 40.68279978829131], [-73.85197864546585, 40.68256421138879], [-73.85087162821225, 40.68225954245363], [-73.85060478232937, 40.682193782867294], [-73.8497640751993, 40.68198661431895], [-73.84921620633835, 40.68184421058546], [-73.84863383966524, 40.681684027711675], [-73.84786817666753, 40.68148683163735], [-73.84747634123495, 40.68138474376079], [-73.84633434009531, 40.681089296029896], [-73.84519769112146, 40.680811089016196], [-73.84483220756215, 40.680738996727655], [-73.84473182998937, 40.680717582135415], [-73.84464465788183, 40.68070032765794], [-73.8445572019128, 40.68068764735058], [-73.84443052996336, 40.68066741806955], [-73.84389883241786, 40.68057025363823], [-73.84348847925708, 40.68050271493947], [-73.84307375451449, 40.680462539989456], [-73.84264340185784, 40.68040244617767]], [[-73.8668705861724, 40.686330590741164], [-73.86604152837592, 40.686162222927585]], [[-73.86701803047369, 40.68683034874324], [-73.86604152837592, 40.686162222927585]]]}",43543.1419733
"{'type': 'MultiLineString', 'coordinates': [[[-74.13836666837925, 40.621737115991], [-74.13853418189943, 40.6211282337956], [-74.1387378366266, 40.62037370237465], [-74.13900214153314, 40.61939464309168], [-74.13923849310956, 40.61851915714167], [-74.13944209894562, 40.61776581299736], [-74.13964602360876, 40.61701454824644], [-74.13982184768383, 40.6162998244134], [-74.14004762906555, 40.615657306292114], [-74.1402320542294, 40.61497924140241], [-74.14041299539996, 40.61430953546533], [-74.14066553352262, 40.61336605578766], [-74.14085777881137, 40.61264796093869], [-74.1409107567078, 40.61245934464483], [-74.14103689222206, 40.61198601948793], [-74.14120356646835, 40.61130510097294], [-74.14107788608979, 40.609800769477914], [-74.14092528350794, 40.60808963137724], [-74.14090265887059, 40.60781103648289], [-74.14088641216476, 40.607693494055], [-74.14088172231091, 40.607581996175576], [-74.14085334103217, 40.60729090995802], [-74.14070528742339, 40.605630392973154], [-74.1406067707223, 40.60446936119373], [-74.14046227988659, 40.60306998089935]]]}",6889.32411953
"{'type': 'MultiLineString', 'coordinates': [[[-73.96051970041168, 40.65877947760926], [-73.95672522098873, 40.65901756904076], [-73.95338452874454, 40.65922655236419], [-73.95049313983151, 40.659405105407124], [-73.94760091780039, 40.6595857727486], [-73.94533684173577, 40.65971819458147], [-73.94254980551261, 40.65989199586766], [-73.94025392939196, 40.6600398699049], [-73.93973303256523, 40.66007341347119], [-73.9392577980464, 40.66010280850768], [-73.93873632079544, 40.66013506221686], [-73.9371107241304, 40.660235588523946], [-73.93613573382254, 40.6602947456873], [-73.93520328498069, 40.66035765750443], [-73.93472627852077, 40.660385888265445], [-73.93423037514927, 40.6604152336923], [-73.93233560660546, 40.66053172418959], [-73.93132569726262, 40.66059330636615], [-73.93031984157379, 40.66065651206765], [-73.9293873500642, 40.66071509746167]], [[-73.9293873500642, 40.66071509746167], [-73.92882287846876, 40.66074523295643]], [[-73.9293873500642, 40.66071509746167], [-73.92905189217227, 40.660950178047884], [-73.92861625534026, 40.66123151900419], [-73.92828249233007, 40.66144706618165], [-73.92785713896428, 40.66172120562831], [-73.92779584545556, 40.66176070885545], [-73.92756664145348, 40.661908429583335], [-73.92685384243953, 40.66237073599463], [-73.92613850310255, 40.66283282922046], [-73.92542335559547, 40.6632942877421], [-73.92454945863894, 40.66386259212098], [-73.92374878637513, 40.66437740269522], [-73.92287860238338, 40.66495209945955]]]}",11199.1130488
"{'type': 'MultiLineString', 'coordinates': [[[-73.95801393133891, 40.800799339036594], [-73.9576954073098, 40.801231346896266], [-73.95723749365877, 40.80185796129587], [-73.9567781119241, 40.80248744585826], [-73.9563211507074, 40.803115344569285], [-73.95586271530266, 40.80374449523961], [-73.95536845698138, 40.80441986536599], [-73.95487450985411, 40.8050968840398], [-73.95441604415457, 40.80572517868576], [-73.95395687069113, 40.80635331988214], [-73.95349969153126, 40.80698128799894], [-73.95304020364024, 40.80761060404968], [-73.95291744633745, 40.80778032400363], [-73.95258511713764, 40.80823801996813], [-73.95238992094762, 40.80850296061372], [-73.95237298179805, 40.80852595233785], [-73.95212523635375, 40.80886221726149], [-73.95166377988025, 40.80949005901708], [-73.95116548652905, 40.81017289468123], [-73.95067975658756, 40.81084296353725], [-73.95021573016328, 40.81147757895529], [-73.9500318391745, 40.811728954362145], [-73.94999636872305, 40.81177744068557], [-73.9497577708401, 40.812103596236994], [-73.94957203902909, 40.812356905253445], [-73.94953305019014, 40.81241007878134], [-73.94930103789919, 40.812726503661764], [-73.94883272468273, 40.81336984627041], [-73.9484192309059, 40.81393787584747], [-73.94794704967872, 40.81457979112367], [-73.94748832366328, 40.81520705764279], [-73.94703451141406, 40.815829903993894], [-73.94654653352409, 40.81650234014111], [-73.94605577960384, 40.81717583904316], [-73.94559812457202, 40.817799208147214], [-73.94514131227014, 40.818423719406724], [-73.94491710404336, 40.81873127169621], [-73.9448325105499, 40.81884731427154], [-73.94468683925906, 40.819047141218256], [-73.94447001825915, 40.81934516529712], [-73.94423175262678, 40.819672668043715], [-73.94377634994194, 40.820294563858155], [-73.94366320940821, 40.82044938951097], [-73.94362948835227, 40.82049553517602], [-73.94332134231864, 40.820917205420464], [-73.94327921626244, 40.820974791255516], [-73.94321033358976, 40.821068951964655], [-73.94315128063232, 40.82114967577], [-73.94311461574745, 40.82119979461864], [-73.9430307521055, 40.82131443321489], [-73.94286448724489, 40.821541708239366], [-73.94276023228817, 40.82168475528663], [-73.94272246056931, 40.82173658079775], [-73.94241379975756, 40.82216588178614], [-73.94191717555391, 40.82283749912975], [-73.94142630502496, 40.823507517006284], [-73.94097178492622, 40.82413235545097], [-73.94051531144359, 40.824756686758334], [-73.94005379451188, 40.82537870830787], [-73.93986038263505, 40.82564798186855]], [[-73.93986038263505, 40.82564798186855], [-73.93935056645407, 40.82589748533047]], [[-73.93986038263505, 40.82564798186855], [-73.93960207218292, 40.82600258810164], [-73.9393208997205, 40.82638964457254], [-73.93927140722683, 40.82645777432318], [-73.9391488702255, 40.82662645627984], [-73.93869124845094, 40.827251770064414], [-73.93823618916154, 40.82787734448835], [-73.93778227605644, 40.82850031524309], [-73.93726796508713, 40.829162800157036], [-73.93721916902433, 40.82922594963846], [-73.93708944987624, 40.829409106285496], [-73.93698767030696, 40.82955228886658], [-73.93690046322548, 40.82967497235543], [-73.93674454928734, 40.82989431146414], [-73.93661330625687, 40.830072739122016], [-73.9366004878395, 40.83009189010646], [-73.93651740891119, 40.83020425139005], [-73.93632825241673, 40.83043224428075], [-73.9362670731327, 40.83051111005109], [-73.93622331022911, 40.83058032491156], [-73.93619133990688, 40.830630890727164], [-73.9361112873613, 40.83074215027692], [-73.93609359348478, 40.83076524897309], [-73.93590149554952, 40.83101602473506], [-73.93572831993885, 40.83124839019252], [-73.9354731878891, 40.83168140732469]], [[-73.9354731878891, 40.83168140732469], [-73.93540713202145, 40.831708361776265]], [[-73.9354731878891, 40.83168140732469], [-73.93549629107034, 40.83174234952393]]]}",13078.3428397
"{'type': 'MultiLineString', 'coordinates': [[[-73.88994886829997, 40.76610440959098], [-73.88990813075708, 40.766029403666], [-73.8898941917882, 40.765985625823355], [-73.88988240911479, 40.76594859481904], [-73.88987353467132, 40.76586467731901], [-73.88988215365383, 40.765780749523415], [-73.88990762135356, 40.76569988153309], [-73.88994811990075, 40.765624809134486], [-73.89003109872742, 40.76556758925768], [-73.89012847023652, 40.765522440804325], [-73.89023533956367, 40.76549214163419], [-73.89034578285553, 40.76547791076934]], [[-73.88994886829997, 40.76610440959098], [-73.88960564071954, 40.765848734148776], [-73.8890490251069, 40.76537715089046]], [[-73.91725912471465, 40.77077252710105], [-73.9168666641361, 40.77050421869794], [-73.91654279127034, 40.77044064313469], [-73.9158564690311, 40.770257467787985], [-73.91491145868747, 40.77012571897387], [-73.91439800178169, 40.77005413131313], [-73.91342616547597, 40.76989698768615], [-73.9124321370772, 40.769739809985815], [-73.9116731807479, 40.769644605727294], [-73.91138266203404, 40.769605733024264], [-73.91024079265513, 40.769427323795746], [-73.9091089856275, 40.76924870406361], [-73.90854198485388, 40.76915793483986], [-73.90799553118754, 40.76907045706707], [-73.90690774340771, 40.768888122748294], [-73.90561045039334, 40.768686191840054], [-73.9046384902486, 40.768503264534786], [-73.9038251173896, 40.768125385302405], [-73.90274082542611, 40.767926940513874], [-73.90162630786308, 40.76774914428787], [-73.9005112743409, 40.76757185011281], [-73.89887601350684, 40.767311288339165], [-73.89790334120723, 40.76718535046954], [-73.89693208658802, 40.76705646100179], [-73.8959561809326, 40.7669041100065], [-73.89580035569486, 40.76688519366692], [-73.89566969082554, 40.76686933190113], [-73.8949857232683, 40.766786299052406], [-73.89403819866948, 40.766778902855464], [-73.8930937704659, 40.766784685123845], [-73.89212950380845, 40.76668705416262], [-73.89116372052919, 40.766606000986876], [-73.89066614075394, 40.766642720709086], [-73.89047514930478, 40.76650994001966], [-73.89037436257027, 40.76641944251742], [-73.89029034525926, 40.766345196991715], [-73.89020622062975, 40.7662858726617], [-73.88994886829997, 40.76610440959098]]]}",8525.62595124
"{'type': 'MultiLineString', 'coordinates': [[[-74.1574365179981, 40.61489333449032], [-74.15745583042039, 40.614858653235146], [-74.15747748215789, 40.614824783744574], [-74.15750141788872, 40.61479181974742], [-74.15752757045952, 40.61475984868492], [-74.15755587035176, 40.61472895710105], [-74.15758624095302, 40.61469922974834], [-74.15761859973001, 40.614670745984306], [-74.1576340850318, 40.614661832991494], [-74.1576503629192, 40.61465377890846], [-74.15766734959165, 40.614646626174334], [-74.15768495887045, 40.614640410928004], [-74.15770310338259, 40.6146351639068], [-74.15772169101771, 40.61463091135195], [-74.15774062847325, 40.614627675003845], [-74.1577598188887, 40.614625471204654], [-74.157779165391, 40.61462431089347], [-74.15779857227807, 40.61462420050533], [-74.15781794028796, 40.614625140176344], [-74.15783717132966, 40.614627125538746], [-74.15785616966068, 40.61463014591773], [-74.15804394218667, 40.614682849425726]], [[-74.1574365179981, 40.61489333449032], [-74.15766119433331, 40.61439156074068], [-74.15768867694962, 40.614330441506404], [-74.15771802070185, 40.61426982670562], [-74.15774920793892, 40.61420974968051], [-74.15778222336701, 40.6141502410683], [-74.15781704697416, 40.614091335114715], [-74.15785365992184, 40.6140330624618], [-74.15789204455783, 40.61397545555088], [-74.1579321785011, 40.61391854592926], [-74.15797403936457, 40.61386236244257], [-74.15801760713548, 40.613806938435765], [-74.15806285469615, 40.61375230095988], [-74.15810975966889, 40.613698482462596], [-74.15815829611839, 40.613645509993134], [-74.15820843811595, 40.61359341330251], [-74.15876009666229, 40.61300698074574], [-74.15918065968262, 40.612527573224675], [-74.15926630352428, 40.61236316413961], [-74.15943274303261, 40.61194292062336], [-74.15999656784068, 40.61070403456586], [-74.16040113004976, 40.60980683000437], [-74.16045016065611, 40.609646746754265], [-74.16045018413688, 40.60964668368489], [-74.16045020880146, 40.60964662151439], [-74.16052234510553, 40.60948926247462], [-74.16052239331337, 40.60948916334975], [-74.1605224521752, 40.60948907231475], [-74.1606172658852, 40.60933722065604], [-74.16061730120343, 40.60933716657532], [-74.16061734715616, 40.60933711247971], [-74.16067545269398, 40.6092653397351], [-74.16073356754022, 40.60919355884267], [-74.16073362762862, 40.60919348671681], [-74.16073368655712, 40.60919342359778], [-74.16086930963316, 40.609060668773196], [-74.16102159097287, 40.608940875091136], [-74.16102164994432, 40.60894082998237], [-74.16102171955018, 40.60894078485871], [-74.1611874574117, 40.60883558759065], [-74.16193982445097, 40.60840896084822], [-74.16206677971039, 40.60830330364012], [-74.16218022092897, 40.60818509315676], [-74.16227713888767, 40.6080559032982], [-74.16235497708126, 40.60791784223966], [-74.1624118512488, 40.60777345305791], [-74.16244663164731, 40.60762553800769], [-74.16245907740932, 40.60747702414981], [-74.16244981236665, 40.607330747257954], [-74.16242018989463, 40.607189271905774], [-74.16240203011576, 40.607097885458366], [-74.16232165767677, 40.60669326784648], [-74.16223283213051, 40.60593222597912], [-74.16221478236947, 40.60530621665152], [-74.1622326362427, 40.60513198520888], [-74.16226593608246, 40.60495866849841], [-74.16231450624919, 40.60478745544549], [-74.16236724891866, 40.604646196888], [-74.16247183836899, 40.60439830608586], [-74.16321059649475, 40.60236805565682], [-74.16329246193006, 40.60168211856224], [-74.1632574960157, 40.60152503585867], [-74.16317129439386, 40.601137752976605], [-74.16312017413752, 40.60098664832206], [-74.1629441731785, 40.60044225852022], [-74.16290329793232, 40.60021108897136], [-74.16259280824627, 40.59860869882974], [-74.16235070576691, 40.59735919124554], [-74.16189940532492, 40.59529877133406], [-74.16188699212181, 40.59500712703295], [-74.16188546289824, 40.594990334410035], [-74.16188841069103, 40.594837457259814], [-74.16190818388998, 40.594685312842756], [-74.16194449090989, 40.59453549548898], [-74.16200420869534, 40.5943263428924], [-74.16208932588913, 40.59408204119145], [-74.16219305415767, 40.593841516068146], [-74.16231492844854, 40.59360597663276], [-74.16245428640713, 40.59337661425733], [-74.16261028356853, 40.59315453231528], [-74.16283296970511, 40.59292069208155], [-74.16307514315788, 40.592697289650566], [-74.16323016896823, 40.5925712932881], [-74.16331420801504, 40.592511029650716], [-74.16341992219743, 40.59244423424171], [-74.16378228678084, 40.592188146774184], [-74.16578641195292, 40.59070780365172], [-74.16758983553814, 40.5889534885056], [-74.16761630543498, 40.58892588753081], [-74.1676419189168, 40.58889782132742], [-74.1676666618453, 40.58886930432499], [-74.16769052127039, 40.58884035365305], [-74.16771348423747, 40.58881098463988], [-74.16773553779436, 40.58878121351437], [-74.16775667016795, 40.58875105560319], [-74.16777686959186, 40.588720528934616], [-74.16779612547661, 40.58868964973388], [-74.16781442605375, 40.588658435128714], [-74.16783176191748, 40.588626902243284], [-74.16784812366197, 40.5885950682017], [-74.16786350188144, 40.58856295012807], [-74.16787788835377, 40.58853056604537], [-74.16789205749873, 40.588498665860214], [-74.16790555880698, 40.58846659825092], [-74.16791838993734, 40.58843437132588], [-74.16793054618384, 40.588401992296355], [-74.16794202520755, 40.58836947017133], [-74.16795282466731, 40.58833681305904], [-74.16796294104067, 40.58830402906956], [-74.16797237198661, 40.588271126311334], [-74.1679811151639, 40.588238112892576], [-74.16798916823375, 40.588204997822125], [-74.16799652885732, 40.588171790108845], [-74.16800319587024, 40.58813849605817], [-74.1680091669383, 40.588105126479974], [-74.16801444089711, 40.58807168767978], [-74.16818745439477, 40.58741515806473], [-74.16841896697224, 40.58657805917361], [-74.16846500961049, 40.58627193470954], [-74.16850268750444, 40.58602141820599], [-74.16852867877172, 40.58585297287753], [-74.16895369118465, 40.583098364082424], [-74.16901204384769, 40.58268826993732], [-74.16903999901106, 40.582491779185666], [-74.16904837787655, 40.582432935529816], [-74.16905498217116, 40.582386962992956], [-74.16907820789483, 40.58222502244172], [-74.16908500938334, 40.582177644792274], [-74.1690941764744, 40.582113396818336], [-74.16913807967559, 40.58180581264347], [-74.16948145783206, 40.57940007474627], [-74.16955946579887, 40.57891524265945], [-74.16962344991576, 40.578429043492555], [-74.16967337592983, 40.577941822221334], [-74.16970918720645, 40.57745394546211], [-74.16973086957229, 40.57696575634986], [-74.16975709437818, 40.576658531095596], [-74.16980912469572, 40.57579489390876], [-74.16991886060684, 40.57397335458888], [-74.169954371092, 40.57345049167318], [-74.16996967324076, 40.57292660770864], [-74.16996473854388, 40.57240237904145], [-74.16993954324063, 40.57187849100534], [-74.16989412613188, 40.571355618024675], [-74.1698286016276, 40.57083444790944], [-74.16981498694952, 40.57073143160416], [-74.16974451808844, 40.57019822057929], [-74.16968259692187, 40.56956007111409], [-74.16964293009184, 40.56892065499599], [-74.1696255789381, 40.56828066195985], [-74.1696305516245, 40.56764076919879], [-74.1696621090862, 40.56690048604125]], [[-74.14660717830357, 40.625198763569855], [-74.14733181514507, 40.62562481935748], [-74.14741705298474, 40.6256565705332], [-74.14751080991357, 40.6256764958775], [-74.14760862520909, 40.625682908116914], [-74.14770546677794, 40.6256754985238], [-74.14779658210136, 40.62565531781467], [-74.14870931348936, 40.62537279098586], [-74.14876804601897, 40.62510475589554], [-74.1489886735994, 40.62419007183943], [-74.14914286039408, 40.623487428307804], [-74.14917227400646, 40.623353384451285], [-74.14918984913753, 40.62330248848717], [-74.14921037323849, 40.6232522379686], [-74.14923380752148, 40.62320273110127], [-74.14926010374647, 40.623154067003306], [-74.14928921248185, 40.62310634029175], [-74.14932107366198, 40.62305964649775], [-74.1493556272137, 40.62301407755023], [-74.1493928024218, 40.62296972269037], [-74.1494325262061, 40.622926670261656], [-74.14947472193143, 40.62288500410964], [-74.1495193046903, 40.62284480809053], [-74.14956618720029, 40.62280616066054], [-74.14961527508461, 40.622769138483946], [-74.14966647513893, 40.622733813721084], [-74.15000628227676, 40.622434947005026], [-74.15032063852443, 40.62215054791373], [-74.1506702828023, 40.621835249836806], [-74.1509477576614, 40.621586233806376], [-74.15130587809449, 40.621352843096815], [-74.15154219115654, 40.621201448605305], [-74.15179219938335, 40.62104127886899], [-74.1523932933278, 40.620662193347684], [-74.1529987652984, 40.620272948151], [-74.15319640985413, 40.620152727325625], [-74.15357354616563, 40.619923325884194], [-74.15364646957352, 40.61986911878571], [-74.1542906048914, 40.61929998172716], [-74.15479209225681, 40.6188394290096], [-74.15524306787911, 40.618431451737266], [-74.15577783573461, 40.61792216748814], [-74.15603631434975, 40.61751103296672], [-74.15675567481611, 40.61636388584663], [-74.15682674406068, 40.61622188371472], [-74.15705214650549, 40.615728040245], [-74.15708384792845, 40.615651407506554], [-74.15731346651538, 40.615169124938305], [-74.15737383591102, 40.61503191075915], [-74.1574365179981, 40.61489333449032]]]}",24146.2512665
"{'type': 'MultiLineString', 'coordinates': [[[-73.92940597530753, 40.82956622571665], [-73.9288445308229, 40.82923754302989], [-73.92882994626174, 40.829229004539926], [-73.92875620601751, 40.82918583519525], [-73.92867770059469, 40.82913667816507], [-73.92751732424463, 40.828410078971416], [-73.92726522552722, 40.82827092879316], [-73.92712488269113, 40.828198413351984], [-73.92697759652756, 40.828133628597584], [-73.92682454005018, 40.828077115545256], [-73.92666689824321, 40.8280292981586], [-73.92592785480805, 40.827811554301555], [-73.9249433480414, 40.827510980714834], [-73.92404683373478, 40.82724392810876], [-73.92400830453185, 40.8272324403184], [-73.92288677996818, 40.826905365236954], [-73.92270838627566, 40.82685333854152], [-73.92262002308894, 40.82683533600792], [-73.92253278671288, 40.82681277585483], [-73.92193701516918, 40.82663343301306], [-73.92169333112552, 40.8265600764135], [-73.92156549889513, 40.82652159420546], [-73.92123234014902, 40.8264213013459], [-73.92115285934439, 40.82639737488943], [-73.92025753424275, 40.82615238272744], [-73.9193859721475, 40.82587813410187], [-73.91846133258991, 40.825576923732754], [-73.916613685042, 40.82499230808632], [-73.9163091750481, 40.8249028663525], [-73.91608782901578, 40.82483785177936], [-73.91551523926718, 40.82470705989301], [-73.91384000288782, 40.82418799013539], [-73.91205402655794, 40.82366051800192]], [[-73.93008759466089, 40.829957383771806], [-73.92981025050989, 40.829803896115756], [-73.92940597530753, 40.82956622571665]], [[-73.92914703535624, 40.830065715617415], [-73.92930756998962, 40.82997456697186], [-73.92939804777403, 40.82989800827871], [-73.9294129721565, 40.82987698184982], [-73.92942694812818, 40.829855936828665], [-73.92943594882546, 40.82981999457307], [-73.92944405500187, 40.82978799593772], [-73.92945104041442, 40.82975193538321], [-73.92945094404695, 40.829720949288316], [-73.92945271579657, 40.82969468833336], [-73.92940597530753, 40.82956622571665]]]}",5747.73535897
"{'type': 'MultiLineString', 'coordinates': [[[-73.81155535645873, 40.6752697303466], [-73.81087945440724, 40.675520685013566], [-73.8099924866401, 40.67576045502169], [-73.80904499446595, 40.67602720350833], [-73.80810117574887, 40.67629717507429], [-73.80751061817459, 40.67646033480525], [-73.80723086433554, 40.67653722083812], [-73.80633702233791, 40.676797031789725], [-73.80546094019682, 40.677048391966814], [-73.80456002741884, 40.677302656996645], [-73.8036494095845, 40.6775565922388], [-73.80335647856826, 40.67764261363013], [-73.80323027619654, 40.677681057060404], [-73.80314477079796, 40.67770478350164], [-73.802620751381, 40.67785022064675], [-73.80229007608267, 40.677943413824366], [-73.80142818286771, 40.67819023809229], [-73.80056232458567, 40.67843577930604], [-73.79970161257089, 40.67868282773011], [-73.79883204915349, 40.67892114444525], [-73.79821497030973, 40.67909704248415], [-73.79729804694882, 40.67936246105569], [-73.7964137443327, 40.67961467443973], [-73.79552739349586, 40.67985759306343], [-73.79461492034724, 40.68002693104105], [-73.79369539857878, 40.68018670367128], [-73.79277699995953, 40.680345237272654], [-73.79209252503536, 40.680476288451416], [-73.78840833829241, 40.68199241851993], [-73.7861297264378, 40.68298886909175], [-73.78562169446244, 40.68324436385507], [-73.78545037331921, 40.6833578428387], [-73.78545023107932, 40.68335793262517], [-73.78545007701025, 40.68335802238955], [-73.78526875161126, 40.68346294555049], [-73.78526869234926, 40.68346298146058], [-73.7852686330873, 40.683463017370656], [-73.78507827435811, 40.68355873810365], [-73.78507822813708, 40.68355876503282], [-73.78507816890395, 40.68355879193769], [-73.78488022352862, 40.6836446014945], [-73.78488008255742, 40.68364466426713], [-73.78487993924944, 40.68364471803022], [-73.78467558220134, 40.68372016831202], [-73.78382844785021, 40.68400455975471], [-73.78351579164777, 40.68411063996458], [-73.78301554725077, 40.68427745049188], [-73.78288092372931, 40.684317794547795], [-73.78280900280492, 40.68433934776456], [-73.78212576532428, 40.6845440961521], [-73.78204371646054, 40.68457187659798], [-73.78127158241138, 40.68483330651972], [-73.7809572959388, 40.684941329003294], [-73.78043127570564, 40.685119862494304], [-73.77966850586817, 40.68537712293729], [-73.77957347276863, 40.68541503278691], [-73.77870794624792, 40.6857004202363], [-73.77784971151797, 40.68598927324052], [-73.77699767653357, 40.686282688476474], [-73.77614165213292, 40.68657116382132], [-73.7749372815089, 40.68698822118213], [-73.7748624917344, 40.68701659424263]]]}",11080.0183687
"{'type': 'MultiLineString', 'coordinates': [[[-73.90108653901412, 40.847929596886004], [-73.90100722468682, 40.84839973543706], [-73.90096122608215, 40.84867238578938]], [[-73.90143974310027, 40.84809994101585], [-73.90137309942266, 40.84812792449356], [-73.90119251325676, 40.84843755288912]], [[-73.90155928706092, 40.84810354060535], [-73.90119251325676, 40.84843755288912]], [[-73.90119251325676, 40.84843755288912], [-73.90096122608215, 40.84867238578938]], [[-73.90096122608215, 40.84867238578938], [-73.90088391415885, 40.849409890204086], [-73.900788889675, 40.84983148205602], [-73.9006938651725, 40.85025307379979], [-73.90061331515764, 40.85051710078274], [-73.900443910284, 40.85107236655294], [-73.90001148326233, 40.852520673445724], [-73.89931630896783, 40.85406999253505], [-73.89877598564432, 40.855363246901106], [-73.89845797785539, 40.85612603123193], [-73.89841860565015, 40.856220467115605], [-73.8982984385365, 40.856508700357786], [-73.89817207327516, 40.85681179510075], [-73.89771017578603, 40.857918283706454], [-73.89763207733972, 40.85810536889163], [-73.89735765435793, 40.85876273471902], [-73.89684862484596, 40.85998958669764], [-73.89642500691762, 40.860997000304266], [-73.8962165336123, 40.861482943684756], [-73.8961848886209, 40.86155670590892], [-73.89588387496477, 40.862258343550764], [-73.8945913189237, 40.86396371604246], [-73.89432132935589, 40.86427519713743]]]}",6691.10426887
"{'type': 'MultiLineString', 'coordinates': [[[-73.90341720334287, 40.8115068824157], [-73.9032427347341, 40.81071288400856], [-73.90308946562168, 40.80985639946747], [-73.90307568375748, 40.809768986417225], [-73.90302967691973, 40.809702121749936], [-73.90302018105855, 40.809623428218984], [-73.90300877880622, 40.80955007303762], [-73.90299767048731, 40.809455583405196], [-73.90298795483122, 40.80936430071637], [-73.90293929221997, 40.809062700857076], [-73.90288034421711, 40.808744793275984], [-73.90224620461443, 40.805071502105676]], [[-73.90341720334287, 40.8115068824157], [-73.9027188110562, 40.810916731029515]], [[-73.93225933115393, 40.819490645645786], [-73.9307636032711, 40.81936390832009], [-73.93073225427524, 40.81936080258963], [-73.93069731526117, 40.81935733989725], [-73.93061505697843, 40.81935324719801], [-73.93059140661573, 40.819351428368776], [-73.9305760348862, 40.81935053212554], [-73.93031505013106, 40.819316880722525], [-73.9300999321383, 40.81927434973039], [-73.92937565244289, 40.81909706885061], [-73.92921997682177, 40.8190588823847], [-73.92827657569417, 40.81881004148065], [-73.92806684185166, 40.818755614477226], [-73.92781481235666, 40.8186902114806], [-73.9274011387589, 40.81858285658303], [-73.92731653069141, 40.818559633498374], [-73.92724662774698, 40.81854298425247], [-73.92635859127334, 40.81832069118204], [-73.92582070684816, 40.81818033714775], [-73.92538538526966, 40.81806541401198], [-73.9251848653289, 40.818012668045974], [-73.92275882257094, 40.81738828468833], [-73.92232726410569, 40.81727743175721], [-73.91954495249614, 40.8165551082151], [-73.91779032703587, 40.816101123039296], [-73.91764502901549, 40.81606591706683], [-73.9167711775184, 40.81569882862701], [-73.9149549365143, 40.81493646592712], [-73.91295450807492, 40.81426933519318], [-73.91181210774155, 40.81388331433528], [-73.91094778919056, 40.81362092035532], [-73.910433076976, 40.81351637639511], [-73.9103874223369, 40.813507102713736], [-73.91033664533917, 40.81349678945841], [-73.91029615575188, 40.81348856523533], [-73.9101334213868, 40.81345551090898], [-73.91001840344883, 40.813432147838405], [-73.9097987854625, 40.81338582932439], [-73.9095236780736, 40.813327806315314], [-73.90949684855501, 40.81332214814241], [-73.90907451796855, 40.813233072701685], [-73.90815917702385, 40.81304357675499], [-73.9072450368504, 40.812855162298696], [-73.90632991765077, 40.81266707387374], [-73.90541359865688, 40.81247619555305], [-73.90446551414942, 40.812281958983945], [-73.90418036464128, 40.812124819589414], [-73.90341720334287, 40.8115068824157]]]}",11226.7549978
"{'type': 'MultiLineString', 'coordinates': [[[-74.0053236973802, 40.718273346814634], [-74.00517420306635, 40.71900459467341], [-74.0051861614111, 40.719837466636896], [-74.0052084873574, 40.720628644440936], [-74.005248322448, 40.72102475880441], [-74.0053071317245, 40.721726315187404], [-74.00530986180844, 40.72182419234037], [-74.00535250053002, 40.72189013467649], [-74.00538048559483, 40.72196217413114], [-74.00539186732223, 40.722037366140285], [-74.00538616839238, 40.72211236083572], [-74.00536436023398, 40.722183952356076], [-74.00505887022429, 40.72297786428386], [-74.0047857491107, 40.72362483787666], [-74.00457474440607, 40.724173130514394], [-74.00463964862543, 40.72431166765658]], [[-74.00473947791123, 40.72426702805105], [-74.00463964862543, 40.72431166765658]], [[-74.00463964862543, 40.72431166765658], [-74.00448463594343, 40.72489635458605], [-74.00437244443249, 40.72537161968664]], [[-74.00437244443249, 40.72537161968664], [-74.00403067968286, 40.72551249518782], [-74.0038496630569, 40.72595678731991], [-74.00373017537581, 40.72625005821055], [-74.00344491485049, 40.72695881624292], [-74.00336224299751, 40.727166105020046], [-74.00333124259275, 40.72725066009926], [-74.00317136448281, 40.727665119291444]], [[-74.00437244443249, 40.72537161968664], [-74.0045519343191, 40.72555881595638]], [[-74.00317136448281, 40.727665119291444], [-74.00304102385905, 40.727920828576245], [-74.00281726643594, 40.728363129035024], [-74.00278351093549, 40.728435470420955], [-74.00252603055401, 40.72900791980371], [-74.0022033725066, 40.72965325519193], [-74.00215659313761, 40.729756790245176], [-74.00168465597778, 40.73058156212336], [-74.0014124251492, 40.73106525585847], [-74.00095442249557, 40.731706098309886], [-74.00051066363521, 40.7323152229216], [-74.00006657704031, 40.73292923553131], [-73.99975771580763, 40.73334132221378], [-73.99955589117964, 40.73361059513594], [-73.99918595481122, 40.73413858167611], [-73.99871443868273, 40.73478386065729], [-73.99853021659818, 40.73503789172797], [-73.99827419043147, 40.73539113939431], [-73.99780751043875, 40.73603590673599], [-73.99734132861984, 40.736667888533475], [-73.99683993951976, 40.737360888522936], [-73.99634237035747, 40.73804523160656], [-73.99587409531388, 40.73868594574549], [-73.99544725819692, 40.73926838503759], [-73.99501798588508, 40.73986001137118], [-73.99459264923739, 40.74044198100268], [-73.9941607835612, 40.74102882222976], [-73.99397071816189, 40.741298438670356], [-73.99373353892955, 40.74162220152294], [-73.99328973295206, 40.742234280847455], [-73.99280340951111, 40.7429100197962], [-73.992321823676, 40.74356809350258], [-73.9920664724197, 40.74391620311004], [-73.99187102444273, 40.74418557066793], [-73.9914185853309, 40.74480268208849], [-73.99096832813171, 40.745420890467486], [-73.99051503482627, 40.74604031786942], [-73.99006749235761, 40.74665928287029], [-73.98961705397457, 40.74727622057855], [-73.98948947265582, 40.74745149256093], [-73.98916651688931, 40.747895434743285], [-73.98871405108602, 40.748513273630834], [-73.98823761463858, 40.74913016901396], [-73.98797357693286, 40.7494907782179], [-73.98776905997904, 40.74978702856705], [-73.98729377002992, 40.750451609049726], [-73.98711540668072, 40.75070480159033], [-73.98684991118436, 40.75108167921523], [-73.9863993086139, 40.75169998621301], [-73.98594653100483, 40.75231680529429], [-73.985488190975, 40.75293517971606], [-73.9850436378596, 40.753554148384495], [-73.98459584278889, 40.75417694199759], [-73.9841175481989, 40.754842052465], [-73.98362433268645, 40.75551634571823], [-73.98316796085454, 40.7561402219989], [-73.98271205231288, 40.75677122848616], [-73.98225528644404, 40.757387364741945], [-73.98179404264717, 40.758021302308215], [-73.98134107082367, 40.75864529863741], [-73.98088574644866, 40.759270668711], [-73.98042606394998, 40.75989908079507], [-73.97997188175887, 40.76052470038065], [-73.97951319122413, 40.76114856133416], [-73.97905731129943, 40.76177071896331], [-73.97860169422573, 40.76239607157246], [-73.97813931702815, 40.763024014493574], [-73.9776860057449, 40.76364440292897], [-73.97719688637949, 40.76432369162237], [-73.97670323537042, 40.76499544994352], [-73.97623388833038, 40.765674631253255]], [[-74.00317136448281, 40.727665119291444], [-74.00308611285358, 40.728308551315955], [-74.00312767487657, 40.728393801353256]]]}",19693.1505896
"{'type': 'MultiLineString', 'coordinates': [[[-73.90842424615593, 40.84710728682707], [-73.90859190791498, 40.84719600126433], [-73.90883862448926, 40.847262698780085], [-73.9085812972093, 40.8480225009304], [-73.90850187514415, 40.84825852277129], [-73.90846908856544, 40.848355956156716], [-73.90830376225485, 40.848847257774175], [-73.90810228385527, 40.849415425156614], [-73.90801219497436, 40.849669472265944], [-73.90764756851749, 40.8508595865148], [-73.90682109081824, 40.85180741011659], [-73.90597897639134, 40.852734494601336], [-73.90560178171617, 40.85314973649643], [-73.90396404685715, 40.85496010180649], [-73.90351378248505, 40.855614797582305], [-73.90277846019819, 40.856733905133176], [-73.90191311433885, 40.85809327439262], [-73.90116152396511, 40.85934914191433], [-73.90078819121915, 40.85997658059133], [-73.90008303035248, 40.861351652430365], [-73.90005094872164, 40.86141421053181], [-73.89964261728582, 40.8622104361978]]]}",6190.51110883
"{'type': 'MultiLineString', 'coordinates': [[[-73.92115285934439, 40.82639737488943], [-73.9206933991082, 40.82721109884685], [-73.92059578019844, 40.82738744504998], [-73.92024839178244, 40.828014982148375], [-73.92020143816478, 40.82809980064952], [-73.92001233551218, 40.828442628714], [-73.91973034478961, 40.828953853792996], [-73.91964223679781, 40.82911358622011], [-73.91931318372716, 40.82970181208462], [-73.91894388127842, 40.83033432203759], [-73.91830707501524, 40.83142226500346], [-73.91760982858453, 40.83260796384291], [-73.91741527953442, 40.832937214862504], [-73.91735659556524, 40.833036528007945], [-73.9167488496163, 40.83406503928594], [-73.91666592887894, 40.83410650120376], [-73.91664329448523, 40.834135885092984], [-73.91662284901415, 40.834159338102104], [-73.91656946839142, 40.83421986676107], [-73.91629198542141, 40.83449926113642], [-73.91583498050016, 40.83495940898273], [-73.91552696998887, 40.835269532889356], [-73.91538539485623, 40.83541207732221], [-73.91481755785748, 40.8359903890173], [-73.91372636427876, 40.837110053859654], [-73.9127812640571, 40.838243056021454], [-73.91273795293793, 40.83832226762892], [-73.91267587790493, 40.838407236279906], [-73.91207881044991, 40.839453219576164], [-73.91151477452476, 40.840602871768], [-73.91138874032086, 40.84082859088685], [-73.9112827350175, 40.84106107086405], [-73.91119760275294, 40.84129874464452], [-73.91113396369958, 40.841539964848565], [-73.91109207760046, 40.841783074803416], [-73.91099659469613, 40.842816515382246], [-73.91098109003745, 40.84299439405748]]]}",6746.89776509
"{'type': 'MultiLineString', 'coordinates': [[[-73.90682822799702, 40.876631552146314], [-73.90663336490991, 40.87674376294611], [-73.90646907827723, 40.87685446556941], [-73.9063537633357, 40.87693216880524], [-73.90630176061259, 40.87696720960368], [-73.9062006005437, 40.87706039005554], [-73.90615158709316, 40.877104815398134], [-73.90565635845981, 40.87770609956016], [-73.90521710188169, 40.8783132176563], [-73.90478740681107, 40.87892363769302], [-73.90442743513073, 40.8794326189835], [-73.90393694165414, 40.88013416963075], [-73.90356189816939, 40.88065170010855], [-73.90343475091545, 40.88082137166785], [-73.90282206957495, 40.88168672989372], [-73.9015976499054, 40.88346703583611], [-73.9010431903625, 40.884370659522865], [-73.90064701045286, 40.88509924510786], [-73.90023928203944, 40.885878219489356], [-73.90012467715907, 40.88601059724453], [-73.90007446637749, 40.88608669081522], [-73.89978252184167, 40.88652912311759], [-73.89971127696656, 40.88663873056945], [-73.8996206536919, 40.88677948695614], [-73.89936426794695, 40.88724908972303], [-73.8992249919703, 40.887530802387545], [-73.89827216866064, 40.889457943229615], [-73.89787887560901, 40.89027610154797], [-73.89776669124078, 40.890509389238105], [-73.89769601133267, 40.89068182365987], [-73.89756357776666, 40.891010245705566], [-73.89731936317624, 40.891615861025215], [-73.89728112469733, 40.891710684150915], [-73.89705763495883, 40.892140457878384], [-73.89675790103354, 40.892645442652615], [-73.89643170741296, 40.893655279735945], [-73.89670747039318, 40.89580502959838], [-73.89699492912115, 40.89787872352948], [-73.89709149146108, 40.89859331702564], [-73.89715717227998, 40.899371827123055], [-73.89713947297894, 40.8996194346077], [-73.89707329263015, 40.900083890373516], [-73.89704651439199, 40.900224702209805], [-73.89703363735194, 40.90027862161797], [-73.89702895222331, 40.90031520410733], [-73.89697054280013, 40.900611168117216], [-73.89687844515962, 40.90104057983271], [-73.8966100222993, 40.90220351276661], [-73.89640895772764, 40.902961107570825], [-73.89635785984315, 40.903200131104974], [-73.89641133509012, 40.90450452040929], [-73.89643503470546, 40.90509299851187], [-73.89649229414603, 40.90633965172694], [-73.89654653321729, 40.907506654201235], [-73.8965646458167, 40.90828582396018], [-73.89659583820158, 40.90962765921579], [-73.89660613599003, 40.910202248267076], [-73.89663068577143, 40.9112988775756], [-73.89663068569578, 40.91129892620155], [-73.89663333833603, 40.91141737440034]]]}",13380.3931565
"{'type': 'MultiLineString', 'coordinates': [[[-73.93104478916801, 40.81358844181082], [-73.93084078452442, 40.81409195073034], [-73.93074148062894, 40.81425526746294], [-73.93066273012366, 40.81442726915822], [-73.93060629209668, 40.81460564263813], [-73.93057335344443, 40.814787837540536], [-73.93056440430273, 40.814971164395004], [-73.93057920825555, 40.81515292967723], [-73.9306168685818, 40.81533054030696], [-73.93022428711083, 40.81640968610328], [-73.9300207010885, 40.81699580339495], [-73.92974535948196, 40.81768239814182], [-73.92923853279117, 40.81901024263917], [-73.92921997682177, 40.8190588823847], [-73.92920498377643, 40.81909653555355], [-73.9288386383103, 40.820016568957016], [-73.92809349111839, 40.82194611362407], [-73.9278413173898, 40.82253273744495], [-73.92748845102686, 40.82317245367021], [-73.92726388669747, 40.82355272139793], [-73.92722122999501, 40.8236249511853], [-73.92703166317897, 40.823945950961786], [-73.92699391800085, 40.8240098667877], [-73.92693118735792, 40.82411608828021], [-73.92636362981533, 40.82507712637419], [-73.92618100382931, 40.8253863578313], [-73.92582910713062, 40.825986510541], [-73.92565410005135, 40.82628497519186], [-73.92543792204258, 40.82665787132887], [-73.92503252755223, 40.82735714404727], [-73.9249433480414, 40.827510980714834], [-73.92485064707063, 40.827664950089336], [-73.92446653620918, 40.82830294326106], [-73.92327280286013, 40.83034477549106], [-73.92270128917642, 40.831317604689396], [-73.92251612888404, 40.83163277881362], [-73.92183215383781, 40.83279670562397], [-73.92154395528998, 40.8332871246307], [-73.92122334056747, 40.833832694042876], [-73.92030370789962, 40.835396841484055], [-73.91948050676409, 40.836795943878656], [-73.91926102733578, 40.83714095883004], [-73.91921363123662, 40.83767365789861], [-73.91917895843774, 40.83801556286452], [-73.91916265301066, 40.83825371226334]]]}",9625.31929331
"{'type': 'MultiLineString', 'coordinates': [[[-73.8141814570003, 40.69858543262198], [-73.81318711130865, 40.698864468246725], [-73.81232544051466, 40.699109915400285], [-73.81147398432121, 40.69935270641475], [-73.81105786185384, 40.699470866724766], [-73.81060059283472, 40.699600705937435], [-73.80973198215304, 40.69985035467971], [-73.80950469637904, 40.69990475790746], [-73.80950462533741, 40.699904774899665], [-73.80928291777664, 40.69997375634167], [-73.80906928668746, 40.70005669071489], [-73.80906914454435, 40.700056745410464], [-73.80906901421274, 40.70005680732975], [-73.80886567458407, 40.7001528338631], [-73.80886559165305, 40.70015287064646], [-73.80886552053096, 40.70015291555407], [-73.80867426194575, 40.70026099268035], [-73.80774200945872, 40.70058168823795], [-73.80676198834031, 40.700805878005085], [-73.80604430172166, 40.70093872949633], [-73.80526193978255, 40.70115953829541], [-73.80412928721638, 40.70146014411002], [-73.80389755329392, 40.701334638387124]], [[-73.80401301277308, 40.70117653995849], [-73.80389755329392, 40.701334638387124]], [[-73.80389755329392, 40.701334638387124], [-73.80304925940476, 40.70155953871261], [-73.80264126914578, 40.70167525653792], [-73.80253662338954, 40.701704936306385], [-73.80240943858921, 40.70185172067522], [-73.80189697873553, 40.701968861191034], [-73.79991981900919, 40.70247354647894], [-73.79917948467336, 40.70259587075727], [-73.7984154146069, 40.702740562506506], [-73.79712377491, 40.703034598317], [-73.79609008947227, 40.70329413695992], [-73.7945458316907, 40.70369614497599], [-73.79379166585358, 40.70403236308387], [-73.79284848997769, 40.704423861002745], [-73.79165400543361, 40.704856671435564]]]}",6784.47785628
"{'type': 'MultiLineString', 'coordinates': [[[-73.89965805248556, 40.677069999368165], [-73.89984056560014, 40.677085295154654], [-73.90046361875254, 40.67712230671343]], [[-73.90046361875254, 40.67712230671343], [-73.90014864543674, 40.67694931677417], [-73.90004626181658, 40.676893088853696]], [[-73.95337878044374, 40.70685629275313], [-73.95291388704382, 40.706700310545166], [-73.95251503813391, 40.706558586302954], [-73.95229955465979, 40.70649029247146], [-73.95191055714336, 40.70636007874851], [-73.95108529965289, 40.70591295213687], [-73.95095606140974, 40.705842936403066], [-73.9502369375667, 40.70547324601637], [-73.94983788653431, 40.705229021552846], [-73.9494706836345, 40.70501901921919], [-73.94925335667584, 40.7048959308286], [-73.9486649887676, 40.70456507407948], [-73.9485496280526, 40.70450043066846], [-73.94814066132278, 40.70427125420966], [-73.94785367339287, 40.70411138367188], [-73.94705205280069, 40.7036639487302], [-73.94625107754523, 40.703208746964336], [-73.94585499085964, 40.70298720649479], [-73.94544988260061, 40.7027606364233], [-73.9446391012297, 40.70231369353358], [-73.94431460134965, 40.70213334454646], [-73.944005040306, 40.70196179090555], [-73.94382473764095, 40.701862008260974], [-73.94322685987586, 40.701520708097014], [-73.94306406855571, 40.70142443498181], [-73.94238994976489, 40.70100772434299], [-73.94220058694071, 40.70089066728331], [-73.94193078947708, 40.700725233464745], [-73.94114917183727, 40.70028112707973], [-73.94041991501734, 40.699873775270355], [-73.93968995260077, 40.69945579059793], [-73.93890152753819, 40.699036969693175], [-73.93856854909907, 40.698848135096135], [-73.93817718663139, 40.69864022324606], [-73.93777354602992, 40.69840469280718], [-73.93739064808311, 40.698185795690854], [-73.93675979079778, 40.69783118914858], [-73.93638762562709, 40.69761530138411], [-73.93600679157925, 40.69740539599822], [-73.93522264371686, 40.696986544930745], [-73.9347969965825, 40.69673659150508], [-73.93460675162274, 40.69662808525013], [-73.93413397398872, 40.69635843176905], [-73.9338281717684, 40.69618427728609], [-73.93311862915024, 40.69579115350825], [-73.93236605715639, 40.695358377485825], [-73.93192890106181, 40.695114657085064], [-73.93177404675284, 40.69502821520548], [-73.93147184527919, 40.69486090225897], [-73.9312119990827, 40.694712769549966], [-73.93114516428342, 40.69467397510717], [-73.93051146709226, 40.69431652281917], [-73.92970192426766, 40.693863397297335], [-73.92864269098517, 40.693241012242446], [-73.92850659721887, 40.69316572682495], [-73.92804330702293, 40.69290417219592], [-73.92781120691667, 40.69277420885702], [-73.92750685206764, 40.69260381153704], [-73.92707069459273, 40.69234622331061], [-73.92644992134103, 40.69200176913295], [-73.92631612556357, 40.69192845380248], [-73.92556064168564, 40.69149084041725], [-73.9253490363935, 40.69136694129089], [-73.92439183345338, 40.69083174910658], [-73.92429213276527, 40.69077335640212], [-73.92364379876611, 40.690398837640785], [-73.92316966701912, 40.69012340618375], [-73.9228070234892, 40.689923924874144], [-73.9220713378152, 40.68948984073938], [-73.92130587810426, 40.689071643591845], [-73.92121369941276, 40.68901947679762], [-73.92096103861276, 40.68887205153804], [-73.92055013181269, 40.68864092188462], [-73.91980961934068, 40.68821124139174], [-73.91906109225451, 40.68778436907563], [-73.91878323259454, 40.687626088096806], [-73.91829345859541, 40.68735666783406], [-73.91804606992979, 40.687213247165225], [-73.91768113899047, 40.68700409446972], [-73.91755226111731, 40.68693022309519], [-73.91679832882097, 40.6864971995987], [-73.91661032041182, 40.68639135216701], [-73.91604599338159, 40.68607206980574], [-73.91550033969078, 40.6857615243559], [-73.91528963540948, 40.68564553630668], [-73.91470083387506, 40.68531694498906], [-73.91453972406806, 40.68522691811413], [-73.91379700169507, 40.684799871578164], [-73.91330728104543, 40.684520857542104], [-73.91303721371469, 40.68436780946837], [-73.91227301243636, 40.68393496450447], [-73.9115119283557, 40.68350498947277], [-73.91076954416539, 40.68309270097834], [-73.9100246096648, 40.682657370510604], [-73.90927463019288, 40.68223432323562], [-73.90905526977338, 40.68210557459653], [-73.90886025555429, 40.68199403564679], [-73.9085164231471, 40.68180394331789], [-73.90777158776307, 40.68137784653692], [-73.9070182026809, 40.68094828001943], [-73.90671941191253, 40.680767421937624], [-73.90628287106922, 40.68050675540263], [-73.90565934135185, 40.68014069086945], [-73.90554836816827, 40.68007160238026], [-73.90549303529438, 40.68003715727812], [-73.90541416596295, 40.679992643057794], [-73.90478936026125, 40.67965045708737], [-73.90456891393706, 40.67951553671855], [-73.9040463985267, 40.67922059775275], [-73.90349050053098, 40.678898048331014], [-73.90320745681157, 40.67874076435628], [-73.90256467251855, 40.67834519378884], [-73.90202189461432, 40.67802673217093], [-73.90145370171119, 40.677693163482466], [-73.90046361875254, 40.67712230671343]], [[-73.95412861982355, 40.706919526248356], [-73.95337878044374, 40.70685629275313]], [[-73.9597966388105, 40.70906372754838], [-73.95925195908966, 40.708903869102144], [-73.95790430845929, 40.70842717314447], [-73.95735981085394, 40.708234624441346], [-73.95728255474754, 40.708207309406916], [-73.95720321646685, 40.70817924702268], [-73.95672449072381, 40.70800995203097], [-73.95626945235873, 40.707849561996895], [-73.95554165789129, 40.707593447046435], [-73.95401701468732, 40.70708024101343], [-73.95337878044374, 40.70685629275313]], [[-73.9608247527029, 40.70916845126476], [-73.9597966388105, 40.70906372754838]], [[-73.96387475156506, 40.71029748297224], [-73.96313442123484, 40.71020373019863], [-73.96229196645326, 40.709920687863104], [-73.96156343034534, 40.70966060445429], [-73.9612080420739, 40.70954702084912], [-73.96078603861999, 40.70939947320875], [-73.9597966388105, 40.70906372754838]]]}",22291.7747221
"{'type': 'MultiLineString', 'coordinates': [[[-73.96876540839554, 40.60455823102875], [-73.96816364693508, 40.60463243101487], [-73.96706252794802, 40.604766307498444], [-73.96694113542496, 40.60478272878281], [-73.96679561320141, 40.604802413665794], [-73.96653052347156, 40.60483176583044], [-73.96542447682742, 40.60495424168724], [-73.96531652479172, 40.60496588983046], [-73.96434217793359, 40.605071159850915], [-73.96341287973814, 40.60517471596377], [-73.96254925350564, 40.6052694338503], [-73.96182255092816, 40.60534790937539], [-73.96173196835247, 40.605357965095834], [-73.96119441561855, 40.605418050481134], [-73.96073209562466, 40.6054697247929], [-73.95957610284135, 40.60559992761237], [-73.95864980657869, 40.60569740286613], [-73.95772401253392, 40.60579983361518], [-73.95718715913523, 40.605863689010796], [-73.95679474160315, 40.60590270586092], [-73.95583074094053, 40.606007205206794], [-73.9548693944145, 40.60611367865757], [-73.95392245041512, 40.6062166107915], [-73.95272420100808, 40.60634895113534], [-73.95169115431126, 40.606462455594894], [-73.95076435818274, 40.60656497394688], [-73.9498371461956, 40.60666677323192], [-73.94891144365225, 40.60676873680721], [-73.94794840900882, 40.60687529480266], [-73.94698611782299, 40.606979145307676], [-73.94605865678, 40.60708243587866], [-73.94513211650617, 40.60718326998614], [-73.94420481808459, 40.607284483481145], [-73.94320833954288, 40.60739216520511], [-73.94220749571204, 40.60750357506189], [-73.9415470075606, 40.60758228796005]]]}",7637.79207569
"{'type': 'MultiLineString', 'coordinates': [[[-73.97078031731918, 40.74754347182462], [-73.97139209375966, 40.747801728519576], [-73.97228262722983, 40.74817761046386], [-73.97314594484534, 40.7485397176226], [-73.97342033795208, 40.748657004662334], [-73.97348227905115, 40.748682180883], [-73.97451592716084, 40.749117011089666], [-73.97538295845322, 40.74948305817203], [-73.9769857070656, 40.75015695905982], [-73.97848503348509, 40.750788241484166], [-73.97860724200405, 40.75084248460609], [-73.97870642224947, 40.75088464575828], [-73.98022089972898, 40.75152197952539], [-73.98182244341947, 40.7521971274284], [-73.98345866445085, 40.752886449946566], [-73.9836061275271, 40.75294857349656], [-73.9850436378596, 40.753554148384495], [-73.98686557851755, 40.754317819071524], [-73.98789162897867, 40.75474939064039], [-73.99072636359239, 40.75595040547798], [-73.9935619472169, 40.75714385818564], [-73.99415034785503, 40.757390660361615], [-73.99422636950564, 40.75742254747708], [-73.9948229590916, 40.757672778441844], [-73.99495448877536, 40.75772549983844], [-73.99512250387228, 40.75779633269017], [-73.99529051932664, 40.75786716439562], [-73.99620478164601, 40.7582528384747], [-73.99640941566543, 40.758339158428], [-73.99738049995968, 40.75872311574801], [-73.99754616269482, 40.75881506994345], [-73.99812870656093, 40.75903732456409], [-73.998957786213, 40.75940116418716], [-73.99924343829944, 40.75952651937756], [-74.00205785555748, 40.76072221966483], [-74.00218297813991, 40.760776067534664]]]}",9947.52493804
"{'type': 'MultiLineString', 'coordinates': [[[-73.93440040042928, 40.81966778211314], [-73.93447523636573, 40.8196974960256], [-73.93622694578639, 40.82043825492756], [-73.93898319952514, 40.82159784678452], [-73.93907683198209, 40.82163739205732], [-73.93915367417932, 40.82166985949981], [-73.94191717555391, 40.82283749912975], [-73.94292366874342, 40.82326058646808], [-73.9438427568398, 40.82364780072588], [-73.94475648853391, 40.82403155616314], [-73.946222366853, 40.82465161910426], [-73.94760500185852, 40.82523285920536], [-73.95034568202787, 40.82638562557655], [-73.9504499352945, 40.826428642061835], [-73.95054980381867, 40.82646984657646], [-73.9519690341392, 40.82704124343659], [-73.95201158036991, 40.82705837956574], [-73.95206219664088, 40.82707978738197], [-73.95260504991045, 40.82728648093334], [-73.95262751226475, 40.827293321320205], [-73.95265027972407, 40.827299554894175], [-73.95267332147041, 40.82730517443835], [-73.95269661024298, 40.82731017183704], [-73.95272011759339, 40.8273145416754], [-73.95274381270244, 40.82731827853771], [-73.95276766712112, 40.82732137790976], [-73.9527916512156, 40.82732383437628], [-73.95281573416335, 40.8273256470242], [-73.95283988632914, 40.827326812239214], [-73.95286407689112, 40.827327328207815], [-73.95288827739635, 40.82732719581872], [-73.9529124558368, 40.8273264141585], [-73.95293658375901, 40.82732498501647], [-73.95352270435457, 40.82728286163079], [-73.95360670739102, 40.827283003515404], [-73.95371191214102, 40.827275490635955], [-73.9541579235861, 40.82724363818031], [-73.95517202710377, 40.82698790536766]]]}",6481.57223879
"{'type': 'MultiLineString', 'coordinates': [[[-73.97474239995375, 40.7188407941606], [-73.97485919909494, 40.71885547912574], [-73.97491298889341, 40.71886244279553], [-73.974976447854, 40.718870652146414], [-73.97509520167567, 40.718880745596884], [-73.97545167514349, 40.718946559378644], [-73.9755101275909, 40.71895861254476], [-73.97610198716484, 40.71908069387302], [-73.9763552519113, 40.719132883885365], [-73.97648182384279, 40.71915962793772], [-73.97674495650031, 40.71921523384078], [-73.97722379292995, 40.71930977503627], [-73.97803122618762, 40.719638347867], [-73.97875234948579, 40.719933706333414], [-73.97966021690881, 40.72021282930656], [-73.98008058991186, 40.72033933977035], [-73.98130824244653, 40.72070878611007], [-73.98216615324331, 40.72096885430134], [-73.98300308720907, 40.7212226814686], [-73.98382387231702, 40.72147287122111], [-73.98467780272098, 40.72173060579862], [-73.98551686246276, 40.72198522540548], [-73.98585984159803, 40.72209973179921], [-73.98628574001626, 40.72224191973177], [-73.9870080190607, 40.72243554369126], [-73.9871358487985, 40.72246981072186], [-73.98721513447533, 40.72249452773083], [-73.98774707317715, 40.722660353143404], [-73.98786491470972, 40.72269708839737], [-73.98854361413001, 40.72290361771734], [-73.98863862910463, 40.7229337194541], [-73.98875683263238, 40.7229703655795], [-73.98939218174588, 40.723174058949155], [-73.99027361659837, 40.723426018246585], [-73.9910241043406, 40.72364943251929], [-73.99127307179116, 40.72372981310681], [-73.99135472776646, 40.72375461929224], [-73.99198246513873, 40.72394652991881], [-73.99219861291431, 40.724012608826456], [-73.9925319887808, 40.72411456677587], [-73.99260322283926, 40.72413644924569], [-73.99267182430505, 40.72416025409099], [-73.99345769097464, 40.72443289546704], [-73.99417930456691, 40.724692406019265], [-73.9949082731751, 40.724951229779094], [-73.99532907980343, 40.72508373952445], [-73.99584577489168, 40.72520835376428], [-73.99677175771471, 40.725431943832305], [-73.9976101960854, 40.725797137811234], [-73.99836119314365, 40.72616746726196], [-73.99911824713435, 40.72654231239693], [-73.99991579197875, 40.72693471339551], [-74.00063239245156, 40.72728661253934], [-74.00139033600796, 40.72766000185951], [-74.00214891549052, 40.728035366378435], [-74.00242264748064, 40.728175537735666], [-74.00262399589545, 40.72827864247181]], [[-74.00262399589545, 40.72827864247181], [-74.00272009791748, 40.728322814696334], [-74.00281726643594, 40.728363129035024], [-74.00312767487657, 40.728393801353256], [-74.00531369164149, 40.728604494287794], [-74.00709020799613, 40.7287722525167], [-74.00859272132094, 40.72891527794096], [-74.0093496203989, 40.72898755592871], [-74.01054872162122, 40.72910068227628], [-74.01067376017275, 40.72911294648698]], [[-74.00262399589545, 40.72827864247181], [-74.00270034989299, 40.72835131175905], [-74.00278351093549, 40.728435470420955]]]}",10828.6319472
"{'type': 'MultiLineString', 'coordinates': [[[-73.95414287866136, 40.58310614053807], [-73.95343812065697, 40.58317403575107], [-73.952506623215, 40.583253602985536], [-73.95038529998378, 40.58344972583096], [-73.94960883796347, 40.58353869916313], [-73.94842603673781, 40.5836685161373], [-73.94823074995941, 40.583676595162075], [-73.94738175450482, 40.583711736052976], [-73.94645785358286, 40.58374134979738], [-73.94568917032052, 40.58372136389773], [-73.94486387829065, 40.58368841958418], [-73.94390592441007, 40.583647000061404], [-73.94355392209674, 40.583654247984605], [-73.94258436701956, 40.58369938900778], [-73.94202216455022, 40.58374870754256], [-73.94147117248728, 40.58379703846163], [-73.94071914456607, 40.58383139512157], [-73.93978147659492, 40.583863101230236], [-73.93918272803235, 40.58388376806344], [-73.93901097019334, 40.58388966460242], [-73.93883812562254, 40.583895598128166], [-73.93873776047775, 40.58389903778957], [-73.9386621153984, 40.5839016548768], [-73.93795355027954, 40.58392594156963], [-73.93751151241871, 40.583940162620834], [-73.93694205435376, 40.58396177925451], [-73.93681303095735, 40.58396597685375], [-73.93587865308994, 40.5840005427035], [-73.93577603162036, 40.58400274660197], [-73.93545975231729, 40.58401451032111], [-73.93493464663248, 40.58403385458075], [-73.93441674997018, 40.58405129144518], [-73.93396584899038, 40.584065954864705], [-73.93342150376077, 40.58408520910824], [-73.93320550588554, 40.58409434923192], [-73.9329879544138, 40.584112034915826], [-73.93204245034079, 40.5842339598255], [-73.93116473883173, 40.58431299051634]], [[-73.93116473883173, 40.58431299051634], [-73.93104267236683, 40.58422022279303]], [[-73.93116473883173, 40.58431299051634], [-73.93107641317329, 40.58437967539193], [-73.93009616307113, 40.58450207673665]]]}",6766.56075755
"{'type': 'MultiLineString', 'coordinates': [[[-73.96238822294657, 40.66308961269832], [-73.96280710795018, 40.662718110336634], [-73.96284137647777, 40.66268124707054], [-73.96287353353085, 40.66264329618947], [-73.96290351876223, 40.66260432791598], [-73.96293127773674, 40.662564414275536], [-73.962956757202, 40.66252362819441], [-73.96297991218117, 40.66248204710402], [-73.9630006988815, 40.66243974663504], [-73.9630190794223, 40.66239680422097], [-73.96303501946932, 40.662353299997854], [-73.96304848941836, 40.66230931500368], [-73.96305946439611, 40.66226492937727], [-73.96306792425868, 40.662220225059826], [-73.96307385359161, 40.662175285795], [-73.96307724171169, 40.66213019352675], [-73.96281298553188, 40.66050939224906], [-73.96245536627077, 40.658286977529656], [-73.96188086429338, 40.65488119204055], [-73.96176096000679, 40.6540707219272], [-73.9617262378106, 40.65388895088722], [-73.9615967078215, 40.653173007307174], [-73.96140739685575, 40.65216985768221], [-73.96119162077659, 40.65098028257472], [-73.96100797113614, 40.65008260257056], [-73.9607377088532, 40.64864438389804], [-73.96047113513767, 40.64724404140383], [-73.9601903798562, 40.64579773071889], [-73.96001600753932, 40.64485312670963], [-73.95972713532974, 40.64333185163559], [-73.95937694995386, 40.64147155555845], [-73.95896596195753, 40.63930486097961], [-73.95867347192763, 40.63776647116013], [-73.95839961071741, 40.63632693884505], [-73.95819813559612, 40.635289133750234], [-73.95774476598554, 40.63289746907504], [-73.95729933231941, 40.63051209866173], [-73.95712344508784, 40.62958606491503], [-73.95684697327816, 40.628119879351416], [-73.95639327414828, 40.62572997146799], [-73.95594076566438, 40.62334016069137], [-73.955490700655, 40.62095009632174], [-73.95503698224245, 40.61855780386674], [-73.95472880185152, 40.61688143551204], [-73.9545866025562, 40.61616939157982], [-73.95408291299779, 40.61350708104407], [-73.95359888844845, 40.610949865451445], [-73.95354335663413, 40.61065373266333], [-73.95319160256496, 40.60880773784602], [-73.95272420100808, 40.60634895113534], [-73.95229472136037, 40.6040275703026], [-73.95183448493547, 40.60163707645869], [-73.9514055742525, 40.59938102524105], [-73.95100585468221, 40.59726261934451], [-73.9508802444878, 40.596609794841626], [-73.95055414683155, 40.59487085355183], [-73.95015202335239, 40.59275348731014], [-73.94975060058673, 40.59063361607279], [-73.94934551771783, 40.588513894470104], [-73.94925334832797, 40.58802820151043], [-73.94892168698927, 40.58626072308292], [-73.94866230636829, 40.58489385659397], [-73.9486173790838, 40.584657449029926], [-73.94860784386465, 40.58460014443911], [-73.94859602039928, 40.5845386693984], [-73.94855543962322, 40.58431998605454], [-73.94842603673781, 40.5836685161373]]]}",29282.9506264
"{'type': 'MultiLineString', 'coordinates': [[[-73.82960951752824, 40.85988842085579], [-73.8295625859836, 40.85996208380661], [-73.82956253835656, 40.85996215577561], [-73.82956250256707, 40.85996223676701], [-73.82953129423899, 40.86004205527907], [-73.82953121070688, 40.86004225326384], [-73.82953117457106, 40.86004246932848], [-73.82951747633551, 40.860125429407105], [-73.82951742815432, 40.86012571749329], [-73.82951743929937, 40.86012599666216], [-73.8295217572617, 40.86020901937929], [-73.8295217686607, 40.860209199494506], [-73.82952181687385, 40.86020936165426], [-73.82954333919264, 40.86028945617572], [-73.83010848727798, 40.86129806597432], [-73.83048843295566, 40.861975155081005], [-73.83089329709901, 40.86221284857535], [-73.83151964245751, 40.86259766956128], [-73.83159620074107, 40.86264470412949], [-73.83578436726239, 40.86501601126902], [-73.83618601336896, 40.86522409850444], [-73.83678824404623, 40.865545905752995], [-73.83697021119153, 40.865643136848064], [-73.83784380169769, 40.86609918767869], [-73.83875223540085, 40.866572777069614], [-73.83922085388372, 40.86682084075799], [-73.8395447571119, 40.86698673873978], [-73.83974233414358, 40.86708793038011], [-73.84064364779105, 40.86755417478376], [-73.84122362622098, 40.8678581504769], [-73.84185186530662, 40.8681919253734], [-73.8424062945285, 40.868474743558345], [-73.84280443556192, 40.86868075236648], [-73.84315715465635, 40.868863266407494], [-73.8435858143523, 40.86908763714816], [-73.84423146954715, 40.8694203501059], [-73.84442133676168, 40.86952229858506], [-73.84487737480231, 40.869760506810415], [-73.84517256730749, 40.86991469793021], [-73.84578147490052, 40.870227696040665], [-73.84608957158599, 40.87038977232209], [-73.84640766422395, 40.87055430050608], [-73.84699273723896, 40.87085288773057], [-73.84725144863681, 40.870987052250406], [-73.84792614086413, 40.87134223291203], [-73.84859676082661, 40.871670784881864], [-73.84893754883315, 40.87178559006884], [-73.84987645138825, 40.87210188129666], [-73.85078983324622, 40.87239629229073], [-73.85108463463997, 40.87249279132966], [-73.8517098726968, 40.87269745825469], [-73.85265751850542, 40.87299218659449], [-73.8535762853223, 40.87327602049228], [-73.8536363873982, 40.8733005990477], [-73.85450805015081, 40.873580942088886], [-73.85551758376462, 40.873903956105124], [-73.85577052368245, 40.87398371275388], [-73.85651292419705, 40.87421779284293], [-73.85744230311339, 40.874513647687486], [-73.85802929367809, 40.8747042574091], [-73.85891559631438, 40.874984938042445], [-73.86051220815304, 40.875494006276085], [-73.86104351599698, 40.87566762301722], [-73.86213004230662, 40.87601098489011], [-73.86337966958095, 40.8764102798436], [-73.86423976800762, 40.87668340446214], [-73.86462018895573, 40.876804201633966], [-73.86471555807084, 40.876834695949604], [-73.86483194090667, 40.8768718360916], [-73.86489632119039, 40.876892381381246], [-73.8649633454003, 40.87691376898373], [-73.86502367391003, 40.8769321798059], [-73.86550493749056, 40.8770865964228], [-73.8658408410528, 40.87719378441717], [-73.86591933070818, 40.87721882996732], [-73.86622270951067, 40.877315637845996], [-73.86636625703382, 40.877357018604336], [-73.86648908601252, 40.877392425690545], [-73.86685367783512, 40.87750152683331], [-73.86706084869198, 40.87755800115558], [-73.86737516945563, 40.87763441803672], [-73.86765402346, 40.87770221174012], [-73.8681188490851, 40.87781437017415], [-73.86843612468823, 40.877889836620334], [-73.86849346899457, 40.877903407500085], [-73.86855197188503, 40.87791724981733], [-73.86936148801527, 40.87811174514622], [-73.8694346699871, 40.87812884268627], [-73.86950315918482, 40.87814566472716], [-73.86957079060251, 40.878161910345995], [-73.8697833827828, 40.87821297756422], [-73.86996807434461, 40.87826435154117], [-73.870059838355, 40.87829031781528], [-73.87014976370321, 40.87831012080777], [-73.87033725165566, 40.87835140286685], [-73.87094414694467, 40.87850969555172], [-73.87159658329435, 40.87864613674598], [-73.87254501187776, 40.87874572756312], [-73.87348328000986, 40.87885559292157], [-73.87438658453351, 40.879055173235486], [-73.87536412599363, 40.879579237319426], [-73.87595633486222, 40.879865536188724], [-73.876780772239, 40.88025879786911], [-73.87761402123758, 40.88065929388145], [-73.8784874344132, 40.88107652117055], [-73.87935315871697, 40.88150670078882], [-73.88045687491244, 40.88221983762539], [-73.881244225275, 40.88270963304625], [-73.88208623697005, 40.88313222151109], [-73.8827483337135, 40.88339738710627], [-73.88319088748284, 40.88328483371551], [-73.88334213547162, 40.88322651805903], [-73.88334234799316, 40.88322643722999], [-73.88334258658557, 40.88322637443707], [-73.88350764084068, 40.88318324572521], [-73.88350787943277, 40.883183182931916], [-73.88350810492629, 40.88318314714003], [-73.88368327371491, 40.88315763290853], [-73.88368336866445, 40.88315761499447], [-73.88368347544723, 40.88315761510209], [-73.8838635817371, 40.883151394007065], [-73.88386374785938, 40.88315138516935], [-73.88386391395021, 40.883151394341354], [-73.8840432856486, 40.88316497393867], [-73.8840434161452, 40.88316498307463], [-73.88404353476136, 40.88316500120356], [-73.8842167154768, 40.88319766463806], [-73.88421683407736, 40.88319769177164], [-73.88421696452701, 40.88319772792199], [-73.88437887953526, 40.88324759712435], [-73.88437905741286, 40.883247651331764], [-73.88437922339436, 40.883247723537], [-73.88452615185281, 40.883312147399344], [-73.88516495865943, 40.88363161119528], [-73.88662413028247, 40.88426730275125], [-73.88683486738492, 40.88434202485513], [-73.88692889784598, 40.88435571436254], [-73.88705142614538, 40.884349575948654]]]}",18718.7460789
"{'type': 'MultiLineString', 'coordinates': [[[-73.91804606992979, 40.687213247165225], [-73.91799890676506, 40.6869657793492], [-73.91791548385962, 40.68656593668845], [-73.91789200356413, 40.686449159289914], [-73.91784937492204, 40.68623316758971], [-73.91783531219988, 40.686163669382815], [-73.91778426805038, 40.68591141244197], [-73.91776547639932, 40.68581854070317], [-73.91770109463101, 40.68550035834896], [-73.91765638761379, 40.68527188303782], [-73.91764776622966, 40.68522782191456], [-73.91763742504506, 40.68517497594425], [-73.91762630567932, 40.68511814914296], [-73.91755763263453, 40.68476719209473], [-73.91741294350891, 40.68403405172767], [-73.91726632653388, 40.68330322404587], [-73.9171213855511, 40.682568471073225], [-73.91697632892352, 40.681834159017995], [-73.91683011485208, 40.68110098052323], [-73.9167620748294, 40.680755599265076], [-73.916686383552, 40.68037137861556], [-73.91653998749764, 40.67963749708287], [-73.91639300044451, 40.67890584814329], [-73.91630119858199, 40.67857711237584], [-73.91635492195263, 40.677823536597174], [-73.91645747555418, 40.676726028242584], [-73.91646486056804, 40.67664703951823], [-73.91647371424641, 40.67655700343882], [-73.91654436324247, 40.67583843459717], [-73.91661697807152, 40.67505994678838], [-73.91668911920375, 40.67428057601371], [-73.91677231331458, 40.67339069285523], [-73.91685659629034, 40.672498423963674], [-73.91694214105566, 40.671607326497835], [-73.91697704132682, 40.6712171645475], [-73.91698239901895, 40.67115727781569], [-73.91701863853213, 40.6707521349179], [-73.91702174491736, 40.67071741417152], [-73.91702441958114, 40.6706874739517], [-73.91702959402619, 40.67063506766626], [-73.91711014347841, 40.66981986085342], [-73.91713589050215, 40.669543764127155]]]}",6482.89438277
"{'type': 'MultiLineString', 'coordinates': [[[-73.92165571692266, 40.66384357493544], [-73.9209720816371, 40.66395334853668], [-73.920048999886, 40.66408892279939], [-73.91960940269617, 40.66415480439035], [-73.91909681557709, 40.66423048464119], [-73.918141267527, 40.664372981750574], [-73.91722163733974, 40.66451003064026], [-73.91626712038673, 40.66465376464282], [-73.91531019112044, 40.66479411201331], [-73.91439123642911, 40.664930193232685], [-73.91347143870698, 40.66506598731757], [-73.91251615008315, 40.665208753081224], [-73.91155871838961, 40.66535035660417], [-73.91062465483401, 40.66548902472799], [-73.90969893725222, 40.66562720734207], [-73.90938573024648, 40.6656736789463], [-73.90924952892878, 40.665693887230184], [-73.90885599635294, 40.665752274467096], [-73.90865482782827, 40.66578212011142], [-73.90840358781493, 40.66581939532981], [-73.90831652633517, 40.66583231142204], [-73.90790500327272, 40.665893363704726], [-73.90776216272921, 40.66591465903993], [-73.90767467153583, 40.66592770217522], [-73.90737233541563, 40.6659727731173], [-73.90679704305481, 40.66605853290019], [-73.90635417562152, 40.666124550301326], [-73.90628311386637, 40.66613514283921], [-73.90602303611742, 40.666173911322396], [-73.90597000822927, 40.666181819550175], [-73.9059219839643, 40.6661889033705], [-73.90559008872758, 40.66623783928476], [-73.90516672541507, 40.66630026065155], [-73.90501491284708, 40.666319135397636], [-73.90483722438148, 40.666348840663744], [-73.904718389745, 40.66636636090188], [-73.9043260337972, 40.666424205015545], [-73.90413943683394, 40.666451718042545], [-73.90389482092573, 40.66648778224279], [-73.90319077067399, 40.666591581570884], [-73.90223184132704, 40.666736221103214], [-73.90149060821155, 40.66684676741375], [-73.90131783721326, 40.66687279554754], [-73.90126570354016, 40.66688064924372], [-73.9003898926677, 40.6670097306791], [-73.89947172739164, 40.667145658294416], [-73.8985514884536, 40.66728255651583], [-73.89840767094654, 40.667303878098], [-73.89833553149232, 40.66731457283745], [-73.89814168047383, 40.66734331153849], [-73.89805562758822, 40.66735606857205], [-73.89792872533732, 40.66737488219775], [-73.89763330471563, 40.6674186756624], [-73.897427868368, 40.66744867888284], [-73.89711651787681, 40.667494148886355], [-73.89701818394221, 40.66750850968639], [-73.89670364731668, 40.66755444398892], [-73.89640864467702, 40.66759839947899], [-73.89634678759568, 40.66760761547765], [-73.89580514940086, 40.66768831583076], [-73.89483126230942, 40.66783350239226], [-73.89383992183498, 40.66798037468654], [-73.89291800511963, 40.668117336166446], [-73.89200095637464, 40.66825404178463], [-73.89108551334039, 40.668390093242394], [-73.89016522056734, 40.66852437678005], [-73.88928280736025, 40.66865707749454], [-73.8883802740119, 40.668789480866785], [-73.88747736470891, 40.668925282544855], [-73.88657456310345, 40.6690581757806], [-73.88568973754117, 40.6691892895695], [-73.88480393724927, 40.66932124116324], [-73.88399039200543, 40.6694412810552], [-73.88317488979685, 40.66956280986614], [-73.88236104168708, 40.66968358535946], [-73.88154455313996, 40.66980441631469], [-73.8806964162833, 40.66993001831837], [-73.8797929642027, 40.670060940473824], [-73.87887144481098, 40.67019411392051], [-73.87794991027175, 40.67032708365891], [-73.87702774571483, 40.670459783293815], [-73.87610626502345, 40.670591629789996], [-73.87518101797919, 40.67072439235279], [-73.87423134640392, 40.67086239690287]]]}",13402.6077188
"{'type': 'MultiLineString', 'coordinates': [[[-73.83583254546689, 40.754203448121686], [-73.83537858801782, 40.754276371684234], [-73.8349640586132, 40.75435485205163], [-73.83407297467902, 40.754501030868745], [-73.83310291312601, 40.75466142266566], [-73.83141627204942, 40.75542855789604], [-73.83074760228342, 40.75574444774691], [-73.82879153189417, 40.75667264522409], [-73.82709026024406, 40.75714340245085], [-73.82602679658636, 40.75743270100401], [-73.8251846264728, 40.757648645408516], [-73.82317488530572, 40.758191510274095], [-73.82063593355176, 40.75887226740099], [-73.81728821473503, 40.759775545648694], [-73.81508732598647, 40.760371609312756], [-73.81399882922092, 40.76066503407817], [-73.81313229828714, 40.76089834880674], [-73.81226778158073, 40.7611300213797], [-73.811049631661, 40.76141702045662], [-73.81044348387191, 40.76137743799124], [-73.80951372623002, 40.76129991066632], [-73.80859484053289, 40.76113246119778], [-73.80768023751695, 40.76095995789421], [-73.80676048659147, 40.76078777277036], [-73.80584005408402, 40.76061539003607], [-73.80491668503448, 40.76044041050813], [-73.80399971294933, 40.760270486293834], [-73.80307329002302, 40.760126248086245], [-73.80215291915877, 40.75998721774291], [-73.80125017456113, 40.75982823720266], [-73.8003003903368, 40.75970229769839]]]}",10432.6843525
"{'type': 'MultiLineString', 'coordinates': [[[-73.93278316773637, 40.77239345868216], [-73.93223870189023, 40.77204129512727], [-73.9312775500396, 40.77151553430311], [-73.92990486157383, 40.770861491204556], [-73.92780678588332, 40.76988903863368], [-73.92647341291281, 40.76927139545223], [-73.92507602480482, 40.76861875560806], [-73.92427202005999, 40.76824157621355], [-73.92352510411177, 40.767893290240195], [-73.92298021889385, 40.767639885664444], [-73.92220260009121, 40.76727316694754], [-73.92139210210644, 40.7668876702319], [-73.92058727415278, 40.76652069956766], [-73.91977764828906, 40.76615218365431], [-73.91898633335042, 40.765771292968424], [-73.91818972862531, 40.76539419319188], [-73.91738877097197, 40.76501987632235], [-73.91658974296612, 40.764643979371534], [-73.91579117442271, 40.764267771016016], [-73.91499211651927, 40.76389230415541], [-73.91478351375058, 40.76379265329602], [-73.91419395697402, 40.76351598592009], [-73.91339661098995, 40.76314028408726], [-73.9125987868539, 40.76276577401701], [-73.9117986281107, 40.76239021202138], [-73.91099115169965, 40.762011469009984], [-73.9101918141078, 40.76163760739235], [-73.90939068511388, 40.76126390988807], [-73.90859193333448, 40.76089047882288], [-73.90820628955397, 40.7607103503352], [-73.90779405399695, 40.760517799314584], [-73.90740335090335, 40.76033397830886], [-73.9069970654754, 40.760144556658794], [-73.90632327011416, 40.7598368205001], [-73.90543947270149, 40.759588037172286], [-73.9050984686357, 40.7595324027038], [-73.90456139628796, 40.759485340759966]]]}",9150.67803521
"{'type': 'MultiLineString', 'coordinates': [[[-73.92905728256467, 40.679276433360435], [-73.92930855051785, 40.679034321631406], [-73.92981203183328, 40.67854796106474], [-73.92993661755641, 40.67842194601388], [-73.92993670044841, 40.67842185691338], [-73.92993677032928, 40.67842176780495], [-73.93004670136636, 40.67828570657046], [-73.93004678309407, 40.678285599458874], [-73.93004685536961, 40.67828548243589], [-73.93006323345756, 40.67826009877481], [-73.93014044802766, 40.67813991614699], [-73.93021581209192, 40.67798722555844], [-73.93027159423481, 40.67782993943181], [-73.93027166540192, 40.67782975036682], [-73.93027171291256, 40.67782956128748], [-73.93030735280406, 40.67766975139622], [-73.9303073765461, 40.67766966946371], [-73.93030738845898, 40.67766958842459], [-73.93032287224067, 40.677509333167166], [-73.93032288539277, 40.67750919809793], [-73.93032288555271, 40.677509045010495], [-73.93032122584984, 40.67747867864289], [-73.93031762770087, 40.677413037932254], [-73.93031391600981, 40.67730890914458], [-73.93038289528685, 40.676597427016645], [-73.930457087118, 40.67581874249726], [-73.9305294818968, 40.67503879605146], [-73.93061448233503, 40.674147139167694], [-73.93069772751123, 40.67325677871213], [-73.93079328771678, 40.67236495677035], [-73.93086761848933, 40.671473869328366], [-73.93095113088133, 40.67058280436543], [-73.93103322033143, 40.669737792571304], [-73.93109989381291, 40.669010908272405], [-73.93111937759498, 40.66879854228773], [-73.93113207589394, 40.6686667810088], [-73.93113954637174, 40.668589265473834], [-73.93121322242087, 40.66782448338751], [-73.93129054953049, 40.6670153178322], [-73.93138143927062, 40.66612579638021], [-73.93145550070699, 40.6652338171355], [-73.93153906704765, 40.664342905116385], [-73.93160743419706, 40.66355672297092], [-73.93160218702442, 40.66323044474685], [-73.9315563888567, 40.66275540408501], [-73.9314799138409, 40.66205110961971], [-73.93140679431148, 40.66133050868954], [-73.93132569726262, 40.66059330636615], [-73.93108323153334, 40.658295915918536], [-73.93090354988094, 40.656610355416255], [-73.9307671164806, 40.65533560930672], [-73.93060405601646, 40.65380495575892], [-73.93038144323519, 40.65173405417281], [-73.93020593249383, 40.650108666418205], [-73.92999915504679, 40.64818106414279], [-73.92980243845962, 40.646320076740736], [-73.92974213541017, 40.64574338407412], [-73.92959986251176, 40.644432718743424], [-73.92935451203978, 40.64213431902316], [-73.92910623217132, 40.63979510576495], [-73.92885608799838, 40.63745680783342], [-73.92882071533211, 40.637126969925525], [-73.92878110854683, 40.63675744439423], [-73.92861283794919, 40.63518764589643], [-73.92851972681267, 40.63430445773785], [-73.92850140216136, 40.634130583065314], [-73.92848088465365, 40.633939299982245], [-73.92836366503539, 40.63284664384223], [-73.92811370464833, 40.63050675859902], [-73.92786501343764, 40.62816689912593], [-73.92766030621446, 40.626211075029936], [-73.927613367377, 40.625823587668094], [-73.92736928320427, 40.62356136270475], [-73.92732106091849, 40.62310763201662], [-73.92713509181922, 40.62135782087056], [-73.926878945968, 40.61894981883002], [-73.9266274105416, 40.61661196013615], [-73.92640044635387, 40.61447853528707], [-73.92631598943719, 40.61343967579139], [-73.92629769966094, 40.61319215486061], [-73.92629604579326, 40.61311679906941], [-73.92629635894524, 40.612983007902855]]]}",24330.6027935
"{'type': 'MultiLineString', 'coordinates': [[[-73.90984318586199, 40.751638680350126], [-73.90788824519372, 40.75108596975405], [-73.90699995640296, 40.750852565144896], [-73.90611042353541, 40.75062410544371], [-73.90522366091137, 40.750392012099], [-73.90433429713039, 40.75016151175536], [-73.90344701048078, 40.74993183654021], [-73.90255966138103, 40.7497004605718], [-73.9016570609164, 40.74946537175647], [-73.90058191603518, 40.74918595900548], [-73.89969247763122, 40.74895556767123], [-73.89925217101819, 40.748840656943], [-73.89880642129849, 40.74872432505038], [-73.8979167004308, 40.74849387560465], [-73.89763250863787, 40.748409002758294], [-73.89742161762469, 40.74836806720382], [-73.89673636857412, 40.74843847156418], [-73.89629400699187, 40.74848305173809], [-73.89618115487082, 40.748500491946714], [-73.89611444991306, 40.74850951701612], [-73.89604411859187, 40.74852050458031], [-73.89590233191967, 40.748539620355444], [-73.89581462719178, 40.748550939672306], [-73.89576227588852, 40.748558993266236], [-73.89570247941955, 40.74856607114971], [-73.89539077139379, 40.748586489325646], [-73.89531031385141, 40.748591296972144], [-73.8945404080832, 40.748679516970896], [-73.893985293946, 40.74873445067908], [-73.89360735959863, 40.74877068169138], [-73.8927082661534, 40.74886306816271], [-73.89175154943267, 40.748964641681845], [-73.8908189231797, 40.74906070908623], [-73.88990288217522, 40.749163927614475], [-73.88897616551488, 40.74925683487597], [-73.88802851208001, 40.74935571981147], [-73.88709814482652, 40.74945389439168], [-73.88616771511683, 40.74955235946446], [-73.88524098830993, 40.749651152999064], [-73.88431060814452, 40.74974518073373], [-73.88338020318622, 40.74984509924913], [-73.88245058528706, 40.74994028339315], [-73.88151991501607, 40.750039790391014], [-73.88059312814154, 40.75013800617186], [-73.87966196864076, 40.75023650619566], [-73.87873233542561, 40.750334155624955], [-73.87780232037294, 40.75043190430813], [-73.87687558186879, 40.75053003620416], [-73.87594545562548, 40.75062731952567], [-73.87501520840775, 40.75072451326051], [-73.87408506313655, 40.75082270996434], [-73.87315992332657, 40.75091501355524], [-73.87223604781363, 40.75106295523533], [-73.87166327215702, 40.75126096128299], [-73.87129751946702, 40.75138734634787], [-73.87084215647909, 40.75154469278682], [-73.86994681987888, 40.75179405326733], [-73.86907770852571, 40.752029731786074], [-73.86820610092605, 40.75226113158793], [-73.86726526991659, 40.75251283251788], [-73.86626655349106, 40.752779443003426], [-73.86540143019909, 40.7530099997419], [-73.8644462933416, 40.75326230929231], [-73.86358197782793, 40.753490675890184], [-73.86297070122735, 40.75365675928744], [-73.86210397699064, 40.75389398101836], [-73.86161962511696, 40.75392209932446], [-73.8612110018198, 40.75393387261618], [-73.86046427231811, 40.753939419021165], [-73.86029001716281, 40.75393548871492], [-73.85844735426356, 40.753936245890216], [-73.85781288504498, 40.7540136104421], [-73.85752638866536, 40.754072833966326], [-73.85715507957941, 40.75414367623245], [-73.85666444772943, 40.75423777395556], [-73.85579724518165, 40.754405787846665], [-73.85477642117732, 40.75468165973262], [-73.85383081289592, 40.75495833664232]]]}",16031.6490058
"{'type': 'MultiLineString', 'coordinates': [[[-74.07629147152576, 40.63675209252989], [-74.07617948713154, 40.63656179791704], [-74.07584750580038, 40.63593558918329], [-74.07581104017666, 40.63586414802211], [-74.07546906326577, 40.63519417950309], [-74.0754313496295, 40.63507518350948], [-74.07517391563977, 40.634262911620254], [-74.075170024044, 40.634166117331375], [-74.07514532802676, 40.6335965999425], [-74.07517357995478, 40.633524188713466], [-74.0753480900774, 40.633131465990964], [-74.07595855148604, 40.63196936613639], [-74.07637325235218, 40.63127060332831], [-74.07653454698603, 40.630950298272545], [-74.07674814551669, 40.63012854054098], [-74.07666260365856, 40.629622541469296], [-74.07660380691485, 40.62929845653123], [-74.07656199824294, 40.62906950917802], [-74.07646708774708, 40.62854415496406], [-74.07628568910536, 40.627764497169515], [-74.0762348298619, 40.627661610466184], [-74.0759428253483, 40.62716576123022], [-74.07564613658081, 40.62666371873287], [-74.0752440400286, 40.6260063236978], [-74.07503045349044, 40.62560289514287], [-74.07483966261036, 40.62522608872889], [-74.07439945611387, 40.624463471639466], [-74.07423325083188, 40.62422107794819], [-74.07386380591329, 40.623887321897136], [-74.07363669729895, 40.6236722792293], [-74.07338606098594, 40.62344801179008], [-74.07314977545782, 40.62321420716349], [-74.07292873975733, 40.622971675335336], [-74.072723758422, 40.62272129839399], [-74.07253551783933, 40.62246402153819], [-74.0720638060385, 40.62185926744101], [-74.07174165592015, 40.6214608174659], [-74.07134330109567, 40.620931700615984], [-74.07127025945029, 40.62083584317234], [-74.07116568706623, 40.62069878567156], [-74.07095381271327, 40.620431606073915], [-74.07014459580306, 40.61946597899922], [-74.06973950082886, 40.61898982294155], [-74.06914818045422, 40.61818706952791], [-74.06865630157294, 40.617516934624234], [-74.06805113858866, 40.61668889619655], [-74.06774887446372, 40.61627813186201], [-74.06728381342234, 40.61564326658443], [-74.06683998420078, 40.61504325612587], [-74.06677089190093, 40.61495110092193], [-74.06613391157228, 40.614088877895504], [-74.06558738510768, 40.61335049432106], [-74.06496010227684, 40.612501343708686], [-74.06475392602923, 40.612222063369956], [-74.06444288586201, 40.61180370192458], [-74.06425486962723, 40.61154125294372], [-74.06394318493481, 40.611120694109054], [-74.06366758604001, 40.610745435879366], [-74.06341397512713, 40.610397021102536], [-74.06333712766045, 40.610302128688055], [-74.06314844523465, 40.61004336136271], [-74.06288916216505, 40.60969257924984], [-74.06264967681464, 40.60935760791751], [-74.06255625236581, 40.60923737702305], [-74.06206524136391, 40.608583341250494], [-74.06199087110606, 40.60848094793857], [-74.06146348617418, 40.60775831030347], [-74.06098905884856, 40.60710040764534], [-74.06068072777737, 40.60669717306499], [-74.06046429687404, 40.60640582420821], [-74.060428672096, 40.60635273016127]], [[-74.07693910889391, 40.63778161447392], [-74.07686628695743, 40.63769424078214], [-74.07642489073368, 40.6368043853319], [-74.07629147152576, 40.63675209252989]], [[-74.07581576415977, 40.641239486934374], [-74.07573008416188, 40.64077433539855], [-74.07549734617272, 40.639777523133965], [-74.07550335205875, 40.63965369784361], [-74.07581157765192, 40.63851192788607], [-74.07601310156878, 40.637771693362204], [-74.07606500282745, 40.63756476658026], [-74.07629147152576, 40.63675209252989]], [[-74.07620849483258, 40.64202635182631], [-74.07614945586788, 40.64193066850352], [-74.07610316980742, 40.6418468221332], [-74.07589230307946, 40.641233393966374], [-74.07581576415977, 40.641239486934374]], [[-74.07519400852067, 40.6422444777973], [-74.0751908009947, 40.64218866574945], [-74.07523840204306, 40.642120591426945], [-74.0753482045194, 40.6419954816189], [-74.07547188544048, 40.641891264535296], [-74.07558023138473, 40.64177515254008], [-74.07567046661781, 40.64164923760654], [-74.07574047798097, 40.641516057929955], [-74.07578902755364, 40.64137849061975], [-74.07581576415977, 40.641239486934374]]]}",15221.4210228
"{'type': 'MultiLineString', 'coordinates': [[[-73.81356470597322, 40.70252849681219], [-73.81322648141172, 40.702625312032964], [-73.81163157087578, 40.70305215899413], [-73.81057816663053, 40.703337676146205], [-73.8101325534047, 40.70345895256555], [-73.80969346350425, 40.70357845592921], [-73.80922859606001, 40.70370349628256], [-73.80878818062571, 40.70382195750609], [-73.80758350978216, 40.70414629708803], [-73.80564773124601, 40.70467172656778], [-73.80357251630943, 40.70523323128129], [-73.80265548634435, 40.70548042964992], [-73.80165725582707, 40.70576147522041], [-73.79996986313829, 40.70638027896454], [-73.7991437356304, 40.70668505106691], [-73.79825829409157, 40.707016287460256], [-73.79714697125364, 40.70741961955798], [-73.79631660911042, 40.70772309418759], [-73.7954256033075, 40.70804989543833], [-73.79394796530589, 40.7086233454781], [-73.7930567179039, 40.708917034090916], [-73.79216626813381, 40.7092184346473], [-73.79114430955528, 40.70956596623818], [-73.79011748851697, 40.70990593359118], [-73.7897069915032, 40.7100377850346]]]}",7167.4078684
"{'type': 'MultiLineString', 'coordinates': [[[-73.84623480082261, 40.84449021644778], [-73.84554187395437, 40.84498023183952], [-73.84491034280019, 40.84542746029793], [-73.84461984746635, 40.84636016097007], [-73.84488534705476, 40.847898480210276], [-73.84494053823116, 40.848218220559986], [-73.84500013623173, 40.84845821909753], [-73.84503845490033, 40.848701539746266], [-73.84505506732246, 40.848946558364496], [-73.84504985979584, 40.8491915845832], [-73.84502303754022, 40.84943496086759], [-73.84496954119165, 40.85009703058565], [-73.84475779959573, 40.850468460359146], [-73.84441302043342, 40.85104299665592], [-73.8443084697407, 40.8511904644019], [-73.84315309799739, 40.85295600838264], [-73.84329085753319, 40.853207351995806], [-73.84365175769328, 40.854678201831426], [-73.84387252471586, 40.855431573524235], [-73.84394383643495, 40.85615501737803], [-73.84388934102597, 40.85651126477779], [-73.84379361250573, 40.85713705281118], [-73.8437355340502, 40.85727306551414], [-73.84363793309424, 40.85750163121843], [-73.84354034332766, 40.85773019684697], [-73.84348895010764, 40.85784779531549], [-73.84329553257234, 40.85829037574973], [-73.84295382704804, 40.85906263210928], [-73.84300297166084, 40.85950196782941], [-73.84319845505908, 40.86089646466989], [-73.84343486009068, 40.86276761930073], [-73.84340748909503, 40.86356159012396], [-73.84338273524291, 40.864316788345455], [-73.84335439085162, 40.86521125328137], [-73.84323583148569, 40.8663345533641], [-73.84298011834822, 40.86711689397748], [-73.84290685535197, 40.867329381129586], [-73.84281070882244, 40.867542406167], [-73.8424062945285, 40.868474743558345], [-73.84222745248685, 40.86885311026147]], [[-73.84185186530662, 40.8681919253734], [-73.84222745248685, 40.86885311026147]], [[-73.84280443556192, 40.86868075236648], [-73.84274169226086, 40.86866243104976], [-73.8426670382887, 40.868654585971015], [-73.84258508886322, 40.86866186723108], [-73.84250420001155, 40.86868713176852], [-73.84243451601925, 40.86872946773374], [-73.84238434043115, 40.86878386085349], [-73.84235704770933, 40.868842958758414], [-73.84235079161868, 40.86889997825162], [-73.84236060063061, 40.868950464123664]], [[-73.84222745248685, 40.86885311026147], [-73.84236060063061, 40.868950464123664]], [[-73.84236060063061, 40.868950464123664], [-73.8426351215075, 40.86941414186872], [-73.84316973258572, 40.87029001085869], [-73.84354400056411, 40.87125525775865], [-73.84389422089214, 40.87217380556362], [-73.8439628437397, 40.87235378376816], [-73.84407874436684, 40.872657098324176], [-73.84423064256913, 40.8730699896715], [-73.84511412588131, 40.874715184078326], [-73.84600538921958, 40.87638031747608], [-73.8463678397225, 40.87703471749669], [-73.84741117332717, 40.87895553806435], [-73.84769155795934, 40.87948812405964], [-73.84777442235978, 40.87963606744915], [-73.84806609047372, 40.88016054403878], [-73.84839899589663, 40.88077166584429], [-73.84874812776748, 40.88143944857216], [-73.84904098958303, 40.882092483118285], [-73.84923869690066, 40.8825333313165], [-73.84958458038601, 40.88334519045765], [-73.8497348824318, 40.883555803177195]]]}",15500.6952127
"{'type': 'MultiLineString', 'coordinates': [[[-73.9910241043406, 40.72364943251929], [-73.99102457806407, 40.72373532313096], [-73.99099489093685, 40.72400907472583]], [[-73.99127307179116, 40.72372981310681], [-73.99123141116846, 40.72379363713799], [-73.99099489093685, 40.72400907472583]], [[-73.99099489093685, 40.72400907472583], [-73.99081902422084, 40.72427429772359], [-73.99034165842448, 40.724932133745774], [-73.99015381150802, 40.725173554233706], [-73.99013134077356, 40.72520594362207], [-73.98986956356244, 40.72558217068682], [-73.98942914193304, 40.72618746315748], [-73.98898482024869, 40.726778874878164], [-73.98853796281787, 40.72740161869007], [-73.98811903171453, 40.72797674559822], [-73.98767161564145, 40.72859510401478], [-73.98724977701296, 40.729186160955976], [-73.98680764156742, 40.72977688979805], [-73.98637451604185, 40.730379657760075], [-73.98590859642233, 40.73101907973178], [-73.98575300245162, 40.73123294483148], [-73.98544389914268, 40.731657806526215], [-73.98494550566609, 40.73234967228364], [-73.98444065677926, 40.73303325567538], [-73.98354866567007, 40.7342607231953], [-73.98311380691572, 40.73483804703573], [-73.98270105768924, 40.73543184550216], [-73.9822671696544, 40.73601973726028], [-73.98184099885964, 40.73660267756259], [-73.98139204563964, 40.737222119141435], [-73.98090534075243, 40.73788616380806], [-73.98042358586449, 40.73855308702203], [-73.97996739757008, 40.73916829106881], [-73.97950261314755, 40.73978194555633], [-73.97907686452608, 40.74039375017031], [-73.97861648193141, 40.74102185852029], [-73.9781681528791, 40.741642512864054], [-73.9776828734937, 40.74225558679298], [-73.97720589217212, 40.74285421973962], [-73.97676067841424, 40.7434724980309], [-73.97636377380718, 40.744098681016716], [-73.97588117648395, 40.74477922446484], [-73.97539303553368, 40.745442758576054], [-73.97493633172772, 40.74607779637226], [-73.9747631995583, 40.74632518353224], [-73.97466731999396, 40.7464517718927], [-73.97461899652424, 40.746517966488916], [-73.97458114822736, 40.74656856660485], [-73.9744958771056, 40.74668256087509], [-73.97404406577601, 40.74729522753032], [-73.97360737985268, 40.74792545480034], [-73.97314594484534, 40.7485397176226], [-73.97279814052102, 40.74901257554504], [-73.97269251908637, 40.749156171374814], [-73.97220372205464, 40.74982300527619], [-73.97171284016822, 40.75049380776115], [-73.97126234417276, 40.75112224036867], [-73.97080361219852, 40.75174820168647], [-73.97034144735751, 40.75237878883865], [-73.9698858979703, 40.752998848900255], [-73.9694310259929, 40.753623508870135], [-73.96897803788579, 40.754250535826344], [-73.96883953517428, 40.75443991796594], [-73.96871564208529, 40.75460932438879], [-73.9685204697346, 40.75487619002638], [-73.96806568894296, 40.755504203351634], [-73.9676062078304, 40.75613198837861], [-73.96715254295408, 40.75676519511809], [-73.96670187555125, 40.75738080411197], [-73.96623906594843, 40.75800823946716], [-73.96578394686843, 40.758632632386536], [-73.96529307520983, 40.7593078371801], [-73.96480079543775, 40.75998213888337], [-73.96431353644002, 40.760599230914224], [-73.9640159756683, 40.761037566142925], [-73.9638831046395, 40.76123328615679], [-73.96342391425942, 40.761858586709195], [-73.96297460261326, 40.762487076337415], [-73.9625152408932, 40.76311273330475], [-73.96206392645503, 40.76373428473627], [-73.96160754042228, 40.76436616143847], [-73.96114862919616, 40.76498744549699], [-73.96068945766373, 40.765613851452315], [-73.96023310824276, 40.766240175451166], [-73.95977640579314, 40.7668681003608], [-73.95931969935526, 40.767494271022755], [-73.95886194709848, 40.76811990994947], [-73.95836533246697, 40.768797733358056], [-73.95786679301803, 40.76948404740637], [-73.95740437897723, 40.770120254173776], [-73.95694112903668, 40.7707532619288], [-73.95647901863383, 40.77138719571341], [-73.95625105088708, 40.77169811798357], [-73.9560150760821, 40.772019956234175], [-73.95555324407474, 40.77265407540391], [-73.95505481617236, 40.77333685058374], [-73.9545574087048, 40.7740211944208], [-73.95409265681275, 40.774656257335586], [-73.95362762524242, 40.775290673445994], [-73.9531658318513, 40.77592319788297], [-73.95270421517746, 40.776561411661085], [-73.9522399523439, 40.77719359807347], [-73.95174238315089, 40.77787430569441], [-73.95124788445415, 40.77855085207917], [-73.9507922915231, 40.779179704288964], [-73.9503362980029, 40.77980996825667], [-73.94988080854911, 40.78043584513735], [-73.94967862629578, 40.780709974305395], [-73.94961385419386, 40.78079779537739], [-73.94942155728269, 40.78105893685995], [-73.94896177091574, 40.78168887747815], [-73.94851306788779, 40.78232203324724], [-73.94803869415084, 40.782942268748634], [-73.9475776328492, 40.78356790590551], [-73.94708951889807, 40.78424490595988], [-73.94658817799579, 40.78494137739892], [-73.94645057575282, 40.78513117256573], [-73.94636674827728, 40.78524679668837], [-73.94615396053572, 40.78554029243638], [-73.94610370355716, 40.78560961025095], [-73.94569522843545, 40.78617300716029], [-73.94529536136864, 40.78671982393259], [-73.9452299637935, 40.78680925226403], [-73.94503900322587, 40.787071666455454], [-73.9449866601396, 40.78714359512661], [-73.94476950332624, 40.78744200378911], [-73.94432146659247, 40.78805565979244], [-73.944219757558, 40.78819453900886], [-73.94418428953432, 40.78824296879175], [-73.94385967678836, 40.78868620970406], [-73.94372271091267, 40.78887010263977], [-73.94368933877051, 40.78891490697181], [-73.94339597511654, 40.7893087783313], [-73.94328762774597, 40.789456892578194], [-73.94323286256333, 40.78953175847089], [-73.94292746680895, 40.78994868450085], [-73.94243459244896, 40.79062623097567], [-73.94196524429361, 40.791271848169565], [-73.9415040104327, 40.791906605673034], [-73.9410349690551, 40.79254666842986], [-73.94056279664323, 40.79318791536379], [-73.94010645731761, 40.793817002773835], [-73.93962997078047, 40.79446710444783], [-73.93956649995071, 40.794554008173584], [-73.93951613958673, 40.79462295916895], [-73.93942246563616, 40.79475121593637], [-73.93936725741723, 40.79482680460458], [-73.93918824596419, 40.79507190026678], [-73.93898956527458, 40.795342392841604], [-73.93894683614633, 40.79540056503188], [-73.938873271303, 40.79550071837741], [-73.9388310865284, 40.795558149700625], [-73.93873881649698, 40.79568376817499], [-73.93867683866989, 40.79576814448549], [-73.93863548048463, 40.795824448748625], [-73.93836684988783, 40.796190161444784], [-73.93832643675815, 40.79624517838402], [-73.93828508391066, 40.79630147621687], [-73.93777473132003, 40.79700274526408], [-73.93728065038083, 40.79767890589739], [-73.93682131114846, 40.798307338902475], [-73.93636118027611, 40.79893545440746], [-73.93589582165556, 40.7995775012407], [-73.9358644363207, 40.7996116973592], [-73.9356488250821, 40.799853551300565], [-73.93537355609422, 40.80016244779767], [-73.9352434755439, 40.80034132743437], [-73.93521336466873, 40.80038273258511], [-73.93491627880546, 40.800791261354235], [-73.93484955219022, 40.80088202820867], [-73.93481758661812, 40.800925511457336], [-73.93447500216129, 40.80139152100161], [-73.93445466962001, 40.80141917908167], [-73.9344300908633, 40.80146034493242], [-73.93434853931063, 40.80159693215972], [-73.9343290347829, 40.801629600165306], [-73.93415841086103, 40.801915408619706], [-73.9341346572272, 40.80195466041451], [-73.93408693365966, 40.80203610309425], [-73.93406195306481, 40.802076922841316], [-73.93357644845085, 40.8027521805066], [-73.93308208266883, 40.80342521478869], [-73.93266303961599, 40.80406510031994], [-73.93241290738075, 40.80441537405345], [-73.93218367938063, 40.804670566856686], [-73.93211639899938, 40.80475419259737], [-73.93206584621888, 40.80484559856015], [-73.93203408266528, 40.804941762107354], [-73.93202184776314, 40.80503934193966]]]}",34008.9236085
"{'type': 'MultiLineString', 'coordinates': [[[-73.94174116766303, 40.74385915132939], [-73.94142284158067, 40.74378831808287], [-73.94110011345077, 40.74372891814294], [-73.94077407219176, 40.74368117715972], [-73.94044578429528, 40.74364523073286], [-73.93949797968693, 40.74353430756508], [-73.93856966072069, 40.74341956883899], [-73.93839473466929, 40.74339789025139], [-73.93765115753794, 40.74330513411351], [-73.93672215299735, 40.7431946485214], [-73.93579027334319, 40.743085315483604], [-73.93486796852325, 40.74298275213106], [-73.93393675713563, 40.74287417890357], [-73.93301182388981, 40.7427667454393], [-73.93208247632082, 40.74265920288475], [-73.9311549682489, 40.742550357196876], [-73.93022653524079, 40.74244577187993], [-73.92929894844178, 40.742337541545545], [-73.92837135450715, 40.742229934087476], [-73.92744374980005, 40.74212300353377], [-73.92655027759112, 40.742019824383796], [-73.92558752008784, 40.741908389932455], [-73.92466423548346, 40.74180007100145], [-73.92417571613389, 40.74174273929137], [-73.92373909534749, 40.74169150029952], [-73.92328919152817, 40.74164000766802], [-73.9228099183535, 40.741585152715245], [-73.92188266378673, 40.74147755623462], [-73.92095629801791, 40.74136179429739], [-73.92002840124972, 40.74126165665131], [-73.91909862069679, 40.74115513460974], [-73.91817205338927, 40.74104715752419], [-73.91724425647547, 40.74094022569063], [-73.91631067017511, 40.740854435094505], [-73.91585601598867, 40.740804746994996], [-73.91573535701242, 40.74079155909277], [-73.91538439361557, 40.74072944320396], [-73.91443483199882, 40.74053105320176]]]}",7666.63521942
"{'type': 'MultiLineString', 'coordinates': [[[-73.91654279127034, 40.77044064313469], [-73.9165892832306, 40.77033537189986], [-73.9166564195398, 40.77018336142707], [-73.91667699237225, 40.77012760811138], [-73.9167036113922, 40.77007695601388], [-73.9167692054197, 40.76991798616243], [-73.91682702407651, 40.76979148912683], [-73.91849336984436, 40.76773465667533], [-73.91890601268575, 40.76722677540448], [-73.91951682837174, 40.76647373929546], [-73.91977764828906, 40.76615218365431], [-73.92004851837757, 40.76582009578248], [-73.9216158829837, 40.76389841944956], [-73.92188016164027, 40.76357438580613], [-73.92378848615257, 40.76122608607659], [-73.92565361409059, 40.758922173277774], [-73.92666767166484, 40.75766934162625], [-73.92690279951968, 40.75737884037037], [-73.92815372548695, 40.755835854894336], [-73.9295410642888, 40.7541217709185], [-73.9304797263763, 40.75296508324016], [-73.93126506875166, 40.75199252276984]]]}",7868.3898858
"{'type': 'MultiLineString', 'coordinates': [[[-73.91711554498674, 40.617925190980785], [-73.91700810025513, 40.61720192298819], [-73.91697651665683, 40.61693221211333], [-73.91690302764289, 40.61627422923759]], [[-73.91711554498674, 40.617925190980785], [-73.91704782820032, 40.617974184512086], [-73.91696571998287, 40.61801162292917], [-73.9168747904395, 40.61803431337967], [-73.9167818479476, 40.618041163036395]], [[-73.92089764662943, 40.653625106034184], [-73.92077366716076, 40.652554314312155], [-73.92074524910274, 40.6522703615206], [-73.92062217497904, 40.651098685084456], [-73.92058012452013, 40.650706507569176], [-73.92046701093741, 40.649654183274706], [-73.9203755269685, 40.648778780484584], [-73.92035877703749, 40.648597657601904], [-73.92018438285098, 40.647029661722094], [-73.92017907974714, 40.646926386614254], [-73.92014448882097, 40.64660821851794], [-73.92009758467212, 40.64617673863572], [-73.92005091734698, 40.64573558731091], [-73.91997852238946, 40.64503237620088], [-73.91995063038978, 40.64470762984889], [-73.91990782614153, 40.64432958041063], [-73.91973737051502, 40.64277814817123], [-73.91965951401308, 40.64207823771601], [-73.91958298581511, 40.64139576212495], [-73.91955576613557, 40.641184958656744], [-73.91953494069402, 40.640857739678644], [-73.91946588497676, 40.64028418690322], [-73.91946141149468, 40.64023929380455], [-73.91945472940895, 40.64017313700704], [-73.91941912640733, 40.63982071920438], [-73.9192898465265, 40.638596031681075], [-73.91917180385671, 40.637469841525004], [-73.91912932334911, 40.637065251614416], [-73.91909069852078, 40.636697417274604], [-73.91905790420653, 40.636385109427216], [-73.91902770795001, 40.636097543355824], [-73.9190062949449, 40.635893618285635], [-73.91899154633944, 40.63575906220474], [-73.91895156580088, 40.63539431829266], [-73.91893983722689, 40.63528732021928], [-73.9189216131202, 40.63512106158661], [-73.91891212114875, 40.635034460047564], [-73.91889071020921, 40.63483913219214], [-73.91888284336648, 40.63476735164257], [-73.91886934617706, 40.63464421589899], [-73.91886199259744, 40.63457712831543], [-73.91885164501052, 40.63448271865872], [-73.91876282583839, 40.63363752829945], [-73.91862982421637, 40.632346872597175], [-73.91860224824254, 40.63206832774525], [-73.91835491868656, 40.629795298033926], [-73.9182425445067, 40.628770075258906], [-73.91816260213217, 40.62800449529409], [-73.91799464595759, 40.62645772323413], [-73.91775240191386, 40.62416471732084], [-73.9177092710478, 40.62371768610091], [-73.91751556161604, 40.62194031587385], [-73.9174699164515, 40.621512427724014], [-73.91741279869184, 40.62095853043076], [-73.91726440911889, 40.61954803791196], [-73.9171713769084, 40.618711251889685], [-73.91716779550583, 40.61838796137276], [-73.91711554498674, 40.617925190980785]]]}",13758.6268667
"{'type': 'MultiLineString', 'coordinates': [[[-73.84394797942248, 40.721932899424715], [-73.84386132468744, 40.72162591393027]], [[-73.84394797942248, 40.721932899424715], [-73.8437300428648, 40.721664854915595]], [[-73.86022022326249, 40.753561774839234], [-73.85999430481392, 40.75311225569854], [-73.85958608593056, 40.75232148217305], [-73.85917841801172, 40.75152728764711], [-73.8587632499654, 40.750716971407975], [-73.85840124197063, 40.75002019183474], [-73.8580587036862, 40.749353250833686], [-73.85771624573205, 40.74869016211185], [-73.85739612414685, 40.74806784971841], [-73.8573476522121, 40.74797143540224], [-73.85730179868064, 40.74788096765723], [-73.85698141621174, 40.7472674147441], [-73.85663684623455, 40.74659488354701], [-73.85629147326642, 40.74593006759515], [-73.85595057906458, 40.745266976107665], [-73.85561132435564, 40.744603903605785], [-73.8552679155728, 40.743938222345655], [-73.85495034683153, 40.74333355494221], [-73.85462117257502, 40.74268331524839], [-73.8543165200966, 40.74208930628569], [-73.85381298690326, 40.74110381834262], [-73.85362257366383, 40.740742220483206], [-73.8533415754534, 40.74019424579725], [-73.85306504544553, 40.7396569200896], [-73.85287299706027, 40.73928891620449], [-73.85243455916897, 40.73840609089116], [-73.85204758710098, 40.73768205360255], [-73.85191248843101, 40.73742340690619], [-73.8518706750155, 40.7373429286841], [-73.85183304445891, 40.737271451911184], [-73.85168825041936, 40.736997339727395], [-73.85148897861984, 40.736610440401776], [-73.85137217508189, 40.73637722718223], [-73.85134172204913, 40.73631642332862], [-73.85121471431914, 40.73607223576957], [-73.8509980560814, 40.735655680920765], [-73.85065602727848, 40.73498534011299], [-73.85030407079188, 40.73429597556238], [-73.84994464953738, 40.733607050388535], [-73.8496040520058, 40.73294184100737], [-73.84926369475242, 40.732278080683606], [-73.84891920665653, 40.731611846468084], [-73.84857845918555, 40.730948678704316], [-73.84823715694432, 40.730282589678694], [-73.84789525243092, 40.729618859012376], [-73.84755396055006, 40.72895420144769], [-73.84721210929777, 40.72828866766436], [-73.8468732658581, 40.72762043436541], [-73.84652970141724, 40.726959443714996], [-73.8461869933511, 40.72629449086927], [-73.84584414033, 40.725628636229615], [-73.84550364354396, 40.7249654131519], [-73.84515998627735, 40.7243000694488], [-73.84481895089144, 40.72363507758257], [-73.84447588525926, 40.722970605091554], [-73.84413446783311, 40.7223077816755], [-73.84394797942248, 40.721932899424715]], [[-73.86046427231811, 40.753939419021165], [-73.86022022326249, 40.753561774839234]], [[-73.86139703665461, 40.76002822719656], [-73.86138639503218, 40.759963179864684], [-73.86099882381306, 40.757824993719375], [-73.86072652851436, 40.75633058099785], [-73.86071852032879, 40.75628664371845], [-73.86071180845681, 40.75625139969235], [-73.86055700590394, 40.75543815333161], [-73.86042246054394, 40.75464513947604], [-73.86029001716281, 40.75393548871492], [-73.86022022326249, 40.753561774839234]], [[-73.86074818397206, 40.76033794811087], [-73.86094292799953, 40.76030365345146], [-73.86112825042254, 40.760274655587395], [-73.86125062693377, 40.760222740301934], [-73.86130846592418, 40.76017290842168], [-73.86135498389166, 40.760124379427324], [-73.86139703665461, 40.76002822719656]], [[-73.86138816484329, 40.760495606023994], [-73.86144350877709, 40.7604292098748], [-73.86139703665461, 40.76002822719656]]]}",15540.2964347
"{'type': 'MultiLineString', 'coordinates': [[[-73.90630288476999, 40.77972812212108], [-73.9066786645427, 40.779425806868666], [-73.90680619196581, 40.77932271247973], [-73.90846535635617, 40.777961437757334], [-73.9106983452036, 40.77613231451888], [-73.91120289768195, 40.77571818580006], [-73.91238812323982, 40.77474534216262], [-73.91286745121461, 40.77436384995405], [-73.91397413908271, 40.77344915516673], [-73.91499889170242, 40.7726131760759], [-73.9153928728054, 40.772291763899226], [-73.91624889455056, 40.77159284306456], [-73.9167857933064, 40.77115446801632], [-73.91725912471465, 40.77077252710105], [-73.91743973372891, 40.7706194089477], [-73.91750679789197, 40.77056255415688], [-73.91754847822291, 40.77052525811436], [-73.91770217257069, 40.770393111022216], [-73.91807875269579, 40.77006199582791], [-73.91828990912782, 40.76987856727675], [-73.91995596853889, 40.768440065279094], [-73.92033084140681, 40.76811353222616], [-73.92076983226019, 40.7676490758316], [-73.92139210210644, 40.7668876702319], [-73.92274112502044, 40.7652261943429], [-73.92345724862507, 40.7643480592302], [-73.92538015231855, 40.76196969236795], [-73.92724676810191, 40.75967091670788], [-73.92850106917828, 40.75812861446935], [-73.9297505209202, 40.75658057619566], [-73.93105722013831, 40.75497417135161], [-73.93202198687699, 40.75378647255956], [-73.93290990411543, 40.75269320364823], [-73.93383269454343, 40.75160470154581]]]}",12828.7068645
"{'type': 'MultiLineString', 'coordinates': [[[-73.88960978114396, 40.853621880153895], [-73.88963328302148, 40.8531738178908]], [[-73.88960978114396, 40.853621880153895], [-73.88937964022811, 40.85346220961904]], [[-73.88960978114396, 40.853621880153895], [-73.89003039600945, 40.854220991825464], [-73.8903895401545, 40.85468905799353], [-73.89127866786755, 40.85517128412235], [-73.8920014540184, 40.855548845715234], [-73.89262981930916, 40.85582307356954], [-73.89400512325732, 40.8563860466224], [-73.8941998374121, 40.856417934349615], [-73.89439625324052, 40.8564575585259], [-73.89526290392686, 40.85674336484962], [-73.89533646665538, 40.85677080564208], [-73.89549275120785, 40.85682910284152], [-73.89551602956978, 40.85683778665128], [-73.89573595166607, 40.8569198213527], [-73.8957974204754, 40.85696654934713], [-73.89579763370297, 40.85696671162813], [-73.89579777456987, 40.85696688284869], [-73.89584611960623, 40.857026142805324], [-73.89584623798154, 40.857026286990795], [-73.89584630768819, 40.85702645814704], [-73.89587563851447, 40.857094903943654], [-73.89587677462043, 40.857107085012906], [-73.89588233392014, 40.85716664311437], [-73.89588235608787, 40.857166877262095], [-73.89588230949505, 40.85716709333792], [-73.89586683000442, 40.857235795849306], [-73.89586679537034, 40.85723594890153], [-73.8958667002355, 40.857236110904076], [-73.8958328390144, 40.857297007568945], [-73.8955534353126, 40.85773634771936], [-73.89552026458614, 40.85779448940998], [-73.89552013376994, 40.857794714414304], [-73.89552008717551, 40.85779493048996], [-73.89550458556627, 40.85786228218895], [-73.8955045747789, 40.85786235421848], [-73.89550458532574, 40.85786243527223], [-73.89551196852969, 40.857934030999395], [-73.89551199192482, 40.85793423813348], [-73.89551207586383, 40.85793440930281], [-73.89554389443701, 40.858003235632054], [-73.89554397836203, 40.85800341580626], [-73.89554413107666, 40.858003596042735], [-73.8955972562343, 40.85806292345438], [-73.89559736160697, 40.85806304061352], [-73.89559749311475, 40.85806313078165], [-73.8956650484125, 40.85810834251406], [-73.89566520361272, 40.858108450713324], [-73.89566541697077, 40.85810853195047], [-73.89573924710169, 40.85813820683808], [-73.89636314620641, 40.85837531893777], [-73.89735765435793, 40.85876273471902], [-73.89818244667657, 40.8590836800975], [-73.89866157595517, 40.859246901667085], [-73.8988381451376, 40.859307308459144], [-73.89901097701481, 40.85936639879324], [-73.89982017479026, 40.85964421947743], [-73.90078819121915, 40.85997658059133], [-73.90163307075429, 40.860265983295335], [-73.90254479378697, 40.86057825470181], [-73.90351390553916, 40.86091750956101], [-73.90436650167956, 40.86121855097965], [-73.9049632530867, 40.861412199256456]]]}",5713.08415389
"{'type': 'MultiLineString', 'coordinates': [[[-73.92537540028628, 40.83262809562305], [-73.92348771722098, 40.831973211205806], [-73.92251612888404, 40.83163277881362], [-73.92166171411459, 40.83133642504897], [-73.92124367224905, 40.83118962980213], [-73.92062963396496, 40.8309682724025], [-73.92046219231591, 40.83091259380133], [-73.92027125313459, 40.83084234491385], [-73.91946717830668, 40.83053847068374], [-73.91894388127842, 40.83033432203759], [-73.91810950390642, 40.83000504285251], [-73.91728450234385, 40.82965514299149], [-73.91640980859377, 40.82928955058614], [-73.91556639145715, 40.82900401044553], [-73.91472227891688, 40.82873020606299], [-73.91388646690908, 40.828460201773424], [-73.91296213310052, 40.828159696889564], [-73.91216982638794, 40.82790222083193], [-73.91203226939167, 40.8278607021948], [-73.9118643050352, 40.82781001112318], [-73.91169430269588, 40.8277587149137], [-73.909286140703, 40.82698961445403], [-73.90773918019788, 40.82649218701646]]]}",5371.63933204
"{'type': 'MultiLineString', 'coordinates': [[[-73.96871733153186, 40.673926683310945], [-73.96693584995901, 40.67443341103636], [-73.96295345100738, 40.67358912642273], [-73.9607097454044, 40.67312139382125], [-73.95841500872041, 40.67264109803951], [-73.95733911669501, 40.672413892246325], [-73.95690043739424, 40.672323808692376], [-73.95647747321391, 40.672236950553575], [-73.95562288667044, 40.672054972144345], [-73.95463666885468, 40.671872143101275], [-73.95310242198582, 40.67179014024299], [-73.95164195527622, 40.671710020129176], [-73.95033415052136, 40.67163825833499], [-73.94756374966471, 40.6714879576822], [-73.94479525386109, 40.67133731206283], [-73.94432973746761, 40.67131173823564], [-73.94203023695762, 40.671185376865736], [-73.94093055051394, 40.67112596070875], [-73.939260194414, 40.67103329240665], [-73.93648952274398, 40.67088564257245], [-73.93372501158788, 40.670733771871205], [-73.93095113088133, 40.67058280436543], [-73.92940684316677, 40.6704977589805], [-73.92930771437531, 40.67049229952011], [-73.92922401411944, 40.670487689648034], [-73.92912293875857, 40.67048212257004], [-73.92902287337665, 40.67047661005723], [-73.92892060596436, 40.67047097722886], [-73.9281803583497, 40.670430199608234], [-73.92541347623882, 40.67027885528981], [-73.92492319049914, 40.670251917137264], [-73.92246696870501, 40.67011693064806], [-73.92239737429955, 40.670113177202005], [-73.92220874521298, 40.67010300275509], [-73.92216640532264, 40.67010071832592], [-73.92146565937914, 40.67006291752564], [-73.92097337051688, 40.67003635919799], [-73.92085097511055, 40.670029756223386], [-73.9204542356372, 40.67000834928476], [-73.92034889591714, 40.67000266798899], [-73.91987744194455, 40.66997723333207], [-73.91975564401409, 40.669969643543276], [-73.91969794871143, 40.66996604804967], [-73.91948189915124, 40.66995258471778], [-73.91913771791239, 40.66993113436761], [-73.91903493744928, 40.66992472875203], [-73.91888870437708, 40.66991997908315], [-73.91879311460653, 40.66991459770494], [-73.91711014347841, 40.66981986085342], [-73.91658460003606, 40.669787548706175]]]}",14647.716296
"{'type': 'MultiLineString', 'coordinates': [[[-73.89574840155491, 40.78130244039648], [-73.89711447613188, 40.78018067758832], [-73.89943809700586, 40.778271844956826], [-73.9016612003725, 40.77645273959091], [-73.90305187735328, 40.77531595136857], [-73.90382427870716, 40.77468445530605], [-73.90606085507103, 40.77285220020784], [-73.90821717137771, 40.77108511489783], [-73.90927891185538, 40.77021860858964], [-73.9094977700267, 40.77004092220123], [-73.91024079265513, 40.769427323795746], [-73.91044918149754, 40.76925459820818], [-73.91059910870474, 40.769130337038895], [-73.91075912391779, 40.76900911818493], [-73.91094174952893, 40.76885247275077], [-73.91168051588882, 40.76796296525416], [-73.91370071373842, 40.76548023916826], [-73.91499211651927, 40.76389230415541], [-73.91708899275488, 40.7613202978449], [-73.91899822479844, 40.75897380533767], [-73.91978551183949, 40.75800453549189], [-73.92086506796072, 40.75667820196574], [-73.92211889960348, 40.755139616111485], [-73.9233716158937, 40.753593783601225], [-73.92441748564913, 40.75240430204618]]]}",13247.9904742
"{'type': 'MultiLineString', 'coordinates': [[[-73.81930292367666, 40.709595250086785], [-73.81932687219748, 40.70942531406785], [-73.81933960064165, 40.709307446099054]], [[-73.8198314614174, 40.709910762747896], [-73.81996490437079, 40.70975268027932], [-73.82002750266138, 40.70967627419439]], [[-73.8198314614174, 40.709910762747896], [-73.81962502667551, 40.70977203064219], [-73.81936611371084, 40.7096186185132], [-73.81930292367666, 40.709595250086785]], [[-73.81877092037291, 40.71133189014938], [-73.81913824076943, 40.71071398129681], [-73.81943295545067, 40.71037732439342], [-73.8198314614174, 40.709910762747896]], [[-73.82081717486666, 40.72474498349477], [-73.8208314098821, 40.72465416299416]], [[-73.82081717486666, 40.72474498349477], [-73.82077721065798, 40.724667207192866], [-73.8203774080607, 40.72399920640948], [-73.82004021119403, 40.723346080323864], [-73.8196954626522, 40.72268233243333], [-73.81935455844555, 40.72201763492985], [-73.81920008431835, 40.72171701787257], [-73.81901284523987, 40.72135261089087], [-73.81866929209133, 40.72068728570068], [-73.81832930867668, 40.72002271247255], [-73.81798811307283, 40.71935766798789], [-73.81764807010033, 40.71869343470833], [-73.81714421710605, 40.71771498581321], [-73.81712480110525, 40.717678799418266], [-73.81709789081182, 40.71762586059649], [-73.81697489666173, 40.71738676650552], [-73.81677590362695, 40.716999925005005], [-73.8166947691152, 40.716842205339375], [-73.81658326305715, 40.71663393831187], [-73.81642386084178, 40.71632217368848], [-73.81640347446546, 40.71627506870779], [-73.81639793267996, 40.71626067869089], [-73.81639277931895, 40.716246204645], [-73.81638801554574, 40.71623165377614], [-73.81638364370977, 40.716217032391775], [-73.81637966616545, 40.71620234499812], [-73.81637608407367, 40.7161875997018], [-73.81637289978876, 40.7161728010091], [-73.81637011329057, 40.71615795612414], [-73.81636772692858, 40.716143071354246], [-73.8163657406876, 40.71612815210259], [-73.81636415573347, 40.71611320467451], [-73.81636297441305, 40.71609823627793], [-73.81636219434179, 40.71608325321269], [-73.81636181787395, 40.71606825998498], [-73.8163623931044, 40.716029153459836], [-73.81636585056691, 40.71588680600847], [-73.8163608037921, 40.71583237100105], [-73.81636480710272, 40.71578400187119], [-73.81636106804082, 40.71563809491778], [-73.8163558653246, 40.71493582212752], [-73.81645263281447, 40.71422890315896], [-73.81648653733632, 40.7141436426661], [-73.8167550057145, 40.71346848787451], [-73.81689616195753, 40.71321286787283], [-73.81705541746388, 40.71296303973549], [-73.81723212171752, 40.71272010098082], [-73.81742546580135, 40.71248509484097], [-73.81759040256662, 40.71231233181876], [-73.81763442124661, 40.71226622327355], [-73.81791755336955, 40.711969637365854], [-73.81810684113859, 40.711783512481404], [-73.81830822068221, 40.711585447559926], [-73.8184929435894, 40.711376504843365], [-73.81863438215204, 40.711190933986074], [-73.81865952368082, 40.711157942787594], [-73.81880674306737, 40.710931164353276], [-73.81893360019733, 40.71069767189473], [-73.81903940449851, 40.71045907631061], [-73.81912373992807, 40.71021700693275], [-73.81930292367666, 40.709595250086785]], [[-73.83195806840305, 40.76295349583997], [-73.83188162577724, 40.76282898752399], [-73.83111884553053, 40.76154813573532], [-73.83074355921956, 40.76079369020697], [-73.83048331323238, 40.76027105894409], [-73.830139595261, 40.75957044588249], [-73.82984159782305, 40.75896228041558], [-73.82970089703437, 40.758683617879136], [-73.82963621155541, 40.75854977900424], [-73.82946930225015, 40.75819353568077], [-73.82913405593861, 40.75752264683535], [-73.82879153189417, 40.75667264522409], [-73.82828005111936, 40.75539173228427], [-73.82782525807414, 40.754250895294334], [-73.82774170189033, 40.754008290807946], [-73.82763843148463, 40.75376961808584], [-73.82751598939969, 40.75353624936006], [-73.82737510303531, 40.75330949769897], [-73.82688693027364, 40.75248987972068], [-73.82636226658573, 40.75185861774243], [-73.8261847578509, 40.751648116638286], [-73.82602545933128, 40.75142873853938], [-73.82588544955875, 40.75120187823612], [-73.82576557351116, 40.75096902291405], [-73.82575546831994, 40.75091329142025], [-73.82574662337666, 40.750857435760494], [-73.82573904100173, 40.75080147304832], [-73.82573272470431, 40.750745418597816], [-73.82572767561588, 40.75068929132166], [-73.82572389606611, 40.750633104731094], [-73.82572138481586, 40.750576878635556], [-73.82572014537651, 40.75052062744861], [-73.82572017651847, 40.75046436737756], [-73.82572147818892, 40.75040811733293], [-73.82572405034702, 40.75035189172283], [-73.82572789294242, 40.75029570855723], [-73.8257330035613, 40.75023958404147], [-73.82573938097391, 40.750183534382685], [-73.82584441018818, 40.74934839122233], [-73.82587923652655, 40.749093896420476], [-73.82598638047756, 40.74831092352936], [-73.82620015963788, 40.746556750410086], [-73.82608101091554, 40.74604353301522], [-73.82594390389329, 40.74530311708195], [-73.82587160545243, 40.744923335459696], [-73.82580581469547, 40.744577692883105], [-73.82574306318556, 40.74422827271364], [-73.82567799246, 40.74386589066363], [-73.825549975623, 40.74316162518891], [-73.82546998162503, 40.742701212595186], [-73.82545672487403, 40.742632425158746], [-73.82542603656698, 40.74249266562058], [-73.82538253566244, 40.74229455078936], [-73.82537387721733, 40.74223224046624], [-73.82536324877583, 40.742190665871505], [-73.82528411309994, 40.74181879691228], [-73.82527015222324, 40.74175318357115], [-73.82520572058361, 40.741441536758714], [-73.82512580685211, 40.74104380475262], [-73.82498384506013, 40.740343137221956], [-73.82485496272352, 40.73982936297893], [-73.8248117844876, 40.73963096018047], [-73.82481726296454, 40.73957359707951], [-73.82524617595926, 40.73510868576974], [-73.82532472419928, 40.73406088268353], [-73.82532734781874, 40.733969106705516], [-73.82533633719024, 40.733654545247454], [-73.82522847576591, 40.733299462746565], [-73.82488950029412, 40.73262542038728], [-73.82472922362362, 40.732329215835385], [-73.82459514668014, 40.7320726274735], [-73.82451504212148, 40.73200428188579], [-73.82431487568311, 40.73165444368427], [-73.82415012633734, 40.731341391015015], [-73.82397293146455, 40.73101658542215], [-73.8238131975532, 40.73069719130818], [-73.82364616020816, 40.7303692948598], [-73.82346754836108, 40.73001869565233], [-73.82328285468718, 40.7296593329532], [-73.82311336422237, 40.72932953994001], [-73.8229422037261, 40.72899717763707], [-73.82277104375108, 40.72866481596326], [-73.8226007138482, 40.72833254444667], [-73.82243039632371, 40.728000262773854], [-73.82227386281146, 40.72769402776566], [-73.82211734138876, 40.72738779344881], [-73.82213846082443, 40.727293416533676], [-73.82181989329811, 40.72668589782942], [-73.82147453669796, 40.72598023680023], [-73.8211363234889, 40.725336413033965], [-73.82093170596586, 40.72494883294984], [-73.82081717486666, 40.72474498349477]]]}",21520.666652
"{'type': 'MultiLineString', 'coordinates': [[[-73.97599223453567, 40.58986742016031], [-73.97557081932469, 40.58994799120115], [-73.97419290251285, 40.590106190176684], [-73.97398832366099, 40.59013518411894], [-73.97297571040734, 40.59024049444607], [-73.97207740580703, 40.590340219727736], [-73.9711510185204, 40.59044244339895], [-73.9702233770622, 40.59054017467105], [-73.96929959239763, 40.59064758911362], [-73.96837100074718, 40.590749466494636], [-73.9678770219456, 40.59080375617999], [-73.96744527566118, 40.590851210209735], [-73.96651951117111, 40.59095287351295], [-73.96542523876954, 40.591071428424776], [-73.96528827839312, 40.591086610476395], [-73.96514385215431, 40.591101915273015], [-73.96483485617945, 40.591136968544255], [-73.96395130977399, 40.59123709678114], [-73.96377366359047, 40.5912572279398], [-73.9633141092624, 40.5913077527749], [-73.96283785920068, 40.59136011104304], [-73.96243882244113, 40.591404024983845], [-73.9612022217032, 40.59154010279644], [-73.96067984160423, 40.59159758212482], [-73.96012117033506, 40.59165841444577], [-73.9596773632326, 40.591706737426584], [-73.95899773859158, 40.591784076994806], [-73.95767566629387, 40.59192907714871], [-73.95700330475904, 40.5920022561846], [-73.95607720404406, 40.59210143173679], [-73.95514745784705, 40.59220701102719]]]}",5852.41069681
"{'type': 'MultiLineString', 'coordinates': [[[-73.74983383949193, 40.602560166951584], [-73.74988191594109, 40.60262917081305], [-73.75035476909734, 40.60289281921829], [-73.75105080201409, 40.603273306229084], [-73.75174638272541, 40.60360277324294], [-73.75210467366054, 40.60380021778874], [-73.75284972833292, 40.60425989630919], [-73.75353787710618, 40.604568966539816], [-73.75399888521903, 40.60478385241332], [-73.75441906138414, 40.604977800222976], [-73.75527384646144, 40.60533443859091], [-73.75665091438981, 40.60561902972591], [-73.75759429064782, 40.60580011072441], [-73.75778381363189, 40.60583243300834], [-73.75877257124743, 40.60602854956641], [-73.75910254873212, 40.60608954983064], [-73.75977595282235, 40.60622764099071], [-73.76080005297179, 40.606423813037836], [-73.7609702247761, 40.60645890842689], [-73.76134512522016, 40.60654092476124], [-73.76193262782657, 40.606918928235416], [-73.76243371384601, 40.60720801056436], [-73.76328945144547, 40.6077199685216], [-73.76398987013371, 40.60814490680727], [-73.76514574182693, 40.608832924976696], [-73.76558561106418, 40.60910108244005], [-73.76599435336631, 40.609350260218775], [-73.7674839105189, 40.610255419664234], [-73.76802620164193, 40.610580280965614], [-73.76888909902564, 40.61110028993735], [-73.77013013640166, 40.61184761123514], [-73.77017974659084, 40.61187729176], [-73.77088676043559, 40.612299707296806], [-73.77150351635719, 40.612673437730784]]]}",7164.91189758
"{'type': 'MultiLineString', 'coordinates': [[[-73.93712426438874, 40.768319049872424], [-73.9365123637108, 40.76797612394957], [-73.93618379719315, 40.76769180104483], [-73.93594942684763, 40.76757822551226], [-73.93493511188842, 40.767013023187424], [-73.93362663248199, 40.76629191861585], [-73.93225210789247, 40.765533929651134], [-73.93169177540332, 40.76522374429843], [-73.93036546161338, 40.764490750249244], [-73.92842541061229, 40.763415718780216], [-73.92698824369381, 40.762725426677996], [-73.92618762433557, 40.76235085678257], [-73.92538015231855, 40.76196969236795], [-73.92458828537737, 40.76160034800568], [-73.92378848615257, 40.76122608607659], [-73.922995650596, 40.76084935403881], [-73.92219539531791, 40.76047534093757], [-73.92139602685207, 40.76010009006453], [-73.92110616488212, 40.75996406965098], [-73.92059648967863, 40.75972489473608], [-73.91979922377199, 40.759349444172], [-73.91899822479844, 40.75897380533767], [-73.91820294125296, 40.75859957065389], [-73.91762045068094, 40.75832581081504], [-73.91740379581056, 40.7582239841303], [-73.91660423299406, 40.75784843856003], [-73.91580593466817, 40.7574727433559], [-73.91500715836523, 40.75709817687677], [-73.91421213681147, 40.756720798050914], [-73.91341075970718, 40.75634749632854], [-73.91261087611068, 40.75597094111289], [-73.91216836225334, 40.75576350627201], [-73.91176437275155, 40.75557258749737], [-73.9115707895905, 40.75548164736824], [-73.91146980223958, 40.755434205901295], [-73.91138073604199, 40.75539236385659], [-73.91130191517067, 40.755355335631045], [-73.91092351774813, 40.755177570173274], [-73.91082607930811, 40.755131795918615], [-73.91075880717108, 40.75510019190087], [-73.91068960725627, 40.75506768314172], [-73.91062875072551, 40.75503909351179], [-73.91056894396506, 40.75501099724131], [-73.91050368866493, 40.75498034107116], [-73.91044138375649, 40.75495107033463], [-73.91030532546719, 40.75488715103064], [-73.91023237803238, 40.75485288129006], [-73.91017837520467, 40.75482751066708], [-73.91011491317741, 40.754797695845824], [-73.91005507963116, 40.75476958667921], [-73.90999949113078, 40.75474347091595], [-73.9099360032274, 40.75471364426887], [-73.909870929576, 40.75468307252808], [-73.90981108085093, 40.75465495601816], [-73.90972115046326, 40.75461270587922], [-73.90966292790272, 40.75458535239432], [-73.90960308053747, 40.75455723577687], [-73.90954648647516, 40.754530647139774], [-73.90948826524101, 40.754503294467725], [-73.90901259066689, 40.75427981399124], [-73.90813592016954, 40.7538656058687], [-73.9076650811249, 40.75364314663092], [-73.90690889702435, 40.753284848906624], [-73.90668454026566, 40.753178569749984], [-73.90646018423676, 40.75307228024918], [-73.90617706785854, 40.75295560285228], [-73.90607483376996, 40.75291346950329], [-73.90525018500391, 40.75256492861386], [-73.90442003626913, 40.75220974860622], [-73.90357127849218, 40.751840437881], [-73.90275616094195, 40.751502558039334], [-73.90202061098788, 40.75119107092153], [-73.90106300830938, 40.75078321448537], [-73.90078670339545, 40.75066560481546], [-73.90005125710323, 40.75035255628664], [-73.89971252899319, 40.75020381336623], [-73.89963349058537, 40.75017100210549], [-73.8992276553592, 40.75000253129622], [-73.89857749902656, 40.74972215614698], [-73.89839036710765, 40.749643097835886], [-73.89757735858672, 40.74929960891769], [-73.89686930609273, 40.748993830529045], [-73.89645731699783, 40.7488101987847], [-73.89635869747879, 40.74877029058074], [-73.89624245567043, 40.74871954502922], [-73.89614534075876, 40.74868003692167], [-73.89610951042118, 40.74866941284882], [-73.89605152744733, 40.74864946473879], [-73.89585801040924, 40.74856930241772], [-73.89581462719178, 40.748550939672306], [-73.89572779238004, 40.74851104248554], [-73.89564469771857, 40.74847370516042], [-73.89540933887879, 40.7483738587093], [-73.89527600602344, 40.74831729379142], [-73.89379708886487, 40.7476915002618], [-73.8924090673325, 40.74713532866704], [-73.89175048901487, 40.746811726733924], [-73.89139145579604, 40.7466410037963], [-73.89036559840815, 40.74623080542652], [-73.88933070488793, 40.74578591066827], [-73.88860632554503, 40.74548275898918], [-73.88833190045924, 40.745364751922494], [-73.88733790772625, 40.74494063552031], [-73.88623268246978, 40.74446548599204], [-73.88612041486117, 40.7444170087869], [-73.88600306705105, 40.744366336409556], [-73.88509442027437, 40.74397395764878], [-73.88471026287716, 40.743794417772115], [-73.88387556322134, 40.74339732885527], [-73.88283144630611, 40.742888376057955], [-73.88263341492154, 40.742786975368695], [-73.88188001903225, 40.74237697841556], [-73.88100387976363, 40.74184066158258], [-73.88027765402501, 40.741297461000286], [-73.88011277151521, 40.74116823858986], [-73.87999120488428, 40.74107026188448], [-73.87931979579812, 40.74060207958709], [-73.87910739787667, 40.740445078378194], [-73.87863239384433, 40.74005996277735], [-73.87848682283848, 40.73993390923762], [-73.87791831774199, 40.739394957206564], [-73.87743058447485, 40.73860051505481], [-73.87716858661481, 40.737907600008754], [-73.87720940668936, 40.73768045337259], [-73.87726708835638, 40.73748553767459], [-73.87733588185682, 40.73730655116663], [-73.87734170968693, 40.73729262740843], [-73.87744234768088, 40.737096379579384], [-73.87744238807504, 40.73709630217863], [-73.87744242607997, 40.73709623648195], [-73.87755028796819, 40.736919690362654], [-73.87755619066006, 40.736909438045764], [-73.87762631223406, 40.736805891965204], [-73.87766946511634, 40.73675259979183]]]}",20587.9987784
"{'type': 'MultiLineString', 'coordinates': [[[-73.7970059968459, 40.70461025785097], [-73.79663849925778, 40.70408218711359], [-73.79609008947227, 40.70329413695992], [-73.79594223147473, 40.70306073181163], [-73.79466683492726, 40.701275742514746], [-73.79463941908055, 40.70123736770909], [-73.79460222386665, 40.70118552175996], [-73.79357708695936, 40.69975647223273], [-73.7924029611554, 40.69815203768986], [-73.79124748360677, 40.69656510536224], [-73.7900873797507, 40.69498106033953], [-73.78893104095134, 40.69339783858373], [-73.78817249167332, 40.69235600725286], [-73.7877828734023, 40.69181855511402], [-73.78749016390245, 40.691423282924966], [-73.78705688863582, 40.690830284851806], [-73.78655630556604, 40.69014899886514], [-73.78633088115616, 40.68984104625316], [-73.7860950791263, 40.689501302790966], [-73.78580380844984, 40.68899621991059], [-73.78570609080738, 40.68883086983557], [-73.78493869665532, 40.687532312290294], [-73.7847870479999, 40.68725814486913], [-73.78448514681729, 40.686760315663605], [-73.78424416622536, 40.68635611759052], [-73.78412393972476, 40.686152714902185], [-73.78407609263118, 40.68607176686341], [-73.78395087987863, 40.68585992849658], [-73.78385217125313, 40.68569292695985], [-73.78381561344841, 40.685631078353545], [-73.78377482734564, 40.68556207258976], [-73.7837399262124, 40.68550302497578], [-73.78365535783566, 40.68535994864178], [-73.78358613960071, 40.685242839589954], [-73.78338916531747, 40.68490958133037], [-73.78335020599437, 40.68484366671824], [-73.78301554725077, 40.68427745049188], [-73.78265199381275, 40.68365684869373], [-73.78228529428308, 40.683030926685134], [-73.78201481703385, 40.68256820633943], [-73.7819167106253, 40.682400884513655], [-73.78155398059012, 40.681780352666195], [-73.78118531323896, 40.68114433744207], [-73.78105430007751, 40.68090915233226], [-73.7808252142864, 40.68052640166845], [-73.7804569367258, 40.67989800310434], [-73.78008910020007, 40.67926386784799], [-73.77947817231703, 40.678364550522524], [-73.7793852864156, 40.6782494475318], [-73.77908247124685, 40.677874179227636], [-73.77861836717861, 40.677264222190814], [-73.77808296683818, 40.6765566501012], [-73.77713828118925, 40.6753148779058], [-73.77567156128734, 40.673387413598846], [-73.77457862274586, 40.671937523390106], [-73.77449590746062, 40.67182779614091], [-73.77365361483942, 40.670700431181245], [-73.77312238407578, 40.67002154657166], [-73.77248769300898, 40.66919319302539], [-73.77222332158684, 40.6688458261597], [-73.77191928729185, 40.66844633006097], [-73.77154460727127, 40.667963268809466], [-73.77113889543435, 40.66745054541722], [-73.77108845282179, 40.66738935386177], [-73.77105218448864, 40.66733670850067], [-73.77077627068796, 40.66696264186394], [-73.77035526968969, 40.666401238225916], [-73.76997465689833, 40.66590992100726], [-73.7694127809921, 40.66517874535532], [-73.76906541224996, 40.66472522251281], [-73.76859067569542, 40.664018315499064], [-73.76836692823171, 40.6629021218002], [-73.76819831735935, 40.66179984358916], [-73.76817834362225, 40.661677511894666], [-73.7680679384961, 40.66100157552613], [-73.7679635344515, 40.66034843514625], [-73.76784922119595, 40.659587094288604], [-73.76774416212717, 40.65890257726236], [-73.76767025211787, 40.658418272539194], [-73.7676532435677, 40.65830751026574], [-73.76756147880272, 40.65771142385559], [-73.76745749460258, 40.65705268146078], [-73.76736259589075, 40.65624410175302], [-73.76735274336549, 40.6561601263401]]]}",19656.4641882
"{'type': 'MultiLineString', 'coordinates': [[[-73.81523144931917, 40.72879391246439], [-73.81529744136651, 40.728550817423454], [-73.81534535352762, 40.7283048828511], [-73.8153749093107, 40.728057280790935], [-73.81538601448206, 40.72780919887921]], [[-73.81523144931917, 40.72879391246439], [-73.81517739599676, 40.728666952769615], [-73.81517732663166, 40.72866678156123], [-73.8151772323609, 40.728666627422605], [-73.81510037084294, 40.7285436392504], [-73.81510024004959, 40.7285434229178], [-73.81510007606205, 40.72854322454213], [-73.81500114190112, 40.72842749409142], [-73.81500104752861, 40.72842737687342], [-73.81500091764703, 40.72842725869785], [-73.81488194957278, 40.728322094964405], [-73.81488183150127, 40.7283219867133], [-73.8148817003588, 40.7283218964514], [-73.81474600591028, 40.72823021334449], [-73.81474579323955, 40.72823006982111], [-73.8147455556407, 40.72822995147195], [-73.81459716318747, 40.72815380948395], [-73.8145969397937, 40.728153691157345], [-73.81459667964971, 40.72815359258279], [-73.81443976478452, 40.72809402317545], [-73.81394369363267, 40.72785224509344], [-73.81280168291939, 40.72729564432504], [-73.81246807550431, 40.727133045531865], [-73.81151613714673, 40.72665799263539], [-73.81114177061309, 40.726449568281986], [-73.81074306942679, 40.72618960788137], [-73.81069693799977, 40.72619033170104]], [[-73.82963621155541, 40.75854977900424], [-73.82797970014991, 40.757630116200254], [-73.82709026024406, 40.75714340245085], [-73.82577379872835, 40.756358058995836], [-73.82471753986587, 40.755487530405034], [-73.8239791786918, 40.754868206393446], [-73.82339572420445, 40.75437726545376], [-73.82333379552124, 40.75432522833465], [-73.8228033228442, 40.753879473798364], [-73.82191828813946, 40.75317308103074], [-73.82084928863797, 40.75224154496131], [-73.81998861034002, 40.75142862064167], [-73.81941130800175, 40.750887754553816], [-73.81911566859517, 40.75062107355231], [-73.81883698466511, 40.750352158172234], [-73.8182647723101, 40.74982699008379], [-73.81779541196637, 40.749392014633024], [-73.8176865093132, 40.74928821095054], [-73.81710925649168, 40.74876054453269], [-73.81654271191074, 40.748260041644556], [-73.81598751416308, 40.747769936908675], [-73.81537317363517, 40.74721833800425], [-73.81477152714388, 40.74668237099426], [-73.81416172096642, 40.746138580211095], [-73.81382410632878, 40.7458327265693], [-73.81375805471644, 40.74574600887063], [-73.8137579957165, 40.74574593673453], [-73.8137579603971, 40.745745864636746], [-73.81370743710987, 40.7456529404968], [-73.81370737823596, 40.74565282333548], [-73.81370733122749, 40.745652697188255], [-73.81367361919368, 40.74555586499973], [-73.81368426837044, 40.74530479341627], [-73.81368426872301, 40.74530466734561], [-73.81368428091577, 40.74530454129414], [-73.81370633020578, 40.745053731278084], [-73.81373973146628, 40.744803840116724], [-73.81373976776703, 40.74480356101773], [-73.81373981595824, 40.74480326392781], [-73.81378451978811, 40.744554552679084], [-73.81430884854947, 40.74297377259907], [-73.8144284355929, 40.742585656897674], [-73.81454885627808, 40.74219486788377], [-73.81459020064331, 40.742075680044394], [-73.81470611303665, 40.741691799492514], [-73.81476629138604, 40.7414924875706], [-73.81481110942792, 40.74136705569527], [-73.81490742875246, 40.7410627934318], [-73.81492737575519, 40.740999771838794], [-73.81499469350707, 40.74078712570715], [-73.8150197846913, 40.7406622293696], [-73.81512794487064, 40.73992150008206], [-73.81510861302247, 40.73951941866648], [-73.81509448848833, 40.73922561382542], [-73.81508653403388, 40.73914830133074], [-73.81505714754162, 40.738986846843424], [-73.81504998782547, 40.73894313362508], [-73.81503862818195, 40.738893668410824], [-73.81497208294329, 40.73856071522606], [-73.81483960059136, 40.73791441376153], [-73.8147699834928, 40.73754457690391], [-73.81469391914652, 40.73714047962697], [-73.8146916315029, 40.735949993122716], [-73.81472294142954, 40.735338030019484], [-73.81474261190763, 40.73490936853722], [-73.81475217294278, 40.734701017630734], [-73.8147590837607, 40.73455042116249], [-73.81477621609957, 40.734246805765686], [-73.81480147540114, 40.733799160541594], [-73.81481416298594, 40.733599598201785], [-73.81481996324374, 40.73351072808608], [-73.81482699503778, 40.73340297535239], [-73.81483204850727, 40.733325524301904], [-73.81483811089676, 40.73323261941772], [-73.81484566935671, 40.73311679715401], [-73.81485170577751, 40.733024277643075], [-73.81485676282354, 40.73294679687647], [-73.81486256052001, 40.732857955562984], [-73.8148681072174, 40.732772955420984], [-73.814873917257, 40.73268392141552], [-73.81487971617162, 40.73259505128366], [-73.81488551380943, 40.732506209064226], [-73.81489282111878, 40.73239422975987], [-73.81489836773646, 40.73230923051147], [-73.81491341986792, 40.73207858900916], [-73.8149164694568, 40.73203762069431], [-73.81492083122666, 40.73197983295648], [-73.81492410814553, 40.73193074780671], [-73.81492830282677, 40.73186790343407], [-73.81493851892525, 40.731714869124836], [-73.81494260238789, 40.73165369952023], [-73.81496058386136, 40.73138433895371], [-73.8149645474867, 40.73132495936763], [-73.81497202756387, 40.7312129082772], [-73.81497572564973, 40.73115749320979], [-73.81502002739987, 40.73049387200922], [-73.81502127642837, 40.73046566912801], [-73.81504493708259, 40.730398835228286], [-73.81514620833815, 40.729685964630164], [-73.81523144931917, 40.72879391246439]]]}",14639.7327001
"{'type': 'MultiLineString', 'coordinates': [[[-73.93289696780256, 40.6794848095866], [-73.93296932668035, 40.678729094798186], [-73.9330738269118, 40.677636597038436], [-73.93308084245201, 40.67756328119846], [-73.93309308863425, 40.67746497010605], [-73.93315347265347, 40.67674512457067], [-73.93316845532537, 40.676584514722975], [-73.93317397203995, 40.676525366700254], [-73.93322594024475, 40.675968283352915], [-73.93329805153711, 40.67519003700728], [-73.93338375524246, 40.674302250738855], [-73.93346772481358, 40.673407664419464], [-73.93355357125353, 40.6725145018422], [-73.93363490536873, 40.67162643342154], [-73.93372501158788, 40.670733771871205], [-73.93379830542415, 40.66989047756014], [-73.93386776689994, 40.66916034333082], [-73.93388773618578, 40.668950445479055], [-73.93390024495683, 40.66882065952294], [-73.93390843394643, 40.668735692455925], [-73.93398168206737, 40.66797584411022], [-73.93405761616518, 40.667167440467665], [-73.93409834161491, 40.66671713375837], [-73.9341382176894, 40.666276109944995], [-73.93418045728195, 40.66583508024336], [-73.9342242639731, 40.66537774215121], [-73.93426571579892, 40.664932118388506], [-73.93430630544191, 40.6644956163253], [-73.93434659906633, 40.66407217064276], [-73.93434975374315, 40.664038980312334], [-73.93439127745825, 40.66360273085162], [-73.93455236674934, 40.663362285686304], [-73.9344677468087, 40.66257521226779], [-73.93439181707743, 40.66186378796089], [-73.93431572913352, 40.661147753708974], [-73.93423037514927, 40.6604152336923], [-73.93399584770613, 40.658118646388616]]]}",7816.1417861
"{'type': 'MultiLineString', 'coordinates': [[[-73.91923329803562, 40.664649978051905], [-73.91960940269617, 40.66415480439035]], [[-73.91923329803562, 40.664649978051905], [-73.91913672214571, 40.66435314142427], [-73.91909681557709, 40.66423048464119], [-73.91907205112227, 40.66413397688611], [-73.91906340476429, 40.66410028338354], [-73.91902810849906, 40.66396274427939], [-73.91901056047197, 40.66389436021393], [-73.91889863126572, 40.66345819634143], [-73.91871503421405, 40.66274268830269], [-73.91870267604392, 40.662694546957674], [-73.91829936317001, 40.66116125764433], [-73.91818493134, 40.66072620869537]], [[-73.92121369941276, 40.68901947679762], [-73.9211801744033, 40.68884777990633], [-73.92103218348872, 40.68811450715694], [-73.92088637042244, 40.6873820190923], [-73.92073974689464, 40.68664934110778], [-73.92066796930011, 40.686286627646204], [-73.92059741547052, 40.68591613812798], [-73.92044754683836, 40.68518507471757], [-73.92030366621258, 40.68445085798803], [-73.92015620256598, 40.68371824143913], [-73.92001111872648, 40.682986535806634], [-73.9198661571401, 40.68225418163782], [-73.91972011265803, 40.681519034867634], [-73.91957469661305, 40.68078726521262], [-73.9194307134375, 40.68005582949985], [-73.9192859527012, 40.679323447453314], [-73.919178121138, 40.678809547004875], [-73.91905083936321, 40.67872847422642], [-73.91912130345213, 40.677975568145634], [-73.91922815101029, 40.67688918895764], [-73.91923562375243, 40.67681319973669], [-73.91924915603704, 40.676704931301735], [-73.91926609436992, 40.67651294706639], [-73.9192719131508, 40.67644699562156], [-73.91929341210339, 40.67620330069336], [-73.91931233251624, 40.675988850877275], [-73.91931932885377, 40.675913461952234], [-73.91938428445364, 40.67521356582792], [-73.91945528969231, 40.674437299338116], [-73.91954092571277, 40.67354187776023], [-73.91962523052106, 40.67264998511464], [-73.9197090602812, 40.67175784884261], [-73.91974811262094, 40.671349737188066], [-73.91979413777827, 40.67086877503912], [-73.9198480179756, 40.67029212951187], [-73.91985266779096, 40.67024236934897], [-73.91985798375086, 40.670185471260986], [-73.91987744194455, 40.66997723333207], [-73.91995343727142, 40.669546956733875], [-73.91996590459641, 40.669476373069294], [-73.92001180802937, 40.669404184522534], [-73.92004326788016, 40.66913722054259], [-73.92011464306117, 40.668376000970106], [-73.92004754023333, 40.66827642932792], [-73.92002991857501, 40.66820648300785], [-73.92001803153889, 40.66815929941247], [-73.92000524761234, 40.66810855275066], [-73.9199926037741, 40.66805836180286], [-73.91998246352105, 40.668018115192154], [-73.91997136752836, 40.66797406863835], [-73.91996073883315, 40.667931879272444], [-73.9199518345174, 40.667896533226006], [-73.9199388694256, 40.66784506871783], [-73.91992939191005, 40.66780745206942], [-73.91988831341338, 40.66764438413966], [-73.9198492395867, 40.667489278150796], [-73.91983945026104, 40.667450423066434], [-73.91982690553763, 40.667400628392535], [-73.91981666779765, 40.66735998907097], [-73.91980402424538, 40.66730979629699], [-73.91979616175821, 40.66727858433089], [-73.91978600644597, 40.667238272851314], [-73.91977704228806, 40.66720268810983], [-73.9197667080922, 40.667161666896696], [-73.9197582712547, 40.66712817712166], [-73.91974832902848, 40.66708871047074], [-73.91973263712993, 40.66702641082294], [-73.91943716761207, 40.66587155432223], [-73.91941354417209, 40.66577919793864], [-73.91923329803562, 40.664649978051905]]]}",10643.2907882
"{'type': 'MultiLineString', 'coordinates': [[[-74.0055338637016, 40.73687749288377], [-74.00482959386191, 40.737547469807694], [-74.00417529818985, 40.73813434713341], [-74.00386030276967, 40.73839487493275], [-74.0034456834403, 40.738755892506575], [-74.00308208675091, 40.739077600068796], [-74.00278935446914, 40.739396026927324], [-74.00252381552596, 40.73975264294844], [-74.002019378838, 40.74044408936732], [-74.00155531482741, 40.74108002571322], [-74.0011291751495, 40.74166809781784], [-74.00070275560942, 40.74225361085884], [-74.00027518011483, 40.74283879809291], [-73.99984823646017, 40.743425019274845], [-73.99941604376824, 40.744007005516856], [-73.99897237458379, 40.74463005489197], [-73.99848652491012, 40.74529416415579], [-73.99800821988927, 40.745951301518105], [-73.99755164550315, 40.74658089981101], [-73.99709902930732, 40.747205102304534], [-73.9966470443565, 40.74782272928687], [-73.99619655486144, 40.748439327913665], [-73.99574855569102, 40.749052195820695], [-73.99529821513553, 40.749671682356414], [-73.99484363876576, 40.75029330919078], [-73.9943794683318, 40.75093038999074], [-73.99394825701711, 40.75152222198468], [-73.99346417756955, 40.75219005470861], [-73.9929793783949, 40.7528534025737], [-73.99252855997325, 40.75347391259655], [-73.99207900061595, 40.75409111513109], [-73.99163271332003, 40.75470680414574], [-73.99117738135767, 40.75532984781283], [-73.99072636359239, 40.75595040547798], [-73.99027621424345, 40.756567564690016], [-73.98979085374066, 40.7572331319248], [-73.9892972754427, 40.75790663694037], [-73.98884253861897, 40.75853349829318], [-73.98839044532842, 40.759164186106645], [-73.98792640677709, 40.75979027646234], [-73.98747524675495, 40.76040478670439], [-73.98701514525702, 40.76103736724371], [-73.98656138491575, 40.76166012212391], [-73.9861040616429, 40.76228995269559], [-73.98564677815186, 40.76291487365102], [-73.98519152229117, 40.76354367416868], [-73.98473393726691, 40.764169104636125], [-73.98428230166094, 40.764791814519015], [-73.98382185671416, 40.76541847455094], [-73.98336657886037, 40.7660452414923], [-73.98313166833532, 40.766366982579605], [-73.98287713494143, 40.76671559489331], [-73.98236545044425, 40.76739215262137], [-73.98211061557242, 40.767744475920146]]]}",13003.5692142
"{'type': 'MultiLineString', 'coordinates': [[[-73.98156367365765, 40.57698182062186], [-73.98265122846303, 40.57685931158398], [-73.98371127142198, 40.576743326158585], [-73.98477359031943, 40.576626322665795], [-73.98583251585906, 40.57650969615614], [-73.98689291417351, 40.57639209649212], [-73.98795385179318, 40.576275773945305], [-73.9890155535671, 40.57615831781864], [-73.9900740273236, 40.57604149907733], [-73.9901554517573, 40.57603260890345], [-73.99113480023028, 40.57592567934748], [-73.99219597115315, 40.57580857110446], [-73.99326198014161, 40.57569515449718], [-73.9943155382936, 40.57557399187773], [-73.99537975728603, 40.575450820860304], [-73.99643826766419, 40.575335501383954], [-73.99749692800702, 40.575217794772385], [-73.99855647036117, 40.57510056469798], [-73.99961512323925, 40.57498420736114], [-74.00067580375624, 40.57486856067496], [-74.00173427206728, 40.574750346738455], [-74.00279577198344, 40.57463671564899]]]}",5959.80228786
"{'type': 'MultiLineString', 'coordinates': [[[-73.76040863190852, 40.596103101280754], [-73.7613023529291, 40.596150725867254], [-73.76215645370166, 40.5960850113641], [-73.76299716416311, 40.59598702407284], [-73.763852218801, 40.595887691313465], [-73.76464767952953, 40.595805916489596], [-73.76487693505717, 40.595803143891395], [-73.76510645406788, 40.595812780621046], [-73.7653345002388, 40.59583477810473], [-73.76555936137643, 40.595868943747334], [-73.76651950844764, 40.59617897291853], [-73.76677308963586, 40.59624084967659], [-73.76683514189916, 40.59625772087372], [-73.7669123050411, 40.59626484117675], [-73.76739324184759, 40.596329438708224]], [[-73.74532018226793, 40.59612495341727], [-73.74552451179865, 40.596063828978025], [-73.74571043536943, 40.59600820979052], [-73.7470999250001, 40.59556276891345], [-73.74730919095347, 40.59548216387661], [-73.74752583494967, 40.59541225491258], [-73.7477484373996, 40.59535357917934], [-73.74797545985723, 40.5953065565157], [-73.74820534573713, 40.59527140861626], [-73.74995698536296, 40.595140766750774], [-73.7512506527333, 40.59512714875611], [-73.75320265827953, 40.59513540993483], [-73.75398602665575, 40.59514008842079], [-73.75445582250401, 40.595154989236725], [-73.75601826768175, 40.59520453126877], [-73.75743058984942, 40.59531806074418], [-73.7579413650416, 40.59536052596199], [-73.75830518473815, 40.59544049300995], [-73.7593472086861, 40.59582787092639], [-73.75961960290302, 40.59593491023255], [-73.76014654256635, 40.596047235236064], [-73.76040863190852, 40.596103101280754]], [[-73.75962808097464, 40.59623799999365], [-73.76015511574715, 40.596146914340956], [-73.76040863190852, 40.596103101280754]], [[-73.74420900116871, 40.59668530003731], [-73.74530601848508, 40.59631393531563], [-73.74531983947809, 40.59622195015863], [-73.74532018226793, 40.59612495341727]], [[-73.73836504603244, 40.59819142907153], [-73.73887617823313, 40.598037663243296], [-73.73973112542188, 40.59778045910499], [-73.7415135570796, 40.59725837928483], [-73.74164273989919, 40.597220484761046], [-73.74192751346644, 40.5971366057222], [-73.74414613980171, 40.59647614521714], [-73.74532018226793, 40.59612495341727]]]}",8989.14323189
"{'type': 'MultiLineString', 'coordinates': [[[-73.94120864357647, 40.67993835325526], [-73.94124365343421, 40.67954954605575], [-73.94127655215117, 40.67918417994688], [-73.94136917044224, 40.6780929033284], [-73.94137663755063, 40.67800823083004], [-73.94138499695347, 40.67791899407555], [-73.94146280685193, 40.67719927921575], [-73.94153520323964, 40.676420793886244], [-73.94160932521962, 40.675643183714435], [-73.94169393071378, 40.67474789762045], [-73.94177551365816, 40.67385884320546], [-73.94185986325044, 40.672968392436935], [-73.9419450520366, 40.67207733138654], [-73.94203023695762, 40.671185376865736], [-73.9421055502192, 40.6703422800971], [-73.94217611699155, 40.669612052344675], [-73.94219628397714, 40.6694033040344], [-73.94220853908948, 40.669271989788456], [-73.94221571950015, 40.66919507044308], [-73.94228420414832, 40.66846142672413], [-73.94231788723505, 40.668091035350805], [-73.94236047604971, 40.66762256332457], [-73.9424067312504, 40.6671284905241], [-73.94244426991678, 40.66672750055291], [-73.94248307196985, 40.66631735383506], [-73.94248607838203, 40.66628558423254], [-73.94252843642624, 40.66583792375675], [-73.94257062214307, 40.66539471080507], [-73.94257256741571, 40.6653742340397], [-73.94261322620176, 40.66494706748426], [-73.94265250918775, 40.66452532131484], [-73.94269628925801, 40.66405512957734], [-73.94282892293674, 40.66284748612282], [-73.94279312141113, 40.66238920182886], [-73.94276743005855, 40.662060323144495], [-73.94268819666513, 40.661320500382594], [-73.94261168295043, 40.66061034187579], [-73.94254980551261, 40.65989199586766], [-73.94231479378035, 40.65760896907185]]]}",8156.87564058
"{'type': 'MultiLineString', 'coordinates': [[[-73.98842267535007, 40.607119148855766], [-73.98725486974362, 40.607244188794624], [-73.98625770555498, 40.60735601773873], [-73.98533158846939, 40.60745769734079], [-73.98440295176673, 40.60755951502245], [-73.98347678149408, 40.60766229631741], [-73.98254766649592, 40.60776405391306], [-73.98162368856048, 40.607865785907954], [-73.98110405819635, 40.60792595555365], [-73.98069479212643, 40.60796850022212], [-73.97969736006641, 40.60807736351567], [-73.97869929568569, 40.60818766697488], [-73.97777375821443, 40.608289142598615], [-73.97684703557104, 40.608392817708555], [-73.97591937708377, 40.608495114556156], [-73.97499506135604, 40.608596064667495], [-73.97403097879486, 40.60870230964327], [-73.973166435232, 40.60879557708888], [-73.97299434062448, 40.6088141415577], [-73.97191518781729, 40.60893592071398], [-73.97089538420556, 40.609049718956484], [-73.96996566160084, 40.609150476863995], [-73.96904086613006, 40.60925319351605], [-73.96792168873768, 40.609389188648954], [-73.96780676325189, 40.609403155123765], [-73.967686357082, 40.60941778722943], [-73.96739979589098, 40.609459607574735], [-73.96629835511396, 40.60955521344673], [-73.9652237806467, 40.609674400652715], [-73.96429649902885, 40.609776425500534], [-73.96337093017061, 40.60987865773725], [-73.96237947880822, 40.60998637306782], [-73.96137268400025, 40.61009887447026], [-73.96044361896715, 40.61020150700543], [-73.95952069679934, 40.61030205308932], [-73.95859278510497, 40.610403031220756], [-73.95804731947962, 40.61046276222621], [-73.95766801392327, 40.61050371485103], [-73.95670471387822, 40.610611876977785], [-73.95574066973245, 40.610714826631494], [-73.9547955267643, 40.610820765365766], [-73.95359888844845, 40.610949865451445], [-73.95258786946825, 40.61111223922285]]]}",10056.511125
"{'type': 'MultiLineString', 'coordinates': [[[-74.07802261102951, 40.594254823611436], [-74.0782306661376, 40.594221921128806], [-74.07844402180025, 40.59420617862211], [-74.07865900368175, 40.594208156901416], [-74.07887179856009, 40.59422784056468], [-74.07901426064986, 40.59425312934434], [-74.07907874366155, 40.59426457476268]], [[-74.07802261102951, 40.594254823611436], [-74.0788819178918, 40.59394279102485]], [[-74.06108414047338, 40.599816393418855], [-74.06128970024606, 40.59974897442054], [-74.06192002679099, 40.59954224127153], [-74.06206342330086, 40.59949479463385], [-74.06284072918312, 40.59923759902355], [-74.06375933387355, 40.59893485965744], [-74.06512519193375, 40.59848616479036], [-74.0652376482045, 40.598446892250365], [-74.0658153767962, 40.598257588154034], [-74.06592312005813, 40.59822115428751], [-74.06626556013639, 40.5981095356671], [-74.06661979811017, 40.597994667303965], [-74.06739691428297, 40.59773399913121], [-74.06835146453624, 40.59742112505397], [-74.0689264793321, 40.59723051915463], [-74.06956974284245, 40.59702005757429], [-74.07043976058361, 40.596734746244415], [-74.07118635024047, 40.59648999234864], [-74.07280005539596, 40.595957800754135], [-74.07367959118586, 40.59566839565977], [-74.0745373047297, 40.59538678029701], [-74.075398991075, 40.59510414732765], [-74.0762620298948, 40.59482256960422], [-74.07714922384886, 40.59453408017052], [-74.07802261102951, 40.594254823611436]]]}",5682.97611525
"{'type': 'MultiLineString', 'coordinates': [[[-73.89371598550665, 40.865293098912474], [-73.89382162663748, 40.865247369339436], [-73.89398620633601, 40.865000895384696], [-73.89432132935589, 40.86427519713743], [-73.89427840570717, 40.8639011410542], [-73.89419408424614, 40.86316630789166], [-73.89418654777374, 40.86300743648844], [-73.89418279011849, 40.86296496772179], [-73.89417804196778, 40.862922557478655], [-73.89417230449241, 40.86288021656582], [-73.8941655812282, 40.86283796029477], [-73.89415787334455, 40.86279580037272], [-73.8941491843801, 40.862753750310134], [-73.89413951431372, 40.86271182451458], [-73.89412886905919, 40.862670034697594], [-73.89411725096743, 40.86262839526896], [-73.89410466239391, 40.862586917936895], [-73.89409110924927, 40.86254561621383], [-73.8940765950721, 40.86250450361012], [-73.89406112340224, 40.86246359273547], [-73.89404470015323, 40.86242289530124], [-73.89371470364415, 40.86202143502182], [-73.89355914401288, 40.86192596750194]], [[-73.89371598550665, 40.865293098912474], [-73.89374880606631, 40.86544928309304], [-73.89379770161979, 40.865603274955696], [-73.89386222734187, 40.86575366300333], [-73.89394040400477, 40.8658221081794], [-73.89402770134997, 40.865884557212254], [-73.89412285059014, 40.86594000577156], [-73.89422434653619, 40.86598766272875], [-73.89438130339903, 40.86606885148564], [-73.89453048803978, 40.86614380963887], [-73.89536151680238, 40.86656133089697], [-73.89544263496089, 40.86660208855333], [-73.89631315756252, 40.867038575989106], [-73.89740323435919, 40.86747418965649], [-73.89854344077875, 40.86767697049401], [-73.89942436120211, 40.86788083716566], [-73.89996575680718, 40.86801730149246], [-73.90106540829424, 40.86828390382525], [-73.90116157408805, 40.86830572134719], [-73.90125725299953, 40.86832874052546], [-73.90135241894606, 40.86835295503558], [-73.9014470446573, 40.868378359452535], [-73.90154110642557, 40.868404945652955], [-73.90163457579531, 40.86843270731064], [-73.90172742905985, 40.86846163540179], [-73.90181964132208, 40.86849172360333], [-73.90191118768863, 40.86852296289074], [-73.90200204089243, 40.868555345137985], [-73.90209217841223, 40.868588861322685], [-73.90218157535435, 40.86862350242051], [-73.90227020682606, 40.868659258506675], [-73.90235804911957, 40.86869612055795], [-73.90318667442436, 40.86914899129948], [-73.90374975871833, 40.8695956267983], [-73.90403592597518, 40.869949163017345], [-73.90442003173251, 40.870361276328374], [-73.90448860512359, 40.87057854815035], [-73.90443428859595, 40.87224530794552], [-73.90444007291055, 40.872330328770026], [-73.90444008464395, 40.87233041882861], [-73.90444010825443, 40.872330498991666], [-73.90446896720273, 40.872415394840644], [-73.90446901447427, 40.87241552004773], [-73.90446908668234, 40.872415628166145], [-73.9045205760974, 40.87249502273759], [-73.9045207051323, 40.872495211046484], [-73.90452088281651, 40.87249539129124], [-73.90459188977248, 40.87256444545696], [-73.9045919490093, 40.872564499535265], [-73.90459203315682, 40.87256455453461], [-73.90467728236648, 40.87261987896499], [-73.90571425365128, 40.873138321781724], [-73.9058661675672, 40.87318265978576], [-73.90591126390723, 40.87319581668014], [-73.90601809356144, 40.873226988594276], [-73.90607918044729, 40.87324242047156], [-73.9061466890441, 40.87326020511271], [-73.90636316534489, 40.87331904779051], [-73.90662887009302, 40.87338037923137], [-73.90669984732023, 40.87339676249324]], [[-73.89346638142105, 40.86538240444017], [-73.89362401658335, 40.86532653940129], [-73.89371598550665, 40.865293098912474]]]}",6504.62260661
"{'type': 'MultiLineString', 'coordinates': [[[-73.86156438437922, 40.90106212200693], [-73.86093242477756, 40.900887128650574], [-73.86082823716366, 40.90085827764561], [-73.8607397438398, 40.9008271402384], [-73.86053647775213, 40.900754945256196], [-73.86033932901064, 40.90068492117934], [-73.86025633073118, 40.90065785573508], [-73.86018073429406, 40.90063259386121], [-73.85936555543874, 40.90036736102353], [-73.8591286303522, 40.9002973836625], [-73.8586268225073, 40.9001355654965], [-73.85780289628592, 40.89981599003261], [-73.85699713081578, 40.899503580105225], [-73.85619318252682, 40.89918797006852], [-73.8553866249815, 40.89887621331628], [-73.85429882761572, 40.898449654555904], [-73.85343375740602, 40.89811538004769], [-73.85261600475545, 40.89781183086894], [-73.85122304253501, 40.898115245532736], [-73.85049506413085, 40.89827582508041], [-73.84960675636178, 40.89847125527138], [-73.8487217688927, 40.89866553215776], [-73.8478551905331, 40.898856456907275], [-73.84696748580625, 40.89905123814463], [-73.84607999625233, 40.89924821903103], [-73.84514401394469, 40.899453710580644], [-73.84434683312497, 40.899627799957365], [-73.84345709739776, 40.89982407418304], [-73.84256592846664, 40.90001794340656], [-73.84169359458159, 40.90020878794072], [-73.84080915443857, 40.90040292297529], [-73.84004474674518, 40.900574957616456]]]}",6363.08290468
"{'type': 'MultiLineString', 'coordinates': [[[-73.96892193898094, 40.684101464851764], [-73.96805421859881, 40.68420490339585], [-73.96705568200005, 40.684319212246876], [-73.96609457067176, 40.68443029962583], [-73.96508246889978, 40.68454599215669], [-73.96403300288591, 40.684667859648], [-73.96307204662159, 40.68477980433212], [-73.9621075151532, 40.68489081228421], [-73.96115478644603, 40.685001600012676], [-73.96022118524672, 40.68510847823611], [-73.95927598727192, 40.68521670455712], [-73.9565508114413, 40.68553036539549], [-73.9543929688094, 40.68577972015965], [-73.95073580076485, 40.68620366664642], [-73.94976526433703, 40.68631204713259], [-73.9496834462941, 40.68632145957691], [-73.9494431289528, 40.68634910357821], [-73.94937677956742, 40.6863567359802], [-73.94913428124799, 40.68638348416683], [-73.94797711893455, 40.68651773053978], [-73.94745683461319, 40.686577844784395], [-73.94702560901982, 40.6866272734908], [-73.94694934360405, 40.68663606429219], [-73.94679049383522, 40.68665437223776], [-73.94672720684726, 40.68666166683534], [-73.9465342141619, 40.68668391007026], [-73.9464738812947, 40.68669086370583], [-73.94624111409871, 40.68671768956676], [-73.94617187603993, 40.68672566997164], [-73.94462127898173, 40.68690436157132], [-73.94178527538341, 40.68722837147054], [-73.93895074288004, 40.68755640959571], [-73.93602676543074, 40.687891613368734], [-73.93584312758409, 40.68791293795723], [-73.93576486557063, 40.687922026407755], [-73.93569872830788, 40.687929706873625], [-73.93562894697205, 40.687937810305556], [-73.93532853919304, 40.68797269436809], [-73.93526477638642, 40.68798009856071], [-73.9352180436462, 40.68798552487258], [-73.93514689093671, 40.68799378753165], [-73.93507393155788, 40.68800225984762], [-73.93478383898926, 40.6880359443208], [-73.93458740113897, 40.688058753603], [-73.93447989510251, 40.68807123659922], [-73.93426748345435, 40.68809589940219], [-73.93415110373458, 40.68810941261298], [-73.93399303712992, 40.688127765476835], [-73.93391095897705, 40.688137295331394], [-73.93370575343626, 40.688161120156046], [-73.9334913559001, 40.68818601091386], [-73.93341309916153, 40.68819509686757], [-73.93310174614682, 40.68823124481139], [-73.93300187813037, 40.68824265835508], [-73.93290588487773, 40.688253630118055], [-73.93281948335155, 40.68826350517219], [-73.93274267829327, 40.68827228264124], [-73.93265677955557, 40.68828210023418], [-73.93231507502364, 40.688321151351275], [-73.9320670139166, 40.688349501036626], [-73.93200423370102, 40.68835667617279], [-73.93174218158795, 40.68838662340665], [-73.93151049479633, 40.68841310043055], [-73.93140721876044, 40.6884249022855], [-73.93129668996986, 40.68843753359362], [-73.93118667107673, 40.68845010566658], [-73.93109738451648, 40.6884603090916], [-73.93096947746406, 40.688474925217214], [-73.93017997048351, 40.6885651396459], [-73.92725456583857, 40.6889009391375], [-73.9239755323909, 40.68927496236994], [-73.9220713378152, 40.68948984073938], [-73.92160791144885, 40.689960845808294], [-73.92109456488329, 40.6904825767188], [-73.92065676889703, 40.690927525613326], [-73.91945993286984, 40.69214942037404], [-73.91929128810142, 40.69232091575809], [-73.9192440285109, 40.692368973619786], [-73.91898073127139, 40.69263672099178], [-73.91892684721668, 40.692691515300424], [-73.91867149820928, 40.692951175542504], [-73.91862554785173, 40.69299790131252], [-73.9183918575813, 40.693235534375326], [-73.91834018178896, 40.69328808139012], [-73.91806558702757, 40.69356730737337], [-73.91802841004254, 40.69360510965875], [-73.91776073544197, 40.6938772942189], [-73.91747315322107, 40.694170143259115], [-73.91742480463638, 40.694219376554116], [-73.91704782205937, 40.69460325714884], [-73.91698834922565, 40.69466381609756], [-73.91631325673151, 40.69535124622497], [-73.9156494602464, 40.696027270222324], [-73.91560415475612, 40.696073409910106], [-73.91554447078165, 40.69613419217621], [-73.91549178933744, 40.696187842087426], [-73.91543096075512, 40.69624979051826], [-73.91537710984524, 40.69630463179608], [-73.91512889291768, 40.69655741390692], [-73.91509015820222, 40.696596861120604], [-73.91505371938138, 40.69663396868211], [-73.91501305470688, 40.69667538116519], [-73.91486526351203, 40.69682588992106], [-73.91330878987104, 40.698410414930805], [-73.91228895850836, 40.69943955768761], [-73.91180820088802, 40.69993800314195], [-73.91067882732892, 40.70104596929031]]]}",18404.5936781
"{'type': 'MultiLineString', 'coordinates': [[[-73.9480336584267, 40.63152783441003], [-73.94754292007839, 40.63158077823753], [-73.94676161410361, 40.63167138060022], [-73.94647961717759, 40.63170816197629], [-73.9456175472312, 40.63177743066141], [-73.9446288543368, 40.63183773484168], [-73.9436599453176, 40.63189942701667], [-73.94272878056796, 40.631957293620864], [-73.94175680869111, 40.632016626883], [-73.94078821455491, 40.632075845606245], [-73.94032359811892, 40.63210526851288], [-73.93985458392413, 40.63213497540801], [-73.93892456952672, 40.63219309006779], [-73.93799799843738, 40.63224680632825], [-73.93759273525916, 40.63226785734924], [-73.93740832988048, 40.632280684970084], [-73.93701746164297, 40.632310978427505], [-73.93604634659052, 40.632370837519986], [-73.93511618391427, 40.63242875109696], [-73.93465096004512, 40.632458997228355], [-73.93414602796904, 40.63249182124322], [-73.93317489472197, 40.632548100823804], [-73.93224232700312, 40.63260655798369], [-73.9312734332443, 40.63266581345058], [-73.93031282287619, 40.63272590325754], [-73.93004385884538, 40.63274309204022], [-73.92983547634438, 40.63275641072472], [-73.92963116227025, 40.632769748631475], [-73.92936123998962, 40.63278736748043], [-73.92836366503539, 40.63284664384223], [-73.92735749075923, 40.63290977835121], [-73.92642455925744, 40.63296730559007], [-73.92545580724276, 40.63302787191355], [-73.92448666150463, 40.63309010478352], [-73.92355611438268, 40.63314615057423], [-73.92258671670953, 40.63320855637316], [-73.92161781883433, 40.63327662761383], [-73.92120481988015, 40.633300426126006], [-73.92104152602252, 40.63330983530009], [-73.92095591366883, 40.63331476895801], [-73.92085891516439, 40.63332035749812], [-73.92068281298097, 40.63333050387693], [-73.92024199327471, 40.633353054129124]]]}",7743.66109392
"{'type': 'MultiLineString', 'coordinates': [[[-74.08248303329758, 40.598329807998624], [-74.08360775116246, 40.59791241337214], [-74.08465455546944, 40.597520875019015], [-74.08468495058906, 40.59750599129504], [-74.08471504635884, 40.597490759281264], [-74.08474483805634, 40.59747518168301], [-74.08477431741838, 40.59745926390977], [-74.08480347735978, 40.59744300866853], [-74.08483231315817, 40.59742641866463], [-74.08486081655045, 40.59740949930751], [-74.08488898045256, 40.597392254204784], [-74.0849168013237, 40.59737468606084], [-74.08494426971822, 40.59735679938554], [-74.08497138091734, 40.59733859958578], [-74.0849981290174, 40.59732008936771], [-74.08502450693453, 40.59730127233896], [-74.08505050876971, 40.59728215480779], [-74.08508901050482, 40.597251563458556], [-74.08512648582051, 40.59722024073153], [-74.08516291347703, 40.59718820645488], [-74.0851982675106, 40.59715548136089], [-74.08523252786559, 40.597122087078], [-74.08526566975978, 40.59708804433757], [-74.08529767431814, 40.597053373866615], [-74.08536387643461, 40.59697513320109], [-74.08542428734042, 40.59689421594493], [-74.08547872307228, 40.59681087168881], [-74.08552701385234, 40.59672535451507], [-74.08556901354811, 40.596637930194454], [-74.0856045925693, 40.596548864484745], [-74.08563364142496, 40.59645843393393], [-74.08585350596475, 40.59594098063649], [-74.08587511993852, 40.5958901209547], [-74.08631846162008, 40.594809737393106], [-74.08658059028978, 40.594152329362906], [-74.08685521761548, 40.593507203385805], [-74.08715399970235, 40.592783127519844], [-74.08738954468355, 40.59218985492997], [-74.08784609281261, 40.59136021477969], [-74.08836425179842, 40.590751711971386], [-74.08887113182337, 40.59017767854573], [-74.0893771200576, 40.58960490427288], [-74.08987961871904, 40.589036705124016], [-74.09038430845905, 40.58846949349359], [-74.09111747732021, 40.58763459625211], [-74.09161804732975, 40.587067525561196], [-74.09200289360004, 40.58662683574947], [-74.09205135297479, 40.58657134177301], [-74.092102455848, 40.58651416257757], [-74.09251126388402, 40.58605673719951], [-74.09261596854265, 40.585939809862026], [-74.09340699402472, 40.58524011163233], [-74.09402416456224, 40.584746381296185], [-74.0947103898898, 40.5842026125227], [-74.09543804528444, 40.58362355959022], [-74.0961689127383, 40.58304378610397], [-74.09682732616676, 40.58251699462645], [-74.09712008516392, 40.58228486071086], [-74.09771889820934, 40.58181287442793], [-74.09844000874115, 40.58124170637742], [-74.09908893762396, 40.58072522905759], [-74.09974044167924, 40.580207817362776], [-74.10039083462033, 40.57968866579902], [-74.10105235425722, 40.57916901535077], [-74.10167004248898, 40.57862378803413], [-74.10231607286028, 40.577944245870455], [-74.10297212400747, 40.57725383070939], [-74.10368897500487, 40.57650392224362], [-74.10377268668307, 40.57642048506771], [-74.10454243754921, 40.57565325133767], [-74.10508143745801, 40.5751105525736], [-74.10523234239177, 40.57496563793151], [-74.1056436771291, 40.57455704338751], [-74.10580317416665, 40.57439528836983], [-74.10642262589182, 40.57378588915801], [-74.10699163750381, 40.573219884834465], [-74.1075421300203, 40.57267353544893], [-74.10808829798394, 40.57213134788626], [-74.1086350535908, 40.5715856090666], [-74.10918377561342, 40.57104181988068], [-74.10976158307889, 40.570466380100484], [-74.11031093448312, 40.56991508618131], [-74.11088602494502, 40.569351514906586], [-74.11148239063779, 40.5687634798039], [-74.11203279431443, 40.56821427204174], [-74.11214035317072, 40.56810550605719], [-74.11261276367298, 40.56762778688116], [-74.1131546751759, 40.56708854181048], [-74.11376161211636, 40.566497188379145], [-74.11430477308231, 40.565947400420406], [-74.11489902615283, 40.56536698590587], [-74.11546552945445, 40.564805957484694], [-74.11636336450111, 40.56391563788292], [-74.11696242295561, 40.5633170449743], [-74.11754426408123, 40.562739825200254], [-74.11817694592592, 40.56213492289679], [-74.11910431017402, 40.561271494950475], [-74.12005266701026, 40.56039320671753], [-74.12057777399356, 40.55991955518502], [-74.12070952140655, 40.55982784226231], [-74.12085103512217, 40.55974441276019], [-74.12085112830225, 40.55974435863055], [-74.12085122267933, 40.55974431350492], [-74.12100091283396, 40.559670132625534], [-74.12100120775723, 40.559669989131145], [-74.12100152630971, 40.559669853716564], [-74.12115823440692, 40.559605444054476], [-74.12136098158805, 40.55954252634035], [-74.12157366305324, 40.55949583514557], [-74.12157374685209, 40.55949581704633], [-74.12157382948497, 40.55949580705305], [-74.12179309549802, 40.55946655978435], [-74.1220152304809, 40.559455409631475], [-74.1220153013245, 40.55945540955622], [-74.12201537098737, 40.55945540948221], [-74.1222364291966, 40.55946239664916], [-74.12223651184746, 40.55946239656117], [-74.1222365933341, 40.55946240547972], [-74.12238171477081, 40.559480028231306], [-74.122453018709, 40.559486949322405], [-74.12368247726903, 40.559633884712255], [-74.12387481849758, 40.559633875540534], [-74.12387498498045, 40.559633875360994], [-74.12387516207322, 40.55963386616472], [-74.12406820964036, 40.55962064518336], [-74.12406826985755, 40.55962064511832], [-74.12406832887729, 40.5596206360493], [-74.12425986512501, 40.55959413361215], [-74.12425999379266, 40.55959411636291], [-74.12426011299434, 40.559594088317645], [-74.12444751593428, 40.55955458733658], [-74.12444780981821, 40.55955452398129], [-74.12444809304034, 40.55955444172651], [-74.12462936927723, 40.55950245678373], [-74.12462946250257, 40.559502428766216], [-74.12462954628384, 40.55950240165951], [-74.1248028752817, 40.55943869030447], [-74.12496204316929, 40.559359028660324], [-74.1251129837026, 40.55926945105411], [-74.12511305447686, 40.559269414055414], [-74.1251131134287, 40.55926936896489], [-74.12525429776132, 40.55917062543344], [-74.12538440049077, 40.55906364500202], [-74.12550222416147, 40.55894957268528], [-74.12610298097923, 40.55840315950119], [-74.12669875501567, 40.55785433522387], [-74.12730057776751, 40.55729517207353], [-74.1281169716716, 40.55653443669523], [-74.12896141697244, 40.55576987182971], [-74.1297560241612, 40.55503262495947], [-74.13042459635146, 40.554437041652754], [-74.13108665354875, 40.55397375917742], [-74.13177828180385, 40.55348997084861], [-74.13316825947437, 40.55235617881221], [-74.13455868203076, 40.55125507732141], [-74.1352807603919, 40.55086323802346], [-74.13607343345384, 40.55043330017453], [-74.13738988125382, 40.54959236912196], [-74.13769731601695, 40.54938354589197], [-74.13841193704727, 40.54869183177317], [-74.1386526594377, 40.54848581675108], [-74.13941508259877, 40.547898116169065], [-74.13951323331091, 40.547831159804346], [-74.14044434215337, 40.54713198077161], [-74.14088487256141, 40.546803371683424], [-74.1414038299954, 40.54641959346642], [-74.14203258279184, 40.54594538300852], [-74.14271825294868, 40.545434086655945], [-74.14358469991144, 40.54473503433166], [-74.14375870692848, 40.544611552350226], [-74.14375888372682, 40.54461142605497], [-74.14375904870116, 40.54461129076924], [-74.14392217419056, 40.544478240543214], [-74.14407327467606, 40.54433635298153], [-74.14421091277532, 40.54418690778583], [-74.14421103052945, 40.54418677255874], [-74.14421114826608, 40.54418662922693], [-74.14433445264882, 40.54403062892751], [-74.14433449975027, 40.54403057483661], [-74.14444288251231, 40.5438690639313], [-74.14454852893624, 40.543692490531555], [-74.14454857599826, 40.543692418430076], [-74.14454862307981, 40.54369235533384], [-74.14467464617321, 40.54352248220585], [-74.1448197871628, 40.54336134876531], [-74.14481990491423, 40.54336121353757], [-74.14482004629402, 40.543361087285334], [-74.14498266824727, 40.54321052089683], [-74.14498271538667, 40.543210484816164], [-74.14512946727748, 40.54309602241448], [-74.14590266208666, 40.54242855268791], [-74.14710312144068, 40.541012399264076], [-74.14751279471189, 40.540519919577264], [-74.14787129022213, 40.54008895637727], [-74.14812391446297, 40.53979984031505], [-74.14854381981975, 40.53928833802983], [-74.14902428766456, 40.53871530352795], [-74.14933656826713, 40.538352516118984], [-74.14957060543793, 40.538087059864715], [-74.15001069368395, 40.537701059504485], [-74.15050950143116, 40.53726282186318], [-74.15070518287787, 40.5371028294159], [-74.15106275819144, 40.53680206923091], [-74.15142528330614, 40.536488973155436], [-74.15158437330628, 40.53635109940606], [-74.15201050253319, 40.53598689351584], [-74.1521122329449, 40.53589884556547], [-74.15262098229111, 40.53545851786683], [-74.15314906754662, 40.53499702308566], [-74.1533361414, 40.53483096802599], [-74.15361284022735, 40.534585519224], [-74.15397419846904, 40.534268148068335], [-74.15418341823043, 40.534048732589795], [-74.15438619505998, 40.533837150984745], [-74.15449460679447, 40.53372522609797], [-74.15502905722016, 40.53316020450504], [-74.15553157423739, 40.532630832370835], [-74.15602014100872, 40.53211509386355], [-74.156588809065, 40.531531433277564], [-74.1566887694214, 40.531428835590575], [-74.15679305147097, 40.53134182907759], [-74.15690813866031, 40.531262028144155], [-74.15703269642124, 40.53119055394121], [-74.15716510173621, 40.53112831729381], [-74.15730358593355, 40.5310760140059], [-74.15851066975472, 40.53056569071195], [-74.16037397531161, 40.52978317250489], [-74.16122606807481, 40.52942442293153], [-74.1613496168548, 40.529373423478006], [-74.16304559120654, 40.5286641036254], [-74.16395124463327, 40.52828066511161], [-74.1640965178353, 40.52822019321412], [-74.16485366003434, 40.527908758959555], [-74.16567890014123, 40.52756251592549], [-74.16644639911983, 40.527241258419714], [-74.1672765570128, 40.52689596749976], [-74.16733529879909, 40.526873646011396], [-74.16739444100638, 40.52685195067763], [-74.16745397302134, 40.52683088421491], [-74.16751388305505, 40.52681045114247], [-74.16757416050108, 40.52679065687843], [-74.16763479238374, 40.52677150324218], [-74.16769576691425, 40.52675299475304], [-74.16775707230171, 40.52673513502982], [-74.16781869793759, 40.52671792859018], [-74.16788063202424, 40.52670137635131], [-74.16794286041505, 40.52668548373673], [-74.1680053724949, 40.52667025256243], [-74.168068156473, 40.52665568644738], [-74.16813120055417, 40.526641787209456], [-74.16819659572798, 40.52662939828253], [-74.16826230735552, 40.52661802555247], [-74.16832830949234, 40.52660767536043], [-74.16839457264456, 40.52659835045086], [-74.16846107086549, 40.52659005626456], [-74.1685277770194, 40.52658279464195], [-74.1685946616147, 40.52657656922815], [-74.16866169987597, 40.52657138186033], [-74.16872886113167, 40.52656723618539], [-74.16879611942399, 40.52656413314185], [-74.1688634464371, 40.526562074572254], [-74.16893081502869, 40.526561059615865], [-74.168998195705, 40.526561091017676], [-74.16906556132135, 40.526562167016536], [-74.16970514339819, 40.526581385255156], [-74.17377032058586, 40.52670427934978], [-74.17475999493196, 40.52673561120867], [-74.17573202697993, 40.52676246700097], [-74.17671052448539, 40.52679727339998], [-74.17679552249949, 40.52680167489491], [-74.17705025677357, 40.526814802858034], [-74.17739286735402, 40.526814882699625], [-74.17773508770138, 40.52679735766488], [-74.1780746083275, 40.52676235561245], [-74.17840914629721, 40.5267102214145], [-74.18031091380946, 40.526089063283436], [-74.18098074016918, 40.5258413729756], [-74.1817642253792, 40.52555656630048], [-74.18269792699766, 40.525217377220166], [-74.18442199802354, 40.52459791843021], [-74.18523167199837, 40.524307374399925], [-74.18609816314589, 40.523996415682205], [-74.18721712386356, 40.52357852329982], [-74.18762876318506, 40.52343108277886], [-74.1884683469773, 40.52312761638783], [-74.18922554312232, 40.522853473071486], [-74.19000393967339, 40.52257164595279], [-74.19186950427476, 40.521933204190006], [-74.19242966750217, 40.52174149362264], [-74.19519008466706, 40.51999879166483], [-74.19619814023928, 40.51942383121435], [-74.19626074915944, 40.519395433106986], [-74.19632415644398, 40.51936808451917], [-74.19638833145413, 40.519341799010064], [-74.19645324237136, 40.51931659014073], [-74.1965188597267, 40.51929246786623], [-74.19658515169921, 40.51926944484736], [-74.19665208528295, 40.51924753194582], [-74.1967196310093, 40.519226739116824], [-74.19678775469256, 40.519207077224316], [-74.19685642567924, 40.51918855442462], [-74.1969256097811, 40.51917118068129], [-74.19699527398487, 40.51915496415473], [-74.19706538527204, 40.519139911204576], [-74.19713591063218, 40.519126030892025], [-74.19863195101273, 40.51882463761482], [-74.19898766286609, 40.51874827785429], [-74.19903833372368, 40.51873439746943], [-74.19908881695282, 40.51872012565668], [-74.1991391078434, 40.51870546602657], [-74.19918920285197, 40.51869041768494], [-74.19923909490589, 40.51867498334596], [-74.19928878046973, 40.51865916481704], [-74.19933825246811, 40.51864296391179], [-74.19938750854041, 40.51862638063469], [-74.1994365416139, 40.51860941769977], [-74.19948534697603, 40.5185920778172], [-74.19953391990612, 40.51857436099539], [-74.19958225569427, 40.51855627084494], [-74.19963034843985, 40.51853780737653], [-74.199678194613, 40.51851897419855], [-74.20100057930385, 40.51775511412502], [-74.20114142208661, 40.51766093931722], [-74.20278590571752, 40.51662342832801], [-74.20476205336604, 40.515358951180865], [-74.20624778108662, 40.5144151547879], [-74.20678389767654, 40.514072177353555], [-74.21043537583873, 40.5117360006351], [-74.21066674984527, 40.51156308834811], [-74.21091491537992, 40.51140234693714], [-74.21117813059702, 40.51125515731206], [-74.21145445247322, 40.51112269364087], [-74.21174172497687, 40.51100591437091], [-74.21203762614275, 40.5109055261252], [-74.21587397492516, 40.51010920226894], [-74.21806897354693, 40.509662921128445], [-74.22158272140997, 40.5089433630387], [-74.22321582480014, 40.508658610945275], [-74.2237444817776, 40.50861356889661], [-74.22471375243838, 40.50850003976205], [-74.22570400022873, 40.50839858954856], [-74.22765169907436, 40.50819902808047], [-74.23006417208627, 40.50775267723745], [-74.23306198030555, 40.50675612379223], [-74.23489563749966, 40.50618808458389], [-74.23632858556074, 40.50589954863121], [-74.23817666643455, 40.50552693461029], [-74.2393169165626, 40.505294572672334], [-74.23981008971134, 40.505193854183005], [-74.24049843413816, 40.50506085486443], [-74.24073318877, 40.50501272446809], [-74.24163827971094, 40.504831625234885], [-74.24253727049673, 40.50465165740941], [-74.24345048792074, 40.50446941902752], [-74.24432930196468, 40.50429131702757], [-74.24520113743594, 40.50411600584373], [-74.24609062731739, 40.50393984959313], [-74.24702239025628, 40.503756731584815], [-74.2479366279653, 40.50356986252468], [-74.24882877623203, 40.50338944586278], [-74.24970246818063, 40.50321207919997], [-74.25052101685483, 40.503041599178985], [-74.25136330385496, 40.502879056247856], [-74.25185153133751, 40.50280531364847]], [[-74.08199990112558, 40.59868243826427], [-74.0823079148493, 40.59845762228591], [-74.08248303329758, 40.598329807998624]], [[-74.07206547656774, 40.6000257521392], [-74.07222441092578, 40.59963948306355], [-74.07223980405185, 40.599611241104185], [-74.07225709288838, 40.59958364362549], [-74.07227623143748, 40.59955676449836], [-74.07229716779236, 40.5995306757964], [-74.0723198464992, 40.59950544689376], [-74.07234420619662, 40.59948114626772], [-74.07237018197496, 40.59945783879574], [-74.07239770537709, 40.59943558575545], [-74.07242670085625, 40.59941444752825], [-74.07245709168107, 40.59939448089448], [-74.07248879757103, 40.59937573813386], [-74.07252173233887, 40.59935827153008], [-74.07255580742708, 40.599342126164174], [-74.07259093309497, 40.599327345316794]], [[-74.07206547656774, 40.6000257521392], [-74.07205021292202, 40.59994750809865], [-74.0720386740012, 40.59986889340703], [-74.07203087526368, 40.59979001251633], [-74.07202682862149, 40.59971096807944], [-74.07202653771832, 40.59963186455508], [-74.07203000383201, 40.5995528037015], [-74.07203722115574, 40.599473890883154], [-74.07204818151699, 40.59939522876406], [-74.07206286965483, 40.59931692001229], [-74.07208126794775, 40.599239069098054], [-74.07210335049952, 40.59916177599388], [-74.0721290890537, 40.59908514247442], [-74.07215844944596, 40.599009269417174], [-74.07219139278605, 40.5989342568019], [-74.07228870967177, 40.598802630165544], [-74.07239716108243, 40.59865793795133], [-74.07246288315201, 40.598558507639886], [-74.07253585981032, 40.598462061545916], [-74.07261585744942, 40.59836890688154], [-74.07270262000758, 40.598279340066156], [-74.07279587369504, 40.598193646723686], [-74.07289531990219, 40.59811209808519], [-74.07300064229345, 40.59803495638769], [-74.07311150443431, 40.59796246497035], [-74.07322755570574, 40.59789485547507], [-74.07334842421204, 40.59783234424892], [-74.07347372740925, 40.59777512873602], [-74.07360306383984, 40.59772339198514], [-74.07373602257903, 40.597677298141576], [-74.07387218205571, 40.597636995149564], [-74.07394434461804, 40.597625339199645], [-74.07401690580826, 40.59761521833905], [-74.07408980775054, 40.59760663980844], [-74.07416299493083, 40.59759960994677], [-74.07423641065392, 40.59759413509369], [-74.07430999704118, 40.59759021978884], [-74.07438369739252, 40.59758786586965], [-74.07445745619025, 40.59758707607347], [-74.07453121555078, 40.59758785043767], [-74.07460491640829, 40.597590188100135], [-74.07467850442247, 40.59759408819575], [-74.07475192170567, 40.59759954716026], [-74.07482511155074, 40.597606560528355], [-74.07489801725029, 40.59761512383476], [-74.0759009146794, 40.59797244165168], [-74.07622870134439, 40.59809036427624], [-74.07667608130589, 40.59826797393003], [-74.07716401911065, 40.59840243758542], [-74.07844759630555, 40.598485614344504], [-74.07859373809819, 40.59849594254557], [-74.07948548129487, 40.59854375934299], [-74.07967610047577, 40.59855128178614], [-74.08076030166902, 40.598610445768436], [-74.08121267116573, 40.59861239629504], [-74.0816354543388, 40.59857373447358], [-74.08170183891733, 40.598565528560954], [-74.08176099475388, 40.59855763393083], [-74.08228250560752, 40.59841025136936], [-74.08248303329758, 40.598329807998624]], [[-74.07206547656774, 40.6000257521392], [-74.0718433285574, 40.599559452943105], [-74.07182859915034, 40.59935368822832], [-74.07183110825484, 40.59914698879782], [-74.07185092796749, 40.59894062884485], [-74.07188259069459, 40.59876551231582], [-74.07188794960166, 40.59873585835381], [-74.07194184945547, 40.59853392473474]], [[-74.07286054610003, 40.60187205947448], [-74.0728220004258, 40.60185152587866], [-74.07278490163701, 40.60182949738687], [-74.07274935258796, 40.60180603336987], [-74.07271544668261, 40.60178119500545], [-74.07268327615168, 40.60175505157709], [-74.07265292613572, 40.60172767147204], [-74.07262447941774, 40.60169912848222], [-74.07259801287772, 40.601669500906], [-74.07257359630547, 40.60163886614554], [-74.07255129595369, 40.60160730880948], [-74.07253117216634, 40.60157491260945], [-74.07251327938361, 40.60154176486298], [-74.07249766495842, 40.60150795469297], [-74.07248437033797, 40.60147357302694], [-74.07206547656774, 40.6000257521392]], [[-74.07286054610003, 40.60187205947448], [-74.07264646908577, 40.60186422627134], [-74.07230083246728, 40.601746451481226], [-74.0722745625677, 40.601740104913254], [-74.07224805349044, 40.60173436544178], [-74.07222133005176, 40.60172923845417], [-74.07219441588428, 40.601724727537444], [-74.07216733462263, 40.60172083807988], [-74.07214011226245, 40.601717573666974], [-74.07211277361495, 40.60171493518374], [-74.07208534231366, 40.601712927117816], [-74.07205784435222, 40.60171155125386], [-74.07203030454089, 40.60171080757633], [-74.07200274769168, 40.60171069787064], [-74.07197519861388, 40.60171122122073], [-74.07194768329916, 40.60171237761035], [-74.07192022537616, 40.60171416702472]], [[-74.07619788650698, 40.605427049226904], [-74.07630446225053, 40.605210592055144], [-74.0763264764086, 40.605160769557436], [-74.07633485088645, 40.60510681281268], [-74.07632810086683, 40.60505211957952], [-74.07630667949662, 40.60500030064834], [-74.0762728707306, 40.604954476605705], [-74.07574575809834, 40.60425035659564], [-74.07492044941598, 40.60322466237732], [-74.07428602282404, 40.60274035004326], [-74.0742398181296, 40.60269995094811], [-74.07419274220389, 40.6026601404378], [-74.07414481041764, 40.60262092840709], [-74.0740960334175, 40.60258232655485], [-74.07404642539146, 40.60254434387608], [-74.07399599934988, 40.60250699296866], [-74.07394477066107, 40.60247028192631], [-74.07389275233407, 40.60243422244641], [-74.07383995737513, 40.602398823524766], [-74.07378640233551, 40.60236409505542], [-74.07373210140365, 40.60233004693398], [-74.07367706876576, 40.60229668725496], [-74.07362131979244, 40.602264026813785], [-74.07356486985023, 40.60223207280373], [-74.07351808841774, 40.60220260252588], [-74.07347071925558, 40.60217368462488], [-74.07342277182116, 40.602145324497066], [-74.07337425675634, 40.6021175302397], [-74.07332518824514, 40.602090308146614], [-74.0732755757449, 40.60206366361423], [-74.07322543107855, 40.602037604739024], [-74.07317476724667, 40.602012136014615], [-74.07312359488974, 40.601987264637756], [-74.07307192700809, 40.601962995102134], [-74.07301977660507, 40.601939334602946], [-74.07296715431893, 40.60191628853594], [-74.07291407314989, 40.60189386139488], [-74.07286054610003, 40.60187205947448]]]}",68937.974275
"{'type': 'MultiLineString', 'coordinates': [[[-73.86988842284583, 40.855971067232126], [-73.86939125736428, 40.85655189442288], [-73.86927391279683, 40.856688982938365], [-73.86907624614938, 40.8569455609918], [-73.86887858983694, 40.85720213870849], [-73.86876752944987, 40.8573407799815], [-73.86841539703475, 40.85778035815158], [-73.86818830561168, 40.858063833876976], [-73.86782066454002, 40.85850315023314], [-73.86779245943451, 40.85856337879796], [-73.86763464361549, 40.8589097519362], [-73.8675941736847, 40.85898823734528], [-73.86748268483274, 40.85942300159722], [-73.86742620739963, 40.85956455696774], [-73.86740994203561, 40.859620368730816], [-73.86739367666225, 40.85967617148619], [-73.86719602545367, 40.860227577817966], [-73.8671505257531, 40.86035450728721], [-73.86679793529228, 40.86133813392117], [-73.8666330429738, 40.86171484660687], [-73.86661621583818, 40.86175328712013], [-73.86650087755177, 40.86201678502814], [-73.86648218068716, 40.86205950068796], [-73.86643628623207, 40.8621643484457], [-73.8662973154724, 40.862325299700636], [-73.86619763412449, 40.86244074682931], [-73.86555895909342, 40.86318042390049], [-73.86547626643376, 40.86324894490657], [-73.86450837989467, 40.86394685424369], [-73.86354938422336, 40.864655328666196], [-73.86258308625415, 40.86537356568178], [-73.8623715764107, 40.86553099035327], [-73.86154239726913, 40.86615362300656], [-73.86076421812457, 40.86672637181894], [-73.86050746818015, 40.86693062606799], [-73.85954603069713, 40.86774257441857], [-73.85857805683055, 40.86854920547408], [-73.8576158871611, 40.869383657015916], [-73.85745013490028, 40.869532520352124], [-73.85666245258359, 40.87036118558828], [-73.85650187913798, 40.870566365192], [-73.85603037345861, 40.87123352062166], [-73.85554909199318, 40.87181316666628], [-73.85454351106495, 40.87260435219148], [-73.8536363873982, 40.8733005990477], [-73.85362131860889, 40.87331208728641], [-73.85278034333288, 40.873953228360925], [-73.85215435812218, 40.87443419875151], [-73.85206424596088, 40.87450364604964], [-73.85143248005826, 40.87498727142719], [-73.85068955681965, 40.875486677400886], [-73.84988441177403, 40.87587504030617], [-73.84902884148975, 40.87617269742545], [-73.84816557078653, 40.87645182401539], [-73.84729874057277, 40.876733136625965], [-73.8463678397225, 40.87703471749669], [-73.84546083518391, 40.877346795538166], [-73.84479449219619, 40.87788207029051], [-73.84410084989227, 40.878443292383224], [-73.8434154420322, 40.87898912398566], [-73.84324113786514, 40.87910891256996], [-73.84273785254003, 40.87942490263965], [-73.84201454949145, 40.87987225894004], [-73.84127784686363, 40.88031754814862], [-73.84046213327063, 40.880622868612804], [-73.83965170907047, 40.88092595744306], [-73.83874273678819, 40.88126596701959], [-73.83782792443964, 40.88160814040455], [-73.83698743799361, 40.881939083391615], [-73.83664134413094, 40.88212002439013], [-73.83621837372789, 40.88239301122748], [-73.83560954998948, 40.8829452794289], [-73.83475583511212, 40.88355629304564], [-73.83434542039252, 40.88385002017616], [-73.83404698805195, 40.88399031970311], [-73.83361799713725, 40.88418563022618], [-73.83342246322148, 40.8842752889099], [-73.83342222565186, 40.884275396625576], [-73.83342197623986, 40.884275495319265], [-73.83321720360304, 40.884354316457596], [-73.8332171192715, 40.884354352355196], [-73.83321703614902, 40.884354379249736], [-73.83300454303452, 40.884421635595864], [-73.83300425804907, 40.88442172523232], [-73.83300396243042, 40.88442179684361], [-73.8327856145666, 40.88447683370142], [-73.83278538780964, 40.88447688740217], [-73.8327851622618, 40.884476932099794], [-73.83256256241262, 40.88451940057125], [-73.83256233805098, 40.88451944527018], [-73.83256211136171, 40.88451947195595], [-73.83233699238845, 40.884549194436275], [-73.83130254293393, 40.88471142281376], [-73.83065359058651, 40.884852938651846], [-73.8303369829006, 40.88496949206786], [-73.82953327299253, 40.88530333430723], [-73.82791367815663, 40.88599054241001], [-73.82777310610037, 40.886047018436486], [-73.82696747143787, 40.886359568592496], [-73.82672826648522, 40.88644534318488], [-73.8261127899076, 40.88666603658942], [-73.82529579994214, 40.88697638057855], [-73.82448936010313, 40.887422519322996]]]}",17592.5905234
"{'type': 'MultiLineString', 'coordinates': [[[-73.96616316750969, 40.71828387283053], [-73.96520241393051, 40.71778888766696], [-73.96472636195496, 40.71751981446649], [-73.96339166215364, 40.71676539164704], [-73.96191191833822, 40.715929265110354], [-73.96043674816407, 40.715306091727726], [-73.95947403754799, 40.71499759319532], [-73.95881153598864, 40.71482445106592], [-73.95755915978724, 40.7144988938926], [-73.9562691949948, 40.71415837833949], [-73.95599388126266, 40.71409198684736], [-73.9553294010933, 40.71407267612434], [-73.95465594776168, 40.71407497929019], [-73.9543390412634, 40.71407170224423], [-73.9534847213225, 40.714070207570416], [-73.95325272954923, 40.71406562905716], [-73.95316497586975, 40.71406509810893], [-73.95303149425321, 40.71406284648139], [-73.95291049794085, 40.71406098702636], [-73.95162366348872, 40.714066360815806], [-73.94937231890819, 40.714066878587175], [-73.94771891101531, 40.71421569638442], [-73.94606995133643, 40.71437202078777], [-73.94438746517662, 40.714531601250336], [-73.94270638192232, 40.714689482872906], [-73.94246200528673, 40.714704911910445], [-73.94206584949458, 40.7147288658252], [-73.94132376034528, 40.714709580165355], [-73.93875476733025, 40.71459272373011], [-73.9372946934196, 40.714536601335816], [-73.93528872227301, 40.71445703875516], [-73.93344184021116, 40.714384980528266], [-73.93241791992476, 40.714353460457424], [-73.93227822509762, 40.71435245804349], [-73.93136746885605, 40.71425249059402]]]}",10082.6514756
"{'type': 'MultiLineString', 'coordinates': [[[-74.03086093719753, 40.616036249903296], [-74.03112621909845, 40.615993985371794]], [[-74.03086093719753, 40.616036249903296], [-74.03118608136903, 40.61570199685857]], [[-73.97631628462348, 40.68250861214372], [-73.97659584774496, 40.682118397332644], [-73.97702316895897, 40.68148690423738], [-73.9774545756974, 40.68085285825099], [-73.97781573395972, 40.68031280897315], [-73.97788602813397, 40.68021678264995], [-73.97824904860445, 40.67967964099075], [-73.97832164829056, 40.67957924733519], [-73.97867669847201, 40.67904704660878], [-73.979105608972, 40.678412064455436], [-73.97917724935887, 40.67831076955617], [-73.97959806803736, 40.6776799984556], [-73.98003167802673, 40.67704893172034], [-73.980460029782, 40.67641241249585], [-73.98088902318365, 40.675778369051734], [-73.98132614554528, 40.67514568505805], [-73.98177482760104, 40.674601882014464], [-73.98227686951823, 40.67400014718339], [-73.98278109154674, 40.67339875984557], [-73.98328198137358, 40.672795875817066], [-73.98378623283008, 40.67219330612016], [-73.9842886182317, 40.671591092321165], [-73.9847898709218, 40.670989193117904], [-73.98529421367746, 40.67038520198739], [-73.98579538927667, 40.66978245092388], [-73.98630429192393, 40.669172665528826], [-73.9867997720311, 40.66857835526263], [-73.98730086016768, 40.66797541740125], [-73.98780391523066, 40.667373585158046], [-73.9883066067448, 40.666769940599465], [-73.9888092413147, 40.66616951764331], [-73.98931273057948, 40.66556633785057], [-73.98981472063956, 40.66496334388728], [-73.99054502725022, 40.66416516092021], [-73.99065052852426, 40.664057891965406], [-73.99071343755782, 40.66400299169588], [-73.99073747121936, 40.66397655538216], [-73.99108906779277, 40.66358978447687], [-73.99167274842982, 40.66302867967921], [-73.99225494092244, 40.662468744255705], [-73.99283830621715, 40.661908480836345], [-73.99342089299445, 40.66134895280131], [-73.99400419129925, 40.660789836054434], [-73.99458790575595, 40.66022793373756], [-73.99516890219789, 40.659669522312306], [-73.99575278504334, 40.65910783014299], [-73.99633560795333, 40.65854721555984], [-73.99691824237404, 40.65798963272376], [-73.99750144659531, 40.65742847186163], [-73.99809100267053, 40.656864687608014], [-73.9986704151365, 40.65630686160099], [-73.9992565696361, 40.65574571878106], [-73.99983786634115, 40.65518615784102], [-74.0004131821271, 40.65462870115886], [-74.00099519245921, 40.65406723420451], [-74.00216556048501, 40.65294931431786], [-74.00275058826846, 40.65238483238923], [-74.0031706411003, 40.6519802461701], [-74.00332660663916, 40.65183296395709], [-74.00345707853691, 40.651706766111886], [-74.00390815864662, 40.651265969128225], [-74.00449022970824, 40.65070538478698], [-74.00507350656812, 40.65014666238246], [-74.00566250238413, 40.649578383111816], [-74.0062409206278, 40.64902242584645], [-74.00682351796897, 40.64846488137815], [-74.00740505425898, 40.64790502956641], [-74.00798795336526, 40.6473447154195], [-74.00856800340728, 40.64678864893881], [-74.00915282050522, 40.64622673565716], [-74.0097353711257, 40.64566683581706], [-74.010318939297, 40.64510666274343], [-74.01090222465743, 40.64454699909424], [-74.01148370549389, 40.64398661311699], [-74.01206573083572, 40.64342519751576], [-74.01264921151437, 40.64286578692842], [-74.01323203314944, 40.64230518473645], [-74.01381390056461, 40.64174524695346], [-74.01439632340788, 40.641185836526226], [-74.01497963708033, 40.640625468447816], [-74.0155626670548, 40.6400666363991], [-74.01616711457564, 40.63948244064651], [-74.01676837176679, 40.638899008484344], [-74.0173511012261, 40.63834114976746], [-74.0179312314938, 40.63778098223868], [-74.01852040586358, 40.637216947965726], [-74.01870014990543, 40.637041421262985], [-74.018783234643, 40.63696028538177], [-74.01887440734866, 40.636871703523106], [-74.01892465717125, 40.636825994832456], [-74.0189652162087, 40.63678481732828], [-74.01898717233783, 40.63676361909288], [-74.01905406050949, 40.63669904532827], [-74.0191392431592, 40.636619839551486], [-74.01918487105699, 40.63657561557015], [-74.01970390091705, 40.636080351364015], [-74.02012665565589, 40.63567378568864], [-74.02015258172793, 40.63556675266586], [-74.02039216974856, 40.63496479451006], [-74.0205066795849, 40.63470634318567], [-74.02072193237282, 40.63416900897501], [-74.02101222292274, 40.63346837940324], [-74.02137456331069, 40.632578600511074], [-74.02173709467225, 40.631687882913184], [-74.02202374830775, 40.63098801672517], [-74.02229638931175, 40.63032309264373], [-74.0226379226929, 40.62948628115752], [-74.02295953763705, 40.628701315476505], [-74.02325796274384, 40.62797141129847], [-74.02355675989908, 40.627242523798984], [-74.0238532933716, 40.626514473418354], [-74.0241534348184, 40.625780414989414], [-74.02444889015203, 40.62504844592163], [-74.02475042724794, 40.624320752197875], [-74.02504734704951, 40.62358917739019], [-74.02534486376578, 40.62285939366167], [-74.02566164215635, 40.62214065419195], [-74.02621402589924, 40.6214916776543], [-74.02677000485852, 40.62084625463452], [-74.02722013313881, 40.62032235221432], [-74.02771303825641, 40.61974854886026], [-74.02820524858576, 40.61917266332448], [-74.02870074618502, 40.61859355186069], [-74.02930182104592, 40.61789600999977], [-74.03048495066207, 40.61651863407866], [-74.03086093719753, 40.616036249903296]]]}",29046.744025
"{'type': 'MultiLineString', 'coordinates': [[[-73.74442030343398, 40.71579437525271], [-73.74390695682132, 40.715632087468336], [-73.74309638987975, 40.715413788911405], [-73.74303888434551, 40.7153983068048], [-73.74164140177542, 40.715016837041404], [-73.7410727127839, 40.714852089034196], [-73.74021532374852, 40.71460032776775], [-73.73892866624129, 40.714222442919315], [-73.73811772401986, 40.71398524256296], [-73.73807249718661, 40.71397182106139], [-73.7366599187948, 40.71355252471545], [-73.73579268161753, 40.7132857142947], [-73.73491115277965, 40.71302547418428], [-73.73442936680807, 40.71291312317435], [-73.7340925615786, 40.712831758638295], [-73.7340388846806, 40.71281879330052], [-73.73298586904195, 40.7125602312787], [-73.73200875712567, 40.71232189078881], [-73.73117060758699, 40.71211675338197], [-73.73028339485056, 40.7118773023592], [-73.72958792213122, 40.71170046659234], [-73.72937891610786, 40.71162770010951], [-73.72926224018317, 40.711584408162096], [-73.72848670938824, 40.71130133275334], [-73.72836242968557, 40.71125694133678], [-73.72826026601759, 40.71121891460471], [-73.7281700745681, 40.71118189761415], [-73.72773002877952, 40.711002888865174], [-73.72749858253601, 40.71091153327232], [-73.7274407663612, 40.71088991910911], [-73.72697146760343, 40.71071450327525]], [[-73.74558768631762, 40.715971111362855], [-73.74548803101527, 40.7159601119405], [-73.74449123282643, 40.71573547698402], [-73.74442030343398, 40.71579437525271]], [[-73.74475624561693, 40.7161642142484], [-73.74474257676253, 40.716130045456325], [-73.74473353294097, 40.716059136940615], [-73.74470406499248, 40.71598802104111], [-73.74465407872367, 40.71592183946819], [-73.7445864088836, 40.715865479270455], [-73.74450634396801, 40.715822491173874], [-73.74442030343398, 40.71579437525271]]]}",5705.38050251
"{'type': 'MultiLineString', 'coordinates': [[[-73.78833771269487, 40.673546866276126], [-73.78824733428661, 40.673478592916496], [-73.7881716687955, 40.673396748757725], [-73.78811560776553, 40.67330440279632], [-73.78808240539236, 40.67320585832536], [-73.78807309742156, 40.67310603139766], [-73.78808647423159, 40.67300962589695]], [[-73.78833771269487, 40.673546866276126], [-73.78821555258362, 40.67348642565396], [-73.78809278959481, 40.67342669700087], [-73.78796943081403, 40.673367683029475], [-73.7878454845009, 40.67330938915628], [-73.78772095656089, 40.67325181719135], [-73.78759585525911, 40.6731949707501], [-73.78747018767793, 40.67313885344582], [-73.78734396208517, 40.67308346799358], [-73.78721718438024, 40.67302881800453], [-73.78708986164533, 40.672974907091955], [-73.78696200215069, 40.67292173707053], [-73.78683361415823, 40.672869312456314], [-73.78670470356987, 40.67281763596004], [-73.78657527865298, 40.6727667102969]], [[-73.80968985449934, 40.705746255617655], [-73.8092678962875, 40.704847943257064], [-73.80878818062571, 40.70382195750609], [-73.80843889815523, 40.70302709651995], [-73.80792714640532, 40.70176553313396], [-73.80788090070988, 40.70118807333935], [-73.80774200945872, 40.70058168823795], [-73.80746516651642, 40.7000049134757], [-73.80726810461024, 40.69959447144396], [-73.80695729461516, 40.69901551417571], [-73.80646575625552, 40.6984084362673], [-73.80573925721515, 40.69726190102145], [-73.80549495214261, 40.696865794168254], [-73.80448983795445, 40.69616930800074], [-73.80371026199688, 40.69563791011637], [-73.80291206600204, 40.6950898614094], [-73.80211252638202, 40.69454449823611], [-73.8014169836779, 40.69406665666475], [-73.80068130839395, 40.69386180544995], [-73.80051362377641, 40.69376767313282], [-73.80018797537726, 40.693589210535826], [-73.7997484192943, 40.69334781177195], [-73.79943678517199, 40.693050594358134], [-73.79923855761551, 40.69286583220881], [-73.79882341381372, 40.69248036209351], [-73.79827713325234, 40.69193363050478], [-73.79803103034565, 40.69162093613411], [-73.79779406243463, 40.69128112474052], [-73.79760126669198, 40.69100164402982], [-73.79733261630444, 40.69062833978297], [-73.79715345652676, 40.69040606504634], [-73.7967669446506, 40.689967102154775], [-73.7966471986688, 40.68984984159252], [-73.7961012712282, 40.68928174882094], [-73.79561486734747, 40.688656891561415], [-73.79521094879584, 40.688094665799696], [-73.79477837377635, 40.68747068411237], [-73.79437087228364, 40.686912582272434], [-73.79390841655221, 40.686304690050704], [-73.79356440589534, 40.6858491236538], [-73.79325350050419, 40.68543738977336], [-73.7928428990712, 40.68489710518895], [-73.79280098691096, 40.68484195595144], [-73.79272054680125, 40.68464768677415], [-73.79263716187248, 40.684372692641915], [-73.79257451940433, 40.68416610663908], [-73.79258159624266, 40.68338936092282], [-73.79259784380766, 40.6832181822109], [-73.79265957392322, 40.68256783414929], [-73.79248895504868, 40.68184803180942], [-73.79228665420219, 40.68114598417983], [-73.79209252503536, 40.680476288451416], [-73.79186823412276, 40.67974680649241], [-73.79170974795771, 40.679309949090474], [-73.79145857529147, 40.678649424168995], [-73.79120613805782, 40.67798297093965], [-73.79112837332391, 40.677773243438025], [-73.79095229736356, 40.677324745270546], [-73.7906625727397, 40.676670361941945], [-73.79034356552879, 40.6760396530982], [-73.78988967144853, 40.6752016861112], [-73.78971689096386, 40.67494208175329], [-73.78952659693738, 40.67468860462788], [-73.78931938712695, 40.67444227873096], [-73.78909598361851, 40.67420407425213], [-73.7888572387967, 40.67397488867692], [-73.78860412580099, 40.673755571986156], [-73.78833771269487, 40.673546866276126]]]}",14338.9626383
"{'type': 'MultiLineString', 'coordinates': [[[-73.90827570608523, 40.65049857237432], [-73.90761503346576, 40.64989589420201], [-73.90754641375327, 40.64983425263245], [-73.90637218850785, 40.64877938134426], [-73.90588893983384, 40.648345144271126], [-73.90579983759399, 40.64826507829098], [-73.90509580266479, 40.647606850991004], [-73.90398200520129, 40.64662856689613], [-73.90343569455082, 40.64614316229312], [-73.90231269756677, 40.64513470474325], [-73.90138034245027, 40.64429669681693], [-73.90066994158308, 40.64365991397081], [-73.89991439150744, 40.642978260467785], [-73.89940579411775, 40.64252368414439], [-73.8988281541729, 40.64200524485635], [-73.89813947832367, 40.64138712944204], [-73.89701135397038, 40.640374564374454], [-73.89636841012113, 40.639797547338546], [-73.89519132368022, 40.63874125207296], [-73.89337485637711, 40.637108103003825], [-73.89155671876941, 40.635475102494375], [-73.88975480488914, 40.63385576731574], [-73.88969542323525, 40.63380239959031], [-73.88964051714129, 40.63375316951564], [-73.88893460240142, 40.6331201915713], [-73.88888858368117, 40.63307892581085], [-73.88881777468012, 40.633015432843585], [-73.88878383611967, 40.63298500116969], [-73.88872285891824, 40.63293032203616], [-73.88869633131591, 40.63290653524061], [-73.88860401007452, 40.63282375108726], [-73.88856790357381, 40.63279137482688], [-73.8883583621679, 40.63260347708353], [-73.88832702176242, 40.63257537293831], [-73.88817150627229, 40.63243591945216], [-73.88793643057815, 40.632224931974285], [-73.88788765376121, 40.63218115337052], [-73.88765815290277, 40.63197516593662], [-73.88761601286659, 40.63193734433698], [-73.8872843551705, 40.63163966525557], [-73.8872437203343, 40.631603193071925], [-73.88707431969125, 40.63145114600013], [-73.88635712564792, 40.63082080468708]]]}",9402.23125198
"{'type': 'MultiLineString', 'coordinates': [[[-73.90477244558336, 40.712865799770164], [-73.90380184538054, 40.71334837814178], [-73.90285443242797, 40.713793119401956], [-73.9024330605263, 40.71400341059034], [-73.90204508430999, 40.71419703317981], [-73.90115752604737, 40.714622315296495], [-73.90071774999475, 40.71483570826185], [-73.89990431389154, 40.71523609684058], [-73.89926420224451, 40.71554439122459], [-73.89860294435339, 40.71586712112049], [-73.89782401448255, 40.71623638028786], [-73.89750226464155, 40.71638386809873], [-73.89423532496852, 40.71792437952307], [-73.89375791078551, 40.71820619599638], [-73.89251224869942, 40.71880619359593], [-73.89212981130242, 40.71898677549146], [-73.89116014460461, 40.719460278840316], [-73.8900920380893, 40.719956876322534], [-73.88966441341185, 40.72015568812941], [-73.88884058944359, 40.720536604030954], [-73.88841098166588, 40.72073626294321], [-73.88804079836893, 40.72090831617411], [-73.88763968571547, 40.72109451926927], [-73.88723971981756, 40.72128018358248], [-73.8868734162359, 40.721450137763384], [-73.88643885770172, 40.72165175745736], [-73.8860311387652, 40.72184067426708], [-73.88564075933961, 40.722021554491725], [-73.88491154638494, 40.72235938371346], [-73.88454928557717, 40.7225254803446], [-73.88403671628795, 40.722765644593544], [-73.88323546370718, 40.72313700664694], [-73.88283548505663, 40.723322690740645], [-73.88243481709979, 40.72350869602176], [-73.8820329859512, 40.7236952588317], [-73.88163409041368, 40.72388045267843], [-73.88123367719174, 40.724065870503885], [-73.88083266942105, 40.72425156457675], [-73.8804310185823, 40.72443818320762], [-73.88002633281054, 40.724626203869335], [-73.87966077495663, 40.72479541543301], [-73.87963638305364, 40.7248067003426], [-73.87920043099142, 40.72500849833038], [-73.8787548683441, 40.725214921270805], [-73.87836814553927, 40.72539408498549], [-73.87799410160132, 40.72555823042352], [-73.8775557778068, 40.72575058231714], [-73.87665498183779, 40.7261830263732], [-73.87629681167786, 40.7263549636976], [-73.87588769345254, 40.72654609790056], [-73.87549981505313, 40.72672729487722], [-73.87502340712555, 40.72694572782468], [-73.87470829592957, 40.72709019725342], [-73.87378274000628, 40.72752036759629], [-73.87324210702371, 40.72791170345473], [-73.8716056776702, 40.72911203382838], [-73.87150462597985, 40.72918988722619], [-73.87146074320869, 40.72932637350762]]]}",11043.7542469
"{'type': 'MultiLineString', 'coordinates': [[[-73.95246092853588, 40.798242493924924], [-73.95239684938885, 40.79830697116244], [-73.95217245916567, 40.79861628000563], [-73.95201557562001, 40.79883253369092], [-73.9515292567596, 40.79945872662548], [-73.95145133727121, 40.79957194964053], [-73.95141409036688, 40.799626071968795], [-73.95109443638667, 40.80009054942094], [-73.9509688207378, 40.80026288133731], [-73.95092826935361, 40.80031689583849], [-73.95063590967065, 40.80071959583432], [-73.95043225868714, 40.800996998168515], [-73.95040001614376, 40.801040918753394], [-73.95018652344012, 40.80133172393643], [-73.94968015187398, 40.80202338445881], [-73.94918716075053, 40.80269954199236], [-73.9487279919753, 40.8033307685002], [-73.94827301334294, 40.80395720434622], [-73.94808945003875, 40.80420831865729], [-73.94793589859997, 40.80441843661412], [-73.94781298723116, 40.80458662570833], [-73.94735193551652, 40.80521317211634], [-73.9469000484488, 40.80583888337965], [-73.94643801657207, 40.806469098696176], [-73.9459776597656, 40.80709814403943], [-73.94548195195377, 40.807772627022665], [-73.94499360646009, 40.808446183805906], [-73.94453778933455, 40.80907023571835], [-73.94408368291707, 40.80969337709669], [-73.94362573866036, 40.81031794564225], [-73.94331953782296, 40.81073889261059], [-73.9431718515133, 40.810941920881696], [-73.94272057331767, 40.81156802164665], [-73.94224932313516, 40.81220070942992], [-73.94180335845765, 40.812815065758784], [-73.94149219601304, 40.81323975398121], [-73.941347530588, 40.813437195586], [-73.94085555139354, 40.814105941770016], [-73.94036884771118, 40.814774311207174], [-73.93990920625102, 40.81540280780993], [-73.9394569081032, 40.816026418478444], [-73.93899151886123, 40.81666227525068], [-73.93853848471333, 40.81728134150222], [-73.93822286361191, 40.8177141929468], [-73.93808871693547, 40.81790064450001], [-73.9376437347053, 40.818510592112325], [-73.93751605997785, 40.818684703368504], [-73.9374640698322, 40.81875966224244], [-73.93743893235592, 40.818795192110116], [-73.9374075152734, 40.818834185475495], [-73.93717843408034, 40.81914137698091], [-73.93703107756774, 40.81934719334874], [-73.93697627746103, 40.81942177225204], [-73.93672042608125, 40.81976997030412], [-73.93629279904418, 40.820353364611115], [-73.93626043320884, 40.82039508833626], [-73.93622694578639, 40.82043825492756], [-73.93574419943948, 40.82110565996593], [-73.93528598423538, 40.82173054894929]]]}",9790.12395535
"{'type': 'MultiLineString', 'coordinates': [[[-73.94114917183727, 40.70028112707973], [-73.94143095320919, 40.699934321443756], [-73.94130880694095, 40.69929247398911], [-73.9411503528248, 40.69854113159277], [-73.94107573023946, 40.69817421382294], [-73.94105514004838, 40.6980729730668], [-73.94103850937155, 40.69799120341482], [-73.94101903727007, 40.69789545724956], [-73.94096639843154, 40.697636631060625], [-73.94093882513637, 40.697501056453596], [-73.94090103132487, 40.69731521628033], [-73.9408322073473, 40.696976804297286], [-73.94081035977212, 40.696869376313174], [-73.94070625114982, 40.69635305340132], [-73.94055657018357, 40.695615639047695], [-73.94041185808662, 40.6948808970222], [-73.94026548726154, 40.69414839796203], [-73.94011786529197, 40.693416204169644], [-73.94008823646232, 40.69326792467701], [-73.94006857781102, 40.69316954419421], [-73.93996978543805, 40.692683701904095], [-73.93982322125785, 40.69195069948594], [-73.93968061553606, 40.69121871466564], [-73.9395337781338, 40.690484872318756], [-73.93938872439058, 40.68975628064829], [-73.93924249337958, 40.68902355384761], [-73.93909616205323, 40.68828890144106], [-73.93895074288004, 40.68755640959571], [-73.93880456903244, 40.68682474556951], [-73.93865905150285, 40.686090389102695], [-73.938519294847, 40.68535451539379], [-73.93836816556623, 40.68462560173247], [-73.93822325903409, 40.68389329800893], [-73.93807695874234, 40.68316090323355], [-73.9379322135335, 40.68242734737976], [-73.93778801513521, 40.68169433188027], [-73.93764243435581, 40.68096300835044], [-73.93739763702105, 40.67972989993127]]]}",7594.15199311
"{'type': 'MultiLineString', 'coordinates': [[[-73.80250847899075, 40.77119827462242], [-73.80276089016397, 40.76933946013802], [-73.80294815489204, 40.76796141236987], [-73.80329498368481, 40.76543338495892], [-73.80369198358235, 40.76250577647779], [-73.80374079760509, 40.76213336508386], [-73.80378229614418, 40.76183191012196], [-73.80384325983961, 40.7614073448829], [-73.80399971294933, 40.760270486293834], [-73.80420702422958, 40.75874716300501], [-73.804527533248, 40.7563985369934], [-73.80488572960313, 40.75376497959264], [-73.80517422647517, 40.75164016942833], [-73.80539953760061, 40.74997272917684]]]}",7774.52972602
"{'type': 'MultiLineString', 'coordinates': [[[-73.9596966585927, 40.65483921454195], [-73.95630035103466, 40.65504828107895], [-73.95295919967481, 40.65524930032676], [-73.95006664948625, 40.655422997401864], [-73.94715896321073, 40.65559378716097], [-73.94507909432453, 40.65572204606095], [-73.94487284407799, 40.65573476175232], [-73.94428788799065, 40.65577005393394], [-73.94365193155689, 40.65580978113007], [-73.9433548885629, 40.655828335364646], [-73.94240147905349, 40.65588481058173], [-73.94146261046448, 40.65594424799899], [-73.94053214686966, 40.65600153886817], [-73.93955925343201, 40.65606275319284], [-73.938593489771, 40.65612237818536], [-73.9382040380596, 40.656148015350276], [-73.9376358399416, 40.65616757588646], [-73.93712063853228, 40.65621590260395], [-73.93668469540238, 40.656241823480094], [-73.93617927753861, 40.656273971775434], [-73.93571813372233, 40.65630329696787], [-73.93478437432192, 40.65636039541866], [-73.93381012097298, 40.65642299216935], [-73.93284657407216, 40.65647848183969], [-73.9319074393182, 40.6565376520033], [-73.93090354988094, 40.656610355416255], [-73.92989802383754, 40.656684435867085], [-73.92896419498462, 40.65674261267663], [-73.92799465187643, 40.65680210132383], [-73.92702495223658, 40.65686149164815], [-73.92608994651549, 40.656920779029456], [-73.92514155283096, 40.6569798249692], [-73.92465429174091, 40.65700712568034]]]}",9755.34239469
"{'type': 'MultiLineString', 'coordinates': [[[-73.93134541910884, 40.69442169896104], [-73.93120322781245, 40.69369190131423], [-73.93105325585492, 40.692961162227746], [-73.93090708888668, 40.69222768760067], [-73.93076092295064, 40.69149517626818], [-73.93061691455304, 40.69076154033968], [-73.93046966418112, 40.6900302345328], [-73.93032510543324, 40.68929726414808], [-73.93017997048351, 40.6885651396459], [-73.93014355334509, 40.68838147038611], [-73.93012502123555, 40.688288002021906], [-73.93003469500898, 40.68783242947251], [-73.92988764975077, 40.68709941179389], [-73.92974999029464, 40.686366021372955], [-73.92959057545474, 40.685635048797096], [-73.92951353276776, 40.685226478938205], [-73.92945249407268, 40.68490276525734], [-73.92930916526505, 40.684168803303855], [-73.92916130744106, 40.68343632416379], [-73.9290088405151, 40.68270290538718], [-73.92886709179355, 40.68197043850687], [-73.92872655631515, 40.68123682848221], [-73.92857454210198, 40.68049741177927], [-73.92856531044758, 40.6804437957133], [-73.92855832883616, 40.6803899829301], [-73.92855360666636, 40.68033602836729], [-73.92855114860626, 40.680281986058894], [-73.9285509557735, 40.68022791183764], [-73.92855302810362, 40.68017386063495], [-73.92855736553334, 40.68011988648153], [-73.928563962082, 40.68006604610587], [-73.92857281177297, 40.68001239263417], [-73.92858390507831, 40.67995898189193], [-73.92859723010612, 40.67990586790204], [-73.92861277496596, 40.679853103786655], [-73.92863052303387, 40.679800744466064], [-73.92865045650537, 40.67974884305852], [-73.92880735483526, 40.67956664905764], [-73.92905728256467, 40.679276433360435]], [[-73.93134541910884, 40.69442169896104], [-73.93114516428342, 40.69467397510717]], [[-73.9312119990827, 40.694712769549966], [-73.93123209992972, 40.69469596898526], [-73.93125079497797, 40.69467825265614], [-73.93126801080368, 40.69465968895828], [-73.93128368344551, 40.69464034899478], [-73.93129775130502, 40.69462030747202], [-73.93131016106399, 40.69459964090243], [-73.93132086413388, 40.694578428502545], [-73.93132982020573, 40.69455675219563], [-73.93133699370209, 40.69453469480793], [-73.93134235969103, 40.69451234187376], [-73.93134589442381, 40.694489778927796], [-73.93134758598205, 40.694467092412445], [-73.9313474271781, 40.69444437057374], [-73.93134541910884, 40.69442169896104]], [[-73.93147184527919, 40.69486090225897], [-73.93134541910884, 40.69442169896104]]]}",5999.67654735
"{'type': 'MultiLineString', 'coordinates': [[[-73.95563820711334, 40.64050392575014], [-73.95525039359202, 40.640529441167665], [-73.95428061286749, 40.64058938453056], [-73.95330876178852, 40.64064906853043], [-73.95237621712423, 40.64070713786786], [-73.95140598209734, 40.640766940633924], [-73.95041911066386, 40.64082884516175], [-73.94948618338752, 40.640885955259655], [-73.9485146903501, 40.64094537197173], [-73.94754496829266, 40.641005475584514], [-73.94661146720351, 40.641064364037504], [-73.94613103666643, 40.64109437129447], [-73.94562758187453, 40.64112560747535], [-73.94465340616959, 40.64118557473641], [-73.94372044515438, 40.64124284606409], [-73.94275063258576, 40.641303260407575], [-73.94178194927008, 40.641365405145216], [-73.94084860432592, 40.64142339050519], [-73.93991368647546, 40.64148024182017], [-73.93898089419811, 40.64153791513971], [-73.93801223911889, 40.64160290979903], [-73.93704133040221, 40.64165879982794], [-73.93610768427817, 40.64171527870122], [-73.93513872281763, 40.64178465252319], [-73.93416959766064, 40.6418381590545], [-73.93323426671041, 40.64189461363587], [-73.93226407254885, 40.64194998737389], [-73.93129287259, 40.642015032000764], [-73.93035927443057, 40.64207270695092], [-73.92935451203978, 40.64213431902316], [-73.92834752595364, 40.64219748963506], [-73.92741569679222, 40.64225331283873], [-73.92644653644345, 40.64231616558739], [-73.92550278395322, 40.642375155301934], [-73.9253823314005, 40.64238453265291], [-73.92518619085308, 40.64239729073765], [-73.92454228419312, 40.642439177293106], [-73.9235652599261, 40.642499298144735], [-73.92349463574845, 40.642508309498396], [-73.92342429625764, 40.642518528593676], [-73.9233542757387, 40.64252995095149], [-73.92328461084354, 40.642542570293074], [-73.92321533704161, 40.64255638033926], [-73.92314648743947, 40.64257137390865], [-73.92307809868905, 40.642587544722915], [-73.92301020508324, 40.64260488199962], [-73.92294283972785, 40.64262337945815], [-73.92287603928044, 40.642643026317806], [-73.9228098356678, 40.642663813595824], [-73.92274426200127, 40.64268573050926], [-73.9226793525765, 40.642708764474946], [-73.922615140503, 40.642732906511156]]]}",9208.93995986
"{'type': 'MultiLineString', 'coordinates': [[[-73.88036362667174, 40.809398477704775], [-73.88061792841172, 40.809490213968935], [-73.88121212602498, 40.81005926746461], [-73.88162121592501, 40.810450593744136], [-73.88185960200126, 40.81085194819376], [-73.88209246215399, 40.81092206435029], [-73.88284016077827, 40.81163691277356], [-73.88376511149673, 40.812535591683734], [-73.8841737182021, 40.81294951163354], [-73.8854002956361, 40.814106445453284], [-73.88587440113587, 40.814595912165856], [-73.88603618534819, 40.814752084336824], [-73.88615309524226, 40.814859709364434], [-73.8864518214795, 40.81513454139434], [-73.88700787720718, 40.81566543577805], [-73.88775939724329, 40.81638268763047], [-73.88791180502218, 40.81652553143039], [-73.8879665568548, 40.81660242229417], [-73.88799643618508, 40.8166633861868], [-73.88801753845208, 40.816699005149985], [-73.8883594903105, 40.81726514720353], [-73.88838357279798, 40.81730501662756], [-73.88841382310468, 40.817355100053675], [-73.8884391054098, 40.817396957123755], [-73.8884624716817, 40.817435642583824], [-73.88848852236535, 40.81747877188801], [-73.88851006009646, 40.81751442989834], [-73.88852909431134, 40.8175459431963], [-73.88856432119303, 40.8176042637385], [-73.88865550215512, 40.81775521844549], [-73.88867964767545, 40.81779588210359], [-73.88870227319104, 40.81783398777731], [-73.88872607480349, 40.81787407657588], [-73.88875023695782, 40.817914768149855], [-73.88877439795333, 40.81795546151826], [-73.88879667725256, 40.81799298511714], [-73.88881848496638, 40.81802971221713], [-73.88884495920485, 40.81807430065014], [-73.88886692181221, 40.81811128903399], [-73.88889184770481, 40.818153268123176], [-73.88891952767884, 40.818199886520176], [-73.88894525976019, 40.81824322342314], [-73.88897195875109, 40.818288188449536], [-73.88900309264672, 40.818340622860724], [-73.88903343937648, 40.81839173187401], [-73.88909462232778, 40.818494773400516], [-73.88915972501977, 40.818604413902], [-73.88971320952642, 40.819432744609124], [-73.89008703226281, 40.81971162528381], [-73.89040381983233, 40.81996914747784], [-73.89042127446614, 40.81998333608785], [-73.89043723045792, 40.819996306699835], [-73.890484752584, 40.82003507501485], [-73.89052667059104, 40.82006869435097], [-73.89063883372408, 40.820158653269885], [-73.8906770122876, 40.82018926764757], [-73.890734560163, 40.820235415930426], [-73.89082378026147, 40.82030648211014], [-73.8913270071795, 40.82073819012278], [-73.89161499093844, 40.82098524052638]]]}",5299.17447148
"{'type': 'MultiLineString', 'coordinates': [[[-73.92869200637324, 40.66496229762408], [-73.92872204635322, 40.66449556874314]], [[-73.92869200637324, 40.66496229762408], [-73.92866545106179, 40.66490159536881], [-73.92862111906999, 40.664843087442414], [-73.928559632485, 40.664791189442035], [-73.92848412075658, 40.66475004295919], [-73.928399771229, 40.66472247881642], [-73.92831273590008, 40.66470941215085], [-73.92822872413463, 40.66470986495593]], [[-73.92735541701141, 40.679182518488616], [-73.92742752963457, 40.678427896586996], [-73.92753367699417, 40.677327570323136], [-73.92753991304264, 40.67725004891877], [-73.92754734533132, 40.67716995279387], [-73.92761403916099, 40.67644437869683], [-73.92768791256468, 40.675662867210505], [-73.92776144651438, 40.674887399648895], [-73.92784085240767, 40.67399598350121], [-73.92788485921703, 40.67355077830545], [-73.92792887727607, 40.67310556407126], [-73.92801317707217, 40.67220920775241], [-73.92802213238907, 40.672126167816124], [-73.92802781435672, 40.6720657314715], [-73.92805053252265, 40.67182411575408], [-73.9280568078798, 40.67175736266048], [-73.92809775585015, 40.67132184760199], [-73.92811302605143, 40.67115701596318], [-73.92813807615018, 40.670886614876416], [-73.9281803583497, 40.670430199608234], [-73.92826115544493, 40.66958767347159], [-73.92832954874987, 40.668861036759665], [-73.92834967207139, 40.668647193886784], [-73.92835995042729, 40.66851520266988], [-73.92836987528982, 40.668434819796154], [-73.92844239677048, 40.667672209876194], [-73.92852469694206, 40.66686656035045], [-73.92859855456598, 40.66597053865453], [-73.92868404530746, 40.66508602362273], [-73.92869200637324, 40.66496229762408]]]}",5536.90754327
"{'type': 'MultiLineString', 'coordinates': [[[-74.01003477931712, 40.738686113766505], [-74.00993583942254, 40.738750501421045], [-74.00991202308403, 40.73876032440717], [-74.00988905339472, 40.738771251337695], [-74.00986701795647, 40.73878323988184], [-74.00984600081932, 40.73879624410698], [-74.0098260848491, 40.73881021447882], [-74.00980734462367, 40.73882509696105], [-74.00978985353677, 40.738840833915546], [-74.0097736790625, 40.73885736500311], [-74.00975888157137, 40.73887462718371], [-74.00974551906539, 40.73889255291491], [-74.0097336436275, 40.73891107465472], [-74.00972329905285, 40.7389301212598], [-74.00971452795226, 40.7389496179849], [-74.00970736109787, 40.738969490986165], [-74.0097018280775, 40.73898966371822], [-74.00969794900777, 40.73901005873605], [-74.0096957392695, 40.73903059679378], [-74.00969520714014, 40.73905119954674], [-74.0097002007195, 40.739074535774726], [-74.00970426494729, 40.73909797653959], [-74.00970739508375, 40.73912149932917], [-74.00970958757316, 40.73914508433265], [-74.00971084004334, 40.73916870813707], [-74.00971115367426, 40.73919235003068], [-74.00971052609383, 40.7392159884016], [-74.0097089596658, 40.73923960163735], [-74.00970645438596, 40.73926316812578], [-74.00970301261796, 40.739286665353944], [-74.00969863672567, 40.73931007351033], [-74.00969333262451, 40.73933337008166], [-74.0096871050461, 40.739356534355835], [-74.009679958722, 40.739379543819524], [-74.00948367620246, 40.739704769359804], [-74.00929812932962, 40.740033739794434], [-74.00912349933226, 40.740366157993016], [-74.00895993666224, 40.74070169080549], [-74.00873392863657, 40.74147035942607], [-74.00820401888565, 40.742147518437825], [-74.008208937806, 40.74224952301446]], [[-74.008208937806, 40.74224952301446], [-74.0079751587305, 40.74248664742228], [-74.00790307713159, 40.742564474199945], [-74.0076960665235, 40.742830257524005], [-74.00723319126378, 40.743469427663484], [-74.00693150664013, 40.743894906852816], [-74.00681150075907, 40.74406132315622], [-74.00638477120268, 40.744645902518805], [-74.00595977589629, 40.7452309844454], [-74.0055340401691, 40.74581556951182], [-74.00510713444312, 40.74640277258063], [-74.00465076897031, 40.747022070158025], [-74.00416830718449, 40.74768929266369], [-74.00390292418342, 40.748053661195904], [-74.00368955021958, 40.74835723066934], [-74.00323561149723, 40.74897425491374], [-74.00316116808222, 40.74907642299923], [-74.00312806191855, 40.749121858937535], [-74.00278526998677, 40.74959232001342], [-74.00245868262861, 40.75003580503646], [-74.00243147441678, 40.750072751572574], [-74.00233168624487, 40.75020825726858], [-74.00188266729053, 40.750827931508766], [-74.00142970744437, 40.75144572103464], [-74.00098125781486, 40.75205902776956], [-74.0008613939256, 40.7522148387254], [-74.00052667562052, 40.752688623779704], [-74.00001529945689, 40.753391586648384], [-73.99992459226503, 40.75351627962401], [-73.99961286265335, 40.753909994404616], [-73.99914292147596, 40.75458493328309], [-73.99866067185415, 40.75525176278695], [-73.99843484146666, 40.75556411009654], [-73.99821340254091, 40.75587038040837], [-73.99775836595857, 40.756487529164], [-73.99729876511117, 40.757107040686236], [-73.99723373827153, 40.7572095427308], [-73.99692177966884, 40.75763758086453], [-73.99685244972672, 40.757732709236315], [-73.99680089694694, 40.75778915957143], [-73.99663529289855, 40.75801292132567], [-73.99640941566543, 40.758339158428], [-73.99594236635276, 40.758980978648616], [-73.99547450245583, 40.75962685635896], [-73.99498358118485, 40.760300162278725], [-73.99452593263244, 40.76092704481625], [-73.99406769385836, 40.76155516904481], [-73.9936093066775, 40.76218343546558], [-73.9933797028736, 40.76249912041627], [-73.99328954689213, 40.7626310742035], [-73.9931647901461, 40.76281069676635], [-73.99270143495961, 40.76343080509916], [-73.99224402776572, 40.76405677869717], [-73.99178834101038, 40.76468386716953], [-73.99133264589317, 40.7653092698389], [-73.99087599476891, 40.76593422032094], [-73.99042167988476, 40.76656125829878], [-73.98996382702617, 40.76718747466098], [-73.98950498222074, 40.76781538200261], [-73.98905077226522, 40.76844009111196], [-73.98855898630949, 40.76911581717412], [-73.98806289566666, 40.76979079950992], [-73.98761512117859, 40.77041544311091]], [[-74.00869902249576, 40.7423617235261], [-74.008208937806, 40.74224952301446]]]}",13309.4907394
"{'type': 'MultiLineString', 'coordinates': [[[-73.8900027783733, 40.76542451706017], [-73.88985309523122, 40.76458089830722], [-73.88951903471379, 40.76275934331953], [-73.88918608268231, 40.76092315471249], [-73.88909921121855, 40.7604484327886], [-73.88882266712727, 40.75893727121796], [-73.88861945529236, 40.75780642710163], [-73.88854420917761, 40.75738768220623], [-73.88823518104721, 40.75569536833004], [-73.88815673804301, 40.7552658138743], [-73.88782926789756, 40.7534676088421], [-73.88782276151498, 40.753435598513704], [-73.88781742388635, 40.75339868066336], [-73.88746955898402, 40.75149450964995], [-73.88709814482652, 40.74945389439168], [-73.88671656237771, 40.74734146268449], [-73.88641650333265, 40.745699497574314]]]}",7254.83569007
"{'type': 'MultiLineString', 'coordinates': [[[-74.17855170915622, 40.62466107616413], [-74.17792843687884, 40.624947021613345], [-74.1778150217159, 40.624990962446], [-74.17766953906659, 40.62506498513084], [-74.17688536802156, 40.62541791831354], [-74.17657067161491, 40.62556900262291], [-74.17580014614782, 40.6259323957851]], [[-74.17580014614782, 40.6259323957851], [-74.17592688981944, 40.62599233064419], [-74.17810132228196, 40.62607463855321]], [[-74.08890387680239, 40.630291990252985], [-74.08894978822715, 40.63032192945002], [-74.08899756725914, 40.63035012107485], [-74.0890471003354, 40.63037649677368], [-74.08909826799194, 40.63040099540143], [-74.08915094721836, 40.630423555816016], [-74.08920501383355, 40.63044412588149], [-74.0892603353843, 40.630462655269625], [-74.08931678178942, 40.630479099954215], [-74.08937421706311, 40.630493420416414], [-74.08943250404347, 40.63050558164122], [-74.0894915008497, 40.630515555821624], [-74.08955106796829, 40.630523317850596], [-74.08961106353239, 40.63052885072801], [-74.08967134094948, 40.63053213925862], [-74.0904691415834, 40.63068590031439], [-74.09296571025591, 40.63118373246764]], [[-74.09038573274287, 40.63094463215176], [-74.09267005338468, 40.63120648413955], [-74.09296571025591, 40.63118373246764]], [[-74.09296571025591, 40.63118373246764], [-74.09592041566994, 40.631723436453335], [-74.09715542929217, 40.631897676705215], [-74.09799063060498, 40.631764096229524], [-74.09842093208395, 40.631598078062346], [-74.09888047108514, 40.63144594617267], [-74.09952100906862, 40.631358232203816], [-74.10050958235023, 40.631213829394966], [-74.10151049727352, 40.63107328842621], [-74.10259739009587, 40.6309353005737], [-74.10272743194595, 40.63091927137067], [-74.103682707989, 40.63080594885335], [-74.10469681054819, 40.6306940047747], [-74.1056897317456, 40.6305617104601], [-74.1060509821134, 40.63059878542615], [-74.10690473250142, 40.63046659989166], [-74.10746311888948, 40.63036687805093], [-74.10811316014751, 40.630256081002294], [-74.10827144305625, 40.63022928566651], [-74.10888290765702, 40.63011480143414], [-74.10911494849323, 40.630068231681285], [-74.10929926749964, 40.6300402035202], [-74.11000236205291, 40.629908993577445], [-74.11020303816721, 40.6298734379768], [-74.11122625634476, 40.62968516247496], [-74.11335921938493, 40.62928247380878], [-74.11618948706621, 40.62894119688373], [-74.11847118223824, 40.62891833655507], [-74.11900805354966, 40.62870762764167], [-74.12125677864975, 40.62782274987916], [-74.1221622561523, 40.6274768919461], [-74.12270654881591, 40.627407395477356], [-74.1236504283762, 40.62728687612105], [-74.12424800157163, 40.627211641754506], [-74.1251328729513, 40.627102601581605], [-74.1266630376521, 40.62688961879172], [-74.12826227090459, 40.62667350383265], [-74.12920250251456, 40.626540605797885], [-74.13007946960687, 40.626418595924896], [-74.13069767232423, 40.62634095611064], [-74.13130985324415, 40.626328342857796], [-74.13230038627407, 40.62635622205512], [-74.13332950437717, 40.626393314338706], [-74.13346859261931, 40.62638774982906], [-74.13346885262159, 40.626387740522006], [-74.13346911256986, 40.626387704199395], [-74.13360804337724, 40.62636845178609], [-74.1336084096612, 40.626368397329166], [-74.13360874043377, 40.6263683158979], [-74.13374461780784, 40.626335261882396], [-74.13374467686721, 40.62633524380328], [-74.13374475954674, 40.62633521669146], [-74.13387405080168, 40.626289013573796], [-74.13387419252234, 40.62628895937751], [-74.13387433420688, 40.62628888717086], [-74.13399367357293, 40.62623089868211], [-74.1339937916552, 40.62623084451323], [-74.13399389908223, 40.62623078135156], [-74.13410094865776, 40.626162748254956], [-74.13439199866252, 40.62598203405857], [-74.13473033012482, 40.62577196076864], [-74.13547443712382, 40.62527947391856], [-74.13581008261879, 40.62506433966403], [-74.13618173857996, 40.6248378962534], [-74.13700290978413, 40.624347011010876], [-74.13723213658075, 40.62428749953391], [-74.1374334335876, 40.62424898512322], [-74.13764001143402, 40.62422501916103], [-74.13784912472671, 40.62421616053256], [-74.1380579172028, 40.62422250000478], [-74.13826358149467, 40.62424376899849], [-74.14066913395978, 40.624521958387], [-74.1412844330088, 40.62459359587651], [-74.14166480858314, 40.62464036913731], [-74.1421907732049, 40.624714048844666], [-74.14307456228461, 40.62484640961682], [-74.1440243783515, 40.62499119814596], [-74.14499662979966, 40.624961411516665], [-74.14576716495768, 40.624957456406825], [-74.14611214095808, 40.62493343384056], [-74.1462281255477, 40.62492536178938], [-74.14634101589128, 40.62492374129201], [-74.1466997918091, 40.62491396365175], [-74.14876804601897, 40.62510475589554], [-74.15043065482459, 40.625308436305474], [-74.15134972584197, 40.62542169982457], [-74.15213621900065, 40.62550214271886], [-74.15225836003349, 40.62551412905757], [-74.15313385368471, 40.62559769630723], [-74.15451910512165, 40.62573812521572], [-74.15489746726408, 40.625788972798674], [-74.15576169544046, 40.62590924947561], [-74.15667730013877, 40.62604791034225], [-74.15782575824417, 40.62621768170169], [-74.1585696672972, 40.626312815748264], [-74.159409638217, 40.62641622269908], [-74.16024419490465, 40.62649742420558], [-74.16050268639435, 40.62652962648199], [-74.16118241750324, 40.626597826571704], [-74.16142271034411, 40.62662647542186], [-74.163601379817, 40.62686891037467], [-74.16388056469516, 40.6268999742735], [-74.16399333857547, 40.62691228658978], [-74.16410594208935, 40.62692547434546], [-74.16421836341765, 40.62693953575687], [-74.16433059073867, 40.626954468139836], [-74.16444261341728, 40.62697027060973], [-74.16455441845432, 40.626986942285086], [-74.16466599521009, 40.62700448048031], [-74.16477733186501, 40.627022883411954], [-74.16488841659967, 40.62704214929662], [-74.1649992375966, 40.627062277251504], [-74.1651097842115, 40.62708326278996], [-74.16522004462912, 40.6271051059298], [-74.16533000820942, 40.62712780398569], [-74.1654396607666, 40.62715135427715], [-74.16655892425342, 40.62736616774854], [-74.16819794320875, 40.627688601481374], [-74.168815074084, 40.62781204098497], [-74.16907318703055, 40.627831590241556], [-74.1706055021815, 40.62769944445893], [-74.1714162447207, 40.62762618512157], [-74.17170155564742, 40.62760040160017], [-74.17175379997276, 40.6275959686433], [-74.17180594454734, 40.62759089734196], [-74.17185797518881, 40.627585188618134], [-74.17190987890143, 40.62757884519287], [-74.17196164268262, 40.627571867085805], [-74.17201325235692, 40.62756425792044], [-74.1720646949218, 40.627556017716415], [-74.17211595738158, 40.627547149194974], [-74.1721670267429, 40.62753765597791], [-74.17221789000553, 40.62752753898548], [-74.17226853299424, 40.62751680184124], [-74.17231894271124, 40.62750544636604], [-74.17236910734289, 40.627493475279444], [-74.17241901389833, 40.62748089310383], [-74.17450493265422, 40.62653434157178], [-74.1752577605413, 40.62619006166574], [-74.17580014614782, 40.6259323957851]]]}",27306.0543884
"{'type': 'MultiLineString', 'coordinates': [[[-73.83008222720406, 40.71391390896031], [-73.82992726919902, 40.71385117559137], [-73.82837499022627, 40.71322617579053], [-73.82739671283099, 40.712832270823206], [-73.82712460867133, 40.71271186025033], [-73.82644715706004, 40.71241206892596], [-73.8254566174845, 40.712000640054605], [-73.82488867864528, 40.71177010182662], [-73.82468054752661, 40.71167668105058], [-73.822245186979, 40.71066629927948], [-73.82130277447503, 40.7102700239038], [-73.82111668413984, 40.71018772608145], [-73.82086245280813, 40.710067184321005], [-73.82064159782786, 40.70997122667432], [-73.82042559303464, 40.70986077250842], [-73.82002750266138, 40.70967627419439], [-73.81940933886217, 40.70934581561803], [-73.81933960064165, 40.709307446099054], [-73.81926032742476, 40.70925662368254], [-73.81912247516603, 40.709171545520846], [-73.81870498292697, 40.70887253980806], [-73.81846288237084, 40.70865723282366], [-73.81823468844593, 40.708432635976536], [-73.81802130184732, 40.70819954322411], [-73.81782349637066, 40.7079588383755], [-73.81764197120322, 40.70771141412612], [-73.81718773567341, 40.707070032529806], [-73.81672494584885, 40.70636898094939], [-73.8153083122246, 40.704298412837126], [-73.81524272780936, 40.704202438907274], [-73.81526697795184, 40.70401252348812], [-73.814294133838, 40.70253110780602]], [[-73.83008222720406, 40.71391390896031], [-73.83023002211831, 40.714069978643906], [-73.83026897897045, 40.71417802550004], [-73.83026901229672, 40.714230003108064], [-73.83024898161572, 40.71426502150494], [-73.83021497775458, 40.71429395884463], [-73.83016904479632, 40.71431393649166], [-73.82990416471651, 40.71441868922156]], [[-73.84397815663462, 40.7214546420393], [-73.84289172110867, 40.72096661044634], [-73.84264505806645, 40.720857463940334], [-73.84209895452415, 40.720615803443586], [-73.84185341736534, 40.720507125943236], [-73.84135249565844, 40.72028581155575], [-73.84085157729992, 40.720064485977204], [-73.84027483265642, 40.719807843047896], [-73.83977209266241, 40.71958413287163], [-73.83898621880506, 40.71923528603713], [-73.83872761644871, 40.71912048710157], [-73.83769483311123, 40.7186484645301], [-73.83751824302595, 40.71856775384756], [-73.83722378723324, 40.71843237915546], [-73.83674279678752, 40.71821385536572], [-73.83602241704808, 40.717821397230644], [-73.83584919054253, 40.71772702800328], [-73.83493698630528, 40.717170946461245], [-73.83474238822747, 40.717014680660405], [-73.83421351222265, 40.71663718219444], [-73.833843588768, 40.71635403228319], [-73.83356728224207, 40.71614253519339], [-73.83223132379976, 40.715119748789014], [-73.83145866965673, 40.71455444943939], [-73.83125888936466, 40.71444125958823], [-73.83115849812087, 40.714393367245826], [-73.83106922201318, 40.71435395593981], [-73.83103141820196, 40.714336724993295], [-73.83097820868694, 40.714313605481074], [-73.83086750059593, 40.71426980407102], [-73.83071326588545, 40.71420824259315], [-73.83027163604679, 40.71399019159399], [-73.83008222720406, 40.71391390896031]], [[-73.84826850812878, 40.72336481408462], [-73.84826315668322, 40.72329057883846], [-73.8482439111986, 40.72310120939584], [-73.84802170939697, 40.722805000383616], [-73.8475448953527, 40.72221653458518], [-73.84732783205007, 40.72212375549327], [-73.84710145025649, 40.722043075486624], [-73.84686751167487, 40.72197527129322], [-73.84662795606211, 40.721920884857376], [-73.8463847827821, 40.72188026370792], [-73.8455505092536, 40.7216947769829], [-73.84522703166414, 40.72162285103245], [-73.84459872540302, 40.721512331473015], [-73.84427301919379, 40.72150348422496], [-73.84397815663462, 40.7214546420393]], [[-73.84826850812878, 40.72336481408462], [-73.84732988393046, 40.722933101283914], [-73.84691903218888, 40.72274907670217], [-73.84608348202337, 40.72237301707709], [-73.84534709375143, 40.72204220019111], [-73.84500943564544, 40.721903859917845], [-73.84447635938028, 40.721661732109546], [-73.84423691943867, 40.72156220453826], [-73.84397815663462, 40.7214546420393]], [[-73.93739653736574, 40.74891643954238], [-73.93683480571357, 40.748394551466035], [-73.93663681861409, 40.74820409277244], [-73.93556067894795, 40.747158089630794], [-73.93525693665988, 40.74686354368897], [-73.93480633494083, 40.746426606831385], [-73.93439987360564, 40.74603455657481], [-73.93350448053842, 40.74514599933744], [-73.93341588554719, 40.74508161594432], [-73.93335991153266, 40.74504094369696], [-73.93322718962106, 40.7449636753793], [-73.93321451459767, 40.744957904786254], [-73.93317462338929, 40.74493955543264], [-73.933134083702, 40.7449220476626], [-73.93309292630657, 40.744905394100456], [-73.93305118197166, 40.74488960917151], [-73.93300888265362, 40.744874703699814], [-73.93296606030862, 40.74486068850944], [-73.93292274689266, 40.74484757442453], [-73.93287897554585, 40.74483537226991], [-73.93283477940984, 40.744824091069475], [-73.93279019162817, 40.74481373804611], [-73.93274524652634, 40.744804322224496], [-73.93269997724866, 40.74479584992712], [-73.93265441930536, 40.74478832927895], [-73.93260860702745, 40.74478176390174], [-73.93168246853817, 40.74466897909363], [-73.93075398588707, 40.744560174671136], [-73.92982666596687, 40.7444530834369], [-73.92890009367996, 40.744346066240126], [-73.92797468453621, 40.744239186394196], [-73.92704569130461, 40.74413187360075], [-73.92615221648154, 40.74402866439191], [-73.92518540388464, 40.74391824160188], [-73.9242586247588, 40.74380835031544], [-73.92333827558288, 40.74370035591773], [-73.92241115787729, 40.74359156616112], [-73.92148115467086, 40.7434824247779], [-73.92055663546748, 40.74337403609014], [-73.91962926659713, 40.743265034648964], [-73.91870218526878, 40.7431557377775], [-73.91775171188941, 40.74304611956958], [-73.91684121717209, 40.74294247474012], [-73.91649247828875, 40.74291220850118], [-73.91620248489194, 40.74287559936666], [-73.91591250365364, 40.74283898951039], [-73.91579959240204, 40.74282586767234], [-73.9149847220366, 40.74273117504091], [-73.9140411999373, 40.74262991505044], [-73.91390293490791, 40.74261197272218], [-73.91376466996464, 40.742594021222814], [-73.91289084214583, 40.74248225001998], [-73.91260129511036, 40.74244224624266], [-73.91194129773461, 40.742382949379], [-73.91129208906378, 40.742304683350795], [-73.91104536601972, 40.74227493840007], [-73.91074682771685, 40.742240127945834], [-73.91015857119054, 40.74217154717865], [-73.9094181288996, 40.74208561710377], [-73.90924723874454, 40.742065788473354], [-73.9083037747712, 40.741961239675284], [-73.90750569641939, 40.741862248067356], [-73.9067947703368, 40.741772668757854], [-73.90633117848542, 40.741714245931604], [-73.90606866427773, 40.741685603103875], [-73.90548326527305, 40.74162172843877], [-73.90487116382512, 40.74155166026691], [-73.9045908858407, 40.74151956846111], [-73.90426250037557, 40.741480979352886], [-73.903681004591, 40.74140989830801], [-73.9031438172674, 40.74134682289036], [-73.9029310076227, 40.74132260016941], [-73.90267459211515, 40.74129426991893], [-73.90261189943409, 40.741287868343704], [-73.90256584243502, 40.74128148080943], [-73.90249752178484, 40.741269068024444], [-73.90197948402377, 40.741191176524666], [-73.90158117126856, 40.74113128535894], [-73.90105620766091, 40.74106822325029], [-73.9005707923984, 40.741009911557946], [-73.89972971191872, 40.740909616816495], [-73.89960577761302, 40.74089483597489], [-73.8995223936889, 40.740886163408824], [-73.89926242841558, 40.740851482885574], [-73.89897001526742, 40.74082215835149], [-73.89889421944342, 40.740814239408095], [-73.89880235578369, 40.740800462002014], [-73.89861390779245, 40.740776288723325], [-73.89775272117313, 40.7406214955212], [-73.89746570676667, 40.74057095599462], [-73.89730928533777, 40.74053915477201], [-73.89670432623733, 40.740427004826735], [-73.89585115219737, 40.740272042484655], [-73.89524165417461, 40.74016507667323], [-73.89511875301, 40.74014079518308], [-73.89473706640946, 40.740065380616564], [-73.89423249080967, 40.73996568235754], [-73.89222399799749, 40.73957497193413], [-73.89102404622479, 40.73935842320578], [-73.89055987657315, 40.739274650035206], [-73.89015983815453, 40.73919887865634], [-73.88974164096979, 40.739115019950326], [-73.88839247547544, 40.73885508543551], [-73.88815405511615, 40.73880870309165], [-73.88805578280729, 40.738792344432625], [-73.88795788758156, 40.738770024692684], [-73.88730666776799, 40.73864422766113], [-73.88672880809267, 40.73853748183261], [-73.8863841051658, 40.73847380953935], [-73.88559269589403, 40.738326171171565], [-73.88483049070254, 40.73818207755518], [-73.88385907892247, 40.73799957753941], [-73.88327003352032, 40.73789123616936], [-73.88280983832867, 40.737806589276104], [-73.88230252705114, 40.737707700386814], [-73.88203267991155, 40.737642902861026], [-73.88150982210514, 40.73753989723569], [-73.8805181908021, 40.73736701065374], [-73.88033059361933, 40.737333677157615], [-73.87976052458836, 40.7372258688323], [-73.87940440546964, 40.73715851664293], [-73.87840228403883, 40.73697928827057], [-73.8782104919538, 40.73694088963159], [-73.87802305013321, 40.736889934087365], [-73.87784205440153, 40.73682691736057], [-73.87766946511634, 40.73675259979183], [-73.87711107970945, 40.73639817206317], [-73.87687514350063, 40.73624587637915], [-73.87676464340669, 40.73616438732494], [-73.87601710392688, 40.735632735984304], [-73.87560282149785, 40.73535043898948], [-73.87534639592263, 40.73517570614644], [-73.87497315454684, 40.73494829316677], [-73.87458106956203, 40.7347709348417], [-73.87434239256093, 40.734672581322116], [-73.8739655949607, 40.73455173639826], [-73.87341800278632, 40.73437612188119], [-73.8727775898681, 40.73418680365885], [-73.87202317431286, 40.73396640563542], [-73.87182539627524, 40.73390947251432], [-73.87047163857734, 40.733519765429826], [-73.87036852453073, 40.73349743384163], [-73.87025924001915, 40.7334583367356], [-73.87003701335911, 40.733386235430395], [-73.86960661623587, 40.73324657430588], [-73.8690144014131, 40.73301915400671], [-73.86884730350313, 40.732954982641786], [-73.86878781501166, 40.73293214189774], [-73.86847923322279, 40.732794138043076], [-73.86835853302874, 40.73274015778124], [-73.86822409470605, 40.732671385216726], [-73.86812135201664, 40.73261797546416], [-73.86805003681793, 40.7325837464606], [-73.86778351352494, 40.73246608639455], [-73.86753198058265, 40.73232330073601], [-73.86712155501743, 40.73208827222074], [-73.8668730308102, 40.7319459478437], [-73.86663924069641, 40.731812068758266], [-73.86621068476798, 40.73154283263889], [-73.86589036396123, 40.7313786663798], [-73.86501679320835, 40.73108246769673], [-73.86457458392934, 40.73093166245751], [-73.86401620420058, 40.73073219893407], [-73.86287309173774, 40.73032385805198], [-73.86247107657266, 40.730180251616886], [-73.86231263262138, 40.73011648629354], [-73.86176936538378, 40.72991978546532], [-73.86143194976249, 40.72979438107875], [-73.86082755051494, 40.72957407099211], [-73.86022589956622, 40.72935469848825], [-73.85968238001166, 40.72914427270834], [-73.85891011650541, 40.72886201969768], [-73.85843553667476, 40.72868856544702], [-73.85808765756778, 40.728568720620444], [-73.85775002590943, 40.72844560053822], [-73.85741240615211, 40.728322479477185], [-73.85672865166318, 40.72808151067371], [-73.85622506588406, 40.72790403183197], [-73.85594517384422, 40.72778545315334], [-73.85579041404674, 40.727725348504634], [-73.85506154620042, 40.72744686014429], [-73.85434271745616, 40.72718192352359], [-73.85374721094914, 40.72697081851375], [-73.85264012119438, 40.72656940038125], [-73.8524148486554, 40.7264591694682], [-73.8517719050226, 40.726140255445536], [-73.8516699166421, 40.72607746660207], [-73.85102652117848, 40.72561920464186], [-73.850420115752, 40.72503809354964], [-73.84993677039895, 40.72454243600975], [-73.84979941703497, 40.72440157916318], [-73.84968563526412, 40.724311180613334], [-73.8491466351923, 40.723882967306466], [-73.84882162058028, 40.72368911224109], [-73.84829253773708, 40.72337648034665], [-73.84826850812878, 40.72336481408462]]]}",41357.0765807
"{'type': 'MultiLineString', 'coordinates': [[[-73.99468698279304, 40.64634184631603], [-73.99452709514527, 40.645597965981906], [-73.99426782390437, 40.644536197577956], [-73.9942403938463, 40.643603512479125], [-73.99425993827609, 40.64330091143064], [-73.99427350163988, 40.64271029822183], [-73.99429040165043, 40.64180702517357], [-73.99431047923096, 40.64091342375783], [-73.99433124226073, 40.64060028750189], [-73.99433266735943, 40.63996697182265], [-73.99434692507324, 40.63981613476885], [-73.99442564060874, 40.63915416830533], [-73.99453635794696, 40.638308631630366], [-73.99464078390454, 40.6374601137604], [-73.99473317507773, 40.636591621658084], [-73.99483414781784, 40.635848806208784], [-73.99484601081862, 40.63576147441428], [-73.99496241473298, 40.63491609035941], [-73.99507462962211, 40.634076730402725], [-73.99518020174659, 40.633227400334086], [-73.9952928375419, 40.63239121075739], [-73.99539449086508, 40.6318807555102], [-73.99546076329013, 40.631574698638545], [-73.99567728630956, 40.630789291981316], [-73.9958960954038, 40.63001494331152], [-73.99611483134323, 40.629232408435854], [-73.99633618512142, 40.62844577579785], [-73.99655764099494, 40.62764093416201], [-73.9967016237284, 40.627171983716494], [-73.99678847645299, 40.62682605149742], [-73.99687778428711, 40.62653078251296], [-73.99701633743733, 40.626061615345805], [-73.99706767065801, 40.625884749157144], [-73.99724067151365, 40.62528868669312], [-73.99748404030468, 40.624519846318755], [-73.99771358990922, 40.623680269238925], [-73.99794034481592, 40.622832893071916], [-73.99798570038423, 40.622566853192986], [-73.99829450500624, 40.621619402816435], [-73.99838944988186, 40.621259457209355], [-73.99859543358606, 40.62050169002903], [-73.998636094306, 40.62035512902034], [-73.99881193098311, 40.61972133747538], [-73.99903621118192, 40.61894555015552], [-73.99927191376551, 40.618177254740225], [-73.9994256663032, 40.61762759581746], [-73.99948826566406, 40.61740451012385], [-73.99970876050764, 40.616620283409446], [-73.99994344273264, 40.61578207899732], [-74.00019136604234, 40.61495038477885], [-74.00039749873474, 40.614165670287306], [-74.0006268703844, 40.613394644059476], [-74.00084199754278, 40.612616294380636], [-74.0009111692681, 40.61238795771089], [-74.00107298918083, 40.611830516591574], [-74.00130235700318, 40.61106878941629], [-74.00135415678727, 40.61090422845832], [-74.00155113139208, 40.610206690254735], [-74.00183808661177, 40.609129382359725], [-74.0017180855975, 40.608002977696046], [-74.00171071593866, 40.60767609748048], [-74.00162353723138, 40.60663456442849]]]}",14686.2320618
"{'type': 'MultiLineString', 'coordinates': [[[-73.83170465878274, 40.72804033228318], [-73.83148505032834, 40.72799515127158], [-73.83126019194295, 40.72796277010669], [-73.83103202954426, 40.72794365087403], [-73.83080261137103, 40.72793804510486], [-73.83057398163038, 40.727945925182375], [-73.83034819338532, 40.72796704019253], [-73.82940008858947, 40.72828450112603], [-73.82852362905194, 40.72855926961504], [-73.82754560302298, 40.728864171632296], [-73.82550577983568, 40.729445178598596], [-73.82488139271126, 40.729606861988586], [-73.82390183555216, 40.729892198664004], [-73.82353038146975, 40.730000988873805], [-73.82346754836108, 40.73001869565233], [-73.8234017283971, 40.7300382699768], [-73.82149954423832, 40.73060402817504], [-73.81924927940611, 40.73127676425316], [-73.81752844822303, 40.731778804259974], [-73.81711653747998, 40.73186600458475], [-73.81669769896803, 40.7319361187353], [-73.81627380573893, 40.73198871737959], [-73.81591658374727, 40.732017832198466], [-73.81584674110123, 40.73202352431536], [-73.81541846961233, 40.73204042558974], [-73.81499089979988, 40.732039451270445], [-73.8149164694568, 40.73203762069431], [-73.81483994634144, 40.732034453949844], [-73.8147286605336, 40.73202985705084], [-73.81461895846971, 40.73202532472913], [-73.81453262171006, 40.7320217574634], [-73.81445994587656, 40.73202116491802], [-73.8142861117398, 40.73201974645174], [-73.81414750870722, 40.73201861512073], [-73.8137622061103, 40.73202825842944], [-73.81350578056579, 40.73204322323997], [-73.81337798155448, 40.73205068043719], [-73.81337782763744, 40.73205068919285], [-73.81337766185734, 40.73205070693438], [-73.81321553577203, 40.73206560146027], [-73.81299546003456, 40.732085819134255], [-73.81290158793783, 40.73209761642252], [-73.812830916254, 40.732108801178036], [-73.81269677227937, 40.732130030516764], [-73.81261278406393, 40.73214332228393], [-73.81253117984603, 40.73215623695512], [-73.81237851293929, 40.7321803966444], [-73.81232730417908, 40.73218850063712], [-73.81225693075099, 40.73219963779958], [-73.81205559163188, 40.73223149990662], [-73.8118051929827, 40.73227112313801], [-73.81156800334477, 40.73230218107496], [-73.81132825321542, 40.73232185277876], [-73.81108734002692, 40.73232998473758], [-73.81084670811778, 40.73232658201798], [-73.81077182324586, 40.732325909675026], [-73.81070268716603, 40.73232263525384], [-73.81024981040942, 40.732295189761665], [-73.80979803996914, 40.73225354326701], [-73.80934852427535, 40.73219774270902], [-73.80890241151813, 40.732127916090256], [-73.8084608260421, 40.732044246322104], [-73.80802486822539, 40.731947011746975], [-73.80795380642003, 40.731930261728536], [-73.80789465276095, 40.731921994529706], [-73.80735725691699, 40.73184562497678], [-73.80681594733481, 40.73178442895373], [-73.8062718359611, 40.73173856136389], [-73.80572604675169, 40.73170811411574], [-73.80517971565024, 40.73169312512844], [-73.80508144625912, 40.731690311328705], [-73.80498900051468, 40.731675557533], [-73.8040666606258, 40.73164198770729], [-73.80316334530266, 40.731600302398036], [-73.80226227450859, 40.73156853748162], [-73.8013663185301, 40.731516900066204], [-73.8004626936884, 40.731496670210134], [-73.79956052909041, 40.73146341441962], [-73.79865761316654, 40.7314283672344], [-73.79775682720394, 40.731393902040466], [-73.79725928396796, 40.731374971881216], [-73.79685672807378, 40.73135965613754], [-73.79648678102478, 40.731345774403536], [-73.79595438070433, 40.73132578643296], [-73.79501846883322, 40.731289040318664], [-73.79391160850167, 40.73124901809292], [-73.79384983420418, 40.7312467823124], [-73.79376982043117, 40.73124756656603], [-73.7930105122264, 40.73125501117887], [-73.79200815192276, 40.730966753417746], [-73.79158073210488, 40.73084397847465], [-73.79105999059784, 40.73080612012633]]]}",11604.435795
"{'type': 'MultiLineString', 'coordinates': [[[-73.82772157817482, 40.710603439810605], [-73.82896283730746, 40.709812101231904], [-73.82968685224525, 40.70934817697249], [-73.8301935179291, 40.70902322804661], [-73.83062694168159, 40.70873894435866], [-73.83066122261202, 40.708604413162135], [-73.8307652692809, 40.7082902962204], [-73.83116486828777, 40.70765491383427], [-73.83165695576996, 40.70703122790336], [-73.83173112402166, 40.70689207202203], [-73.8317842004556, 40.70674528494069], [-73.83181441487208, 40.70659370071722], [-73.83182089566158, 40.706440460886064], [-73.8318037295646, 40.70628877140397], [-73.83176400954845, 40.706141678492244], [-73.83172596525296, 40.70602929198526], [-73.83172591823832, 40.70602916584471], [-73.83172589489014, 40.706029039738745], [-73.83170829988211, 40.70591144303132], [-73.83171261284798, 40.70579201428893], [-73.83171262517901, 40.705791817094564], [-73.83171267301411, 40.70579161815114], [-73.8317390980132, 40.705673851660414], [-73.83178650205474, 40.70556120462151], [-73.83178658536615, 40.705561014735], [-73.83178670417466, 40.70556082580087], [-73.83185283119568, 40.70545633772629], [-73.83205312770714, 40.70526509910857], [-73.83220083095404, 40.7052172190158], [-73.83220099675533, 40.705217164326214], [-73.83220116259967, 40.705217092526915], [-73.83234245702604, 40.70515360512159], [-73.83247333741303, 40.70507530785606], [-73.83258980317957, 40.70498399327183], [-73.8326887348742, 40.70488211798046], [-73.83268878236446, 40.70488205501356], [-73.83276797140512, 40.70477267669532], [-73.83276803079598, 40.70477258673028], [-73.83276807835387, 40.70477249674806], [-73.8328265823054, 40.70465868482439], [-73.83282474778775, 40.70437101321788], [-73.83213204106818, 40.70279407973215], [-73.8315210954379, 40.70138962872537], [-73.83103707145334, 40.70025298425596], [-73.83088640374221, 40.70000886783391], [-73.82960697810974, 40.69732845615567], [-73.82888930632647, 40.695860201645296], [-73.82804798017109, 40.69413699400271], [-73.82800778078786, 40.6940524107422], [-73.82797003011787, 40.69397899930792], [-73.82783040127228, 40.69370055222952], [-73.8271873834683, 40.69237139872632], [-73.8265936970341, 40.691179421802914], [-73.82599347365175, 40.68995366240955], [-73.82501128907413, 40.68795231808084], [-73.82417328467712, 40.68623405509498], [-73.82326058261971, 40.68438190826877], [-73.82221146453438, 40.68224416950819], [-73.82135669419237, 40.680497420370735], [-73.82049998371976, 40.67874938268059], [-73.81964099013186, 40.67700011979345], [-73.81922458998937, 40.67613341154316]]]}",13805.1241658
"{'type': 'MultiLineString', 'coordinates': [[[-74.01668613189322, 40.70479933847448], [-74.01665417294937, 40.704963821534754], [-74.01662217938176, 40.70509448317639], [-74.01640305559388, 40.705666201619906], [-74.01625159538231, 40.706072614901686], [-74.01614285638152, 40.70641080464228], [-74.01604511104611, 40.70670144483514], [-74.01593869467288, 40.70700757402842], [-74.01590498265816, 40.70709269501756], [-74.01588574146399, 40.707142176266316], [-74.01586395926293, 40.70720018300195], [-74.01584985552374, 40.707247268175955], [-74.0157181519657, 40.70758531113792], [-74.01567909473587, 40.70768289225719], [-74.01564377698983, 40.707756098717304], [-74.01555863155853, 40.7079660005033], [-74.0155243031116, 40.708050627072865], [-74.01534330799201, 40.70849681678576], [-74.01515042694898, 40.70896884971835], [-74.0149993967161, 40.70945489330626], [-74.01492776759244, 40.70971895224749], [-74.01487672201252, 40.70983524183537], [-74.01472060565793, 40.71037731724743], [-74.0146970277763, 40.71046946863785], [-74.014607933835, 40.71082994726827], [-74.0145329695996, 40.711030751758535], [-74.01441988990796, 40.711501749325414], [-74.0143244762241, 40.71190203825584], [-74.01421696227337, 40.712470283721935], [-74.01386659593561, 40.713659221928715], [-74.01384128440348, 40.71372903164736], [-74.0135858934665, 40.71448887855962], [-74.01341464152767, 40.71510193007274], [-74.01337858791422, 40.71523789331513], [-74.01326739691343, 40.715671917017026], [-74.01318960130725, 40.71602008572422], [-74.01307935595362, 40.71646715027876], [-74.01286663159242, 40.717176100836355], [-74.01281566947333, 40.71735629858358], [-74.01247611608999, 40.71889859425647], [-74.01244109251576, 40.71905767311202], [-74.01233811189134, 40.71953352978929], [-74.0121682303802, 40.72031850599889], [-74.01202816457968, 40.7209674729971], [-74.01189234890371, 40.72163732214502], [-74.01174732391559, 40.7223248120915], [-74.0116005988999, 40.72297993045184], [-74.0114730934989, 40.72362958866651], [-74.01135428270493, 40.72427718275888], [-74.01127023580266, 40.72469937673616], [-74.01124331507125, 40.72483460882686], [-74.01117666145709, 40.72516942550719], [-74.01103682080903, 40.725725376371955], [-74.01102457993353, 40.725793861256086], [-74.01097293850205, 40.72609537461354], [-74.01096354161116, 40.72617662032934], [-74.01076791532647, 40.7281739575181], [-74.01067376017275, 40.72911294648698], [-74.01066551229324, 40.72918186677712], [-74.0105990521909, 40.72982629035024], [-74.01051005567277, 40.7305687137179], [-74.01046078522393, 40.73130011922131], [-74.0104329646143, 40.731582512150716], [-74.01042073075209, 40.731706692452455], [-74.01038981200894, 40.732020550294806], [-74.0103526622912, 40.73238522435397], [-74.01028280664819, 40.73315179628824], [-74.01021737861724, 40.733821603616406], [-74.0101837269388, 40.734213466257046], [-74.01015861629517, 40.7345748441189], [-74.01010306489498, 40.735307835411575], [-74.0100335109397, 40.73600245718812], [-74.00997331427939, 40.73671466766165], [-74.00996538691332, 40.73680844631505], [-74.00995189923445, 40.736968024639985], [-74.00992080404248, 40.73756720706719], [-74.00998438389452, 40.73814761469067], [-74.0100185372897, 40.738512554980865], [-74.01003477931712, 40.738686113766505], [-74.01003784828913, 40.738860947012064], [-74.01002301658512, 40.73903596191399], [-74.0099903311827, 40.739209573568424], [-74.00994017056253, 40.73938020603974], [-74.00930529574886, 40.740509206125424], [-74.00919077880692, 40.74077010215381], [-74.00899635186438, 40.74147900570614], [-74.00879080555254, 40.74237514311566]]]}",13925.8245269
"{'type': 'MultiLineString', 'coordinates': [[[-73.97981084452869, 40.6866468459619], [-73.97936297639154, 40.686682000010315], [-73.97905710803924, 40.68671359780425], [-73.97819812514433, 40.68681921710012], [-73.97736135217033, 40.68691863882109], [-73.97683712393291, 40.68696743958814], [-73.97654657337934, 40.68699722736037], [-73.97620585740901, 40.68702540472497], [-73.97558996042756, 40.6870863755743], [-73.97461657144557, 40.687190705601395], [-73.97364817929137, 40.68730261086275], [-73.97268746005098, 40.68741519418573], [-73.97172665702735, 40.68752799459503], [-73.9707636609395, 40.68763828299667], [-73.9697831424288, 40.68775161148005], [-73.96878493239745, 40.6878673491919], [-73.96778749938744, 40.68798369081092], [-73.9668206953602, 40.688088713164255], [-73.96582204669672, 40.68820942289653], [-73.96480958039128, 40.68832568020554], [-73.96283558910932, 40.68855479773], [-73.96221560087056, 40.68862626499927], [-73.96000519730778, 40.68888103330114], [-73.95991522364392, 40.68889135519915], [-73.95983241008398, 40.68890085555645], [-73.95965676556511, 40.688921005238], [-73.95900462811696, 40.68899581725525], [-73.95890061304743, 40.68900774887809], [-73.95848313266747, 40.68905563871088], [-73.95837641046037, 40.68906788136137], [-73.95777660265402, 40.68913668180041], [-73.95762928174716, 40.68915357981793], [-73.9572219518288, 40.68920029994563], [-73.9569920243642, 40.68922871549505], [-73.95606868587319, 40.689334446294716], [-73.95512181160682, 40.68944371933862], [-73.95146465506136, 40.68986334210192], [-73.9498357863119, 40.69005120929238], [-73.94818486393676, 40.690241595554255], [-73.94534976365112, 40.690567296542646], [-73.94251587867814, 40.69089200076442], [-73.93968061553606, 40.69121871466564], [-73.9367579448698, 40.69155615289551], [-73.93383262012784, 40.6918927679504], [-73.93090708888668, 40.69222768760067], [-73.92798494495365, 40.692563678656406], [-73.92750685206764, 40.69260381153704]]]}",14667.1023514
"{'type': 'MultiLineString', 'coordinates': [[[-74.00512553468727, 40.7408502126985], [-74.00531045281664, 40.74102058837369]], [[-74.00544214819755, 40.740982140477406], [-74.00531045281664, 40.74102058837369]], [[-74.00531045281664, 40.74102058837369], [-74.00508163559483, 40.74133538896344], [-74.00485969234177, 40.74164623827033], [-74.00444723316384, 40.742238295965], [-74.00441531053254, 40.74228411858941], [-74.00396899036589, 40.74286300769871], [-74.0037890977456, 40.743109596851646], [-74.00370838708712, 40.74322023034663], [-74.00354201862353, 40.74344827903072], [-74.00311637971033, 40.744034494227144], [-74.00269109918817, 40.74462126610743], [-74.00248979005742, 40.744897764895704], [-74.0024664886592, 40.74492976940239], [-74.00226475735678, 40.74520684772052], [-74.00181130650455, 40.74582635922128], [-74.00132588137633, 40.74649184821206], [-74.00107518013073, 40.74683561103765], [-74.00084826827853, 40.7471467738982], [-74.0006502509153, 40.74742023734276], [-74.00039850902408, 40.74776789154438], [-73.99993697165554, 40.748399317268564], [-73.99944748901746, 40.749071828347], [-73.99921212746256, 40.74939840540803], [-73.99918088697298, 40.749441752849485], [-73.99903979923883, 40.74963751726744], [-73.99859426118756, 40.75024083548603], [-73.9981201962496, 40.75090289866801], [-73.99803244946497, 40.7510188544395], [-73.9976810837293, 40.751487642219075], [-73.99759123576189, 40.75160856929475], [-73.99749821728018, 40.75173634097355], [-73.9973791931727, 40.75190474100341], [-73.99731556581747, 40.75199362035274], [-73.99717501173258, 40.752193402284796], [-73.99707663917252, 40.75232397405365], [-73.9967894881551, 40.752723447820124], [-73.99630301291897, 40.75338853854494], [-73.99581650409682, 40.75405662493309], [-73.99535418108228, 40.75468759945392], [-73.99509842929993, 40.755045585652404], [-73.9949214207654, 40.755292379471406], [-73.99446824768512, 40.755908862499105], [-73.9940194476245, 40.7565276753241], [-73.9935619472169, 40.75714385818564], [-73.99337917150109, 40.75739592619699], [-73.9933246411164, 40.75747718462138], [-73.99329991052318, 40.7575140498601], [-73.9932604347037, 40.75756497021393], [-73.99320524180706, 40.757636953339805], [-73.99307076331125, 40.75782742914413], [-73.99263301195548, 40.75842968668121], [-73.99213711916057, 40.759104721848125], [-73.99168501965693, 40.759728915488445], [-73.99123062468088, 40.76035414720623], [-73.99076073682461, 40.76099375779157], [-73.990315176745, 40.76160631549391], [-73.98986283990625, 40.76223550403871], [-73.98976805626005, 40.762366277709255], [-73.98941205662442, 40.76285744813676], [-73.98894735369163, 40.76348605371184], [-73.98849591773896, 40.764112876582885], [-73.98803275442712, 40.764737199312506], [-73.9875767391318, 40.76536418098306], [-73.98712184080867, 40.765989152792585], [-73.98691968633868, 40.76626338477244], [-73.98665975610928, 40.76661598596001], [-73.98620388084366, 40.767242953036096], [-73.98571611404002, 40.76791720875189], [-73.98521720296351, 40.76859463067939], [-73.98476369205528, 40.769226400867346]]]}",11867.509853
"{'type': 'MultiLineString', 'coordinates': [[[-73.93122320917846, 40.82947850796557], [-73.93101422217038, 40.82959518636016], [-73.93096067871517, 40.82966884183165]], [[-73.93096067871517, 40.82966884183165], [-73.93079567933538, 40.82975837821588], [-73.93075109028169, 40.82978257476738], [-73.9307235712617, 40.82979454923201], [-73.93069575626612, 40.82980612459287], [-73.93066765834082, 40.829817296355124], [-73.93063928460208, 40.82982806182136], [-73.93061064809667, 40.82983841559627], [-73.93058175712746, 40.82984835408263], [-73.93055262355298, 40.829857874585954], [-73.93052325686263, 40.82986697260925], [-73.9304936689139, 40.82987564635858], [-73.93046386919718, 40.82988389043646], [-73.93043386838363, 40.829891703948704], [-73.93040367714734, 40.8298990832996], [-73.93037330734585, 40.8299060266952], [-73.9303427696543, 40.82991252963926], [-73.93025946704618, 40.82992869000532], [-73.93008759466089, 40.829957383771806], [-73.92914703535624, 40.830065715617415], [-73.92857188627526, 40.83014394702559], [-73.92794549463525, 40.830344881031195], [-73.9278704584149, 40.83036907545004], [-73.92739065867319, 40.830523767562106], [-73.92726316837587, 40.830564866858715], [-73.92680587067929, 40.83103556700469], [-73.92642499764078, 40.83142092105985], [-73.92537540028628, 40.83262809562305], [-73.92502940368603, 40.833272479504444], [-73.92439355156586, 40.83448402735807], [-73.92414918416644, 40.83482856714924], [-73.92399049482357, 40.83505229855413], [-73.92338154019806, 40.83544500910868], [-73.92264919527877, 40.83592661067183], [-73.92237223192977, 40.83610874314713], [-73.92188289440705, 40.83642570097106], [-73.9207159808128, 40.83719846425537], [-73.92036503049533, 40.83742570617251], [-73.92001799495124, 40.83765612847311], [-73.91969685319351, 40.83787379604792], [-73.9193086338301, 40.83812632255933], [-73.91916265301066, 40.83825371226334], [-73.9190166834999, 40.838381092783216], [-73.91859196133241, 40.8389820895343], [-73.91813727517865, 40.83960685354508], [-73.91768361962836, 40.84022549398243], [-73.9172985162331, 40.84076611796635], [-73.91689176380925, 40.841347256231735], [-73.91618344415011, 40.842334900083046], [-73.91544686047185, 40.84336763342377], [-73.91474419411729, 40.844342503278924], [-73.91455191084125, 40.844607430110294], [-73.91435962604531, 40.844872347604145], [-73.91428024443731, 40.84499550308437], [-73.91418502297128, 40.84513494564559], [-73.91416076320338, 40.84517775503572], [-73.91412710582973, 40.8452289139985], [-73.91397534864528, 40.84542943072818], [-73.91375168855726, 40.84573553932654], [-73.9136081990712, 40.845941437680516], [-73.91346470869694, 40.846147335848684], [-73.91315074816322, 40.84657700410875], [-73.91305693128558, 40.84670883759887], [-73.91236345770616, 40.84768333917348], [-73.9119726382836, 40.84822959549604], [-73.91167991141961, 40.84863951901189], [-73.9111223226572, 40.84941809763917], [-73.91069463623538, 40.85001909801071], [-73.91058169932609, 40.850181595280254], [-73.9092154560323, 40.85180094463432], [-73.90841737059893, 40.85264382251963], [-73.9073328972563, 40.8538164142209], [-73.90557007256906, 40.85578732218435], [-73.905221699987, 40.85620359476814], [-73.90508614136684, 40.856410830432], [-73.90468371400611, 40.85706030207748], [-73.90452151303023, 40.857326911426014], [-73.90429139851912, 40.857707718515925], [-73.90390816614935, 40.85836758590253], [-73.90369122143574, 40.85870908726907], [-73.90351837898628, 40.85900307017841], [-73.90311010915036, 40.85965239610454], [-73.90254479378697, 40.86057825470181], [-73.90233887181006, 40.86095497189271], [-73.90211720323163, 40.8613269477604], [-73.90188007332097, 40.861693624153816], [-73.90162785040887, 40.862054433983886], [-73.90136090395654, 40.862408864189376], [-73.90107966989868, 40.86275638375383], [-73.90027587325892, 40.8637876355472], [-73.89887282891013, 40.86558402645417], [-73.89797842681797, 40.86672770752524], [-73.89740323435919, 40.86747418965649], [-73.89656060630608, 40.868565199775496], [-73.89603719165989, 40.869229839795224], [-73.89521030520261, 40.87030825608869], [-73.89444825281076, 40.870723461434274], [-73.89383848176736, 40.87100589785117], [-73.89347879988937, 40.87118841968494], [-73.8930712110484, 40.87139526324258], [-73.89241936405719, 40.87170622655491], [-73.89222334755932, 40.87175471597492], [-73.89202063949219, 40.871790482997106], [-73.89181338469969, 40.87181282721585], [-73.89160396960004, 40.87182132041461], [-73.89139476701676, 40.871815874765886], [-73.89118817300319, 40.87179670594589], [-73.89098647514203, 40.87176434201497], [-73.89083878601015, 40.871763850310714], [-73.89083845385392, 40.871763849996505], [-73.89083814537878, 40.871763876719356], [-73.89068612371199, 40.871778698937966], [-73.89068600506992, 40.87177870783046], [-73.89068587453406, 40.871778735621994], [-73.89053341046196, 40.871810044271655], [-73.89053323246169, 40.87181008012236], [-73.89053307817207, 40.87181012500043], [-73.89038492805933, 40.8718582154552], [-73.89038479630865, 40.8718582603545], [-73.89038466690091, 40.871858323265805], [-73.89024543446789, 40.871922547966676], [-73.89011964106258, 40.87200115889976], [-73.89011953536641, 40.872001229937766], [-73.89011944032887, 40.87200131179175], [-73.89001078204399, 40.872091634469285], [-73.89001067513, 40.87209172441625], [-73.89001056699998, 40.872091832371865], [-73.88992139782076, 40.872190765102054], [-73.8899213027529, 40.87219086496565], [-73.88992123022729, 40.87219096304973], [-73.8898526579168, 40.87229509318162], [-73.88985257466676, 40.87229522007108], [-73.88985250325267, 40.872295363180655], [-73.8898043778311, 40.87240146685745], [-73.88937163796788, 40.87338229738732], [-73.88855699862653, 40.8751973126454], [-73.88824333807149, 40.87589219531226], [-73.88808032208507, 40.87627274575055], [-73.8877357771098, 40.877033881884685], [-73.88567518035725, 40.8788725104247], [-73.88541068065038, 40.87910168339418], [-73.88527683198214, 40.879217668317885], [-73.8846605440931, 40.879749269314544], [-73.8845447837909, 40.87984927158893], [-73.88383055551303, 40.88046626958051], [-73.88346345306707, 40.88078293413973], [-73.881244225275, 40.88270963304625], [-73.87995798761872, 40.88439062848011], [-73.87936283262502, 40.8852182398021], [-73.87876041748815, 40.886040199669694], [-73.87814944671597, 40.886873806752554], [-73.87813129231012, 40.886912796664845], [-73.87803562384633, 40.88711832172275], [-73.87801627993835, 40.887227392524174], [-73.87800480150214, 40.88733717491362], [-73.87800124877322, 40.88744719530116], [-73.8780512819143, 40.88762523112658], [-73.87815459363138, 40.88794344606927], [-73.87818891700515, 40.88804918139018], [-73.87918941897394, 40.890307031385774], [-73.88017668068349, 40.892087600553445], [-73.88026939937714, 40.892281498386346], [-73.88034093624493, 40.89248241778053], [-73.88039003692377, 40.892688328681], [-73.88041593382906, 40.89289704304148], [-73.8804183341662, 40.89310629045017], [-73.88039747910648, 40.89331381364143], [-73.8803540724907, 40.89351743145645], [-73.88020226914519, 40.894554227031016], [-73.88017793926623, 40.89472042325379], [-73.88015871108408, 40.894913466426026], [-73.88014395454319, 40.89506158992577]], [[-73.93172424854107, 40.83000337468145], [-73.93151879128456, 40.82969155190146], [-73.93144421105922, 40.829619191531755], [-73.9313856659409, 40.829588615522425], [-73.93125599796379, 40.82958438071487], [-73.93106978129455, 40.829671052974795], [-73.93096067871517, 40.82966884183165]], [[-73.88014395454319, 40.89506158992577], [-73.88020242756292, 40.89520378410181]], [[-73.88014395454319, 40.89506158992577], [-73.88004213134059, 40.895222283798674]]]}",29847.0625908
"{'type': 'MultiLineString', 'coordinates': [[[-73.87013204945717, 40.733647543402164], [-73.87033523193135, 40.733554128428935], [-73.87036852453073, 40.73349743384163], [-73.8703998008846, 40.73344264605434], [-73.87047974943196, 40.73329353155748], [-73.87057313208611, 40.73311483957256], [-73.87081267194175, 40.73268362960809], [-73.87110977005618, 40.732132706833276], [-73.87124125676334, 40.73190371035449], [-73.8712894044647, 40.73181626169832], [-73.87135118246884, 40.731701642775874], [-73.87141995639865, 40.73156248194687], [-73.8715640491603, 40.73127827992886], [-73.87159547261861, 40.73118296004211], [-73.87162245722683, 40.73098298700713], [-73.87164231864249, 40.730885809069626], [-73.87163136776968, 40.73063440166162], [-73.87156404199335, 40.730065933145674], [-73.87149122538378, 40.72951557846962], [-73.87146074320869, 40.72932637350762], [-73.87140980776464, 40.729178101769065], [-73.87113283405611, 40.72837171895047], [-73.87100156085828, 40.72792452382444], [-73.87093081279534, 40.72770320640891], [-73.87084539384226, 40.72748459382829], [-73.87074561024083, 40.72726953917666], [-73.87063185116048, 40.727058853312876], [-73.87021135878928, 40.72618732678716], [-73.8697076534475, 40.725146433796674], [-73.86931025858829, 40.72446599110829], [-73.8692927047996, 40.72443592926234], [-73.8692721565185, 40.72441183529673], [-73.86876817319273, 40.72382090638258], [-73.8684530516619, 40.7234854939205], [-73.86821068522308, 40.72325474824896], [-73.86765927379396, 40.72266125575057], [-73.86730908327739, 40.72228902383037], [-73.86711404523219, 40.722076403584396], [-73.8665724105444, 40.721486637056735], [-73.86604176100123, 40.72090092219664], [-73.86547610985856, 40.720280937329875], [-73.86523870742205, 40.71997671029755], [-73.8646872948312, 40.719427075228666], [-73.86412297546126, 40.718844807530424], [-73.86357111153879, 40.718276679886976], [-73.86301850093705, 40.71770788137668], [-73.86272195150624, 40.7174280185083], [-73.86242540458258, 40.717148146761], [-73.86213638275906, 40.71687677416816], [-73.86183368367821, 40.716592543133004], [-73.86152886677097, 40.71631493650396], [-73.86122406423789, 40.716037329071796], [-73.86062663317401, 40.71548716934937], [-73.86003789929228, 40.71493223533245], [-73.85992855544161, 40.71475627027188], [-73.85983356841271, 40.714574923116395], [-73.85975358801706, 40.71438923388327], [-73.85968907340161, 40.71420029368276], [-73.85964031085796, 40.7140092195241], [-73.85963617028362, 40.71397813151688], [-73.85963511297477, 40.71391991035156], [-73.85964254792677, 40.71349314444112], [-73.85965416874048, 40.713379961591116], [-73.85966066802524, 40.71329464603302], [-73.85971313591662, 40.71260553935734], [-73.85975932804874, 40.71184505938721], [-73.85977666115944, 40.711633811413236], [-73.85978389390742, 40.711430322546484], [-73.85977618105132, 40.711226356208485], [-73.85975346032838, 40.71102288487315], [-73.8597158624271, 40.71082085422829], [-73.85966362098706, 40.71062121008164], [-73.85963516736983, 40.71042160391871], [-73.85962505311507, 40.71034616469812], [-73.85955858539872, 40.709850567858695], [-73.85953948817654, 40.709685840894764], [-73.85948455991905, 40.70926256917488], [-73.85938681609503, 40.7084923137686], [-73.85928511656941, 40.707675918314656], [-73.85926363359259, 40.707503454739744], [-73.85923858285845, 40.70727274435375], [-73.85920276829698, 40.70709204335447], [-73.85919485729802, 40.707053550279326], [-73.85914149265201, 40.706874064189975], [-73.85908198326783, 40.70671079057968], [-73.8590106367279, 40.706550015767114], [-73.85892774619805, 40.706392477609405], [-73.85883371373647, 40.706238896984885], [-73.85880205866488, 40.70619691948969], [-73.85876970718009, 40.70615525180797], [-73.85873666282347, 40.70611389844591], [-73.85870293149333, 40.70607286841533], [-73.85866851909563, 40.70603216712601], [-73.85863343034904, 40.70599180178717], [-73.85859767234096, 40.7059517787105], [-73.85856124861037, 40.70591210330282], [-73.85852416742408, 40.705872783678295], [-73.85848643350626, 40.70583382434464], [-73.85844805275684, 40.705795233413085], [-73.85840903108146, 40.70575701629336], [-73.85836937556901, 40.70571917839659], [-73.8583290933044, 40.70568172693492], [-73.85827681882606, 40.70563616598652], [-73.85823279811957, 40.70559168949136], [-73.85817736639386, 40.705549604189336], [-73.85812511681375, 40.7055135697248], [-73.85743062455818, 40.70503461415055], [-73.85673257751164, 40.70456147353556], [-73.85592005391548, 40.70400324003306], [-73.85581295492362, 40.70392640023947], [-73.85571454306195, 40.703842826393696], [-73.85562587304796, 40.70375342035357], [-73.8555977106074, 40.70372622555777], [-73.85556678272474, 40.70368052174522], [-73.85543955002076, 40.70348741002419], [-73.85539423558652, 40.703348637193855], [-73.85542839183378, 40.703318197737296], [-73.85535018830177, 40.703013149781434], [-73.85531830233082, 40.702673094913564], [-73.85529275839474, 40.70259550071633], [-73.85529571525255, 40.70199100893484], [-73.85530099316587, 40.701844086953486], [-73.85528829922647, 40.701695829426924], [-73.85525732293658, 40.701548151350096], [-73.85520824951082, 40.701402998049375], [-73.85514170200591, 40.70126229017996], [-73.85505877711222, 40.701127784192856], [-73.85496096234858, 40.70100105872601], [-73.85456630621182, 40.70059405104902], [-73.85449964644341, 40.70055185429831], [-73.85437470725951, 40.700420652697574], [-73.8538625037574, 40.699864855049945], [-73.85338486524795, 40.69925429836351], [-73.85283262235451, 40.69840776645482], [-73.85277397075977, 40.698265097825036], [-73.85273208520265, 40.69811812004679], [-73.85270769770187, 40.69796856126018], [-73.85270110935323, 40.697818254406855], [-73.85271216342643, 40.69766900121716], [-73.85274511618523, 40.69756075031501], [-73.85279826948117, 40.69729105143416], [-73.85281026819474, 40.69716770631176], [-73.85280823517564, 40.69693634283236], [-73.85280743118042, 40.69684498558824], [-73.85283267690801, 40.69666944471074], [-73.8528448155337, 40.69649281545464], [-73.8528437624742, 40.696315943298096], [-73.85282956208488, 40.69613968558652], [-73.85270139912154, 40.69546198401919], [-73.85256826240722, 40.69478166528616], [-73.85254366192116, 40.69461143662906], [-73.85250052102738, 40.69444275019633], [-73.85243919918729, 40.694277365131725], [-73.85236040387346, 40.694116954568436], [-73.85216495797137, 40.69366135873524], [-73.85150471971238, 40.69242099598706], [-73.85118219763316, 40.691812119884396], [-73.85087724711774, 40.691246814470205], [-73.85046982579955, 40.69053745037628], [-73.8500695496643, 40.689840521175825], [-73.84967929693501, 40.6892020425029], [-73.8492482353964, 40.688627346481724], [-73.84888622924281, 40.688211077009754], [-73.8488319364372, 40.68815044608348], [-73.84877321109683, 40.68808299240917], [-73.84858809310548, 40.68785942942298], [-73.8483889902876, 40.687642396251064], [-73.84834455015844, 40.68759851864075], [-73.84803926747438, 40.687312175424694], [-73.84772221135123, 40.687033344110695], [-73.84752679223286, 40.68682694847331], [-73.84724900422351, 40.68648073729424], [-73.847185857217, 40.68638764826535], [-73.8470423230821, 40.68615711483019], [-73.84691770259343, 40.685922743161036], [-73.84609428922377, 40.684239923737515], [-73.84513349939199, 40.68226653298335], [-73.84481907251897, 40.681625680728374], [-73.84475406734477, 40.68144500364608], [-73.84470382072207, 40.68126105956027], [-73.84466873226086, 40.68107490263304], [-73.84464900036734, 40.6808876317752], [-73.84464465788183, 40.68070032765794]]]}",21484.2049177
"{'type': 'MultiLineString', 'coordinates': [[[-73.93120156196096, 40.80175450239876], [-73.93138307646065, 40.801831008938265], [-73.93331399773211, 40.80264483357551], [-73.93357644845085, 40.8027521805066], [-73.93581613210057, 40.80369990068261], [-73.93741852777376, 40.80437467810967], [-73.93889372867042, 40.80499538272762], [-73.93903498208782, 40.80505645639348], [-73.93919018044643, 40.80512166332701], [-73.94064573619166, 40.8057366880428], [-73.94226311224327, 40.806415737868136], [-73.94384075211742, 40.807080812150986], [-73.9453978839816, 40.8077372066614], [-73.94548195195377, 40.807772627022665], [-73.94553899641431, 40.80779668828213], [-73.94690615305875, 40.8083732648381], [-73.94823349684371, 40.80893302556546], [-73.94832657203315, 40.80897227410439], [-73.94840569069237, 40.8090057369265], [-73.94978166197453, 40.80958766907016], [-73.95116548652905, 40.81017289468123], [-73.95259125740914, 40.81076533295928], [-73.95401092974619, 40.811369780853504], [-73.95483466109627, 40.81172523663692]], [[-73.95428809845404, 40.81099223136204], [-73.95483466109627, 40.81172523663692]], [[-73.95483466109627, 40.81172523663692], [-73.95489958927394, 40.811799888990315], [-73.95497093405042, 40.811881919788014], [-73.95550208233479, 40.81249261110073], [-73.95625889745429, 40.81338943322651], [-73.95707628416908, 40.8142948284358], [-73.95710690019737, 40.814331821448725], [-73.95716930036973, 40.81440312440181], [-73.95782821862434, 40.81515604871917], [-73.95819953243084, 40.81558041799436], [-73.95822677498909, 40.81561208844187], [-73.95829447465431, 40.81569078937239], [-73.95835611913293, 40.81575587256089], [-73.95839496695547, 40.815796886212816], [-73.95949328884907, 40.817007473071214], [-73.96035728962136, 40.8179591211335], [-73.96050506050318, 40.81812067321409], [-73.96081441993414, 40.818458899927236], [-73.96091059406626, 40.818564875992], [-73.96095367648243, 40.81861234675762], [-73.9609979485244, 40.818652586921885], [-73.96108327878767, 40.81873604675742]]]}",10875.5926138
"{'type': 'MultiLineString', 'coordinates': [[[-73.96238822294657, 40.66308961269832], [-73.96224973877145, 40.663198678385896], [-73.96213146396697, 40.6632081624703], [-73.96095595478282, 40.66328505449579], [-73.96061544820375, 40.66330275062994], [-73.9597390609155, 40.66336064670231], [-73.9572093549097, 40.66351739679036], [-73.95384851147891, 40.66372780798356], [-73.95097410081426, 40.663904867946336], [-73.94940639028668, 40.6640053080968], [-73.94816604130197, 40.66408182206787], [-73.94546293596925, 40.664226103833386], [-73.94489227642872, 40.664174143142716], [-73.94408198728831, 40.664128573218825], [-73.94269628925801, 40.66405512957734], [-73.93992612664876, 40.663903888388205], [-73.93944250630052, 40.66387745680435], [-73.93715847181726, 40.663752599861446], [-73.93489688401216, 40.66363011464639], [-73.93439127745825, 40.66360273085162], [-73.93237940160093, 40.663497789392146], [-73.93160743419706, 40.66355672297092], [-73.93068465531499, 40.66362047651386]]]}",8839.50244824
"{'type': 'MultiLineString', 'coordinates': [[[-73.97127152190498, 40.6255965212257], [-73.97193582565238, 40.624558511793744], [-73.97244444474127, 40.623963958370794], [-73.97273206633403, 40.62366694535656], [-73.97351547610224, 40.62283689391306], [-73.97368786248529, 40.6226492110488], [-73.97428681423854, 40.62199711774989], [-73.97529586347294, 40.620913355649066], [-73.97539380487063, 40.6207699867895], [-73.97682433584954, 40.61867579944795], [-73.97752301879203, 40.61767654126206], [-73.97785009290226, 40.617287605914896], [-73.97845491269477, 40.616706101520286], [-73.9790579584185, 40.6161258363062], [-73.97963821730922, 40.615564546842045], [-73.98022027395669, 40.61500494770691], [-73.98080506305881, 40.61444712998248], [-73.98143750132176, 40.61383768828493], [-73.98174843398124, 40.61355462416103], [-73.9820610615295, 40.6132384193759], [-73.98215550141919, 40.61314961567932], [-73.98265927471844, 40.61269247119029], [-73.98322227077465, 40.61212220966038], [-73.98335142307684, 40.61199230123993], [-73.98380893553805, 40.61155987326467], [-73.98416201090036, 40.61121730023094], [-73.98438244874342, 40.611005420624394], [-73.98496383456133, 40.61044799350185], [-73.98535587538784, 40.610072013411916], [-73.98554853174056, 40.6098872418014], [-73.98575987230394, 40.60968408353371], [-73.98612915365813, 40.60932986446035], [-73.98671330010275, 40.608766261059564], [-73.98733917695537, 40.608168286355934], [-73.98737795249258, 40.60812811835417], [-73.98796510253544, 40.6075655354501], [-73.98842267535007, 40.607119148855766], [-73.98855078946778, 40.607002282083656], [-73.98913191473136, 40.60645613698405], [-73.98971286848523, 40.60588782616112], [-73.99029013644139, 40.60532859832401], [-73.99087326693613, 40.60476929598106], [-73.99132501145353, 40.604333798965996], [-73.99145421376123, 40.60420924305368], [-73.99203611944961, 40.603651096332314], [-73.99261918541369, 40.60309004702821], [-73.99320071694537, 40.6025340195578], [-73.99381109307386, 40.601950488726885], [-73.99559320791133, 40.60023222147643], [-73.99733919626338, 40.59855161233673], [-73.99865586635747, 40.59726856187931], [-73.99934502852, 40.5966139023951], [-73.99951049453068, 40.59644180795153], [-73.99954664505269, 40.596406215845185], [-73.99998181397338, 40.5959996695044], [-73.99999923096895, 40.5959675613717], [-74.00002706647358, 40.59593404031424], [-74.0001912059899, 40.59579067245235], [-74.00027872034501, 40.59570266869796], [-74.00184497145302, 40.59423667259027]], [[-73.97127152190498, 40.6255965212257], [-73.97126530009325, 40.625605457331574], [-73.97125829246583, 40.62561404924198], [-73.97125052976925, 40.62562225644113], [-73.97124204984091, 40.62563004021594], [-73.97123289169922, 40.62563736365474], [-73.97122309790684, 40.625644193448714], [-73.97121271457151, 40.62565049809114], [-73.97120179016432, 40.62565624697626], [-73.9711903755183, 40.62566141400159], [-73.97117852501155, 40.625665974866564], [-73.97116629302089, 40.625669907972245], [-73.97115373628608, 40.62567319442181], [-73.97114091508999, 40.625675820722435], [-73.9711278873523, 40.625677772480365], [-73.97111471571758, 40.62567904160652], [-73.97110146046543, 40.62567962271285], [-73.97108818542037, 40.625679512213416], [-73.9710749496773, 40.62567871102346], [-73.97106181824002, 40.625677221861], [-73.97104885019996, 40.62567505374616], [-73.97103610701265, 40.62567221479911], [-73.9710236477672, 40.625668719443134], [-73.97090852784058, 40.62565380297477], [-73.97074691500922, 40.62562949565509]], [[-73.97085946912824, 40.62623684749536], [-73.9709846378961, 40.62604686494683], [-73.9710699102072, 40.62591286295411], [-73.97127152190498, 40.6255965212257]]]}",14683.8986169
"{'type': 'MultiLineString', 'coordinates': [[[-73.8680588533605, 40.69118395786256], [-73.86720907966043, 40.69131613047913], [-73.86650969021383, 40.69142122990746], [-73.86562079917911, 40.691565223199376], [-73.86473934968856, 40.691713135610314], [-73.86411451122994, 40.69182373098057], [-73.86383808799394, 40.69186919540111], [-73.86331215095478, 40.69196169409438], [-73.86244348029828, 40.692103795786714], [-73.86214812305074, 40.692150440205225], [-73.86089561576084, 40.692317968587474], [-73.8590967270006, 40.69251931437246], [-73.85817227660465, 40.69257453298259], [-73.85740928413534, 40.692617598280954], [-73.85723274602687, 40.69262762726376], [-73.85650551832329, 40.69266901995682], [-73.85631421358413, 40.69268025291668], [-73.8555771345341, 40.69272482517005], [-73.8546786552969, 40.69283058516541], [-73.85383940879387, 40.693051074955875], [-73.85323418751744, 40.6932642218527], [-73.85239770066255, 40.69357491094891], [-73.852261542245, 40.693625480209455], [-73.85216495797137, 40.69366135873524], [-73.85206517533652, 40.693698447862225], [-73.85191720033578, 40.69375345096542], [-73.85134915736461, 40.693964591610865], [-73.85104848984307, 40.69406674440081], [-73.85048133012681, 40.694229802558645], [-73.84956181721326, 40.694421621359716], [-73.84913185852324, 40.69450581491317], [-73.84865299344271, 40.69459823629094], [-73.84849462116546, 40.69462872283533], [-73.84773325544377, 40.69477527896476], [-73.84695990093432, 40.69492662106145], [-73.84644008985678, 40.69502575874934], [-73.84539660768849, 40.69515699033522], [-73.84344235754418, 40.69518673100596], [-73.84294566330762, 40.695193051265285], [-73.84198841451132, 40.695217683898925], [-73.84113499262921, 40.695283813451326], [-73.84049694678964, 40.695359988838725], [-73.84035084517699, 40.69538306365169], [-73.83963431425482, 40.6955353799934], [-73.83948336386597, 40.69558187022161], [-73.83879170928212, 40.69585204918157], [-73.8386516735814, 40.69591993091057], [-73.83801135969493, 40.696297725537136], [-73.83789883465393, 40.696368805870605], [-73.83716657391685, 40.6968655862411], [-73.83640072608588, 40.697404843672125], [-73.83564073409312, 40.69782905559295], [-73.83484376787871, 40.6982687793205], [-73.83406648723069, 40.69869494615355], [-73.8333135682021, 40.69910835661685], [-73.83259594143406, 40.69948150468519], [-73.83245209949953, 40.69954706890869], [-73.83218539643205, 40.69965339123858], [-73.83178442100504, 40.69977859056979], [-73.83152106113234, 40.699844086051414], [-73.83106677476019, 40.699957074013184], [-73.83088640374221, 40.70000886783391], [-73.83002286820724, 40.70021248068444], [-73.8298102259341, 40.7002474665952], [-73.82910090266344, 40.70036414873374], [-73.8287858983705, 40.70041716299187], [-73.82817332360389, 40.7005211770881], [-73.8274734731663, 40.70063794528971], [-73.82725220197523, 40.7006772170973], [-73.82656252434549, 40.70078887921138], [-73.82633560473336, 40.700829438386435], [-73.82566620352904, 40.700955552855056], [-73.82476723037874, 40.70118920290105], [-73.82391152307012, 40.70140817251895], [-73.82340130004272, 40.701532292065025], [-73.82309287741957, 40.701620573070336], [-73.82250538467366, 40.7017572571961], [-73.8222025874327, 40.70181667402119], [-73.82210530121074, 40.701838577281706], [-73.82178574754222, 40.701901848325576], [-73.82120263781411, 40.70200915963446], [-73.82061435019077, 40.70210036593962], [-73.82031921159965, 40.7021478129157], [-73.81964386668189, 40.702240374080695], [-73.81874882692414, 40.70235748474369], [-73.81744340828797, 40.70241751931232], [-73.81686030462487, 40.70244433062843], [-73.81647531211757, 40.70245042624441], [-73.81637824600945, 40.70245196440124], [-73.81628916418958, 40.702454064533505], [-73.8159402065886, 40.702458901118575], [-73.81531593290147, 40.7024873299345], [-73.81496204696211, 40.702498486258655], [-73.814294133838, 40.70253110780602], [-73.81398666750702, 40.70254206676273], [-73.81356470597322, 40.70252849681219], [-73.81314101280672, 40.70249955163252], [-73.81301882947486, 40.70249515681727], [-73.81193002317814, 40.70234083586125], [-73.81152856917282, 40.70227287479499], [-73.81083216915272, 40.702145102104325], [-73.80995384194283, 40.70199394477888], [-73.80904927104199, 40.70183561414047], [-73.80887409028864, 40.7018150708231], [-73.80792714640532, 40.70176553313396], [-73.80698842502633, 40.70176997825345], [-73.80680722765926, 40.70177617597252], [-73.80633187052517, 40.70178356278906], [-73.80551491733641, 40.701881232825926], [-73.80444220458607, 40.70213183567], [-73.80345721220914, 40.702408446511136], [-73.80228555044455, 40.702737973125075], [-73.80110611473046, 40.70307941520154], [-73.80061551850807, 40.7032214329738], [-73.80020147381406, 40.70334128483391], [-73.7991493723378, 40.7037515100761], [-73.79854694714945, 40.703989526656976], [-73.79796141232035, 40.704223775867895], [-73.79770369721665, 40.70432690664441], [-73.7970059968459, 40.70461025785097], [-73.79679902121599, 40.7046974640337], [-73.79568993243034, 40.70514836383068], [-73.79489532788946, 40.70546074647517], [-73.79395879661084, 40.70582706260095], [-73.79252630962544, 40.70636026830174], [-73.79146324986327, 40.70667823685381], [-73.79079593319892, 40.70686978997293], [-73.78974972460028, 40.707170826563406], [-73.78957039392711, 40.707221521086126], [-73.7886905739957, 40.70746839713472], [-73.78804031334877, 40.707571482008014], [-73.787710363723, 40.70766610241665], [-73.7876177786815, 40.70768480640175], [-73.78672157007964, 40.70789319423617], [-73.78568448075008, 40.70793495196263], [-73.78478882836237, 40.70793220932502], [-73.7843106339991, 40.70793126026934], [-73.78382527448312, 40.70792918813928], [-73.7833048720352, 40.70794570664837], [-73.78295154484228, 40.707981781939225], [-73.78279105847827, 40.70799630168006], [-73.78235508770999, 40.70807855961348], [-73.78214271798849, 40.708119381608746], [-73.78187799731768, 40.70817026542478], [-73.78143753084862, 40.70825510484669], [-73.7805469668033, 40.70842688819157], [-73.78011633981185, 40.70851113167154], [-73.77968084280553, 40.70859660783063], [-73.7790484272498, 40.70871003110362], [-73.77865631240734, 40.70878235449919], [-73.77816455805393, 40.708854151395755], [-73.7773201345634, 40.70892518346526], [-73.77706505771121, 40.70893210998359], [-73.77680639651317, 40.708952770830244], [-73.77655023992187, 40.708988744695155], [-73.77629893196232, 40.709039702960276], [-73.77604320590102, 40.70910937376697], [-73.77489153239377, 40.70941945264163], [-73.77402829382487, 40.709672093470736], [-73.77314372409998, 40.709921191801364], [-73.77229773914934, 40.710156230604824], [-73.77211588136332, 40.710206020359564]], [[-73.77211588136332, 40.710206020359564], [-73.77202524305216, 40.71017187350806], [-73.77165155308433, 40.71022237208503], [-73.77147819695419, 40.71022223519349], [-73.77115938761867, 40.71020522151431], [-73.77084362945621, 40.71017162555834]], [[-73.77211588136332, 40.710206020359564], [-73.77172444674018, 40.71031681847804], [-73.77158686803358, 40.71035023380076], [-73.7715867140686, 40.710350269515814], [-73.77158658374069, 40.7103503142829], [-73.77144162602613, 40.71039590774906], [-73.77144142463244, 40.71039597038514], [-73.77144123504185, 40.710396042049815], [-73.77130105425798, 40.71044965039232], [-73.77130095946254, 40.71044968622456], [-73.7713008646362, 40.71044973106186], [-73.77118657789005, 40.71049950949066], [-73.77102494395818, 40.710576515230414], [-73.77102481356759, 40.71057657800703], [-73.771024695011, 40.71057664080718], [-73.77089074768638, 40.71065160322886], [-73.77076584715658, 40.710735192423115], [-73.77076577599753, 40.71073523730711], [-73.77076570480752, 40.71073529119619], [-73.77065838960715, 40.71081884324938], [-73.7700680091343, 40.71135386753066], [-73.76962552397787, 40.71178631913674], [-73.76943987099476, 40.71197689240525], [-73.76931008586793, 40.712095986494965], [-73.76916890413258, 40.71220814164012], [-73.76901731120626, 40.71231244125219], [-73.76885648153392, 40.71240806818104], [-73.7686833209058, 40.71249659206996], [-73.76801158297265, 40.7128581653921], [-73.76782534931866, 40.712944851611745], [-73.76763062100609, 40.71302048909082], [-73.7674291164231, 40.71308441487782], [-73.76702858523083, 40.713186929952975], [-73.76679633577466, 40.713229873476116], [-73.76679616996599, 40.71322990916076], [-73.76679600422034, 40.71322992683529], [-73.76654951026822, 40.713261413484965], [-73.76630054437089, 40.71327890961085], [-73.76630047333244, 40.713278918471765], [-73.76630041416001, 40.71327891835164], [-73.76605109522406, 40.71328232018159], [-73.76482833105719, 40.713276956129306], [-73.76401781350368, 40.71331806292103], [-73.76324778834254, 40.71336044497381], [-73.76296862689959, 40.71337580961653], [-73.76118498634679, 40.7134360327727], [-73.76069363534062, 40.71343697554648], [-73.75945604625926, 40.71346884992001], [-73.75925219638927, 40.71347180072288], [-73.75882435272383, 40.71348233271356], [-73.75825118353231, 40.713496439243016], [-73.75714244156202, 40.71349807685335], [-73.75621111940606, 40.71349708092963], [-73.75606448346261, 40.713495248438974], [-73.7558128289747, 40.71350585427681], [-73.75556217708632, 40.713530257568124], [-73.75531448083632, 40.71356832739362], [-73.75505403912591, 40.71362552350132], [-73.7541170796955, 40.71385963186163], [-73.75404783994202, 40.71387753926007], [-73.75398801461616, 40.713890964165714], [-73.7531201748602, 40.71408945269518], [-73.75223647651364, 40.71435372813263], [-73.75133217526306, 40.71463157706818], [-73.75043521060708, 40.7148827075558], [-73.74935642148984, 40.71514244948627], [-73.74844373565702, 40.71534671252063], [-73.74706204893006, 40.715647329433764], [-73.74654181401932, 40.71576011828929], [-73.74564189644873, 40.71595755234042], [-73.74558768631762, 40.715971111362855], [-73.74479651784674, 40.71615561356869], [-73.74475624561693, 40.7161642142484], [-73.74471720224965, 40.716173330931916], [-73.74389565330299, 40.71636512578648], [-73.74291939420753, 40.71659337252107], [-73.74169755522068, 40.71687713706173], [-73.74075785039702, 40.71709665937709], [-73.73984041573867, 40.717309209352976], [-73.73888910258408, 40.71753079649967], [-73.73791101298967, 40.71772189727712], [-73.73737181940821, 40.71783250247564], [-73.73695804337753, 40.717931227626956], [-73.73642646410734, 40.718057911869934], [-73.73613267178577, 40.718171892337395], [-73.73533943807755, 40.71847011653672], [-73.73525801156269, 40.71850275395983], [-73.73519687044922, 40.718527198281436], [-73.73438312329733, 40.71893141504257], [-73.73314837192407, 40.71958572781328], [-73.73233722289648, 40.72030510159608], [-73.73101294578206, 40.72158707644632], [-73.73086269455793, 40.72174348675559], [-73.73069726732189, 40.72189145867743], [-73.73051795917625, 40.72202975517093], [-73.73032628951002, 40.722157296412526], [-73.73004830900084, 40.72232591454796], [-73.7297578842867, 40.722483579572774], [-73.72965186997021, 40.722534858086284], [-73.72945614296214, 40.72262952860621], [-73.7291443544019, 40.72276307024996], [-73.72882383483257, 40.722883642900754], [-73.72849600665565, 40.72299077887155], [-73.72816233911995, 40.723084139373746], [-73.72797157479731, 40.723159116749734], [-73.72732826513769, 40.72341196314111], [-73.72647559489698, 40.72375249607308], [-73.7256719694213, 40.724037658013245], [-73.72508489057363, 40.724195613547955], [-73.72505873249305, 40.72420406724544], [-73.72503256618346, 40.7242125056086], [-73.72500639164122, 40.72422092953798], [-73.72498020886638, 40.72422933903348], [-73.72495401786259, 40.72423773319464], [-73.72492781744621, 40.7242461120187], [-73.72490160998093, 40.72425447641165], [-73.72487539428677, 40.724262825470326], [-73.72484916918009, 40.72427115919177], [-73.72482293702453, 40.72427947848217], [-73.72479669664008, 40.724287782438246], [-73.72477044684327, 40.72429607105708], [-73.72474418999752, 40.72430434524491], [-73.72471792491926, 40.72431260499879], [-73.72463422489905, 40.72433644766702]]]}",43043.1446764
"{'type': 'MultiLineString', 'coordinates': [[[-73.91720270724892, 40.67862681478014], [-73.91630119858199, 40.67857711237584], [-73.91355941025535, 40.67842739988095], [-73.91307209205173, 40.678401836334274], [-73.91075317073516, 40.67827699573565], [-73.909101862166, 40.6781845538049], [-73.90861233721034, 40.67815776293257], [-73.9079365310766, 40.67812078033418], [-73.90785772579414, 40.678115980542785], [-73.9077725832926, 40.678111769957795], [-73.90597086919033, 40.67801221855316], [-73.90435703775647, 40.677925267395445], [-73.90331599686883, 40.677869222756414], [-73.90296914598724, 40.67784842784592], [-73.9023386014226, 40.677604321230845], [-73.90119161226, 40.677194865553965], [-73.90069016594282, 40.677122492571094], [-73.90046361875254, 40.67712230671343]], [[-73.91720270724892, 40.67862681478014], [-73.917131973027, 40.67882711941464]], [[-73.92859258027578, 40.67925079551293], [-73.92735541701141, 40.679182518488616], [-73.92656418111086, 40.679144375599854], [-73.92526529474621, 40.67907320817135], [-73.92493398709068, 40.67905289121155], [-73.92473325316294, 40.67904058151516], [-73.92459294076461, 40.67903197617785], [-73.9243513371572, 40.6790187511156], [-73.92417453649306, 40.679009073073146], [-73.92376844514818, 40.67898684298602], [-73.92357758743196, 40.67897639377705], [-73.92329829172716, 40.67896110359727], [-73.92316421417448, 40.67895376319521], [-73.92305093682708, 40.67894756129233], [-73.9229344175318, 40.678941181506154], [-73.922504925951, 40.67891766425906], [-73.92164748148522, 40.678870546757096], [-73.91905083936321, 40.67872847422642], [-73.91796830644338, 40.67866902097721], [-73.91720270724892, 40.67862681478014]], [[-73.92942274392671, 40.67929105644045], [-73.9293374375458, 40.67922225878944], [-73.9292957008583, 40.67912842653112], [-73.92930855051785, 40.679034321631406]], [[-73.92942274392671, 40.67929105644045], [-73.92905728256467, 40.679276433360435], [-73.92859258027578, 40.67925079551293]], [[-73.92880735483526, 40.67956664905764], [-73.9288351011444, 40.67949340935184], [-73.92882566942752, 40.67940884518774], [-73.92877240647346, 40.679330512474245], [-73.92868714476593, 40.6792758254344], [-73.92859258027578, 40.67925079551293]], [[-73.98902944739646, 40.69212386061829], [-73.98893356281373, 40.69208664134044], [-73.9882095590922, 40.69180575436463], [-73.98734787475532, 40.69145766769333], [-73.986464362539, 40.69110361149234], [-73.98633135027752, 40.691050509622144], [-73.98536391906634, 40.69066661266097], [-73.98510411974274, 40.690561145443226], [-73.98443216320744, 40.69029217227007], [-73.98407034099083, 40.690143078812085], [-73.98372011106792, 40.69000671821069], [-73.98350982186518, 40.68992217059899], [-73.98295684393194, 40.68969981904442], [-73.98209737984415, 40.68935800948953], [-73.9815529829494, 40.68914616419897], [-73.98101786928156, 40.688937927116065], [-73.98092822894237, 40.688902477093855], [-73.98083375226479, 40.68886378434807], [-73.98057426175227, 40.688762197147234], [-73.98025764136456, 40.68863824342723], [-73.97928542986544, 40.68825404857963], [-73.97883579220554, 40.68807087076474], [-73.97834701311292, 40.68787174294019], [-73.9778122261403, 40.687659758347145], [-73.97749778005212, 40.68753511214318], [-73.97659268548833, 40.6871845417742], [-73.97620585740901, 40.68702540472497], [-73.97560651446828, 40.68679075397537], [-73.97551988410257, 40.68675683574344], [-73.97443995639487, 40.68630969402287], [-73.97337475155697, 40.68588481525158], [-73.97307314902797, 40.68576305324768], [-73.9727648271924, 40.68564129156267], [-73.97231249591712, 40.6854582343381], [-73.97123922109178, 40.68502748676898], [-73.97016463066437, 40.68459108259977], [-73.96906201984217, 40.68415736147932], [-73.96892193898094, 40.684101464851764], [-73.96796054798146, 40.68372681250007], [-73.96688962238245, 40.68348273118447], [-73.96586471738689, 40.68326722686442], [-73.96477852663557, 40.683039717827896], [-73.96366357791028, 40.68280663327983], [-73.96264440185614, 40.68259426556736], [-73.9623528060778, 40.68253257266478], [-73.96161014941565, 40.68237514254221], [-73.96059514235043, 40.682162206038996], [-73.95959416849061, 40.681953272791496], [-73.95858566702282, 40.68174248206558], [-73.9573512586644, 40.681484132874644], [-73.95566601542264, 40.68113695998235], [-73.95440263947626, 40.680858027233576], [-73.9533701751511, 40.680640508444704], [-73.95155682655283, 40.680498846795786], [-73.95115828482393, 40.68047861485288], [-73.94955688784962, 40.680390402954444], [-73.94773023554822, 40.68029184582008], [-73.94674915973434, 40.68023966140658], [-73.94627470957366, 40.68021332593389], [-73.94397347805597, 40.680088128523444], [-73.94326176903053, 40.68005060653608], [-73.94120864357647, 40.67993835325526], [-73.94032793911947, 40.679889974502125], [-73.93862212691195, 40.67979609007671], [-73.93843613302919, 40.67978585091695], [-73.93739763702105, 40.67972989993127], [-73.93487210852416, 40.67959308775298], [-73.93435066426116, 40.67956340762796], [-73.93289696780256, 40.6794848095866], [-73.93132705241044, 40.67936721263175], [-73.92942274392671, 40.67929105644045]]]}",25895.0161775
"{'type': 'MultiLineString', 'coordinates': [[[-74.07092716122884, 40.61209980413113], [-74.07089561762551, 40.61200597034139], [-74.07088455901985, 40.61190742408944], [-74.07089532483683, 40.61180816196989], [-74.0709274703629, 40.61171233655562], [-74.07097880165205, 40.61162372056768]], [[-74.07092716122884, 40.61209980413113], [-74.07067702788335, 40.611776390927105]], [[-74.07538185494482, 40.61821135332588], [-74.07548588602259, 40.61814977767801], [-74.07498307898263, 40.617355748176415], [-74.07470308528526, 40.61691863024747]], [[-74.07538185494482, 40.61821135332588], [-74.07487805700485, 40.6174213745639], [-74.07454676880097, 40.61694292962628], [-74.07445528960659, 40.61680597463318], [-74.07394132756318, 40.61603807272308], [-74.07358481899033, 40.61558367248222], [-74.07345403002563, 40.615415394690025], [-74.0727835755704, 40.614520441904126], [-74.07245782028295, 40.61407824951121], [-74.07186623465864, 40.61331543806524], [-74.07141153153285, 40.61272605913965], [-74.07092716122884, 40.61209980413113]], [[-74.07959762706885, 40.624601362858776], [-74.07921832141874, 40.623870492316996], [-74.078838911856, 40.62313766731561], [-74.0782563141646, 40.62198042726256], [-74.07804276068582, 40.62156232562036], [-74.07785567694171, 40.62119709322234], [-74.0769560502419, 40.62016056022702], [-74.07641640067965, 40.61956925102815], [-74.07604477182885, 40.61914157895849], [-74.07556205864384, 40.61849280270012], [-74.07541759819159, 40.61826739991822], [-74.07538185494482, 40.61821135332588]]]}",6017.95092393
"{'type': 'MultiLineString', 'coordinates': [[[-73.97442369300929, 40.644913064714885], [-73.97409606838822, 40.6433049721359], [-73.97364078299529, 40.64091483803066], [-73.97318565484828, 40.63852343809389], [-73.97273457281476, 40.636134152900226], [-73.9722841036046, 40.633744526860106], [-73.97216146006485, 40.633111621332006], [-73.9720046135662, 40.63227301968897], [-73.97185292316016, 40.63149372722576], [-73.97171228465845, 40.6307471530886], [-73.97156802717204, 40.62998801467576], [-73.971366221804, 40.628929161561516], [-73.97120750556704, 40.62808971149586], [-73.97111421901656, 40.62758588331158], [-73.97092126311594, 40.626569985262776], [-73.97085946912824, 40.62623684749536], [-73.9708040820071, 40.62593266662826], [-73.97074691500922, 40.62562949565509], [-73.97047171979825, 40.62417002991602], [-73.9701341392863, 40.62237636763218], [-73.97001867689131, 40.62179247623018], [-73.96977630365457, 40.62051858163553], [-73.96956472725064, 40.61939824227864], [-73.969110505755, 40.61700298826919], [-73.96865662827341, 40.61462149191952], [-73.96860599902817, 40.61435586942744], [-73.96816303952717, 40.61195184331396], [-73.967686357082, 40.60941778722943], [-73.96751214584732, 40.60850798624257], [-73.96727203215286, 40.607255724784196], [-73.96696248642232, 40.60567418493583], [-73.96686813770128, 40.60518129406154], [-73.96679561320141, 40.604802413665794], [-73.96636900583024, 40.60246763226809], [-73.96590395422386, 40.600084744945626], [-73.96548618202627, 40.597833093528585], [-73.96506098512883, 40.59570717331939], [-73.96483469069409, 40.59443469262766], [-73.96463908132846, 40.593323153232085], [-73.96479382491235, 40.59258070155539], [-73.9649569162411, 40.59186191791043], [-73.96514385215431, 40.591101915273015], [-73.96530164511957, 40.590358229966476], [-73.96546500586362, 40.589643336693825], [-73.9656409197567, 40.58888717411191], [-73.96581402782886, 40.58813321755581], [-73.96597498572, 40.587432135824855], [-73.96615022779787, 40.586668823754465], [-73.96633012791264, 40.585898751597526], [-73.96636486792468, 40.585751243405795], [-73.96643740873785, 40.58541469392976], [-73.96649796180897, 40.58514249232079], [-73.96653588878988, 40.58495780687823], [-73.96660079789014, 40.58464174106434], [-73.96661531569275, 40.5845708461551], [-73.96670866242798, 40.58423930132207], [-73.96674664109925, 40.58405535153755], [-73.96676128976071, 40.58398439180623], [-73.9667767833271, 40.583914989322395], [-73.96681375501815, 40.583757714533135], [-73.96691975201493, 40.58335247339201], [-73.96693662157782, 40.58327775548699], [-73.96701116041501, 40.58294762328034], [-73.96707277588187, 40.5826698122493], [-73.96708956089563, 40.58259579399998], [-73.96733404030275, 40.58151752245223], [-73.96758713760143, 40.580429058778996], [-73.96759867785488, 40.58037846969478], [-73.9676155570334, 40.58030516369435], [-73.96774198009521, 40.5797555959309], [-73.96792590611088, 40.578956042364695], [-73.9680446335562, 40.57843983917506], [-73.96834847585518, 40.57711237047627], [-73.96852475436376, 40.576340381406894], [-73.96853234139668, 40.57630503070073], [-73.96854635528706, 40.576242671426435], [-73.96865108807353, 40.57576305375963], [-73.96866614159951, 40.57569696838149], [-73.96868119627665, 40.575630883001324], [-73.96873173341314, 40.57550141036367], [-73.96880187138981, 40.5753773632835], [-73.96883335402305, 40.57533585855366], [-73.9688899590849, 40.575261238432134]]]}",25681.3540617
"{'type': 'MultiLineString', 'coordinates': [[[-74.13094771654252, 40.61253995342167], [-74.13095291777907, 40.612860181272445], [-74.13160766956219, 40.613051100605205], [-74.13208827683393, 40.61323401269888], [-74.13238895313086, 40.613501013790014], [-74.13328035854533, 40.61454336453524], [-74.13359044197378, 40.614829019373175], [-74.13418513202652, 40.61536161581267], [-74.13427380925877, 40.61542091969498], [-74.13427399858696, 40.61542104554686], [-74.13427421149696, 40.615421145256114], [-74.13437640912261, 40.6154693829604], [-74.13437664568536, 40.615469491647], [-74.13437688217199, 40.61546956251179], [-74.13448902654305, 40.61550433649105], [-74.1344892630299, 40.61550440735562], [-74.13448953491752, 40.61550445296413], [-74.13460688428863, 40.61552427927869], [-74.13460713254021, 40.61552432401409], [-74.13460739253634, 40.615524332714855], [-74.13472520782157, 40.61552905751078], [-74.13485148415182, 40.61554543492002], [-74.13509676949747, 40.615589910952416], [-74.13553724130885, 40.6156697919388], [-74.13621653571042, 40.61578773090465], [-74.13688732822972, 40.61589616737122], [-74.13755672613075, 40.61599772160605], [-74.13770132762095, 40.6160173779704], [-74.13825496352119, 40.61608941256744], [-74.13897447284417, 40.61619188884217], [-74.13982184768383, 40.6162998244134], [-74.14072588023794, 40.61641455537554], [-74.14112983620947, 40.61646120516282], [-74.14161689050822, 40.616522469317765], [-74.14173426847454, 40.616537219285554], [-74.14233611496024, 40.616608643472595], [-74.14326214902573, 40.61674023905299], [-74.14419491930461, 40.61687026082361], [-74.14512419158828, 40.61696597946301], [-74.14603562148613, 40.61701277799593], [-74.14690067148123, 40.61705369684452], [-74.14709516968652, 40.61706289640388], [-74.14784490229714, 40.61710964785136], [-74.14803059045052, 40.61712559126244], [-74.14874203455761, 40.61720841244337], [-74.14905208475449, 40.617242861042726], [-74.14988877866365, 40.61733847116988], [-74.15000538064743, 40.61735352979004], [-74.15085687361223, 40.61743376776493], [-74.15155402846868, 40.61751278109178], [-74.15195410249538, 40.617529326839836], [-74.15205801232477, 40.61753362000601], [-74.15219010876984, 40.61753865921902], [-74.15260569798991, 40.61755450676618]]]}",6623.20772898
"{'type': 'MultiLineString', 'coordinates': [[[-73.89616756130775, 40.65797845165631], [-73.89571848203528, 40.65815995890065], [-73.89491382135107, 40.65852644853188], [-73.89409845048701, 40.65887792004894], [-73.89327894286349, 40.6592301743969], [-73.89246408910083, 40.65958027501469], [-73.8916491995515, 40.65993257608722], [-73.89083184324484, 40.6602839685223], [-73.89001492689688, 40.66063583283801], [-73.88919997610265, 40.660988080461664], [-73.88838556498992, 40.66133773834508], [-73.88756863550911, 40.66168908096714], [-73.88681373152866, 40.6620138235249], [-73.88593574071503, 40.662393712871385], [-73.88511751902749, 40.66274563923272], [-73.88428575054296, 40.6631024350485], [-73.88386974279511, 40.663282268699675], [-73.88348380234422, 40.66344904319065], [-73.88309163148472, 40.6636170914893], [-73.88266944244594, 40.663797953709704], [-73.8818555734474, 40.66414998825835], [-73.88147233835811, 40.664315310741486], [-73.8810210016086, 40.664510050755716], [-73.88022269632181, 40.66485657327042], [-73.87991165008147, 40.664988076541114], [-73.87940548584234, 40.66520119554675], [-73.87858586201516, 40.66555462282305], [-73.8777702920661, 40.665907887369], [-73.87695375954536, 40.666258983857695], [-73.87613671898444, 40.66661155084568], [-73.87531959137864, 40.666961770587804], [-73.87450281892883, 40.66731351578639], [-73.87424328177129, 40.667425228719054], [-73.87417773156888, 40.66745344407252], [-73.8741282948773, 40.667474723230946], [-73.87383319263334, 40.66760174382347], [-73.87368699691473, 40.667664669987985], [-73.87337067249094, 40.66779619208599], [-73.87327612679877, 40.66783550268913], [-73.87310028176746, 40.66790861450576], [-73.87301273430467, 40.66794501403734], [-73.8728231353915, 40.66802384383631]]]}",7439.26112411
"{'type': 'MultiLineString', 'coordinates': [[[-73.95705662460732, 40.68949332756867], [-73.9572219518288, 40.68920029994563], [-73.95713186517189, 40.688463133114084], [-73.9569865324387, 40.687729079293945], [-73.95684165175801, 40.68699607899248], [-73.95669902055847, 40.686263340436064], [-73.9565508114413, 40.68553036539549], [-73.95640328958422, 40.68479880416346], [-73.95625781842026, 40.684065748601185], [-73.95611155785608, 40.683332755522386], [-73.95596604483583, 40.68259933923462], [-73.95581928168187, 40.68186868679421], [-73.95566601542264, 40.68113695998235], [-73.95548617208199, 40.6801946373225], [-73.95543681555677, 40.67995785495846], [-73.95537224176232, 40.67961172619511], [-73.95530907590852, 40.679273135234226], [-73.95529361567164, 40.67920315024317], [-73.9552754149112, 40.6791277250763], [-73.95521595792813, 40.67882302455113], [-73.95516675447084, 40.67857086760436], [-73.95518358259021, 40.678439005500294], [-73.95519582788596, 40.67834304872811], [-73.95547474341923, 40.677575882470066], [-73.9557500103441, 40.67680743533274], [-73.95606852797484, 40.67592768233888], [-73.956385297235, 40.67504989983789], [-73.95670250840601, 40.67417088283552], [-73.95702039589486, 40.673293900285636], [-73.95724464114366, 40.672674748153526], [-73.95733911669501, 40.672413892246325], [-73.95765659792796, 40.6715356730026], [-73.95790225165928, 40.67085404687755], [-73.95797317206407, 40.67065727325965], [-73.9580177673211, 40.67053433586136], [-73.95805279795769, 40.670437766553064], [-73.95829178386528, 40.669778927326185], [-73.95860899235626, 40.668899571339075], [-73.95892685446745, 40.66802070090029], [-73.95924430480842, 40.66714201845713], [-73.95956195063768, 40.666262606600874], [-73.96033682946312, 40.66410869793787], [-73.96061544820375, 40.66330275062994], [-73.96087887441253, 40.66262091467]], [[-73.95705662460732, 40.68949332756867], [-73.9569920243642, 40.68922871549505]], [[-73.95901842844353, 40.69941236315937], [-73.95890640910298, 40.69889672410543], [-73.95885874686998, 40.6986773260667], [-73.95843564861798, 40.69657089341514], [-73.95799732967247, 40.69436583882045], [-73.95768095408563, 40.6927787399826], [-73.95727249209467, 40.690693477901796], [-73.95722769258347, 40.69043666999503], [-73.95721743543353, 40.69037787166964], [-73.95714436814256, 40.68996371191657], [-73.95706590058778, 40.68954134820475], [-73.95705662460732, 40.68949332756867]]]}",13808.0897285
"{'type': 'MultiLineString', 'coordinates': [[[-73.99702216337467, 40.64753779115422], [-73.99730042524075, 40.64727201920376], [-73.99788285842786, 40.64671852901971], [-73.99846577863545, 40.64615922571679], [-73.99904773148286, 40.64559734573596], [-73.99963885933298, 40.645041887099765], [-74.00021421461082, 40.64447829914601], [-74.00079787004326, 40.64391754755474], [-74.00137990194492, 40.643356753362845], [-74.00195978435852, 40.64279873792765], [-74.00254487035328, 40.64223575936381], [-74.00312513389281, 40.64167454203448], [-74.00371245956877, 40.64111585197098], [-74.0042940986051, 40.64055624055667], [-74.00487632124145, 40.6399954635714], [-74.00545782366103, 40.63943513569774], [-74.0060415271324, 40.638877333389196], [-74.00662259488068, 40.63831480141229], [-74.00720591328243, 40.63775458155663], [-74.00778794417299, 40.63719552856805], [-74.00837574812256, 40.63663655772756], [-74.0089527447392, 40.636075080346295], [-74.00955708423369, 40.635492963273485], [-74.01016057296582, 40.634912337923474], [-74.01050383645845, 40.63457909611968], [-74.01060157055625, 40.634485227848465], [-74.01074220140868, 40.634356548629874], [-74.01132648933631, 40.63379449658931], [-74.01190823822171, 40.63323440493934], [-74.01253357330373, 40.63263336706232], [-74.01317646051623, 40.63201376583195], [-74.0137262343441, 40.631486114245625], [-74.0143221473588, 40.63091131206966], [-74.01490317256435, 40.630352654112855], [-74.01548864364301, 40.62979212130681], [-74.0160690950437, 40.629233638470275], [-74.01664123827811, 40.62868003468803], [-74.01722288119852, 40.628100689748784]]]}",9032.26681944
"{'type': 'MultiLineString', 'coordinates': [[[-73.82428360023259, 40.776989960615445], [-73.82430143595654, 40.77696908891042], [-73.8243200737371, 40.77694862725434], [-73.82433949813154, 40.77692859183229], [-73.82435969132338, 40.77690900062679], [-73.8243806378652, 40.77688987162405], [-73.82440231639167, 40.77687122100015], [-73.82442471146035, 40.776853064940205], [-73.82444780052141, 40.776835419618564], [-73.82447156458349, 40.77681829941392], [-73.82449598465081, 40.77680172050601], [-73.8245210358116, 40.77678569636408], [-73.82454670025706, 40.776770242269066], [-73.82457295189586, 40.77675536988758], [-73.82459977055252, 40.77674109359643]], [[-73.82428360023259, 40.776989960615445], [-73.82433101904827, 40.77674307053606], [-73.82454834735769, 40.77525806479334], [-73.82467134033146, 40.77451508367222], [-73.82467733114274, 40.77377384244952], [-73.82467568454874, 40.773063008572606], [-73.82467393317195, 40.77234699655746], [-73.82467260082763, 40.771633803683194], [-73.82466909055815, 40.77040760770562], [-73.82444330248617, 40.76928551363145], [-73.82421202396269, 40.76816922780325], [-73.82395032557005, 40.76688720181316], [-73.82372658211554, 40.765825514756955], [-73.82348245178436, 40.76465179183542], [-73.82302513293118, 40.763666341071534], [-73.82260198321121, 40.76275935702322], [-73.82207359818577, 40.761624953431706], [-73.82181077114869, 40.761072236052215], [-73.82176735435607, 40.760979812954496], [-73.82155809729282, 40.76053432366672], [-73.8211640506187, 40.75968607485301], [-73.82080684915599, 40.758941782351236], [-73.82063593355176, 40.75887226740099], [-73.82004500603314, 40.75848322741834], [-73.81923286457948, 40.75794681260823], [-73.81856914451991, 40.7575188478851], [-73.81789245673137, 40.75708633825352], [-73.81717140002303, 40.75662061463547], [-73.81699023784196, 40.75650402647932], [-73.81640394511466, 40.756128680700265], [-73.81615911289927, 40.7559721431885], [-73.81563366558413, 40.755630244420956], [-73.81533931318366, 40.75543155328292], [-73.81493082645385, 40.75516994873448], [-73.8145118672815, 40.75489823117238], [-73.81423934126481, 40.754718257863786], [-73.8135322126041, 40.75425271468617], [-73.81336935923521, 40.75420571551366], [-73.81306456481883, 40.753646213244004], [-73.81273453348153, 40.75293901285219], [-73.81235561160292, 40.75220006003974], [-73.81192418528977, 40.75128833157943], [-73.81151446563943, 40.75045503421239], [-73.81092750734076, 40.74990155652109], [-73.81034155343814, 40.7493397567372], [-73.8097603539829, 40.748779221574786]], [[-73.82284537021064, 40.78806833018866], [-73.82266914815631, 40.78763091643423], [-73.82234992060343, 40.786854821732256], [-73.82190576183113, 40.78580181748091], [-73.82140308262383, 40.78456668392859], [-73.82135183231405, 40.78438094864458], [-73.82131714993665, 40.784192787851474], [-73.82129926054003, 40.78400349233438], [-73.82130283081167, 40.78382532428727], [-73.82132041570945, 40.783647313941074], [-73.82135195332994, 40.78347041392625], [-73.82139723841806, 40.78329557934756], [-73.8214725321278, 40.783059583121116], [-73.82156262506751, 40.782826456244834], [-73.82166723181024, 40.78259699879052], [-73.82178424390247, 40.78236220332398], [-73.82191939047739, 40.78213263076095], [-73.82207200357664, 40.781909478577276], [-73.82224127683848, 40.78169387919477], [-73.82243697307541, 40.78141383701102], [-73.82261541387867, 40.7811268241422], [-73.82277596905777, 40.78083377622184], [-73.82291816235583, 40.78053566693687], [-73.82331286959594, 40.779578659952314], [-73.82354681563034, 40.77903553730295], [-73.82376244831775, 40.778504551041294], [-73.82382108972853, 40.778360137734694], [-73.82405384537824, 40.777717829727095], [-73.82414480426061, 40.777478092288845], [-73.8242214739081, 40.77723522713582], [-73.82428360023259, 40.776989960615445]]]}",16039.9247706
"{'type': 'MultiLineString', 'coordinates': [[[-73.92988099693609, 40.8130407047664], [-73.92891812301873, 40.81449367205139], [-73.9288008758483, 40.81479464497363], [-73.92885642076193, 40.814879866306235]], [[-73.93039605135722, 40.81330374692137], [-73.92919204547304, 40.81449601170104], [-73.92896567500345, 40.81482825412836], [-73.92885642076193, 40.814879866306235]], [[-73.92885642076193, 40.814879866306235], [-73.92830346105232, 40.81631173937135], [-73.9282169900475, 40.81653564639782], [-73.92805315952677, 40.81690390070434], [-73.92798228661556, 40.81706320660729], [-73.92775576026648, 40.81757238057095], [-73.92733056976328, 40.818528080835634], [-73.92731653069141, 40.818559633498374], [-73.9272951244991, 40.818604487254404], [-73.92687781680374, 40.819478871317145], [-73.92662466304631, 40.820026393435356], [-73.92634345672016, 40.820578550800796], [-73.92632877691481, 40.82060451264174], [-73.92619931387226, 40.82076289832237], [-73.92573567367512, 40.82117423557569], [-73.9256532019148, 40.82127141713075], [-73.92537222068633, 40.82160252013111], [-73.924901896935, 40.82236997431412], [-73.92470176217745, 40.82280376500306], [-73.92461892925085, 40.822983300433876], [-73.9244584757718, 40.82346742910875], [-73.92444472620494, 40.82358954897852], [-73.9244222159239, 40.823711005740535], [-73.92439104270167, 40.82383125735524], [-73.92384799011893, 40.82476785884127], [-73.92347379178536, 40.82541321980992], [-73.92322150516057, 40.82583113158135], [-73.9231063370834, 40.82602190680688], [-73.92306184222848, 40.826095611517665], [-73.92293266638586, 40.82629714534252], [-73.92281551012894, 40.82650299413254], [-73.92271073346026, 40.826712541325705], [-73.92262002308894, 40.82683533600792], [-73.92254181263662, 40.82694233351503], [-73.9223074865931, 40.82736605624251], [-73.92219382717556, 40.82761050105813], [-73.9221587374002, 40.82768596951462], [-73.9220560809959, 40.82791593173672], [-73.92181451058968, 40.82842572144967], [-73.921726253129, 40.82859542296063], [-73.92140512812384, 40.82922004202013], [-73.92117588317026, 40.829627929651764], [-73.92099354251965, 40.829956566652456], [-73.92087639004646, 40.83016771006968], [-73.92085164121332, 40.830212277499584], [-73.92046219231591, 40.83091259380133], [-73.91986089423855, 40.83194722709869], [-73.91949947133995, 40.832479491991315], [-73.91903136677608, 40.83308734942743], [-73.91856785836897, 40.833612014158916], [-73.91839346679976, 40.83380941167879], [-73.91778665895275, 40.83442951149257], [-73.91773114978758, 40.83448623007686], [-73.91770299154472, 40.83451500780073], [-73.91767974792707, 40.83453875526149], [-73.91763739177654, 40.834582042406915], [-73.91720735740468, 40.835021514370624], [-73.91688720159208, 40.83534868494404], [-73.91667316905948, 40.835567405560646], [-73.9164743343466, 40.835779030979865], [-73.91587067516119, 40.83639359287722], [-73.91531596663683, 40.836947423968866], [-73.91477300604839, 40.83751410117335], [-73.91423754097174, 40.83810879481416], [-73.91383125894427, 40.83863904500408], [-73.91377104960473, 40.83872164733403], [-73.91371372711237, 40.8388089352597], [-73.9131315634921, 40.839810539833], [-73.91296000922252, 40.84019622701555], [-73.91277823125526, 40.840691064920435], [-73.91269769173545, 40.84093012915118], [-73.91262256250575, 40.84115715961788], [-73.9124973202222, 40.84153559701041], [-73.91246930256382, 40.84162025635404], [-73.912403816815, 40.84181649619554], [-73.91222180456089, 40.842356590808706], [-73.91198635313918, 40.84305709780818], [-73.91194648259713, 40.843175713661886], [-73.91191812296616, 40.84325788722664], [-73.91169441202187, 40.84389813068833], [-73.91158073485992, 40.84425252269926], [-73.91149384467752, 40.844445583899265], [-73.9114057272622, 40.84461596246816], [-73.91130713157446, 40.844782901130195], [-73.91107727384677, 40.8450961317231], [-73.9110409637621, 40.84514117249567], [-73.91100153026815, 40.84518175430729], [-73.91062326739174, 40.84553115473925], [-73.90973950401123, 40.84617958233044], [-73.90945712025425, 40.84638190615726], [-73.90905566015157, 40.84666144816953], [-73.90875379497108, 40.846869853937115], [-73.90842424615593, 40.84710728682707], [-73.90821387386869, 40.8472658314509], [-73.90789711297383, 40.84751429502513], [-73.9075312526079, 40.847816162604545], [-73.90678099116388, 40.84854382303916], [-73.9061504425998, 40.849268937527654], [-73.9060837687883, 40.849347397189874], [-73.90602289598569, 40.849425114130035], [-73.90600085737258, 40.849453021340295], [-73.90597663355325, 40.849484013652734], [-73.90595240972281, 40.84951499785549], [-73.90562192817887, 40.84992546948013], [-73.90528069193985, 40.85034046077758], [-73.90513490040921, 40.85053029979607], [-73.90467389733256, 40.85110082275085], [-73.90454100253035, 40.85126765507676], [-73.90433691537885, 40.851517111405336], [-73.90422919114204, 40.85166253252251], [-73.90374618251167, 40.85225061100127], [-73.90369804393885, 40.85230921986179], [-73.90366377405365, 40.852355998815945], [-73.90364249620264, 40.852382968786294], [-73.90361873232324, 40.85241424102671], [-73.90357030714952, 40.8524732368045], [-73.90334780362927, 40.85274293700714], [-73.90305163292558, 40.85310509140806], [-73.9027237960996, 40.85352351707192], [-73.90241501214926, 40.853910503722545], [-73.90185996172268, 40.85458614897577], [-73.90153703354794, 40.85499464292594], [-73.90130126597003, 40.8553034901272], [-73.90116590908639, 40.85549567418783], [-73.90085697367331, 40.855936239256074], [-73.90077922781934, 40.85604710934673], [-73.9006725602518, 40.85622056024259], [-73.90051657904424, 40.856481496271655], [-73.90027829486213, 40.856880100101534], [-73.90003092498804, 40.857293913841254], [-73.89995670057566, 40.857422421622616], [-73.8992136296988, 40.858679139482405], [-73.8988381451376, 40.859307308459144], [-73.89880457622273, 40.859364271083976], [-73.8985909711142, 40.859766783007316], [-73.89828973331736, 40.860334421307286], [-73.89822728950759, 40.86044886362883], [-73.89802453119104, 40.860820461153175], [-73.89773815487067, 40.86135113691002], [-73.89714379842563, 40.86244506464691], [-73.89579308265725, 40.86421556622473], [-73.89530216708049, 40.8648467804481], [-73.89504212057916, 40.86520349840789], [-73.89493226039549, 40.86535333899769], [-73.89443408286603, 40.86599740990057], [-73.89439598418335, 40.86604898120775], [-73.89438130339903, 40.86606885148564], [-73.89436438791397, 40.86609167242181], [-73.8943182536121, 40.86615392605985], [-73.89408697086354, 40.8664534330073], [-73.89397201809952, 40.8666023044547], [-73.89376139090723, 40.86687505814893], [-73.89368435572584, 40.86698082084517], [-73.89300270034636, 40.86788106756699], [-73.89243509131886, 40.86862059810188], [-73.89221258888263, 40.86891549975515], [-73.89191718283095, 40.86930210877178], [-73.89174633596436, 40.86951054786309], [-73.89157400136908, 40.869684251626204], [-73.89138947083488, 40.869850992772825], [-73.89119350473048, 40.87001003356102], [-73.8909869700818, 40.87016071469362], [-73.89042763953506, 40.87048705349471], [-73.88991744504838, 40.870780632538306], [-73.88950049117085, 40.87102055564982], [-73.88884301678584, 40.871398066556324], [-73.88868449946185, 40.87149511343583], [-73.88833547060312, 40.871709830098006], [-73.88793503793154, 40.87203023209866], [-73.88785196359488, 40.87211417601248], [-73.88777767736161, 40.87219932606222], [-73.8876345459763, 40.87236461559016], [-73.88750352781827, 40.87253576992285], [-73.8873852292806, 40.87271200626749], [-73.88708794002376, 40.87336448006041], [-73.88680657315312, 40.874012323014256], [-73.88668323014365, 40.8742821423246], [-73.88654124822074, 40.87459273259511], [-73.88649939921217, 40.874687378708856], [-73.88645469635425, 40.87478585627796], [-73.88618141421824, 40.875367770847724], [-73.8861233625272, 40.875508730057135], [-73.88597318702276, 40.875852631347584], [-73.88590060716186, 40.87601805134918], [-73.8858593187326, 40.87611404579326], [-73.8856419765506, 40.87661283977798], [-73.8855539224382, 40.87681481392991], [-73.88543066468286, 40.87706774410485], [-73.88531544889689, 40.877333462756454], [-73.88517690808618, 40.87763347567513], [-73.88499526234689, 40.87799656967282], [-73.88491570095431, 40.87813777332011], [-73.88477074831478, 40.87839502775334], [-73.88422867381928, 40.878722010703164]]]}",28155.9943519
"{'type': 'MultiLineString', 'coordinates': [[[-73.92714299869722, 40.810949809094396], [-73.92692816772018, 40.81116026356861], [-73.92638738324139, 40.81148360350162], [-73.92569841702172, 40.81186090236393], [-73.92562802367938, 40.81189945141071], [-73.9255527169326, 40.8119406906305], [-73.92524671311037, 40.81209676411043], [-73.9251178044286, 40.81216251224484], [-73.924683256656, 40.81238414334617], [-73.9245224984635, 40.812467007373904], [-73.92416566548086, 40.81265093760321], [-73.92409212794456, 40.81268884158543], [-73.92401198000921, 40.812730154050136], [-73.9238296351716, 40.81282414203481], [-73.92369995450625, 40.81289089122234], [-73.92287548299262, 40.81331525145809], [-73.92252253497146, 40.813501746499846], [-73.92240093433925, 40.813565999868885], [-73.9220876461614, 40.8137315359655], [-73.92201395098712, 40.8137714565256], [-73.92124444796909, 40.81418828974659], [-73.92092663373084, 40.81434460029101], [-73.92048117421605, 40.81456368661808], [-73.92033105000444, 40.814637886626215], [-73.92012648851299, 40.81474112129783], [-73.91946744927311, 40.81507371001556], [-73.91860144398872, 40.815531962907045], [-73.91845382030563, 40.81561363185249], [-73.91781276371783, 40.81596827877211], [-73.91764502901549, 40.81606591706683], [-73.91676339508565, 40.81655735706926], [-73.9159913012846, 40.817211567475034], [-73.91552775908892, 40.81758080990903], [-73.91526284025763, 40.817824821306715], [-73.91502472021672, 40.81801813675186], [-73.91460112324799, 40.81839092939614], [-73.91447151460554, 40.81850680472506], [-73.91403024335864, 40.81895538325838], [-73.9135197763531, 40.819541927337546], [-73.9130632640312, 40.82013264307891], [-73.91257037381062, 40.82086084421778], [-73.91216758100283, 40.821485455684254], [-73.91181615762115, 40.82203502159139], [-73.91180780620196, 40.82203976982536], [-73.91179936003417, 40.8220444549515], [-73.91179083099557, 40.82204905896893], [-73.9117822072085, 40.822053599878494], [-73.91177350056253, 40.82205805067439], [-73.91176469916813, 40.822062438362366], [-73.9117558267687, 40.82206673594568], [-73.9117468596328, 40.82207096141608], [-73.91173782148005, 40.82207510578678], [-73.91172870045655, 40.822079169048614], [-73.91171949656241, 40.822083151201674], [-73.91171023351723, 40.82208704325901], [-73.91170088761342, 40.82209084520253], [-73.91169147069282, 40.822094566046225], [-73.91168198275555, 40.82209820579007], [-73.91167243567936, 40.822101746433205], [-73.9116628175972, 40.82210519787208], [-73.91165314036668, 40.82210855741417], [-73.91164340398419, 40.82211182776094], [-73.91163362030476, 40.822115008021015], [-73.91162376563273, 40.82211808917132], [-73.9116138636639, 40.82212108023481], [-73.91160391441021, 40.82212397220661], [-73.91159391785982, 40.822126774091686], [-73.9115838740247, 40.82212947688498], [-73.9115737829049, 40.822132080586556], [-73.91156365635422, 40.8221345852055], [-73.911553482519, 40.82213699073264], [-73.91154328510694, 40.82213929718623], [-73.91153305226304, 40.82214150545763], [-73.91152278398967, 40.82214361374579], [-73.91151249214084, 40.82214562205986], [-73.9115021648603, 40.82214753219175], [-73.91149182586899, 40.82214933425415], [-73.91148146328791, 40.82215104714832], [-73.91147107714474, 40.822152650162955], [-73.91146067927778, 40.82215415501351], [-73.91145026968829, 40.82215556079955], [-73.9114398602421, 40.82215685852521], [-73.91142942721964, 40.82215805717722], [-73.91141899432867, 40.82215915677373], [-73.91140856156922, 40.82216015731484], [-73.91139811708747, 40.82216105879138], [-73.91138768460314, 40.82216185221663], [-73.91137726409244, 40.822162555600514], [-73.91136683187158, 40.82216315091484], [-73.91135642349022, 40.822163647191985], [-73.91107298570961, 40.822242942785586], [-73.91069998834094, 40.822324113431456], [-73.90990894129318, 40.822551107570526], [-73.90940309127649, 40.8228687935666], [-73.90922207254849, 40.82317865605523]], [[-73.90945760899534, 40.82243240183092], [-73.90922207254849, 40.82317865605523]], [[-73.90922207254849, 40.82317865605523], [-73.90911176083293, 40.8233765702765], [-73.90870859224843, 40.824066635210556], [-73.90846172820662, 40.82462387991189], [-73.90841267250181, 40.82474538991688], [-73.90835884821577, 40.8248939983378], [-73.90821187481698, 40.82531366205608], [-73.90793098832782, 40.825995545776046], [-73.90780270137712, 40.82632683475182], [-73.90773918019788, 40.82649218701646], [-73.90764720217601, 40.82669549036167], [-73.90722757019815, 40.827783240471405], [-73.90703121166305, 40.82827955255524], [-73.90657083639289, 40.829452219882455], [-73.90583976446973, 40.83105898227011], [-73.90503038409686, 40.83273812447548], [-73.90482980957715, 40.83303043265793], [-73.9047681515621, 40.83312028896507], [-73.90461754624233, 40.83333977357631], [-73.90422264961144, 40.83391760715454], [-73.90414970757017, 40.83402900438636], [-73.90367294702654, 40.83477304518353], [-73.90360172381298, 40.834884195853775], [-73.90352109015699, 40.83501003017486], [-73.9030850485451, 40.835660048542124], [-73.9030373870016, 40.835731097115634], [-73.90290407733133, 40.835926642591154], [-73.90270874321675, 40.83620769157296], [-73.90233146243793, 40.83668869412572], [-73.9019674246981, 40.83717133025769], [-73.90191590314863, 40.8372380842156], [-73.90185961789597, 40.83731101058625], [-73.90181324462534, 40.8373710962154], [-73.90175439558271, 40.83744734497518], [-73.9017118294632, 40.83750249549517], [-73.90166226868608, 40.837566709812755], [-73.90161418323761, 40.837629011816894], [-73.90156841300183, 40.83768831352873], [-73.90152436401728, 40.83774538526703], [-73.90146405788632, 40.83782352186701], [-73.90117493694265, 40.83819811778166], [-73.90010637982384, 40.839675780463956], [-73.8991736551945, 40.84096941068255], [-73.89898207750257, 40.84123498864213], [-73.89880359217727, 40.841506132905], [-73.89863857963427, 40.841782276554355], [-73.89848739780317, 40.84206283644249], [-73.8983503524893, 40.842347208661366], [-73.89761157217546, 40.84381042517693], [-73.89754586302672, 40.84394553987323], [-73.89751786896866, 40.84399724834146], [-73.89749900749906, 40.844032954148666], [-73.89742670066762, 40.84417777022606], [-73.89683728538795, 40.84536203148686], [-73.89617713076471, 40.8466583201154], [-73.89557755956743, 40.847854641837806], [-73.89494628065212, 40.84910485283339], [-73.89407259002662, 40.85071318868072], [-73.89379467925221, 40.85100815952985], [-73.8934264734918, 40.85140438770008], [-73.89216687345395, 40.8527694617027], [-73.89090203479117, 40.854116885093305], [-73.8906903202193, 40.854353261871296]], [[-73.8906903202193, 40.854353261871296], [-73.89059482487842, 40.85437583672639], [-73.89049113219107, 40.85438538261174], [-73.89038408419079, 40.8543799320292], [-73.89027939817794, 40.85435895011197], [-73.89018275310437, 40.85432357689162], [-73.89009878182453, 40.85427641922261], [-73.89003039600945, 40.854220991825464]], [[-73.8906903202193, 40.854353261871296], [-73.8903895401545, 40.85468905799353], [-73.89044259302504, 40.85504635142083], [-73.89077428545744, 40.855811939646266], [-73.89108676605746, 40.856597256447984], [-73.89109710440343, 40.856779813807634], [-73.89110556897141, 40.85742738306818], [-73.89111318823716, 40.85785099931523], [-73.89111115394883, 40.85838432225025], [-73.89111943236777, 40.85865896181709], [-73.89112461382807, 40.85887000577533], [-73.89115526159117, 40.86003654858881], [-73.89059489221904, 40.86071569999112], [-73.89027555498525, 40.86110907325039]]]}",22431.2162015
"{'type': 'MultiLineString', 'coordinates': [[[-73.91242816970099, 40.784052525193836], [-73.91459484676182, 40.7822833942879], [-73.91506555860538, 40.78190016429589], [-73.91545825707131, 40.781580442506105], [-73.91561383592962, 40.78145230611581], [-73.91617138497348, 40.78100187751095], [-73.91682874491752, 40.78045664854451], [-73.91747547329668, 40.77992617821751], [-73.91794008274573, 40.7795450932056], [-73.91825571494049, 40.779286188953655], [-73.9186287825594, 40.77898146180809], [-73.91899051056825, 40.7786859997474], [-73.91964820650857, 40.77814819472636], [-73.920263002162, 40.777646140412386], [-73.92086108520151, 40.777154599087176], [-73.92152214334341, 40.77661293142347], [-73.92184572569053, 40.776348070332745], [-73.92217338428276, 40.776079870212016], [-73.92277840629454, 40.77558665759383], [-73.92302571577981, 40.775384308959936], [-73.92314549435504, 40.7752870148255], [-73.92320981434081, 40.77523476820183], [-73.92327783804473, 40.7751776225703], [-73.92334041482897, 40.77512891098751], [-73.92398142947756, 40.77461511242359], [-73.9244865080943, 40.77404985655768], [-73.92492822484408, 40.773489041676974], [-73.92511019371408, 40.773276200087864], [-73.9259002711228, 40.77226208682793], [-73.92640832707177, 40.771640641866085], [-73.92681478617094, 40.771132845707164], [-73.92706713904838, 40.77081992766297], [-73.92730372660995, 40.770526558044644], [-73.92754753060734, 40.77021758673951], [-73.92780678588332, 40.76988903863368], [-73.92847136516458, 40.76906017026258], [-73.92913498075141, 40.76822870392199], [-73.9294847675868, 40.767791336677064], [-73.92985647969822, 40.76732655234376], [-73.93038609343873, 40.7666661467473], [-73.93088487808818, 40.766063541538706], [-73.93129805778706, 40.765632762344005], [-73.93169177540332, 40.76522374429843], [-73.93224923980537, 40.764639276985996], [-73.9327599824988, 40.76410502961814], [-73.93286959058588, 40.7639903764819], [-73.93398092143381, 40.7628259820189], [-73.9340426477194, 40.76276137825758], [-73.93410817004302, 40.7626928018067], [-73.93429712615428, 40.762495033750135], [-73.93437179209344, 40.76241688459439], [-73.93457323631564, 40.76220604516252], [-73.93463877533004, 40.76213744950379], [-73.93472503026477, 40.76204716878776], [-73.93480791686567, 40.76196041607835], [-73.93538955260364, 40.76135538397092], [-73.93543323404448, 40.76130585188436], [-73.93546712896165, 40.76127032705353], [-73.93550408956649, 40.76123158912695], [-73.93556528661529, 40.76116745070152], [-73.93560854924482, 40.761122109262104], [-73.93566314284698, 40.76106489107384], [-73.93569960412648, 40.76102667779891], [-73.93577489162908, 40.76094777164172], [-73.93581185187595, 40.76090903361455], [-73.93584407602569, 40.760875260122376], [-73.93589256985871, 40.760824435612506], [-73.9359327604346, 40.76078231164443], [-73.93601701916509, 40.76069400274147], [-73.93605584508676, 40.76065330977446], [-73.936790917014, 40.75988288057326], [-73.93791705652221, 40.75870660499185], [-73.93857379923658, 40.75801623812056], [-73.93909810153792, 40.75747058073067], [-73.9400403473657, 40.756486751617885], [-73.94123861729155, 40.7552344148681], [-73.94243031521938, 40.75399686557704], [-73.94355811430209, 40.75281968019533], [-73.94369877992895, 40.752672772980766], [-73.94374837216257, 40.75262098030404], [-73.94383536787066, 40.75253012209546], [-73.94391620444, 40.75245068824055], [-73.9439252108528, 40.75244110493965], [-73.94396284345304, 40.75240407644318], [-73.94401823366611, 40.7523499208401], [-73.94405265208157, 40.752313259959095], [-73.94408545643076, 40.75228087658751], [-73.94412684171489, 40.75222512744088], [-73.94416606066238, 40.752182652486475], [-73.94424349207667, 40.75209747512218], [-73.94523183433552, 40.75106312388191], [-73.94565575892044, 40.75064665152201], [-73.94611824990602, 40.750121189361494], [-73.94666379072525, 40.749501363730005], [-73.94710725412757, 40.74885060126948], [-73.94735514935854, 40.7481073999959], [-73.94760615732176, 40.74735887033109], [-73.94783741021624, 40.746670267912904], [-73.94806880285704, 40.74597853126488], [-73.9483010321651, 40.745285740868795], [-73.94852318918727, 40.74465861939911], [-73.94876125911856, 40.74390294816291], [-73.94882723146625, 40.74370248863401], [-73.94923029722865, 40.742523002842425], [-73.94935937025566, 40.742138345024344], [-73.94944288431856, 40.741767642922284]]]}",18732.748957
"{'type': 'MultiLineString', 'coordinates': [[[-73.95337000714747, 40.69940454103639], [-73.95335263616035, 40.69931877551081], [-73.95329328012082, 40.69902571843003], [-73.95323669079957, 40.69874631600001], [-73.95320648675413, 40.698597186980656], [-73.95318049576876, 40.69846886330167], [-73.95313747757037, 40.69825646354593], [-73.95309865129678, 40.69806476375495], [-73.95299166413946, 40.69753651101121], [-73.95296882208672, 40.69742372509519], [-73.95292439154872, 40.69720434388058], [-73.9527780782247, 40.69646501084017], [-73.95274629775379, 40.69630442288615], [-73.95272293378076, 40.69618635698334], [-73.95269863382096, 40.69606357020185], [-73.95265284470666, 40.69583218445111], [-73.95262192779695, 40.69567595978894], [-73.95259689022325, 40.69554943374542], [-73.95248890954221, 40.695003771239406], [-73.95234079078767, 40.69426304809627], [-73.95219355998438, 40.69352604327857], [-73.95217245930752, 40.69341890948877], [-73.95207980743456, 40.69294283005736], [-73.95205077752718, 40.69279365968794], [-73.9519018809515, 40.692062317891285], [-73.9518300199482, 40.6917017403799], [-73.95175747265552, 40.691329311765415], [-73.95161156477388, 40.69059670098482], [-73.95146465506136, 40.68986334210192], [-73.9514461241351, 40.68977050846452], [-73.95131894916952, 40.6891318502364], [-73.95117458175874, 40.688399200625696], [-73.95102806095984, 40.68766648951475], [-73.95096225456092, 40.68733318409104], [-73.95095062884151, 40.68727429814937], [-73.95088315080294, 40.686932518117274], [-73.95073580076485, 40.68620366664642], [-73.95059026521116, 40.68546662642553], [-73.95044580314341, 40.684734761667904], [-73.95029937931986, 40.68400140996584], [-73.95015504115861, 40.68326896843244], [-73.95000845846971, 40.68253675980906], [-73.94986111051827, 40.68180401929476], [-73.94971436999083, 40.68107006309548], [-73.94955688784962, 40.680390402954444], [-73.94958434326112, 40.67963645923139], [-73.94964710550468, 40.67896292883335], [-73.94967902244919, 40.67856596893385], [-73.94967567469236, 40.67845668101133], [-73.94969681251791, 40.67836183904491], [-73.94976981955483, 40.67765172504078], [-73.94984427107585, 40.67687469430256], [-73.9499153037209, 40.67609615809556], [-73.95000107429814, 40.67520429836408], [-73.95008237146901, 40.67431280574394], [-73.95016597205908, 40.67342233155153], [-73.9502511331033, 40.672529868640446], [-73.95033415052136, 40.67163825833499], [-73.95041820530821, 40.670748243135456], [-73.95048181934888, 40.67006767980812], [-73.950502275036, 40.669865351766155], [-73.9505142303686, 40.6697208376641], [-73.95052135111237, 40.669644543641624], [-73.95058485610096, 40.66896466451367], [-73.95066807793656, 40.66807246023987], [-73.95075133216042, 40.66718142649692], [-73.95083576766137, 40.66628919541929], [-73.95091869730163, 40.665399268865364], [-73.95100367303334, 40.664683133641674], [-73.95097410081426, 40.663904867946336], [-73.95089293468524, 40.663125759788095], [-73.9508104172388, 40.66235357769486], [-73.95072412669766, 40.66156906488482], [-73.9506444406276, 40.66082713119366], [-73.95056848283703, 40.660116545067744], [-73.95049313983151, 40.659405105407124], [-73.95041539955521, 40.6586931504093], [-73.95032596692067, 40.657837431740575], [-73.95024701129603, 40.65709514656312], [-73.95015966034214, 40.656260230449206], [-73.95006664948625, 40.655422997401864], [-73.94993008847783, 40.654150327161595], [-73.9497687497989, 40.65264232254971], [-73.94966851122201, 40.65169751885865], [-73.94957113051399, 40.65080789994857], [-73.94946507245754, 40.649779975546636], [-73.9493700370754, 40.648923046096776], [-73.94928589531771, 40.64814094531805], [-73.94915204630928, 40.646885834386055], [-73.94896388121839, 40.64513167690004], [-73.9488884149412, 40.64442649260658], [-73.94876122745268, 40.64324500192898], [-73.9485146903501, 40.64094537197173], [-73.94841343329185, 40.63998746383108], [-73.94829249802038, 40.638862933566664], [-73.94826499655828, 40.638607190064924], [-73.94801465989583, 40.63626695263398], [-73.947773303887, 40.63399815632733], [-73.947699317461, 40.632884747613765], [-73.94754292007839, 40.63158077823753], [-73.94745837092636, 40.63059041125639], [-73.94732672217377, 40.629166566374316], [-73.94687439927596, 40.626773667978554], [-73.94642266044022, 40.62438556722587], [-73.94596849785877, 40.62199481541309], [-73.94551663558617, 40.61960561117862], [-73.94506642771746, 40.61721268619906], [-73.94486012292687, 40.61620515664154], [-73.9448277094102, 40.616046208138854], [-73.94479547225595, 40.615888530344264], [-73.94457366485575, 40.6148037720994], [-73.94443614636495, 40.61408080695153], [-73.94430888305993, 40.613411738247414], [-73.94417450657815, 40.61272253834934], [-73.94405560989506, 40.61199284212915], [-73.94380032049264, 40.61071911822919], [-73.94369954063066, 40.610214039331694], [-73.943640911665, 40.609858816980015], [-73.9435469807254, 40.60934655419862], [-73.9432783472683, 40.60779621977399], [-73.94320833954288, 40.60739216520511], [-73.942768962326, 40.60507244686689], [-73.94231783659772, 40.60268382955169], [-73.94189057607858, 40.600427418649424], [-73.94184471085423, 40.60019824850858], [-73.94176122385105, 40.599753920861716], [-73.9417065685233, 40.5994746141069], [-73.94148000359178, 40.598304390550275], [-73.94138092379693, 40.59779217320281], [-73.94136436713241, 40.59770657728056], [-73.94129863483658, 40.59736675219781], [-73.94127905122991, 40.597265507230745], [-73.9412382812494, 40.597054729853724], [-73.9412055979435, 40.596885761563], [-73.94106837009495, 40.596176290944875], [-73.94105584441193, 40.59611153242788], [-73.94101897075655, 40.59592089443886], [-73.94091644299921, 40.5953894729498], [-73.94090202209185, 40.59531473023979], [-73.94085213892099, 40.59505617885955], [-73.94081668388141, 40.59487240079887], [-73.94077966502003, 40.594680527117326], [-73.94075108374206, 40.594532378160444], [-73.94069017622382, 40.59421667651837], [-73.94067085221612, 40.59411651307793], [-73.9406113271608, 40.593807967650704], [-73.9405873876322, 40.59369484958402], [-73.94020105068974, 40.591684006194875], [-73.93979603774648, 40.58956559281211], [-73.93938542571247, 40.587307711423236], [-73.93930762246427, 40.58692667592714], [-73.93919697460404, 40.58628192354477], [-73.93914504074993, 40.585979824385255], [-73.93911625497972, 40.58574790627011], [-73.93910708117103, 40.5856903408329], [-73.93909652635412, 40.585633007898274], [-73.93904294222735, 40.58540589351122], [-73.93896692204002, 40.58507005684916], [-73.93889867906005, 40.584754036686256], [-73.93881183147371, 40.58427112959381], [-73.9387516800959, 40.58396897179], [-73.93873776047775, 40.58389903778957]]]}",42389.7255883
"{'type': 'MultiLineString', 'coordinates': [[[-73.92232773957728, 40.71659264416876], [-73.92153811062556, 40.716795155824336], [-73.91930947269537, 40.7174171017966], [-73.91805035214426, 40.717765420449616], [-73.91736099682868, 40.717954088904754], [-73.91684759116194, 40.71809792876938], [-73.9161162413562, 40.718302823546715], [-73.91516686560222, 40.718554566172216], [-73.91426525282044, 40.71881117408509], [-73.91339851050118, 40.719051086797315], [-73.91232114297412, 40.719348386182], [-73.91152490703097, 40.719567779806695], [-73.9113209510494, 40.71962422986545], [-73.91048376275968, 40.71985695731288], [-73.90830382749033, 40.720459583149186], [-73.90794472228214, 40.72058449451105], [-73.90688128717436, 40.72096405172697], [-73.90633123385324, 40.72116037600039], [-73.90581196432234, 40.7213471323985], [-73.90476018886547, 40.72172540892181]], [[-73.90476018886547, 40.72172540892181], [-73.9044350747821, 40.721842331904895], [-73.90181157329891, 40.72280241844504], [-73.90057737007173, 40.72318557898006], [-73.89960908934114, 40.723682064287566], [-73.89868487320744, 40.724153617181024], [-73.8984361137527, 40.72428072110266], [-73.89670687349285, 40.725166923308514], [-73.89633747717693, 40.725363685890606], [-73.89621629404343, 40.72543158321715], [-73.89607301499129, 40.725512445823725], [-73.8958576562138, 40.7256339983468], [-73.89534070119436, 40.72592049683051], [-73.89464310329271, 40.72633810142689], [-73.89440894860938, 40.72647881668676], [-73.89386553054077, 40.72680436456915], [-73.89327388071418, 40.72719210029508], [-73.89228492955979, 40.72775829236215], [-73.89151763217082, 40.7281616306086], [-73.89131847108001, 40.72826360109156], [-73.89118136824628, 40.728328658579926], [-73.89105554008852, 40.72840747735104], [-73.89094440704797, 40.728498182218445], [-73.89085062591654, 40.72859829303838], [-73.89000799355811, 40.72945011505665], [-73.8899163778065, 40.72953977316155], [-73.88980788289368, 40.72962078726219], [-73.88968484869186, 40.72969052196121], [-73.88955047007106, 40.72974688118983], [-73.88940863558618, 40.72978850167027], [-73.88926343013642, 40.72981484699799], [-73.88805975279203, 40.730087229946314], [-73.88755962165978, 40.730197055048215], [-73.88729049665362, 40.73024518530643], [-73.88702614838333, 40.73031037526668], [-73.88676937114757, 40.730392142334914], [-73.88652279416968, 40.730489639972205], [-73.88628884601907, 40.73060170268147], [-73.88559490536072, 40.730930439588825], [-73.88538736581114, 40.73105520586595], [-73.88522268210001, 40.73130130496552], [-73.88477460244384, 40.731970853331234], [-73.88452202063976, 40.732392921028385], [-73.88410869758748, 40.73309498472246], [-73.8838108707584, 40.73355953539218], [-73.88352910374742, 40.733848278066795], [-73.88251329738608, 40.73459073324915], [-73.88210658797986, 40.73487395082812], [-73.88183593222965, 40.73506476137099], [-73.88144884011335, 40.73534418759016], [-73.88110449914747, 40.73557405663145], [-73.88066189040049, 40.735707873653816], [-73.88051536847617, 40.73575217082755], [-73.87952861917391, 40.736018512804065], [-73.87917641715157, 40.736112346023674], [-73.8786668974105, 40.73624809328944], [-73.87801811210846, 40.73641920782865], [-73.8778375219684, 40.736585732052866], [-73.87771887604976, 40.73670178704356], [-73.87766946511634, 40.73675259979183]], [[-73.90476018886547, 40.72172540892181], [-73.90477828611823, 40.72190768622047]]]}",14853.3958136
"{'type': 'MultiLineString', 'coordinates': [[[-73.94216076916554, 40.715063047985616], [-73.94206584949458, 40.7147288658252], [-73.9419273099014, 40.714445448571915], [-73.941713021821, 40.71400706356169], [-73.94138523781486, 40.71334707494885], [-73.94104052153767, 40.71266585163138], [-73.94068803122936, 40.71196204740367], [-73.94047713509309, 40.711562643005934], [-73.94042252082215, 40.711217647015275], [-73.94035263869365, 40.710780151585155], [-73.94034528737726, 40.71072327329976], [-73.94033812619142, 40.71067743087489], [-73.94031392578431, 40.71052251331875], [-73.94019610684809, 40.709821278202924], [-73.94018405891181, 40.70974855566767], [-73.94017646011197, 40.70970268598403], [-73.94016610476173, 40.709640177923035], [-73.94014964664767, 40.709540828576436], [-73.94007704108813, 40.70910254531843], [-73.93995806835446, 40.70838980069058], [-73.93983705785507, 40.7076536865359], [-73.93971460688611, 40.706918291836715], [-73.9395975177923, 40.70621044729873], [-73.9395568003168, 40.70597463416918], [-73.93953720094046, 40.70586112519334], [-73.93947526028361, 40.70550239994405], [-73.93943268381881, 40.70525582645727], [-73.93940328423967, 40.705148036843546], [-73.93931237706664, 40.704814737477534], [-73.93912708491922, 40.70456591828846], [-73.93881390828486, 40.704263190183525], [-73.93859904952932, 40.7040666372211], [-73.93848804207177, 40.70395457228916], [-73.93840958130266, 40.70390008358515], [-73.93794580304206, 40.703620249866745], [-73.93794577584167, 40.70362023364289], [-73.93778363954952, 40.70352464142848], [-73.93763129290576, 40.70337347919606], [-73.93731795439072, 40.70271370198404], [-73.9372632059702, 40.702582852075004], [-73.93714327329593, 40.70229620138909], [-73.93698074018661, 40.70191027731036], [-73.93672853721068, 40.70130324960227], [-73.9364609191741, 40.70064387681225], [-73.93608563169403, 40.700042133122906], [-73.93546994182172, 40.69907163066996], [-73.9347615457289, 40.69870008510536], [-73.9339863104606, 40.69826454244111], [-73.93369647086983, 40.69810428271354], [-73.93324669603211, 40.69785559021761], [-73.93226890595326, 40.69731658894303], [-73.93184246615849, 40.697077651807916], [-73.93108350656017, 40.69665918094261], [-73.93049952920437, 40.69633704144337], [-73.93034849229538, 40.696253651802756], [-73.92989415106074, 40.69600454624201], [-73.9295846844892, 40.69584031179366], [-73.92923532097058, 40.69564320937931], [-73.92843149326642, 40.69520463890944], [-73.92825892971794, 40.69511024866604], [-73.92749760910532, 40.69469667025135], [-73.92722661123523, 40.69454814869697], [-73.92673531868341, 40.694280600739376], [-73.92648129215215, 40.69414089524068], [-73.92597231330716, 40.69386595750634], [-73.92571481434376, 40.69372487028768], [-73.92520550644694, 40.69345465662529], [-73.92495141496786, 40.693315226847886], [-73.92443918361181, 40.693041135662824], [-73.92418482372264, 40.692901244745634], [-73.92367174853653, 40.69262569974401], [-73.92291852866948, 40.69221296974149], [-73.92223097573005, 40.69182299012299], [-73.92141022950867, 40.69135271576527], [-73.92065676889703, 40.690927525613326], [-73.91990530966628, 40.69049879287378], [-73.91915367536046, 40.69007606150025], [-73.9184001548842, 40.68964598466466], [-73.91764894899173, 40.689217552461606], [-73.91689895885806, 40.68878957546492], [-73.91614713453271, 40.68836025945356], [-73.91539430890958, 40.687935215205115], [-73.91464246693958, 40.687507041948415], [-73.91389232592444, 40.68707915318685], [-73.91313937842398, 40.68665173465943], [-73.91238836895027, 40.686224213594365], [-73.91163717959364, 40.685796867562615], [-73.91088689953806, 40.685369049033945], [-73.91013193504752, 40.68493955597344], [-73.90938110484353, 40.684512933825886], [-73.90862943376837, 40.684085405567046], [-73.90787839991688, 40.683657413615634], [-73.90712596682881, 40.68323028009662], [-73.90637531999681, 40.68280154016471], [-73.90575779370178, 40.68244910595637], [-73.90564184425168, 40.682382931171624], [-73.90487526929189, 40.68194711730122], [-73.90448573814174, 40.68171391341755], [-73.90411635062722, 40.68151453481876], [-73.90404941923576, 40.681476685323275], [-73.90400616458622, 40.68145364379632], [-73.90337375623885, 40.68109084188591], [-73.90262262414358, 40.6806645028997], [-73.90075235989046, 40.679676643881535], [-73.90047001123439, 40.679535244271875], [-73.90024537677189, 40.67942279064225], [-73.89984847598011, 40.679222315402676], [-73.89886906743577, 40.678737261698274], [-73.89792420870745, 40.67826273748286], [-73.89772205971774, 40.678164437836465], [-73.89761600370466, 40.678111987561266]]]}",19213.543163
"{'type': 'MultiLineString', 'coordinates': [[[-73.9689420644945, 40.672887491216976], [-73.96877444158035, 40.67294236736467]], [[-73.96877444158035, 40.67294236736467], [-73.96866306101127, 40.67306544470798]], [[-73.96888104048745, 40.672980352961325], [-73.96877444158035, 40.67294236736467]], [[-73.96866306101127, 40.67306544470798], [-73.96857556333936, 40.67306757487476], [-73.96848802727219, 40.6730683487886], [-73.96840048829777, 40.67306776555873], [-73.96831298426824, 40.673065826996556], [-73.96822554830595, 40.67306253221081], [-73.96813821944586, 40.673057883013435], [-73.96805103317446, 40.67305188121563], [-73.96796402497755, 40.67304453042962], [-73.96787723152387, 40.67303583336755], [-73.96779068948257, 40.67302579184126], [-73.96770443197244, 40.673014412164214], [-73.96761849802712, 40.67300169795003], [-73.96753292076518, 40.67298765551245], [-73.96744773685411, 40.67297228936515], [-73.96724424284122, 40.67293717815507], [-73.96704144916147, 40.6728997965867], [-73.96683939722644, 40.67286015187979], [-73.96663813199525, 40.672818252155864], [-73.96643769606034, 40.67277410733711], [-73.96623813437995, 40.67272772554564], [-73.96603948836206, 40.67267911850489], [-73.96584180059823, 40.67262829523738], [-73.965645114861, 40.67257526746776], [-73.96544947373955, 40.672520046920525], [-73.96525491864061, 40.67246264441974], [-73.96506149096871, 40.67240307349119], [-73.964869234494, 40.672341346760966], [-73.96467818825505, 40.6722774768542], [-73.96454461948443, 40.67223312861725], [-73.96441025060977, 40.67219020549308], [-73.96427510764063, 40.67214871379058], [-73.96413921658366, 40.672108664321414], [-73.96400260581396, 40.672070062494875], [-73.96386529897326, 40.672032917320976], [-73.96372732561844, 40.67199723511023], [-73.963588710574, 40.671963023972765], [-73.96344948221471, 40.67193028841778], [-73.96330966654699, 40.67189903745658], [-73.9631692919451, 40.67186927559872], [-73.9630283855998, 40.67184100825394], [-73.96288697470091, 40.67181424263323], [-73.96274508643981, 40.67178898234565], [-73.96257123199105, 40.67162224503224], [-73.9613369558936, 40.67135677106732], [-73.95904725339012, 40.67088226717385], [-73.95797317206407, 40.67065727325965], [-73.95526963676039, 40.67012490470889], [-73.9532701976612, 40.67000720501065], [-73.95160495983903, 40.669923718657195], [-73.9508746963498, 40.66988709945662], [-73.950502275036, 40.669865351766155], [-73.94772996298511, 40.669713442306374], [-73.94638463424363, 40.669636680096446], [-73.94522645610196, 40.66957058327333], [-73.94496468500272, 40.669555873592635], [-73.94219628397714, 40.6694033040344], [-73.93942695601416, 40.66924868442502], [-73.93665702084654, 40.66910057067312], [-73.93388773618578, 40.668950445479055], [-73.93111937759498, 40.66879854228773], [-73.92834967207139, 40.668647193886784], [-73.92560682554218, 40.66850525248274], [-73.92552759836242, 40.66849969006512], [-73.92263210758783, 40.668373210868616], [-73.92252174187912, 40.66838359068253], [-73.92216462321319, 40.66854185303145], [-73.9207076123841, 40.66917415124562], [-73.92008760221404, 40.66942678611326], [-73.92002028101294, 40.66945423207997], [-73.91996590459641, 40.669476373069294], [-73.91988853115666, 40.66950823439859], [-73.91888870437708, 40.66991997908315], [-73.91863710398715, 40.670023561554], [-73.918556603057, 40.670056703009436], [-73.91702441958114, 40.6706874739517], [-73.91695971654175, 40.67071409964353], [-73.91503516036994, 40.671502734866735], [-73.9141303899447, 40.67187618325892], [-73.9131168013473, 40.672292973368464], [-73.91156822950593, 40.672930249149054], [-73.91132634682565, 40.67303782857347], [-73.91123038440243, 40.673078483989926], [-73.91104783390531, 40.67321632989316], [-73.9101131549776, 40.673922129007835], [-73.90915701365975, 40.67465326295503], [-73.90826511202025, 40.675326655877164], [-73.90819459017158, 40.67537891776768], [-73.90810390079197, 40.67606968468968], [-73.90809662113718, 40.67612515962053], [-73.90808819399983, 40.67618933261134], [-73.90808686995074, 40.676204286410446], [-73.90808364036891, 40.67624073038415], [-73.9080792004434, 40.67628686023319], [-73.90797555671682, 40.677363478366004], [-73.90785772579414, 40.678115980542785], [-73.90782793161058, 40.67817068007774], [-73.90780012296956, 40.67820341133032], [-73.90753392416686, 40.678416106479006], [-73.9072294990395, 40.678661980285476], [-73.90642210309137, 40.67929559517907], [-73.90549303529438, 40.68003715727812], [-73.90545314601134, 40.680072739870745], [-73.90518653570389, 40.680317253408425], [-73.9042485047007, 40.68127611922776], [-73.90417003333154, 40.68135180880238], [-73.9041119692641, 40.6814133070096]], [[-73.96882876473522, 40.67314217669208], [-73.96866306101127, 40.67306544470798]], [[-73.9041119692641, 40.6814133070096], [-73.90400616458622, 40.68145364379632]], [[-73.9041119692641, 40.6814133070096], [-73.90411635062722, 40.68151453481876]]]}",20610.9664418
"{'type': 'MultiLineString', 'coordinates': [[[-73.9121616979414, 40.70192316405101], [-73.91106711710376, 40.70299804846005], [-73.90991485026956, 40.70412607045412], [-73.90898884848414, 40.70503175239863], [-73.90783623887829, 40.7061599601892], [-73.9072693531403, 40.70672226176813], [-73.90673789440352, 40.70723715027122], [-73.90551740736645, 40.70842812627322], [-73.90502624018981, 40.70890903652762], [-73.9049115162316, 40.70898067656931], [-73.9047829517413, 40.709040364265384], [-73.90464396976454, 40.70908596819285], [-73.90449869164189, 40.70911614096624], [-73.90435148237168, 40.70913046294823], [-73.90222087082947, 40.709635012521915], [-73.90114553853685, 40.70988964125892], [-73.90028122382597, 40.71009523899003], [-73.89935599710101, 40.71032318171749], [-73.89757597731936, 40.710774695043]]]}",5403.11136496
"{'type': 'MultiLineString', 'coordinates': [[[-73.93338375524246, 40.674302250738855], [-73.93275036322827, 40.67426678017322], [-73.93115309123777, 40.674177314810954], [-73.93061448233503, 40.674147139167694], [-73.92784085240767, 40.67399598350121], [-73.92594699496628, 40.673891909742785], [-73.9250815231893, 40.67384433802422], [-73.92336008497358, 40.67375071946477], [-73.92324436825616, 40.67374442516549], [-73.9230979740973, 40.67373646230556], [-73.92298622412734, 40.67373038382009], [-73.9221315336803, 40.67368388854757], [-73.91954092571277, 40.67354187776023], [-73.91677231331458, 40.67339069285523], [-73.91400482518993, 40.67323948718008], [-73.91290172488436, 40.67317791940312], [-73.91279027500399, 40.673171698863925], [-73.9126951836284, 40.6731663902464], [-73.9125883804382, 40.67316042788348], [-73.91168802727078, 40.67311016511997], [-73.91161308424198, 40.67299761516629], [-73.91156822950593, 40.672930249149054]]]}",6107.32563232
"{'type': 'MultiLineString', 'coordinates': [[[-73.91194026140363, 40.769010153041734], [-73.91449902452725, 40.76585639871739], [-73.91579117442271, 40.764267771016016], [-73.9178880798275, 40.76169507496012], [-73.91979922377199, 40.759349444172], [-73.92165917112422, 40.75705141981887], [-73.9229047582884, 40.75550616425811], [-73.92415700047485, 40.753961141538944], [-73.92562743839345, 40.75213724401411]]]}",7222.70226735
"{'type': 'MultiLineString', 'coordinates': [[[-73.98437084388918, 40.69368279357963], [-73.98426728769982, 40.69367870014663], [-73.98378735955303, 40.69366157062097], [-73.98359007226253, 40.693656398929996], [-73.98340197158139, 40.69365213053994], [-73.98332265204097, 40.69365014965137], [-73.98329327292053, 40.693641818348105], [-73.98318137748508, 40.6936129901421], [-73.9825109132359, 40.69360661093191], [-73.98243008726442, 40.693606227609486], [-73.98234987478342, 40.69360788848854], [-73.98226689747233, 40.69360477526717], [-73.9818236540233, 40.69358632034561], [-73.98175316909884, 40.693583385226646], [-73.98154757101618, 40.69357778997776], [-73.98147150302823, 40.69357493573763], [-73.98098333164141, 40.693556617121104], [-73.98011299206536, 40.693523880456404], [-73.97916718537309, 40.69348832297816], [-73.9778267944574, 40.69343813909715], [-73.9772258407196, 40.69341465883852], [-73.97708387181255, 40.693409111413544], [-73.9764326198195, 40.69338366107223], [-73.97584815804743, 40.693360818160514], [-73.97498560809389, 40.6933286936223], [-73.97421981250619, 40.693300167474426], [-73.97385472446175, 40.69328655940874], [-73.97355943409246, 40.69326225824293], [-73.97332950082414, 40.693258036712535], [-73.97286187728604, 40.693248416175855], [-73.97187261975088, 40.69320985372014], [-73.97085933791222, 40.69317202410548], [-73.96983118569267, 40.693134243807044], [-73.96880989603997, 40.69312038281147], [-73.96784358606325, 40.69322986237863], [-73.96688041995752, 40.69334171209047], [-73.9659053815794, 40.69343307256073], [-73.9658096879492, 40.693441797156794], [-73.96498367957707, 40.69351526478413], [-73.96405332256042, 40.69362728991989], [-73.96312644421411, 40.693733041078936], [-73.96231848527579, 40.693845198501215], [-73.96221054186806, 40.69386018456314], [-73.96109264192528, 40.69401050388752], [-73.96015854775703, 40.694117309317846], [-73.95931048035057, 40.69421508745938], [-73.95799732967247, 40.69436583882045], [-73.95708701949162, 40.69447043885088], [-73.95614239333247, 40.694579018686646], [-73.9551970421149, 40.69468800292134], [-73.95430689679814, 40.69479056445639], [-73.95341398021613, 40.69489313509441], [-73.95248890954221, 40.695003771239406], [-73.95108284516009, 40.6951639426401], [-73.94920679240767, 40.6953776320998], [-73.94636618957682, 40.695703976939555], [-73.94617846330416, 40.69572557905285], [-73.94605678483775, 40.69573957999037], [-73.94521837297393, 40.69583605032359], [-73.94505524099316, 40.69585496347212], [-73.94484416123855, 40.69587910791264], [-73.94352527447451, 40.69603085485835], [-73.94335303769648, 40.696050598602866], [-73.94321604429021, 40.69606631347989], [-73.94279300152385, 40.696114795602924], [-73.94242149173773, 40.69615738019214], [-73.94233680419488, 40.69616708764402], [-73.94226167978893, 40.69617569850455], [-73.94217061202438, 40.69618613655101], [-73.9420864343966, 40.696195785541526], [-73.94198436810275, 40.696207484927044], [-73.94152445877212, 40.69626019872001], [-73.94070625114982, 40.69635305340132], [-73.94040726758845, 40.69638987042937], [-73.94020994360868, 40.69641107782098], [-73.94003822543715, 40.696430835785], [-73.93976769995993, 40.696463291283855], [-73.93948445994273, 40.696494546282835], [-73.93917199853708, 40.69653049482583], [-73.93884866717686, 40.696567691159714], [-73.93867948752286, 40.696587153077076], [-73.93779110783393, 40.69668934197282], [-73.93522264371686, 40.696986544930745], [-73.93400832706828, 40.69711833759484], [-73.93303600981685, 40.69722525216751], [-73.93283518386497, 40.69724733368399], [-73.93226890595326, 40.69731658894303], [-73.93133782294052, 40.69742072634176], [-73.9312233147715, 40.697433012104575], [-73.92982882492628, 40.69758386800459], [-73.92961505889414, 40.69760699141318], [-73.92931677018878, 40.69764019961797], [-73.9278189496297, 40.69781822888088], [-73.92605948044313, 40.69799954683558], [-73.9253520722746, 40.69808019936974], [-73.92516276186416, 40.69810226506189], [-73.92404932974493, 40.69821408266209], [-73.92274382320825, 40.69834963151225], [-73.92175647314066, 40.698453316830545], [-73.92143493764769, 40.6984865428342], [-73.92013119538916, 40.698621946189725], [-73.91884978791138, 40.69875622578792], [-73.91836650824655, 40.69880745728493], [-73.91752228632281, 40.698893240682935], [-73.91622341562577, 40.699027928784105], [-73.91491247857199, 40.69916595222115], [-73.91468113150569, 40.699190149731095], [-73.9136057052974, 40.69930062295197], [-73.91228895850836, 40.69943955768761], [-73.91103489540197, 40.699532114310976]]]}",20513.6908142
"{'type': 'MultiLineString', 'coordinates': [[[-73.91846133258991, 40.825576923732754], [-73.91793894124827, 40.8265161862657], [-73.9178168333555, 40.82673698368976], [-73.91753305240323, 40.82725011582555], [-73.91722190453474, 40.82780824515175], [-73.91690580275845, 40.82838948573777], [-73.91672872429484, 40.82871082675546], [-73.91665512794225, 40.828844380084476], [-73.91640980859377, 40.82928955058614], [-73.9156989577069, 40.830536696239676], [-73.9150080396427, 40.83172307755952], [-73.91407880660508, 40.83328617928594], [-73.91384400707562, 40.83369345994517], [-73.91371222141647, 40.8339171721541], [-73.91359639269737, 40.83411379577633], [-73.91289915781087, 40.835297350427325], [-73.91139305817629, 40.83786274676345], [-73.91072457242024, 40.83899774422276], [-73.91010293018707, 40.84004852483562]], [[-73.91010293018707, 40.84004852483562], [-73.91002701461974, 40.840176966091576], [-73.90939429843955, 40.84125366016096], [-73.9096245544706, 40.84210962475343], [-73.90958727310355, 40.842756374874284], [-73.90955845677523, 40.84292301377726], [-73.90953427992766, 40.84306281620578], [-73.90946284650731, 40.84377953382251], [-73.90937430226508, 40.844834509858984], [-73.90936312487813, 40.84501386126285], [-73.90935924848156, 40.84505652357215], [-73.90935333526218, 40.845105865937875], [-73.9093419039584, 40.84525393310811], [-73.90928228958136, 40.84612649981482], [-73.909356230442, 40.84625322125188], [-73.9093898884009, 40.84631091525032], [-73.90945712025425, 40.84638190615726]], [[-73.91010293018707, 40.84004852483562], [-73.91014206552401, 40.84021015792739]]]}",8189.18229694
"{'type': 'MultiLineString', 'coordinates': [[[-73.8632829707328, 40.6790793707224], [-73.86286742435509, 40.67912212077082]], [[-73.86286742435509, 40.67912212077082], [-73.86234580567161, 40.679164784791475], [-73.86140618651744, 40.67922099265866], [-73.86070861813697, 40.6792637352594], [-73.86046658775535, 40.67927856166258], [-73.85952486221099, 40.67934546775037], [-73.85858962541734, 40.67940272958532], [-73.85819836068865, 40.679430848430826], [-73.85779268475552, 40.67945571528492], [-73.85721078503586, 40.67948586430376], [-73.85683137076182, 40.67950933754186], [-73.85653410344443, 40.67952772501447], [-73.85439330782879, 40.679660113166904], [-73.85398014818762, 40.67968303451045], [-73.8534304541208, 40.679717414291204], [-73.8532573541247, 40.67972837896537], [-73.85255491057835, 40.67978851791974], [-73.85202067642993, 40.67981313658014], [-73.85159525259078, 40.679832733198644], [-73.8506600812084, 40.679891605638495], [-73.84972606023601, 40.679948391790745], [-73.84879028919008, 40.68000943650722], [-73.84783599171853, 40.6800657484245], [-73.84686753716633, 40.68013085864248], [-73.84589207663431, 40.68018637884604], [-73.84487621578108, 40.68027909966317], [-73.84474771184847, 40.68028800354536], [-73.84463991165455, 40.680295377348315], [-73.8444690570515, 40.68031609252616], [-73.84389179590697, 40.680415961435585], [-73.84348847925708, 40.68050271493947], [-73.84314642775992, 40.680594321495015], [-73.84271714667891, 40.68066629005338], [-73.84223628260993, 40.68074690328908], [-73.84133713201234, 40.68091526107811], [-73.84046716522617, 40.68108084270074], [-73.8402871767659, 40.68111582118669], [-73.84012856095364, 40.681146650695624], [-73.83952877057875, 40.68126341412618], [-73.83865065774776, 40.68143823696605], [-73.83779738306526, 40.68167058605101], [-73.83697486268693, 40.68198801708849], [-73.83615755325592, 40.68241529456482], [-73.83536864534443, 40.682843219217624], [-73.83505586048778, 40.683014823792156], [-73.83458331073491, 40.683276240508725], [-73.83429338004689, 40.68343190971792], [-73.8337899501329, 40.68369322466695], [-73.83352413600569, 40.68380615227924], [-73.83295016274155, 40.68402929667939], [-73.83272599108116, 40.68411632103063], [-73.8321117805037, 40.68435831357495], [-73.83190525454113, 40.6844412827356], [-73.83112126991725, 40.684749975187955], [-73.83028044179449, 40.685075409106986], [-73.82945997836212, 40.685400389790836], [-73.82862734746864, 40.685654845150324], [-73.82773807210165, 40.68574395611679], [-73.82684687615475, 40.685838307328694], [-73.82593749842104, 40.68593649635692], [-73.8250504808803, 40.68602792231207], [-73.82498526389674, 40.68603504977844], [-73.82492029100172, 40.686043372563255], [-73.82485560242462, 40.68605288622561], [-73.8247912336652, 40.68606358541686], [-73.82472722141117, 40.68607546298942], [-73.82466360589683, 40.686088512701545], [-73.82460042144403, 40.68610272740204], [-73.82453770592838, 40.68611809814422], [-73.8244754972257, 40.68613461598153], [-73.82441382847995, 40.68615227196012], [-73.82435273757429, 40.68617105443203], [-73.82429226001885, 40.68619095444727], [-73.82423243015293, 40.68621195855145], [-73.82417328467712, 40.68623405509498], [-73.82329732284349, 40.68657453999501], [-73.82317932883744, 40.68662046513837], [-73.8224537746378, 40.68690329850471], [-73.82218338379448, 40.68700853848048], [-73.82161514341587, 40.68722655630337], [-73.82118522752153, 40.68739544710642], [-73.82079359469765, 40.68754589934146], [-73.82016528861342, 40.68778902187455], [-73.81933260496965, 40.68811344300217], [-73.8185671023588, 40.688409219593254], [-73.81847352370103, 40.688445254723305], [-73.81789259694705, 40.688668943418094], [-73.81762794430094, 40.68877261487316], [-73.8170653561873, 40.68899358188119], [-73.81642462981142, 40.6892430029723], [-73.81628171345734, 40.68930118322274], [-73.81554789267929, 40.68959988996257], [-73.81480506694737, 40.69004688338663], [-73.8140923886375, 40.6905608289917], [-73.81340516826138, 40.69104603008379], [-73.81309863177691, 40.69131810147714]], [[-73.86330964212888, 40.679167969014], [-73.86286742435509, 40.67912212077082]], [[-73.81354014267274, 40.691211368210595], [-73.81309863177691, 40.69131810147714]], [[-73.81309863177691, 40.69131810147714], [-73.81271762204317, 40.69140780282675], [-73.81186315171169, 40.69163007995614], [-73.81098810620374, 40.691855044613874], [-73.81072587565131, 40.69192242241662], [-73.81063298296846, 40.691947382265916], [-73.81054216736736, 40.69197245892459], [-73.8102695803949, 40.692045248744385], [-73.80971017143622, 40.69219938482023], [-73.80890216941177, 40.69256434848559], [-73.8080127108592, 40.693296192630406], [-73.80768318024022, 40.693567454781466], [-73.80752656974073, 40.693687285646625], [-73.80712883532256, 40.69401354273266], [-73.80686591627823, 40.694228135777024], [-73.80624271156425, 40.69474072305529], [-73.80535562057192, 40.6954602684248], [-73.80469565159673, 40.69600625003228], [-73.80448983795445, 40.69616930800074], [-73.80422610313349, 40.69638233480765], [-73.80357292454264, 40.696934453999795], [-73.80236721399956, 40.697874400291546], [-73.8010532030428, 40.69841908200094], [-73.80028181877805, 40.69872004878494], [-73.79954117497905, 40.69916046359561], [-73.7994756017944, 40.69920333002844], [-73.79932139878788, 40.69930413501784], [-73.7986866215013, 40.699715381988575], [-73.79760073212663, 40.70017677335403], [-73.79755497701028, 40.70019621603806], [-73.79677023218083, 40.70051303076214], [-73.79558871822611, 40.70089910434157], [-73.79463941908055, 40.70123736770909], [-73.79350252515985, 40.701699422753535], [-73.7923917035784, 40.70216652946407], [-73.79213732419115, 40.70220336966204], [-73.79187893514963, 40.702221793733415], [-73.79161998895079, 40.702221571966646], [-73.79150083691204, 40.70222313830881], [-73.79138194552365, 40.70223593981745], [-73.79126603321171, 40.70225980492252], [-73.79115569687438, 40.70229407556633], [-73.79055566910534, 40.70256779525919], [-73.78999405884798, 40.70287141596349], [-73.78977597327403, 40.70297886345296], [-73.78966391535675, 40.7030394884778]], [[-73.78966391535675, 40.7030394884778], [-73.78919308977139, 40.703204384809325], [-73.78835413985291, 40.7034602302466], [-73.78804161474959, 40.703555596862316], [-73.7875169000407, 40.70371508216356], [-73.78597976465365, 40.70418661625777], [-73.7848487631677, 40.70458556981496], [-73.78442027368838, 40.70476246657743], [-73.78256582675361, 40.705424863738706], [-73.78147887437477, 40.70545525090139], [-73.78034491235772, 40.70541241634423], [-73.77978968541127, 40.7054563001469], [-73.77935524391786, 40.70552015213967], [-73.77891462446189, 40.70556622348079], [-73.77846969848287, 40.7055940764486], [-73.77802243162846, 40.705603417613666], [-73.7775748363187, 40.705594125665215], [-73.77712891261469, 40.70556623779025], [-73.77668664814679, 40.70551996768321], [-73.77624997086232, 40.705455678438184], [-73.77582076076962, 40.70537390598313], [-73.77559218774222, 40.70532930746891], [-73.7750746230297, 40.7052399838257], [-73.77418062754123, 40.705086866847324], [-73.77302350187128, 40.70485787649691], [-73.7727751841085, 40.704809506212506], [-73.77191330090702, 40.70464651941508], [-73.77178898906391, 40.704617114354804], [-73.77088280708217, 40.704402747681144], [-73.77031171295397, 40.70425464549964], [-73.769832670178, 40.704130417125626], [-73.76949368689797, 40.70404630699193], [-73.76935248700372, 40.704007985496666], [-73.76880623741644, 40.703859727492684], [-73.76848279425143, 40.70376854862891], [-73.76780765965322, 40.70357429842075], [-73.76749814466046, 40.703493815978], [-73.76721091915944, 40.70336711833296]], [[-73.79063724014655, 40.70307749068968], [-73.79048180993276, 40.703038701877], [-73.79032005538564, 40.7030123014153], [-73.79015458072116, 40.70299906846833], [-73.78998821161777, 40.702999341366315], [-73.78982375268593, 40.703013008159836], [-73.78966391535675, 40.7030394884778]], [[-73.76721091915944, 40.70336711833296], [-73.76699140665278, 40.7031408970778]], [[-73.76721091915944, 40.70336711833296], [-73.76710521469757, 40.70333720552243], [-73.76699329358684, 40.70331874358461], [-73.7668784657195, 40.70331265863096], [-73.76676425652924, 40.70331914420319], [-73.76665413500916, 40.70333761569773]]]}",30225.2286924
"{'type': 'MultiLineString', 'coordinates': [[[-73.86719602545367, 40.860227577817966], [-73.86751300034548, 40.860344077667904], [-73.86750873650506, 40.86050418818673]], [[-73.86750873650506, 40.86050418818673], [-73.8674912320675, 40.86048532080693], [-73.86747203673237, 40.860467426714], [-73.86745124402567, 40.86045059336214], [-73.86742895341413, 40.86043490280952], [-73.86740527504946, 40.86042043172359], [-73.86738032383823, 40.86040725137441], [-73.86735422300512, 40.86039542493716], [-73.86732709697141, 40.860385010185574], [-73.86729908084709, 40.860376057701814], [-73.86727030975261, 40.860368612665276], [-73.86724092476008, 40.8603627094564], [-73.86721106813476, 40.860358378855125], [-73.86718088572326, 40.860355639939286], [-73.8671505257531, 40.86035450728721]], [[-73.86750873650506, 40.86050418818673], [-73.86748632632921, 40.86134554520346], [-73.8674221373278, 40.863212702101286], [-73.86736050990989, 40.86542917948505], [-73.86731754612212, 40.866577083962525], [-73.86727556771353, 40.86789023732058], [-73.86724920790151, 40.868777947658415], [-73.86724734855501, 40.86884060699687], [-73.86724125577608, 40.86904576395782], [-73.86723961011164, 40.869101205213816], [-73.86723454361531, 40.86927178184189], [-73.86723319687047, 40.86931712264722], [-73.86722814421323, 40.86948728686012], [-73.86722700349364, 40.869525684225366], [-73.86722463034144, 40.869605634165005], [-73.86722382412323, 40.86963275058076], [-73.86722064673847, 40.86969426206941], [-73.86718824030345, 40.87060455482733], [-73.86715864186503, 40.871441912829106], [-73.86709627662432, 40.873212725871824], [-73.86706606753337, 40.87432469493297], [-73.86703824272092, 40.875212040514036], [-73.86703614080874, 40.875265888215594], [-73.86700854109964, 40.87597445900753], [-73.86699090201495, 40.87616919634059], [-73.86699036798468, 40.87619003843244], [-73.86698909158473, 40.876239795255294], [-73.8669879862766, 40.876282899465814], [-73.86698718332458, 40.876314224734394], [-73.8669831290537, 40.87634174979585], [-73.86692657476424, 40.876603499820654], [-73.86690543188223, 40.87665602614406], [-73.86687001244546, 40.87674401884122], [-73.86679689855892, 40.8768793769392], [-73.86670848189937, 40.87700798166143], [-73.86662591892271, 40.87716946990879], [-73.86648908601252, 40.877392425690545], [-73.86629101473983, 40.87772045138158], [-73.86615462454267, 40.87794631583695], [-73.86592742539399, 40.878308988492265], [-73.86577049477033, 40.878559679379954], [-73.86534956565524, 40.87924128986853], [-73.86529882651061, 40.8793279746725], [-73.86524807923864, 40.879412165091665], [-73.8650004717721, 40.879804776643944], [-73.86451915741905, 40.88055408493405], [-73.86399035398253, 40.88144097472055], [-73.86358892212036, 40.88216832010113], [-73.86356036416912, 40.88222606162821], [-73.8631925894566, 40.882881145180015], [-73.86280341949205, 40.88357438272386], [-73.86241598077615, 40.88428139839545], [-73.86202897654633, 40.88498662123412], [-73.86163946017916, 40.88569258708609], [-73.86124783730692, 40.88639648689407], [-73.86086181547387, 40.88709673606708], [-73.86045233853137, 40.88780345702763], [-73.86008035542504, 40.88851144657108], [-73.85968348776655, 40.889222736384895], [-73.8593010969935, 40.88992422709609], [-73.8589082446256, 40.890631061565244], [-73.85851807985009, 40.8913373666218], [-73.85812726326468, 40.89204383966752], [-73.85773180492185, 40.89275399847915], [-73.85736281650651, 40.89341143900425], [-73.8569561942011, 40.89416793730555], [-73.85656121900463, 40.89487296058718], [-73.85615983274477, 40.89559737900778], [-73.8552486305401, 40.89725145725969], [-73.85429882761572, 40.898449654555904], [-73.8541555673413, 40.89862021822318], [-73.85300366260962, 40.899991624804244], [-73.85287399315233, 40.90017482533819], [-73.8515506962263, 40.90204443742008], [-73.85033915122166, 40.903482242531666], [-73.84985704345057, 40.904086886021894], [-73.84957715662736, 40.90502705028346], [-73.84938986681985, 40.90573494667127], [-73.84902198339155, 40.90636611056058], [-73.84888439591708, 40.90651301377735], [-73.84863913327311, 40.9068065221455]]]}",18292.5534099
"{'type': 'MultiLineString', 'coordinates': [[[-73.93139319441936, 40.81374459870732], [-73.93130722893275, 40.813698739215965], [-73.93123600546573, 40.81366672819895], [-73.93115852321469, 40.81363548962966], [-73.93104478916801, 40.81358844181082], [-73.93056965077452, 40.81337329796165], [-73.93039605135722, 40.81330374692137], [-73.9302781270453, 40.8132480249226], [-73.93020618460598, 40.81321763462776], [-73.93002642587923, 40.81311244841287], [-73.92988099693609, 40.8130407047664], [-73.92960639552555, 40.8128286881737], [-73.92949902412525, 40.812752295489865], [-73.9293289057769, 40.8126216281887], [-73.92919178954983, 40.81251967166213], [-73.92894856265805, 40.81233880024993], [-73.92854140976006, 40.81203722497571], [-73.92812468422362, 40.81172456525618], [-73.92729432409226, 40.81107965196085], [-73.92714299869722, 40.810949809094396], [-73.92637705038207, 40.81060851827028], [-73.9262336010863, 40.810545970739355], [-73.9260980717555, 40.81048420793742], [-73.92568875630485, 40.810298472867494], [-73.92562286181979, 40.810268571662824], [-73.92514234033139, 40.810053211827174], [-73.92416803365687, 40.80964255940382], [-73.92288629831864, 40.80910586417489], [-73.92004556663724, 40.80790679760291], [-73.91921450645536, 40.80755372172925], [-73.91897574139334, 40.807451038721034], [-73.91884582017894, 40.80739501917714], [-73.91880475936993, 40.80737731347993], [-73.9184767593189, 40.80723588473747], [-73.91749751849744, 40.80681363592105], [-73.91659680707488, 40.80644909181625], [-73.91648862952768, 40.8064033987438], [-73.91520117467704, 40.805849944429966], [-73.91474657925964, 40.80565451608634], [-73.91452196717304, 40.805556502463986], [-73.91425030871504, 40.80544198059231], [-73.91405272050476, 40.8053577277615], [-73.91278767895513, 40.80483975894561], [-73.91248551632609, 40.804724500223266], [-73.91235007149935, 40.80466313637816], [-73.91227942484338, 40.804639318475076], [-73.91220877824985, 40.804615491523556], [-73.91217126399607, 40.80460250476857], [-73.91212496170098, 40.80458646761627], [-73.91205562980001, 40.80456238943306], [-73.91201652964143, 40.804547861564465], [-73.91197638466772, 40.804525858743325], [-73.91184760122282, 40.80445525126696], [-73.91133835395347, 40.804221820592154], [-73.91109259388583, 40.80411553451946], [-73.90958217566958, 40.80346228942488], [-73.90847018707801, 40.80281784400466], [-73.90729383610503, 40.80213158798061], [-73.90620386814133, 40.80149299238101]]]}",8320.9683348
"{'type': 'MultiLineString', 'coordinates': [[[-73.9378609512829, 40.749180449322246], [-73.93765825120718, 40.74882020119726]], [[-73.9378609512829, 40.749180449322246], [-73.93755922146795, 40.74891752020672], [-73.93742318386833, 40.74891661701372], [-73.93739653736574, 40.74891643954238], [-73.93745906692617, 40.748982912868385], [-73.93752799777576, 40.74904940403989], [-73.93759818986379, 40.749117110635744], [-73.93766069718218, 40.74917740006132], [-73.93782704872874, 40.74941481660433], [-73.93793335861055, 40.74960854852063], [-73.93798927898763, 40.74968852198149]], [[-73.93798927898763, 40.74968852198149], [-73.93790844904741, 40.74965649065479], [-73.93778563356732, 40.7496078195594], [-73.93758554317, 40.749538628973454], [-73.9373804602943, 40.7494677126565], [-73.9366882169341, 40.74935899522831], [-73.9364566056373, 40.74941256847945]], [[-73.94084762512094, 40.75092390514973], [-73.94064584056743, 40.75083439370432], [-73.940441798863, 40.75073778925158], [-73.94021330456664, 40.75063721852449], [-73.93963348808833, 40.75038201074776], [-73.93883270884308, 40.750040115453515], [-73.93815211087849, 40.749759481170145], [-73.93798927898763, 40.74968852198149]], [[-73.94383536787066, 40.75253012209546], [-73.94271928050358, 40.752036951665936], [-73.94254022247713, 40.751959238876], [-73.94238347750668, 40.75189120750273], [-73.94187442075223, 40.75167028367055], [-73.94177703539847, 40.75162798454872], [-73.94108612412005, 40.751327879119245], [-73.94052030876826, 40.75107939176691], [-73.94039280695829, 40.75102253094124], [-73.9402628150581, 40.750967100487166], [-73.94002099829206, 40.75086061695343], [-73.93944284373315, 40.75060601963435], [-73.93863715954208, 40.75025879932286], [-73.93798209275465, 40.74997208751959], [-73.9378116276499, 40.749897477822344], [-73.93742973669518, 40.74975109363147], [-73.93674544758257, 40.749960239761165], [-73.93616087012254, 40.74967406955908]], [[-73.94940527090466, 40.75416116871745], [-73.94927781131886, 40.75416956931178], [-73.94888953769858, 40.754114285847315], [-73.948422523645, 40.75397386896507], [-73.94760644808828, 40.7536136325058], [-73.94670721574477, 40.75322610159628], [-73.94661583054571, 40.75318599578117], [-73.94589455424122, 40.752869437653494], [-73.94515791622953, 40.752493263199014], [-73.94506238225166, 40.75244918294028], [-73.94424349207667, 40.75209747512218], [-73.94321140517087, 40.75166853902231], [-73.94309870252411, 40.751621699418266], [-73.94285195430962, 40.751510770905554], [-73.94266276685606, 40.751425326031814], [-73.9422716890339, 40.751244717925886], [-73.94213171158626, 40.7511854097014], [-73.94147229367864, 40.75089354310501], [-73.9408560554412, 40.75062318727678], [-73.94073235002314, 40.75056951476283], [-73.9406305725893, 40.75051942842901], [-73.94039600737486, 40.750421993195545], [-73.93984203234237, 40.750177850840764], [-73.93900625961041, 40.74982034259373], [-73.93884828313061, 40.749773378478274], [-73.93849546935444, 40.74961326522384], [-73.93814050838344, 40.74942738624681], [-73.93812743869344, 40.749420634434976], [-73.93811452546628, 40.74941371070912], [-73.93810177462248, 40.74940661507234], [-73.938089187342, 40.74939935202787], [-73.93807676954454, 40.74939192247947], [-73.9380645247799, 40.74938432913064], [-73.93805245541465, 40.74937657378366], [-73.93804056736585, 40.74936866004386], [-73.9380288630009, 40.74936058881309], [-73.93801734468555, 40.74935236279411], [-73.9380060183369, 40.74934398559223], [-73.9379948851373, 40.74933545900919], [-73.93798395100475, 40.74932678574971], [-73.93797321593675, 40.74931796851534], [-73.9378609512829, 40.749180449322246]]]}",8145.22013174
"{'type': 'MultiLineString', 'coordinates': [[[-74.00062303484776, 40.69204149050537], [-74.00019040381073, 40.691896446404684], [-73.99991517387379, 40.69176723011662], [-73.99951274139015, 40.691651450155554], [-73.99936540238605, 40.69161307857668], [-73.99928819557472, 40.69159396023305], [-73.99920161895068, 40.6915718340594], [-73.99910057364849, 40.69153697355332], [-73.99845271841414, 40.691369983628626], [-73.99803048643052, 40.69125372273963], [-73.99776924474496, 40.69119469744385], [-73.99623278138104, 40.69075777436564], [-73.99436092810421, 40.69023947955104], [-73.99236367034456, 40.6896901233194], [-73.99070669561539, 40.689136744078056], [-73.98916812738958, 40.68861555450307], [-73.98700001480103, 40.6877731158012], [-73.98482930741835, 40.68692928504353], [-73.98266032268471, 40.68608648511389], [-73.98070142694966, 40.68532362724398], [-73.97838862608893, 40.68442334165966], [-73.97745722141327, 40.684052286311925], [-73.97677747762242, 40.68381231185826], [-73.97595023386903, 40.683513231631835], [-73.97583963023511, 40.683490959462986], [-73.97483835353911, 40.68328774110113], [-73.97376084949695, 40.68304940813346], [-73.97278529846439, 40.68285263174055], [-73.97229526872287, 40.68275562038561], [-73.9718642425367, 40.68267028754484], [-73.97068348124938, 40.682422914212445], [-73.96966940427934, 40.68221165371191], [-73.96868961418211, 40.68200525727906], [-73.96753196711445, 40.68176878380695], [-73.96657247074177, 40.68156481454925], [-73.96551043388828, 40.681344019207096], [-73.96442177132063, 40.68111907876771], [-73.96435883486576, 40.681105875761105], [-73.96410388286755, 40.681052391506896], [-73.9632920558464, 40.68088158517389], [-73.96134655899188, 40.680463523646374], [-73.95829216831719, 40.679831133389335], [-73.95595862475206, 40.679346246322766], [-73.95529361567164, 40.67920315024317], [-73.9543316197432, 40.679000866272105], [-73.95412766181674, 40.67895797647708], [-73.95298672709704, 40.67872199536486], [-73.95206345282462, 40.678586330101524], [-73.94967567469236, 40.67845668101133], [-73.94869725236676, 40.678417130556234], [-73.94861778002067, 40.678414177426205], [-73.94849632852099, 40.678408657001455], [-73.94837489019133, 40.678402957252], [-73.94825346621614, 40.67839707727782], [-73.9481320577779, 40.67839101888067], [-73.94801066606105, 40.67838478116046], [-73.94788928988378, 40.678378364116824], [-73.94776792924633, 40.67837176865029], [-73.94764658651677, 40.67836499296089], [-73.94752526169465, 40.67835803884981], [-73.94740395478169, 40.67835090541653], [-73.9472826657788, 40.67834359266113], [-73.9471613958691, 40.678336101484696], [-73.94704014505423, 40.678328430986824], [-73.94691891451808, 40.678320581168066], [-73.94415120060353, 40.67815635891699], [-73.94318950758061, 40.678107080201606], [-73.94183266777429, 40.67803310036061], [-73.94173858898502, 40.678027973858015], [-73.94137663755063, 40.67800823083004], [-73.94057204162638, 40.67797019546306], [-73.9398351826547, 40.67792390337187], [-73.93862492601383, 40.677862569460856], [-73.93791077029937, 40.677825193148735], [-73.9371448245297, 40.67778505556279], [-73.93696583601547, 40.6777752500945], [-73.93610313152028, 40.677728001492646], [-73.93602240816284, 40.67772358013317], [-73.93585837123089, 40.67771460162358], [-73.93308084245201, 40.67756328119846], [-73.93278068307737, 40.677546960899704], [-73.93267552561397, 40.67754124328259], [-73.93115581899305, 40.677458622287524], [-73.93105876128722, 40.67745334118637], [-73.93031762770087, 40.677413037932254], [-73.9300709193984, 40.6773983719538], [-73.92993007725956, 40.677390001530384], [-73.92822613871012, 40.67728868788705], [-73.92784239803487, 40.677267051631794], [-73.9277222917813, 40.67726030433007], [-73.92753991304264, 40.67725004891877], [-73.9271490153711, 40.67722971158979], [-73.92702683771807, 40.67722335757651], [-73.92660419547036, 40.67720137823208], [-73.92512050771742, 40.67711972616613], [-73.92505697102615, 40.677116227721825], [-73.92478283605051, 40.67710114441302], [-73.92378873453477, 40.67704607211702], [-73.9228218504504, 40.67699154979965], [-73.9226854041135, 40.676984279287446], [-73.92182361013568, 40.67693835783241], [-73.92094539951415, 40.67688783322017], [-73.92012233283768, 40.67685690028774], [-73.91923562375243, 40.67681319973669], [-73.9183055032045, 40.67675318112318], [-73.9173958699617, 40.67669358393642], [-73.91646486056804, 40.67664703951823], [-73.91554813432266, 40.67659620259297], [-73.91464426954634, 40.67655223883487], [-73.9136960554112, 40.67649567253065], [-73.91276678324337, 40.676445281302186], [-73.9118668328542, 40.67639668805129], [-73.91092600878474, 40.67634444505756], [-73.9100123826409, 40.676291017959144], [-73.90909452370106, 40.676244416071384], [-73.90818642955568, 40.67619470607411], [-73.90808819399983, 40.67618933261134], [-73.90800899717352, 40.676178490150434], [-73.90715715630115, 40.67613878659493], [-73.90612598118786, 40.676082352066025], [-73.90523575480262, 40.67603038296477], [-73.90437645521106, 40.675982430969725], [-73.90401873571919, 40.67595421713497], [-73.9034655366912, 40.67588600944851], [-73.90302610532989, 40.67583811881934], [-73.90287694502494, 40.67582186477347], [-73.90278780864716, 40.67580580624805], [-73.90273305845061, 40.675797771503845], [-73.9026783189241, 40.67578972863798], [-73.90258275522795, 40.675777814992], [-73.9024823885589, 40.675766509546264], [-73.90240132065773, 40.67575737261701], [-73.90222054963587, 40.67573700256093], [-73.90168375554175, 40.675664242734754], [-73.90143394601841, 40.67563492434003], [-73.90118242208061, 40.67561411380062], [-73.90092992866671, 40.675601892793324], [-73.9006772190991, 40.67559827096733], [-73.89972239733125, 40.67560373734382], [-73.89877882141711, 40.67562472157156], [-73.8986877054627, 40.67562946003292], [-73.89784574376826, 40.67567320011906], [-73.89685197448705, 40.67573639416397], [-73.8958248050003, 40.67581392161599], [-73.89491136042481, 40.675911157955746], [-73.89397615175787, 40.67601609161261], [-73.89306828273361, 40.67614392607941], [-73.89216373478229, 40.6762799782024], [-73.89126986418046, 40.67643176170841], [-73.8903767960145, 40.67659587249475], [-73.88948216064594, 40.67676944916736], [-73.88859260475017, 40.6769562217567], [-73.88772649125477, 40.67715393449887], [-73.88686063118158, 40.677359592521526], [-73.88600768188878, 40.67757924272449], [-73.88528578299812, 40.67777876294546], [-73.88508524542233, 40.67783464692971], [-73.88448868897581, 40.67800472424778], [-73.88419494150446, 40.678088807258106], [-73.88371907699775, 40.67822479141864], [-73.88330820468501, 40.678341973747365], [-73.88283380748618, 40.6784755603634], [-73.88241059820544, 40.678597670751984], [-73.88195914126482, 40.678726396410624], [-73.88152355221622, 40.678850778143726], [-73.8810627180339, 40.67898268745792], [-73.8806137778117, 40.67911003265025], [-73.88015110639834, 40.67924206247868], [-73.8797406324284, 40.679360961470415], [-73.87926692496163, 40.67949108512592], [-73.87862924203435, 40.67967653273593], [-73.87838855849547, 40.67973905352136], [-73.87742686154907, 40.68001443721125], [-73.87696887796197, 40.68014276892476], [-73.87660305159541, 40.68024458655953], [-73.87585438483576, 40.68045256207933], [-73.87485642638806, 40.68072466131004], [-73.87399451069301, 40.68097511117904], [-73.87358733388645, 40.68109417913532], [-73.87252798771634, 40.68141178379392], [-73.87204841942896, 40.68154831892499], [-73.87156150417326, 40.68168445663512], [-73.87071612245663, 40.68193032308067], [-73.86980843267422, 40.6821874773338], [-73.86901910129895, 40.68241259281661], [-73.86813983379047, 40.68266525467589], [-73.8671602607829, 40.682940207881856], [-73.86630263906318, 40.68318669415075]]]}",38677.3062287
"{'type': 'MultiLineString', 'coordinates': [[[-73.9194176333395, 40.66839704439107], [-73.91923062938965, 40.668631364384495], [-73.91838191206384, 40.66900224712359], [-73.91748266147958, 40.66939223142434], [-73.91713589050215, 40.669543764127155], [-73.91658460003606, 40.669787548706175], [-73.91652296191062, 40.669814263727], [-73.91647163404467, 40.66983650883618], [-73.91586213194105, 40.67010066866658], [-73.91580361960723, 40.670126028510055], [-73.91572874524691, 40.67015847780749], [-73.91558467339777, 40.67022136326599], [-73.91553422629352, 40.670243383473625], [-73.91487246338565, 40.67053222873652], [-73.91461857770139, 40.67064323808646], [-73.91454485558826, 40.6706754722441], [-73.91403857223469, 40.67089683897371], [-73.91308574628741, 40.67131022615781], [-73.91221776904034, 40.671687162403416], [-73.9113353363439, 40.672076453136356], [-73.91115995539464, 40.67215535069843], [-73.91109867367993, 40.672182919474444], [-73.91104631035776, 40.67220464176186], [-73.91046305265638, 40.67244660182827], [-73.91037473993723, 40.672483238082414], [-73.9101928706011, 40.672558684641146], [-73.91014265099386, 40.67257951848068], [-73.90995832914012, 40.672655980335264], [-73.90989833453682, 40.6726808686433], [-73.90946181171785, 40.67286195102969], [-73.90924003071193, 40.672954276347994], [-73.90841931623395, 40.673313332428435], [-73.9083295415008, 40.67335530240211], [-73.90827801048182, 40.673379392446996], [-73.90787711560512, 40.67356680892412], [-73.9074684304468, 40.67376161367076], [-73.90695655456466, 40.67398525811626], [-73.90629662087133, 40.67426533216462], [-73.90609438852775, 40.67435293151946], [-73.90582626769155, 40.67446965330696], [-73.90524012899527, 40.67472494545], [-73.9045091232366, 40.67505211066698], [-73.90438792851461, 40.67520674647914], [-73.90428786738046, 40.675229355370604], [-73.90374374622864, 40.67540683427367], [-73.90347422329772, 40.67550668274596], [-73.90313803868688, 40.675622215493426], [-73.90302076422033, 40.675656480369575], [-73.9029188724623, 40.67568458057142], [-73.90279745964968, 40.675757491847314], [-73.9026783189241, 40.67578972863798], [-73.90257716353071, 40.67583170610151], [-73.9024558315775, 40.67588205016999], [-73.90096234719206, 40.67650221092396], [-73.9007918366038, 40.67657245730725], [-73.90004626181658, 40.676893088853696]]]}",6227.04499932
