the_geom,esid_no,creat_date
"{'type': 'MultiPolygon', 'coordinates': [[[[-73.98971286873036, 40.60588782577192], [-73.98913191478734, 40.606456136606255], [-73.98855078944872, 40.607002282428006], [-73.98842267574231, 40.60711914847573], [-73.98725634065067, 40.60724497961586], [-73.9872549063218, 40.607244452651656], [-73.98688193921667, 40.60695020396237], [-73.98632124825401, 40.60719798677705], [-73.9862577059711, 40.60735601724441], [-73.98612173721158, 40.60722990953396], [-73.98594368811547, 40.60713782391637], [-73.98550100173176, 40.60718351551578], [-73.98541083552438, 40.60730739627679], [-73.98533158872338, 40.60745769763707], [-73.98500613140372, 40.607094885606784], [-73.98457465795589, 40.607128269380894], [-73.9844029527886, 40.60755951727436], [-73.98426673456171, 40.607434712971525], [-73.98406039195724, 40.60732818896105], [-73.98368273289807, 40.60735863369304], [-73.9835567520651, 40.6075095444472], [-73.98347678323236, 40.6076623034576], [-73.98306556247357, 40.60549703163043], [-73.98399718169061, 40.605409652243026], [-73.98492571715127, 40.60531275555367], [-73.98585025781557, 40.60520916921352], [-73.98684762686904, 40.605097235770096], [-73.98747998229052, 40.60453971204657], [-73.98806312967314, 40.60397945138622], [-73.98869008822021, 40.603425306639686], [-73.989223439035, 40.60286567465868], [-73.98980757379842, 40.60230291067844], [-73.990389984821, 40.60174340327559], [-73.99097171258363, 40.601184559548905], [-73.99320071722647, 40.60253401922807], [-73.99381109326781, 40.60195049080163], [-73.99458442996432, 40.602420619076895], [-73.99532045621554, 40.60282835403945], [-73.9960551282396, 40.60327469013424], [-73.99708422033692, 40.60390154979052], [-73.99825418879796, 40.604608561590666], [-73.9981429025037, 40.60471568228378], [-73.99704340374306, 40.605769162956186], [-73.99709311907671, 40.60590207107935], [-73.99705267475807, 40.60622941164322], [-73.99666650983013, 40.60631859734443], [-73.99646484170603, 40.60632749708249], [-73.99650992015377, 40.60646171937865], [-73.99644230550207, 40.60676929841212], [-73.99609503530088, 40.60689401819476], [-73.9958819215835, 40.60688666811061], [-73.99471921915074, 40.60800469017402], [-73.99252082595915, 40.60667533281599], [-73.9902901366564, 40.605328598030866], [-73.98971286873036, 40.60588782577192]]]]}",771.0,2006-07-18T00:00:00.000
"{'type': 'MultiPolygon', 'coordinates': [[[[-73.91475403071301, 40.692165301602074], [-73.91482840023828, 40.691826112713215], [-73.91447847135838, 40.691623921163796], [-73.91400199091355, 40.69173761023979], [-73.91395867497067, 40.691486218013594], [-73.91351325716009, 40.69127587628011], [-73.91325003241148, 40.69130916686751], [-73.9133204682513, 40.691012411169034], [-73.91288785939865, 40.69074714801837], [-73.91249979642713, 40.690882899209235], [-73.91174792600977, 40.69045586891765], [-73.91099605500584, 40.69002784336969], [-73.9109278181022, 40.68960838532924], [-73.91193162298775, 40.68864446450615], [-73.9124432642969, 40.68855374047375], [-73.91319385223352, 40.68898008137247], [-73.91394628077829, 40.68940869633316], [-73.9146993599511, 40.68983547029996], [-73.9161471346598, 40.68836025932086], [-73.91755226147875, 40.68693022304269], [-73.91768113918978, 40.68700409423187], [-73.9180460696781, 40.687213247226644], [-73.91829345834668, 40.68735666785204], [-73.91878323290811, 40.68762608784068], [-73.91906109218355, 40.68778436873922], [-73.9198096195428, 40.68821124145582], [-73.92055013158547, 40.68864092152296], [-73.92096103865879, 40.68887205127948], [-73.92121369956708, 40.689019476575716], [-73.92130587805084, 40.68907164363969], [-73.92207133792705, 40.68948984075534], [-73.92065676858543, 40.690927525484845], [-73.9194599325584, 40.69214942016092], [-73.91862073048355, 40.69180831853037], [-73.91790599781704, 40.69192166585835], [-73.91661931917493, 40.69312262086819], [-73.91625677773442, 40.6930217120851], [-73.91631614899995, 40.692734916246216], [-73.91591452886382, 40.69251029122452], [-73.91550548745653, 40.692594022644634], [-73.9154861969693, 40.69222446339942], [-73.91515601599352, 40.692013482303246], [-73.91475403071301, 40.692165301602074]]]]}",91.0,2001-08-03T00:00:00.000
"{'type': 'MultiPolygon', 'coordinates': [[[[-73.88221364901223, 40.65451863772909], [-73.88465215948915, 40.65345165393819], [-73.88628975394606, 40.65276890009432], [-73.88698698617208, 40.65289022609676], [-73.88759133725311, 40.653728096490404], [-73.8873102786847, 40.65414063678529], [-73.88830314906495, 40.65404490504476], [-73.88881805232168, 40.65472035192488], [-73.88831705029959, 40.6554957091898], [-73.88884952278538, 40.655509233163045], [-73.88962230158718, 40.65652107943031], [-73.88941657753796, 40.656980284297994], [-73.89010043214672, 40.657055813413656], [-73.89066465840553, 40.65799468490319], [-73.8905106293939, 40.65842980403982], [-73.89062134117232, 40.658576486512445], [-73.88578677040174, 40.66065578276838], [-73.88458195166976, 40.65906133102157], [-73.88291170745144, 40.65978123663995], [-73.88081254359655, 40.65694513418272], [-73.88251136328297, 40.65621350936228], [-73.88221364901223, 40.65451863772909]]]]}",185.0,2001-08-07T00:00:00.000
"{'type': 'MultiPolygon', 'coordinates': [[[[-73.9811473316812, 40.660294106183215], [-73.98087475374462, 40.659794492992425], [-73.98037233139047, 40.66039838479877], [-73.98006025449193, 40.660790758306476], [-73.97957870089346, 40.66085324162242], [-73.97751171400557, 40.65986275641029], [-73.97515738096236, 40.65872279415196], [-73.97448234030021, 40.658339449793445], [-73.97436701295463, 40.65818790293973], [-73.97426735571806, 40.658028786624904], [-73.97418457605964, 40.657863577303345], [-73.97411953469921, 40.657693752445674], [-73.9740727880699, 40.65752097774021], [-73.97404458322323, 40.657347252562936], [-73.9737918997324, 40.65639232333358], [-73.97355493956309, 40.65564393910541], [-73.97430127779349, 40.65536737943034], [-73.97642430860567, 40.65453495550629], [-73.97657070211439, 40.6553108346772], [-73.97707696607011, 40.65511383119421], [-73.97803905670895, 40.65474716679647], [-73.9784680381451, 40.65503678172333], [-73.97873444761196, 40.654780625153755], [-73.97878679741243, 40.654730287293845], [-73.97883447540772, 40.65468291071849], [-73.97902926769841, 40.65448937122993], [-73.97913616940829, 40.65437610584974], [-73.98122229647618, 40.655827080648834], [-73.98179568717683, 40.65524609633159], [-73.98402397239211, 40.656591169235064], [-73.98227503013439, 40.658270593045074], [-73.9844802412883, 40.65959833624952], [-73.98391792698354, 40.66013748829656], [-73.98323712110782, 40.660936221055486], [-73.98255627590711, 40.66097453626883], [-73.9811473316812, 40.660294106183215]]]]}",105.0,2001-08-06T00:00:00.000
"{'type': 'MultiPolygon', 'coordinates': [[[[-73.93886143919028, 40.649571940942614], [-73.9387068379277, 40.64851744224835], [-73.9368445725429, 40.648649207020874], [-73.93490101369446, 40.64873510469677], [-73.93396236948455, 40.648768986954245], [-73.93300276894809, 40.648819311187765], [-73.93292069199434, 40.64799717166011], [-73.93270476032622, 40.646142140385905], [-73.93261418279052, 40.645245477516085], [-73.93357588851981, 40.64508370053304], [-73.9345103754212, 40.64502837736519], [-73.93548506510926, 40.644989854624114], [-73.93645634181279, 40.64494611707511], [-73.93738309178872, 40.64490488656304], [-73.93836050579483, 40.64485702952679], [-73.93932905759566, 40.644814768477346], [-73.94026718322785, 40.64476742593032], [-73.94120010418663, 40.64472000623441], [-73.94213671639719, 40.64468325557204], [-73.94260824683455, 40.6446618650324], [-73.9426916434181, 40.64552628344662], [-73.94279960980622, 40.646542620557895], [-73.94271433203971, 40.647150535712555], [-73.94292151446683, 40.64857468156431], [-73.94305166885817, 40.64931362491159], [-73.942631132187, 40.64933975773457], [-73.94169995079243, 40.6493939951962], [-73.94076397256275, 40.64945368094883], [-73.93983368172083, 40.64951174097907], [-73.93886143919028, 40.649571940942614]]]]}",178.0,2001-08-06T00:00:00.000
"{'type': 'MultiPolygon', 'coordinates': [[[[-73.95234079228561, 40.69426305290568], [-73.94906040047407, 40.694637777825335], [-73.94891392364947, 40.69390486621808], [-73.94876761811423, 40.693171215404845], [-73.94593170947019, 40.693497623684166], [-73.94578713650704, 40.692765232706115], [-73.94564166887089, 40.692033451905466], [-73.95175747300722, 40.6913293112919], [-73.9516115649633, 40.69059670059356], [-73.95432544480063, 40.690288339357004], [-73.95526567431808, 40.6901751358642], [-73.95541058018081, 40.690908291067075], [-73.95727249229614, 40.690693477542645], [-73.9576809558573, 40.692778747547614], [-73.95582680297875, 40.69299326044413], [-73.95582209156395, 40.69299377372903], [-73.95621798068922, 40.694958967512925], [-73.95658117450512, 40.69678454802661], [-73.95292439165351, 40.69720434428009], [-73.9526615380139, 40.69587611143443], [-73.95248890929538, 40.69500377148549], [-73.95234079228561, 40.69426305290568]]]]}",243.0,2001-08-07T00:00:00.000
"{'type': 'MultiPolygon', 'coordinates': [[[[-73.93856654106285, 40.6758963070882], [-73.93884118588045, 40.675492611279815], [-73.93884123149013, 40.675491887289944], [-73.93873696204183, 40.675389074821034], [-73.93877769754411, 40.67472089133357], [-73.93889518661797, 40.67459874185377], [-73.93835813685197, 40.67496143491006], [-73.93763647454954, 40.674822539824504], [-73.9371566512573, 40.67451574232953], [-73.93689315037861, 40.6745045108532], [-73.93616912424797, 40.67446114582265], [-73.93626272661959, 40.67356002931539], [-73.93673468354156, 40.67325716478165], [-73.93634321312793, 40.67270370975482], [-73.93780185803887, 40.672750650812766], [-73.93907622042174, 40.67282564339964], [-73.9391760477749, 40.67192600023658], [-73.93942695664535, 40.669248683915846], [-73.94219628445732, 40.66940330432504], [-73.94496134602387, 40.669555451596196], [-73.94462949081029, 40.67312302011628], [-73.94739574661317, 40.673271676010245], [-73.94714603306085, 40.675944362186954], [-73.94437627674921, 40.675793904303745], [-73.94423021281463, 40.67735122024878], [-73.94415120128839, 40.67815635878218], [-73.94318950825327, 40.678107080387086], [-73.94137663810626, 40.678008230859895], [-73.94059023982462, 40.677971054947044], [-73.94043107912582, 40.67796133894859], [-73.93983518279572, 40.67792390342895], [-73.93862492565691, 40.677862569563445], [-73.93863289960616, 40.67776992781233], [-73.93851537749018, 40.677418672228626], [-73.93869491371515, 40.67705082769328], [-73.93855762736065, 40.67658460190324], [-73.93876783894476, 40.6762724164988], [-73.93856654106285, 40.6758963070882]]]]}",158.0,2001-08-06T00:00:00.000
"{'type': 'MultiPolygon', 'coordinates': [[[[-73.8611324866175, 40.67452741646301], [-73.86106295015921, 40.6743429347755], [-73.86107192608188, 40.674019813535345], [-73.86077512860511, 40.672805621874396], [-73.86038938009993, 40.67126877830596], [-73.85947416488183, 40.671380531188355], [-73.85855480469628, 40.67153293352645], [-73.85763323175591, 40.671656194063836], [-73.85730947848631, 40.670416232021964], [-73.85722693746496, 40.67009621204978], [-73.85684676235105, 40.668602935356155], [-73.85646311937205, 40.667041762827324], [-73.8561880967127, 40.66584655453431], [-73.85611740300372, 40.66550937950515], [-73.85568461226354, 40.663867492347016], [-73.8561171020612, 40.6638084017955], [-73.8566575297205, 40.663638739502], [-73.85709468139966, 40.66282819683323], [-73.8581127917637, 40.66201955753928], [-73.85802480563677, 40.66172011876997], [-73.85760267797275, 40.66006928464195], [-73.85851436401622, 40.659898942202545], [-73.85938691841255, 40.65977271486229], [-73.86035978216965, 40.65964582841892], [-73.86122245038848, 40.65922093668603], [-73.86174759092107, 40.65893835626626], [-73.86130637273385, 40.65845930052671], [-73.8616760647807, 40.65802078248318], [-73.8616264662442, 40.657427182507696], [-73.86164437309256, 40.65696269440074], [-73.86164042407084, 40.656871291582924], [-73.86162820587472, 40.65658848723256], [-73.86106979825233, 40.656252334235624], [-73.85970159675395, 40.65522500140271], [-73.85964486464094, 40.655095451186156], [-73.86012365897727, 40.654767898240024], [-73.85977187803243, 40.6544294144603], [-73.85970733387349, 40.65408133858202], [-73.85947515178972, 40.65396145821244], [-73.85943388877439, 40.65374294925912], [-73.85927516524596, 40.65348099070373], [-73.85893952115487, 40.65292703451253], [-73.85864026924872, 40.652449412155754], [-73.85823702831205, 40.651762863038265], [-73.85748699100714, 40.65134749856343], [-73.85733731887699, 40.65126461028018], [-73.8569920912049, 40.6506188707922], [-73.85698625256147, 40.650607949245966], [-73.85724469515486, 40.65031992874744], [-73.85724615549515, 40.65029664854998], [-73.85735742517817, 40.64852316265045], [-73.85808714891488, 40.646727159097075], [-73.85732745499278, 40.64556514023872], [-73.85700389434986, 40.644127212492236], [-73.85718654091576, 40.64357454489822], [-73.85922014059302, 40.6429965127582], [-73.86118014294239, 40.64288831710168], [-73.8624134022326, 40.64249031712056], [-73.8625551941424, 40.64268018468661], [-73.87337420483625, 40.655682988867184], [-73.87384233066383, 40.65631979028582], [-73.87306780917065, 40.65664454253025], [-73.87406931133481, 40.65800536874023], [-73.87410593303228, 40.658055252444704], [-73.87468305849345, 40.65813360028075], [-73.87523467955397, 40.65889998205843], [-73.87508776707563, 40.65939269977105], [-73.8757613444783, 40.659574440855444], [-73.87628292218851, 40.66028718080305], [-73.87610051439, 40.66075677309974], [-73.87672936091145, 40.66085433853784], [-73.87732105473566, 40.6617279631291], [-73.87720264847634, 40.66224065651835], [-73.87782908384183, 40.662306669145714], [-73.87851861418851, 40.663312488106016], [-73.8783001705816, 40.663712502321346], [-73.87839557212865, 40.66384044057153], [-73.87675900536006, 40.66454389382081], [-73.87349082228846, 40.66594883536613], [-73.87266847848193, 40.66629022364174], [-73.87187230011911, 40.66667976765141], [-73.87181013939306, 40.666693035015705], [-73.8708522006141, 40.66735221338834], [-73.87006490268841, 40.66795487110096], [-73.87056171827525, 40.669797347540374], [-73.86590884617299, 40.6704673248229], [-73.86627573420347, 40.672010606309804], [-73.86666851412997, 40.67354386687283], [-73.86575440491883, 40.67367809731942], [-73.86627349513606, 40.67576404457597], [-73.86638189050375, 40.676054301466884], [-73.8611324866175, 40.67452741646301]]]]}",187.0,2001-08-07T00:00:00.000
"{'type': 'MultiPolygon', 'coordinates': [[[[-73.9617961162212, 40.69998355018957], [-73.96167037502875, 40.699902174361895], [-73.96103145742373, 40.699485364615136], [-73.96049910253089, 40.69917694692464], [-73.9599476654193, 40.69926465531427], [-73.95982454150767, 40.699284243523984], [-73.95901842857234, 40.69941236335528], [-73.9585761972084, 40.699152614175674], [-73.9576093981258, 40.69929602804242], [-73.95716730102865, 40.69970786780461], [-73.9570206902726, 40.69897445109383], [-73.95518370888963, 40.699192902411134], [-73.95337000749015, 40.69940454067499], [-73.95315142538138, 40.69830301941248], [-73.95292439165351, 40.69720434428009], [-73.95658117450512, 40.69678454802661], [-73.95621798068922, 40.694958967512925], [-73.95582209156395, 40.69299377372903], [-73.95582680297875, 40.69299326044413], [-73.9576809558573, 40.692778747547614], [-73.958993614431, 40.692627837498804], [-73.95858160391136, 40.69056024469483], [-73.95859959295733, 40.69052469260041], [-73.95867748209304, 40.69037076254138], [-73.95876416385627, 40.690361231983864], [-73.95938499220145, 40.69029296963048], [-73.9599990589184, 40.690225448103185], [-73.9602928025196, 40.69034625541063], [-73.96042527712933, 40.69096363991597], [-73.96073858579597, 40.692423912517384], [-73.9618991061325, 40.69230068010877], [-73.96211466702613, 40.69338010132116], [-73.96221054346945, 40.69386019211987], [-73.96312644583485, 40.693733048690625], [-73.96405332406978, 40.693627297508044], [-73.96498368111236, 40.69351527243515], [-73.96590534323217, 40.693433087869856], [-73.96688042132409, 40.693341719591636], [-73.96738234285016, 40.69584947579308], [-73.9676287253524, 40.6971768564596], [-73.96772744687613, 40.697717624330444], [-73.9667422861727, 40.697672138102725], [-73.96577476281743, 40.69763577997996], [-73.96487573327954, 40.69771433115775], [-73.96394908547666, 40.697860107426095], [-73.96239769135293, 40.698108944861886], [-73.9617961162212, 40.69998355018957]]]]}",28.0,2001-07-31T00:00:00.000
"{'type': 'MultiPolygon', 'coordinates': [[[[-73.97116427427102, 40.64612770012586], [-73.97140910025605, 40.645626035952425], [-73.97120222721432, 40.645645315989135], [-73.97119279508958, 40.64559590146935], [-73.97106813338118, 40.645336679219646], [-73.97054554470581, 40.64531667045953], [-73.97116261957007, 40.645091228637746], [-73.9711246934574, 40.64484887756071], [-73.97098194900616, 40.64486412568967], [-73.97092950538199, 40.64459149603977], [-73.97031677169828, 40.64453794232824], [-73.97072571201112, 40.64422769956468], [-73.9706514830349, 40.64409776215586], [-73.97059950709271, 40.64381493722191], [-73.97008898047248, 40.643745846391916], [-73.97071645965256, 40.64367757026308], [-73.97732135928322, 40.642948380318856], [-73.97824897291814, 40.64284592930796], [-73.97832693208889, 40.6432684400158], [-73.97870209235904, 40.64523876270878], [-73.97911821952961, 40.64742806125418], [-73.98029115555427, 40.6472971614516], [-73.9803633472993, 40.64769374399739], [-73.98110911938164, 40.65159173205341], [-73.98129697452703, 40.65263750669429], [-73.98145293842838, 40.653416335299944], [-73.98179568717691, 40.65524609660611], [-73.98122229647618, 40.655827080648834], [-73.97913616940829, 40.65437610584974], [-73.97902926769841, 40.65448937122993], [-73.97883447540772, 40.65468291071849], [-73.97878679741243, 40.654730287293845], [-73.97873444761196, 40.654780625153755], [-73.9784680381451, 40.65503678172333], [-73.97803905670895, 40.65474716679647], [-73.97707696607011, 40.65511383119421], [-73.97657070211439, 40.6553108346772], [-73.97642430860567, 40.65453495550629], [-73.97430127779349, 40.65536737943034], [-73.97355493956309, 40.65564393910541], [-73.97326628147331, 40.65464926075801], [-73.97305103678659, 40.653912506182486], [-73.97268288591657, 40.65263927745378], [-73.97232846283765, 40.651397928567455], [-73.97222228612793, 40.65104695176932], [-73.97208846159396, 40.65065690877682], [-73.97190890508568, 40.650051411862975], [-73.97139631683231, 40.64825778504271], [-73.97084113805757, 40.64637857097529], [-73.97116427427102, 40.64612770012586]]]]}",104.0,2001-08-06T00:00:00.000
"{'type': 'MultiPolygon', 'coordinates': [[[[-73.93486257235892, 40.6820305681576], [-73.93471441045452, 40.681297384307655], [-73.9345709829871, 40.68056476117832], [-73.93450839049778, 40.68022169251811], [-73.93439531056316, 40.679835379664816], [-73.93435066485608, 40.67956340747488], [-73.93487210905285, 40.67959308771191], [-73.9373976367452, 40.67972990018942], [-73.9376424365747, 40.68096301609439], [-73.93778801578414, 40.681694331786716], [-73.93486257235892, 40.6820305681576]]]]}",66.0,2001-08-01T00:00:00.000
"{'type': 'MultiPolygon', 'coordinates': [[[[-73.95824570382237, 40.67998510437865], [-73.95829216607584, 40.679831141169835], [-73.96134655108374, 40.68046352945426], [-73.96329205592747, 40.680881585096024], [-73.96442184920672, 40.6811192884674], [-73.96442081862745, 40.68118849266036], [-73.96477852649431, 40.683039717777426], [-73.96508764268638, 40.68454676456663], [-73.96402925385614, 40.68466837357023], [-73.96462663854929, 40.687591876307174], [-73.96269328187219, 40.68781917671666], [-73.95713186518076, 40.68846313278467], [-73.95497568160671, 40.68871119337144], [-73.95468418919756, 40.68724485364865], [-73.95684165201914, 40.686996078747654], [-73.95669902113931, 40.68626334033396], [-73.95655081117172, 40.68553036510495], [-73.95640328932859, 40.684798803984535], [-73.95625781854639, 40.6840657483884], [-73.95898328012812, 40.68374991542122], [-73.95884062068343, 40.68301805314492], [-73.95839571596566, 40.680797791970186], [-73.95824570382237, 40.67998510437865]]]]}",236.0,2001-08-07T00:00:00.000
"{'type': 'MultiPolygon', 'coordinates': [[[[-73.93807695934932, 40.68316090297073], [-73.93822325862322, 40.68389329794228], [-73.93836816509823, 40.68462560188539], [-73.93851929541194, 40.68535451525032], [-73.93558975677485, 40.685694782375684], [-73.9354438716965, 40.68496332095394], [-73.93529964853667, 40.684229483240664], [-73.93515472973858, 40.68349718470396], [-73.93807695934932, 40.68316090297073]]]]}",65.0,2001-08-01T00:00:00.000
"{'type': 'MultiPolygon', 'coordinates': [[[[-73.99458097050307, 40.67660378175603], [-73.99458614233995, 40.675690939171155], [-73.99186955831341, 40.67441121051963], [-73.98986992433791, 40.673442375960384], [-73.98951328561986, 40.67327376038036], [-73.98721100470884, 40.67216061623044], [-73.98771576041251, 40.67155538116672], [-73.98821210785943, 40.67096081357648], [-73.98871322590462, 40.670356906267735], [-73.98630429248466, 40.669172665005576], [-73.98679977139406, 40.66857835548201], [-73.98730086035263, 40.66797541784256], [-73.98780391541865, 40.66737358543012], [-73.98544518025432, 40.66623221381766], [-73.98594772989067, 40.665630659968784], [-73.98644928979171, 40.6650284636842], [-73.98880924177318, 40.66616951800691], [-73.98981472103202, 40.66496334326108], [-73.99223462344295, 40.66613762484257], [-73.99454340086601, 40.66725340641225], [-73.9958512924491, 40.66797249577483], [-73.99640459777137, 40.668217195902734], [-73.99667191743394, 40.6687391674932], [-73.99848136109206, 40.67160547383417], [-73.99898242857122, 40.67241358363887], [-73.997952862597, 40.67255256889135], [-73.99806331904207, 40.67328158191416], [-73.99838807088233, 40.67347053858374], [-73.99770829936246, 40.6735246323381], [-73.9975433941066, 40.67379127150553], [-73.99807658781255, 40.67411460903898], [-73.99754403931307, 40.67402179896204], [-73.9974040824098, 40.67439190844455], [-73.99776979492748, 40.67474148789199], [-73.99750350208126, 40.67473398565153], [-73.99726042655936, 40.675137739481684], [-73.99744702798647, 40.675400027875334], [-73.99703576246934, 40.675496631406496], [-73.99683687521998, 40.67587234700609], [-73.9971485846599, 40.67604489743136], [-73.99672638018913, 40.67609104743791], [-73.9962217775707, 40.677128469950354], [-73.99458097050307, 40.67660378175603]]]]}",111.0,2001-08-06T00:00:00.000
"{'type': 'MultiPolygon', 'coordinates': [[[[-73.91260741790353, 40.69554112037978], [-73.91336083843649, 40.69597032524783], [-73.9141138926718, 40.69639802074636], [-73.9125555546309, 40.69798175907328], [-73.91330879035016, 40.69841041448502], [-73.91228895881548, 40.699439557844855], [-73.91180820117192, 40.69993800261823], [-73.91103489590806, 40.69953211396808], [-73.9095327324355, 40.69867510459346], [-73.90877366113423, 40.69825522670606], [-73.90802249294735, 40.69782540827209], [-73.90756985270328, 40.69757174961686], [-73.90727452390443, 40.69739918971616], [-73.90684583529496, 40.697163548507355], [-73.90652350760726, 40.69697614278503], [-73.90700504919094, 40.69647991797889], [-73.90959800402109, 40.693834981039906], [-73.91249979642713, 40.690882899209235], [-73.91288785939865, 40.69074714801837], [-73.9133204682513, 40.691012411169034], [-73.91325003241148, 40.69130916686751], [-73.91351325716009, 40.69127587628011], [-73.91395867497067, 40.691486218013594], [-73.91400199091355, 40.69173761023979], [-73.91447847135838, 40.691623921163796], [-73.91482840023828, 40.691826112713215], [-73.91475403071301, 40.692165301602074], [-73.91476472900132, 40.69228101916248], [-73.91345813223522, 40.69361459244039], [-73.91390355637455, 40.693650865053186], [-73.91409992880811, 40.69373938456012], [-73.91405670858457, 40.694068467636804], [-73.91260741790353, 40.69554112037978]]]]}",88.0,2001-08-03T00:00:00.000
"{'type': 'MultiPolygon', 'coordinates': [[[[-73.94415120128839, 40.67815635878218], [-73.94423021281463, 40.67735122024878], [-73.94437627674921, 40.675793904303745], [-73.94714603306085, 40.675944362186954], [-73.94739574661317, 40.673271676010245], [-73.94462949081029, 40.67312302011628], [-73.94496134602387, 40.669555451596196], [-73.94772996343016, 40.669713441600344], [-73.94775110318966, 40.66949526530067], [-73.94801495596361, 40.669145572094244], [-73.9503282579862, 40.66924695302207], [-73.9505213514785, 40.66964454391841], [-73.9509238338607, 40.669249786804784], [-73.95302930185298, 40.66940016300451], [-73.95328980145484, 40.66979531302647], [-73.95385525150081, 40.6694468936275], [-73.9550061837132, 40.66948859042788], [-73.95534460473749, 40.66991692412447], [-73.95526963700333, 40.670124904896475], [-73.95463666922703, 40.6718721432019], [-73.95431290737174, 40.672736488065844], [-73.9539995667499, 40.6736325866249], [-73.95669599288435, 40.67417042652393], [-73.95638529734289, 40.6750499000322], [-73.95606852814598, 40.67592768236625], [-73.95336353573063, 40.675385633543044], [-73.95000107461343, 40.675204298425754], [-73.94950916902843, 40.675279037380925], [-73.94944148989026, 40.67597850097336], [-73.94991530402105, 40.67609615822368], [-73.94956311297244, 40.67620662991943], [-73.94963979888126, 40.67673720927271], [-73.94984427153204, 40.67687469473718], [-73.94941992375342, 40.67722312115372], [-73.94938929846359, 40.677538116676914], [-73.94976982002648, 40.67765172495616], [-73.94927547435732, 40.67771478062182], [-73.94922260706852, 40.67827059880858], [-73.94922145343902, 40.67833947103448], [-73.94967567455093, 40.67845668110715], [-73.94823586620412, 40.67839997650598], [-73.94691891462011, 40.6783205811542], [-73.94415120128839, 40.67815635878218]]]]}",157.0,2001-08-06T00:00:00.000
"{'type': 'MultiPolygon', 'coordinates': [[[[-73.89506523060865, 40.66749715707312], [-73.895462191271, 40.66744201335157], [-73.8958051502497, 40.6676883152808], [-73.89670364706564, 40.66755444418299], [-73.8976333053857, 40.667418676024276], [-73.898551489253, 40.66728255674513], [-73.89947172808716, 40.66714565763227], [-73.89960922835257, 40.667025665890016], [-73.89943370468686, 40.66580815829574], [-73.89978486640638, 40.66574311966916], [-73.89999713972917, 40.66547185770732], [-73.90026095467714, 40.665606901666116], [-73.90074038831938, 40.66552781767233], [-73.9008215585743, 40.66544813712415], [-73.90085135762877, 40.66534589719386], [-73.90126570620495, 40.66688065689852], [-73.90183177116319, 40.66679588720823], [-73.90223184149423, 40.666736224515304], [-73.90196897559348, 40.66715436646693], [-73.90217934421872, 40.66799205255052], [-73.90262639199173, 40.66827343438905], [-73.90235250527816, 40.668648090622575], [-73.90254001336558, 40.669354110049895], [-73.90294639637908, 40.66953005178516], [-73.90198218178612, 40.66967007064981], [-73.89834125852369, 40.67021132705961], [-73.89554341935974, 40.67062578661965], [-73.89483126207459, 40.66783350184824], [-73.89506523060865, 40.66749715707312]]]]}",194.0,2001-08-07T00:00:00.000
"{'type': 'MultiPolygon', 'coordinates': [[[[-73.92744085595307, 40.673765738548], [-73.92550626051035, 40.673737414551255], [-73.92508152224367, 40.67384434616815], [-73.92213153311883, 40.67368389661041], [-73.92182102623777, 40.67351436036601], [-73.92185162801772, 40.673007168538895], [-73.92185343967716, 40.67297713847914], [-73.92203656759874, 40.672897303250956], [-73.92221433772734, 40.672791627119736], [-73.92516155434733, 40.67295360054417], [-73.92549121164811, 40.669434311150525], [-73.92557349301693, 40.66871133147222], [-73.92560682539337, 40.66850525177181], [-73.92834967199683, 40.66864719409245], [-73.93111937851675, 40.668798542578635], [-73.93078484080492, 40.67236281568056], [-73.92801412341694, 40.67221135079334], [-73.92885920806147, 40.672453143341365], [-73.92879711524265, 40.67300334867505], [-73.92792887895295, 40.67310557082218], [-73.92784085149607, 40.673995991674126], [-73.92744085595307, 40.673765738548]]]]}",161.0,2001-08-06T00:00:00.000
"{'type': 'MultiPolygon', 'coordinates': [[[[-73.93052138140702, 40.675037342231306], [-73.93078484080492, 40.67236281568056], [-73.93355357152154, 40.6725145065188], [-73.93634321312793, 40.67270370975482], [-73.93673468354156, 40.67325716478165], [-73.93626272661959, 40.67356002931539], [-73.93616912424797, 40.67446114582265], [-73.93689315037861, 40.6745045108532], [-73.9371566512573, 40.67451574232953], [-73.93763647454954, 40.674822539824504], [-73.93835813685197, 40.67496143491006], [-73.93889518661797, 40.67459874185377], [-73.93877769754411, 40.67472089133357], [-73.93873696204183, 40.675389074821034], [-73.93884123149013, 40.675491887289944], [-73.93884118588045, 40.675492611279815], [-73.93856654106285, 40.6758963070882], [-73.93876783894476, 40.6762724164988], [-73.93855762736065, 40.67658460190324], [-73.93869491371515, 40.67705082769328], [-73.93851537749018, 40.677418672228626], [-73.93863289960616, 40.67776992781233], [-73.93862492565691, 40.677862569563445], [-73.93850818863491, 40.67903432004399], [-73.93848859238483, 40.67923871458535], [-73.9384361333353, 40.67978585115945], [-73.9373976367452, 40.67972990018942], [-73.93487210905285, 40.67959308771191], [-73.93435066485608, 40.67956340747488], [-73.93289696818123, 40.679484809422036], [-73.93132705297208, 40.67936721267773], [-73.92942274390622, 40.679291056653], [-73.92905973695959, 40.679275338046914], [-73.9285925797115, 40.679250795720534], [-73.9273554176483, 40.679182518495764], [-73.92742752915183, 40.6784278964745], [-73.92753991303738, 40.67725004881806], [-73.92822613934692, 40.67728868785295], [-73.9303176275815, 40.67741303798466], [-73.93031391592343, 40.67730890913071], [-73.93052138140702, 40.675037342231306]]]]}",62.0,2001-08-01T00:00:00.000
"{'type': 'MultiPolygon', 'coordinates': [[[[-73.95272420118796, 40.606348950839866], [-73.95229472119871, 40.60402756996518], [-73.95125247206423, 40.604138401197275], [-73.95032802359438, 40.60424115102609], [-73.94939862107873, 40.60434347726864], [-73.9484724901384, 40.60444546427126], [-73.94809921913689, 40.604486485712954], [-73.9475115567123, 40.604551065876066], [-73.94654804294552, 40.604657819844896], [-73.94561989528063, 40.60475836002115], [-73.94469321869529, 40.604862108116244], [-73.94455823150707, 40.604147253517894], [-73.94439764196478, 40.603296824600186], [-73.94424205016084, 40.602472841097736], [-73.94381683954454, 40.60021733903139], [-73.94474202541241, 40.600111174709916], [-73.94566886868074, 40.60001176690662], [-73.94663212424051, 40.59990896389601], [-73.947595379753, 40.59980151575017], [-73.94852098925192, 40.5996976087154], [-73.9494481050101, 40.59959756670071], [-73.95037360101655, 40.5994952476573], [-73.95140557470265, 40.599381024973205], [-73.95260704335055, 40.59925061771661], [-73.95355183596197, 40.59914645299943], [-73.95314947407724, 40.59702791848787], [-73.95411036194542, 40.59692073892183], [-73.95507631408927, 40.59681539039515], [-73.95545313453857, 40.59677338356289], [-73.95600127871177, 40.596713385657104], [-73.9564021093351, 40.59883320627557], [-73.95547624221587, 40.59893730930528], [-73.95590787530317, 40.6011887618738], [-73.95868371868455, 40.600884252997446], [-73.95835467980108, 40.60129017284728], [-73.95864669948988, 40.602881260560636], [-73.95870546693432, 40.60292544869879], [-73.95913611431912, 40.603273590180116], [-73.95882425589296, 40.60370115330888], [-73.95902279039554, 40.605188237293305], [-73.95907779012092, 40.60522810138169], [-73.95957610256033, 40.60559992742112], [-73.9586498065656, 40.60569740267204], [-73.95772401287633, 40.605799833233945], [-73.9571871587347, 40.60586368872153], [-73.95679474181419, 40.605902705726955], [-73.95583074090784, 40.6060072047919], [-73.95486939418295, 40.60611367855637], [-73.9539224502168, 40.60621661036584], [-73.95272420118796, 40.606348950839866]]]]}",7.0,2001-07-31T00:00:00.000
"{'type': 'MultiPolygon', 'coordinates': [[[[-73.92467622415582, 40.719885695385685], [-73.93160506415333, 40.71801033127249], [-73.93470451462285, 40.71720882172289], [-73.93528733238078, 40.718521356089404], [-73.93613019134781, 40.71832695645808], [-73.93694817341427, 40.71810146030474], [-73.93701425629007, 40.71824875981808], [-73.93725759918809, 40.71879116805613], [-73.93753254002598, 40.71945620441547], [-73.93790018535975, 40.719190501928956], [-73.9385641566152, 40.71901944788103], [-73.93908971741897, 40.719047379299134], [-73.94049201267853, 40.71867825915393], [-73.94058990747824, 40.71920542332989], [-73.94342657032051, 40.71893359236696], [-73.94389807848253, 40.71960337022951], [-73.94420867168125, 40.719996836995875], [-73.94440536775114, 40.72024041208496], [-73.94462496354755, 40.720502638330736], [-73.9449540511451, 40.720797901968496], [-73.94579364726017, 40.72158904705877], [-73.9465002559292, 40.72220900030736], [-73.94709361273009, 40.72277512763091], [-73.94755078534435, 40.723543552415975], [-73.94794874020816, 40.72423518785372], [-73.94912356983232, 40.72631679159825], [-73.95065874994626, 40.72899571655985], [-73.95148293100881, 40.730464184011936], [-73.94877061353586, 40.730722067540434], [-73.94789523657704, 40.73088381132145], [-73.94458652516784, 40.732085617893276], [-73.9427952695119, 40.732654633824545], [-73.94064423499688, 40.73317051125239], [-73.94036816568301, 40.733269388398085], [-73.93966003966091, 40.73148681433197], [-73.93752479638847, 40.72981523235532], [-73.93442538001432, 40.728817789351574], [-73.93182484640876, 40.72848207305363], [-73.92921295024546, 40.727779982045384], [-73.92912538058845, 40.72775644293788], [-73.92908370944677, 40.72771641683715], [-73.92780120595796, 40.72649447532946], [-73.92722485870144, 40.72533279775823], [-73.92653850983122, 40.72406520085078], [-73.9253437830498, 40.721637982214425], [-73.92417994228232, 40.72001999572357], [-73.92467622415582, 40.719885695385685]]]]}",46.0,2001-08-01T00:00:00.000
"{'type': 'MultiPolygon', 'coordinates': [[[[-73.9310832310265, 40.65829591603769], [-73.9309035494672, 40.65661035545546], [-73.93076711691884, 40.65533560933727], [-73.93060405646986, 40.65380495567049], [-73.93038144419926, 40.65173405399552], [-73.93020593238315, 40.65010866663139], [-73.92999915463663, 40.648181063585696], [-73.93100541452537, 40.648118482332066], [-73.93193849321705, 40.64806233271887], [-73.93292069199434, 40.64799717166011], [-73.93300276894809, 40.648819311187765], [-73.93396236948455, 40.648768986954245], [-73.93490101369446, 40.64873510469677], [-73.9368445725429, 40.648649207020874], [-73.93695957052448, 40.64969314133318], [-73.9371457903481, 40.651421265027935], [-73.93735642625543, 40.65338623658903], [-73.93638662085449, 40.653445174676015], [-73.93654899668604, 40.65497630585502], [-73.9366846960871, 40.65624182333237], [-73.93712063885062, 40.656215902513175], [-73.93765923527187, 40.656183875886335], [-73.93859348996597, 40.65612237822719], [-73.9395592538462, 40.65606275324846], [-73.94053214698944, 40.65600153901059], [-73.94146260993668, 40.65594424799233], [-73.94240147926062, 40.655884810532065], [-73.94335488895318, 40.655828335287566], [-73.94431012334753, 40.65576866468583], [-73.94446083425893, 40.65576016560431], [-73.9448728444894, 40.65573476158607], [-73.94509415872143, 40.65743234510859], [-73.94231479527086, 40.65760897757493], [-73.93961407717475, 40.6577678087666], [-73.93686392953117, 40.657942170094024], [-73.93632541207676, 40.65797512022914], [-73.93589500377193, 40.658001463970905], [-73.93544420510348, 40.6580300829499], [-73.93496156057016, 40.6580607255295], [-73.9344894658921, 40.65808904012703], [-73.93399584820145, 40.65811864640543], [-73.93209047973099, 40.65823509075916], [-73.9310832310265, 40.65829591603769]]]]}",180.0,2001-08-06T00:00:00.000
"{'type': 'MultiPolygon', 'coordinates': [[[[-73.87252798779299, 40.68141178379809], [-73.87254899425908, 40.68148100286443], [-73.87303237560427, 40.6834101520465], [-73.87410532134992, 40.68310383187127], [-73.87536132211696, 40.68274826232536], [-73.87661596447671, 40.68239101180796], [-73.87709625893764, 40.68432326463393], [-73.87836266083865, 40.68400901610146], [-73.87963009509232, 40.68369269256263], [-73.8798089998938, 40.68364755629967], [-73.88002595616024, 40.683707152319556], [-73.88050167856473, 40.68384987400326], [-73.8807309237826, 40.68418069658929], [-73.8809946344125, 40.68449721757267], [-73.8811746516491, 40.68448610968277], [-73.88135101938616, 40.684461332066505], [-73.88186627736246, 40.68479495906462], [-73.88205690921683, 40.68492967557725], [-73.8822033311228, 40.68536028955668], [-73.88025062362772, 40.68628490564192], [-73.8778868366067, 40.68749123398031], [-73.87570776970146, 40.688563961998604], [-73.87405418341143, 40.689298478574216], [-73.87388712470832, 40.688833222109466], [-73.87371866011644, 40.68836404347033], [-73.87348813364143, 40.687705451441], [-73.87344754403493, 40.687593707156005], [-73.87322225568082, 40.68693960469683], [-73.87311148720863, 40.68660053763044], [-73.87293031761676, 40.68602721409397], [-73.87273891979284, 40.685410195285236], [-73.87255449711635, 40.684840469709485], [-73.87237560177755, 40.68427091186682], [-73.87231676140044, 40.68407667398634], [-73.87218592164484, 40.68365131289103], [-73.87156150468304, 40.68168445642285], [-73.8720484193624, 40.68154831903388], [-73.87252798779299, 40.68141178379809]]]]}",206.0,2001-08-07T00:00:00.000
"{'type': 'MultiPolygon', 'coordinates': [[[[-73.91416682131832, 40.63749263661457], [-73.91250885327881, 40.63600613221031], [-73.90962374750202, 40.63787133454397], [-73.90778464846511, 40.636219465809106], [-73.90414936528356, 40.63295268578577], [-73.90489168875456, 40.63247325302779], [-73.90307346336681, 40.63084173967452], [-73.90447200010924, 40.62993850910327], [-73.90485377529379, 40.629708490527214], [-73.90573940497868, 40.62859379989399], [-73.90674959682116, 40.62723203778433], [-73.90696491491295, 40.626949356098], [-73.91413270550333, 40.63045029161472], [-73.9169224016061, 40.63166941636971], [-73.91860224820395, 40.632068327732256], [-73.91869868886458, 40.63301514019731], [-73.91885164464279, 40.6344827232356], [-73.91900629574455, 40.63589362265041], [-73.91917180245417, 40.637469844349376], [-73.91946141158914, 40.640239293213426], [-73.91816338844508, 40.641079866705475], [-73.91416682131832, 40.63749263661457]]]]}",171.0,2001-08-06T00:00:00.000
"{'type': 'MultiPolygon', 'coordinates': [[[[-73.94254980616462, 40.659891995445406], [-73.94231479527086, 40.65760897757493], [-73.94509415872143, 40.65743234510859], [-73.9448728444894, 40.65573476158607], [-73.94507909403322, 40.65572204596526], [-73.9471589640361, 40.65559378991956], [-73.94703257672703, 40.654338714323806], [-73.94687330655226, 40.65279541805863], [-73.94736915759482, 40.65226819217135], [-73.94929643190399, 40.65216421610679], [-73.94976875006296, 40.65264232254807], [-73.95266314036783, 40.652489363431435], [-73.95253662515161, 40.65270282476473], [-73.95234591631898, 40.65299248582406], [-73.95244123029072, 40.65361471434256], [-73.95265644504467, 40.653784170835195], [-73.95282363527406, 40.65397821877202], [-73.95269848780029, 40.654199811951145], [-73.95253480239106, 40.654475879188304], [-73.9525304307125, 40.654893428907094], [-73.95295703468294, 40.65524758755844], [-73.95264863190411, 40.65541361722027], [-73.95270516268059, 40.65595545278237], [-73.95305605029733, 40.65607840723886], [-73.95259578331684, 40.656367184471065], [-73.95267139336643, 40.65675732136336], [-73.95316455401097, 40.656909230617465], [-73.9527185575421, 40.657132996804144], [-73.95274685590691, 40.657356957081895], [-73.953268366976, 40.65766780974369], [-73.95288394913496, 40.657999964348065], [-73.9529026656977, 40.65836118011115], [-73.95330907628781, 40.65851397860987], [-73.952764749186, 40.65888126294084], [-73.95123738657556, 40.65899621231649], [-73.95041539991874, 40.65869315020417], [-73.94985713704216, 40.65900284285556], [-73.94783647075147, 40.65913197976373], [-73.947522545038, 40.6588757522694], [-73.9469873789014, 40.6592255055632], [-73.94583947286421, 40.65931166084044], [-73.94525998076611, 40.65901045957193], [-73.94491446062092, 40.65943403224763], [-73.94281790102578, 40.6595413709925], [-73.94254980616462, 40.659891995445406]]]]}",152.0,2001-08-06T00:00:00.000
"{'type': 'MultiPolygon', 'coordinates': [[[[-74.02216544658212, 40.64405115767262], [-74.01983475052681, 40.642622803215204], [-74.02042111582092, 40.64205732748131], [-74.01843070345853, 40.64083732704754], [-74.01902453176605, 40.6402637259719], [-74.01960300617972, 40.63970903488958], [-74.01965977559703, 40.63974211963456], [-74.02119382223432, 40.64066050233898], [-74.02136556518757, 40.64076415649402], [-74.02152938806638, 40.64087026077263], [-74.02163305225105, 40.64097898808789], [-74.02182969940647, 40.64102914592316], [-74.02395564968509, 40.64232680142038], [-74.02456733665726, 40.64177087229682], [-74.0251202222826, 40.64121007207618], [-74.02596467878668, 40.64039838317504], [-74.02626267412471, 40.64009438096146], [-74.02646435078708, 40.639918292380166], [-74.02695244764499, 40.63944606398836], [-74.02770568264721, 40.639894406662044], [-74.02840552030574, 40.64032182914165], [-74.02916023159484, 40.64077491579525], [-74.03032234455183, 40.63964722016379], [-74.03047261893241, 40.63928530725739], [-74.03060631319906, 40.63896332695708], [-74.03089089084473, 40.63827882985339], [-74.03125283878565, 40.63839138709895], [-74.03160913633495, 40.638502179642934], [-74.03196319988581, 40.6386118908058], [-74.03350157775981, 40.63908858355428], [-74.03438213474337, 40.63935514763388], [-74.03558827800565, 40.63976311157613], [-74.03626308219422, 40.639965302837524], [-74.03606772559702, 40.640227737573326], [-74.03571276150385, 40.6406401535104], [-74.0359803944914, 40.64094594904276], [-74.03635055354913, 40.64115438366521], [-74.03678209724575, 40.64156344884964], [-74.03670307928576, 40.641685619420294], [-74.03607656650496, 40.64226477243445], [-74.03421173031636, 40.6441326669475], [-74.03405471518361, 40.64428993321806], [-74.03284292000697, 40.643563709961754], [-74.03262055645901, 40.64376540187633], [-74.03231070675385, 40.64357458569997], [-74.03197857140583, 40.64389338020666], [-74.03189708570612, 40.64388934933834], [-74.03127890042464, 40.64452393339695], [-74.03103266675669, 40.644771922649625], [-74.03070240513851, 40.64509559536062], [-74.03051830856032, 40.64527442409317], [-74.0290809094991, 40.64440359693025], [-74.02895339494965, 40.6445019801204], [-74.02853859070318, 40.644203125625545], [-74.02820569602099, 40.644015982845794], [-74.0277653066534, 40.64449292927223], [-74.02745515907122, 40.644792873009976], [-74.02703434239514, 40.64519782102635], [-74.02688538344681, 40.64535868166446], [-74.0265175724944, 40.64575587622933], [-74.02604948482795, 40.646261349830276], [-74.02604074280492, 40.64627066116164], [-74.02603388087773, 40.64626655587075], [-74.02459096632303, 40.6452934873597], [-74.02216544658212, 40.64405115767262]]]]}",18.0,2011-08-12T00:00:00.000
"{'type': 'MultiPolygon', 'coordinates': [[[[-73.99194435715287, 40.624855188418124], [-73.9894886822704, 40.623369510237154], [-73.9888845491873, 40.62395282823102], [-73.98666669740285, 40.62261402319827], [-73.98553038902715, 40.62375813177709], [-73.98496213923434, 40.62432310170819], [-73.98245130145294, 40.62291228487606], [-73.98160368136122, 40.62243003455066], [-73.98043427737592, 40.62176468477833], [-73.98097449030124, 40.62122008314882], [-73.98288321189234, 40.61938078920845], [-73.98406791879438, 40.618240738507104], [-73.98627524713078, 40.619566616501594], [-73.98743540747239, 40.61845428215905], [-73.98806551768199, 40.617852180006814], [-73.99018174488943, 40.61913136258142], [-73.9907954218779, 40.618523562110425], [-73.99137097028222, 40.617961448029945], [-73.9915179643673, 40.61781979803607], [-73.99193531935674, 40.61739085597801], [-73.99250882823088, 40.616827186557515], [-73.99483514484668, 40.61823170364059], [-73.99425411613012, 40.61878917054868], [-73.99387689522763, 40.61915577982183], [-73.99424261589537, 40.619360424339554], [-73.9945293158236, 40.619520856611075], [-73.9951308340558, 40.61986576512105], [-73.99639307194428, 40.62058198656597], [-73.99554647593173, 40.621392515204356], [-73.99491982770041, 40.6219939290276], [-73.99429351057894, 40.62259736507012], [-73.99401401493786, 40.622868740438385], [-73.99371105664508, 40.623155611979385], [-73.99194435715287, 40.624855188418124]]]]}",221.0,2001-08-07T00:00:00.000
"{'type': 'MultiPolygon', 'coordinates': [[[[-74.01057235591581, 40.63796466383178], [-74.00837574780685, 40.636636557539276], [-74.00895274421498, 40.636075080742486], [-74.00955708378835, 40.63549296362414], [-74.00736150738891, 40.6341676934612], [-74.00556490391305, 40.63308317654284], [-74.00630615537193, 40.63258408856643], [-74.00680677847856, 40.63225039009698], [-74.00834794164199, 40.6332021157787], [-74.00853704158078, 40.633028161132984], [-74.00911958322787, 40.63246256104884], [-74.00868615632794, 40.63252235666962], [-74.00780573204126, 40.632017776906565], [-74.00773967040038, 40.63162874801653], [-74.00733359124119, 40.63165831527102], [-74.0069877706959, 40.631442641710485], [-74.00692091659116, 40.63113382974213], [-74.00750218264186, 40.63057654246296], [-74.0119082378513, 40.63323440478738], [-74.01142649406108, 40.63340922921333], [-74.0113264887498, 40.63379449636879], [-74.0108401927828, 40.6340287693537], [-74.01058340328991, 40.63450185257708], [-74.01126451550043, 40.634851936850744], [-74.01162091103562, 40.63500952849152], [-74.01236009546915, 40.63528719809739], [-74.01312677069872, 40.63551230591486], [-74.0129383630979, 40.63569291566446], [-74.01235974887507, 40.63624757402364], [-74.01175908338777, 40.63682335780829], [-74.01196242683852, 40.63679719496992], [-74.01394481484482, 40.637988285353096], [-74.01396078487723, 40.63815325796645], [-74.01335669138547, 40.63873530793559], [-74.01277537918763, 40.63929563193696], [-74.01057235591581, 40.63796466383178]]]]}",766.0,2001-08-07T00:00:00.000
"{'type': 'MultiPolygon', 'coordinates': [[[[-73.93653497042696, 40.70179061440072], [-73.93643276066727, 40.70158367465758], [-73.93529061619172, 40.70176053260811], [-73.93508817798428, 40.701750143080396], [-73.93521918844873, 40.70158495199606], [-73.9363765921759, 40.70119630077806], [-73.93626474385185, 40.7008117589067], [-73.93644038069932, 40.700624627391626], [-73.93600702494658, 40.70051513395633], [-73.93591299079482, 40.70029932879974], [-73.93595461729917, 40.70022096417562], [-73.93595903159729, 40.700212654002826], [-73.93596768831316, 40.70019635594439], [-73.93604579532716, 40.70004931239178], [-73.93604633703542, 40.70004829331279], [-73.93604836399885, 40.70004447716735], [-73.9360660613913, 40.70001116173969], [-73.93538203033756, 40.69954860978685], [-73.93536887204795, 40.699547204803466], [-73.93536708085445, 40.69954701378953], [-73.93536401074466, 40.699546686079984], [-73.9350487904888, 40.69951303207863], [-73.9349757868941, 40.69930642321869], [-73.93497456682765, 40.69930297086532], [-73.93497365236871, 40.69930038227603], [-73.93483691022244, 40.69891337995871], [-73.93482740231941, 40.698886470865], [-73.93482511325101, 40.698879991282155], [-73.93477701693247, 40.69874387138778], [-73.93477677976861, 40.69874319857052], [-73.93477462404006, 40.69873709817777], [-73.93476154572858, 40.69870008510552], [-73.93423887029802, 40.698743915467844], [-73.93423771895414, 40.698744012065376], [-73.93423474415607, 40.69874426160856], [-73.93414044754819, 40.698752168219336], [-73.93400507028952, 40.69832389247334], [-73.93400451121057, 40.6983221226456], [-73.93400254971408, 40.69831591608901], [-73.93398631046033, 40.69826454244126], [-73.93380806547128, 40.69840431037713], [-73.93380144510797, 40.69840950162622], [-73.93380109461063, 40.69840977698146], [-73.93379291003568, 40.69841619472897], [-73.93369647392481, 40.69810428738119], [-73.93324669603273, 40.69785558931719], [-73.93333214160857, 40.69782962663638], [-73.93371653450558, 40.69779565709114], [-73.93418892737645, 40.697430500158426], [-73.93400832825121, 40.6971183375956], [-73.93522264490049, 40.696986544031], [-73.93479699776542, 40.696736591505896], [-73.9345601189554, 40.69555483957354], [-73.93468775104371, 40.69565534420954], [-73.93483923885994, 40.69575728798416], [-73.93493637608557, 40.69582265623389], [-73.93721982512989, 40.695581772082], [-73.93748376805385, 40.695218439397145], [-73.93763027634064, 40.695950869779914], [-73.93779111018868, 40.69668935029012], [-73.93795448206045, 40.69742359138555], [-73.9380887111889, 40.6980877015003], [-73.93817718623004, 40.698640222465734], [-73.93890152816898, 40.699036969871116], [-73.93968995317428, 40.69945579088791], [-73.94193078886758, 40.70072523362371], [-73.94042057872812, 40.70107659805724], [-73.93951008283724, 40.701279781261846], [-73.93886864123293, 40.70142767238632], [-73.93836519614023, 40.701544889783946], [-73.93750560278875, 40.70177304538017], [-73.93697867972347, 40.70191197634919], [-73.93653497042696, 40.70179061440072]]]]}",32.0,2001-07-31T00:00:00.000
"{'type': 'MultiPolygon', 'coordinates': [[[[-73.8841837366102, 40.64297861891467], [-73.88446212572677, 40.64281707387846], [-73.88525297833026, 40.64235734507049], [-73.88580051427984, 40.64246878875423], [-73.88730924847529, 40.641475841115735], [-73.88738553562428, 40.64098063243918], [-73.88788179552698, 40.64107648471665], [-73.88821960456511, 40.640891137334584], [-73.88812746544237, 40.64050165002579], [-73.88861846795876, 40.64063443513806], [-73.88894694572365, 40.64042051210666], [-73.88887037393351, 40.64002489719047], [-73.88936928826885, 40.64013526369921], [-73.88966961301111, 40.63993559374318], [-73.88961401366353, 40.639542765399], [-73.89032791616015, 40.63907941841911], [-73.89214150140054, 40.640712181300024], [-73.89599205884362, 40.63823112802102], [-73.89759319514475, 40.63718813913232], [-73.89757861043354, 40.63734614808884], [-73.89773251890205, 40.63787467608222], [-73.89883622193798, 40.63877029210726], [-73.8985995282849, 40.63891397228757], [-73.89867484151105, 40.63915296218468], [-73.89868177789461, 40.63928708769718], [-73.89844956681489, 40.63924251322789], [-73.89817845071958, 40.63919647943888], [-73.89779398357206, 40.63952470527008], [-73.89780187970584, 40.639663673353425], [-73.89780392251222, 40.63985660974103], [-73.89763094081215, 40.63982912190893], [-73.89724882958322, 40.63987632358102], [-73.89711972494848, 40.639928906016344], [-73.89703980843632, 40.640209175453535], [-73.89701107045698, 40.640374304147905], [-73.89672598173587, 40.64033340172891], [-73.89657465204105, 40.640277254896766], [-73.89605332469527, 40.640618366805704], [-73.89610036954812, 40.640739868234874], [-73.89613053066661, 40.640941190247], [-73.89587331318558, 40.64088659683297], [-73.89572297344274, 40.640831861973574], [-73.89528386468871, 40.64111464955179], [-73.89532958693395, 40.641236760115234], [-73.89538869945737, 40.64142096293441], [-73.89720671474073, 40.643054612786656], [-73.8969442310128, 40.64299552249285], [-73.89679888319549, 40.64294099527313], [-73.89641327741319, 40.64318941479418], [-73.89645974425999, 40.6433076444191], [-73.89649114121524, 40.64351607199633], [-73.8960768221716, 40.64346526736075], [-73.89571978739434, 40.6436823068856], [-73.89577689457357, 40.64397712281057], [-73.89550622037413, 40.64391403446775], [-73.89538184713668, 40.643877957135224], [-73.89499998361718, 40.64412638697092], [-73.89502600604892, 40.64422644790826], [-73.89506311099534, 40.64443829585679], [-73.89480075798899, 40.64437711956774], [-73.89467501396145, 40.64434338632536], [-73.89428779354402, 40.64459153852037], [-73.89431370079406, 40.64468925202996], [-73.89432222820135, 40.644916891460234], [-73.8937099302115, 40.644989606522536], [-73.8935196417571, 40.64508012715623], [-73.89356216087862, 40.64523104468113], [-73.89358029199292, 40.645397021125284], [-73.89330136580635, 40.64537374599667], [-73.89288050858153, 40.64564571990449], [-73.89283769918195, 40.64587456115983], [-73.89228127902193, 40.64573985033152], [-73.8905917637804, 40.64682033250493], [-73.89068351484421, 40.64703949499925], [-73.8907103399691, 40.64725587261688], [-73.89100585498086, 40.64752144567258], [-73.89178013741034, 40.64821702376034], [-73.89077252960332, 40.64807809535214], [-73.88964264045147, 40.64810147982192], [-73.8841837366102, 40.64297861891467]]]]}",169.0,2001-08-06T00:00:00.000
"{'type': 'MultiPolygon', 'coordinates': [[[[-73.87335012627533, 40.678638430965876], [-73.87406779665993, 40.67853598444842], [-73.87422202253147, 40.67851610556999], [-73.87403563695752, 40.677698863685265], [-73.87374051258308, 40.67645463080433], [-73.87466664786842, 40.67632134967031], [-73.874351408859, 40.675052638349754], [-73.87527450805116, 40.6749188264014], [-73.87558810556116, 40.67618862299736], [-73.87589560341046, 40.6774307209184], [-73.8760987604599, 40.678247752508206], [-73.8762772177988, 40.67897323048316], [-73.87382793938589, 40.679327948375054], [-73.87335012627533, 40.678638430965876]]]]}",930.0,2001-08-07T00:00:00.000
"{'type': 'MultiPolygon', 'coordinates': [[[[-73.91364442582989, 40.70267681221699], [-73.91377847920135, 40.702447817462264], [-73.91331538973718, 40.70217614503938], [-73.91306211424511, 40.70233519715476], [-73.91290404119378, 40.702361890729556], [-73.91216169811744, 40.70192316409498], [-73.9114224263802, 40.70148658772382], [-73.91067882749702, 40.701045968680866], [-73.91180820117192, 40.69993800261823], [-73.91228895881548, 40.699439557844855], [-73.91330879035016, 40.69841041448502], [-73.91486526355162, 40.69682589009867], [-73.91561605430539, 40.6972524398947], [-73.91707163035858, 40.69578254611473], [-73.91713946593529, 40.696298378619275], [-73.91781824894578, 40.696207862386366], [-73.9185644073171, 40.696630094103185], [-73.91622341576154, 40.69902792906016], [-73.91752228635622, 40.698893241043514], [-73.91631608374071, 40.70012139007016], [-73.914849726017, 40.70161722723858], [-73.91364440830388, 40.70279892687404], [-73.91364442582989, 40.70267681221699]]]]}",85.0,2001-08-03T00:00:00.000
"{'type': 'MultiPolygon', 'coordinates': [[[[-73.87056171827525, 40.669797347540374], [-73.87006490268841, 40.66795487110096], [-73.8708522006141, 40.66735221338834], [-73.87181013939306, 40.666693035015705], [-73.87187230011911, 40.66667976765141], [-73.87266847848193, 40.66629022364174], [-73.87349082228846, 40.66594883536613], [-73.87675900536006, 40.66454389382081], [-73.87839557212865, 40.66384044057153], [-73.88246945122927, 40.662089918759925], [-73.88257370768594, 40.66222909206029], [-73.88240665642843, 40.66258913127752], [-73.88308893170371, 40.663472007365534], [-73.88348677623165, 40.66344781655637], [-73.88430189402537, 40.663095456484754], [-73.88404566500944, 40.66344345769045], [-73.88451910490122, 40.664112527200686], [-73.88430969990863, 40.664560803503576], [-73.88470844892265, 40.664498557960805], [-73.88506226184082, 40.66500693584756], [-73.88493743684478, 40.66540710821106], [-73.88474247465244, 40.66549489368149], [-73.88458373479273, 40.665715558709216], [-73.88465611645496, 40.66601166174701], [-73.8849083324114, 40.66613385903159], [-73.88455392532829, 40.66656045022598], [-73.88482782233831, 40.66741798138117], [-73.88529697674083, 40.66765321140488], [-73.88116953831698, 40.66826527674218], [-73.87756808990186, 40.66878747883634], [-73.87676689249392, 40.66890994908217], [-73.87664529485225, 40.66892044490343], [-73.87478179786399, 40.66918763198193], [-73.87380043321023, 40.669335261916345], [-73.87396601263094, 40.669922075382324], [-73.87335156420764, 40.67102081143562], [-73.87119262337148, 40.67134963071363], [-73.8712921733673, 40.67178287152381], [-73.8718607162474, 40.671949114694826], [-73.87197668560863, 40.6725479816795], [-73.8713025808156, 40.672858385014244], [-73.87056171827525, 40.669797347540374]]]]}",192.0,2001-08-07T00:00:00.000
"{'type': 'MultiPolygon', 'coordinates': [[[[-73.98700001529879, 40.68777311554034], [-73.98714196136086, 40.68742643978091], [-73.98689181276303, 40.68732906387263], [-73.98706081386318, 40.687078750021804], [-73.98742924420152, 40.687138652389336], [-73.98726508123518, 40.686910165361354], [-73.98750368200162, 40.686572235462464], [-73.98785886747082, 40.68650344022836], [-73.987966591507, 40.68620659631705], [-73.98772274061821, 40.686111910538244], [-73.98775525992131, 40.68606365488753], [-73.98773532327576, 40.68605591360752], [-73.98776946266159, 40.686005252607565], [-73.98803394000097, 40.686107945285926], [-73.98816745341675, 40.68591238042049], [-73.98828896779834, 40.685868694720824], [-73.98826440426785, 40.685762972138036], [-73.98838683645906, 40.68558184172962], [-73.98825373451503, 40.68552859658182], [-73.98829581902697, 40.68546776475095], [-73.9866576307585, 40.68483001337735], [-73.98674011726136, 40.68470798268027], [-73.98649269787224, 40.684611657981364], [-73.98656303434599, 40.6843887550707], [-73.9874295746779, 40.683126719562566], [-73.98748080286805, 40.684212010189796], [-73.98849078226634, 40.68460389996625], [-73.9891474352009, 40.684068505460736], [-73.9895566262704, 40.683955666228904], [-73.98999199303151, 40.6833188437064], [-73.99219161673817, 40.68417832002274], [-73.9917601439443, 40.68481436964119], [-73.99425515739838, 40.68577793602065], [-73.99409287200749, 40.68611278989066], [-73.99603991252714, 40.68675240501749], [-73.99572977796612, 40.68739741506754], [-73.9954928153134, 40.687892770105066], [-73.99533325874933, 40.688226308302674], [-73.9972021052295, 40.6887493689816], [-73.99874207792088, 40.68917701374396], [-73.9988609595723, 40.689207803617045], [-73.99912517544527, 40.68927496633522], [-74.00046846928635, 40.68965914565356], [-74.00183607776209, 40.69002972913962], [-74.00236249088768, 40.690213324254245], [-74.00232186191722, 40.69035301797513], [-74.00190013907647, 40.69026274295993], [-74.00182107006883, 40.69038312123961], [-74.00096444624523, 40.69012231416806], [-74.00075359228279, 40.69060382464533], [-74.00300820201119, 40.69123866125467], [-74.00303355652319, 40.69124579985688], [-74.00478639080497, 40.6917372808547], [-74.00443060641842, 40.69248965299295], [-74.00259280083543, 40.69200049549345], [-74.00196938602743, 40.69184320821084], [-74.00179431978803, 40.69218477618046], [-74.0007730579297, 40.69189575734697], [-74.00068507643238, 40.691914015559796], [-74.00062936096916, 40.69202728261867], [-74.00019040401408, 40.691896446527124], [-73.99991517374042, 40.691767230056975], [-73.99951274135302, 40.691651457985], [-73.99843306464778, 40.691364920612706], [-73.99803048642303, 40.69125373058038], [-73.99776924145816, 40.69119470527141], [-73.99623278000614, 40.690757776901805], [-73.9955817930628, 40.69210445544533], [-73.99508016984952, 40.693147214523265], [-73.99310299700188, 40.692845863200695], [-73.99097186979593, 40.692548800290105], [-73.98947238551982, 40.6922954937513], [-73.98902944766148, 40.692123860945976], [-73.98820701388996, 40.691806959687085], [-73.98734787498864, 40.69145766736611], [-73.98789027540134, 40.69046825497852], [-73.98830145713643, 40.689869937701424], [-73.98871984741459, 40.68924691668709], [-73.98916707790546, 40.68861566251145], [-73.98700001529879, 40.68777311554034]]]]}",116.0,2001-08-06T00:00:00.000
"{'type': 'MultiPolygon', 'coordinates': [[[[-73.87720264847634, 40.66224065651835], [-73.87732105473566, 40.6617279631291], [-73.87672936091145, 40.66085433853784], [-73.87610051439, 40.66075677309974], [-73.87628292218851, 40.66028718080305], [-73.8757613444783, 40.659574440855444], [-73.87508776707563, 40.65939269977105], [-73.87523467955397, 40.65889998205843], [-73.87468305849345, 40.65813360028075], [-73.87410593303228, 40.658055252444704], [-73.87406931133481, 40.65800536874023], [-73.87306780917065, 40.65664454253025], [-73.87384233066383, 40.65631979028582], [-73.87337420483625, 40.655682988867184], [-73.8625551941424, 40.64268018468661], [-73.8624134022326, 40.64249031712056], [-73.86288700473654, 40.64233747029651], [-73.86375964350526, 40.64153681012787], [-73.86586692709888, 40.640350563867486], [-73.86661143717906, 40.640049160591495], [-73.86662381456865, 40.64006383360565], [-73.86842525042556, 40.64219929167138], [-73.87020196399769, 40.6444058781123], [-73.87260831483314, 40.64729146488884], [-73.87973336148404, 40.65556305784471], [-73.88221364901223, 40.65451863772909], [-73.88251136328297, 40.65621350936228], [-73.88081254359655, 40.65694513418272], [-73.88291170745144, 40.65978123663995], [-73.88458195166976, 40.65906133102157], [-73.88578677040174, 40.66065578276838], [-73.8833019420323, 40.66173019919249], [-73.88341324876193, 40.66188216627733], [-73.88325202041284, 40.6622224175127], [-73.88379782569223, 40.66293974208423], [-73.88430189402537, 40.663095456484754], [-73.88348677623165, 40.66344781655637], [-73.88308893170371, 40.663472007365534], [-73.88240665642843, 40.66258913127752], [-73.88257370768594, 40.66222909206029], [-73.88246945122927, 40.662089918759925], [-73.87839557212865, 40.66384044057153], [-73.8783001705816, 40.663712502321346], [-73.87851861418851, 40.663312488106016], [-73.87782908384183, 40.662306669145714], [-73.87720264847634, 40.66224065651835]]]]}",186.0,2001-08-07T00:00:00.000
"{'type': 'MultiPolygon', 'coordinates': [[[[-73.95695760442679, 40.66117957097982], [-73.95687581278798, 40.66044170235842], [-73.9568004869963, 40.65972923020059], [-73.95672522067643, 40.65901756876445], [-73.95664922402601, 40.65830578974227], [-73.95655768737478, 40.65745362319962], [-73.95647813134704, 40.6567107837449], [-73.95642774729653, 40.65624064842638], [-73.95638851609843, 40.65587456563958], [-73.9563003511726, 40.65504828102468], [-73.95616409702001, 40.65377651876767], [-73.95605111834206, 40.652700618734315], [-73.95601055752435, 40.65231427207824], [-73.95656498955309, 40.652285963406825], [-73.95915001037287, 40.652144556833925], [-73.958925272925, 40.65121154986656], [-73.95870789930476, 40.650387273272365], [-73.9599765829414, 40.65020886099659], [-73.96100797129509, 40.65008260256432], [-73.96218573977535, 40.64978879679801], [-73.96307464084701, 40.64943954955522], [-73.9631789741666, 40.64998569325954], [-73.96344222201266, 40.651363947066024], [-73.96435508407002, 40.65100535051287], [-73.96465438744404, 40.65088772711119], [-73.9652410359209, 40.65174204659831], [-73.96575121456091, 40.652499228489674], [-73.96621322035466, 40.65318940448195], [-73.96414422603736, 40.65399426401191], [-73.9619002850545, 40.65487096148889], [-73.96260415821538, 40.658300960377126], [-73.96281137554625, 40.66048727867293], [-73.96307724181038, 40.66213019394289], [-73.96306228514773, 40.66225355105048], [-73.96302683501654, 40.66237584757397], [-73.96297127281102, 40.662494202697104], [-73.9628967215555, 40.6626060591679], [-73.96280577297591, 40.662708454524164], [-73.96242894170834, 40.66312520800983], [-73.96173259995145, 40.66362343196962], [-73.96110886861459, 40.66406232371376], [-73.96033682939093, 40.66410869774396], [-73.9593442249664, 40.66417564660536], [-73.95787061929025, 40.66427335748322], [-73.95729172675996, 40.66430263227399], [-73.95720935459117, 40.66351739674732], [-73.95712113959667, 40.66273747170542], [-73.95704343506925, 40.661965150743775], [-73.95695760442679, 40.66117957097982]]]]}",768.0,2005-06-13T00:00:00.000
"{'type': 'MultiPolygon', 'coordinates': [[[[-73.94496134602387, 40.669555451596196], [-73.94219628445732, 40.66940330432504], [-73.94252843576957, 40.66583792329493], [-73.94261322665258, 40.664947067032166], [-73.94538173478367, 40.66509942237689], [-73.94546293660859, 40.66422610413321], [-73.94599384609154, 40.66458495606641], [-73.94718102567072, 40.66454468148823], [-73.94793457629716, 40.664424007348074], [-73.948166041825, 40.664081821597506], [-73.94847561035759, 40.66427115599383], [-73.94927980888244, 40.66426422370585], [-73.94940638962716, 40.66400530754821], [-73.94982547328728, 40.6643154943525], [-73.95056264979684, 40.66431581352232], [-73.95097410116577, 40.66390486761086], [-73.95144824698782, 40.66427973961252], [-73.95343013501326, 40.66409830354731], [-73.95384851152659, 40.66372780831516], [-73.95349283235187, 40.66342762803394], [-73.95335896950427, 40.66318699641277], [-73.95378994646421, 40.66294659291829], [-73.95330179815336, 40.662800591390074], [-73.95326378042127, 40.66240690352418], [-73.95369968723512, 40.66217391666309], [-73.95361543369293, 40.66138780420372], [-73.95421936535644, 40.661672207970675], [-73.95667385489884, 40.661486255551644], [-73.95695760442679, 40.66117957097982], [-73.95704343506925, 40.661965150743775], [-73.95712113959667, 40.66273747170542], [-73.95720935459117, 40.66351739674732], [-73.95729172675996, 40.66430263227399], [-73.95730218610062, 40.664478731823515], [-73.95685966372285, 40.66572009917855], [-73.95654060016338, 40.66660244884904], [-73.9562187127688, 40.6674828335431], [-73.95534460473749, 40.66991692412447], [-73.9550061837132, 40.66948859042788], [-73.95385525150081, 40.6694468936275], [-73.95328980145484, 40.66979531302647], [-73.95302930185298, 40.66940016300451], [-73.9509238338607, 40.669249786804784], [-73.9505213514785, 40.66964454391841], [-73.9503282579862, 40.66924695302207], [-73.94801495596361, 40.669145572094244], [-73.94775110318966, 40.66949526530067], [-73.94772996343016, 40.669713441600344], [-73.94496134602387, 40.669555451596196]]]]}",166.0,2001-08-06T00:00:00.000
"{'type': 'MultiPolygon', 'coordinates': [[[[-73.96047352425354, 40.57915129295248], [-73.9604225912497, 40.578900659523164], [-73.96039180833871, 40.57864882612407], [-73.96038111563132, 40.578396846755226], [-73.96077934656846, 40.578315909318555], [-73.96056401352014, 40.57779888977187], [-73.96038833853, 40.57583643360238], [-73.96033795671087, 40.57511140288914], [-73.96018775688843, 40.57401287473407], [-73.96014549513956, 40.57347348916736], [-73.9618039460994, 40.57331065675729], [-73.96449451645667, 40.5730744072147], [-73.96701810785555, 40.57281503368396], [-73.96756707287466, 40.574881526417634], [-73.9676574352932, 40.575043682252165], [-73.96735538232373, 40.57634786228187], [-73.96717160752164, 40.576386226186564], [-73.96703638656625, 40.57701858966862], [-73.96696117969577, 40.57734963692917], [-73.96681226160803, 40.57799219886155], [-73.96666476292799, 40.5786240359322], [-73.96657246834957, 40.57903695348466], [-73.96621053767888, 40.5806295685819], [-73.96730118722067, 40.58041951288652], [-73.96759867868452, 40.5803784701453], [-73.96733404014066, 40.58151752229464], [-73.96708956048762, 40.58259579365477], [-73.96707277555198, 40.582669811766934], [-73.96701115985981, 40.58294762350624], [-73.96691975180197, 40.58335247280893], [-73.96685766077005, 40.58358661808245], [-73.96683458353404, 40.583676862155336], [-73.9668137545322, 40.58375771416044], [-73.9667767838595, 40.58391498940293], [-73.96676128940973, 40.58398439217515], [-73.96549229531435, 40.584045884239906], [-73.96437029509443, 40.58406632102892], [-73.96353946406748, 40.58419825717093], [-73.9624133132993, 40.58435340740227], [-73.96230108500248, 40.58430249974515], [-73.96206978494008, 40.584203040431696], [-73.96143022914116, 40.58389984641146], [-73.9613202089985, 40.583299988681446], [-73.96117306419706, 40.58250268712066], [-73.96103189946955, 40.58172558634074], [-73.96093525980837, 40.58174627458507], [-73.96088979803304, 40.581101610137694], [-73.96086930196864, 40.58082572771408], [-73.96084786772091, 40.58053911964342], [-73.96074358551198, 40.57988050375873], [-73.96063456978254, 40.579642493965395], [-73.96054432492613, 40.57939898827906], [-73.96047352425354, 40.57915129295248]]]]}",125.0,2001-08-06T00:00:00.000
"{'type': 'MultiPolygon', 'coordinates': [[[[-73.98186818320868, 40.61691212649034], [-73.98244953542745, 40.61635289436115], [-73.98022027467599, 40.615004947932405], [-73.98143750066124, 40.61383768844389], [-73.98070684602784, 40.613402184287615], [-73.98018152529903, 40.61063401662519], [-73.98210659149493, 40.61042050811927], [-73.98252737017195, 40.612584370135664], [-73.98265927524287, 40.612692470490096], [-73.983222271107, 40.61212220890286], [-73.98412586073097, 40.612216793668075], [-73.98528312139352, 40.612924867153545], [-73.98603304868702, 40.61291155854468], [-73.98684508470096, 40.612947892838825], [-73.98815669496057, 40.61374958387062], [-73.98832453523119, 40.61358518030594], [-73.98881346746285, 40.61368290689135], [-73.98871219001104, 40.613164333270056], [-73.98893610905914, 40.61294855550848], [-73.98922127494062, 40.613120814023304], [-73.98939734512778, 40.613122892013585], [-73.98935673001985, 40.61299788238985], [-73.98905926054027, 40.61281818464708], [-73.98951036693227, 40.61238441860426], [-73.98980232408874, 40.612560969713776], [-73.98997610835528, 40.61256228877728], [-73.99217940650232, 40.613893745157824], [-73.9942225365208, 40.6151305513336], [-73.99658204833189, 40.61655473819499], [-73.99483514484668, 40.618231703640554], [-73.992508828231, 40.61682718655746], [-73.9919353193568, 40.61739085597801], [-73.99151796436738, 40.617819798036], [-73.99137097028222, 40.61796144802991], [-73.9907954218779, 40.618523562110425], [-73.99018174488948, 40.61913136258142], [-73.98806551768199, 40.61785218000678], [-73.98743540747233, 40.61845428215905], [-73.98627524713083, 40.61956661650156], [-73.98406791879442, 40.61824073850707], [-73.98186818320868, 40.61691212649034]]]]}",220.0,2001-08-07T00:00:00.000
"{'type': 'MultiPolygon', 'coordinates': [[[[-73.98017128094801, 40.60517880151145], [-73.97938057538505, 40.601001014679774], [-73.9789196161985, 40.59860628022713], [-73.97934305075205, 40.59856151123971], [-73.97984996430881, 40.59851651217038], [-73.98078354088018, 40.59844739474457], [-73.98171182004873, 40.598345012646206], [-73.98263903294037, 40.59824288419272], [-73.98356634961232, 40.598140631344116], [-73.9844938290688, 40.59803845173116], [-73.98549063204227, 40.59792967271563], [-73.98548008186245, 40.59787571194861], [-73.98526614254742, 40.5967438452501], [-73.98574725803108, 40.59704049290592], [-73.9864571744276, 40.59747892604271], [-73.9871921084363, 40.59792604759539], [-73.98793938614703, 40.598372049414436], [-73.98865795711724, 40.59880069914741], [-73.98939449081844, 40.59925456961959], [-73.98876937685709, 40.59985500550387], [-73.99097171258363, 40.601184559548905], [-73.990389984821, 40.60174340327559], [-73.98980757379842, 40.60230291067844], [-73.989223439035, 40.60286567465868], [-73.98869008822021, 40.603425306639686], [-73.98806312967314, 40.60397945138622], [-73.98747998229052, 40.60453971204657], [-73.98684762686904, 40.605097235770096], [-73.98585025781557, 40.60520916921352], [-73.98492571715127, 40.60531275555367], [-73.98399718169061, 40.605409652243026], [-73.98306556247357, 40.60549703163043], [-73.98293926578927, 40.60537286308651], [-73.98218247872627, 40.605288992454284], [-73.98210030953952, 40.60537908804501], [-73.98196628548003, 40.605265030701844], [-73.98121924359641, 40.60518223395923], [-73.98114405779299, 40.605279941188726], [-73.9810082728764, 40.6051585934967], [-73.98026162927775, 40.60507903823705], [-73.98017128094801, 40.60517880151145]]]]}",136.0,2001-08-06T00:00:00.000
"{'type': 'MultiPolygon', 'coordinates': [[[[-73.9073416266836, 40.69255276185505], [-73.91024374302906, 40.6896008022996], [-73.91099605500584, 40.69002784336969], [-73.91174792600977, 40.69045586891765], [-73.91249979642713, 40.690882899209235], [-73.90959800402109, 40.693834981039906], [-73.90700504919094, 40.69647991797889], [-73.90652350760726, 40.69697614278503], [-73.90611626070981, 40.69675055689398], [-73.90576536071138, 40.69654855511749], [-73.90540127736713, 40.69635030587984], [-73.90500484874127, 40.69611874544364], [-73.90466384787987, 40.69593224652309], [-73.90426018417736, 40.695700371470046], [-73.90480435376288, 40.69514816900306], [-73.90491424308459, 40.69507357109493], [-73.90579597115725, 40.69412715463857], [-73.9073416266836, 40.69255276185505]]]]}",89.0,2001-08-03T00:00:00.000
"{'type': 'MultiPolygon', 'coordinates': [[[[-73.89267772974276, 40.68237141989572], [-73.8919747462682, 40.682743067633396], [-73.89034574922962, 40.683777604970395], [-73.89023712870242, 40.68353729689404], [-73.89028813226872, 40.68352153508643], [-73.8902817276361, 40.68339732630076], [-73.8903453925177, 40.68328235789165], [-73.89108905071784, 40.68283303990233], [-73.89071246472312, 40.6823730709237], [-73.89057318842697, 40.68234200227316], [-73.89041068091917, 40.682319748982884], [-73.89002842567756, 40.68178022264884], [-73.88977375877442, 40.68180039269491], [-73.89065536130029, 40.681373111004454], [-73.8909413077943, 40.68071775809735], [-73.8908441865674, 40.680292137553145], [-73.8903103096765, 40.680008745457044], [-73.88940652322756, 40.68014202106304], [-73.88885379950823, 40.679768960885085], [-73.88870140227226, 40.67898158684252], [-73.8890056978427, 40.678557043752065], [-73.88852884640563, 40.67824073432134], [-73.88833800127611, 40.677469280420624], [-73.88859260474281, 40.67695622179538], [-73.88948216171151, 40.67676944842551], [-73.89037146991056, 40.67659433845685], [-73.8921637344772, 40.67627997833463], [-73.89306828370472, 40.676143926016145], [-73.89397615165744, 40.67601609162385], [-73.89491136115379, 40.675911157149564], [-73.89533271461379, 40.67587615178206], [-73.89581012348552, 40.67581742573529], [-73.89685197540699, 40.67573639424472], [-73.89784574354435, 40.67567320022626], [-73.89877882203388, 40.675624721576554], [-73.89972239706267, 40.67560373728855], [-73.90067721982682, 40.67559827091978], [-73.9009299282657, 40.67560189286829], [-73.90118242282355, 40.67561411373701], [-73.90143394689346, 40.6756349243704], [-73.90168375514958, 40.67566424289213], [-73.90267831836991, 40.67578972875632], [-73.90287694462418, 40.67582186473183], [-73.90346553639807, 40.675886016625824], [-73.90345933589086, 40.67603501070894], [-73.90301760609462, 40.676552874971215], [-73.90323571102888, 40.67700792744172], [-73.90335417551859, 40.67711154242405], [-73.90303983345119, 40.67724592212363], [-73.90301331844617, 40.67768909822333], [-73.90301228437549, 40.6777063737348], [-73.90331599922717, 40.67786922654769], [-73.90332884908601, 40.67801101965116], [-73.9034987000246, 40.678748972135665], [-73.90357657163565, 40.67888331237524], [-73.90333724728539, 40.6789243068554], [-73.90403487504449, 40.67921578299457], [-73.90404357708022, 40.679220842141085], [-73.9040450366776, 40.679221690742864], [-73.90351694450747, 40.67926642147753], [-73.90239361070627, 40.680498333071505], [-73.90262253085457, 40.68066445386729], [-73.90075236061365, 40.67967664297467], [-73.900470010943, 40.67953524326123], [-73.89969830325721, 40.67954409174064], [-73.89889928317909, 40.67956093430173], [-73.89869586365968, 40.679547851098064], [-73.89800282572715, 40.679619640242976], [-73.89694898278614, 40.67977356282137], [-73.8967192834642, 40.68040746331827], [-73.89665608368736, 40.68070438737709], [-73.89661133312849, 40.68100357923381], [-73.89658519868264, 40.68130405752813], [-73.89654482171836, 40.682062137844376], [-73.8965001335094, 40.68220595485136], [-73.896467853991, 40.68233408701205], [-73.89642037330208, 40.6824781537157], [-73.89635989585662, 40.68261974114006], [-73.89628682589745, 40.682757832141284], [-73.8962016966442, 40.682891481876354], [-73.89599727394089, 40.683196877934805], [-73.89577945508606, 40.68349718255806], [-73.89554859516677, 40.68379189177811], [-73.89530504998162, 40.684080519466946], [-73.89504926942806, 40.68436259769679], [-73.89446591971115, 40.68497664063509], [-73.89267772974276, 40.68237141989572]]]]}",204.0,2001-08-07T00:00:00.000
"{'type': 'MultiPolygon', 'coordinates': [[[[-73.9742267142941, 40.68150463902489], [-73.97111853166525, 40.680850361623264], [-73.97082602640083, 40.68161594114552], [-73.967672708466, 40.68095722956072], [-73.96479020096704, 40.68035312725083], [-73.96448505683871, 40.68106291772934], [-73.96442184920677, 40.6811192884674], [-73.96329205592757, 40.680881585095996], [-73.9613465510839, 40.68046352945426], [-73.9614104607566, 40.68041315396915], [-73.96153961853783, 40.680086258580715], [-73.96286444078424, 40.67640534550574], [-73.96318238758663, 40.675529506671225], [-73.96327503421476, 40.675274261523334], [-73.96297562455706, 40.67370741712156], [-73.96292465449429, 40.67344682495009], [-73.96275317294301, 40.67260073237053], [-73.96260787087193, 40.671837574083305], [-73.96257531439201, 40.67164419840613], [-73.96317226393525, 40.67176007951715], [-73.96395908301248, 40.671926584175665], [-73.96472126070971, 40.6721498653114], [-73.96608425076202, 40.67255636423965], [-73.96749513659134, 40.67285340787619], [-73.96807417335214, 40.67292178681062], [-73.96839899718081, 40.67293090162117], [-73.9687744412925, 40.67294236719424], [-73.96894206416428, 40.67288749119018], [-73.9692028078762, 40.672795157304805], [-73.9692550296843, 40.67285761437446], [-73.96944110575996, 40.67310050799128], [-73.96956354914981, 40.673222250164244], [-73.97078154281807, 40.67485465930725], [-73.97188596840417, 40.676394652687186], [-73.97244492550459, 40.67716200862768], [-73.97271615016436, 40.677522810430965], [-73.97350883356769, 40.67863912040174], [-73.97431048227571, 40.679734822839556], [-73.97469118381765, 40.68026661591141], [-73.97514316830346, 40.68087190507451], [-73.9758340573233, 40.681835629463095], [-73.9742267142941, 40.68150463902489]]]]}",769.0,2005-06-13T00:00:00.000
"{'type': 'MultiPolygon', 'coordinates': [[[[-73.94269562392724, 40.63914465123279], [-73.9425029124985, 40.63896441714692], [-73.94336405782991, 40.638612713325514], [-73.9433007079107, 40.637815019536646], [-73.94335215633322, 40.63764369633664], [-73.94313182722065, 40.63760844298636], [-73.94292347422571, 40.6374926038082], [-73.94286589199022, 40.63697147938795], [-73.94311924524442, 40.63670771288974], [-73.94322098616341, 40.63656381031993], [-73.94415492184005, 40.63650692276688], [-73.94512335121723, 40.63644827892289], [-73.94488042816194, 40.63417695449454], [-73.94462885494043, 40.63183773438803], [-73.94561754754353, 40.63177743032887], [-73.9464796178022, 40.63170816166446], [-73.94682651374433, 40.63203319437582], [-73.94769931803073, 40.63288474740469], [-73.94877506799033, 40.63393304867548], [-73.94909766815607, 40.634207703636626], [-73.94944978204103, 40.634507482331216], [-73.94977813843303, 40.6348145775221], [-73.95108831403789, 40.63607590682162], [-73.95197147612315, 40.636901062508585], [-73.95278925349726, 40.637649921414344], [-73.95360004709916, 40.63842234741608], [-73.95374853782641, 40.63858633771546], [-73.95404358595852, 40.638877548615866], [-73.95427358412176, 40.63911553920811], [-73.95476763263129, 40.639624446774], [-73.95563820693694, 40.64050392618769], [-73.95571600054794, 40.640582526228236], [-73.95707031024216, 40.641960671509075], [-73.95746359866797, 40.642371669676876], [-73.95763644645253, 40.642689499495965], [-73.95642457853157, 40.642770957660886], [-73.95549345055336, 40.642827324800756], [-73.9545248422616, 40.64288758666981], [-73.95355481399424, 40.6429472365034], [-73.95262169301057, 40.64300631723588], [-73.95165167283412, 40.643065968861244], [-73.95066545385812, 40.643127397701384], [-73.94972808480746, 40.6431850302362], [-73.94876122880072, 40.64324500858069], [-73.9477899471317, 40.64330573648334], [-73.94685570684119, 40.643362140418816], [-73.94586879281265, 40.64342374381854], [-73.9449007578473, 40.643484708261106], [-73.94396498587618, 40.64354277190581], [-73.94383565360638, 40.64338981616646], [-73.94356531185105, 40.64315217821047], [-73.94333391828876, 40.64167643395479], [-73.94361447332258, 40.64138723366909], [-73.94372044556027, 40.64124284532901], [-73.94359446692451, 40.64110277412116], [-73.94335442866497, 40.64086632454667], [-73.94333319427756, 40.640461586420166], [-73.94349589451292, 40.64039271332927], [-73.94361650271668, 40.64028488595383], [-73.94349950177072, 40.6402017815814], [-73.9432317638105, 40.64001087745172], [-73.94269562392724, 40.63914465123279]]]]}",21.0,2011-08-12T00:00:00.000
"{'type': 'MultiPolygon', 'coordinates': [[[[-73.98408782263216, 40.63929771068256], [-73.98317823995437, 40.64016871810456], [-73.98292167402612, 40.640416203492556], [-73.9821611255485, 40.63995807429669], [-73.97967704950702, 40.63846479899738], [-73.97937862888799, 40.63693216181262], [-73.97968095050281, 40.63663932188226], [-73.98026637175427, 40.63607570824488], [-73.98202747274206, 40.634387824065094], [-73.98376279869403, 40.63271688670903], [-73.986674930871, 40.62991579041577], [-73.99768580664836, 40.63656626986434], [-73.99535431713498, 40.63880501500737], [-73.99453635940576, 40.63830863448131], [-73.9931528276004, 40.637476191983076], [-73.99431829278704, 40.636353560736396], [-73.9921197063343, 40.635025460240435], [-73.99153919442911, 40.63558236324821], [-73.9892059248892, 40.63782406377133], [-73.98802425773385, 40.63896168924199], [-73.98745552467525, 40.63950432560907], [-73.98687608020249, 40.64006923726794], [-73.98629156807341, 40.640624953404185], [-73.98408782263216, 40.63929771068256]]]]}",229.0,2001-08-07T00:00:00.000
"{'type': 'MultiPolygon', 'coordinates': [[[[-74.0086371235093, 40.619142173609184], [-74.00742666927428, 40.62030364140136], [-74.00522666035977, 40.61897315349451], [-74.00585319947471, 40.61837047699628], [-73.99899969407309, 40.61422828015216], [-73.99892884974012, 40.61400585774278], [-73.99871754336522, 40.61387862441778], [-73.99889118743455, 40.61371192173444], [-73.99939598649809, 40.61366574983245], [-73.9995794372306, 40.613669411655806], [-73.99951381904074, 40.61344950124629], [-73.99968833765277, 40.61328293407395], [-73.9998441461111, 40.613132368864186], [-73.9999202325349, 40.61317581935501], [-73.99998861772522, 40.613109734716275], [-74.00015898230883, 40.61311037743754], [-74.00013827224349, 40.61267324460978], [-74.0003165666776, 40.6125248950277], [-74.00073817555365, 40.612554726794514], [-74.00052608771556, 40.61217685930926], [-74.00061312237979, 40.61209242571926], [-74.00064184470799, 40.611831084932916], [-74.0006885343634, 40.611784874955426], [-74.00107298917379, 40.611830516014784], [-73.9988839969162, 40.61051761872479], [-73.999454646571, 40.60995044728039], [-74.0000212808789, 40.6093855245263], [-74.00065405197992, 40.60886040168468], [-74.00094408463022, 40.60863970881887], [-74.0013086607092, 40.60834356875791], [-74.00171808565948, 40.60800297710786], [-74.00195012014578, 40.60781768216108], [-74.0026441243362, 40.607257174772236], [-74.00340324893523, 40.60771027906591], [-74.00568118334628, 40.609094650787355], [-74.00648905882366, 40.609581060869054], [-74.00951152154236, 40.611406153124754], [-74.01171201595896, 40.612735029226336], [-74.01611824045838, 40.61538403543161], [-74.0108384585021, 40.62047296527937], [-74.0086371235093, 40.619142173609184]]]]}",216.0,2001-08-07T00:00:00.000
"{'type': 'MultiPolygon', 'coordinates': [[[[-73.86842489744785, 40.69471811869944], [-73.86868454320687, 40.69403469118378], [-73.86859478095688, 40.69388437402338], [-73.86805885280799, 40.691183957354035], [-73.8685529480983, 40.69109924406337], [-73.86902636844087, 40.69098714770139], [-73.87012861039155, 40.69070863401646], [-73.87094762369269, 40.69050204096234], [-73.87172865703766, 40.69027675012038], [-73.87260337039447, 40.68992107314828], [-73.87405418341143, 40.689298478574216], [-73.87570776970146, 40.688563961998604], [-73.8778868366067, 40.68749123398031], [-73.88025062362772, 40.68628490564192], [-73.8822033311228, 40.68536028955668], [-73.88304165167652, 40.6849725727644], [-73.8838960345334, 40.684574005830264], [-73.88479646285047, 40.684152110191846], [-73.88564663765557, 40.68375304843661], [-73.88650461896654, 40.68334856743525], [-73.8873539206443, 40.68295010481907], [-73.88833906402458, 40.682478354236814], [-73.88923136655418, 40.68378275134219], [-73.8895529485563, 40.684115342711685], [-73.88808341851282, 40.685293631300894], [-73.88452250963682, 40.68668474857137], [-73.88377698696205, 40.68786341057675], [-73.88226665511394, 40.689038550329904], [-73.8811829620579, 40.68986626972406], [-73.87950641270433, 40.69114676826887], [-73.87402053347299, 40.69419129434351], [-73.8700429293432, 40.69494148381895], [-73.86891762754708, 40.69514656107704], [-73.86842489744785, 40.69471811869944]]]]}",203.0,2001-08-07T00:00:00.000
"{'type': 'MultiPolygon', 'coordinates': [[[[-73.91899368200532, 40.67489288004218], [-73.91704308864377, 40.67477423674671], [-73.91661697846864, 40.675059946980646], [-73.91677231275766, 40.67339070104164], [-73.91721449410292, 40.673856009064316], [-73.91907827426284, 40.673975329694834], [-73.91954092512947, 40.673541885923456], [-73.92000255481953, 40.673981298195514], [-73.92158579888256, 40.67405557294991], [-73.92213153311883, 40.67368389661041], [-73.92508157311396, 40.673844340945145], [-73.92550626051035, 40.673737414551255], [-73.92744085595307, 40.673765738548], [-73.92784081922625, 40.67399598188318], [-73.92792887895295, 40.67310557082218], [-73.92824451416317, 40.672939353183686], [-73.9282717963448, 40.67252472778342], [-73.92801412341694, 40.67221135079334], [-73.93078484080492, 40.67236281568056], [-73.93052138140702, 40.675037342231306], [-73.93031391592343, 40.67730890913071], [-73.9303176275815, 40.67741303798466], [-73.92822613970735, 40.67728868785318], [-73.92753991303738, 40.67725004881806], [-73.92660419491891, 40.677201377694765], [-73.92478283596408, 40.6771011444105], [-73.92479192216267, 40.677015169169174], [-73.9244360580141, 40.676798702550606], [-73.92445778136954, 40.6765042790137], [-73.92483135491453, 40.67629320703904], [-73.92190090534747, 40.67613162096741], [-73.9219749533005, 40.675348547171225], [-73.9193842847578, 40.675213565928615], [-73.91899368200532, 40.67489288004218]]]]}",64.0,2001-08-01T00:00:00.000
"{'type': 'MultiPolygon', 'coordinates': [[[[-73.99825418879796, 40.604608561590666], [-73.99708422033692, 40.60390154979052], [-73.9960551282396, 40.60327469013424], [-73.99532045621554, 40.60282835403945], [-73.99458442996432, 40.602420619076895], [-73.99381109326781, 40.60195049080163], [-73.99305112274921, 40.60147642963069], [-73.9948229628856, 40.59976449426717], [-73.99660830144975, 40.598045607679005], [-73.99798865316494, 40.59674492813343], [-73.99831738984366, 40.59647838380768], [-73.99831932756076, 40.59564490603126], [-73.99913404026971, 40.595613472606715], [-73.99941521753752, 40.595737562800785], [-73.9996118724842, 40.59582435060227], [-73.9999976961871, 40.59596779171296], [-74.00027872029897, 40.59570266854435], [-74.00184497223634, 40.594236672448325], [-74.00206680564258, 40.594099400326], [-74.0023253831723, 40.59453650913637], [-74.00299789964298, 40.595506979677815], [-74.0033821901795, 40.59582430148585], [-74.00422590194856, 40.59652096737533], [-74.0043014388772, 40.596583338368454], [-74.00526360268489, 40.59738764055452], [-74.0085064092307, 40.59930814623074], [-74.00794728230082, 40.599896667435445], [-74.00592426920181, 40.60184026949642], [-74.00514036320524, 40.60143148811816], [-74.00385345920343, 40.60266791930178], [-74.00263069701552, 40.603846448913906], [-74.00045724802452, 40.605934482070445], [-73.99971800162473, 40.60548192536438], [-73.99899603859073, 40.60505570419574], [-73.99825418879796, 40.604608561590666]]]]}",209.0,2001-08-07T00:00:00.000
"{'type': 'MultiPolygon', 'coordinates': [[[[-73.9324624556945, 40.61860132022957], [-73.93173179280281, 40.617926920870936], [-73.93248727428701, 40.617431702390185], [-73.93320457584889, 40.61697044223094], [-73.9339176957534, 40.61650878815993], [-73.93463319267656, 40.616047608045584], [-73.93534816212548, 40.6155845594498], [-73.9360577431693, 40.61512319610776], [-73.93423957797424, 40.613497441018225], [-73.93498193520213, 40.61301244613821], [-73.9331598417455, 40.61138133135156], [-73.93533194858345, 40.609974068262666], [-73.93753749442563, 40.60855738946376], [-73.93972613963506, 40.607132915162445], [-73.9405081269149, 40.60664240289684], [-73.94003133577897, 40.60620314169399], [-73.93920978693022, 40.60547889767198], [-73.93991672778134, 40.60538600232305], [-73.94084264842529, 40.60528503001384], [-73.94114060509875, 40.60482494178223], [-73.9409039390418, 40.60334018806012], [-73.94039354067898, 40.60289527138882], [-73.94424205016084, 40.602472841097736], [-73.94439764196478, 40.603296824600186], [-73.94455823150707, 40.604147253517894], [-73.94469321919722, 40.604862108114055], [-73.94561989537841, 40.60475835974917], [-73.94605647026268, 40.607077344202814], [-73.94652385794298, 40.60953985250388], [-73.94693207896584, 40.61168418309167], [-73.94740124007826, 40.614056200505765], [-73.94742608816055, 40.61422460031795], [-73.94657366866261, 40.6147891311592], [-73.94573691984901, 40.615363406794835], [-73.94482770994424, 40.616046208295884], [-73.94467599554852, 40.616165112294986], [-73.94395779550399, 40.61681630917736], [-73.94346962059865, 40.61738500127707], [-73.943193490436, 40.61767858793499], [-73.94241655874814, 40.61859269831779], [-73.94163043901, 40.619462060785544], [-73.94152130929584, 40.619627449067806], [-73.94122631454198, 40.62007900857737], [-73.94080490294792, 40.62012493505936], [-73.93981549632282, 40.62023286204083], [-73.93888807650977, 40.620335761960234], [-73.93796189656236, 40.620437123473096], [-73.93700673359832, 40.62054088420033], [-73.93633573031424, 40.62061094428374], [-73.93614996552779, 40.62071803034], [-73.93538014802591, 40.62121557002188], [-73.93498872667303, 40.620866316881774], [-73.93418058233094, 40.62011910906128], [-73.9335370577586, 40.619571681320856], [-73.93270577113762, 40.618812617377806], [-73.9324624556945, 40.61860132022957]]]]}",9.0,2001-07-31T00:00:00.000
"{'type': 'MultiPolygon', 'coordinates': [[[[-73.88307350296492, 40.67247489423922], [-73.88263418868415, 40.6722073888123], [-73.8824422552101, 40.67155902662465], [-73.88276318209962, 40.6712185654996], [-73.88226791211598, 40.670890635674965], [-73.8820411059896, 40.67011527593502], [-73.88236104189889, 40.66968358554253], [-73.8856897375923, 40.66918928883128], [-73.88928280736607, 40.668657076909625], [-73.88975359221966, 40.6688142842845], [-73.89003679229504, 40.66989293519332], [-73.8896761384757, 40.67019338418367], [-73.89017424076262, 40.670333624190725], [-73.89036287929176, 40.671155740238085], [-73.89087805104363, 40.67131808631434], [-73.89121658661618, 40.67258158750882], [-73.89154333434497, 40.67385058763053], [-73.89131423371867, 40.67361258652195], [-73.89086502722601, 40.6736844916165], [-73.8906395755448, 40.67398335063496], [-73.8897423649549, 40.67411655417728], [-73.89005567811459, 40.6753574043339], [-73.89036466159891, 40.676526739103394], [-73.8903714699105, 40.67659433845688], [-73.88948216171156, 40.67676944842551], [-73.88859260474281, 40.67695622179538], [-73.88772649113369, 40.677153934423366], [-73.8874599203419, 40.67721725090373], [-73.88686063101476, 40.67735959265855], [-73.8860076819636, 40.67757924194974], [-73.88448868899862, 40.67800472416997], [-73.88403982896253, 40.676250059615356], [-73.88361419139191, 40.67589959047858], [-73.88346612114512, 40.67525127466995], [-73.88372216480076, 40.67500895457759], [-73.88331856078496, 40.67481411476149], [-73.88318802453587, 40.67417917993976], [-73.8833980312205, 40.673740484434546], [-73.88282116268448, 40.673183169556914], [-73.88270771718449, 40.67281553720372], [-73.88307350296492, 40.67247489423922]]]]}",197.0,2001-08-07T00:00:00.000
"{'type': 'MultiPolygon', 'coordinates': [[[[-73.94344773433464, 40.68104685606901], [-73.9433131424499, 40.68031372615119], [-73.94047635019365, 40.68063569550404], [-73.93854711530805, 40.68085742354937], [-73.9376424365747, 40.68096301609439], [-73.9373976367452, 40.67972990018949], [-73.9384361333353, 40.67978585115953], [-73.93848859238483, 40.67923871458535], [-73.93850818863476, 40.67903432004399], [-73.93862492565675, 40.677862569563516], [-73.93983518279556, 40.677923903429026], [-73.94043107912582, 40.677961338948634], [-73.94059023982462, 40.677971054947044], [-73.94137663810626, 40.678008230859895], [-73.94318950825327, 40.67810708038717], [-73.94415120128839, 40.67815635878227], [-73.94691891461989, 40.67832058115428], [-73.94823586620412, 40.67839997650602], [-73.94967567455093, 40.67845668110718], [-73.95206345271625, 40.6785863301333], [-73.95298672708469, 40.67872199550887], [-73.95463216471381, 40.67906406351204], [-73.95529361668048, 40.67920315333384], [-73.95566601543159, 40.6811369597924], [-73.95440263979833, 40.680858027270354], [-73.95337017553848, 40.68064050846756], [-73.95155682685908, 40.68049884676386], [-73.9495568871953, 40.68039040296556], [-73.9497143701918, 40.68107006297199], [-73.94986111094764, 40.68180401924229], [-73.95000845868591, 40.68253675958711], [-73.95029937911643, 40.6840014102479], [-73.94701720839684, 40.68437947619581], [-73.94716450737144, 40.68511239097295], [-73.94432825923269, 40.685438300845696], [-73.94418325093449, 40.684705554289096], [-73.9440366482706, 40.68397248235696], [-73.94389114937832, 40.68323948312255], [-73.94374461148784, 40.6825075821356], [-73.94360103546737, 40.681774393949844], [-73.94344773433464, 40.68104685606901]]]]}",238.0,2001-08-07T00:00:00.000
"{'type': 'MultiPolygon', 'coordinates': [[[[-73.92193014863837, 40.67888608056255], [-73.92250492593068, 40.67891766431158], [-73.92656418184454, 40.679144374935284], [-73.9273554176483, 40.679182518495764], [-73.9285925797115, 40.679250795720534], [-73.92905973695959, 40.679275338046914], [-73.92880735532768, 40.67956664922019], [-73.92865045610367, 40.67974884292093], [-73.92859304903045, 40.679895348057066], [-73.92855554383713, 40.680046800625064], [-73.92853888997213, 40.68020082316162], [-73.92854333759911, 40.68035490381351], [-73.92856850083575, 40.68050658411921], [-73.92872655622553, 40.681236828747345], [-73.92578582992455, 40.68157062690133], [-73.922544795568, 40.68193561313419], [-73.92242652105038, 40.68121074520808], [-73.92227774202087, 40.68047629315136], [-73.92213242879747, 40.67974497716296], [-73.9219728718688, 40.6790784696666], [-73.92193014863837, 40.67888608056255]]]]}",67.0,2001-08-01T00:00:00.000
"{'type': 'MultiPolygon', 'coordinates': [[[[-73.98224834280356, 40.58322364034117], [-73.9802229483491, 40.58289988104987], [-73.97847603132129, 40.58271125403794], [-73.97788780503777, 40.58264773285299], [-73.97630255996934, 40.58266420348756], [-73.97460468641884, 40.58284153501666], [-73.9745542275608, 40.58250194545521], [-73.97453763413007, 40.582219123134394], [-73.97450287033415, 40.58201182358811], [-73.97450516079013, 40.58172962108477], [-73.97450690033021, 40.58151555762365], [-73.97453264229664, 40.581019541836575], [-73.97458006303756, 40.58052459745003], [-73.974649037566, 40.58003153549911], [-73.97465241978087, 40.579972622071836], [-73.97486698483318, 40.579885172942014], [-73.97495784094801, 40.5789217131843], [-73.97445281782268, 40.57882141860582], [-73.97452495119944, 40.57699644893581], [-73.97466665967708, 40.57654680977385], [-73.97655869694239, 40.57593882140177], [-73.97660923075038, 40.575304286043085], [-73.97689594957588, 40.57177260522944], [-73.97691799901177, 40.571526533184674], [-73.97744054076584, 40.57147023532859], [-73.97767206178221, 40.57144529100169], [-73.9784796895735, 40.571358272547165], [-73.9796085653765, 40.571236631184505], [-73.98156191462498, 40.571246329477525], [-73.983596591221, 40.57104748879802], [-73.98367942263114, 40.57103939317198], [-73.98567755381681, 40.57084408641766], [-73.98953514660556, 40.570507250691904], [-73.98956828095602, 40.57050123791229], [-73.98982788648671, 40.571029608210345], [-73.99041255828473, 40.57174186533367], [-73.99071712232185, 40.573709455357616], [-73.98968697908617, 40.57400455059563], [-73.98871454383492, 40.57428651222818], [-73.98866270791697, 40.574301545905485], [-73.98901555383294, 40.57615831753761], [-73.98795385210401, 40.5762757743475], [-73.98689291469441, 40.57639209606252], [-73.98583251616407, 40.57650969590712], [-73.98477359075333, 40.57662632218365], [-73.98465832762193, 40.576748572609326], [-73.98453087226842, 40.576939148491725], [-73.98435984721434, 40.57696839811503], [-73.98437695390636, 40.5770590267137], [-73.98431819982538, 40.57706550358111], [-73.98460250501644, 40.57857172093987], [-73.9851313796038, 40.578518081856764], [-73.98521063936826, 40.57893714233994], [-73.98534222565361, 40.5790304893635], [-73.98565343080817, 40.58066120657479], [-73.98580571040497, 40.581242885263414], [-73.98580572456534, 40.58124294650079], [-73.98580566550066, 40.58124298971869], [-73.98578460299622, 40.58125831403111], [-73.9856057449708, 40.58138844087679], [-73.98395125415078, 40.58290577541281], [-73.98380049701993, 40.58292390251093], [-73.98356038369975, 40.58295277251615], [-73.98343317669718, 40.58296806765069], [-73.98266986081242, 40.582406667586966], [-73.98274247827597, 40.58276701140267], [-73.98293270774988, 40.58296185192455], [-73.9830605026013, 40.58309274395313], [-73.9833694957424, 40.583203660676], [-73.98364216298194, 40.58319677028981], [-73.98392491383746, 40.58339507760526], [-73.98371390162814, 40.58350481182295], [-73.98224834280356, 40.58322364034117]]]]}",123.0,2001-08-06T00:00:00.000
"{'type': 'MultiPolygon', 'coordinates': [[[[-73.87462484698597, 40.672389345461916], [-73.87456185126949, 40.67250237813884], [-73.87385518783317, 40.67260928521467], [-73.87371848203895, 40.67251052729124], [-73.87361988032099, 40.672639250416125], [-73.87295260733032, 40.67273718135989], [-73.87280325763528, 40.672642948524306], [-73.87271827747091, 40.672781912019516], [-73.87232269393485, 40.67284103470574], [-73.87204257007818, 40.67275457038745], [-73.8713025808156, 40.672858385014244], [-73.87197668560863, 40.6725479816795], [-73.8718607162474, 40.671949114694826], [-73.8712921733673, 40.67178287152381], [-73.87119262337148, 40.67134963071363], [-73.87335156420764, 40.67102081143562], [-73.87396601263094, 40.669922075382324], [-73.87380043321023, 40.669335261916345], [-73.87478179786399, 40.66918763198193], [-73.87664529485225, 40.66892044490343], [-73.87676689249392, 40.66890994908217], [-73.87756808990186, 40.66878747883634], [-73.88116953831698, 40.66826527674218], [-73.88529697674083, 40.66765321140488], [-73.88492765726872, 40.66798762282234], [-73.88513356404235, 40.668770311593306], [-73.88568973759224, 40.66918928883122], [-73.88236104189889, 40.6696835855425], [-73.88204110598966, 40.67011527593502], [-73.88226791211603, 40.670890635674965], [-73.88276318209957, 40.6712185654996], [-73.8824422552101, 40.67155902662461], [-73.8826341886841, 40.6722073888123], [-73.88307350296492, 40.67247489423922], [-73.8768004095825, 40.6733853880729], [-73.87648729640146, 40.67212991325622], [-73.8755660731838, 40.67226278232443], [-73.87528145855183, 40.67196348999865], [-73.87479562607409, 40.67202293397803], [-73.87462484698597, 40.672389345461916]]]]}",198.0,2001-08-07T00:00:00.000
"{'type': 'MultiPolygon', 'coordinates': [[[[-74.00236186485934, 40.69021332426709], [-74.0018354517356, 40.69002972914961], [-74.00046846928635, 40.68965914565356], [-73.99912517544527, 40.68927496633522], [-73.99886033355347, 40.68920780361085], [-73.99874207792088, 40.68917701374396], [-73.9972021052295, 40.6887493689816], [-73.99533325874933, 40.688226308302674], [-73.99572977796612, 40.68739741506754], [-73.99603991252714, 40.68675240501749], [-73.99635725308914, 40.686096415223915], [-73.99722630158156, 40.68429861415368], [-73.9975508304343, 40.68362889718297], [-73.9978711445522, 40.68295736953572], [-74.00128182435238, 40.683909639578786], [-74.00147522278093, 40.68396163284789], [-74.00178094535977, 40.68328704454004], [-74.00210472502415, 40.682613031436965], [-74.0022419159624, 40.682991368153445], [-74.00342061576762, 40.68324796254782], [-74.00365534063742, 40.68304803079398], [-74.00371910885507, 40.6832290569038], [-74.00540443678034, 40.68385981074946], [-74.00581925462116, 40.68365655401785], [-74.00596041052054, 40.68336287128225], [-74.00769770453957, 40.68630151050841], [-74.0072365011362, 40.68653226373523], [-74.00697294077625, 40.68653228000759], [-74.00657758044555, 40.686331674251605], [-74.00628765971929, 40.68627150192721], [-74.00587913798142, 40.686221365814], [-74.00562880373465, 40.686773107719205], [-74.00737133424649, 40.68727830996486], [-74.00784279355445, 40.687414991160885], [-74.0074475396551, 40.688237595956465], [-74.00628521521818, 40.68792308894782], [-74.00507538806211, 40.687595712059036], [-74.00464055063233, 40.688227711665014], [-74.00554213392789, 40.68848342659107], [-74.00676232568988, 40.68882949258642], [-74.00635387108636, 40.68965209425389], [-74.0044614498138, 40.689139347161344], [-74.00383671463442, 40.688970067775834], [-74.0034154885044, 40.68957744665865], [-74.00387915116637, 40.689708711489104], [-74.00573452636347, 40.690233951086235], [-74.00533923054662, 40.69106657916578], [-74.00337297895047, 40.690519425266345], [-74.00236186485934, 40.69021332426709]]]]}",113.0,2001-08-06T00:00:00.000
"{'type': 'MultiPolygon', 'coordinates': [[[[-73.8762772177988, 40.67897323048316], [-73.8760987604599, 40.678247752508206], [-73.87589560341046, 40.6774307209184], [-73.87558810556116, 40.67618862299736], [-73.87527450805116, 40.6749188264014], [-73.87495739509356, 40.673650699982886], [-73.87462484698597, 40.672389345461916], [-73.87479562607409, 40.67202293397803], [-73.87528145855183, 40.67196348999865], [-73.87556607318386, 40.67226278232443], [-73.87648729640131, 40.67212991325628], [-73.8768004095825, 40.6733853880729], [-73.88307350296492, 40.67247489423922], [-73.88270771718449, 40.67281553720372], [-73.88282116268448, 40.673183169556914], [-73.8833980312205, 40.673740484434546], [-73.88318802453587, 40.67417917993976], [-73.88331856078496, 40.67481411476149], [-73.88372216480076, 40.67500895457759], [-73.88346612114512, 40.67525127466995], [-73.88361419139191, 40.67589959047858], [-73.88403982896253, 40.676250059615356], [-73.88448868899862, 40.67800472416997], [-73.8841945532135, 40.67808875657617], [-73.88371970256385, 40.678224415839786], [-73.88330820448877, 40.67834197398234], [-73.882833807505, 40.678475560476905], [-73.88241059813504, 40.67859767092607], [-73.88195914092073, 40.678726396494476], [-73.88152355232975, 40.678850777927494], [-73.88106271822157, 40.678982687480854], [-73.88061377810727, 40.67911003245117], [-73.8801511065963, 40.67924206266318], [-73.87974063269147, 40.67936096132448], [-73.8792669251896, 40.67949108529486], [-73.87862924173353, 40.67967653273933], [-73.87838855886179, 40.67973905383264], [-73.8774268616589, 40.680014437259175], [-73.87688955196957, 40.68016499702085], [-73.87657495336371, 40.68016700128218], [-73.8762772177988, 40.67897323048316]]]]}",199.0,2011-08-12T00:00:00.000
"{'type': 'MultiPolygon', 'coordinates': [[[[-73.99669592123094, 40.6205914413173], [-73.99639307194428, 40.62058198656597], [-73.99574324161195, 40.62021323716252], [-73.9951308340558, 40.61986576512105], [-73.9945293158236, 40.619520856611075], [-73.99424261589537, 40.619360424339554], [-73.99387689522763, 40.61915577982183], [-73.99425411613012, 40.61878917054868], [-73.99483514484668, 40.61823170364059], [-73.995417546541, 40.61767238828151], [-73.99600132054529, 40.61711187179772], [-73.99658204833183, 40.61655473819499], [-73.99716586233411, 40.615995233512095], [-73.99774601479658, 40.615435771041234], [-73.99837308428378, 40.61483178436232], [-73.99899969407292, 40.61422828015216], [-74.00019136591864, 40.614950385064375], [-74.00144909910301, 40.61571072198248], [-74.00365199741603, 40.617041156611556], [-74.00585319947471, 40.618370476996326], [-74.00522666035972, 40.61897315349456], [-74.00508233192767, 40.61942426100089], [-74.00459906971307, 40.6195768534085], [-74.0044413683796, 40.61994846656464], [-74.00401906911483, 40.62013618852606], [-74.00383166689038, 40.62053223327985], [-74.00343557117168, 40.620695403311835], [-74.00328449216711, 40.62110408179846], [-74.00285701643108, 40.621253642775265], [-74.00273730660216, 40.62164018820775], [-74.0022758628134, 40.62181427445064], [-74.00210568571094, 40.62221203302868], [-74.00169380204781, 40.622372427092486], [-74.00158975108408, 40.62273622018115], [-74.00120222375467, 40.62284271178995], [-74.00107380988679, 40.62335571022839], [-74.0005298750256, 40.6234899391035], [-74.00042148346394, 40.62314950201443], [-73.99862348232058, 40.622101136842424], [-73.99833249867125, 40.62215490689257], [-73.99829450505669, 40.62161940301839], [-73.99817243786164, 40.62155587703814], [-73.99810611978174, 40.62138965476882], [-73.99669592123094, 40.6205914413173]]]]}",222.0,2001-08-07T00:00:00.000
"{'type': 'MultiPolygon', 'coordinates': [[[[-73.97478615636157, 40.6980045525512], [-73.97753101707218, 40.698115812110146], [-73.98054419198643, 40.698246511722374], [-73.98046217271892, 40.69970315762244], [-73.98198056032578, 40.69974516224637], [-73.98239970307199, 40.698343771965966], [-73.98305147123352, 40.69837793299387], [-73.9839956224687, 40.6984139713531], [-73.98496067188015, 40.69844496201373], [-73.98537893002158, 40.69844056773802], [-73.98571222073139, 40.698449245180726], [-73.98557182287554, 40.69819492775276], [-73.98535487135698, 40.69777340678312], [-73.98528250128818, 40.69763131907051], [-73.9850947492863, 40.697232556529144], [-73.98495630589782, 40.6969239421227], [-73.98487794679569, 40.6967598403219], [-73.9845651722879, 40.69612098433055], [-73.98452995845194, 40.69603534120208], [-73.98508421113488, 40.69605178526092], [-73.98710566113911, 40.696131626106904], [-73.9870623505887, 40.696839343100685], [-73.98704043611262, 40.69728000645188], [-73.98702180561958, 40.69768182180807], [-73.98696892266318, 40.698503614451376], [-73.98694749741573, 40.6987346741818], [-73.98686354829546, 40.69922012163894], [-73.98786526609113, 40.699252101095816], [-73.98852611943938, 40.699327172365386], [-73.98858271976589, 40.699488405581626], [-73.9886897059328, 40.69962785138105], [-73.98883563724354, 40.69980258490042], [-73.98974833654795, 40.70046724573871], [-73.99013277344011, 40.70073937843478], [-73.99135830865971, 40.701706221404336], [-73.99223885846894, 40.70240851211791], [-73.99250677293844, 40.70261188350486], [-73.99338985382535, 40.7033318785617], [-73.99463603484298, 40.70433440236559], [-73.99456979030734, 40.704376263509985], [-73.9938634102568, 40.70455600681569], [-73.99362643980307, 40.70459524410222], [-73.99353477362598, 40.70461726828268], [-73.99279696088257, 40.70463386861147], [-73.99269135571019, 40.70462984993608], [-73.99252693020982, 40.70468879827469], [-73.99230833860453, 40.70469000120009], [-73.99212703604066, 40.70468964145489], [-73.99211835368995, 40.70454281256735], [-73.99212100640788, 40.70439620098984], [-73.99186159263638, 40.704086642086054], [-73.99138658260934, 40.70400597962286], [-73.9909475536154, 40.70403244157663], [-73.99082345394551, 40.70420244309894], [-73.9906777100858, 40.70436560906014], [-73.99054618067842, 40.704416166961025], [-73.99038398293872, 40.70470432969614], [-73.99029454183137, 40.70485523521053], [-73.99022721268561, 40.70493404448106], [-73.99009549765336, 40.70494315992959], [-73.98998163087822, 40.704918833132844], [-73.98949359040316, 40.704809038171256], [-73.98934734729583, 40.70472969169896], [-73.98920046505468, 40.704723896988355], [-73.9890698975544, 40.70470591525161], [-73.98898897758893, 40.704690356787545], [-73.98869723300707, 40.70456457876107], [-73.98830332223027, 40.70454046836916], [-73.98829300256942, 40.704950889713146], [-73.98828999107423, 40.70507065837931], [-73.98805960828697, 40.70511460147069], [-73.98772655791157, 40.70514812363648], [-73.98726969376284, 40.70517572010512], [-73.98686320664436, 40.70515985635362], [-73.98669416575686, 40.70507942316251], [-73.98642911605083, 40.70506917935762], [-73.98640326800879, 40.705405378474495], [-73.9840214986157, 40.705598634555066], [-73.98343806295655, 40.70564409484185], [-73.98340650335118, 40.705466370682494], [-73.98336819957059, 40.70546106446516], [-73.9832639872271, 40.70548506604171], [-73.98308639166386, 40.70547709070389], [-73.98274859374648, 40.705532691220554], [-73.98245956868168, 40.70550879663562], [-73.98245898636243, 40.705542414421586], [-73.98242287179883, 40.70582205483853], [-73.98087421736356, 40.705901938745896], [-73.97926618020819, 40.70587199478131], [-73.97918270870915, 40.705965214396734], [-73.9790504990982, 40.705966962977335], [-73.97924333487784, 40.705551196304164], [-73.97912092254623, 40.70553006967127], [-73.97867915303458, 40.70547255724288], [-73.97864529299036, 40.70559102103537], [-73.97844876948645, 40.70555968280338], [-73.97859313689487, 40.70497858411354], [-73.9785319889462, 40.70487652347304], [-73.97844190782108, 40.70487139588091], [-73.97816199693668, 40.70452842758358], [-73.9780206732263, 40.70429096644796], [-73.977355708959, 40.704178089196354], [-73.97733878473403, 40.70422955019983], [-73.9772119641036, 40.70421392663075], [-73.97751204625295, 40.703196711551435], [-73.9772953842823, 40.70318930751919], [-73.9771356262158, 40.703005580829014], [-73.97706069019266, 40.70316814873722], [-73.97623864838725, 40.70477564360661], [-73.9759609634744, 40.704715506344954], [-73.97692749151813, 40.70279782051978], [-73.97619162409934, 40.70217568658733], [-73.97526398143305, 40.70353091069876], [-73.9750439128648, 40.70342311426642], [-73.97598092814398, 40.70197503611423], [-73.9755930183113, 40.70181378838252], [-73.97540348175654, 40.701911146796505], [-73.97455023392652, 40.70159034323746], [-73.97580504031693, 40.699718739868466], [-73.97575135116297, 40.69959201974777], [-73.97551485479273, 40.69951856184468], [-73.97535788554103, 40.69960251774323], [-73.97434585855368, 40.70108702430502], [-73.97432309717777, 40.701204145841125], [-73.97411233114343, 40.7012939102914], [-73.97393942676517, 40.70110298794576], [-73.97376211003493, 40.70108068054673], [-73.9735559706964, 40.70086763186836], [-73.97259266814362, 40.70009381359764], [-73.97239201396069, 40.70016632219907], [-73.9725440467648, 40.70035007411317], [-73.97352217219613, 40.701241128076525], [-73.97370456015301, 40.70154661658192], [-73.97320118152176, 40.70166612017964], [-73.97115989122072, 40.699923148609024], [-73.9709685927485, 40.699865492052425], [-73.97075875440984, 40.69998415164771], [-73.97095673691484, 40.70023143903311], [-73.97331329838273, 40.702403307064884], [-73.9728351285888, 40.70272874071762], [-73.96982556570528, 40.70024507035092], [-73.96976858699794, 40.69991992180319], [-73.96968856659879, 40.699503288095755], [-73.96970976757778, 40.69911697379799], [-73.96975343534072, 40.69827759986714], [-73.96972789881102, 40.697804013769044], [-73.9707731495788, 40.6978408008789], [-73.97120281177402, 40.69785798987174], [-73.97180794067566, 40.69788506805055], [-73.97279477805601, 40.69792083765386], [-73.97332378594345, 40.69793965060186], [-73.97377513407956, 40.69795939094282], [-73.97478615636157, 40.6980045525512]]]]}",249.0,2001-08-07T00:00:00.000
"{'type': 'MultiPolygon', 'coordinates': [[[[-73.93486257235892, 40.6820305681576], [-73.93778801578414, 40.681694331786716], [-73.93793221401397, 40.68242734754451], [-73.93807695934932, 40.68316090297073], [-73.93515472973864, 40.68349718470392], [-73.9350082172463, 40.682763767893874], [-73.93486257235892, 40.6820305681576]]]]}",77.0,2001-08-01T00:00:00.000
"{'type': 'MultiPolygon', 'coordinates': [[[[-73.93111937851675, 40.668798542578635], [-73.93388773690738, 40.668950444741256], [-73.93942695664535, 40.669248683915846], [-73.9391760477749, 40.67192600023653], [-73.93907622042174, 40.67282564339964], [-73.93780185803887, 40.672750650812766], [-73.93634321312793, 40.67270370975482], [-73.93355357152154, 40.6725145065188], [-73.93078484080492, 40.67236281568056], [-73.93111937851675, 40.668798542578635]]]]}",159.0,2001-08-06T00:00:00.000
"{'type': 'MultiPolygon', 'coordinates': [[[[-73.95326012861891, 40.59241275671691], [-73.95230036022329, 40.59251402257492], [-73.95134928952186, 40.5926217228513], [-73.95015202405753, 40.59275318958319], [-73.94911583959598, 40.592867209762474], [-73.9487173318018, 40.590746705883184], [-73.94778690895299, 40.59085056787517], [-73.94686188485302, 40.59095070480287], [-73.94645886587605, 40.588829317184455], [-73.94734643726757, 40.58850705183634], [-73.94696109898847, 40.58647896844267], [-73.94679297199575, 40.58559430552468], [-73.94674843389734, 40.58535117066846], [-73.94669113294844, 40.585072774261754], [-73.94641529496758, 40.583569531863176], [-73.94705571385379, 40.583543437103906], [-73.94787786442133, 40.583517421361435], [-73.94800540721678, 40.58350592633003], [-73.94942711530874, 40.58337777789902], [-73.95027742142764, 40.583301125423304], [-73.95038530058602, 40.583449427873184], [-73.95090326054572, 40.584355296704835], [-73.95106514588784, 40.58463088120336], [-73.95153721352244, 40.5846772948014], [-73.9547417720299, 40.58504025393316], [-73.95485543096397, 40.58562477741647], [-73.95522691064438, 40.58768491242732], [-73.95526485038181, 40.58786124943331], [-73.95567342198058, 40.58998413788013], [-73.95607720420888, 40.59210143190569], [-73.95514745765543, 40.59220701073054], [-73.95461004977247, 40.59223566100586], [-73.95422294518151, 40.59230795424435], [-73.95326012861891, 40.59241275671691]]]]}",2.0,2001-07-31T00:00:00.000
"{'type': 'MultiPolygon', 'coordinates': [[[[-73.98981472103202, 40.66496334326108], [-73.99065052860126, 40.66405789154962], [-73.99167274870811, 40.663028680026805], [-73.99089409999993, 40.66297241766188], [-73.98961599036785, 40.66215932153834], [-73.98947000118294, 40.661699040514584], [-73.99005216530196, 40.66113864709957], [-73.99071845381674, 40.661191572355925], [-73.99217085848143, 40.66202126032949], [-73.99235244063102, 40.661874367720806], [-73.99283830654352, 40.6619084805304], [-73.99267270549826, 40.661596479328274], [-73.99293418632675, 40.66133103067486], [-73.99342089320965, 40.66134895255487], [-73.9933155062674, 40.66095497711732], [-73.99351887645545, 40.660739297967616], [-73.99400419129223, 40.660789835817155], [-73.99383482096832, 40.660446197237725], [-73.99411081332805, 40.66021392888234], [-73.99458790585092, 40.66022793344753], [-73.9923833951971, 40.65889901536441], [-73.99296402055674, 40.658337409109734], [-73.99516890243412, 40.65966952207043], [-73.99581861617168, 40.65960690603468], [-73.99715995146381, 40.660404761356766], [-73.99733205899885, 40.66097713341685], [-73.99751787670395, 40.661088963732624], [-73.99812436241378, 40.660971452692564], [-73.99916222321487, 40.66159778666461], [-73.99926487081653, 40.662135307063735], [-73.99943689483074, 40.66224110965997], [-73.99886580989961, 40.66278977193524], [-73.99828437950147, 40.66334835493372], [-73.99707326103389, 40.66453569668993], [-73.99679587292663, 40.66479225552386], [-73.99656831581139, 40.665075821324976], [-73.9962585714034, 40.66557235394281], [-73.99607800384463, 40.66607797138292], [-73.99601676573769, 40.666730387582696], [-73.99609322691072, 40.66738280755771], [-73.99633799217693, 40.668105135438346], [-73.99640459777137, 40.668217195902734], [-73.9958512924491, 40.66797249577483], [-73.99454340086601, 40.66725340641225], [-73.99223462344295, 40.66613762484257], [-73.98981472103202, 40.66496334326108]]]]}",106.0,2001-08-06T00:00:00.000
"{'type': 'MultiPolygon', 'coordinates': [[[[-74.00645651136284, 40.62657410990558], [-74.004932017642, 40.626150744767024], [-74.00435001143947, 40.626710369363536], [-74.00372265988365, 40.6273123079028], [-74.00152128797674, 40.62598334394132], [-73.99932090288135, 40.624655246723634], [-73.9997604634434, 40.624475551479925], [-73.99994664994429, 40.624050622012234], [-74.00044841217387, 40.62386798001187], [-74.0005298750256, 40.6234899391035], [-74.00107380988679, 40.62335571022839], [-74.00120222375467, 40.62284271178995], [-74.00158975108408, 40.62273622018115], [-74.00169380204781, 40.622372427092486], [-74.00210568571094, 40.62221203302868], [-74.0022758628134, 40.62181427445064], [-74.00273730660216, 40.62164018820775], [-74.00285701643108, 40.621253642775265], [-74.00328449216711, 40.62110408179846], [-74.00343557117168, 40.620695403311835], [-74.00383166689038, 40.62053223327985], [-74.00401906911483, 40.62013618852606], [-74.0044413683796, 40.61994846656464], [-74.00459906971307, 40.6195768534085], [-74.00508233192767, 40.61942426100089], [-74.00522666035972, 40.61897315349456], [-74.00742666927428, 40.62030364140139], [-74.00863712350925, 40.619142173609184], [-74.0108384585021, 40.620472965279404], [-74.00842197959794, 40.62279542974382], [-74.01282890951529, 40.625455791614456], [-74.00933769050386, 40.62881225014516], [-74.00933745529431, 40.628812245661734], [-74.00861732782049, 40.62778478283129], [-74.00713522355458, 40.627481147314164], [-74.00645651136284, 40.62657410990558]]]]}",223.0,2001-08-07T00:00:00.000
"{'type': 'MultiPolygon', 'coordinates': [[[[-73.89561313747654, 40.62041239940693], [-73.89545864488971, 40.61966670499992], [-73.89538071256997, 40.61929053594933], [-73.89648778326283, 40.61730315391467], [-73.89592265625441, 40.615008353637464], [-73.89535477200809, 40.61449799606114], [-73.89418480838289, 40.61396159010955], [-73.89348240758717, 40.61390995743271], [-73.89257921831386, 40.613909116933534], [-73.89160962202841, 40.61360230131002], [-73.8909746299952, 40.61324481140387], [-73.89064132925698, 40.612505223111484], [-73.88947190270923, 40.611688356902114], [-73.88967454283825, 40.610515913456055], [-73.89154959461453, 40.609370552558005], [-73.89163243087567, 40.60922898125826], [-73.89195209900981, 40.608682643642716], [-73.89235554048824, 40.607408415816224], [-73.89302544396229, 40.6068227219976], [-73.89537420486191, 40.605909086168296], [-73.89621296784244, 40.60662538188936], [-73.90155365916652, 40.61118577737593], [-73.90774501497017, 40.61667161454345], [-73.90852252570812, 40.61732090817263], [-73.90969158936666, 40.61837501902045], [-73.91026048907042, 40.617780670461784], [-73.91252504335424, 40.6198315514857], [-73.91484807103075, 40.61969688466903], [-73.9157762532285, 40.61963975541849], [-73.91609511035756, 40.61962285119624], [-73.91689711575269, 40.61957040216367], [-73.91726440936078, 40.61954803709752], [-73.91741279854809, 40.62095853069266], [-73.91746991646686, 40.62151242805922], [-73.91751556157482, 40.62194031578818], [-73.91770927139072, 40.62371768617101], [-73.91775240204093, 40.62416471710268], [-73.91799464615926, 40.62645772346426], [-73.91816260213328, 40.62800449495905], [-73.9182425447149, 40.628770075031575], [-73.9183549181038, 40.6297952983938], [-73.91860224820395, 40.632068327732256], [-73.9169224016061, 40.63166941636971], [-73.91413270550333, 40.63045029161472], [-73.90696491491295, 40.626949356098], [-73.9066141556183, 40.62677801518964], [-73.90195172227197, 40.62451331381755], [-73.90183041929848, 40.62445438829557], [-73.89827557761217, 40.62266225403904], [-73.8967361927574, 40.6220504302316], [-73.89657027656168, 40.62198448542008], [-73.89659332792037, 40.62193358530221], [-73.89677226748988, 40.6215374313648], [-73.89660892495384, 40.62145802072418], [-73.89637157931953, 40.62118604780502], [-73.89607546504676, 40.62048373612063], [-73.89561313747654, 40.62041239940693]]]]}",27.0,2001-07-31T00:00:00.000
"{'type': 'MultiPolygon', 'coordinates': [[[[-74.01967093815357, 40.602967433576275], [-74.01967922645045, 40.60295973539558], [-74.02038459743244, 40.60324060954097], [-74.02092279929559, 40.603347791107744], [-74.02142656687982, 40.603448112799654], [-74.01996663792094, 40.6070425078095], [-74.02476242376056, 40.609732006159334], [-74.02121548267134, 40.61847198503913], [-74.01611824045838, 40.61538403543161], [-74.01171201595896, 40.612735029226336], [-74.01522379499646, 40.609356384106114], [-74.0170191016275, 40.607654416969645], [-74.01549855005815, 40.6068415240175], [-74.01967093815357, 40.602967433576275]]]]}",208.0,
"{'type': 'MultiPolygon', 'coordinates': [[[[-73.94774825764559, 40.68804320843641], [-73.94760206997312, 40.687310403329], [-73.94745683434671, 40.68657784488279], [-73.94731056692157, 40.685845485532084], [-73.95059026528021, 40.68546662655995], [-73.95073580110589, 40.686203666223776], [-73.9508831508559, 40.686932518207], [-73.95102806039253, 40.68766648954068], [-73.9546841891975, 40.68724485364865], [-73.9549756816066, 40.68871119337144], [-73.95526567431791, 40.6901751358642], [-73.95432544480063, 40.690288339357046], [-73.9516115649633, 40.69059670059364], [-73.95175747300722, 40.6913293112919], [-73.94564166887073, 40.692033451905466], [-73.94549553208861, 40.69130013126824], [-73.94534976376512, 40.69056729637561], [-73.94519881323143, 40.689839879683355], [-73.94505645123509, 40.689102345758705], [-73.94491170951748, 40.68837022203982], [-73.94774825764559, 40.68804320843641]]]]}",241.0,2001-08-07T00:00:00.000
"{'type': 'MultiPolygon', 'coordinates': [[[[-73.94424205007898, 40.602472841316654], [-73.94039354067898, 40.60289527138882], [-73.94074309681942, 40.60217198742476], [-73.9404842882383, 40.600819972433015], [-73.93996699327819, 40.60063944831368], [-73.9403178930463, 40.59997761399098], [-73.94010987480428, 40.598958285370905], [-73.93956109293109, 40.59851111177345], [-73.94048861051633, 40.59840771152037], [-73.94148000438085, 40.5983043903993], [-73.94101897128759, 40.59592089424433], [-73.94061132764674, 40.59380796747909], [-73.94163088700961, 40.59369096277353], [-73.94255814458583, 40.59358849153064], [-73.94348383834277, 40.59348737153598], [-73.94440823162088, 40.59338536072789], [-73.94537361672747, 40.59327927359877], [-73.94497238907421, 40.5911601424164], [-73.94593441056203, 40.591053193953066], [-73.94686188461601, 40.590951002632615], [-73.94778690872012, 40.59085086570498], [-73.94871733157308, 40.59074700371294], [-73.94911583936901, 40.59286750759218], [-73.9501520238352, 40.59275348741295], [-73.95134928952186, 40.5926217228513], [-73.95230036022329, 40.59251402257492], [-73.95326012861891, 40.59241275671691], [-73.95422294518151, 40.59230795424435], [-73.95461004977247, 40.59223566100586], [-73.95514745765543, 40.59220701073054], [-73.95607720424744, 40.59210143185081], [-73.9565554047584, 40.594647725437355], [-73.95565081073656, 40.594854848282004], [-73.95600127952935, 40.59671338809693], [-73.95545313453857, 40.59677338356289], [-73.95507631408927, 40.59681539039515], [-73.95411036194542, 40.59692073892183], [-73.95314947407724, 40.59702791848787], [-73.95355183596197, 40.59914645299943], [-73.95260704335055, 40.59925061771661], [-73.95140557470265, 40.599381024973205], [-73.95037360101655, 40.5994952476573], [-73.9494481050101, 40.59959756670071], [-73.94852098925192, 40.5996976087154], [-73.947595379753, 40.59980151575017], [-73.94663212424051, 40.59990896389601], [-73.94566886868074, 40.60001176690662], [-73.94474202541241, 40.600111174709916], [-73.94381683954454, 40.60021733903139], [-73.94424205007898, 40.602472841316654]]]]}",4.0,2001-07-31T00:00:00.000
"{'type': 'MultiPolygon', 'coordinates': [[[[-73.9182425447149, 40.628770075031575], [-73.91816260213328, 40.62800449495905], [-73.91799464615926, 40.62645772346426], [-73.91775240204093, 40.62416471710268], [-73.91770927139072, 40.62371768617101], [-73.91751556157482, 40.62194031578818], [-73.91746991646686, 40.62151242805922], [-73.91741279854809, 40.62095853069266], [-73.91726440936078, 40.61954803709752], [-73.91826562960897, 40.619484276208986], [-73.91920055491103, 40.61942644833921], [-73.92013375156961, 40.61936966484286], [-73.91992065859674, 40.617383624784615], [-73.91988287567243, 40.6170314768247], [-73.91965474282264, 40.614897982904864], [-73.92062400319834, 40.614838681713174], [-73.92159370159301, 40.61477818387776], [-73.92252930374501, 40.61471903277527], [-73.92349952825859, 40.61465659605114], [-73.92353611575966, 40.61501878793822], [-73.92372432050348, 40.61679294829353], [-73.9246955437854, 40.616733227052684], [-73.92562430525831, 40.61667341551999], [-73.92598272808512, 40.616651457952514], [-73.92662741035313, 40.6166119603042], [-73.92687894703931, 40.618949818866234], [-73.92788368033037, 40.61888855189116], [-73.92881955801089, 40.618829871815954], [-73.9297896486386, 40.6187697914548], [-73.9307581295718, 40.61871038594083], [-73.93169293752634, 40.618653024034415], [-73.9324624556945, 40.61860132022957], [-73.93270577113762, 40.618812617377806], [-73.9335370577586, 40.619571681320856], [-73.93418058233094, 40.62011910906128], [-73.93498872667303, 40.620866316881774], [-73.93538014802591, 40.62121557002188], [-73.93454349053562, 40.62175725544834], [-73.93400697656448, 40.622114265746674], [-73.93376053427404, 40.622275191152795], [-73.93310006936224, 40.622693929099654], [-73.93219512388225, 40.62326916456983], [-73.93238502380458, 40.625136415302826], [-73.93242539748576, 40.62553344233335], [-73.93248058096533, 40.62592939768148], [-73.93255153666342, 40.62643841303709], [-73.93263460507312, 40.626551963230334], [-73.93241518002333, 40.62688128975869], [-73.93238518000386, 40.62704753506753], [-73.93237305989109, 40.62721624033545], [-73.93237923511374, 40.627385703767516], [-73.93240373133924, 40.627554196706626], [-73.93244619556859, 40.62772002539796], [-73.93250594475165, 40.62788154172319], [-73.93255084833258, 40.628242406169846], [-73.93259289134693, 40.62858031505096], [-73.93264244729924, 40.62921094067369], [-73.93268462732934, 40.62974767665311], [-73.93268232011587, 40.62978133090544], [-73.93266217691551, 40.629918456499716], [-73.93265609336652, 40.62994049325022], [-73.93263953651825, 40.62998470516409], [-73.93262925564122, 40.63000776299868], [-73.93261872668829, 40.63002872397249], [-73.9326056357025, 40.63005213251657], [-73.93259105441848, 40.630076327471485], [-73.93257125425038, 40.63010473983092], [-73.93255180122623, 40.63012987773958], [-73.93253372759344, 40.63015106067611], [-73.9325129163231, 40.63017351916156], [-73.93245286575966, 40.63023724865942], [-73.9322414894782, 40.63025287789421], [-73.9319836009701, 40.630268529848806], [-73.93102450218953, 40.6303291217212], [-73.9300532770575, 40.630388437809756], [-73.92911992131141, 40.63044677817762], [-73.928113704442, 40.63050675842404], [-73.9278650145276, 40.628166898880735], [-73.92685881771693, 40.62822838135411], [-73.92592688251521, 40.628287660122474], [-73.92495622306723, 40.628349391750554], [-73.92429720963919, 40.62838658310918], [-73.92398819015924, 40.62840710019489], [-73.92305537484832, 40.62846697707744], [-73.92208656665828, 40.62852766795129], [-73.92158265361306, 40.62855822237017], [-73.921119402625, 40.62858630747067], [-73.92067982648251, 40.62861343483567], [-73.92018414979506, 40.62864402503884], [-73.91971629852459, 40.62867301997427], [-73.9192479265993, 40.62870204008811], [-73.9182425447149, 40.628770075031575]]]]}",25.0,2001-07-31T00:00:00.000
"{'type': 'MultiPolygon', 'coordinates': [[[[-73.93311862336807, 40.69579115867474], [-73.932395431463, 40.69537526855489], [-73.93234497142596, 40.69534662150411], [-73.93145784330079, 40.69485547043926], [-73.9313454195778, 40.69442169862955], [-73.93120322838361, 40.693691900893555], [-73.9310532564864, 40.69296116173622], [-73.93397844277753, 40.692624401089816], [-73.93451053455397, 40.692239224763746], [-73.93663002999027, 40.69203713041054], [-73.93690419080968, 40.6922872872595], [-73.93704898115006, 40.693020915833245], [-73.9399697853656, 40.69268370216559], [-73.94055524909875, 40.695615897500225], [-73.94070625147954, 40.696353053844405], [-73.94040726719724, 40.69638987090137], [-73.93779111018868, 40.69668935029012], [-73.93763027634064, 40.695950869779914], [-73.93748376805385, 40.695218439397145], [-73.93721982512989, 40.695581772082], [-73.93493637608557, 40.69582265623389], [-73.93483923885994, 40.69575728798416], [-73.93468775104371, 40.69565534420954], [-73.9345601189554, 40.69555483957354], [-73.93479699776542, 40.696736591505896], [-73.93382816517558, 40.69618428346577], [-73.93311862336807, 40.69579115867474]]]]}",73.0,2001-08-01T00:00:00.000
"{'type': 'MultiPolygon', 'coordinates': [[[[-73.98667493087106, 40.62991579041577], [-73.98649161031078, 40.629911555360884], [-73.98604783507126, 40.62999389173589], [-73.98432633116053, 40.6289548045878], [-73.98428004662202, 40.62859830022629], [-73.9842039593463, 40.628448188930314], [-73.98400938667437, 40.62843577068158], [-73.98353202024451, 40.62847434883501], [-73.98291666953759, 40.62808984096717], [-73.98301600692746, 40.62770427136793], [-73.98289153445963, 40.627737375936704], [-73.98267436231419, 40.627950285291746], [-73.98203463612327, 40.62756360379816], [-73.98185004030952, 40.62745430323739], [-73.98213259396306, 40.627171444051086], [-73.98269930979352, 40.626600375905454], [-73.98308588262483, 40.62621308371673], [-73.98326376912195, 40.62603486088346], [-73.98398610629799, 40.62530737182738], [-73.98496213923434, 40.62432310170819], [-73.98553038902715, 40.62375813177709], [-73.98666669740285, 40.62261402319827], [-73.9888845491873, 40.62395282823102], [-73.9894886822704, 40.623369510237154], [-73.99194435715287, 40.624855188418124], [-73.99371105664508, 40.623155611979385], [-73.99590745559892, 40.624497191775355], [-73.99602791517947, 40.62437261516607], [-73.99649801831393, 40.623923045795614], [-73.99748404024442, 40.62451984592889], [-73.99724402700869, 40.62528157914032], [-73.99701633711176, 40.626061615372215], [-73.99753573779617, 40.626376710650966], [-73.99973088478161, 40.62770123924407], [-74.00193011482762, 40.629032767660014], [-74.00178751611683, 40.62920161703471], [-74.00395134128048, 40.63053978023057], [-74.003554108475, 40.63092293757178], [-74.00295138902207, 40.631503510203046], [-74.00234780271015, 40.63208387528048], [-74.00176298414561, 40.63264618196029], [-74.00117793067125, 40.633210287309076], [-74.00059884641945, 40.63376547045017], [-73.99768580664836, 40.63656626986438], [-73.98667493087106, 40.62991579041577]]]]}",228.0,2001-08-07T00:00:00.000
"{'type': 'MultiPolygon', 'coordinates': [[[[-73.94599929130347, 40.69799332200418], [-73.94579862695585, 40.69768058221696], [-73.94545485013762, 40.69677898771587], [-73.94454492214756, 40.69684010922076], [-73.9443172513727, 40.695939738234365], [-73.94352527659902, 40.69603086238069], [-73.94324249281313, 40.69455749330227], [-73.9448675221252, 40.694369985684666], [-73.94607851957598, 40.694230250825136], [-73.94593170947019, 40.693497623684166], [-73.94876761811423, 40.693171215404845], [-73.94891392364947, 40.69390486621808], [-73.94906040047407, 40.694637777825335], [-73.95234079228561, 40.69426305290568], [-73.95248890929538, 40.69500377148549], [-73.9492067922875, 40.69537763175652], [-73.94636619009674, 40.6957039767086], [-73.94649028000624, 40.69645272050368], [-73.94663838478424, 40.69717998040334], [-73.9467960567244, 40.69790282264587], [-73.94599929130347, 40.69799332200418]]]]}",30.0,2001-07-31T00:00:00.000
"{'type': 'MultiPolygon', 'coordinates': [[[[-73.96278353734627, 40.67629193673177], [-73.96251754110644, 40.67600892174881], [-73.96035311255046, 40.67552098380513], [-73.95975807264796, 40.67575600713901], [-73.95938046095903, 40.67531085246112], [-73.95713878101469, 40.67484595430405], [-73.95638529734289, 40.6750499000322], [-73.95669599288435, 40.67417042652393], [-73.9539995667499, 40.6736325866249], [-73.95431290737174, 40.672736488065844], [-73.95463666922703, 40.6718721432019], [-73.95526963700333, 40.670124904896475], [-73.95797317231593, 40.67065727352723], [-73.95904725353415, 40.67088226731786], [-73.96133769438956, 40.67135207542961], [-73.96257531439201, 40.67164419840613], [-73.96260787087193, 40.671837574083305], [-73.96275317294301, 40.67260073237053], [-73.96292465449429, 40.67344682495009], [-73.96297562455706, 40.67370741712156], [-73.96327503421476, 40.675274261523334], [-73.96318238758663, 40.675529506671225], [-73.96286444078424, 40.67640534550574], [-73.96278353734627, 40.67629193673177]]]]}",155.0,2001-08-06T00:00:00.000
"{'type': 'MultiPolygon', 'coordinates': [[[[-73.8946902247333, 40.66112612670169], [-73.89472314292918, 40.66100885119012], [-73.89472758759776, 40.660743641494335], [-73.89512697751827, 40.66057612101093], [-73.89524037476149, 40.660724139996574], [-73.89534796544035, 40.66072337668947], [-73.89550137961199, 40.660771603634956], [-73.8946902247333, 40.66112612670169]]], [[[-73.8946902247333, 40.66112612670169], [-73.8941795664634, 40.66136176470058], [-73.89388201436049, 40.661490345442694], [-73.89390448964568, 40.66135944683099], [-73.8938724080192, 40.661118407301885], [-73.89431852405903, 40.660964482015885], [-73.8946902247333, 40.66112612670169]]], [[[-73.89388201436049, 40.661490345442694], [-73.89310328331499, 40.66183482868683], [-73.8931049678051, 40.6615395501943], [-73.89354440652482, 40.66133931982554], [-73.89372820351699, 40.6614529065342], [-73.89388201436049, 40.661490345442694]]], [[[-73.88529697674083, 40.66765321140488], [-73.88482782233831, 40.66741798138117], [-73.88455392532829, 40.66656045022598], [-73.8849083324114, 40.66613385903159], [-73.88465611645496, 40.66601166174701], [-73.88458373479273, 40.665715558709216], [-73.88474247465244, 40.66549489368149], [-73.88493743684478, 40.66540710821106], [-73.88506226184082, 40.66500693584756], [-73.88608492418199, 40.66453208221643], [-73.88657767925451, 40.66470803612782], [-73.88660109524008, 40.664424557204676], [-73.88706081461565, 40.664239805582504], [-73.88739166476698, 40.6643533095795], [-73.8874024409496, 40.663972623951516], [-73.88776748620442, 40.6638392224187], [-73.88810817430587, 40.66404741210387], [-73.88826448396279, 40.663577334355445], [-73.88860926589697, 40.66343876671256], [-73.88897714287847, 40.66359442953378], [-73.88899793408189, 40.66331567254959], [-73.8894914349181, 40.663120655391005], [-73.88978541635825, 40.66329546079967], [-73.88983963299555, 40.662956364074546], [-73.8902858214031, 40.662771586592], [-73.89062095298581, 40.66292384039119], [-73.89064071983805, 40.66263816625634], [-73.89114773946233, 40.662432865530874], [-73.89144885849548, 40.66256343642823], [-73.89142164139783, 40.662253065130905], [-73.89189487635933, 40.662047729213754], [-73.89226078554915, 40.662206253396526], [-73.89227007682499, 40.66188860055768], [-73.89258780297985, 40.66176028404363], [-73.89310328331499, 40.66183482868683], [-73.89347775184068, 40.661819803781825], [-73.89380885127567, 40.66203482041916], [-73.89401848979162, 40.662960314412054], [-73.89382265906607, 40.663097844965456], [-73.89365012333342, 40.663223311178776], [-73.89736883717985, 40.66267293423682], [-73.89720984026978, 40.66281807118313], [-73.8967964444926, 40.66286600163332], [-73.89644986310758, 40.662808962138996], [-73.89628562376915, 40.66294212845199], [-73.89618190252115, 40.66305706727676], [-73.89630545940756, 40.66400986890511], [-73.89592090098506, 40.66447126209344], [-73.89549858116101, 40.66475169938044], [-73.8957454467723, 40.66590289340704], [-73.89540926658472, 40.666153106922636], [-73.8958051502497, 40.6676883152808], [-73.895462191271, 40.66744201335157], [-73.89506523060865, 40.66749715707312], [-73.89483126207459, 40.66783350184824], [-73.89383992262539, 40.6679803748907], [-73.89334890076448, 40.66765438747456], [-73.89314783620951, 40.666766108025264], [-73.893456125808, 40.66644569303508], [-73.89304244062733, 40.666325663832616], [-73.89282855504196, 40.66636493531137], [-73.89252548608584, 40.66658133705133], [-73.89223892355311, 40.666364384492596], [-73.89174637234821, 40.66643299616524], [-73.89161038748203, 40.66671664563588], [-73.8912959436934, 40.66649671161021], [-73.89105613936442, 40.66653595529988], [-73.8906938540049, 40.66685223350658], [-73.89042429238975, 40.66659456145349], [-73.88987340492979, 40.6666729773876], [-73.889769886269, 40.66698991439509], [-73.8895718147687, 40.66685030615382], [-73.88907276940246, 40.666923834077046], [-73.88888919942123, 40.667120173480676], [-73.88845086689975, 40.66684429164876], [-73.88822401770643, 40.66688354199731], [-73.88798796010654, 40.6672546020352], [-73.88773199874731, 40.66711248657006], [-73.88721351044103, 40.66718598745333], [-73.88708404562608, 40.66738822848693], [-73.8866141633424, 40.667179230648884], [-73.88628198059719, 40.66724057643596], [-73.88618276619285, 40.66752098583924], [-73.88593762811534, 40.66731424267206], [-73.88546775437368, 40.66737544950563], [-73.88529697674083, 40.66765321140488]]]]}",191.0,2001-08-07T00:00:00.000
"{'type': 'MultiPolygon', 'coordinates': [[[[-73.9129116933237, 40.654650070641594], [-73.91253567077031, 40.654300636214394], [-73.91232824870329, 40.65413478558495], [-73.91108369001316, 40.65416899784781], [-73.91070974816161, 40.65417874097954], [-73.90974279862591, 40.65431111377004], [-73.90804209839557, 40.65456279528419], [-73.90767200868822, 40.654618902716145], [-73.90692334552148, 40.654738427253704], [-73.90687003495569, 40.65458110146063], [-73.90623376743562, 40.65204889619089], [-73.9059682161593, 40.65094402322606], [-73.90533759647954, 40.64856261719563], [-73.908898952972, 40.646255889237665], [-73.90989018950353, 40.645614951659134], [-73.91111636413578, 40.644851059801184], [-73.91121455420954, 40.64482957700321], [-73.91206628052775, 40.644520065940014], [-73.91294136352823, 40.64419848122968], [-73.91299922026938, 40.64417254506561], [-73.91375496115226, 40.64377769659595], [-73.91472318401017, 40.643160761879756], [-73.91518744984639, 40.642862790586044], [-73.91592464951682, 40.64238369750829], [-73.91662098736752, 40.641947651139795], [-73.91740213054501, 40.64151731656856], [-73.91816338844508, 40.641079866705475], [-73.91946141158914, 40.640239293213426], [-73.91955576633218, 40.64118495810686], [-73.91995063039657, 40.644707629870034], [-73.91997852236253, 40.64503237581031], [-73.92018438310119, 40.64702966167704], [-73.92037552707411, 40.64877878057669], [-73.9207736672728, 40.65255431407489], [-73.92089764685859, 40.65362510579018], [-73.92169400196087, 40.654349999988135], [-73.92149896931616, 40.654375180524745], [-73.92110356554393, 40.65442080960511], [-73.9204294631037, 40.654400551779034], [-73.92019016477504, 40.654392704432496], [-73.91964604505036, 40.65437210916375], [-73.91915317428138, 40.65435869751413], [-73.9178686759412, 40.65432193785203], [-73.91757588595677, 40.65431417284192], [-73.91704018446305, 40.65467551630121], [-73.91633222212995, 40.65513143119212], [-73.91545094014782, 40.6557000216983], [-73.91465843124004, 40.65621425556813], [-73.9129116933237, 40.654650070641594]]]]}",176.0,2001-08-06T00:00:00.000
"{'type': 'MultiPolygon', 'coordinates': [[[[-73.96666476292799, 40.5786240359322], [-73.96681226160803, 40.57799219886155], [-73.96696117969577, 40.57734963692917], [-73.96703638656625, 40.57701858966862], [-73.96717160752164, 40.576386226186564], [-73.96735538232373, 40.57634786228187], [-73.9676574352932, 40.575043682252165], [-73.96756707287466, 40.574881526417634], [-73.96701810785555, 40.57281503368396], [-73.96889077826458, 40.57262252436559], [-73.96903596656398, 40.57260759777278], [-73.96955868524017, 40.572553856387586], [-73.97074177981125, 40.57238914626724], [-73.97088577311243, 40.57236909844985], [-73.97318224920087, 40.572049342696204], [-73.97341676587106, 40.57201668654675], [-73.97450890012928, 40.571864600430736], [-73.97530435058927, 40.57175298125413], [-73.97553110488674, 40.571721162010036], [-73.97691799901177, 40.571526533184674], [-73.97689594957588, 40.57177260522944], [-73.97660923075038, 40.575304286043085], [-73.97655869694239, 40.57593882140177], [-73.97466665967708, 40.57654680977385], [-73.97452495119944, 40.57699644893581], [-73.97445281782268, 40.57882141860582], [-73.97495784094801, 40.5789217131843], [-73.97486698483318, 40.579885172942014], [-73.97465241978087, 40.579972622071836], [-73.9746490375659, 40.58003153577355], [-73.97458006303756, 40.58052459745003], [-73.97453264229664, 40.581019541836575], [-73.97450690033021, 40.58151555762365], [-73.97450516079013, 40.58172962108477], [-73.97450287033415, 40.58201182358811], [-73.97453763413007, 40.582219123134394], [-73.9745542275608, 40.58250194545521], [-73.97460468641884, 40.58284153501666], [-73.97224755519875, 40.5832932508508], [-73.97167927224748, 40.583396843731165], [-73.970750633796, 40.58351754237976], [-73.96829016398924, 40.58386992360189], [-73.96705716122588, 40.583968765044986], [-73.96694103408916, 40.58397507657416], [-73.96676128940973, 40.58398439217515], [-73.9667767838595, 40.58391498940293], [-73.9668137545322, 40.58375771416044], [-73.96683458353404, 40.583676862155336], [-73.96685766077005, 40.58358661808245], [-73.96691975180197, 40.58335247280893], [-73.96701115985981, 40.58294762350624], [-73.96707277555198, 40.582669811766934], [-73.96708956048762, 40.58259579365477], [-73.96733404014066, 40.58151752229464], [-73.96759867868452, 40.5803784701453], [-73.96730118722067, 40.58041951288652], [-73.96621053767888, 40.5806295685819], [-73.96657246834957, 40.57903695348466], [-73.96666476292799, 40.5786240359322]]]]}",124.0,2001-08-06T00:00:00.000
"{'type': 'MultiPolygon', 'coordinates': [[[[-74.00812004349746, 40.68645195280778], [-74.00793519733968, 40.6863112676511], [-74.0078959983324, 40.686281433628835], [-74.00769770453957, 40.68630151050841], [-74.00596041052054, 40.68336287128225], [-74.00560068551447, 40.68281599816499], [-74.00456896570793, 40.681149975608534], [-74.00478691944313, 40.6807432415292], [-74.00428940700061, 40.680102508257875], [-74.00392847763584, 40.67966415972501], [-74.00360175217182, 40.679280893555], [-74.00306298192562, 40.67863819408142], [-74.00119429226115, 40.67598647771081], [-73.99903999050217, 40.67250767916199], [-73.9989824285713, 40.67241358363887], [-73.99848136109196, 40.671605473834205], [-73.99863378646289, 40.67144268498648], [-73.99864247231345, 40.671441362232336], [-73.99881710430054, 40.67156901219941], [-73.99885327000925, 40.67159544809151], [-73.99889156281823, 40.67151743953127], [-73.99917021198088, 40.67094977684726], [-73.99947725090843, 40.67032426537423], [-73.99956157090011, 40.670131661690924], [-73.99965432085747, 40.67011240088276], [-73.9999241408311, 40.66952174879206], [-73.99985668699514, 40.6694768076021], [-74.00019395554072, 40.66876417196169], [-74.00030356711304, 40.66877059240068], [-74.00034572512783, 40.668699970249136], [-74.00085162913187, 40.66891825258729], [-74.00107928637547, 40.66899529248273], [-74.001114736822, 40.66892510956557], [-74.00141654037799, 40.66832759434941], [-74.00217422379514, 40.66854993783576], [-74.00222598336829, 40.668565126742756], [-74.00224549706603, 40.668524699517384], [-74.00279928667993, 40.66737738811505], [-74.00298477819382, 40.66733886299177], [-74.00317026827265, 40.66727465666209], [-74.003693028527, 40.667415884256286], [-74.00365087662496, 40.667518607427645], [-74.00439113696791, 40.66774404366494], [-74.00466268031408, 40.66782673723905], [-74.00479758085345, 40.66775611055227], [-74.00518544156658, 40.667884496450846], [-74.0054299537411, 40.66783954403515], [-74.0054572899572, 40.66784601744934], [-74.00593480414982, 40.66795909406981], [-74.00676724054121, 40.66616140886601], [-74.00694641196064, 40.66620954966891], [-74.0056292439745, 40.66896225678495], [-74.00477427426895, 40.67072731112112], [-74.00475458407064, 40.67076796029889], [-74.0053764520981, 40.670936461661995], [-74.00539105492575, 40.67090739234382], [-74.00657776970326, 40.668544897643685], [-74.00688341805287, 40.66855290425589], [-74.0075788636934, 40.66709227906586], [-74.0077580391325, 40.66714844309515], [-74.00709420841487, 40.668544866956175], [-74.00793445674988, 40.66853496943745], [-74.00983449032812, 40.66851256465831], [-74.0115344784479, 40.665091369845506], [-74.01154130557148, 40.665077629988716], [-74.01399682938323, 40.66475635049332], [-74.01453387368228, 40.66471775892064], [-74.01545118239369, 40.66465183686279], [-74.01649606815018, 40.664748552174615], [-74.01666318993342, 40.664764020565435], [-74.01673330799338, 40.6648057610107], [-74.01704400456912, 40.664990711098], [-74.01748535788063, 40.66525343432958], [-74.01784343032793, 40.665805844965156], [-74.01787546392676, 40.6658552630056], [-74.0179159055757, 40.66603979943367], [-74.01806540249292, 40.666721951918646], [-74.01835048917064, 40.6686318987882], [-74.01871550359424, 40.670901234434886], [-74.01876225235003, 40.67119186274212], [-74.01912872953616, 40.67153563804592], [-74.01921559481298, 40.671617122004115], [-74.01887830311124, 40.67158507717695], [-74.01757119229977, 40.67103154746925], [-74.01746767727828, 40.670493650285316], [-74.01758157905132, 40.67045373289886], [-74.01738888480135, 40.66916348651485], [-74.01735985643533, 40.66896911011561], [-74.01735200074125, 40.66896747956664], [-74.01724391343367, 40.668945051368866], [-74.01711723612871, 40.668158603185894], [-74.01669398524109, 40.66547054561846], [-74.0166889878927, 40.66543880765957], [-74.01662112207302, 40.66511713427755], [-74.01654730426327, 40.66494059065797], [-74.01605195658547, 40.66487645945758], [-74.01590453656924, 40.66540614181009], [-74.01252489939681, 40.665715987492895], [-74.01231077516628, 40.66573561483769], [-74.01125723624054, 40.66795067187736], [-74.01087793719901, 40.66869704940587], [-74.0108284338644, 40.668700195074415], [-74.01062498975148, 40.66871312293447], [-74.01040368068041, 40.6688575966639], [-74.01035100475794, 40.6690020549157], [-74.01064612715668, 40.6690742538324], [-74.0108032634363, 40.66907355929443], [-74.01250110401847, 40.669066042723884], [-74.01476713143435, 40.66908182405922], [-74.01476715453249, 40.66918615148245], [-74.01315458812381, 40.66920239706005], [-74.01315465143449, 40.66952340471618], [-74.01128651282905, 40.66953797088373], [-74.01106779011788, 40.66953967429675], [-74.01103706562708, 40.66929824904343], [-74.01103613009967, 40.669290897324615], [-74.01102908841831, 40.66929058281949], [-74.01085695398277, 40.66928288897917], [-74.01089918612482, 40.6697322944444], [-74.01151988415971, 40.66976224094204], [-74.01156319546054, 40.66976433029549], [-74.01157537474886, 40.66984636692931], [-74.01163706142376, 40.67026188374021], [-74.01170033078871, 40.67043843147162], [-74.01187951296978, 40.670462488387976], [-74.01191059220271, 40.670451657377534], [-74.01411380026181, 40.66968379442171], [-74.01431407912594, 40.66979612158889], [-74.01210681223321, 40.67055965641745], [-74.0120165546112, 40.67059087684258], [-74.01187956156848, 40.670735344540724], [-74.01210093773761, 40.67094397537716], [-74.0124171367968, 40.670951967076654], [-74.012527059948, 40.670790956524144], [-74.01255411854616, 40.6707513227944], [-74.01447223905706, 40.670085008769355], [-74.01452495409544, 40.67015722796581], [-74.01277546306058, 40.67078339909881], [-74.01282818453137, 40.67089574602956], [-74.01301790231275, 40.67088769932605], [-74.01309169885207, 40.670975967570136], [-74.01330248011725, 40.67088766677318], [-74.01346059172296, 40.67095184972332], [-74.01329198627243, 40.67112039806876], [-74.01354497154254, 40.67124877123919], [-74.01370755909211, 40.671143576296515], [-74.0140087001134, 40.671096237753424], [-74.01400872202568, 40.67120056425128], [-74.0142827952611, 40.67136103479779], [-74.0150836897694, 40.670710892888636], [-74.01517855895531, 40.670759031868144], [-74.01411655198537, 40.67166576807378], [-74.01387184220707, 40.67187469576521], [-74.01423025589347, 40.67211540743871], [-74.01450661759299, 40.6718804420092], [-74.01558966319818, 40.67095960631191], [-74.01571616139958, 40.67103984032616], [-74.01464668961748, 40.671957530879], [-74.01405114906953, 40.67246853676891], [-74.01300783945459, 40.67333537735189], [-74.01337680013198, 40.67358411583968], [-74.01503759019549, 40.67217266126314], [-74.0151050870405, 40.67211529590571], [-74.01572582419007, 40.67247991868548], [-74.01691783273118, 40.67149710465564], [-74.01720246281062, 40.67168966735706], [-74.01603274716764, 40.672652856281964], [-74.01639117401726, 40.6728935612008], [-74.01637464658039, 40.67290848148801], [-74.01468399271607, 40.674434624329685], [-74.01493700042654, 40.67459509504345], [-74.01673791148767, 40.67310839129661], [-74.01820382599195, 40.6718981671583], [-74.01860442608454, 40.67217095918955], [-74.01884686017065, 40.67221104578775], [-74.01883635826637, 40.67234747466058], [-74.01865717524717, 40.67234750385768], [-74.01736856773302, 40.67345544458532], [-74.01726618365107, 40.673543471836275], [-74.01766184294763, 40.673876630261134], [-74.01793040443161, 40.67420945959152], [-74.01813163722858, 40.6742722065564], [-74.01825720554167, 40.67437793597424], [-74.01804651101008, 40.67480330403979], [-74.01821519923621, 40.67494772995585], [-74.01786743749147, 40.675236690378384], [-74.01823787921923, 40.67548523649336], [-74.01878394489829, 40.675036302304306], [-74.01878441553322, 40.67503591500606], [-74.01888983897679, 40.675100099055065], [-74.01885112470575, 40.675134715794314], [-74.01840509059771, 40.6755335368964], [-74.01848946040482, 40.67569402663181], [-74.01866869060457, 40.67583042568589], [-74.01801522014617, 40.67603115915702], [-74.01796257351972, 40.67623982206674], [-74.0180575308728, 40.67657686357168], [-74.01934349977277, 40.67652850403576], [-74.01974406700884, 40.67658461190503], [-74.01987061196178, 40.676769168624], [-74.0199444972614, 40.67709818770252], [-74.01912231711567, 40.677138453318435], [-74.0192490073269, 40.67782859651829], [-74.01843737461557, 40.67792503137082], [-74.01845853607136, 40.67821393376489], [-74.01968085377761, 40.678177200906866], [-74.0197400302183, 40.67817542215896], [-74.01971295719282, 40.678318052997575], [-74.01963996392277, 40.67832773070293], [-74.01850077388906, 40.678478757502056], [-74.01840593443892, 40.678591125406896], [-74.01868011050382, 40.6789682635185], [-74.01947431954433, 40.67893751704695], [-74.01951285731958, 40.67893602466896], [-74.01957612985055, 40.67902429135537], [-74.0193443959631, 40.67961819280511], [-74.01923959760231, 40.67967644033909], [-74.01895442880708, 40.67983493677794], [-74.01896930740027, 40.67984949384243], [-74.01902823852517, 40.67990715125157], [-74.01775293722321, 40.68066974492338], [-74.01762488942528, 40.680645395791274], [-74.0174577600175, 40.68061361420473], [-74.01578556927448, 40.6816627459228], [-74.01524436877283, 40.68200228211441], [-74.01533927008855, 40.68211462124715], [-74.012809551631, 40.68363971165042], [-74.01209257274674, 40.682941600025806], [-74.013060450375, 40.682347342267526], [-74.01410580265892, 40.68170549629], [-74.0137789474635, 40.6813925540863], [-74.01324653698508, 40.68168884255146], [-74.01314378895766, 40.681522475335186], [-74.01362079112712, 40.68123206976687], [-74.01357861669861, 40.68119194963899], [-74.01387374526755, 40.68102338589604], [-74.01303030238289, 40.68041357158826], [-74.01260992692607, 40.68077496869349], [-74.00967854232985, 40.68329493524552], [-74.01005558780759, 40.683649580244314], [-74.0107961535413, 40.684346131792], [-74.01092789210198, 40.68427010608008], [-74.01179754760739, 40.68376822233897], [-74.01212441244418, 40.68412129517703], [-74.00839677179093, 40.68637168097403], [-74.008264986955, 40.686331565427935], [-74.00812004349746, 40.68645195280778]]]]}",100.0,2001-08-06T00:00:00.000
"{'type': 'MultiPolygon', 'coordinates': [[[[-73.9282703089191, 40.692314901878305], [-73.92819666726376, 40.691945410472854], [-73.92783949690606, 40.69183134360514], [-73.92808403245927, 40.69150138166427], [-73.92803811814012, 40.69135733205867], [-73.927693566416, 40.69109936890738], [-73.92804273290434, 40.69089396316506], [-73.92796088863824, 40.690505683501726], [-73.92754699828028, 40.6903691227593], [-73.92796952024077, 40.69012998206695], [-73.92791230686579, 40.6897855484418], [-73.92740330463337, 40.689630682832174], [-73.93032510591404, 40.689297264029264], [-73.93096939218451, 40.68955260673393], [-73.93271357699328, 40.68934073945637], [-73.93324840743082, 40.688961033733534], [-73.9336876776888, 40.69115915285031], [-73.93661363997683, 40.69081970304361], [-73.93690419080968, 40.6922872872595], [-73.93663002999027, 40.69203713041054], [-73.93451053455397, 40.692239224763746], [-73.93397844277753, 40.692624401089816], [-73.9310532564864, 40.69296116173622], [-73.93120322838361, 40.693691900893555], [-73.9313454195778, 40.69442169862955], [-73.93145784330079, 40.69485547043926], [-73.93114516477645, 40.694673974784756], [-73.93051146676572, 40.69431652250543], [-73.92970192413654, 40.693863397002076], [-73.9286426906189, 40.69324101255932], [-73.92850659682357, 40.6931657263488], [-73.92815038566762, 40.69296509397792], [-73.92815059900066, 40.69296474471199], [-73.92836047304124, 40.692621783616445], [-73.92798494555772, 40.69256367840958], [-73.9282703089191, 40.692314901878305]]]]}",74.0,2001-08-01T00:00:00.000
"{'type': 'MultiPolygon', 'coordinates': [[[[-73.9295905750892, 40.68563504851082], [-73.92945249378498, 40.68490276518383], [-73.92930916465919, 40.68416880298999], [-73.9263842455245, 40.68450361751799], [-73.92624029842064, 40.68377160532662], [-73.92609461686631, 40.68303870960294], [-73.92594600267468, 40.68230798175725], [-73.92578582992455, 40.68157062690133], [-73.92872655622553, 40.681236828747345], [-73.92856850083575, 40.68050658411921], [-73.92854333759911, 40.68035490381351], [-73.92853888997213, 40.68020082316162], [-73.92855554383713, 40.680046800625064], [-73.92859304903045, 40.679895348057066], [-73.92865045610367, 40.67974884292093], [-73.92880735532768, 40.67956664922019], [-73.92905973695959, 40.679275338046914], [-73.92942274390622, 40.679291056653], [-73.93132705297208, 40.67936721267773], [-73.93289696818123, 40.679484809422036], [-73.93435066485608, 40.67956340747488], [-73.93439531056316, 40.679835379664816], [-73.93450839049778, 40.68022169251811], [-73.9345709829871, 40.68056476117832], [-73.93471441045452, 40.681297384307655], [-73.93486257235892, 40.6820305681576], [-73.9350082172463, 40.682763767893874], [-73.93515472973864, 40.68349718470392], [-73.93529964853667, 40.684229483240635], [-73.93544387169656, 40.68496332095394], [-73.93558975677502, 40.68569478237565], [-73.93266904642317, 40.68603234289464], [-73.93252205995218, 40.685297824401296], [-73.9295905750892, 40.68563504851082]]]]}",68.0,2001-08-01T00:00:00.000
"{'type': 'MultiPolygon', 'coordinates': [[[[-73.99194030379194, 40.60723603937359], [-73.991897981406, 40.60707474549312], [-73.99201493792343, 40.60682626802797], [-73.99231250444524, 40.60668382107538], [-73.99252082595915, 40.60667533281599], [-73.99257066866997, 40.606831502563765], [-73.99252325446756, 40.60720685713257], [-73.99214582462356, 40.60723666651438], [-73.99194030379194, 40.60723603937359]]], [[[-73.99194030379194, 40.60723603937359], [-73.99197917929452, 40.60736702729784], [-73.99204658394022, 40.607754432394565], [-73.99153333766823, 40.60779597938143], [-73.99135766893136, 40.60779429362853], [-73.99139414086743, 40.6079282482746], [-73.99154537552745, 40.60822585636877], [-73.99141417121876, 40.60835243055567], [-73.99095102573432, 40.6083537988512], [-73.9907745633719, 40.60835227449947], [-73.99092148254802, 40.60865780110718], [-73.99065288661204, 40.60893507896174], [-73.99019344456472, 40.60891154040898], [-73.99014168324717, 40.60933665805022], [-73.98999006844771, 40.60948962369429], [-73.98956123450547, 40.60950939251662], [-73.98949848471676, 40.60999506471983], [-73.99103023890393, 40.61092611842535], [-73.99080259797363, 40.61114569057282], [-73.99109537136836, 40.61132268204446], [-73.99114036373187, 40.611447142727954], [-73.99096471031645, 40.61144495572657], [-73.99067796246122, 40.61127201188685], [-73.99023082015539, 40.61170511097103], [-73.99051752476579, 40.61187809873378], [-73.99055892631907, 40.61200464538519], [-73.9903878715399, 40.61200498912927], [-73.99010250082893, 40.61183171240789], [-73.98965151769123, 40.61226743674954], [-73.98993801863081, 40.61244047149308], [-73.98997610835528, 40.61256228877728], [-73.98980232408874, 40.612560969713776], [-73.98951036693227, 40.61238441860426], [-73.98905926054027, 40.61281818464708], [-73.98935673001985, 40.61299788238985], [-73.98939734512778, 40.613122892013585], [-73.98922127494062, 40.613120814023304], [-73.98893610905914, 40.61294855550848], [-73.98871219001104, 40.613164333270056], [-73.98881346746285, 40.61368290689135], [-73.98832453523119, 40.61358518030594], [-73.98815669496057, 40.61374958387062], [-73.98684508470096, 40.612947892838825], [-73.98603304868702, 40.61291155854468], [-73.98528312139352, 40.612924867153545], [-73.98412586073097, 40.612216793668075], [-73.983222271107, 40.61212220890286], [-73.98265927524287, 40.612692470490096], [-73.98252737017195, 40.612584370135664], [-73.9821065911909, 40.610420507114085], [-73.98303567319607, 40.61031782533052], [-73.98396336901976, 40.610217685664686], [-73.98488757665524, 40.61011656529681], [-73.98496806593788, 40.61044291781663], [-73.98535587536675, 40.610072013666986], [-73.9855485317404, 40.60988724180152], [-73.98575987256922, 40.60968408383449], [-73.98612915423509, 40.6093298640726], [-73.98671330017024, 40.6087662608691], [-73.98733917686364, 40.60816828592431], [-73.98737795307183, 40.608128117913864], [-73.98725634065067, 40.60724497961586], [-73.98842267574231, 40.60711914847573], [-73.98855078944872, 40.607002282428006], [-73.98913191478734, 40.606456136606255], [-73.98971286873036, 40.60588782577192], [-73.9897847621237, 40.6060784688179], [-73.98996279607826, 40.60660193227156], [-73.99128190867805, 40.60732322448533], [-73.99172903246377, 40.60725204450006], [-73.99194030379194, 40.60723603937359]]]]}",219.0,2011-08-12T00:00:00.000
"{'type': 'MultiPolygon', 'coordinates': [[[[-73.91720809458782, 40.68613957706103], [-73.91784937489007, 40.68623316733115], [-73.91800616049738, 40.68582204884832], [-73.91770109455992, 40.685500358101756], [-73.91788107156196, 40.685093957034475], [-73.91755763390267, 40.68476719713695], [-73.91776142007616, 40.68432465421612], [-73.91741294436382, 40.68403405467997], [-73.91757669726023, 40.68365873369905], [-73.91985540557404, 40.68343247023264], [-73.92015458107217, 40.68371897783534], [-73.92047934664178, 40.68332146896592], [-73.92242527742526, 40.68315136007596], [-73.92281374269038, 40.68341442907251], [-73.92267012229011, 40.68268151222292], [-73.922544795568, 40.68193561313419], [-73.92578582992455, 40.68157062690133], [-73.92594600267468, 40.68230798175725], [-73.92609461686631, 40.68303870960294], [-73.92624029842064, 40.68377160532662], [-73.9263842455245, 40.68450361751799], [-73.92930916465919, 40.68416880298999], [-73.92945249378498, 40.68490276518383], [-73.9295905750892, 40.68563504851082], [-73.92667582438428, 40.68597069569013], [-73.9233959234998, 40.686344451707285], [-73.920739746559, 40.68664934105478], [-73.9179958022509, 40.68696538101124], [-73.91768113918978, 40.68700409423187], [-73.91755226147875, 40.68693022304269], [-73.91679832884927, 40.68649719927609], [-73.91691610932338, 40.686352310993016], [-73.91720809458782, 40.68613957706103]]]]}",70.0,2001-08-01T00:00:00.000
"{'type': 'MultiPolygon', 'coordinates': [[[[-73.94519418798073, 40.69208466787277], [-73.94564166887089, 40.692033451905466], [-73.94578713650704, 40.692765232706115], [-73.94593170947019, 40.693497623684166], [-73.94607851957598, 40.694230250825136], [-73.9448675221252, 40.694369985684666], [-73.94324249281313, 40.69455749330227], [-73.94352527659902, 40.69603086238069], [-73.94070625147954, 40.696353053844405], [-73.94055524909875, 40.695615897500225], [-73.9399697853656, 40.69268370216559], [-73.9428076524887, 40.69235779416959], [-73.94519418798073, 40.69208466787277]]]]}",72.0,2011-08-12T00:00:00.000
"{'type': 'MultiPolygon', 'coordinates': [[[[-73.95655540383615, 40.594647726806855], [-73.95607720420888, 40.59210143190569], [-73.95567342198058, 40.58998413788013], [-73.9552648501823, 40.58786154726317], [-73.95522691044471, 40.58768521025718], [-73.95485543096397, 40.58562477741647], [-73.95474177182808, 40.58504055176307], [-73.9624133132993, 40.58435340740227], [-73.96353946406748, 40.58419825717093], [-73.96437029509443, 40.58406632102892], [-73.96549229531435, 40.584045884239906], [-73.96676128940973, 40.58398439217515], [-73.96673011763987, 40.584135973064235], [-73.96670866296994, 40.584239301497995], [-73.96661531529755, 40.58457103639391], [-73.96660079841698, 40.58464174155816], [-73.96653588859809, 40.58495780633406], [-73.9664979628308, 40.58514249242597], [-73.9663474079622, 40.58582478437034], [-73.96615022881443, 40.58666882308487], [-73.96546500700003, 40.58964333592367], [-73.96530164485229, 40.59035823004154], [-73.96514385190207, 40.59110191522686], [-73.9649569161299, 40.591861917878006], [-73.96479382479525, 40.59258070141318], [-73.96463908109735, 40.59332315317224], [-73.96483469053503, 40.594434692471665], [-73.96453099423788, 40.594404827946256], [-73.96341304089835, 40.59431602821364], [-73.9622987104596, 40.59421810523528], [-73.9608878418543, 40.59436442802097], [-73.95946787324858, 40.59456549093898], [-73.95883405228676, 40.59405397569192], [-73.9583676455924, 40.59422803187305], [-73.95746236614103, 40.59443917942459], [-73.95655540383615, 40.594647726806855]]]]}",134.0,2001-08-06T00:00:00.000
"{'type': 'MultiPolygon', 'coordinates': [[[[-73.9534192987159, 40.58260821287301], [-73.95330135974618, 40.58200275189864], [-73.94968547855288, 40.58229195742894], [-73.94381875142263, 40.58117459053254], [-73.9426803321705, 40.58098308918771], [-73.93833710678999, 40.58105718396525], [-73.93798833960531, 40.58106312701766], [-73.93276900174996, 40.58114266496013], [-73.93271480208047, 40.58125603443606], [-73.93253900333103, 40.581276549746974], [-73.93249515544328, 40.58112602209291], [-73.93198269958518, 40.5793667492842], [-73.93107036963275, 40.576234460688994], [-73.93112770163991, 40.57616082225822], [-73.931378843429, 40.57583825244854], [-73.93150359329955, 40.57567802090929], [-73.93160420642116, 40.57567445624276], [-73.93493787024242, 40.575556305847805], [-73.93570636007395, 40.57569720413129], [-73.93646338038181, 40.57583599360593], [-73.93657353833231, 40.57585618930577], [-73.9365942226227, 40.57578284759515], [-73.93665493498894, 40.57556757466768], [-73.93669565200356, 40.575402649824035], [-73.9367580046131, 40.57544629477105], [-73.93685778713215, 40.5755161403134], [-73.94025142889248, 40.57545610020628], [-73.94184340976747, 40.57538198900418], [-73.94244179931724, 40.57535412646506], [-73.94249778945768, 40.57537369768775], [-73.94252082756242, 40.575381750901144], [-73.94323925606054, 40.57563287267674], [-73.94417216489278, 40.57562302061674], [-73.94455836272695, 40.57529950869753], [-73.94457805555177, 40.575283011584716], [-73.9446703039256, 40.57527462443966], [-73.94491713175502, 40.575252182211976], [-73.94622880198956, 40.575082020962284], [-73.94667014407555, 40.575024762417186], [-73.94699454943147, 40.574982674351105], [-73.94713362910576, 40.57496462978956], [-73.95004072489317, 40.57461541693963], [-73.95194718942916, 40.574430663615864], [-73.95237986850933, 40.57437929775957], [-73.95242628565386, 40.57455910950371], [-73.9528745114387, 40.57688215883588], [-73.95300123027857, 40.57747651265629], [-73.95303970882502, 40.57767958700449], [-73.9530996392305, 40.57799415553924], [-73.95334153922929, 40.579267126931725], [-73.95374063251165, 40.581355893957344], [-73.95383801773295, 40.58174555379956], [-73.95392000823271, 40.58186979785102], [-73.95403970618611, 40.58251639336518], [-73.9534192987159, 40.58260821287301]]]]}",1.0,2001-07-31T00:00:00.000
"{'type': 'MultiPolygon', 'coordinates': [[[[-73.97654516343967, 40.686994315235914], [-73.9762058895001, 40.68702541377065], [-73.97575213188928, 40.686847764750695], [-73.97511447853326, 40.68658898039404], [-73.97443995885384, 40.686309701774746], [-73.97402722840913, 40.684272331428105], [-73.97375598563525, 40.68303402292992], [-73.97483191366321, 40.68323524081968], [-73.97595299659457, 40.683474706211335], [-73.97620908154585, 40.682729552161994], [-73.97631628570362, 40.682508616440636], [-73.97659584596623, 40.68211982979617], [-73.9770229848336, 40.68148611609866], [-73.97961592035993, 40.68249356352674], [-73.98003510026807, 40.6818526291244], [-73.98242283397326, 40.682783000088044], [-73.98290467425159, 40.68207426100221], [-73.9832643450741, 40.68151917702052], [-73.9837113963121, 40.680880229642405], [-73.98785628537686, 40.682494325387424], [-73.9874295746779, 40.683126719562566], [-73.98656303434599, 40.6843887550707], [-73.98649269787224, 40.684611657981364], [-73.98674011726136, 40.68470798268027], [-73.9866576307585, 40.68483001337735], [-73.98829581902697, 40.68546776475095], [-73.98825373451503, 40.68552859658182], [-73.98838683645906, 40.68558184172962], [-73.98826440426785, 40.685762972138036], [-73.98828896779834, 40.685868694720824], [-73.98816745341675, 40.68591238042049], [-73.98803394000097, 40.686107945285926], [-73.98776946266159, 40.686005252607565], [-73.98773532327576, 40.68605591360752], [-73.98775525992131, 40.68606365488753], [-73.98772274061821, 40.686111910538244], [-73.987966591507, 40.68620659631705], [-73.98785886747082, 40.68650344022836], [-73.98750368200162, 40.686572235462464], [-73.98726508123518, 40.686910165361354], [-73.98742924420152, 40.687138652389336], [-73.98706081386318, 40.687078750021804], [-73.98689181276303, 40.68732906387263], [-73.98714196136086, 40.68742643978091], [-73.98700001529879, 40.68777311554034], [-73.98916707790546, 40.68861566251145], [-73.98871984741459, 40.68924691668709], [-73.98830145713643, 40.689869937701424], [-73.98789027540134, 40.69046825497852], [-73.98734787498864, 40.69145766736611], [-73.98633135042391, 40.69105051012827], [-73.98536391830876, 40.690666613102515], [-73.98443216329215, 40.69029217219351], [-73.9835098217414, 40.68992217124944], [-73.98326833945826, 40.68982508063941], [-73.98295657323075, 40.68969973129073], [-73.98209738002708, 40.68935801736236], [-73.98114997684641, 40.688989336626726], [-73.98092547794762, 40.68889999572369], [-73.97911301064816, 40.68818380708163], [-73.97834701503464, 40.68787175076876], [-73.97749778123566, 40.68753511976035], [-73.97659268780936, 40.687184549458685], [-73.97654516343967, 40.686994315235914]]]]}",114.0,2001-08-06T00:00:00.000
"{'type': 'MultiPolygon', 'coordinates': [[[[-73.94888841538244, 40.6444264926371], [-73.94985949331108, 40.6443886122616], [-73.95079591334145, 40.64434234275821], [-73.95178510013513, 40.644305066231475], [-73.9525137251244, 40.644281316304976], [-73.9527538787864, 40.644270374870196], [-73.9536928816628, 40.64422776606659], [-73.95395858911053, 40.64422564865265], [-73.95466564001484, 40.64419674370486], [-73.95473024811616, 40.64477257837875], [-73.95565196255522, 40.646630409263025], [-73.95573651263089, 40.64786899601433], [-73.95576232848515, 40.64864328941527], [-73.95579083085745, 40.649522989222156], [-73.95582518450469, 40.65052980785106], [-73.95480071960779, 40.650569302752245], [-73.95295084004916, 40.650655559794856], [-73.9524690141611, 40.65066945476791], [-73.95137845893939, 40.65071574475405], [-73.94957113079906, 40.65080789991495], [-73.94946507277884, 40.649779975400875], [-73.9493700373395, 40.64892304621403], [-73.94928589533839, 40.64814094557708], [-73.94915204655234, 40.64688583448503], [-73.94896388174067, 40.64513167705635], [-73.94888841538244, 40.6444264926371]]]]}",150.0,2001-08-06T00:00:00.000
"{'type': 'MultiPolygon', 'coordinates': [[[[-74.00824382451192, 40.60305625454727], [-74.00678094497664, 40.602291023456836], [-74.00592426920181, 40.60184026949642], [-74.00794728230082, 40.599896667435445], [-74.0085064092307, 40.59930814623074], [-74.00975674013726, 40.60013882012863], [-74.01211313046367, 40.60122593237482], [-74.01427716191297, 40.6019098493087], [-74.01356337971556, 40.6025848758857], [-74.013362757615, 40.60279636895363], [-74.0132330564742, 40.60293309212528], [-74.01291266868188, 40.603270840977714], [-74.01149995055448, 40.60476005943571], [-74.01237090397552, 40.605214480315965], [-74.00907837892777, 40.60837782488051], [-74.008252597086, 40.60788106027296], [-74.00648905882366, 40.609581060869054], [-74.00568118334628, 40.609094650787355], [-74.00340324893523, 40.60771027906591], [-74.00516635580048, 40.60601576488051], [-74.00567546822087, 40.60552523570017], [-74.00824382451192, 40.60305625454727]]]]}",211.0,2001-08-07T00:00:00.000
"{'type': 'MultiPolygon', 'coordinates': [[[[-73.89612587358508, 40.65781466374784], [-73.8988069870582, 40.65740666921939], [-73.89921760787246, 40.6591114065659], [-73.89939741508122, 40.65978311633598], [-73.89965233421968, 40.66073541871789], [-73.89993637563987, 40.66191320015795], [-73.90002523109172, 40.662281633720625], [-73.89736883717985, 40.66267293423682], [-73.89365012333342, 40.663223311178776], [-73.89382265906607, 40.663097844965456], [-73.89401848979162, 40.662960314412054], [-73.89380885127567, 40.66203482041916], [-73.89347775184068, 40.661819803781825], [-73.89310328331499, 40.66183482868683], [-73.89388201436049, 40.661490345442694], [-73.8941795664634, 40.66136176470058], [-73.8946902247333, 40.66112612670169], [-73.89550137961199, 40.660771603634956], [-73.89409845031793, 40.65887791978628], [-73.89491382124484, 40.65852644836307], [-73.89571848168885, 40.6581599587385], [-73.89616756114768, 40.65797845125873], [-73.89612587358508, 40.65781466374784]]]]}",189.0,2001-08-07T00:00:00.000
"{'type': 'MultiPolygon', 'coordinates': [[[[-73.86630304659077, 40.683188753201776], [-73.86716026102481, 40.68294020791852], [-73.86813983324616, 40.682665254679776], [-73.86901910183843, 40.682412592805605], [-73.86980843301254, 40.68218747719912], [-73.87071612254198, 40.68193032319729], [-73.87156150468304, 40.68168445642285], [-73.87218592164484, 40.68365131289103], [-73.87231676140044, 40.68407667398634], [-73.87237560177755, 40.68427091186682], [-73.87255449711635, 40.684840469709485], [-73.87273891979284, 40.685410195285236], [-73.87293031761676, 40.68602721409397], [-73.87311148720863, 40.68660053763044], [-73.87322225568082, 40.68693960469683], [-73.87344754403493, 40.687593707156005], [-73.87348813364143, 40.687705451441], [-73.87371866011644, 40.68836404347033], [-73.87388712470832, 40.688833222109466], [-73.87405418341143, 40.689298478574216], [-73.87260337039447, 40.68992107314828], [-73.87172865703766, 40.69027675012038], [-73.87094762369269, 40.69050204096234], [-73.87012861039155, 40.69070863401646], [-73.86902636844087, 40.69098714770139], [-73.8685529480983, 40.69109924406337], [-73.86805885280799, 40.691183957354035], [-73.86790948520068, 40.6904762610231], [-73.86776832167791, 40.68980328892458], [-73.86762340451081, 40.68914534155536], [-73.86746088903935, 40.68841501760737], [-73.86728057406464, 40.687749284531414], [-73.86701803282503, 40.68683035595019], [-73.86687058970655, 40.68633059794952], [-73.86659848390285, 40.68526955907528], [-73.86652316668626, 40.6846348899667], [-73.86650408125404, 40.68447406018268], [-73.86630296492258, 40.683188776520296], [-73.86630304659077, 40.683188753201776]]]]}",207.0,2001-08-07T00:00:00.000
"{'type': 'MultiPolygon', 'coordinates': [[[[-73.9842886186781, 40.67159109257723], [-73.9822768701872, 40.6740001464841], [-73.98132614607889, 40.67514568525475], [-73.9808890195434, 40.6757783755612], [-73.97839032328619, 40.67480451535754], [-73.97795999969756, 40.675438018081834], [-73.97546679423502, 40.67446629020601], [-73.97295548579649, 40.67348790300836], [-73.97101011054814, 40.67274852873957], [-73.97087894513253, 40.67271317473997], [-73.97040734536465, 40.67264721903171], [-73.9705026253448, 40.67244549340852], [-73.97085440708938, 40.671864364758626], [-73.97132526398421, 40.67124822429027], [-73.97181594652292, 40.670629475329896], [-73.9723172090917, 40.67002909756964], [-73.97281990662582, 40.66942717755482], [-73.9733228432276, 40.66882492269088], [-73.97382528538425, 40.668223088170485], [-73.97433093603654, 40.667621234564095], [-73.97483327610323, 40.66702209749577], [-73.9772077042918, 40.66816808410687], [-73.97956332599854, 40.669312974086225], [-73.98192689721358, 40.670448640299945], [-73.9842886186781, 40.67159109257723]]]]}",110.0,2001-08-06T00:00:00.000
"{'type': 'MultiPolygon', 'coordinates': [[[[-73.9520690185395, 40.628645781022435], [-73.9516174147839, 40.62625381114398], [-73.9525791378796, 40.62614928372081], [-73.95350610798496, 40.62604728219296], [-73.95443415143403, 40.62594456216673], [-73.95536369203177, 40.625844068392205], [-73.95639327414808, 40.62572997144183], [-73.95759526823335, 40.62559746808043], [-73.95853833311185, 40.62549418028934], [-73.95950304868451, 40.62538939757774], [-73.96046571855976, 40.62528277576335], [-73.96084114711236, 40.62523937524319], [-73.96139319626295, 40.625179064844204], [-73.96184657341526, 40.62757081699744], [-73.96211947467107, 40.629040906526804], [-73.96161964743575, 40.629102984901834], [-73.96243810586752, 40.633165391442006], [-73.96263919786928, 40.63426942066059], [-73.96219985129933, 40.63448106106819], [-73.96248058878214, 40.635933104577674], [-73.96158252441546, 40.63636804734405], [-73.96187708288194, 40.637929879068665], [-73.95896596183451, 40.639304860665504], [-73.95937694999611, 40.641471554949], [-73.95840798632724, 40.64193049988523], [-73.95875335853084, 40.64377225663478], [-73.95791873745266, 40.644143265006825], [-73.95765889121459, 40.642809592125246], [-73.95763644645253, 40.642689499495965], [-73.95746359866797, 40.642371669676876], [-73.95707031024216, 40.641960671509075], [-73.95635446672797, 40.64123223839471], [-73.95571600054794, 40.640582526228236], [-73.95563820693694, 40.64050392618769], [-73.95476763263129, 40.639624446774], [-73.95427358412176, 40.63911553920811], [-73.95404358595852, 40.638877548615866], [-73.95374853782641, 40.63858633771546], [-73.95360004709916, 40.63842234741608], [-73.95278925349726, 40.637649921414344], [-73.95197147612315, 40.636901062508585], [-73.95108831403789, 40.63607590682162], [-73.94977813843303, 40.6348145775221], [-73.94944978204103, 40.634507482331216], [-73.94909766815607, 40.634207703636626], [-73.94877506799033, 40.63393304867548], [-73.94769931803073, 40.63288474740469], [-73.94682651374433, 40.63203319437582], [-73.94656135044137, 40.63178501415426], [-73.9464796178022, 40.63170816166446], [-73.94551095553979, 40.63079148209071], [-73.94480816173504, 40.63012716669226], [-73.9445399511325, 40.629866562323244], [-73.9441553528814, 40.62950828460138], [-73.94446784120747, 40.62948005153745], [-73.94540053212029, 40.62937781236506], [-73.94632622227995, 40.62927664215902], [-73.94732672265118, 40.62916656615388], [-73.94832386266336, 40.62905665999063], [-73.94925229830709, 40.628954765343174], [-73.95017657017168, 40.62885277191422], [-73.95110641914509, 40.62875046655952], [-73.9520690185395, 40.628645781022435]]]]}",15.0,2011-08-12T00:00:00.000
"{'type': 'MultiPolygon', 'coordinates': [[[[-73.91966280889544, 40.661405032967956], [-73.91974399679926, 40.66077097659409], [-73.91962827935808, 40.66066826911966], [-73.91829371925166, 40.65948380682564], [-73.91647481284866, 40.65784912684376], [-73.91465843124004, 40.65621425556813], [-73.91545094014782, 40.6557000216983], [-73.91633222212995, 40.65513143119212], [-73.91704018446305, 40.65467551630121], [-73.91757588595677, 40.65431417284192], [-73.9178686759412, 40.65432193785203], [-73.91915317428138, 40.65435869751413], [-73.91964604505036, 40.65437210916375], [-73.92019016477504, 40.654392704432496], [-73.9204294631037, 40.654400551779034], [-73.92110356554393, 40.65442080960511], [-73.92149896931616, 40.654375180524745], [-73.92169400196087, 40.654349999988135], [-73.92177652983837, 40.65442420480024], [-73.92188158225551, 40.654518623707936], [-73.92200416441841, 40.65462880396924], [-73.92200618414523, 40.6546306152484], [-73.92213639667297, 40.65474735672837], [-73.92288829569587, 40.655421414208455], [-73.92330598828802, 40.655801855694385], [-73.9235985534145, 40.656053141693015], [-73.92407695045566, 40.65648408593787], [-73.92465429171172, 40.65700712555505], [-73.9252180814105, 40.65749637504782], [-73.92540699949897, 40.65767996906841], [-73.92623943149708, 40.658418704674816], [-73.9264119113636, 40.65858673482412], [-73.92725505400134, 40.65933756361939], [-73.9281925792572, 40.66017717344269], [-73.92882288530788, 40.660745239140226], [-73.92905189164956, 40.660950181083926], [-73.92861625599774, 40.661231519018834], [-73.92828249218081, 40.66144706596024], [-73.92785713968645, 40.66172120553552], [-73.92779584619345, 40.66176070892967], [-73.92756664148749, 40.66190842942834], [-73.92685384216732, 40.66237073566561], [-73.9261385028783, 40.662832828880006], [-73.92542335514784, 40.66329428990064], [-73.92360799726802, 40.66166328068226], [-73.9227284305833, 40.66223123200692], [-73.92193009528668, 40.66274459950025], [-73.92105081785459, 40.66331385522439], [-73.92077834235137, 40.66307523820485], [-73.92011326203719, 40.66245910405941], [-73.9197312900461, 40.66212335240677], [-73.91959480026881, 40.66199568321554], [-73.91962719235869, 40.661708059292174], [-73.91966280889544, 40.661405032967956]]]]}",175.0,2001-08-06T00:00:00.000
"{'type': 'MultiPolygon', 'coordinates': [[[[-73.99730042505361, 40.64727201957712], [-73.99702216323247, 40.647537791211924], [-73.99681372975164, 40.647710424282], [-73.99625314456777, 40.64817497517221], [-73.99604565383973, 40.64834065433235], [-73.99392923859284, 40.64706931034598], [-73.99742590379115, 40.64370709113617], [-73.99975690847107, 40.64146714909341], [-74.0019597841412, 40.64279874058529], [-74.00254486977268, 40.6422357590906], [-74.00474646716837, 40.64356697922645], [-74.00695078861808, 40.644897238451094], [-74.00698019256471, 40.6453918011457], [-74.00636841197822, 40.645458069504016], [-74.00633899169901, 40.64588682866442], [-74.00578487811177, 40.64601807858669], [-74.00577990149418, 40.646473579545315], [-74.00520270662035, 40.646577228787635], [-74.00515787318764, 40.64698012242205], [-74.00462168319505, 40.64713100935858], [-74.00449801089134, 40.64714403936928], [-74.00243132083459, 40.64590890913551], [-74.00080917831978, 40.64745029176623], [-74.0006621740781, 40.647487390262434], [-74.00026117935661, 40.647511912565385], [-73.99850634822499, 40.646486707344806], [-73.99846577838215, 40.64615922603293], [-73.99788285819864, 40.64671852854975], [-73.99730042505361, 40.64727201957712]]]]}",98.0,2001-08-06T00:00:00.000
"{'type': 'MultiPolygon', 'coordinates': [[[[-73.94985949331108, 40.6443886122616], [-73.94888841538244, 40.6444264926371], [-73.94876122880072, 40.64324500858069], [-73.94972808480746, 40.6431850302362], [-73.95066545385812, 40.643127397701384], [-73.95165167283412, 40.643065968861244], [-73.95262169301057, 40.64300631723588], [-73.95355481399424, 40.6429472365034], [-73.9545248422616, 40.64288758666981], [-73.95549345055336, 40.642827324800756], [-73.95642457853157, 40.642770957660886], [-73.95763644645253, 40.642689499495965], [-73.95789394425984, 40.6440155619445], [-73.95791873745266, 40.644143265006825], [-73.95797764682666, 40.64457625551279], [-73.95802176467721, 40.64506996234395], [-73.95803664495602, 40.64530249962066], [-73.95810672218045, 40.646518008506106], [-73.95814068518918, 40.647503403590505], [-73.95815003635322, 40.64776767326305], [-73.9582608208712, 40.6485327449088], [-73.95844668754364, 40.64931710367915], [-73.95870789930476, 40.650387273272365], [-73.958925272925, 40.65121154986656], [-73.95915001037287, 40.652144556833925], [-73.95656498955309, 40.652285963406825], [-73.95601055752435, 40.65231427207824], [-73.95590670785073, 40.65136883309442], [-73.95582518450469, 40.65052980785106], [-73.95579083085745, 40.649522989222156], [-73.95576232848515, 40.64864328941527], [-73.95573651263089, 40.64786899601433], [-73.95565196255522, 40.646630409263025], [-73.95473024811616, 40.64477257837875], [-73.95466564001484, 40.64419674370486], [-73.95395858911053, 40.64422564865265], [-73.9536928816628, 40.64422776606659], [-73.9527538787864, 40.644270374870196], [-73.9525137251244, 40.644281316304976], [-73.95178510013513, 40.644305066231475], [-73.95079591334145, 40.64434234275821], [-73.94985949331108, 40.6443886122616]]]]}",148.0,2001-08-06T00:00:00.000
"{'type': 'MultiPolygon', 'coordinates': [[[[-73.9923833951971, 40.65889901536441], [-73.99018841615164, 40.65760081748739], [-73.9895923822405, 40.65813406002132], [-73.98842872883704, 40.659249851032754], [-73.98402397239211, 40.656591169235064], [-73.98179568717683, 40.65524609633159], [-73.98145293842846, 40.653416335025504], [-73.98129697488736, 40.65263750641995], [-73.98110911938164, 40.65159173205341], [-73.9803633472993, 40.64769374399739], [-73.98165561537016, 40.64718886945425], [-73.98834986743027, 40.6445622436413], [-73.98905872465328, 40.64411924052117], [-73.99180823554936, 40.645783968573646], [-73.99392923859284, 40.64706931034598], [-73.99604565383973, 40.64834065433235], [-73.9983060231819, 40.64974001513069], [-73.99779466131997, 40.65028889002833], [-74.00214474711198, 40.65295610628578], [-74.00041318193989, 40.65462870109312], [-73.99983786624992, 40.65518615775703], [-73.99516890243412, 40.65966952207043], [-73.99296402055674, 40.658337409109734], [-73.9923833951971, 40.65889901536441]]]]}",99.0,
"{'type': 'MultiPolygon', 'coordinates': [[[[-74.03205002825415, 40.62104063196697], [-74.028205248827, 40.61917266327765], [-74.02552760852426, 40.61784137407354], [-74.02454267921351, 40.6189900677272], [-74.02365406380636, 40.61996084388684], [-74.02334639857462, 40.61976973528456], [-74.02326643475253, 40.619724680560346], [-74.02287598784766, 40.61946614735907], [-74.02121548267134, 40.61847198503913], [-74.02476242376056, 40.609732006159334], [-74.01996663792094, 40.6070425078095], [-74.02142656687982, 40.603448112799654], [-74.02533793708562, 40.60402152767249], [-74.0284407077043, 40.604462560887605], [-74.02971425577539, 40.60464355967052], [-74.0299503976616, 40.604737384088715], [-74.03021465741611, 40.60484237971137], [-74.03082050137989, 40.6050830895369], [-74.03130338250725, 40.605397472596685], [-74.03181465181119, 40.605730332576854], [-74.03200944809022, 40.60581798841496], [-74.03216738554988, 40.60588905852772], [-74.03230082343492, 40.60600067950403], [-74.03412386989093, 40.60752560590586], [-74.03442862790207, 40.60787981536038], [-74.03468537459186, 40.60838064521133], [-74.03519858847794, 40.6088325267075], [-74.03556125187761, 40.60899537705588], [-74.03582393374238, 40.609113330444096], [-74.03615686455672, 40.60950879377861], [-74.036224958723, 40.609589676990076], [-74.03664242955716, 40.61081126948622], [-74.038342721191, 40.61254556287401], [-74.03936934872341, 40.613583681557834], [-74.04015565413317, 40.61482956774766], [-74.04047676285649, 40.615599141225346], [-74.04065367574196, 40.61651663306456], [-74.03649125992744, 40.617989154936545], [-74.03616248414747, 40.618168300282704], [-74.03543728492679, 40.6199558072556], [-74.03275211865858, 40.619323015579695], [-74.03205002825415, 40.62104063196697]]]]}",773.0,
"{'type': 'MultiPolygon', 'coordinates': [[[[-73.89670364706564, 40.66755444418299], [-73.8958051502497, 40.6676883152808], [-73.89540926658472, 40.666153106922636], [-73.8957454467723, 40.66590289340704], [-73.89549858116101, 40.66475169938044], [-73.89592090098506, 40.66447126209344], [-73.89630545940756, 40.66400986890511], [-73.89618190252115, 40.66305706727676], [-73.89628562376915, 40.66294212845199], [-73.89644986310758, 40.662808962138996], [-73.8967964444926, 40.66286600163332], [-73.89720984026978, 40.66281807118313], [-73.89736883717985, 40.66267293423682], [-73.90002523109172, 40.662281633720625], [-73.90041654239988, 40.66380652995572], [-73.90075326976925, 40.66499864493581], [-73.90085135762877, 40.66534589719386], [-73.9008215585743, 40.66544813712415], [-73.90074038831938, 40.66552781767233], [-73.90026095467714, 40.665606901666116], [-73.89999713972917, 40.66547185770732], [-73.89978486640638, 40.66574311966916], [-73.89943370468686, 40.66580815829574], [-73.89960922835257, 40.667025665890016], [-73.89947172808716, 40.66714565763227], [-73.898551489253, 40.66728255674513], [-73.8976333053857, 40.667418676024276], [-73.89670364706564, 40.66755444418299]]]]}",190.0,2001-08-07T00:00:00.000
"{'type': 'MultiPolygon', 'coordinates': [[[[-74.01924633135063, 40.6431854115336], [-74.01865273834098, 40.64375753683256], [-74.01806004482778, 40.644326281705034], [-74.01749264886907, 40.644878918184375], [-74.01690609409391, 40.64544418010645], [-74.01674997418975, 40.64533397020998], [-74.01490732500596, 40.64422985817117], [-74.01264921249422, 40.642865789682865], [-74.01323203409127, 40.642305187408276], [-74.01102862045661, 40.640975900845646], [-74.01102871146932, 40.64097581348671], [-74.00882481840237, 40.63964463007195], [-74.00881247416554, 40.63951069623688], [-74.00922840928322, 40.639096086529975], [-74.00940854274678, 40.63908474016395], [-74.00998983375521, 40.63852434352619], [-74.012194907988, 40.63985478183333], [-74.01439632340747, 40.64118583562586], [-74.01659362859085, 40.6425110305317], [-74.01665160045293, 40.64254598927727], [-74.01723502479221, 40.64198735754925], [-74.01924633135063, 40.6431854115336]]]]}",816.0,2011-08-12T00:00:00.000
"{'type': 'MultiPolygon', 'coordinates': [[[[-73.99289980574545, 40.64461817696325], [-73.99049634088418, 40.64316444118903], [-73.99121277460564, 40.64268589053895], [-73.99192812383227, 40.642204903994], [-73.98966136461252, 40.64083622299173], [-73.98745552467525, 40.63950432560907], [-73.98802425773385, 40.63896168924199], [-73.9892059248892, 40.63782406377133], [-73.99153919442911, 40.63558236324821], [-73.9921197063343, 40.635025460240435], [-73.99431829278704, 40.636353560736396], [-73.9931528276004, 40.637476191983076], [-73.99348369216173, 40.63777733846754], [-73.99325695371915, 40.63799488157257], [-73.9939318812109, 40.638402661596785], [-73.99411416781788, 40.63822776449461], [-73.99428965360894, 40.63833368158908], [-73.99438950244972, 40.63832405329077], [-73.99453635940576, 40.63830863448131], [-73.99464465654715, 40.63847710871045], [-73.99489905013432, 40.63870529052607], [-73.99505331427598, 40.63879839549525], [-73.99518021424294, 40.63880034143048], [-73.99535431713498, 40.63880501500737], [-73.99541821464548, 40.63894052794514], [-73.9954411598807, 40.63903170760019], [-73.99560969440647, 40.639132552426794], [-73.99542944942968, 40.63930648305393], [-73.99549487389659, 40.63934567843728], [-73.9956751721389, 40.639171696108356], [-73.99588679816516, 40.639298324704875], [-73.99601531126069, 40.6392978071692], [-73.99622742153062, 40.63933119697598], [-73.99653964894668, 40.63961977986961], [-73.99631222807216, 40.63983886656335], [-73.99687157381443, 40.64017635128029], [-73.99704986506684, 40.640004592229765], [-73.99737862217182, 40.64012598176457], [-73.99755713518708, 40.640136700007716], [-73.99759902453948, 40.640262535833244], [-73.99777037859768, 40.640546246385654], [-73.99766144616298, 40.640650299599635], [-73.99924553394735, 40.64160840808401], [-73.99958547195509, 40.64146400609829], [-73.99975690847107, 40.64146714909341], [-73.99742590379115, 40.64370709113617], [-73.99392923859284, 40.64706931034598], [-73.99180823554936, 40.645783968573646], [-73.99230843465034, 40.64517718949681], [-73.99289980574545, 40.64461817696325]]]]}",97.0,2001-08-06T00:00:00.000
"{'type': 'MultiPolygon', 'coordinates': [[[[-73.99453635940576, 40.63830863448131], [-73.99438950244955, 40.63832405329085], [-73.99428965360873, 40.63833368158908], [-73.99411416781788, 40.638227764494694], [-73.9939318812109, 40.63840266159682], [-73.99325695371894, 40.63799488157264], [-73.99348369216173, 40.637777338467636], [-73.99315282760026, 40.63747619198316], [-73.99453635940576, 40.63830863448131]]], [[[-73.99453635940576, 40.63830863448131], [-73.99535431713483, 40.63880501500737], [-73.99518021424271, 40.63880034143058], [-73.99505331427598, 40.63879839549533], [-73.99489905013432, 40.63870529052607], [-73.99464465654715, 40.63847710871054], [-73.99453635940576, 40.63830863448131]]], [[[-73.99535431713483, 40.63880501500737], [-73.99768580664836, 40.63656626986442], [-74.00059884641945, 40.63376547045021], [-74.0026725415372, 40.63501877472655], [-74.00196019020522, 40.63549941509354], [-74.00442048375267, 40.6369849859691], [-74.00325273146835, 40.638104261440624], [-74.0054578232619, 40.639435135307195], [-74.00487632086886, 40.63999546397075], [-74.00429409890057, 40.64055624037948], [-74.00371245909884, 40.64111585164427], [-74.00312513430082, 40.641674541681645], [-74.00254486977268, 40.6422357590906], [-74.0019597841412, 40.64279874058536], [-73.99975690847107, 40.64146714909341], [-73.99958547195487, 40.64146400609829], [-73.99924553394719, 40.64160840808408], [-73.99766144616275, 40.640650299599635], [-73.99777037859752, 40.64054624638571], [-73.99759902453931, 40.64026253583333], [-73.99755713518688, 40.640136700007766], [-73.99737862217167, 40.64012598176457], [-73.99704986506667, 40.640004592229765], [-73.99687157381426, 40.640176351280324], [-73.99631222807216, 40.63983886656345], [-73.99653964894668, 40.63961977986961], [-73.99622742153062, 40.63933119697601], [-73.99601531126052, 40.6392978071692], [-73.99588679816493, 40.639298324704946], [-73.9956751721389, 40.639171696108434], [-73.99549487389643, 40.63934567843735], [-73.99542944942945, 40.63930648305393], [-73.99560969440647, 40.63913255242687], [-73.99544115988049, 40.63903170760028], [-73.99541821464548, 40.63894052794514], [-73.99535431713483, 40.63880501500737]]]]}",227.0,2011-08-12T00:00:00.000
"{'type': 'MultiPolygon', 'coordinates': [[[[-73.96139319626295, 40.625179064844204], [-73.96084114711236, 40.62523937524319], [-73.96046571855976, 40.62528277576335], [-73.96001047699345, 40.62289538989203], [-73.96039725585807, 40.62246484388847], [-73.96093990868, 40.622791344612935], [-73.96132288575987, 40.62233791910824], [-73.96186559150684, 40.62268774446109], [-73.9622436999422, 40.622243982158935], [-73.9627956671167, 40.62258512887225], [-73.96319200209987, 40.62213957538804], [-73.96372149608341, 40.62248441342117], [-73.96412654203408, 40.62206657025226], [-73.96471731425417, 40.622373042555864], [-73.96426798338297, 40.619983803205855], [-73.9638893559012, 40.61800054991393], [-73.96381145274925, 40.617589401308614], [-73.96481209029561, 40.6174824062115], [-73.96573927576749, 40.61738032418214], [-73.96666442638087, 40.61727780150467], [-73.96773971022321, 40.61716059054377], [-73.96826363062982, 40.617103120710134], [-73.96882927046966, 40.617034520890435], [-73.96911050560784, 40.617002988320685], [-73.96926611177818, 40.61698562419951], [-73.96939034493796, 40.616971761010106], [-73.97048282357711, 40.61685915778489], [-73.97141194205274, 40.61675731842452], [-73.97186472229687, 40.61914982536284], [-73.9719746746504, 40.61971475761511], [-73.97108784309475, 40.620019148151805], [-73.96977630446388, 40.62051858170552], [-73.9701341400567, 40.62237636745744], [-73.97155497580422, 40.62248031484397], [-73.9725153574974, 40.62255503934797], [-73.97273206702943, 40.623666945156685], [-73.97244444444101, 40.623963958193585], [-73.97193582522607, 40.62455851164161], [-73.9710690624018, 40.62591286790725], [-73.9708615087378, 40.62623718272332], [-73.97092126266855, 40.62656998499171], [-73.97120750556677, 40.62808971149599], [-73.97095951019374, 40.628116682374376], [-73.9698404158494, 40.62823838780717], [-73.9687609046216, 40.62835188014915], [-73.9678341523112, 40.62844903389621], [-73.96590686893373, 40.628654481318925], [-73.96490799362552, 40.628758983434395], [-73.9639787119652, 40.62885786117313], [-73.96304952218419, 40.62895629034267], [-73.96211947467107, 40.629040906526804], [-73.96184657341526, 40.62757081699744], [-73.96139319626295, 40.625179064844204]]]]}",143.0,2001-08-06T00:00:00.000
"{'type': 'MultiPolygon', 'coordinates': [[[[-73.9978873458811, 40.580643777614696], [-73.99165902172889, 40.57926169153142], [-73.99085884506967, 40.57935640180149], [-73.99069770943079, 40.579373051066355], [-73.99050367240508, 40.578357647240786], [-73.99007402742761, 40.576041498684205], [-73.99016120505644, 40.57591735405004], [-73.99011283962753, 40.575674567897266], [-73.99095391945652, 40.57558236857025], [-73.99100352718553, 40.57582443670191], [-73.99113480030721, 40.57592567897036], [-73.9932619803865, 40.57569515424595], [-73.99370969822654, 40.57800223243921], [-73.99475685515901, 40.57787974162011], [-73.99580937045464, 40.57775938486753], [-73.99566636454995, 40.57760967484069], [-73.99519064255188, 40.57738714143872], [-73.9949853447445, 40.57629586196708], [-73.99541901399034, 40.57624914211292], [-73.9953326451101, 40.57579004992527], [-73.99490137479653, 40.57583651209909], [-73.99491184294415, 40.57589215412438], [-73.9943863661642, 40.57594934420978], [-73.9943155385416, 40.57557399161961], [-73.99440094974219, 40.57543705398853], [-73.99491028011045, 40.575122171149914], [-73.99454531939266, 40.573923821438335], [-73.99443841667626, 40.573367414862304], [-73.99464801935864, 40.57334052244325], [-73.99457419936665, 40.57291593017504], [-73.99490444395774, 40.57287304013175], [-73.99568523468639, 40.57280999540926], [-73.99579140425777, 40.57280142238323], [-73.99596084579471, 40.572787739577485], [-73.99636029772279, 40.57277403165089], [-73.99644946243049, 40.57277097178868], [-73.99678403554734, 40.57275948859729], [-73.99686813055688, 40.57275660228859], [-73.99704433395455, 40.57275055384018], [-73.99714601204404, 40.57275076638879], [-73.99740979367554, 40.57275131665958], [-73.99750151748549, 40.57275150808265], [-73.99808758440105, 40.572752728146035], [-73.99795884150407, 40.57218407161536], [-73.99793723610796, 40.57209636758784], [-73.99792060326695, 40.57202884784061], [-73.99780217361597, 40.571548091183914], [-73.99766789388447, 40.57011424190609], [-74.00056716090751, 40.57024541840903], [-74.00148853775937, 40.570170464890566], [-74.00205364103206, 40.569908148614864], [-74.0023485310163, 40.571341465876806], [-74.00220561576361, 40.5717559863823], [-74.00236551191975, 40.572317487322366], [-74.00254829136375, 40.573327043322536], [-74.00142189832437, 40.57310184171452], [-74.00030997988716, 40.57293292056508], [-74.00045899218804, 40.573721388417574], [-74.00048497246331, 40.57385885414047], [-74.00067580362015, 40.57486856034138], [-73.99961512311535, 40.57498420713267], [-73.99983381682436, 40.57616524837751], [-73.99986449656993, 40.57633092750331], [-74.00003382502375, 40.57724533412447], [-73.99949581679142, 40.57731626148434], [-73.99940884701591, 40.577327726661856], [-73.9992510072764, 40.57734853409474], [-73.99912527150154, 40.57736510934747], [-73.99898230567527, 40.57738938650367], [-73.99862979699219, 40.57743953515132], [-73.99787742178071, 40.57754328898856], [-73.9979684946348, 40.57823673906664], [-73.9982161635206, 40.57953607329324], [-73.99829903503047, 40.57973376676707], [-73.99844883996118, 40.57990926278407], [-73.99974518862776, 40.5807389348187], [-73.99988568074956, 40.580825421297156], [-74.00020348127875, 40.58096154443174], [-74.000705677412, 40.58106184273695], [-73.99970217155315, 40.58129925918355], [-73.99913295099324, 40.58133406965023], [-73.99841686150911, 40.58137785809234], [-73.9980317488365, 40.58115763082735], [-73.99800562188625, 40.581064658489424], [-73.9978873458811, 40.580643777614696]]]]}",120.0,2011-08-12T00:00:00.000
"{'type': 'MultiPolygon', 'coordinates': [[[[-73.97583132292654, 40.66581507973322], [-73.97633386166683, 40.66521360351954], [-73.97684516822737, 40.664606381464964], [-73.97734253045775, 40.664011896710456], [-73.9778427509711, 40.663401768920274], [-73.97834945225777, 40.66279901480514], [-73.97885475924853, 40.66220183225833], [-73.97935059946676, 40.66159482108979], [-73.97965353482294, 40.66124323315263], [-73.98016978673428, 40.661156178195846], [-73.98074079256581, 40.66183757581303], [-73.98223034212606, 40.66214149219415], [-73.98303080847076, 40.662910115739], [-73.98459157358445, 40.66328374116729], [-73.98408880433689, 40.66388588402003], [-73.98258125728363, 40.66569309112982], [-73.98207770617186, 40.66629566599497], [-73.98158180067632, 40.6668883251533], [-73.97922490304964, 40.66574941947897], [-73.97871462478692, 40.66636126289462], [-73.97821264226972, 40.66696330781759], [-73.97583132292654, 40.66581507973322]]]]}",108.0,2001-08-06T00:00:00.000
"{'type': 'MultiPolygon', 'coordinates': [[[[-73.92015458107205, 40.68371897783534], [-73.91985540557408, 40.68343247023268], [-73.91757669726023, 40.68365873369905], [-73.91726632729909, 40.68330322705202], [-73.91748255547341, 40.682897371508524], [-73.91712138621665, 40.68256847398434], [-73.91732048087617, 40.682184867028056], [-73.91697633080771, 40.68183416658273], [-73.91718789258002, 40.68145844387048], [-73.91683011486158, 40.681100980658165], [-73.91713420838174, 40.68085300368185], [-73.91707954969472, 40.68052597932428], [-73.9166863836696, 40.68037137882597], [-73.91653998724873, 40.67963749735702], [-73.91639300070041, 40.67890584835378], [-73.91630119875464, 40.678577111836745], [-73.91635492184213, 40.67782353668155], [-73.91646486030726, 40.676647039492714], [-73.91654436294573, 40.67583843466317], [-73.91661697846864, 40.67505994698068], [-73.91704308864377, 40.67477423674671], [-73.91899368200536, 40.67489288004222], [-73.91938428475785, 40.675213565928615], [-73.92197495330045, 40.675348547171225], [-73.92190090534747, 40.67613162096746], [-73.92483135491443, 40.67629320703904], [-73.92445778136948, 40.67650427901374], [-73.92443605801405, 40.676798702550606], [-73.92479192216251, 40.677015169169174], [-73.92478283596402, 40.677101144410535], [-73.92660419491884, 40.677201377694765], [-73.92753991303738, 40.677250048818095], [-73.92742752915188, 40.6784278964745], [-73.9273554176483, 40.679182518495764], [-73.9265641818445, 40.679144374935284], [-73.92250492593053, 40.67891766431162], [-73.92193014863825, 40.67888608056255], [-73.9219728718688, 40.67907846966664], [-73.92213242879737, 40.679744977163], [-73.92227774202077, 40.68047629315139], [-73.92242652105027, 40.68121074520808], [-73.92254479556804, 40.681935613134236], [-73.92267012229001, 40.68268151222292], [-73.92281374269027, 40.68341442907251], [-73.92242527742526, 40.683151360076025], [-73.92047934664173, 40.683321468965964], [-73.92015458107205, 40.68371897783534]]]]}",69.0,2001-08-01T00:00:00.000
"{'type': 'MultiPolygon', 'coordinates': [[[[-74.02263792295501, 40.62948628078364], [-74.021374563723, 40.6325786003613], [-74.01889421950177, 40.631443434490066], [-74.01795101850131, 40.63372994096237], [-74.01786986650316, 40.63393364211445], [-74.01779620543738, 40.63417086853015], [-74.01775994917, 40.634242697545844], [-74.01750512321193, 40.63474754259874], [-74.01721251244183, 40.63501790206112], [-74.01690300470123, 40.6352999653183], [-74.01690189456313, 40.63529927568392], [-74.01690179761817, 40.63529921536336], [-74.01597591580972, 40.63474447807866], [-74.01475333493109, 40.63396111643611], [-74.01410877862025, 40.63456399729066], [-74.01312677069872, 40.635512305914766], [-74.01236009546926, 40.63528719809739], [-74.01162091103562, 40.63500952849142], [-74.01126451550054, 40.634851936850744], [-74.01058340328991, 40.63450185257702], [-74.0108401927828, 40.6340287693537], [-74.0113264887498, 40.633794496368715], [-74.01142649406108, 40.63340922921333], [-74.0119082378514, 40.63323440478738], [-74.00750218264196, 40.63057654246288], [-74.00933745529431, 40.628812245661685], [-74.01282890951529, 40.625455791614456], [-74.01500072028117, 40.62676890713907], [-74.01648765930577, 40.62577531293481], [-74.01797626941955, 40.62478802998654], [-74.0187518073798, 40.62431751048386], [-74.0191999483037, 40.624267997894684], [-74.01946741848336, 40.624267980087964], [-74.02007423350425, 40.624246434526135], [-74.02062537104891, 40.623655604747405], [-74.0217943916905, 40.62435499397057], [-74.02415343477739, 40.6257804148603], [-74.02263792295501, 40.62948628078364]]]]}",224.0,2001-08-07T00:00:00.000
"{'type': 'MultiPolygon', 'coordinates': [[[[-73.94888841538244, 40.6444264926371], [-73.94896388174067, 40.64513167705635], [-73.94915204655234, 40.64688583448503], [-73.94928589533839, 40.64814094557708], [-73.9493700373395, 40.64892304621403], [-73.94946507277884, 40.649779975400875], [-73.94957113079906, 40.65080789991495], [-73.95137845893939, 40.65071574475405], [-73.9524690141611, 40.65066945476791], [-73.95295084004916, 40.650655559794856], [-73.95480071960779, 40.650569302752245], [-73.95582518450469, 40.65052980785106], [-73.95590670785073, 40.65136883309442], [-73.95256271821468, 40.65154600310988], [-73.95266314036783, 40.652489363431435], [-73.94976875006296, 40.65264232254807], [-73.94929643190399, 40.65216421610679], [-73.94736915759482, 40.65226819217135], [-73.94687330655226, 40.65279541805863], [-73.94590468785154, 40.65285464992577], [-73.94496949283841, 40.65291482918595], [-73.94400176018081, 40.65297319146171], [-73.94379996219192, 40.65110636964962], [-73.94282541986136, 40.65110999134727], [-73.94189204442576, 40.6511693538571], [-73.94169995079243, 40.6493939951962], [-73.942631132187, 40.64933975773457], [-73.94305166885817, 40.64931362491159], [-73.94292151446683, 40.64857468156431], [-73.94271433203971, 40.647150535712555], [-73.94279960980622, 40.646542620557895], [-73.9426916434181, 40.64552628344662], [-73.94260824683455, 40.6446618650324], [-73.94213671639719, 40.64468325557204], [-73.94120010418663, 40.64472000623441], [-73.94026718322785, 40.64476742593032], [-73.93932905759566, 40.644814768477346], [-73.93922712394867, 40.643835131248636], [-73.94015829809203, 40.64378010381261], [-73.94109159554455, 40.64372026874601], [-73.94202961706054, 40.643663895700016], [-73.94299634553612, 40.64360356552115], [-73.94396498587618, 40.64354277190581], [-73.9449007578473, 40.643484708261106], [-73.94586879281265, 40.64342374381854], [-73.94685570684119, 40.643362140418816], [-73.9477899471317, 40.64330573648334], [-73.94876122880072, 40.64324500858069], [-73.94888841538244, 40.6444264926371]]]]}",151.0,2001-08-06T00:00:00.000
"{'type': 'MultiPolygon', 'coordinates': [[[[-73.91024374302906, 40.6896008022996], [-73.90573806849599, 40.68703977643928], [-73.90511506224821, 40.68668609757583], [-73.9045089530495, 40.68630808806774], [-73.90388598771483, 40.685428478428506], [-73.90530665891457, 40.683790592273446], [-73.90482767492169, 40.683526407603686], [-73.90390258825809, 40.68294632163155], [-73.90398569107755, 40.68233656261447], [-73.90487526289408, 40.681947122294815], [-73.90482270043398, 40.68159385685406], [-73.90546888938111, 40.68134260580714], [-73.9057115695783, 40.68071042186573], [-73.90628286887545, 40.68050675813814], [-73.90701819700075, 40.68094828634015], [-73.9085164170791, 40.6818039498002], [-73.90886025456456, 40.681994043708634], [-73.90905526889497, 40.68210558258301], [-73.909274623255, 40.68223432952402], [-73.9082631387353, 40.68235651327492], [-73.90768752032359, 40.683016515770966], [-73.90787839713788, 40.68365741666155], [-73.90938109963828, 40.68451293946469], [-73.9107695418883, 40.683092703661856], [-73.91227300723837, 40.68393497011074], [-73.91330728006538, 40.68452086548507], [-73.91470083274493, 40.68531695289537], [-73.91528963527188, 40.685645536397956], [-73.91550033964995, 40.68576152401033], [-73.91604599339173, 40.68607206951287], [-73.91661032034342, 40.68639135212573], [-73.91755226147875, 40.68693022304269], [-73.9161471346598, 40.68836025932086], [-73.9146993599511, 40.68983547029996], [-73.91394628077829, 40.68940869633316], [-73.91319385223352, 40.68898008137247], [-73.9124432642969, 40.68855374047375], [-73.91193162298775, 40.68864446450615], [-73.9109278181022, 40.68960838532924], [-73.91099605500584, 40.69002784336969], [-73.91024374302906, 40.6896008022996]]]]}",92.0,2001-08-03T00:00:00.000
"{'type': 'MultiPolygon', 'coordinates': [[[[-73.96242894170834, 40.66312520800983], [-73.96289473428916, 40.66379795463894], [-73.96898047725863, 40.67239044192626], [-73.9692028078762, 40.672795157304805], [-73.96894206416428, 40.67288749119018], [-73.9687744412925, 40.67294236719424], [-73.96839899718081, 40.67293090162117], [-73.96807417335214, 40.67292178681062], [-73.96749513659134, 40.67285340787619], [-73.96608425076202, 40.67255636423965], [-73.96472126070971, 40.6721498653114], [-73.96395908301248, 40.671926584175665], [-73.96317226393525, 40.67176007951715], [-73.96257531439201, 40.67164419840613], [-73.96133769438956, 40.67135207542961], [-73.95904725353415, 40.67088226731786], [-73.95797317231593, 40.67065727352723], [-73.95526963700333, 40.670124904896475], [-73.95534460473749, 40.66991692412447], [-73.9562187127688, 40.6674828335431], [-73.95654060016338, 40.66660244884904], [-73.95685966372285, 40.66572009917855], [-73.95730218610062, 40.664478731823515], [-73.95729172675996, 40.66430263227399], [-73.95787061929025, 40.66427335748322], [-73.9593442249664, 40.66417564660536], [-73.96033682939093, 40.66410869774396], [-73.96110886861459, 40.66406232371376], [-73.96173259995145, 40.66362343196962], [-73.96242894170834, 40.66312520800983]]]]}",156.0,2001-08-06T00:00:00.000
"{'type': 'MultiPolygon', 'coordinates': [[[[-73.89719005734884, 40.650560226296236], [-73.89593112946426, 40.649293426974516], [-73.89508107243157, 40.64984211081507], [-73.89502884730399, 40.649875501201485], [-73.89478434112895, 40.65003182295671], [-73.89450090212111, 40.649701247833], [-73.89402250906005, 40.64914328725846], [-73.89198663311694, 40.65067977664163], [-73.89125147203644, 40.650025599085566], [-73.88964264045147, 40.64810147982192], [-73.89077252960332, 40.64807809535214], [-73.89178013741034, 40.64821702376034], [-73.89100585498086, 40.64752144567258], [-73.8907103399691, 40.64725587261688], [-73.89068351484421, 40.64703949499925], [-73.8905917637804, 40.64682033250493], [-73.89228127902193, 40.64573985033152], [-73.89283769918195, 40.64587456115983], [-73.89316849054174, 40.64616511496267], [-73.89467912538805, 40.64752933485354], [-73.90146528327016, 40.64314528549817], [-73.90305978316616, 40.64211518655476], [-73.9012165581462, 40.6404617871305], [-73.90778464846511, 40.636219465809106], [-73.90962374750202, 40.63787133454397], [-73.91250885327881, 40.63600613221031], [-73.91416682131832, 40.63749263661457], [-73.91816338844508, 40.641079866705475], [-73.91740213054501, 40.64151731656856], [-73.91662098736752, 40.641947651139795], [-73.91592464951682, 40.64238369750829], [-73.91518744984639, 40.642862790586044], [-73.91472318401017, 40.643160761879756], [-73.91375496115226, 40.64377769659595], [-73.91299922026938, 40.64417254506561], [-73.91294136352823, 40.64419848122968], [-73.91206628052775, 40.644520065940014], [-73.91121455420954, 40.64482957700321], [-73.91111636413578, 40.644851059801184], [-73.90989018950353, 40.645614951659134], [-73.908898952972, 40.646255889237665], [-73.90533759647954, 40.64856261719563], [-73.9059682161593, 40.65094402322606], [-73.90623376743562, 40.65204889619089], [-73.90687003495569, 40.65458110146063], [-73.90692334552148, 40.654738427253704], [-73.90571254403467, 40.654915944547845], [-73.90507059988978, 40.655010068072116], [-73.9041422165129, 40.65514642880272], [-73.90317858623247, 40.65531164018406], [-73.90298365939891, 40.65538078502758], [-73.9027964108907, 40.655463213063264], [-73.90261910922533, 40.65555811340479], [-73.90245382770874, 40.65566437011985], [-73.90230238053378, 40.6557806153648], [-73.9019448830462, 40.65601555992953], [-73.90118710877314, 40.65651355946142], [-73.90116516210452, 40.65653462532029], [-73.90064904396813, 40.65704156115342], [-73.90057490981339, 40.65709994997504], [-73.90048766694721, 40.6571486812928], [-73.90039486713174, 40.65718420533104], [-73.90029427134277, 40.65720888710554], [-73.90002679259406, 40.65725385015764], [-73.89988986620583, 40.657274528350584], [-73.89904180634112, 40.65737166505937], [-73.8987912226176, 40.65651954251466], [-73.89859703990736, 40.65582817329967], [-73.89940865830556, 40.655684627334445], [-73.89963131755232, 40.65540418864164], [-73.90019732792769, 40.65469126959966], [-73.90093711440907, 40.65421299684074], [-73.90165069632273, 40.653751666853495], [-73.90111746203186, 40.65386296035784], [-73.89939962898067, 40.652398841795936], [-73.89907928746007, 40.6521072883989], [-73.89900463445342, 40.65136845847945], [-73.89808106388428, 40.65157015133952], [-73.89797649524607, 40.65049403080587], [-73.89719005734884, 40.650560226296236]]]]}",750.0,2002-11-22T00:00:00.000
"{'type': 'MultiPolygon', 'coordinates': [[[[-73.88430189402537, 40.663095456484754], [-73.88379782569223, 40.66293974208423], [-73.88325202041284, 40.6622224175127], [-73.88341324876193, 40.66188216627733], [-73.8833019420323, 40.66173019919249], [-73.88578677040174, 40.66065578276838], [-73.89062134117232, 40.658576486512445], [-73.89145362326957, 40.65821835593189], [-73.89226865911928, 40.65786556098655], [-73.89308660086104, 40.65751668937252], [-73.89322628588053, 40.657479465652266], [-73.89337406906166, 40.65745793625109], [-73.8935252540555, 40.65745337558472], [-73.89367480396226, 40.65746591402705], [-73.89418891575308, 40.657555017140865], [-73.89491382124484, 40.65852644836307], [-73.89409845031793, 40.65887791978628], [-73.89550137961199, 40.660771603634956], [-73.89534796544035, 40.66072337668947], [-73.89524037476149, 40.660724139996574], [-73.89512697751827, 40.66057612101093], [-73.89472758759776, 40.660743641494335], [-73.89472314292918, 40.66100885119012], [-73.8946902247333, 40.66112612670169], [-73.89431852405903, 40.660964482015885], [-73.8938724080192, 40.661118407301885], [-73.89390448964568, 40.66135944683099], [-73.89388201436049, 40.661490345442694], [-73.89372820351699, 40.6614529065342], [-73.89354440652482, 40.66133931982554], [-73.8931049678051, 40.6615395501943], [-73.89310328331499, 40.66183482868683], [-73.89258780297985, 40.66176028404363], [-73.89227007682499, 40.66188860055768], [-73.89226078554915, 40.662206253396526], [-73.89189487635933, 40.662047729213754], [-73.89142164139783, 40.662253065130905], [-73.89144885849548, 40.66256343642823], [-73.89114773946233, 40.662432865530874], [-73.89064071983805, 40.66263816625634], [-73.89062095298581, 40.66292384039119], [-73.8902858214031, 40.662771586592], [-73.88983963299555, 40.662956364074546], [-73.88978541635825, 40.66329546079967], [-73.8894914349181, 40.663120655391005], [-73.88899793408189, 40.66331567254959], [-73.88897714287847, 40.66359442953378], [-73.88860926589697, 40.66343876671256], [-73.88826448396279, 40.663577334355445], [-73.88810817430587, 40.66404741210387], [-73.88776748620442, 40.6638392224187], [-73.8874024409496, 40.663972623951516], [-73.88739166476698, 40.6643533095795], [-73.88706081461565, 40.664239805582504], [-73.88660109524008, 40.664424557204676], [-73.88657767925451, 40.66470803612782], [-73.88608492418199, 40.66453208221643], [-73.88506226184082, 40.66500693584756], [-73.88470844892265, 40.664498557960805], [-73.88430969990863, 40.664560803503576], [-73.88451910490122, 40.664112527200686], [-73.88404566500944, 40.66344345769045], [-73.88430189402537, 40.663095456484754]]]]}",188.0,2001-08-07T00:00:00.000
"{'type': 'MultiPolygon', 'coordinates': [[[[-73.92312239006034, 40.69888015994421], [-73.92274369546709, 40.69869777140118], [-73.92232801988192, 40.69877209776964], [-73.92235992742128, 40.69859126888409], [-73.9217564733195, 40.69845331619241], [-73.92157402189733, 40.69834550872704], [-73.92160279762975, 40.698013995316074], [-73.92119424267929, 40.69779363730177], [-73.92082397462241, 40.697917657035326], [-73.92520550610551, 40.6934546562269], [-73.92495141501688, 40.693315226689975], [-73.92631612526135, 40.69192845335154], [-73.92644992136316, 40.692001768856045], [-73.92707069464181, 40.692346223036026], [-73.92750685278875, 40.692603811450425], [-73.92781120670422, 40.69277420868519], [-73.92804330696102, 40.69290417176803], [-73.92815038566762, 40.69296509397792], [-73.92850659682357, 40.6931657263488], [-73.9286426906189, 40.69324101255932], [-73.92970192413654, 40.693863397002076], [-73.93051146676572, 40.69431652250543], [-73.93114516477645, 40.694673974784756], [-73.93145784330079, 40.69485547043926], [-73.93234497142596, 40.69534662150411], [-73.932395431463, 40.69537526855489], [-73.93311862336807, 40.69579115867474], [-73.93382816517558, 40.69618428346577], [-73.93479699776542, 40.696736591505896], [-73.93522264490049, 40.696986544031], [-73.93400832825121, 40.6971183375956], [-73.93375485794937, 40.69714399887374], [-73.93133782376134, 40.69742072570849], [-73.92781894938065, 40.69781822924592], [-73.92630564168255, 40.69873794525128], [-73.92602330577613, 40.698579625155816], [-73.92313285679957, 40.70152944837119], [-73.92163116410501, 40.70067556082632], [-73.92308169451235, 40.69920067130902], [-73.92312239006034, 40.69888015994421]]]]}",79.0,2001-08-03T00:00:00.000
"{'type': 'MultiPolygon', 'coordinates': [[[[-73.92187302606405, 40.67253670965531], [-73.92010441906167, 40.672407212283005], [-73.92005133817227, 40.672160453588276], [-73.91970909535186, 40.67175785095154], [-73.9200243456553, 40.671640143950405], [-73.92004967114872, 40.67124240381361], [-73.91979413730068, 40.67086878324199], [-73.92025197989649, 40.67043557418832], [-73.91987744167696, 40.66997723729291], [-73.92038850516575, 40.66978561345573], [-73.91996590330461, 40.669476381211396], [-73.92070761265184, 40.669174151593346], [-73.92180873270215, 40.66871588715528], [-73.92207694710102, 40.668604259061034], [-73.9225217419218, 40.66838359084486], [-73.9226321077906, 40.668373210260846], [-73.92531218941154, 40.66848456533385], [-73.92560682539337, 40.66850525177181], [-73.92557349301693, 40.66871133147222], [-73.92549121164811, 40.669434311150525], [-73.92516155434733, 40.67295360054417], [-73.92221444364071, 40.672791640940666], [-73.92204767403248, 40.67276630288411], [-73.9218817333237, 40.67273058755051], [-73.92188134948236, 40.672722042298325], [-73.92187302606405, 40.67253670965531]]]]}",160.0,2001-08-06T00:00:00.000
"{'type': 'MultiPolygon', 'coordinates': [[[[-73.919496869424, 40.702287397540125], [-73.91929420365818, 40.702104338815836], [-73.91933938571093, 40.70195688936534], [-73.91932287034288, 40.701831448534115], [-73.91916491675305, 40.70185340042204], [-73.9189592886344, 40.70195093658772], [-73.91853125275678, 40.7016952654255], [-73.91858261172223, 40.7015284501285], [-73.91857148517983, 40.701403860302825], [-73.91859546870873, 40.700926553256444], [-73.91955672787395, 40.699958647852924], [-73.92012733475326, 40.69981991355054], [-73.9202203415074, 40.699313387355396], [-73.91998829269077, 40.69918408196968], [-73.9193764991991, 40.69939190786439], [-73.91939904374647, 40.69903413261363], [-73.91903305126996, 40.69889113998065], [-73.91836650823888, 40.69880745683878], [-73.91752228635622, 40.698893241043514], [-73.91622341576154, 40.6990279290602], [-73.9185644073171, 40.696630094103185], [-73.91910779010148, 40.69651583895401], [-73.91939394161075, 40.69667385640031], [-73.91932072862521, 40.697060396324794], [-73.91975888562426, 40.69699726134447], [-73.92011410371248, 40.69720041559586], [-73.92007372428176, 40.69749003441341], [-73.9203854382866, 40.697365937754626], [-73.92083932940089, 40.69762927619933], [-73.92082397462241, 40.697917657035326], [-73.92119424267929, 40.69779363730177], [-73.92160279762975, 40.698013995316074], [-73.92157402189733, 40.69834550872704], [-73.9217564733195, 40.69845331619241], [-73.92235992742128, 40.69859126888409], [-73.92232801988192, 40.69877209776964], [-73.92274369546709, 40.69869777140118], [-73.92312239006034, 40.69888015994421], [-73.92308169451235, 40.69920067130902], [-73.92163116410501, 40.70067556082632], [-73.9216340215672, 40.70114066350045], [-73.92062574451546, 40.702103766559276], [-73.92007482196284, 40.70225876186388], [-73.91991033739208, 40.70228639176856], [-73.9197187374927, 40.702366907768926], [-73.919496869424, 40.702287397540125]]]]}",84.0,2001-08-03T00:00:00.000
"{'type': 'MultiPolygon', 'coordinates': [[[[-73.87527450805116, 40.6749188264014], [-73.874351408859, 40.675052638349754], [-73.87466664786842, 40.67632134967031], [-73.87374051258308, 40.67645463080433], [-73.87403563695752, 40.677698863685265], [-73.87422202253147, 40.67851610556999], [-73.87406779665993, 40.67853598444842], [-73.87343571185278, 40.6786262139873], [-73.87335012627533, 40.678638430965876], [-73.87323392396517, 40.67847074052061], [-73.87250541296996, 40.67792404118355], [-73.86862414879582, 40.67689353929905], [-73.86638189050375, 40.676054301466884], [-73.8662734951359, 40.675764044576006], [-73.86575440491873, 40.67367809731945], [-73.86666851412997, 40.67354386687283], [-73.8662757342033, 40.672010606309804], [-73.86590884617289, 40.6704673248229], [-73.8705617182753, 40.66979734754041], [-73.8713025808156, 40.672858385014244], [-73.87204257007822, 40.67275457038748], [-73.87232269393485, 40.67284103470574], [-73.87271827747081, 40.672781912019566], [-73.87280325763534, 40.67264294852435], [-73.87295260733036, 40.67273718135989], [-73.87361988032099, 40.672639250416125], [-73.87371848203901, 40.67251052729127], [-73.87385518783313, 40.67260928521467], [-73.87456185126953, 40.67250237813887], [-73.87462484698597, 40.672389345461916], [-73.87495739509356, 40.673650699982886], [-73.87527450805116, 40.6749188264014]]]]}",200.0,2001-08-07T00:00:00.000
"{'type': 'MultiPolygon', 'coordinates': [[[[-73.93245286575966, 40.63023724865942], [-73.9325129163231, 40.63017351916156], [-73.93253372759344, 40.63015106067611], [-73.93255180122623, 40.63012987773958], [-73.93257125425038, 40.63010473983092], [-73.93259105441848, 40.630076327471485], [-73.93259686510658, 40.63006668570715], [-73.9326056357025, 40.63005213251657], [-73.93261872668829, 40.63002872397249], [-73.93262925564122, 40.63000776299868], [-73.93263953651825, 40.62998470516409], [-73.93265609336652, 40.62994049325022], [-73.93266217691551, 40.629918456499716], [-73.93268232011587, 40.62978133090544], [-73.93268462732934, 40.62974767665311], [-73.93264244729924, 40.62921094067369], [-73.93259289134693, 40.62858031505096], [-73.93255084833258, 40.628242406169846], [-73.93250594475165, 40.62788154172319], [-73.93244619556859, 40.62772002539796], [-73.93240373133924, 40.627554196706626], [-73.93237923511374, 40.627385703767516], [-73.93237305989109, 40.62721624033545], [-73.93238518000386, 40.62704753506753], [-73.93241518002333, 40.62688128975869], [-73.93263460507312, 40.626551963230334], [-73.93255153666342, 40.62643841303709], [-73.93248058096533, 40.62592939768148], [-73.93242539748576, 40.62553344233335], [-73.93238502380458, 40.625136415302826], [-73.93219512388225, 40.62326916456983], [-73.93310006936224, 40.622693929099654], [-73.93376053427404, 40.622275191152795], [-73.93400697656448, 40.622114265746674], [-73.93454349053562, 40.62175725544834], [-73.93538014802591, 40.62121557002188], [-73.93614996552779, 40.62071803034], [-73.93633573031424, 40.62061094428374], [-73.93700673359832, 40.62054088420033], [-73.93796189656236, 40.620437123473096], [-73.93888807650977, 40.620335761960234], [-73.93981549632282, 40.62023286204083], [-73.94080490294792, 40.62012493505936], [-73.94084495890779, 40.62022632744933], [-73.94084573317089, 40.62044603667367], [-73.94088382014901, 40.62063602114508], [-73.94096450310515, 40.621075616101436], [-73.94122907248821, 40.62251711546657], [-73.94168140285423, 40.62490719174812], [-73.94216207887062, 40.62729027326795], [-73.94227429485238, 40.627723578887974], [-73.94333198111696, 40.628730805123816], [-73.9441553528814, 40.62950828460138], [-73.94340897961291, 40.62956003278125], [-73.94247453716011, 40.62961722911881], [-73.94150889819178, 40.62967759912684], [-73.94053759860931, 40.62973492318403], [-73.93960544181219, 40.62979488938693], [-73.93867362783172, 40.629852803896476], [-73.93773796876381, 40.62991318512168], [-73.93676743957433, 40.62997355740218], [-73.93580024426215, 40.630031384147614], [-73.93486744129977, 40.630090672043295], [-73.93389495646498, 40.63015136152034], [-73.93293824432669, 40.63020510875335], [-73.93265623992984, 40.63022421509187], [-73.93245286575966, 40.63023724865942]]]]}",24.0,2011-08-12T00:00:00.000
"{'type': 'MultiPolygon', 'coordinates': [[[[-73.93779111018868, 40.69668935029012], [-73.94040726719724, 40.69638987090137], [-73.94070625147954, 40.696353053844405], [-73.94352527659902, 40.69603086238069], [-73.9443172513727, 40.695939738234365], [-73.94454492214756, 40.69684010922076], [-73.94545485013762, 40.69677898771587], [-73.94579862695585, 40.69768058221696], [-73.94599929130347, 40.69799332200418], [-73.9467960567244, 40.69790282264587], [-73.94695870116092, 40.69864081361978], [-73.9471052146371, 40.69937355602214], [-73.94724808774603, 40.70010490929424], [-73.94712762144685, 40.70012281028296], [-73.94631557529192, 40.70021495279132], [-73.94461766109382, 40.700405300463], [-73.94438788593465, 40.700424523259414], [-73.94193078886758, 40.70072523362371], [-73.93968995317428, 40.69945579088791], [-73.93890152816898, 40.699036969871116], [-73.93817718623004, 40.698640222465734], [-73.9380887111889, 40.6980877015003], [-73.93795448206045, 40.69742359138555], [-73.93779111018868, 40.69668935029012]]]]}",31.0,2001-07-31T00:00:00.000
"{'type': 'MultiPolygon', 'coordinates': [[[[-73.95214850049672, 40.61887535012536], [-73.95169932191372, 40.616486188672965], [-73.95077169022487, 40.6165875361341], [-73.94981159018374, 40.61669279714861], [-73.94884639316862, 40.61679906564573], [-73.9479171940036, 40.61689975889592], [-73.94699365122267, 40.61700163573919], [-73.94606699693091, 40.6171037381084], [-73.94506642802921, 40.617212686591614], [-73.94406809859954, 40.61732489595537], [-73.94346962059865, 40.61738500127707], [-73.94395779550399, 40.61681630917736], [-73.94467599554852, 40.616165112294986], [-73.94482770994424, 40.616046208295884], [-73.94573691984901, 40.615363406794835], [-73.94657366866261, 40.6147891311592], [-73.94742608816055, 40.61422460031795], [-73.94740124007826, 40.614056200505765], [-73.94693207896584, 40.61168418309167], [-73.94652385794298, 40.60953985250388], [-73.94605647026268, 40.607077344202814], [-73.94561989537841, 40.60475835974917], [-73.94654804294552, 40.604657819844896], [-73.9475115567123, 40.604551065876066], [-73.94809921913689, 40.604486485712954], [-73.9484724901384, 40.60444546427126], [-73.94939862107873, 40.60434347726864], [-73.95032802359438, 40.60424115102609], [-73.95125247206423, 40.604138401197275], [-73.95229472119871, 40.60402756996518], [-73.95272420118796, 40.606348950839866], [-73.9539224502168, 40.60621661036584], [-73.95486939418295, 40.60611367855637], [-73.95583074090784, 40.6060072047919], [-73.95679474181419, 40.605902705726955], [-73.9571871587347, 40.60586368872153], [-73.95772401287633, 40.605799833233945], [-73.9586498065656, 40.60569740267204], [-73.95957610256033, 40.60559992742112], [-73.9600529547461, 40.60588676736743], [-73.96034480274236, 40.60716072493478], [-73.9604032012177, 40.60750402137604], [-73.96009822152122, 40.60776827416761], [-73.96002764067698, 40.608034816309704], [-73.95915730319317, 40.60838352528844], [-73.95828056968048, 40.60874735418406], [-73.95779741141588, 40.60895744065275], [-73.95740601158933, 40.60913091056017], [-73.95766801465687, 40.61050371704107], [-73.95815079579309, 40.61305676331215], [-73.95814947220856, 40.61305693482985], [-73.95718596212046, 40.61316506278794], [-73.95622591099742, 40.613271203231996], [-73.95672888064797, 40.61593240231603], [-73.9557865256708, 40.61603654624658], [-73.9545866043062, 40.61616939862586], [-73.95463226994015, 40.61639806628243], [-73.95472880192912, 40.616881435913584], [-73.95503698385235, 40.61855781083316], [-73.95400311154786, 40.61867267082277], [-73.9530769653509, 40.61877421725306], [-73.95214850049672, 40.61887535012536]]]]}",8.0,2001-07-31T00:00:00.000
"{'type': 'MultiPolygon', 'coordinates': [[[[-73.94064423650285, 40.73317051089128], [-73.9427952695119, 40.732654633824545], [-73.94458652516784, 40.732085617893276], [-73.94789523657704, 40.73088381132145], [-73.94877061353586, 40.730722067540434], [-73.95148293100881, 40.730464184011936], [-73.95159065077306, 40.73045041554159], [-73.95250661277187, 40.73036000786451], [-73.9542737716848, 40.73019474657975], [-73.95924355715977, 40.729721751281275], [-73.96121771757043, 40.72952971145854], [-73.96124202128648, 40.72973966798045], [-73.96125216145124, 40.729798352136356], [-73.9613190492292, 40.7301854582403], [-73.96269203158813, 40.730067994171], [-73.96274726844459, 40.730287001327014], [-73.96137180979758, 40.730437465257765], [-73.96139435436685, 40.730601082609276], [-73.961422723549, 40.730806970872045], [-73.96336711941345, 40.7306072607288], [-73.96336809052596, 40.730612940544816], [-73.96340022932394, 40.73080099224524], [-73.96299050211374, 40.730889302026114], [-73.96258080223099, 40.73097760495413], [-73.96154870041384, 40.73109295146042], [-73.96159678494315, 40.73120210732875], [-73.96173729415412, 40.731521070958834], [-73.96175007058066, 40.731550072474185], [-73.96183369102344, 40.73154248552098], [-73.96332239098264, 40.73140739867774], [-73.96344414782833, 40.73147481883601], [-73.96339208339974, 40.73154735715736], [-73.96337766460823, 40.73156744651666], [-73.96192984558748, 40.731720836019804], [-73.9618717634446, 40.731726988887154], [-73.96201636750516, 40.73207488864211], [-73.96207507159235, 40.73221611940133], [-73.96208184542901, 40.732232417230314], [-73.96224644158012, 40.732237078311954], [-73.96245509887731, 40.732242986328416], [-73.96252739002966, 40.73230913329949], [-73.96253576104218, 40.73231679214469], [-73.96245820727206, 40.73240099412875], [-73.96226149126782, 40.73238517723708], [-73.9622478439522, 40.732384079546684], [-73.96217540809123, 40.73243348287495], [-73.9621498353622, 40.732450923621165], [-73.9620969078367, 40.732457404279806], [-73.96187132851432, 40.73248502764266], [-73.96191551305934, 40.7326703407497], [-73.96212775443912, 40.73264814297983], [-73.9622366287496, 40.732636755788036], [-73.96228757397708, 40.73291397953586], [-73.96258626924386, 40.73288711755425], [-73.96385260375314, 40.732773226818416], [-73.96405242330437, 40.732755253990334], [-73.96408554535368, 40.73293214034866], [-73.96275296745891, 40.73307116793352], [-73.9623579951565, 40.73311237282794], [-73.96232535928291, 40.73311577688238], [-73.96238002680886, 40.733596984893566], [-73.96233532573042, 40.73390744206601], [-73.96231332920577, 40.73406020966808], [-73.9621327234616, 40.73439269093594], [-73.96209887908903, 40.734454995858094], [-73.96202912338586, 40.734583408735425], [-73.96202514035058, 40.734590742059794], [-73.96192076881317, 40.73473411169276], [-73.96190626848546, 40.73475402973581], [-73.96144890599497, 40.73538227989962], [-73.96029662087551, 40.73658632753776], [-73.96006711758278, 40.73681760393551], [-73.95985507598144, 40.73703128373305], [-73.95980972259386, 40.737076987591216], [-73.95978695347873, 40.73709993178323], [-73.95960117527827, 40.737238043364854], [-73.95948700728546, 40.737322917530875], [-73.95927736177192, 40.73747877189506], [-73.95949172298023, 40.73809355380925], [-73.95945568015217, 40.73812107286126], [-73.95830514752853, 40.73862317219318], [-73.95705987819147, 40.73916659362477], [-73.95508650583646, 40.739399936733996], [-73.95267129837494, 40.73925795017228], [-73.95260236723499, 40.73924641335177], [-73.95254005896034, 40.739228260523895], [-73.95075119274206, 40.73869497614216], [-73.95044068042466, 40.73859661565431], [-73.94680755160873, 40.73744566805875], [-73.94216327266852, 40.73567823574939], [-73.94036816568301, 40.733269388398085], [-73.94064423650285, 40.73317051089128]]]]}",44.0,2001-08-01T00:00:00.000
"{'type': 'MultiPolygon', 'coordinates': [[[[-73.96506098507767, 40.59570717314288], [-73.96483469053503, 40.594434692471665], [-73.96498647648082, 40.59444792977552], [-73.96510681315105, 40.594458423513785], [-73.9662565553347, 40.59455867069986], [-73.96722141111701, 40.59465166790781], [-73.96818482887707, 40.59474474636978], [-73.96784981309544, 40.59297088429045], [-73.9687765945395, 40.59286875059698], [-73.96970236946844, 40.59276620348193], [-73.97062857876816, 40.59266343327794], [-73.97155530523503, 40.59256045756159], [-73.97267365685826, 40.59243914009945], [-73.97389008163015, 40.592304416675184], [-73.97421699324582, 40.590111554629736], [-73.97557035113779, 40.589947991252174], [-73.97599223405834, 40.5898674201027], [-73.97848414171608, 40.58963247217859], [-73.97876126302887, 40.589602673758165], [-73.97916485479747, 40.59156942162588], [-73.97952582619378, 40.59149624088588], [-73.97967545723814, 40.59213260582419], [-73.9806116279925, 40.59202166196933], [-73.98041512044631, 40.59230382643109], [-73.98053801767843, 40.59318051990587], [-73.98073209809527, 40.593305275603505], [-73.98059603259065, 40.593599375781814], [-73.98071099976345, 40.593997396221], [-73.98093723320936, 40.59413693399165], [-73.98197740056186, 40.59476340620817], [-73.98304659499094, 40.59541453911321], [-73.98372152695875, 40.59582107824434], [-73.98412703272518, 40.5960683556781], [-73.98526614254742, 40.5967438452501], [-73.98548008186245, 40.59787571194861], [-73.98549063204227, 40.59792967271563], [-73.9844938290688, 40.59803845173116], [-73.98356634961232, 40.598140631344116], [-73.98263903294037, 40.59824288419272], [-73.98171182004873, 40.598345012646206], [-73.98078354088018, 40.59844739474457], [-73.97984996430881, 40.59851651217038], [-73.97934305075205, 40.59856151123971], [-73.9789196161985, 40.59860628022713], [-73.97793319707539, 40.59876192161514], [-73.97693497584599, 40.59886941911864], [-73.97600968036546, 40.59897846330351], [-73.97509737220219, 40.599069888387895], [-73.97471007034417, 40.599117017899474], [-73.97375577744322, 40.5992207332296], [-73.97291116909635, 40.599315803685506], [-73.9719108055445, 40.59942305859262], [-73.97176105342632, 40.598651931892434], [-73.97163038231758, 40.597944016860396], [-73.97148350866874, 40.59717158414697], [-73.97055615135412, 40.59727446055471], [-73.96962970014906, 40.597378698000114], [-73.96870359056686, 40.597478515257365], [-73.96830247096428, 40.59536072739243], [-73.96737610337881, 40.595461074618115], [-73.96644899810018, 40.59556711428413], [-73.96595205270674, 40.59562126051464], [-73.96534921808134, 40.595679380671264], [-73.96523171317494, 40.59569071084243], [-73.96506098507767, 40.59570717314288]]]]}",135.0,2001-08-06T00:00:00.000
"{'type': 'MultiPolygon', 'coordinates': [[[[-74.00648905882366, 40.609581060869054], [-74.008252597086, 40.60788106027296], [-74.00907837892777, 40.60837782488051], [-74.01237090397552, 40.605214480315965], [-74.01149995055448, 40.60476005943571], [-74.01291266868188, 40.603270840977714], [-74.0132330564742, 40.60293309212528], [-74.013362757615, 40.60279636895363], [-74.01356337971556, 40.6025848758857], [-74.01427716191297, 40.6019098493087], [-74.01584808304166, 40.60226394393495], [-74.01733883750086, 40.602471422407895], [-74.01825203330226, 40.60236252225574], [-74.01836466426029, 40.602349090136364], [-74.01838722046763, 40.60235502547292], [-74.01903894062222, 40.602526506634355], [-74.01924632900933, 40.602581073445805], [-74.01967922645045, 40.60295973539558], [-74.01967093815357, 40.602967433576275], [-74.01549855005815, 40.6068415240175], [-74.0170191016275, 40.607654416969645], [-74.01522379499646, 40.609356384106114], [-74.01171201595896, 40.612735029226336], [-74.00951152154236, 40.611406153124754], [-74.00648905882366, 40.609581060869054]]]]}",210.0,2001-08-07T00:00:00.000
"{'type': 'MultiPolygon', 'coordinates': [[[[-73.89889928317909, 40.67956093430173], [-73.89969830325721, 40.67954409174064], [-73.900470010943, 40.67953524326123], [-73.90075236061365, 40.67967664297467], [-73.90262253085457, 40.68066445386729], [-73.90273332401547, 40.68163892829742], [-73.90267608968935, 40.68228174202413], [-73.90390258825809, 40.68294632163155], [-73.90482767492169, 40.683526407603686], [-73.90530665891457, 40.683790592273446], [-73.90388598771483, 40.685428478428506], [-73.9045089530495, 40.68630808806774], [-73.90511506224821, 40.68668609757583], [-73.90573806849599, 40.68703977643928], [-73.90189948495222, 40.6910776152655], [-73.90042465127408, 40.68818389802463], [-73.90116155109445, 40.68787793538154], [-73.89652644232, 40.68240329924215], [-73.896467853991, 40.68233408701205], [-73.8965001335094, 40.68220595485136], [-73.89654482171836, 40.682062137844376], [-73.89658519868264, 40.68130405752813], [-73.89661133312849, 40.68100357923381], [-73.89665608368736, 40.68070438737709], [-73.8967192834642, 40.68040746331827], [-73.89694898278614, 40.67977356282137], [-73.89800282572715, 40.679619640242976], [-73.89869586365968, 40.679547851098064], [-73.89889928317909, 40.67956093430173]]]]}",202.0,2001-08-07T00:00:00.000
"{'type': 'MultiPolygon', 'coordinates': [[[[-73.99465561035245, 40.68054075331366], [-73.99465483425345, 40.68054190320281], [-73.99465372782134, 40.68054023118903], [-73.99465561035245, 40.68054075331366]]], [[[-73.99465561035245, 40.68054075331366], [-73.99513898368279, 40.67982456571268], [-73.99537354320384, 40.679482428387075], [-73.99567137842574, 40.67904503346721], [-73.99579522167458, 40.67883647313043], [-73.9960829129842, 40.67825296473479], [-73.99612694917987, 40.67816127044272], [-73.99647228405496, 40.67743866000143], [-73.9962217775706, 40.67712846995041], [-73.99672638018896, 40.67609104743791], [-73.9971485846599, 40.676044897431396], [-73.99683687521981, 40.675872347006134], [-73.99703576246918, 40.67549663140655], [-73.99744702798647, 40.67540002787538], [-73.99726042655931, 40.675137739481684], [-73.99750350208126, 40.67473398565153], [-73.99776979492742, 40.67474148789199], [-73.99740408240964, 40.67439190844458], [-73.99754403931311, 40.67402179896208], [-73.99807658781255, 40.674114609039016], [-73.9975433941065, 40.67379127150553], [-73.9977082993624, 40.6735246323381], [-73.99838807088238, 40.673470538583786], [-73.99806331904196, 40.67328158191416], [-73.99795286259689, 40.67255256889135], [-73.9989824285713, 40.67241358363887], [-73.99903999050217, 40.67250767916199], [-74.00119429226115, 40.67598647771081], [-74.00306298192562, 40.67863819408142], [-74.00360175217182, 40.679280893555], [-74.00392847763584, 40.67966415972501], [-74.00428940700061, 40.680102508257875], [-74.00478691944313, 40.6807432415292], [-74.00456896570793, 40.681149975608534], [-74.00560068551447, 40.68281599816499], [-74.00596041052054, 40.68336287128225], [-74.00581925462116, 40.68365655401785], [-74.00540443678034, 40.68385981074946], [-74.00371910885507, 40.6832290569038], [-74.00365534063742, 40.68304803079398], [-74.00342061576762, 40.68324796254782], [-74.00224254192293, 40.682991368141245], [-74.00210472502415, 40.682613031436965], [-74.00037037522463, 40.68213302178465], [-73.9985171670272, 40.68161699558266], [-73.99652698331734, 40.6810597638549], [-73.99465561035245, 40.68054075331366]]]]}",112.0,2001-08-06T00:00:00.000
"{'type': 'MultiPolygon', 'coordinates': [[[[-74.02245052444441, 40.62120173222373], [-74.022151924912, 40.621019470803795], [-74.02326643475253, 40.619724680560395], [-74.02334639857462, 40.61976973528459], [-74.02365406380636, 40.61996084388684], [-74.02454267921344, 40.61899006772725], [-74.02552760852426, 40.61784137407354], [-74.028205248827, 40.61917266327769], [-74.03205002770987, 40.62104063221489], [-74.03191786794908, 40.621367071390495], [-74.03163907995993, 40.622048491381015], [-74.03135988370572, 40.62272872171304], [-74.03105991791122, 40.62346289811482], [-74.03070775585387, 40.624328257343784], [-74.03042727606952, 40.6250099359331], [-74.0278130971607, 40.62439121205396], [-74.02773394514344, 40.624301403244026], [-74.02534486414497, 40.62285939365598], [-74.0229778848472, 40.62143139576773], [-74.02262563896177, 40.62121078414286], [-74.02245052444441, 40.62120173222373]]]]}",774.0,2011-08-12T00:00:00.000
"{'type': 'MultiPolygon', 'coordinates': [[[[-73.9295905750892, 40.68563504851082], [-73.93252205995218, 40.685297824401296], [-73.93266904642317, 40.68603234289464], [-73.93281277372368, 40.68676322075926], [-73.9298876502949, 40.68709941146698], [-73.93003469550813, 40.687832429076934], [-73.93017997020492, 40.68856513958844], [-73.93032510591404, 40.689297264029264], [-73.92740330463337, 40.689630682832174], [-73.92791230686579, 40.6897855484418], [-73.92796952024077, 40.69012998206695], [-73.92754699828028, 40.6903691227593], [-73.92796088863824, 40.690505683501726], [-73.92804273290434, 40.69089396316506], [-73.927693566416, 40.69109936890738], [-73.92803811814012, 40.69135733205867], [-73.92808403245927, 40.69150138166427], [-73.92783949690606, 40.69183134360514], [-73.92819666726376, 40.691945410472854], [-73.9282703089191, 40.692314901878305], [-73.92798494555772, 40.69256367840958], [-73.92836047304124, 40.692621783616445], [-73.92815059900066, 40.69296474471199], [-73.92815038566762, 40.69296509397792], [-73.92804330696102, 40.69290417176803], [-73.92781120670422, 40.69277420868519], [-73.92750685278875, 40.692603811450425], [-73.92707069464181, 40.692346223036026], [-73.92644992136316, 40.692001768856045], [-73.92631612526135, 40.69192845335154], [-73.92556064127223, 40.691490839998245], [-73.92536488866214, 40.69136634327777], [-73.92439183311798, 40.69083174869224], [-73.92429213267243, 40.69077335677177], [-73.92364379845134, 40.69039883759923], [-73.92316966720942, 40.69012340597557], [-73.92280702368238, 40.68992392476896], [-73.92207133792705, 40.68948984075534], [-73.92130587805084, 40.68907164363969], [-73.92121369956708, 40.689019476575716], [-73.92096103865879, 40.68887205127948], [-73.92055013158547, 40.68864092152296], [-73.9198096195428, 40.68821124145582], [-73.91906109218355, 40.68778436873922], [-73.91878323290811, 40.68762608784068], [-73.91829345834668, 40.68735666785204], [-73.9180460696781, 40.687213247226644], [-73.91768113918978, 40.68700409423187], [-73.9179958022509, 40.68696538101124], [-73.920739746559, 40.68664934105478], [-73.9233959234998, 40.686344451707285], [-73.92667582438428, 40.68597069569013], [-73.9295905750892, 40.68563504851082]]]]}",76.0,2001-08-01T00:00:00.000
"{'type': 'MultiPolygon', 'coordinates': [[[[-73.9281925792572, 40.66017717344269], [-73.92725505400134, 40.65933756361939], [-73.9264119113636, 40.65858673482412], [-73.92623943149708, 40.658418704674816], [-73.92540699949897, 40.65767996906841], [-73.9252180814105, 40.65749637504782], [-73.92465429171172, 40.65700712555505], [-73.92407695045566, 40.65648408593787], [-73.9235985534145, 40.656053141693015], [-73.92330598828802, 40.655801855694385], [-73.92288829569587, 40.655421414208455], [-73.92213639667297, 40.65474735672837], [-73.92200618414523, 40.6546306152484], [-73.92200416441841, 40.65462880396924], [-73.92188158225551, 40.654518623707936], [-73.92177652983837, 40.65442420480024], [-73.92169400196087, 40.654349999988135], [-73.92195797317518, 40.65433075567226], [-73.92215814829426, 40.65431616775815], [-73.9223109356128, 40.65430871577149], [-73.92291541610051, 40.65427921587852], [-73.92384859018891, 40.654221006931294], [-73.92482136317275, 40.654161474104654], [-73.9257897346336, 40.654102632875954], [-73.9267214021134, 40.654044597824004], [-73.92769362598614, 40.653985166342686], [-73.92751430520278, 40.652318096618146], [-73.92847569022449, 40.652175894292455], [-73.92939161440422, 40.65193918306456], [-73.93038144419926, 40.65173405399552], [-73.93060405646986, 40.65380495567049], [-73.93076711691884, 40.65533560933727], [-73.9309035494672, 40.65661035545546], [-73.9310832310265, 40.65829591603769], [-73.93209047973099, 40.65823509075916], [-73.93399584820145, 40.65811864640543], [-73.9344894658921, 40.65808904012703], [-73.93496156057016, 40.6580607255295], [-73.93544420510348, 40.6580300829499], [-73.93589500377193, 40.658001463970905], [-73.93613573361615, 40.6602947540335], [-73.93520328531133, 40.66035765715522], [-73.9347262791869, 40.660385888714025], [-73.93423037565134, 40.6604152401236], [-73.93233560706797, 40.66053172411264], [-73.931325697743, 40.660593306415024], [-73.93031984115756, 40.66065651160817], [-73.92938735068797, 40.66071510475998], [-73.92882288530788, 40.660745239140226], [-73.9281925792572, 40.66017717344269]]]]}",174.0,2001-08-06T00:00:00.000
"{'type': 'MultiPolygon', 'coordinates': [[[[-74.00395134128048, 40.63053978023057], [-74.00413728021864, 40.63036396541618], [-74.00471774700371, 40.62980441452318], [-74.00529854779175, 40.62924543650715], [-74.00592637637999, 40.62864409277305], [-74.00372265988365, 40.6273123079028], [-74.00435001143947, 40.626710369363536], [-74.004932017642, 40.626150744767024], [-74.00645651136284, 40.62657410990558], [-74.00713522355458, 40.627481147314164], [-74.00861732782049, 40.62778478283129], [-74.00933745529431, 40.628812245661734], [-74.00875385415908, 40.62937122599966], [-74.00812858567878, 40.62997380967173], [-74.00750218264191, 40.63057654246292], [-74.00692091659116, 40.63113382974213], [-74.00698777069596, 40.631442641710485], [-74.00733359124119, 40.63165831527102], [-74.00773967040038, 40.63162874801653], [-74.00780573204132, 40.632017776906565], [-74.008686156328, 40.63252235666958], [-74.00911958322787, 40.632462561048804], [-74.00853704158078, 40.633028161132984], [-74.00834794164192, 40.63320211577874], [-74.00680677847849, 40.63225039009698], [-74.00395134128048, 40.63053978023057]]]]}",815.0,2011-08-12T00:00:00.000
"{'type': 'MultiPolygon', 'coordinates': [[[[-73.94355460213767, 40.709478506937046], [-73.94524050911026, 40.70932360829747], [-73.94600544944957, 40.70926266287412], [-73.94603338456545, 40.709268034026636], [-73.94606454675345, 40.70926369022161], [-73.94609013120052, 40.70924946511768], [-73.94610422856577, 40.709230344834026], [-73.94617038036588, 40.70918575553819], [-73.94625429661548, 40.70915284495992], [-73.94634979605988, 40.70913704947778], [-73.94644738646831, 40.709140931001514], [-73.9465371751613, 40.70916312545004], [-73.94661190042011, 40.7091990185456], [-73.94685248737348, 40.709177157219685], [-73.9507602721444, 40.708802859752204], [-73.9508296388568, 40.70914359772792], [-73.95087492660748, 40.70951311492174], [-73.95111565744422, 40.710956619426476], [-73.9439109572054, 40.71164148687847], [-73.94355460213767, 40.709478506937046]]]]}",40.0,2001-08-01T00:00:00.000
"{'type': 'MultiPolygon', 'coordinates': [[[[-73.92404011367302, 40.71400831237856], [-73.92313936359504, 40.71339472781254], [-73.92223294666522, 40.712854424888135], [-73.92154931979707, 40.712460293701284], [-73.92122926542679, 40.71225462359673], [-73.92122073534784, 40.71079055798344], [-73.9207451968664, 40.71052968652573], [-73.92189184739401, 40.70939609613411], [-73.92248241812968, 40.70933248721376], [-73.92418647453626, 40.70906472942576], [-73.92551205678038, 40.708845585487765], [-73.925765024748, 40.708803763459635], [-73.92696192318239, 40.708612442823124], [-73.92696243093657, 40.708612362099274], [-73.92696429743852, 40.70861206341318], [-73.92707451686863, 40.70859444454647], [-73.92707457604796, 40.70859443467834], [-73.92740683891584, 40.708541320910314], [-73.92780240852504, 40.7084766896434], [-73.92902566139622, 40.708276814619], [-73.93199897256773, 40.70779769134785], [-73.93207285093803, 40.707785785180334], [-73.93229708634725, 40.70774944927162], [-73.93391870809691, 40.707487025332014], [-73.93589249196806, 40.70728049075836], [-73.9387039936642, 40.70701498620714], [-73.941398096615, 40.70675807758607], [-73.9430858741457, 40.706596661389945], [-73.94320222961171, 40.70733475115851], [-73.94355460213767, 40.709478506937046], [-73.9439109572054, 40.71164148687847], [-73.94222776604592, 40.71180063927648], [-73.94068803180951, 40.71196204730707], [-73.94171302260864, 40.71400706330737], [-73.94067678684034, 40.7139461818894], [-73.93734568130498, 40.713815932089304], [-73.9349596648901, 40.71372138787733], [-73.93480281864835, 40.713372495594584], [-73.93148254853105, 40.7142217555586], [-73.93095073954932, 40.714363826537316], [-73.93059322450094, 40.714451484883426], [-73.9296016248048, 40.71472298997688], [-73.92851149074984, 40.71499547909356], [-73.92692555770914, 40.7154007218235], [-73.92307579984475, 40.71638923447504], [-73.92271117709939, 40.71647759144141], [-73.92280956924355, 40.71608325196251], [-73.92432687163681, 40.715568194700545], [-73.92404011367302, 40.71400831237856]]]]}",41.0,2001-08-01T00:00:00.000
"{'type': 'MultiPolygon', 'coordinates': [[[[-74.00474646716837, 40.64356697922645], [-74.00254486977268, 40.6422357590906], [-74.00312513430082, 40.641674541681645], [-74.00371245909884, 40.64111585164427], [-74.00429409890057, 40.64055624037948], [-74.00487632086886, 40.63999546397075], [-74.00545782326186, 40.639435135307195], [-74.00604152665001, 40.63887733369661], [-74.00662259574051, 40.63831480167593], [-74.00806660564893, 40.6391867894548], [-74.00882482361946, 40.639644633059994], [-74.01102862045666, 40.640975900845646], [-74.01323203409133, 40.642305187408276], [-74.0128551213136, 40.64220180548356], [-74.0124160380618, 40.64259069830692], [-74.01264921249422, 40.642865789682865], [-74.01223890476096, 40.64276169453808], [-74.01179605515317, 40.64311913470832], [-74.01206573041728, 40.64342519757814], [-74.01160716035139, 40.643304760484604], [-74.01121857401625, 40.64366338423179], [-74.01148370519552, 40.643986613158695], [-74.01098280954696, 40.64385937920872], [-74.01069097177046, 40.64423715997704], [-74.0109022253042, 40.64454699915652], [-74.01038548362034, 40.64442568125387], [-74.0100454482734, 40.64475172187489], [-74.01031893883639, 40.64510666210881], [-74.00982242537216, 40.64497884049153], [-74.00948251535999, 40.64533853321768], [-74.0097353709534, 40.645666835091006], [-74.00933293329561, 40.64559628207292], [-74.00895661786804, 40.64589454054453], [-74.00728608334347, 40.64488952177103], [-74.00695078861808, 40.644897238451094], [-74.00474646716837, 40.64356697922645]]]]}",94.0,2001-08-06T00:00:00.000
"{'type': 'MultiPolygon', 'coordinates': [[[[-73.89402250906005, 40.64914328725846], [-73.89450090212111, 40.649701247833], [-73.89478434112895, 40.65003182295671], [-73.89502884730399, 40.649875501201485], [-73.89508107243157, 40.64984211081507], [-73.89593112946426, 40.649293426974516], [-73.89719005734884, 40.650560226296236], [-73.89797649524607, 40.65049403080587], [-73.89808106388428, 40.65157015133952], [-73.89900463445342, 40.65136845847945], [-73.89907928746007, 40.6521072883989], [-73.89939962898067, 40.652398841795936], [-73.89833298859728, 40.65308928768836], [-73.8980328915263, 40.65326438900812], [-73.89761013322475, 40.65345381550456], [-73.89520540348603, 40.654487929505656], [-73.8931726556434, 40.651737976010935], [-73.89274307207916, 40.65135285934753], [-73.89198663311694, 40.65067977664163], [-73.89402250906005, 40.64914328725846]]]]}",183.0,2001-08-07T00:00:00.000
"{'type': 'MultiPolygon', 'coordinates': [[[[-73.96128788529029, 40.64057096478609], [-73.96072741603619, 40.64083450182979], [-73.96050180035714, 40.64094058673243], [-73.95937694999611, 40.641471554949], [-73.9589659620177, 40.63930486039984], [-73.96187708288194, 40.637929879068665], [-73.96158252441546, 40.63636804734405], [-73.96248058878214, 40.635933104577674], [-73.96219985129933, 40.63448106106819], [-73.96263919786928, 40.63426942066059], [-73.96243810586752, 40.633165391442006], [-73.96161964743575, 40.629102984901834], [-73.96211947467107, 40.629040906526804], [-73.96304952218419, 40.62895629034267], [-73.9639787119652, 40.62885786117313], [-73.96490799362552, 40.628758983434395], [-73.96590686893373, 40.628654481318925], [-73.9678341523112, 40.62844903389621], [-73.9687609053763, 40.6283518863888], [-73.96928049340255, 40.6310886630771], [-73.96841046367338, 40.631509429236026], [-73.96792596622606, 40.6317439524033], [-73.96984687178966, 40.63406611896709], [-73.96986869337093, 40.634194674089024], [-73.97029036348322, 40.63640634753106], [-73.97042318938043, 40.63653053338776], [-73.97046510521655, 40.63672166204233], [-73.970886856692, 40.63667384835925], [-73.97105848783524, 40.6375437542029], [-73.97052471813322, 40.63760844980227], [-73.97075614593298, 40.63879497846217], [-73.9704126393345, 40.63917157341309], [-73.97025482730041, 40.63918914873849], [-73.96982170336942, 40.638895183717075], [-73.96949981824235, 40.63925600883513], [-73.96872218435121, 40.63901853715859], [-73.96879099169556, 40.63925593268852], [-73.96859751217254, 40.63921374534854], [-73.96833634273032, 40.63900456766794], [-73.96819777475329, 40.63901964222287], [-73.96798316074019, 40.63787801439113], [-73.9679492026792, 40.637881708746335], [-73.96790504371266, 40.63764680031892], [-73.96786973093529, 40.63765064139312], [-73.96784103606271, 40.63747282960659], [-73.96753201982082, 40.63761499221172], [-73.96666298400326, 40.6380314315558], [-73.96579196679248, 40.63844083075999], [-73.96492547831868, 40.638850566733176], [-73.96405637652406, 40.63926317709643], [-73.96359438404177, 40.63948080421007], [-73.96318588362303, 40.63967181833125], [-73.96228158200672, 40.64010132475929], [-73.96138536960356, 40.64052512640441], [-73.96128788529029, 40.64057096478609]]]]}",14.0,2001-07-31T00:00:00.000
"{'type': 'MultiPolygon', 'coordinates': [[[[-73.9663690056802, 40.60246763206645], [-73.96590288479209, 40.60008462287905], [-73.9654861829016, 40.5978330934118], [-73.96506098507767, 40.59570717314288], [-73.96523171317494, 40.59569071084243], [-73.96534921808134, 40.595679380671264], [-73.96595205270674, 40.59562126051464], [-73.96644899810018, 40.59556711428413], [-73.96737610337881, 40.595461074618115], [-73.96830247096428, 40.59536072739243], [-73.96870359056686, 40.597478515257365], [-73.96962970014906, 40.597378698000114], [-73.97055615135412, 40.59727446055471], [-73.97148350866874, 40.59717158414697], [-73.97163038231758, 40.597944016860396], [-73.97176105342632, 40.598651931892434], [-73.9719108055445, 40.59942305859262], [-73.97291116909635, 40.599315803685506], [-73.97375577744322, 40.5992207332296], [-73.97471007034417, 40.599117017899474], [-73.97509737220219, 40.599069888387895], [-73.97600968036546, 40.59897846330351], [-73.97693497584599, 40.59886941911864], [-73.97793319707539, 40.59876192161514], [-73.9789196161985, 40.59860628022713], [-73.97938057538505, 40.601001014679774], [-73.98017128094801, 40.60517880151145], [-73.98004384360277, 40.60506662708779], [-73.97928389776132, 40.60499307865995], [-73.97912671901214, 40.60506865398302], [-73.9789267975039, 40.604933278741534], [-73.97816843138158, 40.60482571739784], [-73.97808021238725, 40.60491846812867], [-73.97795348058644, 40.60479756965378], [-73.97719504876294, 40.604684806522506], [-73.97710605293206, 40.60477635632799], [-73.97697264615657, 40.604646624881426], [-73.97624997452239, 40.60453914859904], [-73.97613313725887, 40.60463606373684], [-73.97597268825301, 40.604511684174206], [-73.9750200157788, 40.60440343599939], [-73.9748946796667, 40.60449186057324], [-73.97481306103076, 40.60437924870167], [-73.9740876445057, 40.60429187098671], [-73.97397127835124, 40.604382610988985], [-73.97387888695636, 40.60426206574665], [-73.97316518666462, 40.60418307626153], [-73.97304934196218, 40.60428191836671], [-73.97295941107976, 40.60416197050268], [-73.97241110866021, 40.60411051689094], [-73.97217742805985, 40.60419471098606], [-73.97239735593006, 40.60565188957064], [-73.972589824469, 40.60667153341421], [-73.97150633947258, 40.6067911203196], [-73.97099720228248, 40.60684790576092], [-73.97048799327432, 40.60690469826055], [-73.96753995487447, 40.60723166639455], [-73.96727203297456, 40.60725572430602], [-73.9669624872677, 40.605674184583435], [-73.96679561404687, 40.6048024133912], [-73.9663690056802, 40.60246763206645]]]]}",137.0,2001-08-06T00:00:00.000
"{'type': 'MultiPolygon', 'coordinates': [[[[-73.93938872398572, 40.68975628041241], [-73.93924249382381, 40.68902355429071], [-73.93909616262428, 40.68828890103176], [-73.9389507434897, 40.687556409783475], [-73.93938561084121, 40.6878711350057], [-73.94138596145812, 40.68766826825708], [-73.94178527595102, 40.687228371582734], [-73.94235202794827, 40.68759150084092], [-73.9442839157527, 40.687385055308035], [-73.94462127926997, 40.68690436166509], [-73.94471297559235, 40.687373341783506], [-73.9447268433648, 40.68744426839701], [-73.94476925923267, 40.687636600067385], [-73.94491170951756, 40.68837022203979], [-73.94505645123519, 40.689102345758705], [-73.94519881323143, 40.68983987968332], [-73.94534976376524, 40.69056729637561], [-73.94549553208871, 40.69130013126821], [-73.94564166887073, 40.692033451905466], [-73.94519418798058, 40.692084667872805], [-73.9428076524887, 40.69235779416959], [-73.9399697853656, 40.69268370216559], [-73.93704898115006, 40.693020915833245], [-73.93690419080968, 40.69228728725956], [-73.93661363997683, 40.69081970304366], [-73.93707555866065, 40.690677101103745], [-73.93939372886479, 40.6904085997003], [-73.93928492778232, 40.68986127135904], [-73.93938872398572, 40.68975628041241]]]]}",71.0,2001-08-01T00:00:00.000
"{'type': 'MultiPolygon', 'coordinates': [[[[-73.93972613963506, 40.607132915162445], [-73.93791557913168, 40.60549790031949], [-73.93609407362716, 40.60387316165954], [-73.93426266724667, 40.60223071083766], [-73.93355117190023, 40.60268728053275], [-73.93173390202114, 40.601062069529966], [-73.93244772888694, 40.600608330744194], [-73.93322184728832, 40.60010737223179], [-73.93292657551008, 40.59981792545039], [-73.93257531444438, 40.59771858363634], [-73.93241414911391, 40.596864793372426], [-73.93214674534008, 40.59551232070663], [-73.9320548428238, 40.595469986887444], [-73.93241279782939, 40.59522362577956], [-73.93189014810524, 40.59475257803587], [-73.93185456159993, 40.59465854133561], [-73.93100681881866, 40.59269287074667], [-73.93164172502499, 40.59263881590113], [-73.93261448217476, 40.59251697003779], [-73.93360460145445, 40.59240749390651], [-73.93406814751806, 40.592359969995194], [-73.93453187009091, 40.59231242619911], [-73.93496413356792, 40.59226530409496], [-73.93549892081666, 40.59220700843254], [-73.93737460967492, 40.59199531518476], [-73.93777948939977, 40.594125182562195], [-73.93818751189437, 40.5962320497098], [-73.94101897128759, 40.59592089424433], [-73.94148000438085, 40.5983043903993], [-73.94048861051633, 40.59840771152037], [-73.93956109293109, 40.59851111177345], [-73.94010987480428, 40.598958285370905], [-73.9403178930463, 40.59997761399098], [-73.93996699327819, 40.60063944831368], [-73.9404842882383, 40.600819972433015], [-73.94074309681942, 40.60217198742476], [-73.94039354067898, 40.60289527138882], [-73.9409039390418, 40.60334018806012], [-73.94114060509875, 40.60482494178223], [-73.94084264842529, 40.60528503001384], [-73.93991672778134, 40.60538600232305], [-73.93920978693022, 40.60547889767198], [-73.94003133577897, 40.60620314169399], [-73.9405081269149, 40.60664240289684], [-73.93972613963506, 40.607132915162445]]]]}",5.0,2001-07-31T00:00:00.000
"{'type': 'MultiPolygon', 'coordinates': [[[[-73.95361543369293, 40.66138780420372], [-73.95353961622466, 40.660648305497844], [-73.95346175879514, 40.65993695604319], [-73.95338452914403, 40.659226552033296], [-73.952764749186, 40.65888126294084], [-73.95330907628781, 40.65851397860987], [-73.9529026656977, 40.65836118011115], [-73.95288394913496, 40.657999964348065], [-73.953268366976, 40.65766780974369], [-73.95274685590691, 40.657356957081895], [-73.9527185575421, 40.657132996804144], [-73.95316455401097, 40.656909230617465], [-73.95267139336643, 40.65675732136336], [-73.95259578331684, 40.656367184471065], [-73.95305605029733, 40.65607840723886], [-73.95270516268059, 40.65595545278237], [-73.95264863190411, 40.65541361722027], [-73.95295703468294, 40.65524758755844], [-73.9525304307125, 40.654893428907094], [-73.95253480239106, 40.654475879188304], [-73.95269848780029, 40.654199811951145], [-73.95282363527406, 40.65397821877202], [-73.95265644504467, 40.653784170835195], [-73.95244123029072, 40.65361471434256], [-73.95234591631898, 40.65299248582406], [-73.95253662515161, 40.65270282476473], [-73.95266314036783, 40.652489363431435], [-73.95256271821468, 40.65154600310988], [-73.95590670785073, 40.65136883309442], [-73.95601055752435, 40.65231427207824], [-73.95605111834206, 40.652700618734315], [-73.95616409702001, 40.65377651876767], [-73.9563003511726, 40.65504828102468], [-73.95638851609843, 40.65587456563958], [-73.95642774729653, 40.65624064842638], [-73.95647813134704, 40.6567107837449], [-73.95655768737478, 40.65745362319962], [-73.95664922402601, 40.65830578974227], [-73.95672522067643, 40.65901756876445], [-73.9568004869963, 40.65972923020059], [-73.95687581278798, 40.66044170235842], [-73.95695760442679, 40.66117957097982], [-73.95667385489884, 40.661486255551644], [-73.95421936535644, 40.661672207970675], [-73.95361543369293, 40.66138780420372]]]]}",153.0,2001-08-06T00:00:00.000
"{'type': 'MultiPolygon', 'coordinates': [[[[-73.9874295746779, 40.683126719562566], [-73.98785628537686, 40.682494325387424], [-73.9837113963121, 40.680880229642405], [-73.98413877891744, 40.68024537282142], [-73.98586015985585, 40.67770888784174], [-73.98630926901582, 40.677078404377134], [-73.98699859963376, 40.67628544601761], [-73.98747868675329, 40.67570737782932], [-73.98800399236066, 40.67507708254981], [-73.98951328561986, 40.6732737603804], [-73.9898699243378, 40.67344237596042], [-73.99186955831341, 40.67441121051963], [-73.9945861423399, 40.675690939171155], [-73.99458097050307, 40.676603781756064], [-73.99622074471075, 40.6771292385405], [-73.99647309337361, 40.67743940602737], [-73.99612861160205, 40.678161500514044], [-73.99579394628056, 40.67883746005167], [-73.9956726276833, 40.67904507137561], [-73.99513898368279, 40.67982456571268], [-73.99465561035245, 40.68054075331366], [-73.99652698331734, 40.6810597638549], [-73.99849893373177, 40.681617869175646], [-74.00037037522463, 40.68213302178465], [-74.00210462902622, 40.682613338304186], [-74.00178094535977, 40.68328704454004], [-74.00147369425939, 40.68396103121352], [-73.99972498775276, 40.68347247091457], [-73.99787174732566, 40.682956434402925], [-73.9975508304343, 40.68362889718297], [-73.99722630158156, 40.68429861415368], [-73.99635725308914, 40.686096415223915], [-73.99603991252714, 40.68675240501749], [-73.99409287200749, 40.68611278989066], [-73.99425515739838, 40.68577793602065], [-73.9917601439443, 40.68481436964119], [-73.99219161673817, 40.68417832002274], [-73.98999199303151, 40.6833188437064], [-73.9895566262704, 40.683955666228904], [-73.9891474352009, 40.684068505460736], [-73.98849078226634, 40.68460389996625], [-73.98748080286805, 40.684212010189796], [-73.9874295746779, 40.683126719562566]]]]}",115.0,2001-08-06T00:00:00.000
"{'type': 'MultiPolygon', 'coordinates': [[[[-73.95979763255684, 40.71388713376343], [-73.96016300753571, 40.71334537866284], [-73.96056091554573, 40.712713402208514], [-73.9602055190272, 40.712896208052854], [-73.95920400632903, 40.71254679613721], [-73.95906382997765, 40.71216612542701], [-73.95953307379914, 40.71142369421749], [-73.95898455371577, 40.711649131349965], [-73.95804861133591, 40.71127836083532], [-73.95800371430764, 40.71086409126448], [-73.95762745279065, 40.71109299040699], [-73.95642478823501, 40.71061525264189], [-73.95687479746763, 40.71044844835196], [-73.95715374297123, 40.710384427166446], [-73.95743827629273, 40.710334509414025], [-73.95772653939608, 40.71029906326718], [-73.9580166155738, 40.71027828671995], [-73.95838811646952, 40.710246606512996], [-73.95886035027708, 40.709549167162955], [-73.9592516469015, 40.70890363214953], [-73.95996870860073, 40.709127741708855], [-73.96074801090519, 40.70940901455315], [-73.96156343047139, 40.709660604345956], [-73.96229196624282, 40.70992068762897], [-73.96313442111153, 40.71020373010861], [-73.96387475159814, 40.71029748273355], [-73.96852431863321, 40.7108202348484], [-73.9694657090576, 40.71095895470623], [-73.96946567047436, 40.711043182177654], [-73.9696801816726, 40.71111373626812], [-73.96995262120416, 40.71120334189184], [-73.96987509612386, 40.71130439136292], [-73.9696410106144, 40.711243761509486], [-73.96951122532319, 40.711210145359175], [-73.9693217226804, 40.71116106129799], [-73.96908905725132, 40.7116410910862], [-73.96892003225808, 40.71209321183605], [-73.96851867060133, 40.71302461802946], [-73.96849065605562, 40.71308962903222], [-73.96883373685974, 40.71321606316175], [-73.96831292990142, 40.71439509539239], [-73.96816248522222, 40.71472067755731], [-73.96765915599357, 40.71580992335435], [-73.96738475136132, 40.71641713924882], [-73.96728238268035, 40.71664366145915], [-73.96723811681241, 40.7167354387742], [-73.96713868047257, 40.716941599346335], [-73.9672600701332, 40.71699740702734], [-73.96681698382696, 40.717595290023375], [-73.9668130195885, 40.71760124665539], [-73.96634061989666, 40.71831107882608], [-73.96648388941773, 40.7184548463862], [-73.96520241379228, 40.717788887435105], [-73.96191191820307, 40.71592926475043], [-73.96043674830557, 40.715306091319825], [-73.95947403762, 40.71499759305497], [-73.9588115360487, 40.71482445087301], [-73.95927745352887, 40.71439023727473], [-73.95979763255684, 40.71388713376343]]]]}",37.0,2001-08-01T00:00:00.000
"{'type': 'MultiPolygon', 'coordinates': [[[[-73.98534222565361, 40.5790304893635], [-73.98521063936826, 40.57893714233994], [-73.9851313796038, 40.578518081856764], [-73.98460250501644, 40.57857172093987], [-73.98431819982538, 40.57706550358111], [-73.98437695390636, 40.5770590267137], [-73.98435984721434, 40.57696839811503], [-73.98453087226842, 40.576939148491725], [-73.98465832762193, 40.576748572609326], [-73.98477359075333, 40.57662632218365], [-73.98583251616407, 40.57650969590712], [-73.98689291469441, 40.57639209606252], [-73.98795385210401, 40.5762757743475], [-73.98901555383294, 40.57615831753761], [-73.99007402742761, 40.576041498684205], [-73.99050367240508, 40.578357647240786], [-73.99069770943079, 40.579373051066355], [-73.9903593700369, 40.57941403863863], [-73.98957956209232, 40.579192941591636], [-73.98928137640546, 40.57900298897144], [-73.98894298028847, 40.578808736371116], [-73.98851252554277, 40.57883431134526], [-73.98828491439302, 40.578847834044375], [-73.9882055338105, 40.57885255007191], [-73.98806162410833, 40.57889764245902], [-73.98738754205074, 40.57910885409451], [-73.98692727309498, 40.579455009115], [-73.98670581791615, 40.57962155813533], [-73.98673741378495, 40.57964784628219], [-73.98680577317802, 40.57970472314549], [-73.98672149741341, 40.57977297495731], [-73.986660335566, 40.579822507498854], [-73.9869122477621, 40.57996537398681], [-73.98701474446713, 40.58002350273396], [-73.98646020053592, 40.580764892324844], [-73.98601478730916, 40.5811251710066], [-73.98580572456534, 40.58124294650079], [-73.98580571040497, 40.581242885263414], [-73.98565343080817, 40.58066120657479], [-73.98534222565361, 40.5790304893635]]]]}",121.0,2011-08-12T00:00:00.000
"{'type': 'MultiPolygon', 'coordinates': [[[[-74.00575322449023, 40.58177840763732], [-74.00547740445575, 40.58161019425894], [-74.00509228395397, 40.58161021197388], [-74.00450484898857, 40.581672441994385], [-74.00393692847823, 40.58173260254227], [-74.00289388433039, 40.581585819345676], [-74.00193108059594, 40.581487963425836], [-74.00109665278485, 40.58146350538633], [-74.00108774006448, 40.581462689596464], [-74.00029431984346, 40.58139010314007], [-73.99970217155315, 40.58129925918355], [-74.000705677412, 40.58106184273695], [-74.00020348127875, 40.58096154443174], [-73.99988568074956, 40.580825421297156], [-73.99974518862776, 40.5807389348187], [-73.99844883996118, 40.57990926278407], [-73.99829903503047, 40.57973376676707], [-73.9982161635206, 40.57953607329324], [-73.9979684946348, 40.57823673906668], [-73.99787742178071, 40.57754328898856], [-73.99862979699219, 40.57743953515132], [-73.99898230567527, 40.57738938650367], [-73.99912527150154, 40.57736510934747], [-73.9992510072764, 40.57734853409474], [-73.99940884701591, 40.577327726661856], [-73.99949581679142, 40.57731626148434], [-74.00003382502375, 40.57724533412447], [-73.99986449656993, 40.57633092750331], [-73.99983381682436, 40.57616524837751], [-73.99961512311535, 40.57498420713267], [-74.00067580362015, 40.57486856034138], [-74.00048497246331, 40.57385885414047], [-74.00045899218804, 40.573721388417574], [-74.00030997988716, 40.57293292056508], [-74.00142189832437, 40.57310184171452], [-74.00254829136375, 40.573327043322536], [-74.00236551191975, 40.572317487322366], [-74.00220561576361, 40.5717559863823], [-74.0023485310163, 40.571341465876806], [-74.00279081065963, 40.571585027196505], [-74.00407400783007, 40.57206359159103], [-74.00505136881503, 40.57242808153408], [-74.00664110494223, 40.57288257463341], [-74.00701710007267, 40.57299006500844], [-74.00901968870721, 40.57331780981727], [-74.00938179075625, 40.573430365292914], [-74.0102851674654, 40.573711164261695], [-74.01151385054736, 40.57437618497008], [-74.01196850485343, 40.574816440017926], [-74.01243552498603, 40.575659520773556], [-74.01244689678455, 40.57568386972041], [-74.01269363791462, 40.57621221186118], [-74.01302553015508, 40.57706467311823], [-74.01345572361505, 40.57792649093348], [-74.01275083871975, 40.5785583403404], [-74.01239936701032, 40.57942550875067], [-74.01160698226629, 40.58010489191687], [-74.0105222727445, 40.58039823039929], [-74.01029875691874, 40.58045867400886], [-74.00984195555554, 40.580582202896906], [-74.0072424789107, 40.58103507333512], [-74.00633769470662, 40.58151804174287], [-74.00586781495883, 40.58176885448835], [-74.00579835520199, 40.5818059307801], [-74.00575322449023, 40.58177840763732]]]]}",117.0,2001-08-06T00:00:00.000
"{'type': 'MultiPolygon', 'coordinates': [[[[-73.93735642625543, 40.65338623658903], [-73.9371457903481, 40.651421265027935], [-73.93695957052448, 40.64969314133318], [-73.9368445725429, 40.648649207020874], [-73.9387068379277, 40.64851744224835], [-73.93886143919028, 40.649571940942614], [-73.93983368172083, 40.64951174097907], [-73.94076397256275, 40.64945368094883], [-73.94169995079243, 40.6493939951962], [-73.94189204442576, 40.6511693538571], [-73.94282541986136, 40.65110999134727], [-73.94379996219192, 40.65110636964962], [-73.94400176018081, 40.65297319146171], [-73.94496949283841, 40.65291482918595], [-73.94590468785154, 40.65285464992577], [-73.94687330655226, 40.65279541805863], [-73.94703257672703, 40.654338714323806], [-73.9471589640361, 40.65559378991956], [-73.94507909403322, 40.65572204596526], [-73.9448728444894, 40.65573476158607], [-73.94446083425893, 40.65576016560431], [-73.94431012334753, 40.65576866468583], [-73.94335488895318, 40.655828335287566], [-73.94240147926062, 40.655884810532065], [-73.94146260993668, 40.65594424799233], [-73.94053214698944, 40.65600153901059], [-73.9395592538462, 40.65606275324846], [-73.93859348996597, 40.65612237822719], [-73.93765923527187, 40.656183875886335], [-73.93712063885062, 40.656215902513175], [-73.9366846960871, 40.65624182333237], [-73.93654899668604, 40.65497630585502], [-73.93638662085449, 40.653445174676015], [-73.93735642625543, 40.65338623658903]]]]}",179.0,2001-08-06T00:00:00.000
"{'type': 'MultiPolygon', 'coordinates': [[[[-73.96336094104217, 40.61520442727992], [-73.9628597403544, 40.61254948539328], [-73.96237947891898, 40.60998637346255], [-73.96137268381987, 40.610098874750484], [-73.96044361877804, 40.61020150669619], [-73.95952069648135, 40.610302052741204], [-73.95859278505989, 40.61040303094133], [-73.95804731938331, 40.61046276244699], [-73.95766801465687, 40.61050371704107], [-73.95740601158933, 40.60913091056017], [-73.95779741129509, 40.608957440730464], [-73.95828056886987, 40.60874735689629], [-73.95915730171878, 40.6083835278509], [-73.96002764067698, 40.608034816309704], [-73.96090977372405, 40.607693101217635], [-73.96188567971518, 40.607336300059146], [-73.96155209789315, 40.60300693905426], [-73.96498563374247, 40.60263003314475], [-73.9663690056802, 40.60246763206645], [-73.96679561404687, 40.6048024133912], [-73.9669624872677, 40.605674184583435], [-73.96727203297456, 40.60725572430602], [-73.96753995487447, 40.60723166639455], [-73.97048799327432, 40.60690469826055], [-73.97040303096612, 40.60705470008075], [-73.970090475108, 40.607334588044424], [-73.97035136698118, 40.608699746668826], [-73.97074273747907, 40.608924967093536], [-73.97089538391442, 40.60904971835673], [-73.97081155047384, 40.60919812737937], [-73.97054676418719, 40.609680211338144], [-73.97084377196767, 40.61127035835726], [-73.97120054151489, 40.61146138696145], [-73.97137851102167, 40.61160238566294], [-73.97126940287787, 40.611751842549296], [-73.97098916972655, 40.61204093280764], [-73.97154267866786, 40.61325842850885], [-73.97169539279406, 40.613278036869644], [-73.97080918607932, 40.613589071285965], [-73.96993884218537, 40.61389066714035], [-73.96860599896789, 40.61435586966878], [-73.96865662792806, 40.614621492218056], [-73.96837620687275, 40.61465232123918], [-73.96815731560801, 40.61456320186763], [-73.9677814894283, 40.61440100863497], [-73.96748999383523, 40.614386116594204], [-73.96728599073619, 40.61477218155154], [-73.96699926384257, 40.61445261981659], [-73.96639679371987, 40.61451168244801], [-73.96621451270688, 40.614891766945036], [-73.96590121886551, 40.61454856052893], [-73.96551251699768, 40.61460768264018], [-73.96528613384467, 40.61499263706821], [-73.96499262147572, 40.61469638169341], [-73.96454562792573, 40.61473326871505], [-73.9643586030763, 40.615093913871036], [-73.96407919275788, 40.61478495699276], [-73.96364191931949, 40.61481443765245], [-73.96336094104217, 40.61520442727992]]]]}",140.0,2001-08-06T00:00:00.000
"{'type': 'MultiPolygon', 'coordinates': [[[[-73.98993801863081, 40.61244047149308], [-73.98965151769123, 40.61226743674954], [-73.99010250082893, 40.61183171240789], [-73.9903878715399, 40.61200498912927], [-73.99055892631907, 40.61200464538519], [-73.99051752476579, 40.61187809873378], [-73.99023082015539, 40.61170511097103], [-73.99067796246122, 40.61127201188685], [-73.99096471031645, 40.61144495572657], [-73.99114036373187, 40.611447142727954], [-73.99109537136836, 40.61132268204446], [-73.99080259797363, 40.61114569057282], [-73.99103023890393, 40.61092611842535], [-73.98949848471676, 40.60999506471983], [-73.98956123450547, 40.60950939251662], [-73.98999006844771, 40.60948962369429], [-73.99014168324717, 40.60933665805022], [-73.99019344456472, 40.60891154040898], [-73.99065288661204, 40.60893507896174], [-73.99092148254802, 40.60865780110718], [-73.9907745633719, 40.60835227449947], [-73.99095102573432, 40.6083537988512], [-73.99141417121876, 40.60835243055567], [-73.99154537552745, 40.60822585636877], [-73.99139414086743, 40.6079282482746], [-73.99135766893136, 40.60779429362853], [-73.99153333766823, 40.60779597938143], [-73.99204658394022, 40.607754432394565], [-73.99197917929452, 40.60736702729784], [-73.99194030379194, 40.60723603937359], [-73.99214582462356, 40.60723666651438], [-73.99252325446756, 40.60720685713257], [-73.99257066866997, 40.606831502563765], [-73.99252082595915, 40.60667533281599], [-73.99471921915074, 40.60800469017402], [-73.9958819215835, 40.60688666811061], [-73.99609503530088, 40.60689401819476], [-73.99644230550207, 40.60676929841212], [-73.99814649287585, 40.60780083881391], [-73.99843391883148, 40.60769713100046], [-73.99866710662221, 40.60765668677522], [-74.00065405197992, 40.60886040168468], [-74.0000212808789, 40.6093855245263], [-73.999454646571, 40.60995044728039], [-73.9988839969162, 40.61051761872479], [-74.00107298917379, 40.611830516014784], [-74.0006885343634, 40.611784874955426], [-74.00064184470799, 40.611831084932916], [-74.00061312237979, 40.61209242571926], [-74.00052608771556, 40.61217685930926], [-74.00073817555365, 40.612554726794514], [-74.0003165666776, 40.6125248950277], [-74.00013827224349, 40.61267324460978], [-74.00015898230883, 40.61311037743754], [-73.99998861772522, 40.613109734716275], [-73.9999202325349, 40.61317581935501], [-73.9998441461111, 40.613132368864186], [-73.99968833765277, 40.61328293407395], [-73.99951381904074, 40.61344950124629], [-73.9995794372306, 40.613669411655806], [-73.99939598649809, 40.61366574983245], [-73.99889118743455, 40.61371192173444], [-73.99871754336522, 40.61387862441778], [-73.99892884974012, 40.61400585774278], [-73.99899969407309, 40.61422828015216], [-73.99658204833189, 40.61655473819499], [-73.9942225365208, 40.6151305513336], [-73.99217940650232, 40.613893745157824], [-73.98997610835528, 40.61256228877728], [-73.98993801863081, 40.61244047149308]]]]}",218.0,2001-08-07T00:00:00.000
"{'type': 'MultiPolygon', 'coordinates': [[[[-73.8841837366102, 40.64297861891467], [-73.88076895729145, 40.639742109335174], [-73.88047815380604, 40.6397418074451], [-73.880483635307, 40.63972933734676], [-73.88094384249818, 40.63944307315236], [-73.88198926911889, 40.63879276544937], [-73.88588030481274, 40.63624951840592], [-73.88285949938755, 40.63344265544249], [-73.88247251594163, 40.63304846494704], [-73.88339286189971, 40.632239932629986], [-73.88393343577137, 40.63183355706708], [-73.88598037135814, 40.630459945344924], [-73.88753495709906, 40.62948136195396], [-73.89011159123343, 40.62897571301043], [-73.89038036146482, 40.6289295027307], [-73.89209387133587, 40.62865773477143], [-73.89227223417429, 40.629107945980074], [-73.89182600604333, 40.62964912701529], [-73.89131794887844, 40.63025078066319], [-73.89081563691117, 40.63085391446377], [-73.8927718594969, 40.631808703690375], [-73.89215594516574, 40.63221400090204], [-73.88969542437758, 40.63380239921749], [-73.89155671861549, 40.63547510215697], [-73.89394810503185, 40.63393258098255], [-73.89397650852494, 40.634086237451065], [-73.89402787964204, 40.634209212960194], [-73.89393588326422, 40.63450727816823], [-73.89533047052787, 40.63552568037975], [-73.89557057697125, 40.635533733695816], [-73.89576421980804, 40.63556273243075], [-73.89564050792076, 40.63578832148878], [-73.89702912109001, 40.63710493045133], [-73.89740594757893, 40.63716759182397], [-73.89759319514475, 40.63718813913232], [-73.89599205884362, 40.63823112802102], [-73.89214150140054, 40.640712181300024], [-73.89032791616015, 40.63907941841911], [-73.88961401366353, 40.639542765399], [-73.88966961301111, 40.63993559374318], [-73.88936928826885, 40.64013526369921], [-73.88887037393351, 40.64002489719047], [-73.88894694572365, 40.64042051210666], [-73.88861846795876, 40.64063443513806], [-73.88812746544237, 40.64050165002579], [-73.88821960456511, 40.640891137334584], [-73.88788179552698, 40.64107648471665], [-73.88738553562428, 40.64098063243918], [-73.88730924847529, 40.641475841115735], [-73.88580051427984, 40.64246878875423], [-73.88525297833026, 40.64235734507049], [-73.88446212572677, 40.64281707387846], [-73.8841837366102, 40.64297861891467]]]]}",167.0,2001-08-06T00:00:00.000
"{'type': 'MultiPolygon', 'coordinates': [[[[-73.93942695664535, 40.669248683915846], [-73.93388773690738, 40.668950444741256], [-73.93422426378504, 40.66537774172619], [-73.93145550042567, 40.665233816735665], [-73.9316052372455, 40.66355300433315], [-73.93455236759675, 40.66336228522531], [-73.93446774728578, 40.66257521268187], [-73.93439181755453, 40.661863788349876], [-73.93431572890292, 40.66114775368419], [-73.93423037565134, 40.6604152401236], [-73.9347262791869, 40.660385888714025], [-73.93520328531133, 40.66035765715522], [-73.93613573361615, 40.6602947540335], [-73.9371107247072, 40.660235588268655], [-73.93715311303092, 40.660629344133234], [-73.93718729659248, 40.66094689434885], [-73.93726248662234, 40.661670599382376], [-73.93734069184471, 40.66239632336035], [-73.93739693935271, 40.66292038209062], [-73.93726377615276, 40.66319183328465], [-73.94002976982672, 40.663020742605774], [-73.9399261271596, 40.663903887958995], [-73.94269629000014, 40.6640551291346], [-73.94408198673683, 40.66412857268392], [-73.94489227683732, 40.66417414277064], [-73.94546293660859, 40.66422610413321], [-73.94538173478367, 40.66509942237689], [-73.94261322665258, 40.664947067032166], [-73.94252843576957, 40.66583792329493], [-73.94219628445732, 40.66940330432504], [-73.93942695664535, 40.669248683915846]]]]}",164.0,2001-08-06T00:00:00.000
"{'type': 'MultiPolygon', 'coordinates': [[[[-73.96168009678819, 40.72488174910725], [-73.95874941579522, 40.723084301831776], [-73.95604468787621, 40.721404417562226], [-73.95346873431825, 40.71979822916776], [-73.95247736431452, 40.71921904855475], [-73.95228659300582, 40.71808559675674], [-73.95006542848927, 40.718300164866385], [-73.94841638615462, 40.71845553206074], [-73.9472134189215, 40.718560985857195], [-73.94675419980668, 40.71860922187763], [-73.94828539136122, 40.71766229520443], [-73.94979411900736, 40.71669038482843], [-73.94924379044409, 40.71332300921746], [-73.94949080604857, 40.71310844872069], [-73.94943460665698, 40.7128132555476], [-73.9491308304923, 40.71261242019881], [-73.9513553462099, 40.71239905115349], [-73.95123536514332, 40.71169279277581], [-73.95161974801604, 40.7116510901955], [-73.95272460024346, 40.71205716638639], [-73.95387585584427, 40.71251626343452], [-73.95452120871134, 40.71272657695477], [-73.9549503512224, 40.7120727911519], [-73.95539302397866, 40.71142100284419], [-73.95567802381073, 40.71112296280858], [-73.95598541879585, 40.7108366129806], [-73.95642478823501, 40.71061525264189], [-73.95762745279065, 40.71109299040699], [-73.95800371430764, 40.71086409126448], [-73.95804861133591, 40.71127836083532], [-73.95898455371577, 40.711649131349965], [-73.95953307379914, 40.71142369421749], [-73.95906382997765, 40.71216612542701], [-73.95920400632903, 40.71254679613721], [-73.9602055190272, 40.712896208052854], [-73.96056091554573, 40.712713402208514], [-73.96016300753571, 40.71334537866284], [-73.95979763255684, 40.71388713376343], [-73.95927745352887, 40.71439023727473], [-73.9588115360487, 40.71482445087301], [-73.95947403762, 40.71499759305497], [-73.96043674830557, 40.715306091319825], [-73.96191191820307, 40.71592926475043], [-73.96520241379228, 40.717788887435105], [-73.96648388941773, 40.7184548463862], [-73.96615235811879, 40.718454209221484], [-73.96597950879683, 40.71862066076613], [-73.96565396282675, 40.71893415408656], [-73.9654989824993, 40.718934107748005], [-73.96513350437687, 40.71925405867542], [-73.96542989538523, 40.7194489724633], [-73.96562004707457, 40.719574020169624], [-73.96586388336382, 40.719734369966766], [-73.96575313987381, 40.71981856356261], [-73.9655523010019, 40.71968857448745], [-73.96553180967406, 40.71967531194944], [-73.96548169646726, 40.719766394310405], [-73.96517371657922, 40.720326155699254], [-73.96517473045634, 40.72032701509224], [-73.96525664517566, 40.720396466440654], [-73.96531000695752, 40.72044170883186], [-73.96521604602398, 40.720548454822094], [-73.96508442869766, 40.72047970609031], [-73.96483403432609, 40.72034891458993], [-73.96463198625764, 40.720548591162725], [-73.96461251203786, 40.72056783627568], [-73.96470499993968, 40.72062065614764], [-73.9647895828486, 40.72066896197393], [-73.96463453591608, 40.72078683169603], [-73.96430254829848, 40.72055931811999], [-73.96419750742211, 40.72067674258866], [-73.96411423951209, 40.72076982576695], [-73.96457770851012, 40.72106722393622], [-73.96469315223209, 40.721141301101156], [-73.96509916902488, 40.721401828867755], [-73.96504061288574, 40.721449312084594], [-73.96493304187267, 40.72153654055395], [-73.96458619551075, 40.72132214912213], [-73.96399236621158, 40.720955087396284], [-73.96361566968197, 40.721510864382005], [-73.96354680916582, 40.721573474844924], [-73.96305079173734, 40.722024467529195], [-73.9626850868474, 40.72269816213548], [-73.96346818736367, 40.72319507844491], [-73.96348189730253, 40.72320377811297], [-73.9634416269461, 40.72322274446968], [-73.96339735367997, 40.72324359610707], [-73.96336221800763, 40.72326014439945], [-73.96290634477599, 40.722976182178144], [-73.96280764676929, 40.72293212082974], [-73.96258537527055, 40.722832892819326], [-73.96246348327645, 40.7230349968042], [-73.96318007073398, 40.7234951849825], [-73.96338202923258, 40.72362487951383], [-73.96329526195325, 40.72369083580868], [-73.96320482012938, 40.723759585143775], [-73.96302990745541, 40.72365159586389], [-73.96238586415582, 40.72325396185683], [-73.96205337796145, 40.72389397444061], [-73.9622495846055, 40.72400406496803], [-73.9624739371867, 40.72412994666194], [-73.96235096515167, 40.724204615470136], [-73.96200705033603, 40.72402254559093], [-73.96198688477432, 40.72401186970061], [-73.96189768328664, 40.72414809988195], [-73.96188534128667, 40.72416694795921], [-73.96191959467558, 40.72421276910141], [-73.96196459452939, 40.724272965011416], [-73.96212904939476, 40.72438333340789], [-73.96225197678112, 40.7244658307066], [-73.96261753296774, 40.724711157738696], [-73.96249675785997, 40.72479461728084], [-73.96249570517953, 40.72479534454936], [-73.96214957410292, 40.72457884612016], [-73.96187594981838, 40.72440769870871], [-73.96168009678819, 40.72488174910725]]]]}",42.0,2001-08-01T00:00:00.000
"{'type': 'MultiPolygon', 'coordinates': [[[[-73.99370969822654, 40.57800223243921], [-73.9932619803865, 40.57569515424595], [-73.99113480030721, 40.57592567897036], [-73.99100352718553, 40.57582443670191], [-73.99095391945652, 40.57558236857025], [-73.99011283962753, 40.575674567897266], [-73.99016120505644, 40.57591735405004], [-73.99007402742761, 40.576041498684205], [-73.99000435065733, 40.575674814856704], [-73.98968697908617, 40.57400455059563], [-73.99071712232185, 40.573709455357616], [-73.99041255828473, 40.57174186533367], [-73.98982788648671, 40.571029608210345], [-73.98956828095602, 40.57050123791229], [-73.99005113417203, 40.5704136149481], [-73.99055484710577, 40.57023566334456], [-73.99281532203226, 40.5699922557237], [-73.99766789388447, 40.57011424190609], [-73.99780217361597, 40.571548091183914], [-73.99792060326695, 40.57202884784061], [-73.99793723610796, 40.57209636758784], [-73.99795884150407, 40.57218407161536], [-73.99808758440105, 40.572752728146035], [-73.99750151748549, 40.57275150808265], [-73.99740979367554, 40.57275131665958], [-73.99714601204404, 40.57275076638879], [-73.99704433395455, 40.57275055384018], [-73.99686813055688, 40.57275660228859], [-73.99678403554734, 40.57275948859729], [-73.99644946243049, 40.57277097178868], [-73.99636029772279, 40.57277403165089], [-73.99596084579471, 40.572787739577485], [-73.99579140425777, 40.57280142238323], [-73.99568523468639, 40.57280999540926], [-73.99490444395774, 40.57287304013175], [-73.99457419936665, 40.57291593017504], [-73.99464801935864, 40.57334052244325], [-73.99443841667626, 40.573367414862304], [-73.99454531939266, 40.573923821438335], [-73.99491028011045, 40.575122171149914], [-73.99440094974219, 40.57543705398853], [-73.9943155385416, 40.57557399161961], [-73.9943863661642, 40.57594934420978], [-73.99491184294415, 40.57589215412438], [-73.99490137479653, 40.57583651209909], [-73.9953326451101, 40.57579004992527], [-73.99541901399034, 40.57624914211292], [-73.9949853447445, 40.57629586196708], [-73.99519064255188, 40.57738714143872], [-73.99566636454995, 40.57760967484069], [-73.99580937045464, 40.57775938486753], [-73.99475685515901, 40.57787974162011], [-73.99370969822654, 40.57800223243921]]]]}",118.0,2011-08-12T00:00:00.000
"{'type': 'MultiPolygon', 'coordinates': [[[[-73.95148293100881, 40.730464184011936], [-73.95065874994626, 40.72899571655985], [-73.94912356983232, 40.72631679159825], [-73.94794874020816, 40.72423518785372], [-73.94755078534435, 40.723543552415975], [-73.94709361273009, 40.72277512763091], [-73.9465002559292, 40.72220900030736], [-73.94579364726017, 40.72158904705877], [-73.9449540511451, 40.720797901968496], [-73.94462496354755, 40.720502638330736], [-73.94440536775114, 40.72024041208496], [-73.94420867168125, 40.719996836995875], [-73.94389807848253, 40.71960337022951], [-73.94342657032051, 40.71893359236696], [-73.9453189311505, 40.71875879923175], [-73.94631885684804, 40.71862238340294], [-73.9466147951406, 40.71863194020206], [-73.94675419980668, 40.71860922187763], [-73.9472134189215, 40.718560985857195], [-73.94841638615462, 40.71845553206074], [-73.95006542848927, 40.718300164866385], [-73.95228659300582, 40.71808559675674], [-73.95247736431452, 40.71921904855475], [-73.95346873431825, 40.71979822916776], [-73.95604468787621, 40.721404417562226], [-73.95874941579522, 40.723084301831776], [-73.96168009678819, 40.72488174910725], [-73.96181507730036, 40.72496503071844], [-73.96193046125263, 40.72503622175988], [-73.96208588535814, 40.72513211693774], [-73.96188062446707, 40.72532369462655], [-73.96160800477834, 40.7252764056621], [-73.96145476740506, 40.72524982456504], [-73.9610783599413, 40.72523285301735], [-73.96062244063194, 40.72515070483673], [-73.9604695158204, 40.72512315088524], [-73.96001572375316, 40.7249208496892], [-73.9592630433646, 40.72467632902379], [-73.95888312881513, 40.724559853589106], [-73.95840794282257, 40.724414167823234], [-73.95835539526199, 40.724398056728475], [-73.95804539860139, 40.72441478911608], [-73.95801502542744, 40.72450045429881], [-73.9579677633581, 40.72463375024847], [-73.95793437045033, 40.7249201080973], [-73.95810032954556, 40.72508862236561], [-73.95822834474014, 40.7251211376388], [-73.95839920070283, 40.72516453470041], [-73.95841012025602, 40.72540879545618], [-73.95889725847344, 40.725392125458846], [-73.96011514119718, 40.72529148152454], [-73.96026976472405, 40.72591481247137], [-73.96056643438175, 40.7258928961081], [-73.96068620992307, 40.72588404724035], [-73.96163157915501, 40.72581420207613], [-73.9616322516682, 40.725863222413395], [-73.96164220524068, 40.726589090953524], [-73.96148705503452, 40.726850141744926], [-73.96149738332696, 40.72722203468332], [-73.96149759206062, 40.72722953329101], [-73.96147865020129, 40.72727917381352], [-73.96139811438175, 40.72749023333416], [-73.96273782637402, 40.7273727575353], [-73.96274977991192, 40.72746714554147], [-73.96277089283703, 40.72763387078272], [-73.9613536623606, 40.72777658925107], [-73.96134647430692, 40.72780205412933], [-73.96128709674426, 40.728012400251195], [-73.96189838476542, 40.72794371522218], [-73.9624828990061, 40.72787803493196], [-73.96252709759116, 40.72802965719029], [-73.96211280855783, 40.728085135243454], [-73.96120948266937, 40.72820609609028], [-73.96116792069924, 40.728596901992546], [-73.96115926759896, 40.72867826364199], [-73.96113155373244, 40.728938841706444], [-73.96118594276737, 40.72893450519262], [-73.96241012922417, 40.72883688555775], [-73.96302489763531, 40.728787857397585], [-73.96305797296195, 40.729040548056496], [-73.9618889846708, 40.72914873781626], [-73.96120077882051, 40.72921242518745], [-73.96115353575121, 40.72921679743801], [-73.96121771757043, 40.72952971145854], [-73.95924355715977, 40.729721751281275], [-73.9542737716848, 40.73019474657975], [-73.95250661277187, 40.73036000786451], [-73.95159065077306, 40.73045041554159], [-73.95148293100881, 40.730464184011936]]]]}",45.0,2001-08-01T00:00:00.000
"{'type': 'MultiPolygon', 'coordinates': [[[[-73.92427812475167, 40.7185361187994], [-73.92271117709939, 40.71647759144141], [-73.92307579984475, 40.71638923447504], [-73.92692555770914, 40.7154007218235], [-73.92851149074984, 40.71499547909356], [-73.9296016248048, 40.71472298997688], [-73.93059322450094, 40.714451484883426], [-73.93095073954932, 40.714363826537316], [-73.93148254853105, 40.7142217555586], [-73.93480281864835, 40.713372495594584], [-73.9349596648901, 40.71372138787733], [-73.93734568130498, 40.713815932089304], [-73.94067678684034, 40.7139461818894], [-73.94171302260864, 40.71400706330737], [-73.94068803180951, 40.71196204730707], [-73.94222776604592, 40.71180063927648], [-73.9439109572054, 40.71164148687847], [-73.95111565744422, 40.710956619426476], [-73.95123536514332, 40.71169279277581], [-73.9513553462099, 40.71239905115349], [-73.9491308304923, 40.71261242019881], [-73.94943460665698, 40.7128132555476], [-73.94949080604857, 40.71310844872069], [-73.94924379044409, 40.71332300921746], [-73.94979411900736, 40.71669038482843], [-73.94828539136122, 40.71766229520443], [-73.94675419980668, 40.71860922187763], [-73.9466147951406, 40.71863194020206], [-73.94631885684804, 40.71862238340294], [-73.9453189311505, 40.71875879923175], [-73.94342657032051, 40.71893359236696], [-73.94058990747824, 40.71920542332989], [-73.94049201267853, 40.71867825915393], [-73.93908971741897, 40.719047379299134], [-73.9385641566152, 40.71901944788103], [-73.93790018535975, 40.719190501928956], [-73.93753254002598, 40.71945620441547], [-73.93725759918809, 40.71879116805613], [-73.93701425629007, 40.71824875981808], [-73.93694817341427, 40.71810146030474], [-73.93613019134781, 40.71832695645808], [-73.93528733238078, 40.718521356089404], [-73.93470451462285, 40.71720882172289], [-73.93160506415333, 40.71801033127249], [-73.92467622415582, 40.719885695385685], [-73.92417994228232, 40.72001999572357], [-73.92427812475167, 40.7185361187994]]]]}",43.0,2001-08-01T00:00:00.000
"{'type': 'MultiPolygon', 'coordinates': [[[[-73.88093089555092, 40.680382777814465], [-73.88063900659843, 40.679176985326016], [-73.88061377810727, 40.67911003245117], [-73.88106271822157, 40.678982687480854], [-73.88152355232975, 40.678850777927494], [-73.88195914092073, 40.678726396494476], [-73.88241059813504, 40.67859767092607], [-73.882833807505, 40.678475560476905], [-73.88330820448877, 40.67834197398234], [-73.88371907735282, 40.67822479165549], [-73.88415312451653, 40.67810051878445], [-73.88448868899862, 40.67800472416997], [-73.88506351978413, 40.67784371241537], [-73.8852731342346, 40.67778499789676], [-73.8860076819636, 40.67757924194974], [-73.88686063101476, 40.67735959265855], [-73.8874599203419, 40.67721725090373], [-73.88772649113369, 40.677153934423366], [-73.88859260474281, 40.67695622179538], [-73.88833800127605, 40.677469280420674], [-73.88852884640553, 40.67824073432137], [-73.8890056978427, 40.6785570437521], [-73.88870140227215, 40.678981586842596], [-73.88885379950827, 40.679768960885085], [-73.88940652322741, 40.68014202106304], [-73.89031030967632, 40.68000874545708], [-73.89084418656729, 40.680292137553145], [-73.89094130779422, 40.68071775809735], [-73.89065536130035, 40.681373111004504], [-73.88977375877448, 40.68180039269491], [-73.8900284256775, 40.681780222648875], [-73.89041068091902, 40.68231974898293], [-73.89057318842697, 40.68234200227316], [-73.89071246472307, 40.68237307092374], [-73.89108905071784, 40.68283303990233], [-73.89034539251774, 40.683282357891684], [-73.890281727636, 40.683397326300806], [-73.89028813226868, 40.68352153508643], [-73.89023712870227, 40.68353729689407], [-73.89034574922962, 40.68377760497043], [-73.89090383391833, 40.683423184863514], [-73.89197474626809, 40.68274306763343], [-73.89252316943731, 40.68342453250011], [-73.89267128362408, 40.68358155846559], [-73.89023535629573, 40.685108236901165], [-73.8895529485563, 40.684115342711685], [-73.88923136655418, 40.68378275134219], [-73.88833906402458, 40.682478354236814], [-73.88801952830948, 40.68262938324069], [-73.8873539206443, 40.68295010481907], [-73.88650461896654, 40.68334856743525], [-73.88564663765557, 40.68375304843661], [-73.88479646285047, 40.684152110191846], [-73.8838960345334, 40.684574005830264], [-73.88304165167652, 40.6849725727644], [-73.8822033311228, 40.68536028955668], [-73.88205690921683, 40.68492967557725], [-73.88186627736246, 40.68479495906462], [-73.88135101938616, 40.684461332066505], [-73.8811746516491, 40.68448610968277], [-73.8809946344125, 40.68449721757267], [-73.8807309237826, 40.68418069658929], [-73.88050167856473, 40.68384987400326], [-73.88007834025365, 40.683722868220414], [-73.87980899991749, 40.68364755675282], [-73.88072491699305, 40.68340951293189], [-73.8816439873132, 40.6832704589333], [-73.88116730343727, 40.681353663119765], [-73.88109834156579, 40.68107447676097], [-73.88093089555092, 40.680382777814465]]]]}",205.0,2001-08-07T00:00:00.000
"{'type': 'MultiPolygon', 'coordinates': [[[[-73.9803633472993, 40.64769374399739], [-73.98029115555427, 40.6472971614516], [-73.97911821952961, 40.64742806125418], [-73.97870209235904, 40.64523876270878], [-73.97832693208889, 40.6432684400158], [-73.97824897347061, 40.64284592893484], [-73.97901883195239, 40.64297192840338], [-73.97944230477998, 40.64279621781299], [-73.97892468681682, 40.640334097855586], [-73.97922816789684, 40.6405704369889], [-73.97986273454603, 40.640470997542586], [-73.98000679553478, 40.64020908165507], [-73.97967704950702, 40.63846479899738], [-73.9821611255485, 40.63995807429669], [-73.98292167402612, 40.640416203492556], [-73.98317823995437, 40.64016871810456], [-73.98408782263216, 40.63929771068256], [-73.98629156807341, 40.640624953404185], [-73.98687608020249, 40.64006923726794], [-73.98745552467525, 40.63950432560907], [-73.98966136461252, 40.64083622299173], [-73.99192812383227, 40.642204903994], [-73.99121277460564, 40.64268589053895], [-73.99049634088418, 40.64316444118903], [-73.99289980574545, 40.64461817696325], [-73.99230843465034, 40.64517718949681], [-73.99180823554936, 40.645783968573646], [-73.98905872465328, 40.64411924052117], [-73.98834986743027, 40.6445622436413], [-73.98165561537016, 40.64718886945425], [-73.9803633472993, 40.64769374399739]]]]}",103.0,2001-08-06T00:00:00.000
"{'type': 'MultiPolygon', 'coordinates': [[[[-73.92834967199683, 40.66864719409245], [-73.92852469791268, 40.666866559791245], [-73.92868404497243, 40.665086023005536], [-73.9287220462574, 40.66449556908831], [-73.92739350026963, 40.665074715826066], [-73.92542335514784, 40.66329428990064], [-73.9261385028783, 40.662832828880006], [-73.92685384216732, 40.66237073566561], [-73.92756664148749, 40.66190842942834], [-73.92779584619345, 40.66176070892967], [-73.92785713968645, 40.66172120553552], [-73.92828249218081, 40.66144706596024], [-73.92861625599774, 40.661231519018834], [-73.92905189164956, 40.660950181083926], [-73.92882288530788, 40.660745239140226], [-73.92938735068797, 40.66071510475998], [-73.93031984115756, 40.66065651160817], [-73.931325697743, 40.660593306415024], [-73.93233560706797, 40.66053172411264], [-73.93423037565134, 40.6604152401236], [-73.93431572890292, 40.66114775368419], [-73.93439181755453, 40.661863788349876], [-73.93446774728578, 40.66257521268187], [-73.93455236759675, 40.66336228522531], [-73.9316052372455, 40.66355300433315], [-73.93145550042567, 40.665233816735665], [-73.93422426378504, 40.66537774172619], [-73.93388773690738, 40.668950444741256], [-73.93111937851675, 40.668798542578635], [-73.92834967199683, 40.66864719409245]]]]}",163.0,2001-08-06T00:00:00.000
"{'type': 'MultiPolygon', 'coordinates': [[[[-73.87260831483314, 40.64729146488884], [-73.87020196399769, 40.6444058781123], [-73.86842525042556, 40.64219929167138], [-73.86662381456865, 40.64006383360565], [-73.86661143717906, 40.640049160591495], [-73.86724718198148, 40.63974398167732], [-73.86808136746777, 40.639993743522936], [-73.86860021499471, 40.64078553039924], [-73.87008231517585, 40.64303417760467], [-73.87116785197978, 40.64381342669286], [-73.87230766684426, 40.645354403588215], [-73.87247624175822, 40.64554224437911], [-73.87274213034803, 40.64583851876246], [-73.8734202490825, 40.646594117158045], [-73.87374607995056, 40.646258315250186], [-73.87307468712106, 40.64508986345089], [-73.87309496157053, 40.64479701994448], [-73.8731224554068, 40.64439990428713], [-73.87286782960645, 40.64393961453392], [-73.87059769998436, 40.64077010299917], [-73.87020388688721, 40.64023888039018], [-73.86990315741785, 40.63961929830365], [-73.86960340040648, 40.63850432261693], [-73.8695834673447, 40.637926699472], [-73.86958142003832, 40.637867362805345], [-73.86986219148487, 40.63776437598589], [-73.86989044886438, 40.63775401146201], [-73.87082748000816, 40.63741030030492], [-73.87097592096535, 40.63735584953668], [-73.87165009182124, 40.637020444494766], [-73.87216144540774, 40.636808702184766], [-73.87253385281633, 40.63638449260138], [-73.87353301529215, 40.63612020546301], [-73.8743684994514, 40.636439589264086], [-73.87607186725107, 40.63740356288823], [-73.87694708916538, 40.638355658664835], [-73.87760044922626, 40.63871870163397], [-73.87828418619559, 40.638730750523806], [-73.87840800864558, 40.6384854773419], [-73.87855271201136, 40.638198839998104], [-73.87843433536385, 40.637904309845894], [-73.87848316663826, 40.63758276519322], [-73.8784945126277, 40.63750805836719], [-73.87817633756778, 40.63724686098685], [-73.87750012026629, 40.63669172682051], [-73.87699591827901, 40.63605708397234], [-73.87702239538615, 40.63598353352092], [-73.8771094733426, 40.63574163623057], [-73.87899633653565, 40.63774375193146], [-73.87940890555096, 40.638251695660635], [-73.87929021925832, 40.638484969587665], [-73.87963467065167, 40.63847075394626], [-73.88034650074951, 40.63919562707424], [-73.88060329366033, 40.63945712026914], [-73.880483635307, 40.63972933734676], [-73.88047815380604, 40.6397418074451], [-73.88076895729145, 40.639742109335174], [-73.8841837366102, 40.64297861891467], [-73.88964264045147, 40.64810147982192], [-73.89125147203644, 40.650025599085566], [-73.89000786330614, 40.65115002552995], [-73.88959044319729, 40.651337545608875], [-73.88713098979916, 40.6523939153049], [-73.88628975394606, 40.65276890009432], [-73.88465215948915, 40.65345165393819], [-73.88221364901223, 40.65451863772909], [-73.87973336148404, 40.65556305784471], [-73.87260831483314, 40.64729146488884]]]]}",182.0,2001-08-07T00:00:00.000
"{'type': 'MultiPolygon', 'coordinates': [[[[-73.91995063039657, 40.644707629870034], [-73.92087159475524, 40.64399828970623], [-73.92174139447447, 40.643381732412884], [-73.92261514067556, 40.642732905929215], [-73.92356525997168, 40.64249929828947], [-73.92644653617359, 40.64231616578906], [-73.92668924679548, 40.64461355228458], [-73.92765995069315, 40.64455306696844], [-73.92786104187212, 40.64644023833519], [-73.92980160610084, 40.64631899471046], [-73.92999915463663, 40.648181063585696], [-73.93020593238315, 40.65010866663139], [-73.93038144419926, 40.65173405399552], [-73.92939161440422, 40.65193918306456], [-73.92847569022449, 40.652175894292455], [-73.92751430520278, 40.652318096618146], [-73.92769362598614, 40.653985166342686], [-73.9267214021134, 40.654044597824004], [-73.9257897346336, 40.654102632875954], [-73.92482136317275, 40.654161474104654], [-73.92384859018891, 40.654221006931294], [-73.92291541610051, 40.65427921587852], [-73.9223109356128, 40.65430871577149], [-73.92215814829426, 40.65431616775815], [-73.92195797317518, 40.65433075567226], [-73.92169400196087, 40.654349999988135], [-73.92089764685859, 40.65362510579018], [-73.9207736672728, 40.65255431407489], [-73.92037552707411, 40.64877878057669], [-73.92018438310119, 40.64702966167704], [-73.91997852236253, 40.64503237581031], [-73.91995063039657, 40.644707629870034]]]]}",181.0,2001-08-06T00:00:00.000
"{'type': 'MultiPolygon', 'coordinates': [[[[-73.95123536514332, 40.71169279277581], [-73.95111565744422, 40.710956619426476], [-73.95087492660748, 40.70951311492174], [-73.9508296388568, 40.70914359772792], [-73.9507602721444, 40.708802859752204], [-73.95053010065907, 40.70739098462454], [-73.95172392803022, 40.70780688820223], [-73.9532211999952, 40.70835256791907], [-73.95401701487978, 40.707080240879954], [-73.95554165818265, 40.70759344703199], [-73.95728255487968, 40.70820730926664], [-73.95772065494009, 40.70836523891602], [-73.9592516469015, 40.70890363214953], [-73.95886035027708, 40.709549167162955], [-73.95838811646952, 40.710246606512996], [-73.9580166155738, 40.71027828671995], [-73.95772653939608, 40.71029906326718], [-73.95743827629273, 40.710334509414025], [-73.95715374297123, 40.710384427166446], [-73.95687479746763, 40.71044844835196], [-73.95642478823501, 40.71061525264189], [-73.95598541879585, 40.7108366129806], [-73.95567802381073, 40.71112296280858], [-73.95539302397866, 40.71142100284419], [-73.9549503512224, 40.7120727911519], [-73.95452120871134, 40.71272657695477], [-73.95387585584427, 40.71251626343452], [-73.95272460024346, 40.71205716638639], [-73.95161974801604, 40.7116510901955], [-73.95123536514332, 40.71169279277581]]]]}",38.0,2001-08-01T00:00:00.000
"{'type': 'MultiPolygon', 'coordinates': [[[[-73.95042848522505, 40.69835075677813], [-73.9504674884216, 40.69852351283275], [-73.94984426491288, 40.69857649496396], [-73.94978834290588, 40.69831009997126], [-73.94695870116092, 40.69864081361978], [-73.9467960567244, 40.69790282264587], [-73.94663838478424, 40.69717998040334], [-73.94649028000624, 40.69645272050368], [-73.94636619009674, 40.6957039767086], [-73.9492067922875, 40.69537763175652], [-73.95248890929538, 40.69500377148549], [-73.9526615380139, 40.69587611143443], [-73.95292439165351, 40.69720434428009], [-73.95315142538138, 40.69830301941248], [-73.95253559455179, 40.69836259713861], [-73.95258394787008, 40.698608844172526], [-73.95196916079935, 40.6987440146089], [-73.95190468755312, 40.69842389155291], [-73.95103110295543, 40.69853432583512], [-73.95097246174022, 40.69828546799497], [-73.95042848522505, 40.69835075677813]]]]}",29.0,2001-07-31T00:00:00.000
"{'type': 'MultiPolygon', 'coordinates': [[[[-73.94546293660859, 40.66422610413321], [-73.94489227683732, 40.66417414277064], [-73.94408198673683, 40.66412857268392], [-73.94269629000014, 40.6640551291346], [-73.9399261271596, 40.663903887958995], [-73.94002976982672, 40.663020742605774], [-73.93726377615276, 40.66319183328465], [-73.93739693935271, 40.66292038209062], [-73.93734069184471, 40.66239632336035], [-73.93726248662234, 40.661670599382376], [-73.93718729659248, 40.66094689434885], [-73.93715311303092, 40.660629344133234], [-73.9371107247072, 40.660235588268655], [-73.93613573361615, 40.6602947540335], [-73.93589500377193, 40.658001463970905], [-73.93632541207676, 40.65797512022914], [-73.93686392953117, 40.657942170094024], [-73.93961407717475, 40.6577678087666], [-73.94231479527086, 40.65760897757493], [-73.94254980616462, 40.659891995445406], [-73.94281790102578, 40.6595413709925], [-73.94491446062092, 40.65943403224763], [-73.94525998076611, 40.65901045957193], [-73.94583947286421, 40.65931166084044], [-73.9469873789014, 40.6592255055632], [-73.947522545038, 40.6588757522694], [-73.94783647075147, 40.65913197976373], [-73.94985713704216, 40.65900284285556], [-73.95041539991874, 40.65869315020417], [-73.95123738657556, 40.65899621231649], [-73.952764749186, 40.65888126294084], [-73.95338452914403, 40.659226552033296], [-73.95346175879514, 40.65993695604319], [-73.95353961622466, 40.660648305497844], [-73.95361543369293, 40.66138780420372], [-73.95369968723512, 40.66217391666309], [-73.95326378042127, 40.66240690352418], [-73.95330179815336, 40.662800591390074], [-73.95378994646421, 40.66294659291829], [-73.95335896950427, 40.66318699641277], [-73.95349283235187, 40.66342762803394], [-73.95384851152659, 40.66372780831516], [-73.95343013501326, 40.66409830354731], [-73.95144824698782, 40.66427973961252], [-73.95097410116577, 40.66390486761086], [-73.95056264979684, 40.66431581352232], [-73.94982547328728, 40.6643154943525], [-73.94940638962716, 40.66400530754821], [-73.94927980888244, 40.66426422370585], [-73.94847561035759, 40.66427115599383], [-73.948166041825, 40.664081821597506], [-73.94793457629716, 40.664424007348074], [-73.94718102567072, 40.66454468148823], [-73.94599384609154, 40.66458495606641], [-73.94546293660859, 40.66422610413321]]]]}",165.0,2001-08-06T00:00:00.000
"{'type': 'MultiPolygon', 'coordinates': [[[[-73.92687894703931, 40.618949818866234], [-73.92662741035313, 40.6166119603042], [-73.92598272808512, 40.616651457952514], [-73.92562430525831, 40.61667341551999], [-73.9246955437854, 40.616733227052684], [-73.92372432050348, 40.61679294829353], [-73.92353611575966, 40.61501878793822], [-73.92349952825859, 40.61465659605114], [-73.92252930374501, 40.61471903277527], [-73.92159370159301, 40.61477818387776], [-73.92062400319834, 40.614838681713174], [-73.91965474282264, 40.614897982904864], [-73.9193708873103, 40.614690223066994], [-73.91727963810922, 40.61280374655399], [-73.91552462475043, 40.61119597563039], [-73.91637714018569, 40.61060928595905], [-73.9176795779596, 40.606962697362604], [-73.91393266783756, 40.6032815119523], [-73.91141896476663, 40.602692287570726], [-73.89878102644046, 40.60425507033615], [-73.89855549202986, 40.604282946177385], [-73.89862680524323, 40.60389222735619], [-73.8986493398293, 40.60376876217734], [-73.89543904467621, 40.60340899664324], [-73.8944347364972, 40.6034679380917], [-73.89380013975514, 40.60343298590347], [-73.89326558201931, 40.60352203237262], [-73.89212774642726, 40.60348241236175], [-73.89105671686292, 40.60394026071835], [-73.88969250077545, 40.604420524746736], [-73.8896846106958, 40.60442330249017], [-73.88857984845225, 40.605034048226265], [-73.88700710456234, 40.6054658793554], [-73.88479998248468, 40.60523425946046], [-73.88394459008678, 40.605546925737734], [-73.88265832866624, 40.60426139248138], [-73.88292395917138, 40.6035062346687], [-73.88322200631198, 40.60310364310384], [-73.8828927769609, 40.60244860369398], [-73.8816421313114, 40.599752961323404], [-73.88065662904009, 40.596629503787916], [-73.88064395990058, 40.59576236760325], [-73.88062845865568, 40.59470135558498], [-73.88062719660014, 40.59461499676464], [-73.88006924429588, 40.59259993894773], [-73.87931290937394, 40.590710574761296], [-73.87859230247068, 40.58736074585696], [-73.87651625830246, 40.58473971138074], [-73.87929858382108, 40.58036117529831], [-73.87930742593961, 40.58035506281975], [-73.87966232971236, 40.58010974671807], [-73.8818761199779, 40.57953288153886], [-73.88177771117734, 40.57915506507129], [-73.88372386394603, 40.57882259990117], [-73.8857752663039, 40.57832813630105], [-73.88752608308008, 40.57805287305446], [-73.8878056719577, 40.57804753616411], [-73.8887810886016, 40.578028913483585], [-73.88927575762742, 40.57784092405199], [-73.88964028843246, 40.577702389551206], [-73.89005738851418, 40.577731062343894], [-73.89112625752887, 40.57780453108464], [-73.89248057629253, 40.5776295396231], [-73.89323810726623, 40.57728393754874], [-73.89380254303647, 40.57702642519439], [-73.89542127295792, 40.57670055762746], [-73.8955867864121, 40.57695371604466], [-73.89660735554182, 40.578514662294864], [-73.89802545684879, 40.57982534125503], [-73.8975618537466, 40.58063072092203], [-73.89709897660937, 40.58095765965549], [-73.89627225012092, 40.58163680322477], [-73.89617211263119, 40.58231659972827], [-73.89630316650045, 40.58299660409569], [-73.89811635399684, 40.58518897123158], [-73.89824643575636, 40.58652367852998], [-73.89874050487823, 40.5874306301915], [-73.89933428522811, 40.587934770847546], [-73.89975184108377, 40.58800336590221], [-73.90025890631671, 40.58808666348049], [-73.90128295813489, 40.58801200469461], [-73.90210974949744, 40.5873076450556], [-73.90320002942158, 40.5871071206422], [-73.90359700553816, 40.586679378627565], [-73.90521552849978, 40.586630362487], [-73.90683369778846, 40.586833134067206], [-73.90808917326048, 40.58658233529911], [-73.90941103961137, 40.58607976616952], [-73.90977525251502, 40.58595588940226], [-73.9106667270273, 40.585652672644805], [-73.91142225804342, 40.586006513318814], [-73.91168999732629, 40.5861319021436], [-73.91258244979709, 40.58562896478902], [-73.91231943968796, 40.5846970687441], [-73.91202330989718, 40.58384068892192], [-73.91073709439299, 40.582429562426476], [-73.91093656865641, 40.58144765857394], [-73.91143422846469, 40.58140426789222], [-73.9117953715624, 40.58137277882127], [-73.91241055878734, 40.581504617053334], [-73.91756493471337, 40.58609558256427], [-73.91804055861984, 40.58651917352915], [-73.92759936728952, 40.59506077919116], [-73.92635230399182, 40.59580075155699], [-73.92605287552294, 40.595980499964256], [-73.9281313970924, 40.597777927537216], [-73.92992224939847, 40.599437382138944], [-73.93173390202114, 40.601062069529966], [-73.93355117190023, 40.60268728053275], [-73.93426266724667, 40.60223071083766], [-73.93609407362716, 40.60387316165954], [-73.93791557913168, 40.60549790031949], [-73.93972613963506, 40.607132915162445], [-73.93753749442563, 40.60855738946376], [-73.93533194858345, 40.609974068262666], [-73.9331598417455, 40.61138133135156], [-73.93498193520213, 40.61301244613821], [-73.93423957797424, 40.613497441018225], [-73.9360577431693, 40.61512319610776], [-73.93534816212548, 40.6155845594498], [-73.93463319267656, 40.616047608045584], [-73.9339176957534, 40.61650878815993], [-73.93320457584889, 40.61697044223094], [-73.93248727428701, 40.617431702390185], [-73.93173179280281, 40.617926920870936], [-73.9324624556945, 40.61860132022957], [-73.93169293752634, 40.618653024034415], [-73.9307581295718, 40.61871038594083], [-73.9297896486386, 40.6187697914548], [-73.92881955801089, 40.618829871815954], [-73.92788368033037, 40.61888855189116], [-73.92687894703931, 40.618949818866234]]]]}",10.0,2001-07-31T00:00:00.000
"{'type': 'MultiPolygon', 'coordinates': [[[[-73.92011464246882, 40.668376009257166], [-73.9200475396995, 40.66827643238403], [-73.92014864276712, 40.668229490455985], [-73.92101988714153, 40.667852704959294], [-73.920625656216, 40.666329434803316], [-73.92058231230995, 40.666154368853434], [-73.92053797848902, 40.66599067616532], [-73.92063742658685, 40.66597928430584], [-73.92099518224964, 40.66592643116272], [-73.92128279978299, 40.66560050796252], [-73.92136559426982, 40.66548979051867], [-73.92150018651594, 40.66557217325088], [-73.92191898503746, 40.665785346761616], [-73.92219006783724, 40.66546611775817], [-73.92232014493884, 40.66534832865913], [-73.92215142137299, 40.66527453896739], [-73.9219204072659, 40.665061670250076], [-73.92147807528512, 40.66512491767307], [-73.92153698488647, 40.66536380717901], [-73.92136559426982, 40.66548979051867], [-73.92114740456431, 40.66542321229742], [-73.92081338961167, 40.66519636785463], [-73.92045598831012, 40.66524903183859], [-73.92035174797645, 40.66526824898852], [-73.92004899999853, 40.66408892230826], [-73.92018601543033, 40.66416980317896], [-73.92078396698146, 40.66409152229597], [-73.92097208183674, 40.66395334800447], [-73.92110852938953, 40.66402868128532], [-73.92158324310637, 40.663959751647916], [-73.92165572021119, 40.66384357858683], [-73.92139304637863, 40.66378967194592], [-73.92105620652953, 40.66384045438025], [-73.92097208183674, 40.66395334800447], [-73.92045202047095, 40.66393190662376], [-73.92004899999853, 40.66408892230826], [-73.91977851091849, 40.663290498257425], [-73.91962670263845, 40.66255604809401], [-73.91959601043646, 40.66214846496766], [-73.91959480026881, 40.66199568321554], [-73.9197312900461, 40.66212335240677], [-73.92011326203719, 40.66245910405941], [-73.92077834235137, 40.66307523820485], [-73.92105081785459, 40.66331385522439], [-73.92193009528668, 40.66274459950025], [-73.9227284305833, 40.66223123200692], [-73.92360799726802, 40.66166328068226], [-73.92542335514784, 40.66329428990064], [-73.92739350026963, 40.665074715826066], [-73.9287220462574, 40.66449556908831], [-73.92868404497243, 40.665086023005536], [-73.92852469791268, 40.666866559791245], [-73.92834967199683, 40.66864719409245], [-73.92560682539337, 40.66850525177181], [-73.92531218941154, 40.66848456533385], [-73.9226321077906, 40.668373210260846], [-73.9225217419218, 40.66838359084486], [-73.92207694710102, 40.668604259061034], [-73.92180873270215, 40.66871588715528], [-73.92070761265184, 40.669174151593346], [-73.91996590330461, 40.669476381211396], [-73.92001180416656, 40.66940418694901], [-73.92004326711421, 40.66913722880322], [-73.92011464246882, 40.668376009257166]]]]}",162.0,2011-08-13T00:00:00.000
"{'type': 'MultiPolygon', 'coordinates': [[[[-73.9602928025196, 40.69034625541063], [-73.9599990589184, 40.690225448103185], [-73.95938499220145, 40.69029296963048], [-73.95937265285492, 40.69024085887427], [-73.9592822494659, 40.68985907681443], [-73.95716995200766, 40.69009898934984], [-73.95727249229614, 40.690693477542645], [-73.95541058018081, 40.690908291067075], [-73.95526567431808, 40.6901751358642], [-73.95497568160681, 40.68871119337144], [-73.95713186518091, 40.68846313278463], [-73.96269328187225, 40.68781917671666], [-73.96283558917797, 40.68855479824844], [-73.96332152201482, 40.68999904450538], [-73.96613499102759, 40.68967258833106], [-73.96656628596585, 40.691755682335696], [-73.96280893708173, 40.69220085966102], [-73.9618991061325, 40.69230068010877], [-73.96073858579597, 40.692423912517384], [-73.96042527712933, 40.69096363991597], [-73.9602928025196, 40.69034625541063]]]]}",244.0,2001-08-07T00:00:00.000
"{'type': 'MultiPolygon', 'coordinates': [[[[-73.98644928979171, 40.6650284636842], [-73.98594772989067, 40.665630659968784], [-73.98544518025432, 40.66623221381766], [-73.98494232559845, 40.66683381946167], [-73.98258125728363, 40.66569309112982], [-73.98408880433689, 40.66388588402003], [-73.98459157358445, 40.66328374116729], [-73.98303080847076, 40.662910115739], [-73.98223034212606, 40.66214149219415], [-73.98074079256581, 40.66183757581303], [-73.98016978673428, 40.661156178195846], [-73.98006025449193, 40.660790758306476], [-73.98037233139047, 40.66039838479877], [-73.98087475374462, 40.659794492992425], [-73.9811473316812, 40.660294106183215], [-73.98255627590711, 40.66097453626883], [-73.98323712110782, 40.660936221055486], [-73.98391792698354, 40.66013748829656], [-73.9844802412883, 40.65959833624952], [-73.98227503013439, 40.658270593045074], [-73.98402397239211, 40.656591169235064], [-73.98842872883704, 40.659249851032754], [-73.9895923822405, 40.65813406002132], [-73.99018841615164, 40.65760081748739], [-73.9923833951971, 40.65889901536441], [-73.99458790585092, 40.66022793344753], [-73.99411081332805, 40.66021392888234], [-73.99383482096832, 40.660446197237725], [-73.99400419129223, 40.660789835817155], [-73.99351887645545, 40.660739297967616], [-73.9933155062674, 40.66095497711732], [-73.99342089320965, 40.66134895255487], [-73.99293418632675, 40.66133103067486], [-73.99267270549826, 40.661596479328274], [-73.99283830654352, 40.6619084805304], [-73.99235244063102, 40.661874367720806], [-73.99217085848143, 40.66202126032949], [-73.99071845381674, 40.661191572355925], [-73.99005216530196, 40.66113864709957], [-73.98947000118294, 40.661699040514584], [-73.98961599036785, 40.66215932153834], [-73.99089409999993, 40.66297241766188], [-73.99167274870811, 40.663028680026805], [-73.99065052860126, 40.66405789154962], [-73.98981472103202, 40.66496334326108], [-73.98880924177318, 40.66616951800691], [-73.98644928979171, 40.6650284636842]]]]}",107.0,2001-08-06T00:00:00.000
"{'type': 'MultiPolygon', 'coordinates': [[[[-73.94168140285423, 40.62490719174812], [-73.94122907248821, 40.62251711546657], [-73.94096450310515, 40.621075616101436], [-73.94088382014901, 40.62063602114508], [-73.94084573317089, 40.62044603667367], [-73.94084495890779, 40.62022632744933], [-73.94080490294792, 40.62012493505936], [-73.94122631454198, 40.62007900857737], [-73.94152130929584, 40.619627449067806], [-73.94163043901, 40.619462060785544], [-73.94241655874814, 40.61859269831779], [-73.943193490436, 40.61767858793499], [-73.94346962059865, 40.61738500127707], [-73.94406809859954, 40.61732489595537], [-73.94506642802921, 40.617212686591614], [-73.94606699693091, 40.6171037381084], [-73.94699365122267, 40.61700163573919], [-73.9479171940036, 40.61689975889592], [-73.94884639316862, 40.61679906564573], [-73.94981159018374, 40.61669279714861], [-73.95077169022487, 40.6165875361341], [-73.95169932191372, 40.616486188672965], [-73.95214850049672, 40.61887535012536], [-73.9530769653509, 40.61877421725306], [-73.95400311154786, 40.61867267082277], [-73.95503698385235, 40.61855781083316], [-73.95623764374623, 40.61842739735752], [-73.95668950212662, 40.62081786258412], [-73.95714256537761, 40.62320789419354], [-73.95808804109068, 40.623105801892905], [-73.95904655452173, 40.62299946279289], [-73.96001047699345, 40.62289538989203], [-73.96046571855976, 40.62528277576335], [-73.95950304868451, 40.62538939757774], [-73.95853833311185, 40.62549418028934], [-73.95759526823335, 40.62559746808043], [-73.95639327414808, 40.62572997144183], [-73.95536369203177, 40.625844068392205], [-73.95443415143403, 40.62594456216673], [-73.95350610798496, 40.62604728219296], [-73.9525791378796, 40.62614928372081], [-73.9516174147839, 40.62625381114398], [-73.9520690185395, 40.628645781022435], [-73.95110641914509, 40.62875046655952], [-73.95017657017168, 40.62885277191422], [-73.94925229830709, 40.628954765343174], [-73.94832386266336, 40.62905665999063], [-73.94732672265118, 40.62916656615388], [-73.94632622227995, 40.62927664215902], [-73.94540053212029, 40.62937781236506], [-73.94446784120747, 40.62948005153745], [-73.9441553528814, 40.62950828460138], [-73.94333198111696, 40.628730805123816], [-73.94227429485238, 40.627723578887974], [-73.94216207887062, 40.62729027326795], [-73.94168140285423, 40.62490719174812]]]]}",11.0,2001-07-31T00:00:00.000
"{'type': 'MultiPolygon', 'coordinates': [[[[-73.95868371868455, 40.600884252997446], [-73.95590787530317, 40.6011887618738], [-73.95547624221587, 40.59893730930528], [-73.95640211013522, 40.59883320888862], [-73.95600127952935, 40.59671338809693], [-73.95565081073656, 40.594854848282004], [-73.95655540383615, 40.594647726806855], [-73.95746236614103, 40.59443917942459], [-73.9583676455924, 40.59422803187305], [-73.95883405228676, 40.59405397569192], [-73.95946787324858, 40.59456549093898], [-73.9608878418543, 40.59436442802097], [-73.9622987104596, 40.59421810523528], [-73.96341304089835, 40.59431602821364], [-73.96453099423788, 40.594404827946256], [-73.96483469053503, 40.594434692471665], [-73.96506098507767, 40.59570717314288], [-73.9654861829016, 40.5978330934118], [-73.96590288479209, 40.60008462287905], [-73.9663690056802, 40.60246763206645], [-73.96498563374247, 40.60263003314475], [-73.96155209789315, 40.60300693905426], [-73.96188567971518, 40.607336300059146], [-73.96090977372405, 40.607693101217635], [-73.96002764067698, 40.608034816309704], [-73.9600296622509, 40.60803304568658], [-73.96009822152122, 40.60776827416761], [-73.9604032012177, 40.60750402137604], [-73.96034480274236, 40.60716072493478], [-73.9600529547461, 40.60588676736743], [-73.95957610256033, 40.60559992742112], [-73.95907779012092, 40.60522810138169], [-73.95902279039554, 40.605188237293305], [-73.95882425589296, 40.60370115330888], [-73.95913611431912, 40.603273590180116], [-73.95870546693432, 40.60292544869879], [-73.95864669948988, 40.602881260560636], [-73.95835467980108, 40.60129017284728], [-73.95868371868455, 40.600884252997446]]]]}",138.0,2001-08-06T00:00:00.000
"{'type': 'MultiPolygon', 'coordinates': [[[[-73.91586839084428, 40.704114276760095], [-73.91586603687611, 40.70399273569618], [-73.91599765425855, 40.70375581687038], [-73.9156116003275, 40.70352809600913], [-73.91527879119722, 40.703646337601505], [-73.9151259596642, 40.70367669520934], [-73.91512462762603, 40.70355524819785], [-73.91524625013233, 40.703315888787245], [-73.91481442754639, 40.70306049007964], [-73.91453811304581, 40.70320835936765], [-73.9143860841182, 40.70323829115143], [-73.91442011171289, 40.703431296045466], [-73.91360873862168, 40.704266160885254], [-73.91329162395091, 40.70431263857937], [-73.91254913891188, 40.70387341930859], [-73.91180710050169, 40.703434952015805], [-73.91290404119378, 40.702361890729556], [-73.91306211424511, 40.70233519715476], [-73.91331538973718, 40.70217614503938], [-73.91377847920135, 40.702447817462264], [-73.91364442582989, 40.70267681221699], [-73.91364440830388, 40.70279892687404], [-73.914849726017, 40.70161722723858], [-73.91631608374071, 40.70012139007016], [-73.91752228635622, 40.698893241043514], [-73.91836650823888, 40.69880745683878], [-73.91903305126996, 40.69889113998065], [-73.91939904374647, 40.69903413261363], [-73.9193764991991, 40.69939190786439], [-73.91998829269077, 40.69918408196968], [-73.9202203415074, 40.699313387355396], [-73.92012733475326, 40.69981991355054], [-73.91955672787395, 40.699958647852924], [-73.91859546870873, 40.700926553256444], [-73.91857148517983, 40.701403860302825], [-73.91858261172223, 40.7015284501285], [-73.91853125275678, 40.7016952654255], [-73.91728727293138, 40.70290956503066], [-73.9170504166295, 40.702952789799085], [-73.91703437264428, 40.7030950432449], [-73.91602253251614, 40.704086582095734], [-73.91586839084428, 40.704114276760095]]]]}",82.0,2001-08-03T00:00:00.000
"{'type': 'MultiPolygon', 'coordinates': [[[[-73.98968697908617, 40.57400455059563], [-73.99000435065733, 40.575674814856704], [-73.99007402742761, 40.576041498684205], [-73.98901555383294, 40.57615831753761], [-73.98866270791697, 40.574301545905485], [-73.98871454383492, 40.57428651222818], [-73.98968697908617, 40.57400455059563]]]]}",122.0,2011-08-12T00:00:00.000
"{'type': 'MultiPolygon', 'coordinates': [[[[-73.92097208183674, 40.66395334800447], [-73.92105620652953, 40.66384045438025], [-73.92139304637863, 40.66378967194592], [-73.92165562995942, 40.66384358856583], [-73.92158324310637, 40.663959751647916], [-73.92110852938953, 40.66402868128532], [-73.92097208183674, 40.66395334800447]]], [[[-73.92004899999853, 40.66408892230826], [-73.92045202047095, 40.66393190662376], [-73.92097208183674, 40.66395334800447], [-73.92078396698146, 40.66409152229597], [-73.92018565214677, 40.66416840446173], [-73.92004899999853, 40.66408892230826]]], [[[-73.92136559426982, 40.66548979051867], [-73.92153698488647, 40.66536380717901], [-73.92147807528512, 40.66512491767307], [-73.9219204072659, 40.665061670250076], [-73.92215142137299, 40.66527453896739], [-73.92232014493884, 40.66534832865913], [-73.92219006783724, 40.66546611775817], [-73.92191898503746, 40.665785346761616], [-73.92150018651594, 40.66557217325088], [-73.92136559426982, 40.66548979051867]]], [[[-73.92004899999853, 40.66408892230826], [-73.92035174797645, 40.66526824898852], [-73.92045598831012, 40.66524903183859], [-73.92081338961167, 40.66519636785463], [-73.92114740456431, 40.66542321229742], [-73.92136559426982, 40.66548979051867], [-73.92128279978299, 40.66560050796252], [-73.92099518224964, 40.66592643116272], [-73.92063742658685, 40.66597928430584], [-73.92053797848902, 40.66599067616532], [-73.92058231230995, 40.666154368853434], [-73.920625656216, 40.666329434803316], [-73.92101988714153, 40.667852704959294], [-73.92014864276712, 40.668229490455985], [-73.9200475396995, 40.66827643238403], [-73.92011464246882, 40.668376009257166], [-73.92004326711421, 40.66913722880322], [-73.92001180416656, 40.66940418694901], [-73.91996590330461, 40.669476381211396], [-73.92038850516575, 40.66978561345573], [-73.91987744167696, 40.66997723729291], [-73.92025197989649, 40.67043557418832], [-73.91979413730068, 40.67086878324199], [-73.92004967114872, 40.67124240381361], [-73.9200243456553, 40.671640143950405], [-73.91970905965738, 40.671757857017454], [-73.92005133817227, 40.672160453588276], [-73.92010441906167, 40.672407212283005], [-73.92187302606405, 40.67253670965531], [-73.92188134948236, 40.672722042298325], [-73.9218817333237, 40.67273058755051], [-73.92204767403248, 40.67276630288411], [-73.92221444364071, 40.672791640940666], [-73.92203656759874, 40.672897303250956], [-73.92185343967716, 40.67297713847914], [-73.92185162801772, 40.673007168538895], [-73.92182102623777, 40.67351436036601], [-73.92213148419432, 40.67368388590084], [-73.92158579888256, 40.67405557294991], [-73.92000255481953, 40.673981298195514], [-73.91954092512947, 40.673541885923456], [-73.91907827426284, 40.673975329694834], [-73.91721449410292, 40.673856009064316], [-73.91677231275766, 40.67339070104164], [-73.91661697846864, 40.675059946980646], [-73.91654436294573, 40.67583843466312], [-73.91646486030737, 40.676647039492714], [-73.91635492184213, 40.67782353668155], [-73.91630119875474, 40.678577111836745], [-73.91639300070047, 40.67890584835374], [-73.91653998724873, 40.67963749735702], [-73.91668638366966, 40.68037137882597], [-73.91707954969466, 40.680525979324244], [-73.91713420838174, 40.6808530036818], [-73.9168301148617, 40.68110098065813], [-73.91718789258013, 40.68145844387044], [-73.91697633080778, 40.68183416658269], [-73.91732048341979, 40.68218485111014], [-73.91712138621665, 40.68256847398434], [-73.91748255547337, 40.682897371508524], [-73.91726632729919, 40.68330322705202], [-73.91757669726023, 40.68365873369905], [-73.91741294436382, 40.68403405467997], [-73.91776142007616, 40.68432465421612], [-73.91755763390267, 40.68476719713695], [-73.91788107156196, 40.685093957034475], [-73.91770109455992, 40.685500358101756], [-73.91800616049738, 40.68582204884832], [-73.91784937489007, 40.68623316733115], [-73.91720809458782, 40.68613957706103], [-73.91691610932338, 40.686352310993016], [-73.91679832884927, 40.68649719927609], [-73.91661032034342, 40.68639135212573], [-73.91604599339173, 40.68607206951287], [-73.91550033964995, 40.68576152401033], [-73.91528963527188, 40.685645536397956], [-73.91470083274493, 40.68531695289537], [-73.91330728006538, 40.68452086548507], [-73.91227300723837, 40.68393497011074], [-73.9107695418883, 40.683092703661856], [-73.90938109963828, 40.68451293946469], [-73.90787839713788, 40.68365741666155], [-73.90768752032359, 40.683016515770966], [-73.9082631387353, 40.68235651327492], [-73.909274623255, 40.68223432952402], [-73.90905526889497, 40.68210558258301], [-73.90886025456456, 40.681994043708634], [-73.9085164170791, 40.6818039498002], [-73.90701819700075, 40.68094828634015], [-73.90628286887545, 40.68050675813814], [-73.90571511355078, 40.680707019923396], [-73.9057115695783, 40.68071042186573], [-73.90546888800836, 40.681342604720896], [-73.90482270043398, 40.68159385685406], [-73.90487526289408, 40.681947122294815], [-73.90398569107755, 40.68233656261447], [-73.90390258825809, 40.68294632163155], [-73.90267608968935, 40.68228174202413], [-73.90273332401547, 40.68163892829742], [-73.90262253085457, 40.68066445386729], [-73.90239361070627, 40.680498333071505], [-73.90351694450747, 40.67926642147753], [-73.9040450366776, 40.679221690742864], [-73.90404357708022, 40.679220842141085], [-73.90403487504449, 40.67921578299457], [-73.90333724728539, 40.6789243068554], [-73.90357657163565, 40.67888331237524], [-73.9034987000246, 40.678748972135665], [-73.90332884908601, 40.67801101965116], [-73.90331599922717, 40.67786922654769], [-73.90301228437549, 40.6777063737348], [-73.90301331844617, 40.67768909822333], [-73.90303983345119, 40.67724592212363], [-73.90335417551859, 40.67711154242405], [-73.90323571102888, 40.67700792744172], [-73.90301760609462, 40.676552874971215], [-73.90345933589086, 40.67603501070894], [-73.90346553639807, 40.675886016625824], [-73.90287694462418, 40.67582186473183], [-73.90289113796301, 40.67578134460062], [-73.90291887295577, 40.675684580605996], [-73.90313803919832, 40.67562221544113], [-73.90347422365194, 40.67550669043164], [-73.9037437501448, 40.67540684080147], [-73.90428786643206, 40.67522936350792], [-73.90438792302287, 40.67520674802359], [-73.90450912034594, 40.675052114970796], [-73.9052401280772, 40.674724953534714], [-73.90451556446254, 40.67192553808077], [-73.90359587780623, 40.67206004205602], [-73.90342017866791, 40.671377767041776], [-73.90326961337156, 40.670793135039425], [-73.90289735694567, 40.67058990221856], [-73.90271103837111, 40.669865865020455], [-73.90294639637908, 40.66953005178516], [-73.90254001336558, 40.669354110049895], [-73.90235250527816, 40.668648090622575], [-73.90262639199173, 40.66827343438905], [-73.90217934421872, 40.66799205255052], [-73.90196897559348, 40.66715436646693], [-73.90223184149423, 40.666736224515304], [-73.90183177116319, 40.66679588720823], [-73.90126570620495, 40.66688065689852], [-73.90085135762877, 40.66534589719386], [-73.90075326976925, 40.66499864493581], [-73.90041654239988, 40.66380652995572], [-73.90002523109172, 40.662281633720625], [-73.89993637563987, 40.66191320015795], [-73.89965233421968, 40.66073541871789], [-73.89939741508122, 40.65978311633598], [-73.89921760787246, 40.6591114065659], [-73.8988069870582, 40.65740666921939], [-73.89904180634112, 40.65737166505937], [-73.89988986620583, 40.657274528350584], [-73.90002679259406, 40.65725385015764], [-73.90029427134277, 40.65720888710554], [-73.90039486713174, 40.65718420533104], [-73.90048766694721, 40.6571486812928], [-73.90057490981339, 40.65709994997504], [-73.90064904396813, 40.65704156115342], [-73.90116516210452, 40.65653462532029], [-73.90118710877314, 40.65651355946142], [-73.9019448830462, 40.65601555992953], [-73.90230238053378, 40.6557806153648], [-73.90245382770874, 40.65566437011985], [-73.90261910922533, 40.65555811340479], [-73.9027964108907, 40.655463213063264], [-73.90298365939891, 40.65538078502758], [-73.90317858623247, 40.65531164018406], [-73.9041422165129, 40.65514642880272], [-73.90507059988978, 40.655010068072116], [-73.90571254403467, 40.654915944547845], [-73.90692334552148, 40.654738427253704], [-73.90767200868822, 40.654618902716145], [-73.90804209839557, 40.65456279528419], [-73.90974279862591, 40.65431111377004], [-73.91070974816161, 40.65417874097954], [-73.91108369001316, 40.65416899784781], [-73.91232824870329, 40.65413478558495], [-73.91253567077031, 40.654300636214394], [-73.9129116933237, 40.654650070641594], [-73.91465843124004, 40.65621425556813], [-73.91647481284866, 40.65784912684376], [-73.91829371925166, 40.65948380682564], [-73.91962827935808, 40.66066826911966], [-73.91974399679926, 40.66077097659409], [-73.91966280889544, 40.661405032967956], [-73.91962719235869, 40.661708059292174], [-73.91959480026881, 40.66199568321554], [-73.91959601043646, 40.66214846496766], [-73.91962670263845, 40.66255604809401], [-73.91977851091849, 40.663290498257425], [-73.92004899999853, 40.66408892230826]]]]}",47.0,2012-12-09T00:00:00.000
"{'type': 'MultiPolygon', 'coordinates': [[[[-73.94991530402105, 40.67609615822368], [-73.94944148989026, 40.67597850097336], [-73.94950916902843, 40.675279037380925], [-73.95000107461343, 40.675204298425754], [-73.95336353573063, 40.675385633543044], [-73.95606852814598, 40.67592768236625], [-73.95638529734289, 40.6750499000322], [-73.95713878101469, 40.67484595430405], [-73.95938046095903, 40.67531085246112], [-73.95975807264796, 40.67575600713901], [-73.96035311255046, 40.67552098380513], [-73.96251754110644, 40.67600892174881], [-73.96278353734627, 40.67629193673177], [-73.96286444078424, 40.67640534550574], [-73.96153961853783, 40.680086258580715], [-73.9614104607566, 40.68041315396915], [-73.9613465510839, 40.68046352945426], [-73.95829216607594, 40.6798311411698], [-73.95529361668069, 40.67920315333373], [-73.95463216471381, 40.67906406351204], [-73.95298672708469, 40.67872199550883], [-73.95206345271625, 40.6785863301333], [-73.94967567455093, 40.67845668110715], [-73.94922145343902, 40.67833947103448], [-73.94922260706852, 40.67827059880858], [-73.94927547435732, 40.67771478062182], [-73.94976982002648, 40.67765172495616], [-73.94938929846359, 40.677538116676914], [-73.94941992375342, 40.67722312115372], [-73.94984427153204, 40.67687469473718], [-73.94963979888126, 40.67673720927271], [-73.94956311297244, 40.67620662991943], [-73.94991530402105, 40.67609615822368]]]]}",154.0,2012-12-09T00:00:00.000
"{'type': 'MultiPolygon', 'coordinates': [[[[-73.93368767768885, 40.69115915285031], [-73.93324840743071, 40.68896103373359], [-73.93271357699321, 40.68934073945637], [-73.93096939218441, 40.68955260673397], [-73.93032510591404, 40.689297264029264], [-73.93017997020476, 40.68856513958847], [-73.93003469550803, 40.687832429076934], [-73.92988765029486, 40.68709941146698], [-73.93281277372368, 40.68676322075926], [-73.93266904642317, 40.686032342894684], [-73.93558975677485, 40.685694782375684], [-73.93851929541194, 40.68535451525032], [-73.93865905183324, 40.68609038910046], [-73.93880456958547, 40.68682474515573], [-73.9389507434897, 40.687556409783475], [-73.93909616262428, 40.68828890103176], [-73.93924249382381, 40.68902355429071], [-73.93938872398572, 40.68975628041241], [-73.93928492778232, 40.68986127135904], [-73.93939372886479, 40.6904085997003], [-73.93707555866065, 40.690677101103745], [-73.93661363997683, 40.69081970304366], [-73.93368767768885, 40.69115915285031]]]]}",75.0,2001-08-01T00:00:00.000
"{'type': 'MultiPolygon', 'coordinates': [[[[-73.98463965475426, 40.59355217578135], [-73.9844026549332, 40.592352773335335], [-73.98386525278828, 40.5924346296131], [-73.98380088149031, 40.591959424492494], [-73.98311301555945, 40.5920412559452], [-73.9831988854444, 40.592483692762414], [-73.98225306339648, 40.59258186697412], [-73.9821886990589, 40.59212304687268], [-73.98041512044631, 40.59230382643109], [-73.9806116279925, 40.59202166196933], [-73.97967545723814, 40.59213260582419], [-73.97952582619378, 40.59149624088588], [-73.97916485479747, 40.59156942162588], [-73.97876126302887, 40.589602673758165], [-73.97848414171608, 40.58963247217859], [-73.97599223405834, 40.5898674201027], [-73.97557035113779, 40.589947991252174], [-73.97421699324582, 40.590111554629736], [-73.97428505458268, 40.58870895113078], [-73.97437832633037, 40.587198677238], [-73.97445847940541, 40.58575920832695], [-73.97449382934589, 40.5852411538732], [-73.97461091950547, 40.583129875093626], [-73.97460468641884, 40.58284153501666], [-73.97630255996934, 40.58266420348756], [-73.97788780503777, 40.58264773285299], [-73.97847603132129, 40.58271125403794], [-73.9802229483491, 40.58289988104987], [-73.98224834280356, 40.58322364034117], [-73.98371390162814, 40.58350481182295], [-73.98392491383746, 40.58339507760526], [-73.98439246237002, 40.5829428513233], [-73.98476023097831, 40.58258712986907], [-73.98505088338108, 40.58236784368459], [-73.98566016430205, 40.58190815800992], [-73.98615100950842, 40.581637969217354], [-73.9866748409303, 40.581264826156975], [-73.98697475780516, 40.58105118153872], [-73.98712362757351, 40.58094513461377], [-73.98733849969187, 40.58054483418413], [-73.98736910452185, 40.58048781727701], [-73.98768731803246, 40.57985726981212], [-73.98805999027087, 40.57958705918946], [-73.9889273360169, 40.580033008998555], [-73.98904143781044, 40.58016923319584], [-73.98955943307686, 40.58046031907399], [-73.98978666159225, 40.5803494678899], [-73.98997748235487, 40.580598945137346], [-73.99023193984529, 40.580737556785806], [-73.99115893979733, 40.58095244553675], [-73.99187692422474, 40.58104258155174], [-73.99196778273739, 40.581264331141206], [-73.99196777072419, 40.58136421995028], [-73.99196776773655, 40.58138906180156], [-73.99206773008505, 40.581499940344365], [-73.9920404268269, 40.58181176464979], [-73.99180411597442, 40.581860253851175], [-73.99156774148041, 40.58240073563865], [-73.9909495779714, 40.58335695567442], [-73.99035868583182, 40.58415379631767], [-73.99022233082913, 40.58429237448173], [-73.99041318636881, 40.58438940307454], [-73.9903131792233, 40.58457649017396], [-73.99085855472242, 40.5843340040386], [-73.99092049534877, 40.584306463733355], [-73.9928218741996, 40.58346102995024], [-73.99284915222503, 40.58335708960353], [-73.99419436000372, 40.582726583615546], [-73.99533958144046, 40.58224157314723], [-73.9959303579649, 40.58208914681813], [-73.99718458650501, 40.582352504761154], [-73.99806618760077, 40.58258812431605], [-74.00039291549876, 40.58314249783217], [-74.00041508930293, 40.58354537494895], [-74.0004474556697, 40.584133412275875], [-73.99994756074383, 40.58456996897501], [-73.99925678995815, 40.58491644033128], [-73.99854898694534, 40.58534743134952], [-73.9982751573025, 40.58535298649689], [-73.99823880013042, 40.58540842127344], [-73.99840077248653, 40.58546650380745], [-73.99871107351335, 40.58549183583208], [-73.9993022292592, 40.58554009279413], [-73.99958399225567, 40.58575490773935], [-73.99963852612048, 40.586087522577266], [-73.99953492302338, 40.586281943419564], [-73.99952036333161, 40.58630926524127], [-73.99928162004187, 40.58640311655057], [-73.99877504004269, 40.5864963551654], [-73.99838419897193, 40.586551786556605], [-73.99856848677824, 40.586851950566455], [-73.99858415619637, 40.58687747339496], [-73.99851902428176, 40.58687099600959], [-73.99837510216729, 40.58685668294646], [-73.99823876559124, 40.58671809128469], [-73.9975661428848, 40.58705762315679], [-73.99538462222694, 40.588076187726585], [-73.99536809385026, 40.58808418280789], [-73.99434218799627, 40.58858042786149], [-73.99408426915139, 40.58870518417065], [-73.99419814314821, 40.58885898944159], [-73.99434130007376, 40.589050004762385], [-73.99330854976185, 40.589583898311126], [-73.99255747858054, 40.58992167442862], [-73.99298625113178, 40.59063087234625], [-73.9934655514564, 40.5912705871703], [-73.99262928565769, 40.59165379020184], [-73.99257737675703, 40.59167757850887], [-73.99250937514404, 40.59173471231468], [-73.99182154058266, 40.592312684236724], [-73.99018963924605, 40.59388256381899], [-73.98822326617112, 40.59577553902686], [-73.9864571744276, 40.59747892604271], [-73.98574725803108, 40.59704049290592], [-73.98526614254742, 40.5967438452501], [-73.98412703272518, 40.5960683556781], [-73.98372152695875, 40.59582107824434], [-73.98304659499094, 40.59541453911321], [-73.98197740056186, 40.59476340620817], [-73.98093723320936, 40.59413693399165], [-73.98071099976345, 40.593997396221], [-73.98110896858483, 40.59394677632565], [-73.981790849274, 40.59386745575773], [-73.98273346391969, 40.59376369908556], [-73.98303296902198, 40.593730293380624], [-73.9834412441933, 40.59368777286931], [-73.98354622423443, 40.59367651011834], [-73.983667664233, 40.593663481412335], [-73.98407040372285, 40.59361736383875], [-73.98412888510745, 40.593610666935426], [-73.98463965475426, 40.59355217578135]]]]}",127.0,2001-08-06T00:00:00.000
"{'type': 'MultiPolygon', 'coordinates': [[[[-73.92999915463663, 40.648181063585696], [-73.92980160610084, 40.64631899471046], [-73.92786104187212, 40.64644023833519], [-73.92765995069315, 40.64455306696844], [-73.92668924679548, 40.64461355228458], [-73.92644653617359, 40.64231616578906], [-73.92356525997168, 40.64249929828947], [-73.92261514067556, 40.642732905929215], [-73.92174139447447, 40.643381732412884], [-73.92087159475524, 40.64399828970623], [-73.91995063039657, 40.644707629870034], [-73.91955576633218, 40.64118495810686], [-73.91946141158914, 40.640239293213426], [-73.91917180245417, 40.637469844349376], [-73.91970238474524, 40.63720032202311], [-73.92014216780838, 40.63698888923673], [-73.92054767853186, 40.636768568400846], [-73.92101708776897, 40.63652752670745], [-73.92190720087513, 40.63607496599971], [-73.92283249194776, 40.63554299844412], [-73.92380305365108, 40.635484818946146], [-73.9247379494765, 40.635427477092875], [-73.92570568467268, 40.63536689820926], [-73.92667430550517, 40.6353059966447], [-73.92744822304287, 40.6352584087566], [-73.9286128377311, 40.63518764556585], [-73.92962453332181, 40.63512131559635], [-73.93055333220946, 40.63506291429768], [-73.93153121856886, 40.63500665386011], [-73.93154812385686, 40.63532588021019], [-73.93159729380385, 40.63567783402594], [-73.93176365545212, 40.63727637634284], [-73.93201328546775, 40.639616133803564], [-73.93298420801726, 40.63955446170129], [-73.93391820714413, 40.63949666645042], [-73.93488750449914, 40.63943859859584], [-73.93513872341322, 40.64178465921469], [-73.93610768394626, 40.64171527794745], [-73.93704133100039, 40.641658799058625], [-73.93801223869099, 40.64160290908639], [-73.9389808945284, 40.64153791487352], [-73.93918469879162, 40.64344843661301], [-73.93922712394867, 40.643835131248636], [-73.93932905759566, 40.644814768477346], [-73.93836050579483, 40.64485702952679], [-73.93738309178872, 40.64490488656304], [-73.93645634181279, 40.64494611707511], [-73.93548506510926, 40.644989854624114], [-73.9345103754212, 40.64502837736519], [-73.93357588851981, 40.64508370053304], [-73.93261418279052, 40.645245477516085], [-73.93270476032622, 40.646142140385905], [-73.93292069199434, 40.64799717166011], [-73.93193849321705, 40.64806233271887], [-73.93100541452537, 40.648118482332066], [-73.92999915463663, 40.648181063585696]]]]}",177.0,2001-08-06T00:00:00.000
"{'type': 'MultiPolygon', 'coordinates': [[[[-73.88034650074951, 40.63919562707424], [-73.87963467065167, 40.63847075394626], [-73.87929021925832, 40.638484969587665], [-73.87940890555096, 40.638251695660635], [-73.87899633653565, 40.63774375193146], [-73.8771094733426, 40.63574163623057], [-73.87713038012994, 40.63568355973464], [-73.87765176929841, 40.63505001103033], [-73.87780108745719, 40.63467650178033], [-73.87900648006003, 40.63387382290206], [-73.87952775551332, 40.63328555893737], [-73.88088238853585, 40.6324215849131], [-73.88186368402563, 40.631917864818114], [-73.88296428467481, 40.63148870474084], [-73.88333646506398, 40.63113806111561], [-73.88358982076305, 40.63074200256611], [-73.88362055243687, 40.63016454624732], [-73.88345752081065, 40.629903945236975], [-73.88402288029671, 40.62956481813523], [-73.88357574935655, 40.62916930795534], [-73.88261315718898, 40.628317824565805], [-73.88374394838137, 40.62758295923069], [-73.88456037094083, 40.628320673284655], [-73.88512395331517, 40.62882990933803], [-73.88571907703219, 40.628456833278065], [-73.88607574579436, 40.6284685112912], [-73.88707176828093, 40.62831096720289], [-73.88763698034306, 40.62803976192311], [-73.88873797070958, 40.62731614152377], [-73.89012190255981, 40.626230436150394], [-73.89043471979312, 40.62578912659718], [-73.89048038111484, 40.625132418598625], [-73.89170040160965, 40.62427300343913], [-73.89192403338046, 40.62383160571162], [-73.89259334155302, 40.623481209962996], [-73.89309892076689, 40.623289185866994], [-73.89350011023362, 40.62332352766544], [-73.89494261180482, 40.62269075047901], [-73.8953279284703, 40.62253687244553], [-73.89610247079209, 40.62222754912816], [-73.89642929938059, 40.622295783833565], [-73.89657027656168, 40.62198448542008], [-73.8967361927574, 40.6220504302316], [-73.89827557761217, 40.62266225403904], [-73.90183041929848, 40.62445438829557], [-73.90195172227197, 40.62451331381755], [-73.90174754466356, 40.62479891610851], [-73.90041825539473, 40.62665824682967], [-73.90001156623735, 40.627013045589514], [-73.89977493408472, 40.6273100373852], [-73.89840517830459, 40.628175431074766], [-73.89576910609404, 40.629883986605456], [-73.89351152253188, 40.63134356997409], [-73.8927718594969, 40.631808703690375], [-73.89081563691117, 40.63085391446377], [-73.89131794887844, 40.63025078066319], [-73.89182600604333, 40.62964912701529], [-73.89227223417429, 40.629107945980074], [-73.89209387133587, 40.62865773477143], [-73.89038036146482, 40.6289295027307], [-73.89011159123343, 40.62897571301043], [-73.88753495709906, 40.62948136195396], [-73.88598037135814, 40.630459945344924], [-73.88393343577137, 40.63183355706708], [-73.88339286189971, 40.632239932629986], [-73.88247251594163, 40.63304846494704], [-73.88285949938755, 40.63344265544249], [-73.88588030481274, 40.63624951840592], [-73.88198926911889, 40.63879276544937], [-73.88094384249818, 40.63944307315236], [-73.880483635307, 40.63972933734676], [-73.88060329366033, 40.63945712026914], [-73.88034650074951, 40.63919562707424]]]]}",168.0,2001-08-06T00:00:00.000
"{'type': 'MultiPolygon', 'coordinates': [[[[-73.96483469053503, 40.594434692471665], [-73.96463908109735, 40.59332315317224], [-73.96479382479525, 40.59258070141318], [-73.9649569161299, 40.591861917878006], [-73.96514385190207, 40.59110191522686], [-73.96530164485229, 40.59035823004154], [-73.96546500700003, 40.58964333592367], [-73.96615022881443, 40.58666882308487], [-73.9663474079622, 40.58582478437034], [-73.9664979628308, 40.58514249242597], [-73.96653588859809, 40.58495780633406], [-73.96660079841698, 40.58464174155816], [-73.96661531529755, 40.58457103639391], [-73.96670866296994, 40.584239301497995], [-73.96673011763987, 40.584135973064235], [-73.96676128940973, 40.58398439217515], [-73.96694103408916, 40.58397507657416], [-73.96705716122588, 40.583968765044986], [-73.96829016398924, 40.58386992360189], [-73.970750633796, 40.58351754237976], [-73.97167927224748, 40.583396843731165], [-73.97224755519875, 40.5832932508508], [-73.97460468641884, 40.58284153501666], [-73.97461091950547, 40.583129875093626], [-73.97449382934589, 40.5852411538732], [-73.97445847940541, 40.58575920832695], [-73.97437832633037, 40.587198677238], [-73.97428505458268, 40.58870895113078], [-73.97421699324582, 40.590111554629736], [-73.97389008163015, 40.592304416675184], [-73.97267365685826, 40.59243914009945], [-73.97155530523503, 40.59256045756159], [-73.97062857876816, 40.59266343327794], [-73.96970236946844, 40.59276620348193], [-73.9687765945395, 40.59286875059698], [-73.96784981309544, 40.59297088429045], [-73.96818482887707, 40.59474474636978], [-73.96722141111701, 40.59465166790781], [-73.9662565553347, 40.59455867069986], [-73.96510681315105, 40.594458423513785], [-73.96498647648082, 40.59444792977552], [-73.96483469053503, 40.594434692471665]]]]}",133.0,2001-08-06T00:00:00.000
"{'type': 'MultiPolygon', 'coordinates': [[[[-73.90189948495222, 40.6910776152655], [-73.90573806849599, 40.68703977643928], [-73.91024374302906, 40.6896008022996], [-73.9073416266836, 40.69255276185505], [-73.90579597115725, 40.69412715463857], [-73.90504295403808, 40.693704005891895], [-73.90428792781775, 40.69327806786862], [-73.90354057068045, 40.692848781571286], [-73.90279061769542, 40.69242104612855], [-73.9020727747241, 40.69199923133329], [-73.90170525508906, 40.69166024375236], [-73.90124087414432, 40.69143835605664], [-73.90189948495222, 40.6910776152655]]]]}",90.0,2001-08-03T00:00:00.000
"{'type': 'MultiPolygon', 'coordinates': [[[[-73.87250541296996, 40.67792404118355], [-73.87210574705868, 40.677980828982136], [-73.8706959714845, 40.67818166248858], [-73.86885539519893, 40.67844484417371], [-73.86896336558539, 40.67849867396264], [-73.8691036175639, 40.67911735258657], [-73.86925239592183, 40.67979948179537], [-73.87103975338975, 40.67954376277498], [-73.87119975073144, 40.68022146257919], [-73.87136685949748, 40.680893325874436], [-73.8715400350097, 40.681616993402095], [-73.87156150468304, 40.68168445642285], [-73.87073147154474, 40.68192318811273], [-73.87008359868709, 40.68210952204521], [-73.86980843301254, 40.68218747719912], [-73.86901910183843, 40.682412592805605], [-73.86813983324616, 40.682665254679776], [-73.86716026102481, 40.68294020791852], [-73.86630304659077, 40.683188753201776], [-73.86630296492258, 40.683188776520296], [-73.86630264022968, 40.683186702256926], [-73.8660266688652, 40.68191805150431], [-73.86499404568205, 40.682128969897406], [-73.86410096676455, 40.68237284975254], [-73.8639900885992, 40.68192857559743], [-73.86378674471668, 40.681113747024725], [-73.86334943649317, 40.67935164040162], [-73.86330964291494, 40.67916796884324], [-73.86328640841774, 40.6790771964461], [-73.8629647074317, 40.679112816445084], [-73.86234580528945, 40.67916478480689], [-73.86225943082836, 40.678816785080386], [-73.86202809870589, 40.67789267264515], [-73.86171238728399, 40.676610595149505], [-73.86139775975221, 40.67533658990086], [-73.8613186369509, 40.675021268851964], [-73.86113248661746, 40.67452741646301], [-73.86638189050375, 40.676054301466884], [-73.86862414879582, 40.67689353929905], [-73.86936831304304, 40.67709113256165], [-73.87250541296996, 40.67792404118355]]]]}",201.0,2001-08-07T00:00:00.000
"{'type': 'MultiPolygon', 'coordinates': [[[[-74.01264921207398, 40.64286578721478], [-74.0124160380618, 40.64259069830692], [-74.0128551213136, 40.64220180548356], [-74.01323203366998, 40.64230518489016], [-74.01264921207398, 40.64286578721478]]], [[[-74.01264921207398, 40.64286578721478], [-74.0149073248838, 40.64422985592281], [-74.01432463059513, 40.644789955324526], [-74.01616197749014, 40.645894969160224], [-74.01633774480793, 40.64599588321889], [-74.01649305431599, 40.64607796139121], [-74.01867332706185, 40.647412654794095], [-74.02087101715185, 40.648748486245225], [-74.02435686105034, 40.65085160797402], [-74.02446077599636, 40.650944609355896], [-74.02428919442869, 40.65111207362848], [-74.02427173049202, 40.65110251064941], [-74.02424909333288, 40.65110894681144], [-74.02550141561416, 40.651854091846], [-74.02541326884756, 40.6519212656381], [-74.02421386040109, 40.65120968611504], [-74.02411690609611, 40.65130372320703], [-74.02403510993403, 40.65132073219292], [-74.02392294132525, 40.651344056467146], [-74.02390134518747, 40.65146493200607], [-74.0238965438048, 40.65149180174153], [-74.02388374433293, 40.65148390506161], [-74.02305872819767, 40.6509748830521], [-74.02285599876922, 40.651162956063075], [-74.02288799889168, 40.651183052850506], [-74.02532539721528, 40.65271370874508], [-74.0252019889086, 40.65280775255747], [-74.02271770803357, 40.651352079513394], [-74.02152443989462, 40.65065283839972], [-74.02109253963171, 40.65108942264424], [-74.02111460295971, 40.65110280478751], [-74.02217726950495, 40.65174733382519], [-74.02202751587807, 40.65188547315064], [-74.02200979291264, 40.6519018209336], [-74.0227164671829, 40.652336619893234], [-74.02435571580492, 40.65334517085674], [-74.02434807339428, 40.65340500644034], [-74.02432054550333, 40.65362051143252], [-74.02315640025988, 40.65294249114041], [-74.02207163789532, 40.65227787502688], [-74.0218600077504, 40.652230906639666], [-74.02158672206737, 40.65239212924302], [-74.02118124397289, 40.6527682705542], [-74.02175449547951, 40.65313751340543], [-74.02368105060518, 40.65433194355973], [-74.02370357805361, 40.65434590954181], [-74.02350937712079, 40.654493486519506], [-74.02350093061798, 40.6544885687208], [-74.02189571083385, 40.653553844341126], [-74.02146375100904, 40.65385612131351], [-74.021172895842, 40.65424567139567], [-74.02270113825055, 40.65518402487812], [-74.02276921272538, 40.6552258224274], [-74.02258409517037, 40.65538702985587], [-74.02251396138583, 40.65534678149017], [-74.02089960563534, 40.65442032354072], [-74.02067037642297, 40.65451438074991], [-74.02006212179923, 40.6550517252209], [-74.02169421463896, 40.656059564025185], [-74.02179073874402, 40.65611916720362], [-74.02161442945905, 40.65626694017533], [-74.02151997813445, 40.65621106190063], [-74.01813081740308, 40.65420589842592], [-74.01806029569018, 40.65427306378307], [-74.01787509562843, 40.65415893055865], [-74.01724920458261, 40.654763416269894], [-74.02077085085651, 40.65686241740232], [-74.02078711850102, 40.65687211302992], [-74.02055296893377, 40.657123984637984], [-74.0205025674925, 40.65709568138433], [-74.01688775667498, 40.655065665413865], [-74.01662576191856, 40.655288362716284], [-74.01504808444696, 40.65436262315616], [-74.01528268706653, 40.6539779869137], [-74.01497296600557, 40.65379053277847], [-74.01326322555067, 40.65275602497422], [-74.01284820234193, 40.65300425260094], [-74.01300750372229, 40.65266875353395], [-74.01145595730893, 40.65170427809903], [-74.010665077736, 40.65169872578095], [-74.010354027076, 40.65150200929831], [-74.01035483575808, 40.651109663716156], [-74.00923075241897, 40.650401859058796], [-74.00849655728892, 40.6503919674928], [-74.01024814359684, 40.64870737966785], [-74.00798795306389, 40.64734471538117], [-74.00800632026191, 40.646857695398374], [-74.00633899169901, 40.64588682866442], [-74.00636841197822, 40.645458069504016], [-74.00698019256471, 40.6453918011457], [-74.00695078861808, 40.644897238451094], [-74.00728608334347, 40.64488952177103], [-74.00895661786804, 40.64589454054453], [-74.00933293329561, 40.64559628207292], [-74.0097353709534, 40.645666835091006], [-74.00948251535999, 40.64533853321768], [-74.00982242537216, 40.64497884049153], [-74.01031893883639, 40.64510666210881], [-74.0100454482734, 40.64475172187489], [-74.01038548362034, 40.64442568125387], [-74.0109022253042, 40.64454699915652], [-74.01069097177046, 40.64423715997704], [-74.01098280954696, 40.64385937920872], [-74.01148370519552, 40.643986613158695], [-74.01121857401625, 40.64366338423179], [-74.01160716035139, 40.643304760484604], [-74.01206573041728, 40.64342519757814], [-74.01179605515317, 40.64311913470832], [-74.01223890476096, 40.64276169453808], [-74.01264921207398, 40.64286578721478]]]]}",93.0,2001-08-06T00:00:00.000
"{'type': 'MultiPolygon', 'coordinates': [[[[-73.9676287253524, 40.6971768564596], [-73.96738234285016, 40.69584947579308], [-73.96688042132409, 40.693341719591636], [-73.96880989682334, 40.69312038239066], [-73.96983118544915, 40.69313424344781], [-73.97332950060478, 40.69325803620005], [-73.97355943352721, 40.69326225855998], [-73.97385472507995, 40.693286559038214], [-73.97498560872411, 40.69332869309849], [-73.9753279345857, 40.694201931140256], [-73.97499988890353, 40.69427488299073], [-73.97512605319926, 40.69513958260508], [-73.97511394909156, 40.69599733645387], [-73.97525090110345, 40.69614844486786], [-73.97343894911597, 40.69607830519513], [-73.9734748998373, 40.6962402707061], [-73.97318416695434, 40.69654933458233], [-73.9734023407641, 40.69765281374502], [-73.97377513407956, 40.69795939094282], [-73.97332378594345, 40.69793965060186], [-73.97279477805601, 40.69792083765386], [-73.97180794067566, 40.69788506805055], [-73.97120281177402, 40.69785798987174], [-73.9707731495788, 40.6978408008789], [-73.96972789881102, 40.697804013769044], [-73.96873949276285, 40.697759849744614], [-73.96772744687613, 40.697717624330444], [-73.9676287253524, 40.6971768564596]]]]}",247.0,2001-08-07T00:00:00.000
"{'type': 'MultiPolygon', 'coordinates': [[[[-73.92083932940089, 40.69762927619933], [-73.9203854382866, 40.697365937754626], [-73.92007372428176, 40.69749003441341], [-73.92011410371248, 40.69720041559586], [-73.91975888562426, 40.69699726134447], [-73.91932072862521, 40.697060396324794], [-73.91939394161075, 40.69667385640031], [-73.91910779010148, 40.69651583895401], [-73.9185644073171, 40.696630094103185], [-73.91846748019535, 40.696126234081774], [-73.91931935247952, 40.69526731550244], [-73.92001088040858, 40.695157356160244], [-73.91851142890268, 40.6943037075158], [-73.92030064180568, 40.692484555054484], [-73.9194599325584, 40.69214942016092], [-73.92065676858543, 40.690927525484845], [-73.92207133792705, 40.68948984075534], [-73.92280702368238, 40.68992392476896], [-73.92316966720942, 40.69012340597557], [-73.92364379845134, 40.69039883759923], [-73.92429213267243, 40.69077335677177], [-73.92439183311798, 40.69083174869224], [-73.92536488866214, 40.69136634327777], [-73.92556064127223, 40.691490839998245], [-73.92631612526135, 40.69192845335154], [-73.92495141501688, 40.693315226689975], [-73.92520550610551, 40.6934546562269], [-73.92082397462241, 40.697917657035326], [-73.92083932940089, 40.69762927619933]]]]}",86.0,2001-08-03T00:00:00.000
"{'type': 'MultiPolygon', 'coordinates': [[[[-73.91756493471337, 40.58609558256427], [-73.91241055878734, 40.581504617053334], [-73.91262081680712, 40.581549676395724], [-73.91367729274143, 40.581852646847764], [-73.9140507250408, 40.58172798357503], [-73.91488180072184, 40.58145053750082], [-73.91503198685429, 40.581400398513516], [-73.91740924676971, 40.581956113825356], [-73.9229565259628, 40.58309311149592], [-73.92325817937554, 40.58310704456753], [-73.92487314560081, 40.58455369966114], [-73.9307920671599, 40.58985502245261], [-73.93100681881866, 40.59269287074667], [-73.93185456159993, 40.59465854133561], [-73.93189014810524, 40.59475257803587], [-73.93241279782939, 40.59522362577956], [-73.9320548428238, 40.595469986887444], [-73.93214674534008, 40.59551232070663], [-73.93241414911391, 40.596864793372426], [-73.93257531444438, 40.59771858363634], [-73.93292657551008, 40.59981792545039], [-73.93322184728832, 40.60010737223179], [-73.93244772888694, 40.600608330744194], [-73.93173390202114, 40.601062069529966], [-73.92992224939847, 40.599437382138944], [-73.9281313970924, 40.597777927537216], [-73.92605287552294, 40.595980499964256], [-73.92635230399182, 40.59580075155699], [-73.92759936728952, 40.59506077919116], [-73.91804055861984, 40.58651917352915], [-73.91756493471337, 40.58609558256427]]]]}",6.0,2001-07-31T00:00:00.000
"{'type': 'MultiPolygon', 'coordinates': [[[[-73.91252504335424, 40.6198315514857], [-73.91026048907042, 40.617780670461784], [-73.90969158936666, 40.61837501902045], [-73.90852252570812, 40.61732090817263], [-73.90774501497017, 40.61667161454345], [-73.90155365916652, 40.61118577737593], [-73.89621296784244, 40.60662538188936], [-73.89537420486191, 40.605909086168296], [-73.89583678007587, 40.60572914249727], [-73.89837951859381, 40.60524706836189], [-73.89855549202986, 40.604282946177385], [-73.89878102644046, 40.60425507033615], [-73.91141896476663, 40.602692287570726], [-73.91393266783756, 40.6032815119523], [-73.9176795779596, 40.606962697362604], [-73.91637714018569, 40.61060928595905], [-73.91552462475043, 40.61119597563039], [-73.91727963810922, 40.61280374655399], [-73.9193708873103, 40.614690223066994], [-73.91965474282264, 40.614897982904864], [-73.91988287567243, 40.6170314768247], [-73.91992065859674, 40.617383624784615], [-73.92013375156961, 40.61936966484286], [-73.91920055491103, 40.61942644833921], [-73.91826562960897, 40.619484276208986], [-73.91726440936078, 40.61954803709752], [-73.91689711575269, 40.61957040216367], [-73.91609511035756, 40.61962285119624], [-73.9157762532285, 40.61963975541849], [-73.91484807103075, 40.61969688466903], [-73.91252504335424, 40.6198315514857]]]]}",26.0,2001-07-31T00:00:00.000
"{'type': 'MultiPolygon', 'coordinates': [[[[-74.02326643475253, 40.619724680560395], [-74.022151924912, 40.621019470803795], [-74.02245052444441, 40.62120173222373], [-74.02262563896177, 40.62121078414286], [-74.0229778848472, 40.62143139576773], [-74.02534486414497, 40.62285939365598], [-74.02773394498416, 40.624301403345896], [-74.02685720199625, 40.6264577465825], [-74.02656062882258, 40.62718718063464], [-74.02415343477735, 40.625780414860344], [-74.02179439169046, 40.62435499397057], [-74.02062537104885, 40.623655604747405], [-74.02007423350425, 40.62424643452617], [-74.0194674184833, 40.624267980087964], [-74.0191999483037, 40.62426799789471], [-74.0187518073798, 40.62431751048386], [-74.01797626941955, 40.62478802998654], [-74.01648765930577, 40.62577531293481], [-74.01500072028117, 40.626768907139144], [-74.01282890951529, 40.625455791614456], [-74.00842197959794, 40.62279542974382], [-74.0108384585021, 40.620472965279404], [-74.01611824045834, 40.615384035431646], [-74.02121548267124, 40.61847198503913], [-74.02287598784761, 40.61946614735907], [-74.02326643475253, 40.619724680560395]]]]}",215.0,2001-08-07T00:00:00.000
"{'type': 'MultiPolygon', 'coordinates': [[[[-73.95716995200766, 40.69009898934984], [-73.9592822494659, 40.68985907681443], [-73.95937265285492, 40.69024085887427], [-73.95938499220145, 40.69029296963048], [-73.95876416385627, 40.690361231983864], [-73.95867748209304, 40.69037076254138], [-73.95859959295733, 40.69052469260041], [-73.95858160391136, 40.69056024469483], [-73.958993614431, 40.692627837498804], [-73.9576809558573, 40.692778747547614], [-73.95727249229614, 40.690693477542645], [-73.95716995200766, 40.69009898934984]]]]}",242.0,
"{'type': 'MultiPolygon', 'coordinates': [[[[-73.98041512044631, 40.59230382643109], [-73.9821886990589, 40.59212304687268], [-73.98225306339648, 40.59258186697412], [-73.9831988854444, 40.592483692762414], [-73.98311301555945, 40.5920412559452], [-73.98380088149031, 40.591959424492494], [-73.98386525278828, 40.5924346296131], [-73.9844026549332, 40.592352773335335], [-73.98463965475426, 40.59355217578135], [-73.98412888510745, 40.593610666935426], [-73.98407040372285, 40.59361736383875], [-73.983667664233, 40.593663481412335], [-73.98354622423443, 40.59367651011834], [-73.9834412441933, 40.59368777286931], [-73.98303296902198, 40.593730293380624], [-73.98273346391969, 40.59376369908556], [-73.981790849274, 40.59386745575773], [-73.98110896858483, 40.59394677632565], [-73.98071099976345, 40.593997396221], [-73.98059603259065, 40.593599375781814], [-73.98073209809527, 40.593305275603505], [-73.98053801767843, 40.59318051990587], [-73.98041512044631, 40.59230382643109]]]]}",128.0,2001-08-06T00:00:00.000
"{'type': 'MultiPolygon', 'coordinates': [[[[-73.9182425447149, 40.628770075031575], [-73.9192479265993, 40.62870204008811], [-73.91971629852459, 40.62867301997427], [-73.92018414979506, 40.62864402503884], [-73.92067982648251, 40.62861343483567], [-73.921119402625, 40.62858630747067], [-73.92158265361306, 40.62855822237017], [-73.92208656665828, 40.62852766795129], [-73.92305537484832, 40.62846697707744], [-73.92398819015924, 40.62840710019489], [-73.92429720963919, 40.62838658310918], [-73.92495622306723, 40.628349391750554], [-73.92592688251521, 40.628287660122474], [-73.92685881771693, 40.62822838135411], [-73.9278650145276, 40.628166898880735], [-73.928113704442, 40.63050675842404], [-73.92911992131141, 40.63044677817762], [-73.9300532770575, 40.630388437809756], [-73.93102450218953, 40.6303291217212], [-73.9319836009701, 40.630268529848806], [-73.9322414894782, 40.63025287789421], [-73.93245286575966, 40.63023724865942], [-73.93202210091471, 40.63062555477882], [-73.93114117535312, 40.631429608791734], [-73.93027038125449, 40.632313628280826], [-73.9298354773324, 40.63275641026913], [-73.92940390288659, 40.63321953536728], [-73.92850140185621, 40.63413058271641], [-73.9276698703898, 40.63499872151501], [-73.92744822304287, 40.6352584087566], [-73.92667430550517, 40.6353059966447], [-73.92570568467268, 40.63536689820926], [-73.9247379494765, 40.635427477092875], [-73.92380305365108, 40.635484818946146], [-73.92283249194776, 40.63554299844412], [-73.92190720087513, 40.63607496599971], [-73.92101708776897, 40.63652752670745], [-73.92054767853186, 40.636768568400846], [-73.92014216780838, 40.63698888923673], [-73.91970238474524, 40.63720032202311], [-73.91917180245417, 40.637469844349376], [-73.91900629574455, 40.63589362265041], [-73.91885164464279, 40.6344827232356], [-73.91869868886458, 40.63301514019731], [-73.91860224820395, 40.632068327732256], [-73.9183549181038, 40.6297952983938], [-73.9182425447149, 40.628770075031575]]]]}",23.0,2001-07-31T00:00:00.000
"{'type': 'MultiPolygon', 'coordinates': [[[[-73.95623764374623, 40.61842739735752], [-73.95503698385235, 40.61855781083316], [-73.95472880192912, 40.616881435913584], [-73.95463226994015, 40.61639806628243], [-73.9545866043062, 40.61616939862586], [-73.9557865256708, 40.61603654624658], [-73.95672888064797, 40.61593240231603], [-73.95622591099742, 40.613271203231996], [-73.95718596212046, 40.61316506278794], [-73.95814947220856, 40.61305693482985], [-73.95815079579309, 40.61305676331215], [-73.95766801465687, 40.61050371704107], [-73.95804731938331, 40.61046276244699], [-73.95859278505989, 40.61040303094133], [-73.95952069648135, 40.610302052741204], [-73.96044361877804, 40.61020150669619], [-73.96137268381987, 40.610098874750484], [-73.96237947891898, 40.60998637346255], [-73.9628597403544, 40.61254948539328], [-73.96336094104217, 40.61520442727992], [-73.96364191931949, 40.61481443765245], [-73.96407919275788, 40.61478495699276], [-73.9643586030763, 40.615093913871036], [-73.96454562792573, 40.61473326871505], [-73.96499262147572, 40.61469638169341], [-73.96528613384467, 40.61499263706821], [-73.96551251699768, 40.61460768264018], [-73.96590121886551, 40.61454856052893], [-73.96621451270688, 40.614891766945036], [-73.96639679371987, 40.61451168244801], [-73.96699926384257, 40.61445261981659], [-73.96728599073619, 40.61477218155154], [-73.96748999383523, 40.614386116594204], [-73.9677814894283, 40.61440100863497], [-73.96815731560801, 40.61456320186763], [-73.96837620687275, 40.61465232123918], [-73.96865662792806, 40.614621492218056], [-73.96911050560784, 40.617002988320685], [-73.96882927046966, 40.617034520890435], [-73.96826363062982, 40.617103120710134], [-73.96773971022321, 40.61716059054377], [-73.96666442638087, 40.61727780150467], [-73.96573927576749, 40.61738032418214], [-73.96481209029561, 40.6174824062115], [-73.96381145274925, 40.617589401308614], [-73.9638893559012, 40.61800054991393], [-73.96426798338297, 40.619983803205855], [-73.96471731425417, 40.622373042555864], [-73.96412654203408, 40.62206657025226], [-73.96372149608341, 40.62248441342117], [-73.96319200209987, 40.62213957538804], [-73.9627956671167, 40.62258512887225], [-73.9622436999422, 40.622243982158935], [-73.96186559150684, 40.62268774446109], [-73.96132288575987, 40.62233791910824], [-73.96093990868, 40.622791344612935], [-73.96039725585807, 40.62246484388847], [-73.96001047699345, 40.62289538989203], [-73.95904655452173, 40.62299946279289], [-73.95808804109068, 40.623105801892905], [-73.95714256537761, 40.62320789419354], [-73.95668950212662, 40.62081786258412], [-73.95623764374623, 40.61842739735752]]]]}",145.0,2001-08-06T00:00:00.000
"{'type': 'MultiPolygon', 'coordinates': [[[[-73.90143394689346, 40.6756349243704], [-73.90118242282355, 40.67561411373701], [-73.9009299282657, 40.67560189286829], [-73.90067721982682, 40.67559827091978], [-73.89972239706267, 40.67560373728855], [-73.89877882203388, 40.675624721576554], [-73.89784574354435, 40.67567320022626], [-73.89685197540699, 40.67573639424472], [-73.89618968074348, 40.67314820317823], [-73.89554341935974, 40.67062578661965], [-73.89834125852369, 40.67021132705961], [-73.90198218178612, 40.66967007064981], [-73.90294639637908, 40.66953005178516], [-73.90271103837111, 40.669865865020455], [-73.90289735694567, 40.67058990221856], [-73.90326961337156, 40.670793135039425], [-73.90342017866791, 40.671377767041776], [-73.90359587780623, 40.67206004205602], [-73.90451556446254, 40.67192553808077], [-73.9052401280772, 40.674724953534714], [-73.90450912034594, 40.675052114970796], [-73.90438792302287, 40.67520674802359], [-73.90428786643206, 40.67522936350792], [-73.9037437501448, 40.67540684080147], [-73.90347422365194, 40.67550669043164], [-73.90313803919832, 40.67562221544113], [-73.90291887295577, 40.675684580605996], [-73.90289113796301, 40.67578134460062], [-73.90287694462418, 40.67582186473183], [-73.90267831836991, 40.67578972875632], [-73.90168375514958, 40.67566424289213], [-73.90143394689346, 40.6756349243704]]]]}",195.0,2001-08-07T00:00:00.000
"{'type': 'MultiPolygon', 'coordinates': [[[[-73.9646559515919, 40.65088772759187], [-73.96435508407002, 40.65100535051287], [-73.96344222201266, 40.651363947066024], [-73.9631789741666, 40.64998569325954], [-73.96307464084701, 40.64943954955522], [-73.96261600056, 40.6470092193137], [-73.96357047451477, 40.64690449810213], [-73.96393352009397, 40.64685288679852], [-73.96409422836683, 40.64684992029351], [-73.96454255027096, 40.646798630919946], [-73.96547061177064, 40.64670528285787], [-73.96638732401289, 40.64658290403674], [-73.96733453412355, 40.64649912800548], [-73.96824739916347, 40.6463884468463], [-73.96917727906441, 40.64627771996725], [-73.97076976154862, 40.6461109067921], [-73.97084270209974, 40.64637857137183], [-73.97139788091856, 40.64825778543171], [-73.97190890508568, 40.650051411862975], [-73.97208846159396, 40.65065690877682], [-73.97222228612793, 40.65104695176932], [-73.97136033577006, 40.65116612358692], [-73.96621322035466, 40.65318940448195], [-73.96575121456091, 40.652499228489674], [-73.9652410359209, 40.65174204659831], [-73.9646559515919, 40.65088772759187]]]]}",147.0,2001-08-06T00:00:00.000
"{'type': 'MultiPolygon', 'coordinates': [[[[-73.97483327610323, 40.66702209749577], [-73.97533714631167, 40.666419094972234], [-73.97583132292654, 40.66581507973322], [-73.97821264226972, 40.66696330781759], [-73.97871462478692, 40.66636126289462], [-73.97922490304964, 40.66574941947897], [-73.98158180067632, 40.6668883251533], [-73.98207770617186, 40.66629566599497], [-73.98258125728363, 40.66569309112982], [-73.98494232559845, 40.66683381946167], [-73.98544518025432, 40.66623221381766], [-73.98780391541865, 40.66737358543012], [-73.98730086035263, 40.66797541784256], [-73.98679977139406, 40.66857835548201], [-73.98630429248466, 40.669172665005576], [-73.98871322590462, 40.670356906267735], [-73.98821210785943, 40.67096081357648], [-73.98771576041251, 40.67155538116672], [-73.98721100470884, 40.67216061623044], [-73.98670905443622, 40.672766732080795], [-73.9842886186781, 40.67159109257723], [-73.98192689721358, 40.670448640299945], [-73.97956332599854, 40.669312974086225], [-73.9772077042918, 40.66816808410687], [-73.97483327610323, 40.66702209749577]]]]}",109.0,2001-08-06T00:00:00.000
"{'type': 'MultiPolygon', 'coordinates': [[[[-73.98822326617112, 40.59577553902686], [-73.99018963924605, 40.59388256381899], [-73.99182154058266, 40.592312684236724], [-73.99250937514404, 40.59173471231468], [-73.99257737675703, 40.59167757850887], [-73.99262928565769, 40.59165379020184], [-73.9934655514564, 40.5912705871703], [-73.99298625113178, 40.59063087234625], [-73.99255747858054, 40.58992167442862], [-73.99330854976185, 40.589583898311126], [-73.99434130007376, 40.589050004762385], [-73.99419814314821, 40.58885898944159], [-73.99442952549977, 40.58875076340104], [-73.99477085538953, 40.58859110856368], [-73.99554531314251, 40.588226487805244], [-73.99557459556021, 40.5882686595419], [-73.99515157215072, 40.5884794963948], [-73.9951728894543, 40.588503448509705], [-73.99521339213716, 40.588548956346365], [-73.99698955882623, 40.5877300203858], [-73.99706581715523, 40.587823046418485], [-73.99493546555492, 40.588834604816874], [-73.99538284364343, 40.589369510141985], [-73.99793012487329, 40.58797810473674], [-74.00009090864698, 40.58697036566798], [-74.00007038962246, 40.586824886126465], [-74.00004006779199, 40.58660989878198], [-74.00011632876023, 40.5865129997072], [-74.00030952424694, 40.58646648731361], [-74.00045187895563, 40.5865517583067], [-74.00045045798056, 40.58690446992165], [-74.00050780799585, 40.587028505073846], [-74.00045872296998, 40.587082557395775], [-74.00041629397738, 40.58712928121324], [-73.99794028239796, 40.58831919162633], [-73.99802520799065, 40.58842261821594], [-73.99833175639218, 40.58879594489831], [-73.99841310475502, 40.58876881418567], [-73.99845886189358, 40.588854086254855], [-73.9984029339943, 40.588877341503675], [-73.9986336117196, 40.58916142893771], [-73.99866730967469, 40.58920292814464], [-73.99900709251051, 40.58904751298295], [-73.99925200605819, 40.58893548974895], [-73.99928593574738, 40.58898269539247], [-73.99920116290343, 40.58902076175221], [-73.99927742578699, 40.589113785405154], [-73.99935904704343, 40.589084416225205], [-73.99945537465207, 40.58921843798987], [-73.9992399045671, 40.58931511693763], [-73.99856561490851, 40.58961765747249], [-73.99858115532302, 40.58968526084024], [-73.99865204018562, 40.58999362963833], [-73.99881473476775, 40.590272702648875], [-73.99865711455267, 40.59054014366991], [-73.9973046367264, 40.59122229404261], [-73.99716584770594, 40.59134572179295], [-73.99715209813215, 40.59135794965516], [-73.99717242753741, 40.59154012146086], [-73.99729953490153, 40.59165640455112], [-73.99745715034825, 40.591757183874336], [-73.99758425721896, 40.5919122260568], [-73.99843142777046, 40.591554853786285], [-73.99863167322277, 40.59147038008266], [-73.99913503960498, 40.59115255437674], [-73.99946044482421, 40.59109054094549], [-73.99982652328542, 40.59110216963489], [-74.00013159096135, 40.591226201430445], [-74.0002231109176, 40.59144713200618], [-74.00008583074394, 40.591671939654674], [-73.99982652121115, 40.59190062286572], [-73.99920112353696, 40.59231147481476], [-73.99915027597356, 40.59244325787701], [-73.99925705035206, 40.592513026630826], [-73.99950619210155, 40.59274558711367], [-73.99954686728805, 40.59290450255697], [-73.99939609940358, 40.59299837867296], [-73.99941975134443, 40.59305178970745], [-73.9990480476979, 40.59327098079915], [-73.9988807797883, 40.59336961716211], [-73.99876383234908, 40.59347426752456], [-73.99987002414736, 40.59294389404914], [-74.00020277783192, 40.59278434830252], [-74.00022102452021, 40.59280421830672], [-74.00023836987035, 40.59282310764034], [-74.00096569368878, 40.59254422179041], [-74.00108748745477, 40.59249752048398], [-74.00206680564258, 40.594099400326], [-74.00184497223634, 40.594236672448325], [-74.00027872029897, 40.59570266854435], [-73.9999976961871, 40.59596779171296], [-73.9996118724842, 40.59582435060227], [-73.99941521753752, 40.595737562800785], [-73.99913404026971, 40.595613472606715], [-73.99831932756076, 40.59564490603126], [-73.99831738984366, 40.59647838380768], [-73.99798865316494, 40.59674492813343], [-73.99660830144975, 40.598045607679005], [-73.9948229628856, 40.59976449426717], [-73.99305112274921, 40.60147642963069], [-73.99381109326781, 40.60195049080163], [-73.99320071722647, 40.60253401922807], [-73.99097171258363, 40.601184559548905], [-73.98876937685709, 40.59985500550387], [-73.98939449081844, 40.59925456961959], [-73.98865795711724, 40.59880069914741], [-73.98793938614703, 40.598372049414436], [-73.9871921084363, 40.59792604759539], [-73.9864571744276, 40.59747892604271], [-73.98822326617112, 40.59577553902686]]]]}",132.0,2001-08-06T00:00:00.000
"{'type': 'MultiPolygon', 'coordinates': [[[[-73.89288050858153, 40.64564571990449], [-73.89330136580635, 40.64537374599667], [-73.89358029199292, 40.645397021125284], [-73.89356216087862, 40.64523104468113], [-73.8935196417571, 40.64508012715623], [-73.8937099302115, 40.644989606522536], [-73.89432222820135, 40.644916891460234], [-73.89431370079406, 40.64468925202996], [-73.89428779354402, 40.64459153852037], [-73.89467501396145, 40.64434338632536], [-73.89480075798899, 40.64437711956774], [-73.89506311099534, 40.64443829585679], [-73.89502600604892, 40.64422644790826], [-73.89499998361718, 40.64412638697092], [-73.89538184713668, 40.643877957135224], [-73.89550622037413, 40.64391403446775], [-73.89577689457357, 40.64397712281057], [-73.89571978739434, 40.6436823068856], [-73.8960768221716, 40.64346526736075], [-73.89649114121524, 40.64351607199633], [-73.89645974425999, 40.6433076444191], [-73.89641327741319, 40.64318941479418], [-73.89679888319549, 40.64294099527313], [-73.8969442310128, 40.64299552249285], [-73.89720671474073, 40.643054612786656], [-73.89538869945737, 40.64142096293441], [-73.89532958693395, 40.641236760115234], [-73.89528386468871, 40.64111464955179], [-73.89572297344274, 40.640831861973574], [-73.89587331318558, 40.64088659683297], [-73.89613053066661, 40.640941190247], [-73.89610036954812, 40.640739868234874], [-73.89605332469527, 40.640618366805704], [-73.89657465204105, 40.640277254896766], [-73.89672598173587, 40.64033340172891], [-73.89701107045698, 40.640374304147905], [-73.89703980843632, 40.640209175453535], [-73.89711972494848, 40.639928906016344], [-73.89724882958322, 40.63987632358102], [-73.89763094081215, 40.63982912190893], [-73.89780392251222, 40.63985660974103], [-73.89780187970584, 40.639663673353425], [-73.89779398357206, 40.63952470527008], [-73.89817845071958, 40.63919647943888], [-73.89844956681489, 40.63924251322789], [-73.89868177789461, 40.63928708769718], [-73.89867484151105, 40.63915296218468], [-73.8985995282849, 40.63891397228757], [-73.89883622193798, 40.63877029210726], [-73.89773251890205, 40.63787467608222], [-73.89757861043354, 40.63734614808884], [-73.89759319514475, 40.63718813913232], [-73.89740594757893, 40.63716759182397], [-73.89702912109001, 40.63710493045133], [-73.89564050792076, 40.63578832148878], [-73.89576421980804, 40.63556273243075], [-73.89557057697125, 40.635533733695816], [-73.89533047052787, 40.63552568037975], [-73.89393588326422, 40.63450727816823], [-73.89402787964204, 40.634209212960194], [-73.89397650852494, 40.634086237451065], [-73.89394810503185, 40.63393258098255], [-73.89155671861549, 40.63547510215697], [-73.88969542437758, 40.63380239921749], [-73.89215594516574, 40.63221400090204], [-73.8927718594969, 40.631808703690375], [-73.89351152253188, 40.63134356997409], [-73.89576910609404, 40.629883986605456], [-73.89840517830459, 40.628175431074766], [-73.89977493408472, 40.6273100373852], [-73.90001156623735, 40.627013045589514], [-73.90041825539473, 40.62665824682967], [-73.90174754466356, 40.62479891610851], [-73.90195172227197, 40.62451331381755], [-73.9066141556183, 40.62677801518964], [-73.90696491491295, 40.626949356098], [-73.90674959682116, 40.62723203778433], [-73.90573940497868, 40.62859379989399], [-73.90485377529379, 40.629708490527214], [-73.90447200010924, 40.62993850910327], [-73.90307346336681, 40.63084173967452], [-73.90489168875456, 40.63247325302779], [-73.90414936528356, 40.63295268578577], [-73.90778464846511, 40.636219465809106], [-73.9012165581462, 40.6404617871305], [-73.90305978316616, 40.64211518655476], [-73.90146528327016, 40.64314528549817], [-73.89467912538805, 40.64752933485354], [-73.89316849054174, 40.64616511496267], [-73.89283769918195, 40.64587456115983], [-73.89288050858153, 40.64564571990449]]]]}",170.0,2002-05-22T00:00:00.000
"{'type': 'MultiPolygon', 'coordinates': [[[[-73.88568973759224, 40.66918928883122], [-73.88513356404235, 40.668770311593306], [-73.88492765726872, 40.66798762282234], [-73.88529697674083, 40.66765321140488], [-73.88546775437368, 40.66737544950563], [-73.88593762811534, 40.66731424267206], [-73.88618276619285, 40.66752098583924], [-73.88628198059719, 40.66724057643596], [-73.8866141633424, 40.667179230648884], [-73.88708404562608, 40.66738822848693], [-73.88721351044103, 40.66718598745333], [-73.88773199874731, 40.66711248657006], [-73.88798796010654, 40.6672546020352], [-73.88822401770643, 40.66688354199731], [-73.88845086689975, 40.66684429164876], [-73.88888919942123, 40.667120173480676], [-73.88907276940246, 40.666923834077046], [-73.8895718147687, 40.66685030615382], [-73.889769886269, 40.66698991439509], [-73.88987340492979, 40.6666729773876], [-73.89042429238975, 40.66659456145349], [-73.8906938540049, 40.66685223350658], [-73.89105613936442, 40.66653595529988], [-73.8912959436934, 40.66649671161021], [-73.89161038748203, 40.66671664563588], [-73.89174637234821, 40.66643299616524], [-73.89223892355311, 40.666364384492596], [-73.89252548608584, 40.66658133705133], [-73.89282855504196, 40.66636493531137], [-73.89304244062733, 40.666325663832616], [-73.893456125808, 40.66644569303508], [-73.89314783620951, 40.666766108025264], [-73.89334890076448, 40.66765438747456], [-73.89383992262539, 40.6679803748907], [-73.89483126207459, 40.66783350184824], [-73.89554341935974, 40.67062578661965], [-73.89618968074348, 40.67314820317823], [-73.89685197540699, 40.67573639424472], [-73.89581012348552, 40.67581742573529], [-73.89533271461379, 40.67587615178206], [-73.89491136115379, 40.675911157149564], [-73.89397615165744, 40.67601609162385], [-73.89306828370472, 40.676143926016145], [-73.8921637344772, 40.67627997833463], [-73.89037146991056, 40.67659433845685], [-73.89036466159901, 40.676526739103345], [-73.89005567811459, 40.675357404333845], [-73.88974236495501, 40.67411655417728], [-73.8906395755448, 40.67398335063496], [-73.89086502722601, 40.6736844916165], [-73.89131423371867, 40.67361258652195], [-73.89154333434507, 40.67385058763053], [-73.89121658661628, 40.67258158750882], [-73.89087805104373, 40.67131808631428], [-73.89036287929187, 40.671155740238085], [-73.89017424076272, 40.6703336241907], [-73.88967613847576, 40.67019338418362], [-73.89003679229504, 40.669892935193275], [-73.88975359221976, 40.668814284284444], [-73.889282807366, 40.66865707690956], [-73.88568973759224, 40.66918928883122]]]]}",196.0,2001-08-07T00:00:00.000
"{'type': 'MultiPolygon', 'coordinates': [[[[-73.97846953309136, 40.6120440441903], [-73.9774071771145, 40.61141047681877], [-73.97701157308086, 40.61117276890408], [-73.9763717034796, 40.611768684964], [-73.97579060010382, 40.61232846307793], [-73.97458407528313, 40.61161357624425], [-73.974515439258, 40.61125680145942], [-73.97348373605578, 40.61137106032225], [-73.97370603877975, 40.612572370580516], [-73.97267277009074, 40.61293577800065], [-73.97169539279406, 40.613278036869644], [-73.97154267866786, 40.61325842850885], [-73.97098916972655, 40.61204093280764], [-73.97126940287787, 40.611751842549296], [-73.97137851102167, 40.61160238566294], [-73.97120054151489, 40.61146138696145], [-73.97084377196767, 40.61127035835726], [-73.97054676418719, 40.609680211338144], [-73.97081155047384, 40.60919812737937], [-73.97089538391442, 40.60904971835673], [-73.97074273747907, 40.608924967093536], [-73.97035136698118, 40.608699746668826], [-73.970090475108, 40.607334588044424], [-73.97040303096612, 40.60705470008075], [-73.97048799327432, 40.60690469826055], [-73.97099720228248, 40.60684790576092], [-73.97150633947258, 40.6067911203196], [-73.972589824469, 40.60667153341421], [-73.97239735593006, 40.60565188957064], [-73.97217742805985, 40.60419471098606], [-73.97241110866021, 40.60411051689094], [-73.97295941107976, 40.60416197050268], [-73.97304934196218, 40.60428191836671], [-73.97316518666462, 40.60418307626153], [-73.97387888695636, 40.60426206574665], [-73.97397127835124, 40.604382610988985], [-73.9740876445057, 40.60429187098671], [-73.97481306103076, 40.60437924870167], [-73.9748946796667, 40.60449186057324], [-73.9750200157788, 40.60440343599939], [-73.97597268825301, 40.604511684174206], [-73.97613313725887, 40.60463606373684], [-73.97624997452239, 40.60453914859904], [-73.97697264615657, 40.604646624881426], [-73.97710605293206, 40.60477635632799], [-73.97719504876294, 40.604684806522506], [-73.97795348058644, 40.60479756965378], [-73.97808021238725, 40.60491846812867], [-73.97816843138158, 40.60482571739784], [-73.9789267975039, 40.604933278741534], [-73.97912671901214, 40.60506865398302], [-73.97928389776132, 40.60499307865995], [-73.98004384360277, 40.60506662708779], [-73.98017128094801, 40.60517880151145], [-73.98026162927775, 40.60507903823705], [-73.9810082728764, 40.6051585934967], [-73.98114405779299, 40.605279941188726], [-73.98121924359641, 40.60518223395923], [-73.98196628548003, 40.605265030701844], [-73.98210030953952, 40.60537908804501], [-73.98218247872627, 40.605288992454284], [-73.98293926578927, 40.60537286308651], [-73.98306556247357, 40.60549703163043], [-73.98347678323236, 40.6076623034576], [-73.9825476682346, 40.60776406021379], [-73.98162369046338, 40.60786579213972], [-73.98187203983848, 40.60917967995436], [-73.98210659149493, 40.61042050811927], [-73.98018152529903, 40.61063401662519], [-73.98070684602784, 40.613402184287615], [-73.97954398857819, 40.61270748340511], [-73.97920804629804, 40.61249723229434], [-73.97846953309136, 40.6120440441903]]]]}",139.0,2001-08-06T00:00:00.000
"{'type': 'MultiPolygon', 'coordinates': [[[[-73.93918469879162, 40.64344843661301], [-73.9389808945284, 40.64153791487352], [-73.93801223869099, 40.64160290908639], [-73.93704133100039, 40.641658799058625], [-73.93679195553446, 40.6393191418204], [-73.93585629306767, 40.63937813013476], [-73.93581657653785, 40.6390059324318], [-73.93560658954051, 40.637037901906744], [-73.93535985063858, 40.634767311669926], [-73.93629596765489, 40.6347095254785], [-73.93726700180204, 40.63465062508428], [-73.93823784650903, 40.63459056385181], [-73.93917245754665, 40.634532789391514], [-73.94010756362817, 40.634474404288284], [-73.94103942842563, 40.634417135556504], [-73.94200949970259, 40.63435489867901], [-73.94297844427476, 40.63429526472517], [-73.94391310642645, 40.63423670435362], [-73.94488042816194, 40.63417695449454], [-73.94512335121723, 40.63644827892289], [-73.94415492184005, 40.63650692276688], [-73.94322098616341, 40.63656381031993], [-73.94311924524442, 40.63670771288974], [-73.94286589199022, 40.63697147938795], [-73.94292347422571, 40.6374926038082], [-73.94313182722065, 40.63760844298636], [-73.94335215633322, 40.63764369633664], [-73.9433007079107, 40.637815019536646], [-73.94336405782991, 40.638612713325514], [-73.9425029124985, 40.63896441714692], [-73.94269562392724, 40.63914465123279], [-73.9432317638105, 40.64001087745172], [-73.94349950177072, 40.6402017815814], [-73.94361650271668, 40.64028488595383], [-73.94349589451292, 40.64039271332927], [-73.94333319427756, 40.640461586420166], [-73.94335442866497, 40.64086632454667], [-73.94359446692451, 40.64110277412116], [-73.94372044556027, 40.64124284532901], [-73.94361447332258, 40.64138723366909], [-73.94333391828876, 40.64167643395479], [-73.94356531185105, 40.64315217821047], [-73.94383565360638, 40.64338981616646], [-73.94396498587618, 40.64354277190581], [-73.94299634553612, 40.64360356552115], [-73.94202961706054, 40.643663895700016], [-73.94109159554455, 40.64372026874601], [-73.94015829809203, 40.64378010381261], [-73.93922712394867, 40.643835131248636], [-73.93918469879162, 40.64344843661301]]]]}",22.0,2001-07-31T00:00:00.000
"{'type': 'MultiPolygon', 'coordinates': [[[[-73.93777948939977, 40.594125182562195], [-73.93737460967492, 40.59199531518476], [-73.93549892081666, 40.59220700843254], [-73.93496413356792, 40.59226530409496], [-73.93453187009091, 40.59231242619911], [-73.93406814751806, 40.592359969995194], [-73.93360460145445, 40.59240749390651], [-73.93261448217476, 40.59251697003779], [-73.93164172502499, 40.59263881590113], [-73.93100681881866, 40.59269287074667], [-73.9307920671599, 40.58985502245261], [-73.92487314560081, 40.58455369966114], [-73.92325817937554, 40.58310704456753], [-73.92418243811876, 40.58314972977713], [-73.92516928028219, 40.58319529758636], [-73.92784413351247, 40.583574723468374], [-73.92952792009078, 40.583447061183605], [-73.92989918541826, 40.583294351413805], [-73.9309571503582, 40.58285917444274], [-73.9326192545398, 40.58306262783586], [-73.93302967514124, 40.58306406099192], [-73.93343999902935, 40.58308196140838], [-73.93438995999425, 40.58316761722922], [-73.9351239120989, 40.58325251576036], [-73.93529894475898, 40.583253123256554], [-73.93579354914279, 40.58325483795678], [-73.93620457537696, 40.583290027055725], [-73.93719694798308, 40.58337498079527], [-73.93901154875603, 40.58336476303765], [-73.9406327098428, 40.58333696647945], [-73.94143079785053, 40.58332327388345], [-73.94152574877752, 40.58360043416103], [-73.94228376905552, 40.58354302992601], [-73.94256429954244, 40.58352178396318], [-73.94319294628264, 40.58348813234334], [-73.94354253372852, 40.58346941796926], [-73.94366340770219, 40.58346294670195], [-73.9436862751667, 40.58346392687598], [-73.94380575150997, 40.583469046317255], [-73.9445980073593, 40.583502988193594], [-73.94552395920815, 40.58353642074437], [-73.94553247750217, 40.58353664901331], [-73.94572626162459, 40.58354183497925], [-73.94589002504064, 40.58354621762507], [-73.9460258807775, 40.58354985300379], [-73.94627871641259, 40.58356282377632], [-73.94641529472862, 40.583569829693175], [-73.94669113271071, 40.58507307209165], [-73.94674843365986, 40.58535146849836], [-73.94679297175847, 40.58559460335458], [-73.94696109875194, 40.58647926627259], [-73.94734643703275, 40.58850734966615], [-73.94645886563728, 40.58882961501429], [-73.94686188461601, 40.590951002632615], [-73.94593441056203, 40.591053193953066], [-73.94497238907421, 40.5911601424164], [-73.94537361672747, 40.59327927359877], [-73.94440823162088, 40.59338536072789], [-73.94348383834277, 40.59348737153598], [-73.94255814458583, 40.59358849153064], [-73.94163088700961, 40.59369096277353], [-73.94061132764674, 40.59380796747909], [-73.94101897128759, 40.59592089424433], [-73.93818751189437, 40.5962320497098], [-73.93777948939977, 40.594125182562195]]]]}",3.0,2001-07-31T00:00:00.000
"{'type': 'MultiPolygon', 'coordinates': [[[[-73.96402925385625, 40.68466837357019], [-73.96508764268643, 40.68454676456658], [-73.96477852649426, 40.68303971777739], [-73.96442081862756, 40.68118849266036], [-73.96442184920677, 40.6811192884674], [-73.96448505683871, 40.68106291772934], [-73.96479020096704, 40.68035312725083], [-73.967672708466, 40.68095722956072], [-73.97082602640083, 40.68161594114552], [-73.97111853166525, 40.680850361623264], [-73.9742267142941, 40.68150463902489], [-73.9758340573233, 40.681835629463095], [-73.97631628570373, 40.682508616440636], [-73.9762090815459, 40.682729552161994], [-73.97595299659457, 40.683474706211335], [-73.97483191366331, 40.68323524081963], [-73.97375598563531, 40.68303402292988], [-73.97402722840913, 40.684272331428105], [-73.974439958854, 40.68630970177471], [-73.97337475194355, 40.68588481528128], [-73.97123922129867, 40.68502748689029], [-73.97016931021422, 40.68460144496324], [-73.97047029971466, 40.6861745849272], [-73.96652923950639, 40.6866270317867], [-73.96682069632091, 40.688088712738995], [-73.9658220477385, 40.68820942258786], [-73.96283558917797, 40.68855479824844], [-73.96269328187225, 40.68781917671666], [-73.96462663854923, 40.687591876307174], [-73.96402925385625, 40.68466837357019]]]]}",235.0,2001-08-07T00:00:00.000
"{'type': 'MultiPolygon', 'coordinates': [[[[-74.00662259574051, 40.63831480167593], [-74.00604152665001, 40.63887733369661], [-74.00545782326186, 40.639435135307195], [-74.00325273146835, 40.638104261440624], [-74.00383793076799, 40.63754593099269], [-74.00442048375267, 40.6369849859691], [-74.00196019020522, 40.63549941509354], [-74.0026725415372, 40.63501877472655], [-74.00059884641216, 40.63376547045241], [-74.00117793067125, 40.633210287309076], [-74.00176327032244, 40.632645104601245], [-74.00234722900183, 40.6320845029784], [-74.00295138902207, 40.631503510203046], [-74.00355410847496, 40.63092293757178], [-74.00395134071194, 40.630539780628574], [-74.00616208174263, 40.631864185312395], [-74.00680677847856, 40.63225039009698], [-74.0062693716939, 40.63261077295895], [-74.00556490391305, 40.63308317654284], [-74.00737938600889, 40.63417848554373], [-74.00955708378835, 40.63549296362414], [-74.00895274421498, 40.636075080742486], [-74.00837574780685, 40.636636557539276], [-74.01057235591581, 40.63796466383178], [-74.00998983367664, 40.63852434329788], [-74.00940854274678, 40.63908474016395], [-74.00922840928322, 40.639096086529975], [-74.00881247416554, 40.63951069623688], [-74.00882482361935, 40.639644633059994], [-74.00806660564893, 40.63918678945492], [-74.00662259574051, 40.63831480167593]]]]}",226.0,2001-08-07T00:00:00.000
"{'type': 'MultiPolygon', 'coordinates': [[[[-73.99633799217693, 40.668105135438346], [-73.99609322691072, 40.66738280755771], [-73.99601676573769, 40.666730387582696], [-73.99607800384463, 40.66607797138292], [-73.9962585714034, 40.66557235394281], [-73.99656831581139, 40.665075821324976], [-73.99679587292663, 40.66479225552386], [-73.99707326103389, 40.66453569668993], [-73.99828437950147, 40.66334835493372], [-73.99886580989961, 40.66278977193524], [-73.99943689483074, 40.66224110965997], [-73.99926487081653, 40.662135307063735], [-73.99916222321487, 40.66159778666461], [-73.99812436241378, 40.660971452692564], [-73.99751787670395, 40.661088963732624], [-73.99733205899885, 40.66097713341685], [-73.99715995146381, 40.660404761356766], [-73.99581861617168, 40.65960690603468], [-73.99516890243412, 40.65966952207043], [-73.99983786624992, 40.65518615775703], [-74.00041318193989, 40.65462870109312], [-74.0004592946001, 40.654763930534926], [-74.00054128211812, 40.6552046748134], [-74.00201041974327, 40.65603724416428], [-74.00261868078765, 40.655954124689], [-74.00273371115816, 40.65602352489853], [-74.00285518879048, 40.6565470431189], [-74.0036371732203, 40.657018940493124], [-74.0045149239833, 40.65710230597923], [-74.00482805267296, 40.65729900208367], [-74.00463817160654, 40.6576458361533], [-74.00630543797568, 40.658689951858214], [-74.00704195792508, 40.65862948245576], [-74.00706051651771, 40.65915711491286], [-74.00753679623466, 40.65948307979222], [-74.00841748982053, 40.65944649155689], [-74.00822759795854, 40.65985142566159], [-74.00786372919787, 40.66021046092157], [-74.00866295784792, 40.66070356953679], [-74.00906259703108, 40.661091775678784], [-74.00964135418282, 40.661396022109805], [-74.00975158202223, 40.66137502718517], [-74.00990317713638, 40.66155339301323], [-74.01013743508332, 40.661647808853594], [-74.01023391646743, 40.66183667190004], [-74.01060598396805, 40.66204649541374], [-74.010840224702, 40.66202548794664], [-74.01075538740827, 40.66213998034545], [-74.01092294108138, 40.66227730949664], [-74.01106072749862, 40.66224581788419], [-74.01128121992201, 40.662403189602614], [-74.01139147399611, 40.662529093420034], [-74.01163952574757, 40.66267596889927], [-74.01152758719188, 40.662749576659714], [-74.01126747275353, 40.662592062523316], [-74.01104701275491, 40.66263405606677], [-74.0105647001535, 40.6623822720099], [-74.01037181980988, 40.6626446063386], [-74.00994473439047, 40.66303288630268], [-74.00955893994457, 40.66321129775284], [-74.00866330397737, 40.663368761803596], [-74.00913184008446, 40.663641540525475], [-74.0091042871585, 40.66368351396417], [-74.0094419073483, 40.663903833130696], [-74.00949014675795, 40.663935312103895], [-74.00926969724067, 40.664092723178804], [-74.00916960009958, 40.66403226244793], [-74.0059348757582, 40.662078310600826], [-74.00571442758408, 40.66227768615789], [-74.00450181372427, 40.66154323839697], [-74.00435025428905, 40.66169014455529], [-74.00536917190138, 40.66227466985234], [-74.00636210149763, 40.66284426777302], [-74.00618298968044, 40.663043642816994], [-74.00812600345377, 40.6641452746202], [-74.00802956006537, 40.66425021042321], [-74.00488983245117, 40.6625371439828], [-74.00379910811448, 40.66194199346121], [-74.00355109820678, 40.662183337044276], [-74.00371921809354, 40.66228373929381], [-74.00776780063529, 40.664701422042974], [-74.00769891743724, 40.66482734132202], [-74.00731306404099, 40.66461750845024], [-74.00738197794276, 40.664764404322746], [-74.00721664475377, 40.66497427285828], [-74.00622445457807, 40.66440771535173], [-74.00589306830753, 40.66451694018429], [-74.0056319428954, 40.664523167725875], [-74.00563188973945, 40.66389359444696], [-74.00364758355566, 40.662749950543926], [-74.00352706175018, 40.66287615354226], [-74.00342712676014, 40.66298080014535], [-74.00462597557795, 40.663715260567045], [-74.00440551946774, 40.66393561920414], [-74.00421260817737, 40.663956612056985], [-74.00515781916687, 40.664589934406806], [-74.00524612298636, 40.66464909971818], [-74.00520105985774, 40.66474825127706], [-74.00512212811657, 40.66492192022604], [-74.00486032421078, 40.66506883185395], [-74.00112598645735, 40.662907395984384], [-74.00097213522571, 40.6630473367006], [-74.00062993684585, 40.663358593486215], [-74.00468124169689, 40.66583481991922], [-74.00384068667394, 40.66611815874539], [-74.00006498374378, 40.66384126822541], [-73.99956047353295, 40.6643633514937], [-73.99952758088203, 40.66439738996859], [-74.0028889589668, 40.66642023129829], [-74.00294500605375, 40.6664539577962], [-74.00218285639292, 40.66682666494816], [-74.00206985365958, 40.666819226975576], [-74.00162213355856, 40.66678975577621], [-74.00123629570716, 40.6669996185636], [-74.00139736963911, 40.667146793410616], [-74.00144300129169, 40.667188487626184], [-74.00060241668683, 40.6676082101611], [-74.0005148855467, 40.66757663940676], [-74.00007876733753, 40.66741934025124], [-74.00005939218185, 40.66743773059455], [-73.99907279910082, 40.66837418840935], [-73.99907279472491, 40.66868897443854], [-73.99905526765481, 40.668857994762945], [-73.99903144782462, 40.6690877034716], [-73.99863180394337, 40.66949692157401], [-73.99894325187377, 40.66966189568915], [-73.99894875483128, 40.66966481070812], [-73.99892672723404, 40.66975118974874], [-73.99854972405879, 40.671229496869415], [-73.99862240621684, 40.67139552396522], [-73.99864247231345, 40.6714413622323], [-73.99863378646289, 40.671442684986445], [-73.99848136109206, 40.67160547383417], [-73.99667191743394, 40.6687391674932], [-73.99640459777137, 40.668217195902734], [-73.99633799217693, 40.668105135438346]]]]}",101.0,2001-08-06T00:00:00.000
"{'type': 'MultiPolygon', 'coordinates': [[[[-73.94471297559225, 40.687373341783506], [-73.94462127927002, 40.68690436166509], [-73.94428391575264, 40.687385055308084], [-73.94235202794816, 40.68759150084092], [-73.94178527595102, 40.687228371582734], [-73.94138596145812, 40.68766826825711], [-73.93938561084121, 40.6878711350057], [-73.93895074348964, 40.687556409783475], [-73.93880456958547, 40.68682474515577], [-73.93865905183324, 40.68609038910046], [-73.93851929541192, 40.68535451525035], [-73.93836816509817, 40.68462560188543], [-73.93822325862322, 40.68389329794228], [-73.93807695934932, 40.68316090297073], [-73.93793221401397, 40.68242734754451], [-73.93778801578414, 40.681694331786716], [-73.9376424365747, 40.68096301609439], [-73.93854711530805, 40.68085742354937], [-73.94047635019365, 40.68063569550404], [-73.9433131424499, 40.68031372615119], [-73.94344773433464, 40.68104685606901], [-73.94360103546737, 40.681774393949844], [-73.94374461148784, 40.6825075821356], [-73.94389114937832, 40.68323948312255], [-73.9440366482706, 40.68397248235696], [-73.944183250737, 40.684705554336944], [-73.94432825938827, 40.68543830085897], [-73.94716450737144, 40.68511239097295], [-73.94731056692157, 40.685845485532084], [-73.94745683434671, 40.68657784488279], [-73.94760206997312, 40.687310403329], [-73.94774825764559, 40.68804320843641], [-73.94491170951748, 40.6883702220399], [-73.94476925923256, 40.68763660006743], [-73.94472684336473, 40.68744426839701], [-73.94471297559225, 40.687373341783506]]]]}",239.0,2001-08-07T00:00:00.000
"{'type': 'MultiPolygon', 'coordinates': [[[[-73.9530996392305, 40.57799415553924], [-73.95303970882502, 40.57767958700449], [-73.95300123027857, 40.57747651265629], [-73.9528745114387, 40.57688215883588], [-73.95242628565386, 40.57455910950371], [-73.95237986850933, 40.57437929775957], [-73.95238309173429, 40.57437887855066], [-73.9529395869801, 40.574306566110316], [-73.95310977434768, 40.57428362909987], [-73.95318401012288, 40.57427362393077], [-73.95329225685805, 40.57425903536908], [-73.95377256050259, 40.574194300024516], [-73.95811276361238, 40.57374235770292], [-73.95862131924638, 40.57366499243219], [-73.95864507569567, 40.57366137817625], [-73.96014549513956, 40.57347348916736], [-73.96018775688843, 40.57401287473407], [-73.96033795671087, 40.57511140288914], [-73.96038833853, 40.57583643360238], [-73.96056401352014, 40.57779888977187], [-73.96077934656846, 40.578315909318555], [-73.96038111563132, 40.578396846755226], [-73.96039180833871, 40.57864882612407], [-73.9604225912497, 40.578900659523164], [-73.96047352425354, 40.57915129295248], [-73.96054432492613, 40.57939898827906], [-73.96063456978254, 40.579642493965395], [-73.96074358551198, 40.57988050375873], [-73.96084786772091, 40.58053911964342], [-73.96086930196864, 40.58082572771408], [-73.96088979803304, 40.581101610137694], [-73.96093525980837, 40.58174627458507], [-73.96103189946955, 40.58172558634074], [-73.96117306419706, 40.58250268712066], [-73.9613202089985, 40.583299988681446], [-73.96143022914116, 40.58389984641146], [-73.96206978494008, 40.584203040431696], [-73.96230108500248, 40.58430249974515], [-73.9624133132993, 40.58435340740227], [-73.95474177182808, 40.58504055176307], [-73.95153721352244, 40.5846772948014], [-73.95106514566962, 40.58463117903331], [-73.95090326032675, 40.584355594534784], [-73.95038530036476, 40.58344972570311], [-73.95027742120588, 40.583301423253275], [-73.95337110182892, 40.582998864787285], [-73.9534929770336, 40.58298694352106], [-73.95349799133089, 40.582986452964064], [-73.9534192987159, 40.58260821287301], [-73.95403970618611, 40.58251639336518], [-73.95392000823271, 40.58186979785102], [-73.95383801773295, 40.58174555379956], [-73.95374063251165, 40.581355893957344], [-73.95334153922929, 40.579267126931725], [-73.9530996392305, 40.57799415553924]]]]}",126.0,2001-08-06T00:00:00.000
"{'type': 'MultiPolygon', 'coordinates': [[[[-73.89066465840553, 40.65799468490319], [-73.89010043214672, 40.657055813413656], [-73.88941657753796, 40.656980284297994], [-73.88962230158718, 40.65652107943031], [-73.88884952278538, 40.655509233163045], [-73.88831705029959, 40.6554957091898], [-73.88881805232168, 40.65472035192488], [-73.88830314906495, 40.65404490504476], [-73.8873102786847, 40.65414063678529], [-73.88759133725311, 40.653728096490404], [-73.88698698617208, 40.65289022609676], [-73.88628975394606, 40.65276890009432], [-73.88713098979916, 40.6523939153049], [-73.88959044319729, 40.651337545608875], [-73.89000786330614, 40.65115002552995], [-73.89125147203644, 40.650025599085566], [-73.89198663311694, 40.65067977664163], [-73.89274307207916, 40.65135285934753], [-73.8931726556434, 40.651737976010935], [-73.89520540348603, 40.654487929505656], [-73.89761013322475, 40.65345381550456], [-73.8980328915263, 40.65326438900812], [-73.89833298859728, 40.65308928768836], [-73.89939962898067, 40.652398841795936], [-73.90111746203186, 40.65386296035784], [-73.90165069632273, 40.653751666853495], [-73.90093711440907, 40.65421299684074], [-73.90019732792769, 40.65469126959966], [-73.89963131755232, 40.65540418864164], [-73.89940865830556, 40.655684627334445], [-73.89859703990736, 40.65582817329967], [-73.8987912226176, 40.65651954251466], [-73.89904180634112, 40.65737166505937], [-73.8988069870582, 40.65740666921939], [-73.89612587358508, 40.65781466374784], [-73.89616756114768, 40.65797845125873], [-73.89571848168885, 40.6581599587385], [-73.89491382124484, 40.65852644836307], [-73.89418891575308, 40.657555017140865], [-73.89367480396226, 40.65746591402705], [-73.8935252540555, 40.65745337558472], [-73.89337406906166, 40.65745793625109], [-73.89322628588053, 40.657479465652266], [-73.89308660086104, 40.65751668937252], [-73.89226865911928, 40.65786556098655], [-73.89145362326957, 40.65821835593189], [-73.89062134117232, 40.658576486512445], [-73.8905106293939, 40.65842980403982], [-73.89066465840553, 40.65799468490319]]]]}",184.0,2001-08-07T00:00:00.000
"{'type': 'MultiPolygon', 'coordinates': [[[[-74.00566282024359, 40.649580337864855], [-74.00571412619372, 40.649895670400184], [-74.00748561451614, 40.650937966714295], [-74.00784237154286, 40.65090579556184], [-74.00791650987972, 40.65095067206995], [-74.007977605921, 40.6509875802338], [-74.00801831769076, 40.6512053803263], [-74.00947173008538, 40.65208016920426], [-74.00975895766224, 40.65206202135867], [-74.00984065537399, 40.65211328034273], [-74.00992794518731, 40.65216599846107], [-74.00999702528786, 40.65220762313844], [-74.01007978700879, 40.65225745951307], [-74.01012398538693, 40.652452184116264], [-74.01202298419115, 40.653582031834745], [-74.01226605366901, 40.653573641289064], [-74.01231714666193, 40.65373467919536], [-74.01427454781582, 40.65492890943134], [-74.01449176546899, 40.654923726008256], [-74.01453486647547, 40.65506039760349], [-74.01596817130365, 40.655917951678944], [-74.01612056854553, 40.65590845973158], [-74.01890923696527, 40.65754956389553], [-74.01896149993605, 40.65757324593554], [-74.0188584208964, 40.657669905269266], [-74.0193682961585, 40.65795312851288], [-74.01924434003902, 40.658121035351044], [-74.01878957771522, 40.65783780257363], [-74.01854157487469, 40.65785882846034], [-74.01603358006105, 40.65636921479934], [-74.01585451204039, 40.65655811222891], [-74.01559269220061, 40.65639026105796], [-74.01538606713821, 40.65657916148999], [-74.01672275484925, 40.6574813630068], [-74.01778383439047, 40.658089791968926], [-74.01774252217535, 40.658173740913654], [-74.0185418052744, 40.6586877666422], [-74.01830762188136, 40.65886618299129], [-74.01435271539751, 40.65655830943124], [-74.0142562893472, 40.65665275682455], [-74.01512441849128, 40.65716679783027], [-74.01457340308814, 40.65766003517197], [-74.01745350434854, 40.65942243879108], [-74.01741948172871, 40.659445795243506], [-74.01619986555886, 40.66028303959841], [-74.01555237143458, 40.66073432282628], [-74.01402273244139, 40.65983213082521], [-74.01366452241858, 40.66000006083072], [-74.01361031215059, 40.65996821508857], [-74.01191444790456, 40.658971951963984], [-74.01187636875105, 40.65900821070034], [-74.01152871485323, 40.65933924264657], [-74.01461551668223, 40.66121711796457], [-74.01431384175648, 40.66138805769585], [-74.01280699290395, 40.66224186625776], [-74.00846991602106, 40.65961232363937], [-74.00822759795854, 40.65985142566159], [-74.00841748982053, 40.65944649155689], [-74.00753679623466, 40.65948307979222], [-74.00706051651771, 40.65915711491286], [-74.00704195792508, 40.65862948245576], [-74.00630543797568, 40.658689951858214], [-74.00463817160654, 40.6576458361533], [-74.00482805267296, 40.65729900208367], [-74.0045149239833, 40.65710230597923], [-74.0036371732203, 40.657018940493124], [-74.00285518879048, 40.6565470431189], [-74.00273371115816, 40.65602352489853], [-74.00261868078765, 40.655954124689], [-74.00201041974327, 40.65603724416428], [-74.00054128211812, 40.6552046748134], [-74.0004592946001, 40.654763930534926], [-74.00041318193989, 40.65462870109312], [-74.00214474711198, 40.65295610628578], [-73.9977946609597, 40.650288890028314], [-73.9983060231819, 40.6497400151306], [-73.99604565383973, 40.64834065433235], [-73.99625314456777, 40.64817497517221], [-73.99681372975164, 40.647710424282], [-73.99702216323247, 40.647537791211924], [-73.99730042505361, 40.64727201957712], [-73.99788285819864, 40.64671852854975], [-73.99846577838215, 40.64615922603293], [-73.99850634822499, 40.646486707344806], [-74.00026117935661, 40.647511912565385], [-74.0006621740781, 40.647487390262434], [-74.00080917831978, 40.64745029176623], [-74.00243132083459, 40.64590890913551], [-74.00449801089134, 40.64714403936928], [-74.00462168319505, 40.64713100935858], [-74.00463989027546, 40.647231446279854], [-74.00669675664999, 40.64847030970588], [-74.00566282024359, 40.649580337864855]]]]}",767.0,2005-04-22T00:00:00.000
"{'type': 'MultiPolygon', 'coordinates': [[[[-73.95073580110589, 40.686203666223776], [-73.95059026528021, 40.68546662655995], [-73.94731056692157, 40.685845485532084], [-73.94716450737123, 40.685112390973025], [-73.94701720839684, 40.68437947619581], [-73.95029937911643, 40.6840014102479], [-73.95000845868591, 40.68253675958711], [-73.94986111094764, 40.68180401924229], [-73.9497143701918, 40.68107006297199], [-73.9495568871953, 40.68039040296556], [-73.95155682685908, 40.68049884676386], [-73.95337017553848, 40.68064050846756], [-73.95440263979833, 40.680858027270354], [-73.95566601543159, 40.6811369597924], [-73.95529361668048, 40.67920315333384], [-73.95829216607572, 40.67983114116989], [-73.95824570382231, 40.679985104378694], [-73.95839571596566, 40.680797791970186], [-73.95884062068343, 40.683018053144956], [-73.95898328012818, 40.68374991542125], [-73.95625781854628, 40.6840657483884], [-73.95640328932848, 40.684798803984535], [-73.95655081117165, 40.68553036510499], [-73.95669902113919, 40.686263340333994], [-73.95684165201908, 40.686996078747654], [-73.9546841891975, 40.68724485364865], [-73.95102806039253, 40.68766648954068], [-73.9508831508559, 40.686932518207], [-73.95073580110589, 40.686203666223776]]]]}",237.0,2001-08-07T00:00:00.000
