"Property Valuation and Assessment data Tax Classes 2,3,4_normal/Property Valuation and Assessment data Tax Classes 2,3,4_1.csv","Property Valuation and Assessment data Tax Classes 2,3,4_normal/Property Valuation and Assessment data Tax Classes 2,3,4_2.csv",bble,bble,1
"Property Valuation and Assessment data Tax Classes 2,3,4_normal/Property Valuation and Assessment data Tax Classes 2,3,4_1.csv","Property Valuation and Assessment data Tax Classes 2,3,4_normal/Property Valuation and Assessment data Tax Classes 2,3,4_3.csv",lot,lot,1
Street Construction Permits (2022-Present)_normal/Street Construction Permits (2022-Present)_1.csv,Street Construction Permits (2022-Present)_normal/Street Construction Permits (2022-Present)_2.csv,permitnumber,permitnumber,1
Street Construction Permits (2022-Present)_normal/Street Construction Permits (2022-Present)_1.csv,Street Construction Permits (2022-Present)_normal/Street Construction Permits (2022-Present)_3.csv,createdon,createdon,1
Street Construction Permits (2022-Present)_normal/Street Construction Permits (2022-Present)_2.csv,Street Construction Permits (2022-Present)_normal/Street Construction Permits (2022-Present)_4.csv,permitissuedate,permitissuedate,1
Street Construction Permits (2022-Present)_normal/Street Construction Permits (2022-Present)_4.csv,Street Construction Permits (2022-Present)_normal/Street Construction Permits (2022-Present)_5.csv,applicationtrackingid,applicationtrackingid,1
LinkNYC Kiosk Status (Historical)_normal/LinkNYC Kiosk Status (Historical)_linknyc_kiosk_status_history.csv,LinkNYC Kiosk Status (Historical)_normal/LinkNYC Kiosk Status (Historical)_linknyc_kiosk_locations_2.csv,unique_id,unique_id,1
LinkNYC Kiosk Status (Historical)_normal/LinkNYC Kiosk Status (Historical)_linknyc_kiosk_status_history.csv,LinkNYC Kiosk Status (Historical)_normal/LinkNYC Kiosk Status (Historical)_linknyc_kiosk_locations_1.csv,site_id,site_id,1
LinkNYC Kiosk Status (Historical)_normal/LinkNYC Kiosk Status (Historical)_linknyc_kiosk_status_history.csv,LinkNYC Kiosk Status (Historical)_normal/node_4.csv,ppt_id,ppt_id,1
LinkNYC Kiosk Status (Historical)_normal/LinkNYC Kiosk Status (Historical)_linknyc_kiosk_locations_2.csv,LinkNYC Kiosk Status (Historical)_normal/LinkNYC Kiosk Status (Historical)_linknyc_kiosk_status_history_1.csv,latitude,latitude,1
LinkNYC Kiosk Status (Historical)_normal/LinkNYC Kiosk Status (Historical)_linknyc_kiosk_locations_2.csv,LinkNYC Kiosk Status (Historical)_normal/LinkNYC Kiosk Status (Historical)_linknyc_kiosk_status_history_1.csv,longitude,longitude,1
LinkNYC Kiosk Status (Historical)_normal/LinkNYC Kiosk Status (Historical)_linknyc_kiosk_locations_2.csv,LinkNYC Kiosk Status (Historical)_normal/LinkNYC Kiosk Status (Historical)_linknyc_kiosk_locations.csv,address,address,1
Energy and Water Data Disclosure for Local Law 84 2018 (Data for Calendar Year 2017)_normal/Energy and Water Data Disclosure for Local Law 84 2018 (Data for Calendar Year 2017)_nyc_energy_water_usage_2017.csv,Energy and Water Data Disclosure for Local Law 84 2018 (Data for Calendar Year 2017)_normal/Energy and Water Data Disclosure for Local Law 84 2018 (Data for Calendar Year 2017)_nyc_energy_water_disclosure_2017_1.csv,property_id,property_id,1
Energy and Water Data Disclosure for Local Law 84 2018 (Data for Calendar Year 2017)_normal/Energy and Water Data Disclosure for Local Law 84 2018 (Data for Calendar Year 2017)_nyc_energy_water_usage_2017.csv,Energy and Water Data Disclosure for Local Law 84 2018 (Data for Calendar Year 2017)_normal/Energy and Water Data Disclosure for Local Law 84 2018 (Data for Calendar Year 2017)_energy_water_usage_2017.csv,property_id_1,property_id_1,1
Energy and Water Data Disclosure for Local Law 84 2018 (Data for Calendar Year 2017)_normal/Energy and Water Data Disclosure for Local Law 84 2018 (Data for Calendar Year 2017)_nyc_energy_water_disclosure_2017_1.csv,Energy and Water Data Disclosure for Local Law 84 2018 (Data for Calendar Year 2017)_normal/Energy and Water Data Disclosure for Local Law 84 2018 (Data for Calendar Year 2017)_nyc_building_energy_water_2017.csv,property_name,property_name,1
Energy and Water Data Disclosure for Local Law 84 2018 (Data for Calendar Year 2017)_normal/Energy and Water Data Disclosure for Local Law 84 2018 (Data for Calendar Year 2017)_nyc_building_energy_water_2017.csv,Energy and Water Data Disclosure for Local Law 84 2018 (Data for Calendar Year 2017)_normal/Energy and Water Data Disclosure for Local Law 84 2018 (Data for Calendar Year 2017)_nyc_energy_water_disclosure_2017.csv,address_1,address_1,1
DOB Sign Application Filings_normal/node_1.csv,DOB Sign Application Filings_normal/DOB Sign Application Filings_sign_application_records.csv,job__,job__,1
DOB Sign Application Filings_normal/node_1.csv,DOB Sign Application Filings_normal/node_3.csv,bin__,bin__,1
DOB Sign Application Filings_normal/DOB Sign Application Filings_sign_application_records.csv,DOB Sign Application Filings_normal/DOB Sign Application Filings_sign_application_records_1.csv,block,block,1
DOB Sign Application Filings_normal/DOB Sign Application Filings_sign_application_records_1.csv,DOB Sign Application Filings_normal/DOB Sign Application Filings_sign_application_details.csv,owner_s__phone__,owner_s__phone__,1
DOB Permit Issuance_normal/DOB Permit Issuance_building_permit_issuance.csv,DOB Permit Issuance_normal/DOB Permit Issuance_building_permit_issuance_2.csv,permit_si_no,permit_si_no,1
DOB Permit Issuance_normal/DOB Permit Issuance_building_permit_issuance.csv,DOB Permit Issuance_normal/DOB Permit Issuance_building_permit_issuance_1.csv,job__,job__,1
DOB Permit Issuance_normal/DOB Permit Issuance_building_permit_issuance.csv,DOB Permit Issuance_normal/DOB Permit Issuance_permit_issuance_records_1.csv,bin__,bin__,1
DOB Permit Issuance_normal/DOB Permit Issuance_building_permit_issuance_2.csv,DOB Permit Issuance_normal/DOB Permit Issuance_permit_issuance_records.csv,gis_longitude,gis_longitude-owner_s_business_name,1
Parks Concessions_normal/Parks Concessions_park_concession_contracts.csv,Parks Concessions_normal/node_2.csv,contractcode,contractcode,1
Parks Concessions_normal/Parks Concessions_park_concession_contracts.csv,Parks Concessions_normal/Parks Concessions_park_concession_fees.csv,personid,personid,1
Parks Concessions_normal/Parks Concessions_park_concession_contracts.csv,Parks Concessions_normal/Parks Concessions_concession_contracts_info.csv,operatorlastname,operatorlastname,1
Parks Concessions_normal/node_2.csv,Parks Concessions_normal/Parks Concessions_concession_contracts_details.csv,addlocationinfo1,addlocationinfo1,1
Doing Business Contributions Summary_normal/Doing Business Contributions Summary_business_contributions_summary_1.csv,Doing Business Contributions Summary_normal/Doing Business Contributions Summary_business_contributions_summary.csv,refno,refno,1
Doing Business Contributions Summary_normal/Doing Business Contributions Summary_business_contributions_summary_1.csv,Doing Business Contributions Summary_normal/Doing Business Contributions Summary_business_contributors_locations.csv,name,name,1
Doing Business Contributions Summary_normal/Doing Business Contributions Summary_business_contributions_summary.csv,Doing Business Contributions Summary_normal/Doing Business Contributions Summary_political_contributions_summary.csv,empname-db_entity_start,empname,1
Doing Business Contributions Summary_normal/Doing Business Contributions Summary_political_contributions_summary.csv,Doing Business Contributions Summary_normal/Doing Business Contributions Summary_business_contributions_summary_2.csv,db_entity_name,db_entity_name,1
LinkNYC Kiosk Status_normal/LinkNYC Kiosk Status_linknyc_kiosk_locations_1.csv,LinkNYC Kiosk Status_normal/LinkNYC Kiosk Status_linknyc_kiosk_statuses.csv,site_id,site_id-phone_status_date,1
LinkNYC Kiosk Status_normal/LinkNYC Kiosk Status_linknyc_kiosk_locations_1.csv,LinkNYC Kiosk Status_normal/LinkNYC Kiosk Status_linknyc_kiosk_status.csv,ppt_id,ppt_id,1
LinkNYC Kiosk Status_normal/LinkNYC Kiosk Status_linknyc_kiosk_locations_1.csv,LinkNYC Kiosk Status_normal/LinkNYC Kiosk Status_linknyc_kiosk_locations.csv,latitude,latitude-wifi_status,1
LinkNYC Kiosk Status_normal/LinkNYC Kiosk Status_linknyc_kiosk_locations_1.csv,LinkNYC Kiosk Status_normal/LinkNYC Kiosk Status_linknyc_kiosk_locations.csv,longitude,longitude,1
LinkNYC Kiosk Status_normal/LinkNYC Kiosk Status_linknyc_kiosk_locations_1.csv,LinkNYC Kiosk Status_normal/LinkNYC Kiosk Status_linknyc_kiosk_status_1.csv,address,address,1
2018 DOE High School Directory_normal/2018 DOE High School Directory_high_school_directory_2018.csv,2018 DOE High School Directory_normal/2018 DOE High School Directory_high_school_programs.csv,dbn,dbn,1
2018 DOE High School Directory_normal/2018 DOE High School Directory_high_school_directory_2018.csv,2018 DOE High School Directory_normal/node_3.csv,school_name,school_name,1
2018 DOE High School Directory_normal/2018 DOE High School Directory_high_school_directory_2018.csv,2018 DOE High School Directory_normal/2018 DOE High School Directory_high_school_programs_info.csv,fax_number,fax_number,1
2018 DOE High School Directory_normal/2018 DOE High School Directory_high_school_programs.csv,2018 DOE High School Directory_normal/2018 DOE High School Directory_high_school_programs_info_2.csv,phone_number,phone_number,1
2018 DOE High School Directory_normal/2018 DOE High School Directory_high_school_programs.csv,2018 DOE High School Directory_normal/2018 DOE High School Directory_high_school_programs_info_1.csv,code1,code1,1
2019 - 2020 School Locations_normal/2019 - 2020 School Locations_school_locations_2019_2020.csv,2019 - 2020 School Locations_normal/2019 - 2020 School Locations_school_location_details.csv,location_code,location_code,1
2019 - 2020 School Locations_normal/2019 - 2020 School Locations_school_locations_2019_2020.csv,2019 - 2020 School Locations_normal/2019 - 2020 School Locations_school_location_details_1.csv,location_name,location_name,1
2019 - 2020 School Locations_normal/2019 - 2020 School Locations_school_location_details_2.csv,2019 - 2020 School Locations_normal/2019 - 2020 School Locations_school_location_details_3.csv,beds,beds,1
DOB NOW： Build – Approved Permits_normal/DOB NOW： Build – Approved Permits_approved_building_permits_2.csv,DOB NOW： Build – Approved Permits_normal/DOB NOW： Build – Approved Permits_approved_building_permits.csv,tracking_number,tracking_number,1
DOB NOW： Build – Approved Permits_normal/DOB NOW： Build – Approved Permits_approved_building_permits_2.csv,DOB NOW： Build – Approved Permits_normal/DOB NOW： Build – Approved Permits_approved_building_permits_4.csv,work_permit,work_permit,1
DOB NOW： Build – Approved Permits_normal/DOB NOW： Build – Approved Permits_approved_building_permits_2.csv,DOB NOW： Build – Approved Permits_normal/DOB NOW： Build – Approved Permits_approved_building_permits_3.csv,job_filing_number,job_filing_number,1
DOB NOW： Build – Approved Permits_normal/DOB NOW： Build – Approved Permits_approved_building_permits.csv,DOB NOW： Build – Approved Permits_normal/DOB NOW： Build – Approved Permits_approved_building_permits_1.csv,bin,bin,1
Property Valuation and Assessment Data_normal/Property Valuation and Assessment Data_property_valuation_records.csv,Property Valuation and Assessment Data_normal/Property Valuation and Assessment Data_property_assessment_records.csv,bble,bble,1
Property Valuation and Assessment Data_normal/Property Valuation and Assessment Data_property_valuation_records.csv,Property Valuation and Assessment Data_normal/Property Valuation and Assessment Data_property_tax n_assessment.csv,block,block,1
Property Valuation and Assessment Data_normal/Property Valuation and Assessment Data_property_valuation_records.csv,Property Valuation and Assessment Data_normal/Property Valuation and Assessment Data_property_valuation_records_1.csv,owner,owner,1
Property Valuation and Assessment Data_normal/Property Valuation and Assessment Data_property_assessment_records.csv,Property Valuation and Assessment Data_normal/Property Valuation and Assessment Data_property_valuation_records_2.csv,staddr,staddr,1
DOF： Condominium comparable rental income – Queens - FY 2010 2011_normal/DOF： Condominium comparable rental income – Queens - FY 2010 2011_queens_condo_rental_income.csv,DOF： Condominium comparable rental income – Queens - FY 2010 2011_normal/DOF： Condominium comparable rental income – Queens - FY 2010 2011_queens_condo_rental_income_2010_2011.csv,queens_condominium_property_condo_section,queens_condominium_property_condo_section,1
DOF： Condominium comparable rental income – Queens - FY 2010 2011_normal/DOF： Condominium comparable rental income – Queens - FY 2010 2011_queens_condo_rental_income.csv,DOF： Condominium comparable rental income – Queens - FY 2010 2011_normal/DOF： Condominium comparable rental income – Queens - FY 2010 2011_queens_condo_rental_comparisons.csv,queens_condominium_property_address,queens_condominium_property_address,1
DOF： Condominium comparable rental income – Queens - FY 2010 2011_normal/DOF： Condominium comparable rental income – Queens - FY 2010 2011_queens_condo_rental_income_2010_2011.csv,DOF： Condominium comparable rental income – Queens - FY 2010 2011_normal/DOF： Condominium comparable rental income – Queens - FY 2010 2011_queens_condo_rental_comparables.csv,queens_condominium_property_boro_block_lot,queens_condominium_property_boro_block_lot,1
DOF： Condominium comparable rental income – Queens - FY 2010 2011_normal/DOF： Condominium comparable rental income – Queens - FY 2010 2011_queens_condo_rental_comparables.csv,DOF： Condominium comparable rental income – Queens - FY 2010 2011_normal/node_5.csv,latitude,latitude,1
DOF： Condominium comparable rental income – Queens - FY 2010 2011_normal/DOF： Condominium comparable rental income – Queens - FY 2010 2011_queens_condo_rental_comparables.csv,DOF： Condominium comparable rental income – Queens - FY 2010 2011_normal/node_5.csv,longitude,longitude,1
DOHMH Childcare Center Inspections_normal/DOHMH Childcare Center Inspections_childcare_center_inspections.csv,DOHMH Childcare Center Inspections_normal/DOHMH Childcare Center Inspections_childcare_inspection_records.csv,dc_id,dc_id,1
DOHMH Childcare Center Inspections_normal/DOHMH Childcare Center Inspections_childcare_center_inspections.csv,DOHMH Childcare Center Inspections_normal/node_3.csv,phone,phone,1
DOHMH Childcare Center Inspections_normal/DOHMH Childcare Center Inspections_childcare_center_inspections.csv,DOHMH Childcare Center Inspections_normal/DOHMH Childcare Center Inspections_childcare_inspection_records_1.csv,centername,centername,1
DOHMH Childcare Center Inspections_normal/DOHMH Childcare Center Inspections_childcare_inspection_records.csv,DOHMH Childcare Center Inspections_normal/DOHMH Childcare Center Inspections_childcare_center_inspections_1.csv,legalname,legalname,1
DOHMH Childcare Center Inspections_normal/DOHMH Childcare Center Inspections_childcare_inspection_records.csv,DOHMH Childcare Center Inspections_normal/DOHMH Childcare Center Inspections_childcare_inspection_results.csv,bin,bin,1
Forestry Planting Spaces_normal/Forestry Planting Spaces_tree_planting_sites.csv,Forestry Planting Spaces_normal/node_2.csv,objectid,objectid,1
Forestry Planting Spaces_normal/Forestry Planting Spaces_tree_planting_sites.csv,Forestry Planting Spaces_normal/Forestry Planting Spaces_street_tree_planting_locations.csv,globalid,globalid,1
Forestry Planting Spaces_normal/Forestry Planting Spaces_tree_planting_sites.csv,Forestry Planting Spaces_normal/Forestry Planting Spaces_planting_space_locations.csv,location,location,1
Forestry Planting Spaces_normal/node_2.csv,Forestry Planting Spaces_normal/Forestry Planting Spaces_tree_planting_locations.csv,bin,bin,1
Forestry Planting Spaces_normal/node_2.csv,Forestry Planting Spaces_normal/Forestry Planting Spaces_street_tree_planting_sites.csv,latitude,latitude,1
Forestry Planting Spaces_normal/node_2.csv,Forestry Planting Spaces_normal/Forestry Planting Spaces_street_tree_planting_sites.csv,longitude,longitude,1
Housing Database Project Level Files_normal/Housing Database Project Level Files_housing_project_details_1.csv,Housing Database Project Level Files_normal/Housing Database Project Level Files_housing_project_details.csv,job_number,job_number,1
Housing Database Project Level Files_normal/Housing Database Project Level Files_housing_project_details_1.csv,Housing Database Project Level Files_normal/node_3.csv,bin,bin,1
Housing Database Project Level Files_normal/Housing Database Project Level Files_housing_project_details_1.csv,Housing Database Project Level Files_normal/node_4.csv,latitude,latitude,1
Housing Database Project Level Files_normal/Housing Database Project Level Files_housing_project_details_1.csv,Housing Database Project Level Files_normal/node_4.csv,longitude,longitude,1
Housing Database Project Level Files_normal/Housing Database Project Level Files_housing_project_details.csv,Housing Database Project Level Files_normal/Housing Database Project Level Files_housing_project_status.csv,addressnum,addressnum,1
Centerline_normal/Centerline_street_centerline_data_3.csv,Centerline_normal/Centerline_street_centerline_data_2.csv,objectid,objectid,1
Centerline_normal/Centerline_street_centerline_data_3.csv,Centerline_normal/Centerline_street_centerline_data_1.csv,globalid,globalid,1
Centerline_normal/Centerline_street_centerline_data_3.csv,Centerline_normal/Centerline_street_centerline_data.csv,physicalid,physicalid,1
Centerline_normal/Centerline_street_centerline_data_3.csv,Centerline_normal/Centerline_street_centerline_segments.csv,r_blockfaceid,r_blockfaceid,1
Lot Cleaning Dispositions (No Longer Maintained)_normal/Lot Cleaning Dispositions (No Longer Maintained)_lot_cleaning_records_3.csv,Lot Cleaning Dispositions (No Longer Maintained)_normal/Lot Cleaning Dispositions (No Longer Maintained)_lot_cleaning_records_1.csv,activitydetailid,activitydetailid,1
Lot Cleaning Dispositions (No Longer Maintained)_normal/Lot Cleaning Dispositions (No Longer Maintained)_lot_cleaning_records_3.csv,Lot Cleaning Dispositions (No Longer Maintained)_normal/Lot Cleaning Dispositions (No Longer Maintained)_lot_cleaning_records.csv,lotid,lotid,1
Lot Cleaning Dispositions (No Longer Maintained)_normal/Lot Cleaning Dispositions (No Longer Maintained)_lot_cleaning_records_1.csv,Lot Cleaning Dispositions (No Longer Maintained)_normal/node_4.csv,activityid,activityid,1
Lot Cleaning Dispositions (No Longer Maintained)_normal/node_4.csv,Lot Cleaning Dispositions (No Longer Maintained)_normal/Lot Cleaning Dispositions (No Longer Maintained)_lot_cleaning_records_2.csv,inspectionrequestid,inspectionrequestid,1
2019 Pre-Kindergarten Admissions Guide_normal/2019 Pre-Kindergarten Admissions Guide_pre_k_admissions_data.csv,2019 Pre-Kindergarten Admissions Guide_normal/2019 Pre-Kindergarten Admissions Guide_pre_k_admissions_manhattan.csv,dbn,dbn,1
2019 Pre-Kindergarten Admissions Guide_normal/2019 Pre-Kindergarten Admissions Guide_pre_k_admissions_data.csv,2019 Pre-Kindergarten Admissions Guide_normal/2019 Pre-Kindergarten Admissions Guide_pre_k_admissions_data.csv,programname,programname,1
2019 Pre-Kindergarten Admissions Guide_normal/2019 Pre-Kindergarten Admissions Guide_pre_k_admissions_manhattan.csv,2019 Pre-Kindergarten Admissions Guide_normal/2019 Pre-Kindergarten Admissions Guide_pre_k_school_contact_info.csv,phonenumber,phonenumber,1
2019 Pre-Kindergarten Admissions Guide_normal/2019 Pre-Kindergarten Admissions Guide_pre_k_school_contact_info.csv,2019 Pre-Kindergarten Admissions Guide_normal/node_5.csv,address,address,1
Public Design Commission Outdoor Public Art Inventory_normal/Public Design Commission Outdoor Public Art Inventory_outdoor_public_art_inventory_1.csv,Public Design Commission Outdoor Public Art Inventory_normal/Public Design Commission Outdoor Public Art Inventory_outdoor_public_art_inventory.csv,title,title,1
Public Design Commission Outdoor Public Art Inventory_normal/Public Design Commission Outdoor Public Art Inventory_outdoor_public_art_inventory_1.csv,Public Design Commission Outdoor Public Art Inventory_normal/Public Design Commission Outdoor Public Art Inventory_outdoor_public_artworks_1.csv,latitude,latitude,1
Public Design Commission Outdoor Public Art Inventory_normal/Public Design Commission Outdoor Public Art Inventory_outdoor_public_art_inventory_1.csv,Public Design Commission Outdoor Public Art Inventory_normal/Public Design Commission Outdoor Public Art Inventory_outdoor_public_artworks_1.csv,longitude,longitude,1
Public Design Commission Outdoor Public Art Inventory_normal/Public Design Commission Outdoor Public Art Inventory_outdoor_public_art_inventory_1.csv,Public Design Commission Outdoor Public Art Inventory_normal/Public Design Commission Outdoor Public Art Inventory_outdoor_public_art_inventory_2.csv,address,address,1
Public Design Commission Outdoor Public Art Inventory_normal/Public Design Commission Outdoor Public Art Inventory_outdoor_public_art_inventory.csv,Public Design Commission Outdoor Public Art Inventory_normal/Public Design Commission Outdoor Public Art Inventory_outdoor_public_artworks.csv,acquisition,acquisition,1
DOF： Cooperative Comparable Rental Income – Bronx – FY 2008 2009_normal/DOF： Cooperative Comparable Rental Income – Bronx – FY 2008 2009_bronx_coop_rental_comparables.csv,DOF： Cooperative Comparable Rental Income – Bronx – FY 2008 2009_normal/DOF： Cooperative Comparable Rental Income – Bronx – FY 2008 2009_bronx_coop_rental_income.csv,bronx_cooperatives_comparable_properties_boro_block_lot,bronx_cooperatives_comparable_properties_boro_block_lot,1
DOF： Cooperative Comparable Rental Income – Bronx – FY 2008 2009_normal/DOF： Cooperative Comparable Rental Income – Bronx – FY 2008 2009_bronx_coop_rental_comparables.csv,DOF： Cooperative Comparable Rental Income – Bronx – FY 2008 2009_normal/DOF： Cooperative Comparable Rental Income – Bronx – FY 2008 2009_bronx_coop_rental_comparisons.csv,bronx_cooperatives_comparable_properties_address,bronx_cooperatives_comparable_properties_address,1
DOF： Cooperative Comparable Rental Income – Bronx – FY 2008 2009_normal/DOF： Cooperative Comparable Rental Income – Bronx – FY 2008 2009_bronx_coop_rental_comparables.csv,DOF： Cooperative Comparable Rental Income – Bronx – FY 2008 2009_normal/DOF： Cooperative Comparable Rental Income – Bronx – FY 2008 2009_bronx_rental_income_comparisons.csv,latitude-bronx_cooperatives_comparable_properties_full_market_value,latitude,1
DOF： Cooperative Comparable Rental Income – Bronx – FY 2008 2009_normal/DOF： Cooperative Comparable Rental Income – Bronx – FY 2008 2009_bronx_coop_rental_comparables.csv,DOF： Cooperative Comparable Rental Income – Bronx – FY 2008 2009_normal/DOF： Cooperative Comparable Rental Income – Bronx – FY 2008 2009_bronx_rental_income_comparisons.csv,longitude,longitude,1
DOF： Cooperative Comparable Rental Income – Bronx – FY 2008 2009_normal/DOF： Cooperative Comparable Rental Income – Bronx – FY 2008 2009_bronx_coop_rental_income.csv,DOF： Cooperative Comparable Rental Income – Bronx – FY 2008 2009_normal/DOF： Cooperative Comparable Rental Income – Bronx – FY 2008 2009_bronx_coop_rental_income.csv,bin,bin,1
2020 DOE High School Directory_normal/node_1.csv,2020 DOE High School Directory_normal/2020 DOE High School Directory_high_school_admissions_data.csv,dbn,dbn,1
2020 DOE High School Directory_normal/node_1.csv,2020 DOE High School Directory_normal/2020 DOE High School Directory_nyc_high_school_directory.csv,school_name,school_name,1
2020 DOE High School Directory_normal/2020 DOE High School Directory_high_school_programs_info.csv,2020 DOE High School Directory_normal/2020 DOE High School Directory_high_school_admissions_data_1.csv,fax_number,fax_number,1
Annual Overweight Load (AOL) Permits_normal/Annual Overweight Load (AOL) Permits_overweight_load_permits_2.csv,Annual Overweight Load (AOL) Permits_normal/Annual Overweight Load (AOL) Permits_overweight_load_permits_4.csv,permitid,permitid,1
Annual Overweight Load (AOL) Permits_normal/Annual Overweight Load (AOL) Permits_overweight_load_permits_2.csv,Annual Overweight Load (AOL) Permits_normal/Annual Overweight Load (AOL) Permits_overweight_load_permits.csv,fullpermitno,fullpermitno,1
Annual Overweight Load (AOL) Permits_normal/Annual Overweight Load (AOL) Permits_overweight_load_permits_3.csv,Annual Overweight Load (AOL) Permits_normal/Annual Overweight Load (AOL) Permits_overweight_load_permits_4.csv,fullapplicationno,pivot-value,1
Annual Overweight Load (AOL) Permits_normal/Annual Overweight Load (AOL) Permits_overweight_load_permits_3.csv,Annual Overweight Load (AOL) Permits_normal/Annual Overweight Load (AOL) Permits_overweight_load_permits_1.csv,oldpermitno,oldpermitno,1
NYC Clean Heat Dataset (Historical)_normal/NYC Clean Heat Dataset (Historical)_boiler_fuel_usage_records.csv,NYC Clean Heat Dataset (Historical)_normal/NYC Clean Heat Dataset (Historical)_nyc_boiler_compliance_data.csv,dep_boiler_application,dep_boiler_application,1
NYC Clean Heat Dataset (Historical)_normal/NYC Clean Heat Dataset (Historical)_boiler_fuel_usage_records.csv,NYC Clean Heat Dataset (Historical)_normal/node_3.csv,building_manager,building_manager,1
NYC Clean Heat Dataset (Historical)_normal/NYC Clean Heat Dataset (Historical)_nyc_boiler_compliance_data.csv,NYC Clean Heat Dataset (Historical)_normal/NYC Clean Heat Dataset (Historical)_nyc_building_heating_data.csv,owner,owner,1
NYC Clean Heat Dataset (Historical)_normal/NYC Clean Heat Dataset (Historical)_nyc_building_heating_data.csv,NYC Clean Heat Dataset (Historical)_normal/NYC Clean Heat Dataset (Historical)_nyc_building_ownership_info.csv,borough_block_lot,borough_block_lot,1
SBS Certified Business List_normal/SBS Certified Business List_certified_businesses_info_1.csv,SBS Certified Business List_normal/SBS Certified Business List_certified_business_contracts.csv,account_number,account_number,1
Traffic Signal and All-Way Stop Study Requests_normal/Traffic Signal and All-Way Stop Study Requests_traffic_study_requests.csv,Traffic Signal and All-Way Stop Study Requests_normal/Traffic Signal and All-Way Stop Study Requests_traffic_signal_study_requests.csv,id,pivot-value,1
Traffic Signal and All-Way Stop Study Requests_normal/Traffic Signal and All-Way Stop Study Requests_traffic_study_requests.csv,Traffic Signal and All-Way Stop Study Requests_normal/Traffic Signal and All-Way Stop Study Requests_traffic_signal_study_requests_1.csv,referencenumber,referencenumber,1
Traffic Signal and All-Way Stop Study Requests_normal/Traffic Signal and All-Way Stop Study Requests_traffic_study_requests.csv,Traffic Signal and All-Way Stop Study Requests_normal/Traffic Signal and All-Way Stop Study Requests_traffic_signal_study_requests_2.csv,statusdate,statusdate,1
Traffic Signal and All-Way Stop Study Requests_normal/Traffic Signal and All-Way Stop Study Requests_traffic_signal_study_requests.csv,Traffic Signal and All-Way Stop Study Requests_normal/Traffic Signal and All-Way Stop Study Requests_traffic_control_requests.csv,daterequested,daterequested,1
Traffic Signal and All-Way Stop Study Requests_normal/Traffic Signal and All-Way Stop Study Requests_traffic_signal_study_requests_1.csv,Traffic Signal and All-Way Stop Study Requests_normal/node_6.csv,externalreferencenumber,externalreferencenumber,1
2018 - 2019 School Locations_normal/2018 - 2019 School Locations_school_locations_2018_2019.csv,2018 - 2019 School Locations_normal/2018 - 2019 School Locations_school_location_details_3.csv,system_code,system_code,1
2018 - 2019 School Locations_normal/2018 - 2019 School Locations_school_locations_2018_2019.csv,2018 - 2019 School Locations_normal/2018 - 2019 School Locations_school_location_details_2.csv,location_code,location_code,1
2018 - 2019 School Locations_normal/2018 - 2019 School Locations_school_locations_2018_2019.csv,2018 - 2019 School Locations_normal/2018 - 2019 School Locations_school_location_details.csv,location_name,location_name,1
2018 - 2019 School Locations_normal/2018 - 2019 School Locations_school_location_details_3.csv,2018 - 2019 School Locations_normal/2018 - 2019 School Locations_school_location_details_1.csv,principal_name,principal_name,1
Citywide Public Computer Centers_normal/Citywide Public Computer Centers_public_computer_centers_info_2.csv,Citywide Public Computer Centers_normal/Citywide Public Computer Centers_public_computer_centers_info.csv,oid,oid,1
Citywide Public Computer Centers_normal/Citywide Public Computer Centers_public_computer_centers_info_2.csv,Citywide Public Computer Centers_normal/Citywide Public Computer Centers_public_computer_centers_info_1.csv,location_name,location_name,1
Citywide Public Computer Centers_normal/Citywide Public Computer Centers_public_computer_centers_info.csv,Citywide Public Computer Centers_normal/Citywide Public Computer Centers_public_computer_centers_locations.csv,address_street,address_street,1
Citywide Public Computer Centers_normal/Citywide Public Computer Centers_public_computer_centers_locations.csv,Citywide Public Computer Centers_normal/Citywide Public Computer Centers_public_computer_centers_nyc.csv,full_location_address,full_location_address,1
DOB Job Application Filings_normal/DOB Job Application Filings_job_application_records_2.csv,DOB Job Application Filings_normal/DOB Job Application Filings_job_application_records_1.csv,job_s1_no,job_s1_no,1
DOB Job Application Filings_normal/DOB Job Application Filings_job_application_records_2.csv,DOB Job Application Filings_normal/DOB Job Application Filings_job_application_records.csv,job__,job__,1
DOB Job Application Filings_normal/DOB Job Application Filings_job_application_records_2.csv,DOB Job Application Filings_normal/DOB Job Application Filings_building_permit_applications.csv,bin__,bin__,1
DOB Job Application Filings_normal/DOB Job Application Filings_job_application_records_1.csv,DOB Job Application Filings_normal/DOB Job Application Filings_job_application_details.csv,gis_latitude,gis_latitude,1
Local Law 8 of 2020 – Complaints of Illegal Parking of Vehicles Operated on Behalf of the City_normal/Local Law 8 of 2020 – Complaints of Illegal Parking of Vehicles Operated on Behalf of the City_illegal_parking_complaints_3.csv,Local Law 8 of 2020 – Complaints of Illegal Parking of Vehicles Operated on Behalf of the City_normal/Local Law 8 of 2020 – Complaints of Illegal Parking of Vehicles Operated on Behalf of the City_illegal_parking_complaints_4.csv,unique_key,unique_key,1
Local Law 8 of 2020 – Complaints of Illegal Parking of Vehicles Operated on Behalf of the City_normal/Local Law 8 of 2020 – Complaints of Illegal Parking of Vehicles Operated on Behalf of the City_illegal_parking_complaints_3.csv,Local Law 8 of 2020 – Complaints of Illegal Parking of Vehicles Operated on Behalf of the City_normal/Local Law 8 of 2020 – Complaints of Illegal Parking of Vehicles Operated on Behalf of the City_illegal_parking_complaints_2.csv,incident_address,incident_address,1
Local Law 8 of 2020 – Complaints of Illegal Parking of Vehicles Operated on Behalf of the City_normal/Local Law 8 of 2020 – Complaints of Illegal Parking of Vehicles Operated on Behalf of the City_illegal_parking_complaints_4.csv,Local Law 8 of 2020 – Complaints of Illegal Parking of Vehicles Operated on Behalf of the City_normal/Local Law 8 of 2020 – Complaints of Illegal Parking of Vehicles Operated on Behalf of the City_illegal_parking_complaints_1.csv,location,location,1
Local Law 8 of 2020 – Complaints of Illegal Parking of Vehicles Operated on Behalf of the City_normal/Local Law 8 of 2020 – Complaints of Illegal Parking of Vehicles Operated on Behalf of the City_illegal_parking_complaints_1.csv,Local Law 8 of 2020 – Complaints of Illegal Parking of Vehicles Operated on Behalf of the City_normal/Local Law 8 of 2020 – Complaints of Illegal Parking of Vehicles Operated on Behalf of the City_illegal_parking_complaints.csv,latitude,latitude,1
Local Law 8 of 2020 – Complaints of Illegal Parking of Vehicles Operated on Behalf of the City_normal/Local Law 8 of 2020 – Complaints of Illegal Parking of Vehicles Operated on Behalf of the City_illegal_parking_complaints_1.csv,Local Law 8 of 2020 – Complaints of Illegal Parking of Vehicles Operated on Behalf of the City_normal/Local Law 8 of 2020 – Complaints of Illegal Parking of Vehicles Operated on Behalf of the City_illegal_parking_complaints.csv,longitude,longitude,1
DOF： Condominium Comparable Rental Income – Manhattan – FY 2011 2012_normal/DOF： Condominium Comparable Rental Income – Manhattan – FY 2011 2012_manhattan_condo_rental_comparables_1.csv,DOF： Condominium Comparable Rental Income – Manhattan – FY 2011 2012_normal/DOF： Condominium Comparable Rental Income – Manhattan – FY 2011 2012_manhattan_condo_rental_income.csv,manhattan_condominiums_comparable_properties_condo_section,manhattan_condominiums_comparable_properties_condo_section,1
DOF： Condominium Comparable Rental Income – Manhattan – FY 2011 2012_normal/DOF： Condominium Comparable Rental Income – Manhattan – FY 2011 2012_manhattan_condo_rental_comparables_1.csv,DOF： Condominium Comparable Rental Income – Manhattan – FY 2011 2012_normal/DOF： Condominium Comparable Rental Income – Manhattan – FY 2011 2012_manhattan_condo_rental_comparables.csv,manhattan_condominiums_comparable_properties_address,manhattan_condominiums_comparable_properties_address,1
DOF： Condominium Comparable Rental Income – Manhattan – FY 2011 2012_normal/DOF： Condominium Comparable Rental Income – Manhattan – FY 2011 2012_manhattan_condo_rental_comparables_1.csv,DOF： Condominium Comparable Rental Income – Manhattan – FY 2011 2012_normal/node_4.csv,manhattan_condominiums_comparable_properties_boro_block_lot,manhattan_condominiums_comparable_properties_boro_block_lot,1
DOF： Condominium Comparable Rental Income – Manhattan – FY 2011 2012_normal/DOF： Condominium Comparable Rental Income – Manhattan – FY 2011 2012_manhattan_condo_rental_income.csv,DOF： Condominium Comparable Rental Income – Manhattan – FY 2011 2012_normal/DOF： Condominium Comparable Rental Income – Manhattan – FY 2011 2012_manhattan_condo_rental_income_1.csv,latitude-manhattan_condominiums_comparable_properties_expense_per_sqft,latitude,1
DOF： Condominium Comparable Rental Income – Manhattan – FY 2011 2012_normal/DOF： Condominium Comparable Rental Income – Manhattan – FY 2011 2012_manhattan_condo_rental_income.csv,DOF： Condominium Comparable Rental Income – Manhattan – FY 2011 2012_normal/DOF： Condominium Comparable Rental Income – Manhattan – FY 2011 2012_manhattan_condo_rental_income_1.csv,longitude,longitude,1
Parking Violations Issued - Fiscal Year 2017_normal/Parking Violations Issued - Fiscal Year 2017_parking_violations_2017.csv,Parking Violations Issued - Fiscal Year 2017_normal/Parking Violations Issued - Fiscal Year 2017_parking_violations_2017_1.csv,summons_number,summons_number,1
Parking Violations Issued - Fiscal Year 2017_normal/Parking Violations Issued - Fiscal Year 2017_parking_violations_2017.csv,Parking Violations Issued - Fiscal Year 2017_normal/Parking Violations Issued - Fiscal Year 2017_parking_violation_records_2017.csv,plate_id,pivot-value,1
Parking Violations Issued - Fiscal Year 2017_normal/Parking Violations Issued - Fiscal Year 2017_parking_violations_2017.csv,Parking Violations Issued - Fiscal Year 2017_normal/Parking Violations Issued - Fiscal Year 2017_parking_violations_fy2017.csv,street_name,street_name,1
Parking Violations Issued - Fiscal Year 2017_normal/Parking Violations Issued - Fiscal Year 2017_parking_violations_2017.csv,Parking Violations Issued - Fiscal Year 2017_normal/Parking Violations Issued - Fiscal Year 2017_parking_violations_2017_2.csv,issuer_code,issuer_code,1
OpenData_ParksProperties_normal/OpenData_ParksProperties_park_property_details_1.csv,OpenData_ParksProperties_normal/OpenData_ParksProperties_park_properties_details.csv,gispropnum,gispropnum,1
OpenData_ParksProperties_normal/OpenData_ParksProperties_park_property_details_1.csv,OpenData_ParksProperties_normal/OpenData_ParksProperties_nyc_park_properties.csv,objectid,objectid,1
OpenData_ParksProperties_normal/OpenData_ParksProperties_park_property_details_1.csv,OpenData_ParksProperties_normal/OpenData_ParksProperties_parks_property_details.csv,omppropid,omppropid,1
OpenData_ParksProperties_normal/OpenData_ParksProperties_park_properties_details.csv,OpenData_ParksProperties_normal/OpenData_ParksProperties_park_property_details.csv,gisobjid-parentid,gisobjid,1
OpenData_ParksProperties_normal/OpenData_ParksProperties_park_properties_details.csv,OpenData_ParksProperties_normal/OpenData_ParksProperties_park_property_permits.csv,global_id,global_id,1
Speed Reducer Tracking System (SRTS)_normal/Speed Reducer Tracking System (SRTS)_speed_reducer_projects_status.csv,Speed Reducer Tracking System (SRTS)_normal/Speed Reducer Tracking System (SRTS)_speed_reducer_requests.csv,segmentid,segmentid,1
Speed Reducer Tracking System (SRTS)_normal/Speed Reducer Tracking System (SRTS)_speed_reducer_projects_status.csv,Speed Reducer Tracking System (SRTS)_normal/Speed Reducer Tracking System (SRTS)_speed_reducer_requests_1.csv,lionkey,lionkey,1
Speed Reducer Tracking System (SRTS)_normal/Speed Reducer Tracking System (SRTS)_speed_reducer_projects_status.csv,Speed Reducer Tracking System (SRTS)_normal/Speed Reducer Tracking System (SRTS)_speed_reducer_requests_2.csv,oft,oft,1
Speed Reducer Tracking System (SRTS)_normal/Speed Reducer Tracking System (SRTS)_speed_reducer_requests.csv,Speed Reducer Tracking System (SRTS)_normal/Speed Reducer Tracking System (SRTS)_speed_reducer_locations.csv,tolongitude,tolongitude,1
Speed Reducer Tracking System (SRTS)_normal/Speed Reducer Tracking System (SRTS)_speed_reducer_requests_1.csv,Speed Reducer Tracking System (SRTS)_normal/Speed Reducer Tracking System (SRTS)_speed_reducer_status.csv,tolatitude,tolatitude,1
Property Exemption Detail_normal/Property Exemption Detail_property_tax_exemptions_2.csv,Property Exemption Detail_normal/Property Exemption Detail_property_tax_exemptions_1.csv,parid,parid,1
Property Exemption Detail_normal/Property Exemption Detail_property_tax_exemptions_2.csv,Property Exemption Detail_normal/Property Exemption Detail_property_exemption_records.csv,caseno,caseno,1
Property Exemption Detail_normal/Property Exemption Detail_property_tax_exemptions_2.csv,Property Exemption Detail_normal/Property Exemption Detail_property_tax_exemptions.csv,lot,lot,1
Property Exemption Detail_normal/Property Exemption Detail_property_tax_exemptions_1.csv,Property Exemption Detail_normal/Property Exemption Detail_property_tax_exemptions_3.csv,exname,exname,1
Vision Zero Base Report_normal/Vision Zero Base Report_vehicle_safety_statistics.csv,Vision Zero Base Report_normal/Vision Zero Base Report_taxi_base_safety_data.csv,license_number,license_number,1
Vision Zero Base Report_normal/Vision Zero Base Report_vehicle_safety_statistics.csv,Vision Zero Base Report_normal/node_3.csv,phone,phone,1
Vision Zero Base Report_normal/Vision Zero Base Report_taxi_base_safety_data.csv,Vision Zero Base Report_normal/Vision Zero Base Report_vehicle_safety_and_accessibility_data.csv,location,location,1
Vision Zero Base Report_normal/Vision Zero Base Report_vehicle_safety_and_accessibility_data.csv,Vision Zero Base Report_normal/Vision Zero Base Report_vehicle_safety_reports.csv,latitude,latitude,1
Vision Zero Base Report_normal/Vision Zero Base Report_vehicle_safety_and_accessibility_data.csv,Vision Zero Base Report_normal/Vision Zero Base Report_vehicle_safety_reports.csv,longitude,longitude,1
DOB NOW： Electrical Permit Details_normal/DOB NOW： Electrical Permit Details_electrical_permit_details_1.csv,DOB NOW： Electrical Permit Details_normal/node_2.csv,unique_id,unique_id,1
DOB NOW： Electrical Permit Details_normal/DOB NOW： Electrical Permit Details_electrical_permit_details_1.csv,DOB NOW： Electrical Permit Details_normal/DOB NOW： Electrical Permit Details_electrical_permit_work_details.csv,work_id,work_id,1
DOB NOW： Electrical Permit Details_normal/node_2.csv,DOB NOW： Electrical Permit Details_normal/DOB NOW： Electrical Permit Details_electrical_permit_details.csv,job_filing_number,job_filing_number,1
DOB NOW： Electrical Permit Details_normal/DOB NOW： Electrical Permit Details_electrical_permit_details.csv,DOB NOW： Electrical Permit Details_normal/DOB NOW： Electrical Permit Details_electrical_permit_floor_details.csv,floor_id,floor_id,1
HISTORICAL Sidewalk Café Licenses and Applications_normal/node_1.csv,HISTORICAL Sidewalk Café Licenses and Applications_normal/HISTORICAL Sidewalk Café Licenses and Applications_sidewalk_cafe_licenses.csv,app_id,app_id,1
HISTORICAL Sidewalk Café Licenses and Applications_normal/node_1.csv,HISTORICAL Sidewalk Café Licenses and Applications_normal/HISTORICAL Sidewalk Café Licenses and Applications_sidewalk_cafe_licenses_2.csv,license_nbr,license_nbr,1
HISTORICAL Sidewalk Café Licenses and Applications_normal/HISTORICAL Sidewalk Café Licenses and Applications_sidewalk_cafe_licenses.csv,HISTORICAL Sidewalk Café Licenses and Applications_normal/node_5.csv,final_x,final_x,1
Zoning Application Portal (ZAP) - Project Data_normal/Zoning Application Portal (ZAP) - Project Data_zoning_application_projects_1.csv,Zoning Application Portal (ZAP) - Project Data_normal/Zoning Application Portal (ZAP) - Project Data_zoning_project_milestones.csv,project_id,project_id,1
Zoning Application Portal (ZAP) - Project Data_normal/Zoning Application Portal (ZAP) - Project Data_zoning_application_projects_1.csv,Zoning Application Portal (ZAP) - Project Data_normal/Zoning Application Portal (ZAP) - Project Data_zoning_project_applications_1.csv,project_name,project_name,1
Zoning Application Portal (ZAP) - Project Data_normal/Zoning Application Portal (ZAP) - Project Data_zoning_application_projects_1.csv,Zoning Application Portal (ZAP) - Project Data_normal/Zoning Application Portal (ZAP) - Project Data_zoning_application_projects.csv,ulurp_numbers,ulurp_numbers,1
Zoning Application Portal (ZAP) - Project Data_normal/Zoning Application Portal (ZAP) - Project Data_zoning_application_projects_1.csv,Zoning Application Portal (ZAP) - Project Data_normal/Zoning Application Portal (ZAP) - Project Data_zoning_project_applications.csv,primary_applicant,primary_applicant,1
Zoning Application Portal (ZAP) - Project Data_normal/Zoning Application Portal (ZAP) - Project Data_zoning_project_milestones.csv,Zoning Application Portal (ZAP) - Project Data_normal/node_6.csv,ceqr_number,ceqr_number,1
DOF： Cooperative Comparable Rental Income – Brooklyn – FY 2010 2011_normal/DOF： Cooperative Comparable Rental Income – Brooklyn – FY 2010 2011_brooklyn_rental_income_comparables.csv,DOF： Cooperative Comparable Rental Income – Brooklyn – FY 2010 2011_normal/DOF： Cooperative Comparable Rental Income – Brooklyn – FY 2010 2011_brooklyn_rental_income_comparables.csv,brooklyn_cooperatives_comparable_properties_boro_block_lot,brooklyn_cooperatives_comparable_properties_boro_block_lot,1
DOF： Cooperative Comparable Rental Income – Brooklyn – FY 2010 2011_normal/DOF： Cooperative Comparable Rental Income – Brooklyn – FY 2010 2011_brooklyn_rental_income_comparables.csv,DOF： Cooperative Comparable Rental Income – Brooklyn – FY 2010 2011_normal/DOF： Cooperative Comparable Rental Income – Brooklyn – FY 2010 2011_brooklyn_rental_income_comparables.csv,brooklyn_cooperatives_comparable_properties_address,brooklyn_cooperatives_comparable_properties_address,1
DOF： Cooperative Comparable Rental Income – Brooklyn – FY 2010 2011_normal/DOF： Cooperative Comparable Rental Income – Brooklyn – FY 2010 2011_brooklyn_rental_income_comparables.csv,DOF： Cooperative Comparable Rental Income – Brooklyn – FY 2010 2011_normal/DOF： Cooperative Comparable Rental Income – Brooklyn – FY 2010 2011_brooklyn_rental_income_comparables_1.csv,latitude,latitude,1
DOF： Cooperative Comparable Rental Income – Brooklyn – FY 2010 2011_normal/DOF： Cooperative Comparable Rental Income – Brooklyn – FY 2010 2011_brooklyn_rental_income_comparables.csv,DOF： Cooperative Comparable Rental Income – Brooklyn – FY 2010 2011_normal/DOF： Cooperative Comparable Rental Income – Brooklyn – FY 2010 2011_brooklyn_rental_income_comparables_1.csv,longitude,longitude,1
DOF： Cooperative Comparable Rental Income – Brooklyn – FY 2010 2011_normal/DOF： Cooperative Comparable Rental Income – Brooklyn – FY 2010 2011_brooklyn_rental_income_comparables.csv,DOF： Cooperative Comparable Rental Income – Brooklyn – FY 2010 2011_normal/DOF： Cooperative Comparable Rental Income – Brooklyn – FY 2010 2011_brooklyn_coop_rental_comparables.csv,bin,bin,1
DOF： Cooperative Comparable Rental Income – Staten Island – FY 2010 2011_normal/DOF： Cooperative Comparable Rental Income – Staten Island – FY 2010 2011_staten_island_rental_comparables_1.csv,DOF： Cooperative Comparable Rental Income – Staten Island – FY 2010 2011_normal/DOF： Cooperative Comparable Rental Income – Staten Island – FY 2010 2011_staten_island_rental_comparables_2.csv,staten_island_cooperatives_comparable_properties_boro_block_lot,staten_island_cooperatives_comparable_properties_boro_block_lot,1
DOF： Cooperative Comparable Rental Income – Staten Island – FY 2010 2011_normal/DOF： Cooperative Comparable Rental Income – Staten Island – FY 2010 2011_staten_island_rental_comparables_1.csv,DOF： Cooperative Comparable Rental Income – Staten Island – FY 2010 2011_normal/DOF： Cooperative Comparable Rental Income – Staten Island – FY 2010 2011_staten_island_rental_comparables_3.csv,staten_island_cooperatives_comparable_properties_address,staten_island_cooperatives_comparable_properties_address,1
DOF： Cooperative Comparable Rental Income – Staten Island – FY 2010 2011_normal/DOF： Cooperative Comparable Rental Income – Staten Island – FY 2010 2011_staten_island_rental_comparables_1.csv,DOF： Cooperative Comparable Rental Income – Staten Island – FY 2010 2011_normal/DOF： Cooperative Comparable Rental Income – Staten Island – FY 2010 2011_staten_island_rental_income.csv,bin,bin,1
DOF： Cooperative Comparable Rental Income – Staten Island – FY 2010 2011_normal/DOF： Cooperative Comparable Rental Income – Staten Island – FY 2010 2011_staten_island_rental_comparables_2.csv,DOF： Cooperative Comparable Rental Income – Staten Island – FY 2010 2011_normal/DOF： Cooperative Comparable Rental Income – Staten Island – FY 2010 2011_staten_island_rental_comparables_2.csv,latitude,latitude,1
DOF： Cooperative Comparable Rental Income – Staten Island – FY 2010 2011_normal/DOF： Cooperative Comparable Rental Income – Staten Island – FY 2010 2011_staten_island_rental_comparables_2.csv,DOF： Cooperative Comparable Rental Income – Staten Island – FY 2010 2011_normal/DOF： Cooperative Comparable Rental Income – Staten Island – FY 2010 2011_staten_island_rental_comparables_2.csv,longitude,longitude,1
Parking Violations Issued - Fiscal Year 2023_normal/Parking Violations Issued - Fiscal Year 2023_parking_violations_2023_1.csv,Parking Violations Issued - Fiscal Year 2023_normal/Parking Violations Issued - Fiscal Year 2023_parking_violations_fy2023.csv,summons_number-registration_state,summons_number,1
Parking Violations Issued - Fiscal Year 2023_normal/Parking Violations Issued - Fiscal Year 2023_parking_violations_2023_1.csv,Parking Violations Issued - Fiscal Year 2023_normal/Parking Violations Issued - Fiscal Year 2023_parking_violations_2023.csv,plate_id,plate_id,1
Parking Violations Issued - Fiscal Year 2023_normal/Parking Violations Issued - Fiscal Year 2023_parking_violations_fy2023.csv,Parking Violations Issued - Fiscal Year 2023_normal/Parking Violations Issued - Fiscal Year 2023_parking_violations_fy2023_1.csv,street_name,street_name,1
Parking Violations Issued - Fiscal Year 2023_normal/Parking Violations Issued - Fiscal Year 2023_parking_violations_fy2023_1.csv,Parking Violations Issued - Fiscal Year 2023_normal/Parking Violations Issued - Fiscal Year 2023_parking_violation_records_2023.csv,violation_time,violation_time,1
Department for the Aging (NYC Aging) - All Contracted Providers_normal/Department for the Aging (NYC Aging) - All Contracted Providers_aging_contracted_providers_1.csv,Department for the Aging (NYC Aging) - All Contracted Providers_normal/Department for the Aging (NYC Aging) - All Contracted Providers_aging_contracted_providers.csv,dfta_id,dfta_id,1
Department for the Aging (NYC Aging) - All Contracted Providers_normal/Department for the Aging (NYC Aging) - All Contracted Providers_aging_contracted_providers_1.csv,Department for the Aging (NYC Aging) - All Contracted Providers_normal/Department for the Aging (NYC Aging) - All Contracted Providers_caregiver_program_hours.csv,programname,programname,1
Department for the Aging (NYC Aging) - All Contracted Providers_normal/Department for the Aging (NYC Aging) - All Contracted Providers_aging_contracted_providers_1.csv,Department for the Aging (NYC Aging) - All Contracted Providers_normal/Department for the Aging (NYC Aging) - All Contracted Providers_aging_contract_providers_locations.csv,programaddress,programaddress,1
Department for the Aging (NYC Aging) - All Contracted Providers_normal/Department for the Aging (NYC Aging) - All Contracted Providers_aging_contracted_providers.csv,Department for the Aging (NYC Aging) - All Contracted Providers_normal/Department for the Aging (NYC Aging) - All Contracted Providers_aging_contract_providers_info_1.csv,programphone,programphone,1
Department for the Aging (NYC Aging) - All Contracted Providers_normal/Department for the Aging (NYC Aging) - All Contracted Providers_aging_contracted_providers.csv,Department for the Aging (NYC Aging) - All Contracted Providers_normal/Department for the Aging (NYC Aging) - All Contracted Providers_aging_contract_providers_info.csv,location1,location1,1
NYC Wi-Fi Hotspot Locations_normal/NYC Wi-Fi Hotspot Locations_nyc_wifi_hotspots_2.csv,NYC Wi-Fi Hotspot Locations_normal/NYC Wi-Fi Hotspot Locations_nyc_wifi_hotspots.csv,objectid,objectid,1
NYC Wi-Fi Hotspot Locations_normal/NYC Wi-Fi Hotspot Locations_nyc_wifi_hotspots_2.csv,NYC Wi-Fi Hotspot Locations_normal/NYC Wi-Fi Hotspot Locations_nyc_wifi_hotspots_1.csv,doitt_id,doitt_id,1
NYC Wi-Fi Hotspot Locations_normal/NYC Wi-Fi Hotspot Locations_nyc_wifi_hotspots.csv,NYC Wi-Fi Hotspot Locations_normal/NYC Wi-Fi Hotspot Locations_nyc_wifi_hotspots_locations.csv,latitude,latitude,1
NYC Wi-Fi Hotspot Locations_normal/NYC Wi-Fi Hotspot Locations_nyc_wifi_hotspots.csv,NYC Wi-Fi Hotspot Locations_normal/NYC Wi-Fi Hotspot Locations_nyc_wifi_hotspots_locations.csv,longitude,longitude,1
NYC Wi-Fi Hotspot Locations_normal/NYC Wi-Fi Hotspot Locations_nyc_wifi_hotspots_locations.csv,NYC Wi-Fi Hotspot Locations_normal/NYC Wi-Fi Hotspot Locations_nyc_wifi_hotspots_3.csv,location,location,1
2016 DOE High School Directory_normal/2016 DOE High School Directory_high_school_directory_2016_1.csv,2016 DOE High School Directory_normal/node_2.csv,dbn,dbn,1
2016 DOE High School Directory_normal/2016 DOE High School Directory_high_school_directory_2016_1.csv,2016 DOE High School Directory_normal/node_3.csv,school_name,school_name,1
2016 DOE High School Directory_normal/2016 DOE High School Directory_high_school_directory_2016_1.csv,2016 DOE High School Directory_normal/2016 DOE High School Directory_high_school_programs_info.csv,fax_number,fax_number,1
2016 DOE High School Directory_normal/2016 DOE High School Directory_high_school_directory_2016_1.csv,2016 DOE High School Directory_normal/2016 DOE High School Directory_high_school_directory_2016.csv,phone_number,phone_number,1
Bikes in Buildings Requests_normal/Bikes in Buildings Requests_bike_parking_requests_2.csv,Bikes in Buildings Requests_normal/Bikes in Buildings Requests_bike_parking_requests_1.csv,requestid,requestid,1
Bikes in Buildings Requests_normal/Bikes in Buildings Requests_bike_parking_requests_2.csv,Bikes in Buildings Requests_normal/Bikes in Buildings Requests_bike_access_requests.csv,indexnumber,indexnumber,1
Bikes in Buildings Requests_normal/Bikes in Buildings Requests_bike_parking_requests_2.csv,Bikes in Buildings Requests_normal/Bikes in Buildings Requests_bike_parking_requests.csv,tenantname,tenantname,1
Bikes in Buildings Requests_normal/Bikes in Buildings Requests_bike_parking_requests_1.csv,Bikes in Buildings Requests_normal/Bikes in Buildings Requests_bike_access_requests_1.csv,ownerstreetaddress,ownerstreetaddress,1
Energy and Water Data Disclosure for Local Law 84 2020 (Data for Calendar Year 2019)_normal/node_1.csv,Energy and Water Data Disclosure for Local Law 84 2020 (Data for Calendar Year 2019)_normal/Energy and Water Data Disclosure for Local Law 84 2020 (Data for Calendar Year 2019)_energy_water_usage_2019.csv,property_id,property_id,1
Energy and Water Data Disclosure for Local Law 84 2020 (Data for Calendar Year 2019)_normal/node_1.csv,Energy and Water Data Disclosure for Local Law 84 2020 (Data for Calendar Year 2019)_normal/Energy and Water Data Disclosure for Local Law 84 2020 (Data for Calendar Year 2019)_nyc_energy_water_usage_2019.csv,property_name,property_name,1
Energy and Water Data Disclosure for Local Law 84 2020 (Data for Calendar Year 2019)_normal/Energy and Water Data Disclosure for Local Law 84 2020 (Data for Calendar Year 2019)_energy_water_usage_2019.csv,Energy and Water Data Disclosure for Local Law 84 2020 (Data for Calendar Year 2019)_normal/Energy and Water Data Disclosure for Local Law 84 2020 (Data for Calendar Year 2019)_nyc_energy_water_disclosure.csv,address_1,address_1,1
Energy and Water Data Disclosure for Local Law 84 2020 (Data for Calendar Year 2019)_normal/Energy and Water Data Disclosure for Local Law 84 2020 (Data for Calendar Year 2019)_nyc_energy_water_disclosure.csv,Energy and Water Data Disclosure for Local Law 84 2020 (Data for Calendar Year 2019)_normal/Energy and Water Data Disclosure for Local Law 84 2020 (Data for Calendar Year 2019)_nyc_energy_water_usage_2019_1.csv,latitude,latitude,1
Energy and Water Data Disclosure for Local Law 84 2020 (Data for Calendar Year 2019)_normal/Energy and Water Data Disclosure for Local Law 84 2020 (Data for Calendar Year 2019)_nyc_energy_water_disclosure.csv,Energy and Water Data Disclosure for Local Law 84 2020 (Data for Calendar Year 2019)_normal/Energy and Water Data Disclosure for Local Law 84 2020 (Data for Calendar Year 2019)_nyc_energy_water_usage_2019_1.csv,longitude,longitude-alert_energy_no_meters,1
NYC Service： Volunteer Opportunities (Historical)_normal/NYC Service： Volunteer Opportunities (Historical)_volunteer_opportunities_nyc_2.csv,NYC Service： Volunteer Opportunities (Historical)_normal/NYC Service： Volunteer Opportunities (Historical)_nyc_volunteer_opportunities_historical.csv,opportunity_id,opportunity_id,1
NYC Service： Volunteer Opportunities (Historical)_normal/NYC Service： Volunteer Opportunities (Historical)_volunteer_opportunities_nyc_2.csv,NYC Service： Volunteer Opportunities (Historical)_normal/NYC Service： Volunteer Opportunities (Historical)_nyc_volunteer_opportunities.csv,content_id,content_id,1
NYC Service： Volunteer Opportunities (Historical)_normal/NYC Service： Volunteer Opportunities (Historical)_volunteer_opportunities_nyc_2.csv,NYC Service： Volunteer Opportunities (Historical)_normal/NYC Service： Volunteer Opportunities (Historical)_volunteer_opportunities_nyc.csv,title,title,1
NYC Service： Volunteer Opportunities (Historical)_normal/NYC Service： Volunteer Opportunities (Historical)_nyc_volunteer_opportunities_historical.csv,NYC Service： Volunteer Opportunities (Historical)_normal/NYC Service： Volunteer Opportunities (Historical)_volunteer_opportunities_nyc_1.csv,org_title,org_title,1
NYC Service： Volunteer Opportunities (Historical)_normal/NYC Service： Volunteer Opportunities (Historical)_nyc_volunteer_opportunities_historical.csv,NYC Service： Volunteer Opportunities (Historical)_normal/NYC Service： Volunteer Opportunities (Historical)_volunteer_opportunity_records.csv,org_content_id,org_content_id,1
DOB NOW： Build Elevator Permit Applications_normal/DOB NOW： Build Elevator Permit Applications_elevator_permit_applications_2.csv,DOB NOW： Build Elevator Permit Applications_normal/DOB NOW： Build Elevator Permit Applications_elevator_permit_applications.csv,job_filing_number,job_filing_number,1
DOB NOW： Build Elevator Permit Applications_normal/DOB NOW： Build Elevator Permit Applications_elevator_permit_applications_2.csv,DOB NOW： Build Elevator Permit Applications_normal/DOB NOW： Build Elevator Permit Applications_elevator_permit_applications_4.csv,job_number,job_number,1
DOB NOW： Build Elevator Permit Applications_normal/DOB NOW： Build Elevator Permit Applications_elevator_permit_applications_2.csv,DOB NOW： Build Elevator Permit Applications_normal/DOB NOW： Build Elevator Permit Applications_elevator_permit_applications_1.csv,bin,bin,1
DOB NOW： Build Elevator Permit Applications_normal/DOB NOW： Build Elevator Permit Applications_elevator_permit_applications.csv,DOB NOW： Build Elevator Permit Applications_normal/DOB NOW： Build Elevator Permit Applications_elevator_permit_applications_3.csv,latitude,latitude,1
DOB NOW： Build Elevator Permit Applications_normal/DOB NOW： Build Elevator Permit Applications_elevator_permit_applications.csv,DOB NOW： Build Elevator Permit Applications_normal/DOB NOW： Build Elevator Permit Applications_elevator_permit_applications_3.csv,longitude,longitude,1
DOB NOW： Build Elevator Permit Applications_normal/DOB NOW： Build Elevator Permit Applications_elevator_permit_applications_5.csv,DOB NOW： Build Elevator Permit Applications_normal/DOB NOW： Build Elevator Permit Applications_elevator_permit_applications.csv,block,pivot-value,1
Open Restaurant Applications (Historic)_normal/Open Restaurant Applications (Historic)_restaurant_application_records.csv,Open Restaurant Applications (Historic)_normal/Open Restaurant Applications (Historic)_restaurant_permit_applications.csv,objectid,pivot-value,1
Open Restaurant Applications (Historic)_normal/Open Restaurant Applications (Historic)_restaurant_application_records.csv,Open Restaurant Applications (Historic)_normal/Open Restaurant Applications (Historic)_historic_open_restaurant_data.csv,business_address,business_address,1
Open Restaurant Applications (Historic)_normal/Open Restaurant Applications (Historic)_restaurant_permit_applications.csv,Open Restaurant Applications (Historic)_normal/Open Restaurant Applications (Historic)_restaurant_seating_applications.csv,legal_business_name,legal_business_name,1
NYC Free Tax Prep Sites_normal/NYC Free Tax Prep Sites_nyc_tax_prep_sites_1.csv,NYC Free Tax Prep Sites_normal/NYC Free Tax Prep Sites_nyc_tax_prep_locations_2.csv,sitekey,sitekey,1
NYC Free Tax Prep Sites_normal/NYC Free Tax Prep Sites_nyc_tax_prep_sites_1.csv,NYC Free Tax Prep Sites_normal/NYC Free Tax Prep Sites_nyc_tax_prep_sites.csv,sitename,sitename,1
NYC Free Tax Prep Sites_normal/NYC Free Tax Prep Sites_nyc_tax_prep_locations_2.csv,NYC Free Tax Prep Sites_normal/NYC Free Tax Prep Sites_nyc_tax_prep_locations.csv,latitude,latitude,1
NYC Free Tax Prep Sites_normal/NYC Free Tax Prep Sites_nyc_tax_prep_locations_2.csv,NYC Free Tax Prep Sites_normal/NYC Free Tax Prep Sites_nyc_tax_prep_locations.csv,longitude,longitude,1
NYC Free Tax Prep Sites_normal/NYC Free Tax Prep Sites_nyc_tax_prep_locations.csv,NYC Free Tax Prep Sites_normal/NYC Free Tax Prep Sites_nyc_tax_prep_locations_1.csv,building,building,1
2017 DOE High School Directory_normal/2017 DOE High School Directory_high_school_directory_2017.csv,2017 DOE High School Directory_normal/node_2.csv,dbn,dbn,1
2017 DOE High School Directory_normal/2017 DOE High School Directory_high_school_directory_2017.csv,2017 DOE High School Directory_normal/2017 DOE High School Directory_high_school_directory_2017_1.csv,school_name,school_name,1
2017 DOE High School Directory_normal/2017 DOE High School Directory_high_school_directory_2017.csv,2017 DOE High School Directory_normal/2017 DOE High School Directory_high_school_admissions_info.csv,fax_number,fax_number,1
2017 DOE High School Directory_normal/node_2.csv,2017 DOE High School Directory_normal/2017 DOE High School Directory_high_school_directory_2017_2.csv,phone_number,phone_number,1
2017 DOE High School Directory_normal/2017 DOE High School Directory_high_school_directory_2017_2.csv,2017 DOE High School Directory_normal/2017 DOE High School Directory_high_school_programs_info.csv,code1,code1,1
2016 - 2017 SQS PK_normal/2016 - 2017 SQS PK_early_childhood_program_assessment.csv,2016 - 2017 SQS PK_normal/node_2.csv,program_code,program_code,1
2016 - 2017 SQS PK_normal/2016 - 2017 SQS PK_early_childhood_program_assessment.csv,2016 - 2017 SQS PK_normal/2016 - 2017 SQS PK_preschool_quality_ratings.csv,site_id,site_id,1
2016 - 2017 SQS PK_normal/2016 - 2017 SQS PK_early_childhood_program_assessment.csv,2016 - 2017 SQS PK_normal/2016 - 2017 SQS PK_pre_k_program_quality_scores.csv,program_name,program_name,1
2016 - 2017 SQS PK_normal/node_2.csv,2016 - 2017 SQS PK_normal/2016 - 2017 SQS PK_early_childhood_quality_ratings.csv,location_2,location_2,1
DSNY DonateNYC Directory_normal/node_1.csv,DSNY DonateNYC Directory_normal/DSNY DonateNYC Directory_donation_sites_directory_1.csv,objectid,objectid,1
DSNY DonateNYC Directory_normal/node_1.csv,DSNY DonateNYC Directory_normal/DSNY DonateNYC Directory_donation_centers_directory_1.csv,latitude,latitude,1
DSNY DonateNYC Directory_normal/node_1.csv,DSNY DonateNYC Directory_normal/DSNY DonateNYC Directory_donation_centers_directory_1.csv,longitude-partnerstatus,longitude,1
DSNY DonateNYC Directory_normal/node_1.csv,DSNY DonateNYC Directory_normal/DSNY DonateNYC Directory_donation_center_locations.csv,address-dsny_district,address,1
DSNY DonateNYC Directory_normal/DSNY DonateNYC Directory_donation_sites_directory_1.csv,DSNY DonateNYC Directory_normal/DSNY DonateNYC Directory_donation_sites_directory.csv,site,site,1
DSNY DonateNYC Directory_normal/DSNY DonateNYC Directory_donation_centers_directory_1.csv,DSNY DonateNYC Directory_normal/DSNY DonateNYC Directory_donation_centers_directory_2.csv,phone,phone,1
DSNY DonateNYC Directory_normal/DSNY DonateNYC Directory_donation_center_locations.csv,DSNY DonateNYC Directory_normal/DSNY DonateNYC Directory_donation_centers_directory.csv,bin,bin,1
2014 - 2015 DOE High School Directory_normal/2014 - 2015 DOE High School Directory_high_school_directory_1.csv,2014 - 2015 DOE High School Directory_normal/2014 - 2015 DOE High School Directory_high_school_directory.csv,dbn,dbn,1
2014 - 2015 DOE High School Directory_normal/2014 - 2015 DOE High School Directory_high_school_directory_1.csv,2014 - 2015 DOE High School Directory_normal/2014 - 2015 DOE High School Directory_high_school_directory_2014_2015.csv,school_name,school_name,1
2014 - 2015 DOE High School Directory_normal/2014 - 2015 DOE High School Directory_high_school_directory_1.csv,2014 - 2015 DOE High School Directory_normal/2014 - 2015 DOE High School Directory_high_school_directory_2.csv,phone_number,phone_number,1
2014 - 2015 DOE High School Directory_normal/2014 - 2015 DOE High School Directory_high_school_directory_1.csv,2014 - 2015 DOE High School Directory_normal/2014 - 2015 DOE High School Directory_nyc_high_school_directory.csv,website,website,1
2014 - 2015 DOE High School Directory_normal/2014 - 2015 DOE High School Directory_high_school_directory.csv,2014 - 2015 DOE High School Directory_normal/2014 - 2015 DOE High School Directory_high_school_directory_3.csv,fax_number,fax_number,1
Local Law 44 Disqualified List_normal/Local Law 44 Disqualified List_disqualified_entities_list_1.csv,Local Law 44 Disqualified List_normal/Local Law 44 Disqualified List_disqualified_entities_list.csv,entity_name,entity_name,1
Local Law 44 Disqualified List_normal/Local Law 44 Disqualified List_disqualified_entities_list_1.csv,Local Law 44 Disqualified List_normal/Local Law 44 Disqualified List_disqualified_property_owners.csv,street_address,street_address,1
Local Law 44 Disqualified List_normal/Local Law 44 Disqualified List_disqualified_entities_list_1.csv,Local Law 44 Disqualified List_normal/Local Law 44 Disqualified List_disqualified_individuals_list.csv,owner_officer_1_last_name,owner_officer_1_last_name,1
Local Law 44 Disqualified List_normal/Local Law 44 Disqualified List_disqualified_entities_list.csv,Local Law 44 Disqualified List_normal/Local Law 44 Disqualified List_disqualified_contractors_list.csv,owner_officer_1_first_name,owner_officer_1_first_name,1
Local Law 44 Disqualified List_normal/Local Law 44 Disqualified List_disqualified_contractors_list.csv,Local Law 44 Disqualified List_normal/node_6.csv,postcode,postcode,1
ARCHIVE - Greenstreets_normal/ARCHIVE - Greenstreets_greenstreets_site_information.csv,ARCHIVE - Greenstreets_normal/node_2.csv,objectid,objectid,1
ARCHIVE - Greenstreets_normal/ARCHIVE - Greenstreets_greenstreets_site_information.csv,ARCHIVE - Greenstreets_normal/ARCHIVE - Greenstreets_greenstreets_senate_commissions.csv,system,system,1
ARCHIVE - Greenstreets_normal/node_2.csv,ARCHIVE - Greenstreets_normal/ARCHIVE - Greenstreets_greenstreets_park_locations.csv,omppropid,omppropid,1
NYC Building Energy and Water Data Disclosure for Local Law 84 2023 to Present (Data for Calendar Year 2022-Present)_normal/NYC Building Energy and Water Data Disclosure for Local Law 84 2023 to Present (Data for Calendar Year 2022-Present)_nyc_building_energy_data.csv,NYC Building Energy and Water Data Disclosure for Local Law 84 2023 to Present (Data for Calendar Year 2022-Present)_normal/node_2.csv,property_id,property_id,1
NYC Building Energy and Water Data Disclosure for Local Law 84 2023 to Present (Data for Calendar Year 2022-Present)_normal/NYC Building Energy and Water Data Disclosure for Local Law 84 2023 to Present (Data for Calendar Year 2022-Present)_nyc_building_energy_data.csv,NYC Building Energy and Water Data Disclosure for Local Law 84 2023 to Present (Data for Calendar Year 2022-Present)_normal/NYC Building Energy and Water Data Disclosure for Local Law 84 2023 to Present (Data for Calendar Year 2022-Present)_nyc_energy_water_usage.csv,property_name,property_name,1
NYC Building Energy and Water Data Disclosure for Local Law 84 2023 to Present (Data for Calendar Year 2022-Present)_normal/NYC Building Energy and Water Data Disclosure for Local Law 84 2023 to Present (Data for Calendar Year 2022-Present)_nyc_building_energy_data.csv,NYC Building Energy and Water Data Disclosure for Local Law 84 2023 to Present (Data for Calendar Year 2022-Present)_normal/NYC Building Energy and Water Data Disclosure for Local Law 84 2023 to Present (Data for Calendar Year 2022-Present)_nyc_building_energy_water_data.csv,nyc_building_identification,nyc_building_identification,1
NYC Building Energy and Water Data Disclosure for Local Law 84 2023 to Present (Data for Calendar Year 2022-Present)_normal/NYC Building Energy and Water Data Disclosure for Local Law 84 2023 to Present (Data for Calendar Year 2022-Present)_nyc_building_energy_data.csv,NYC Building Energy and Water Data Disclosure for Local Law 84 2023 to Present (Data for Calendar Year 2022-Present)_normal/NYC Building Energy and Water Data Disclosure for Local Law 84 2023 to Present (Data for Calendar Year 2022-Present)_nyc_building_energy_water_usage.csv,address_1,address_1,1
2019 DOE Middle School Directory_normal/2019 DOE Middle School Directory_middle_school_admissions_info_2.csv,2019 DOE Middle School Directory_normal/2019 DOE Middle School Directory_middle_school_admissions_info.csv,schooldbn,schooldbn,1
2019 DOE Middle School Directory_normal/2019 DOE Middle School Directory_middle_school_admissions_info_2.csv,2019 DOE Middle School Directory_normal/2019 DOE Middle School Directory_middle_school_admissions_info_1.csv,printedschoolname,printedschoolname,1
2019 DOE Middle School Directory_normal/2019 DOE Middle School Directory_middle_school_admissions_info.csv,2019 DOE Middle School Directory_normal/2019 DOE Middle School Directory_middle_school_admissions_data.csv,telephone,telephone,1
2019 DOE Middle School Directory_normal/2019 DOE Middle School Directory_middle_school_admissions_data.csv,2019 DOE Middle School Directory_normal/2019 DOE Middle School Directory_middle_school_programs.csv,code_prog1,code_prog1,1
2017 - 2018 School Locations_normal/2017 - 2018 School Locations_school_building_locations.csv,2017 - 2018 School Locations_normal/2017 - 2018 School Locations_school_locations_2017_2018.csv,ats_system_code,ats_system_code,1
2017 - 2018 School Locations_normal/2017 - 2018 School Locations_school_building_locations.csv,2017 - 2018 School Locations_normal/node_3.csv,location_code,location_code,1
2017 - 2018 School Locations_normal/2017 - 2018 School Locations_school_building_locations.csv,2017 - 2018 School Locations_normal/2017 - 2018 School Locations_nyc_school_locations_2017_2018.csv,location_name,location_name,1
2017 - 2018 School Locations_normal/2017 - 2018 School Locations_school_locations_2017_2018.csv,2017 - 2018 School Locations_normal/2017 - 2018 School Locations_school_location_details.csv,beds_number,beds_number,1
2020 DOE Middle School Directory_normal/2020 DOE Middle School Directory_middle_school_admissions_data.csv,2020 DOE Middle School Directory_normal/2020 DOE Middle School Directory_middle_school_admissions.csv,schooldbn,schooldbn,1
2020 DOE Middle School Directory_normal/2020 DOE Middle School Directory_middle_school_admissions_data.csv,2020 DOE Middle School Directory_normal/2020 DOE Middle School Directory_middle_school_admissions_info.csv,name,name,1
2020 DOE Middle School Directory_normal/2020 DOE Middle School Directory_middle_school_admissions_data.csv,2020 DOE Middle School Directory_normal/2020 DOE Middle School Directory_middle_school_admissions_info_1.csv,code_prog1,code_prog1,1
2020 DOE Middle School Directory_normal/2020 DOE Middle School Directory_middle_school_admissions.csv,2020 DOE Middle School Directory_normal/2020 DOE Middle School Directory_middle_school_admissions_data_1.csv,telephone,telephone,1
Verified Locations for NYC City-Funded Social Service Contracts - Sites_normal/Verified Locations for NYC City-Funded Social Service Contracts - Sites_nyc_social_service_sites_3.csv,Verified Locations for NYC City-Funded Social Service Contracts - Sites_normal/Verified Locations for NYC City-Funded Social Service Contracts - Sites_nyc_social_service_sites.csv,site_id,pivot-value,1
Verified Locations for NYC City-Funded Social Service Contracts - Sites_normal/Verified Locations for NYC City-Funded Social Service Contracts - Sites_nyc_social_service_sites.csv,Verified Locations for NYC City-Funded Social Service Contracts - Sites_normal/Verified Locations for NYC City-Funded Social Service Contracts - Sites_nyc_social_service_sites_1.csv,site_name,site_name,1
Verified Locations for NYC City-Funded Social Service Contracts - Sites_normal/Verified Locations for NYC City-Funded Social Service Contracts - Sites_nyc_social_service_sites.csv,Verified Locations for NYC City-Funded Social Service Contracts - Sites_normal/Verified Locations for NYC City-Funded Social Service Contracts - Sites_nyc_social_service_sites_2.csv,address_1,address_1,1
Verified Locations for NYC City-Funded Social Service Contracts - Sites_normal/Verified Locations for NYC City-Funded Social Service Contracts - Sites_nyc_social_service_sites.csv,Verified Locations for NYC City-Funded Social Service Contracts - Sites_normal/Verified Locations for NYC City-Funded Social Service Contracts - Sites_social_service_contract_sites.csv,contract_id,contract_id,1
Verified Locations for NYC City-Funded Social Service Contracts - Sites_normal/Verified Locations for NYC City-Funded Social Service Contracts - Sites_nyc_social_service_sites_3.csv,Verified Locations for NYC City-Funded Social Service Contracts - Sites_normal/Verified Locations for NYC City-Funded Social Service Contracts - Sites_nyc_social_service_locations.csv,latitude,latitude,1
Verified Locations for NYC City-Funded Social Service Contracts - Sites_normal/Verified Locations for NYC City-Funded Social Service Contracts - Sites_nyc_social_service_sites_3.csv,Verified Locations for NYC City-Funded Social Service Contracts - Sites_normal/Verified Locations for NYC City-Funded Social Service Contracts - Sites_nyc_social_service_locations.csv,longitude,longitude,1
DOB NOW： Electrical Permit Applications_normal/DOB NOW： Electrical Permit Applications_electrical_permit_applications.csv,DOB NOW： Electrical Permit Applications_normal/DOB NOW： Electrical Permit Applications_electrical_permit_records_1.csv,job_filing_number,job_filing_number,1
DOB NOW： Electrical Permit Applications_normal/DOB NOW： Electrical Permit Applications_electrical_permit_applications.csv,DOB NOW： Electrical Permit Applications_normal/node_3.csv,job_number,job_number,1
DOB NOW： Electrical Permit Applications_normal/DOB NOW： Electrical Permit Applications_electrical_permit_applications.csv,DOB NOW： Electrical Permit Applications_normal/DOB NOW： Electrical Permit Applications_electrical_permit_details.csv,bin,bin,1
DOB NOW： Electrical Permit Applications_normal/DOB NOW： Electrical Permit Applications_electrical_permit_applications.csv,DOB NOW： Electrical Permit Applications_normal/DOB NOW： Electrical Permit Applications_electrical_permit_records.csv,gis_longitude,gis_longitude,1
DOE High School Directory 2013-2014_normal/DOE High School Directory 2013-2014_high_school_directory_1.csv,DOE High School Directory 2013-2014_normal/DOE High School Directory 2013-2014_high_school_directory.csv,dbn,dbn,1
DOE High School Directory 2013-2014_normal/DOE High School Directory 2013-2014_high_school_directory_1.csv,DOE High School Directory 2013-2014_normal/DOE High School Directory 2013-2014_high_school_programs_info.csv,bn,bn,1
DOE High School Directory 2013-2014_normal/DOE High School Directory 2013-2014_high_school_directory.csv,DOE High School Directory 2013-2014_normal/DOE High School Directory 2013-2014_nyc_high_school_directory.csv,printed_name,printed_name,1
DOE High School Directory 2013-2014_normal/DOE High School Directory 2013-2014_nyc_high_school_directory.csv,DOE High School Directory 2013-2014_normal/DOE High School Directory 2013-2014_high_school_profiles_2013.csv,alphabetic_name_long,alphabetic_name_long,1
DOF： Condominium comparable rental income – Manhattan - FY 2010 2011_normal/DOF： Condominium comparable rental income – Manhattan - FY 2010 2011_manhattan_condo_rental_comparables_2.csv,DOF： Condominium comparable rental income – Manhattan - FY 2010 2011_normal/DOF： Condominium comparable rental income – Manhattan - FY 2010 2011_manhattan_condo_rental_comparables.csv,manhattan_condominium_property_condo_section,manhattan_condominium_property_condo_section,1
DOF： Condominium comparable rental income – Manhattan - FY 2010 2011_normal/DOF： Condominium comparable rental income – Manhattan - FY 2010 2011_manhattan_condo_rental_comparables_2.csv,DOF： Condominium comparable rental income – Manhattan - FY 2010 2011_normal/DOF： Condominium comparable rental income – Manhattan - FY 2010 2011_manhattan_condo_rental_income_1.csv,manhattan_condominium_property_address,manhattan_condominium_property_address,1
DOF： Condominium comparable rental income – Manhattan - FY 2010 2011_normal/DOF： Condominium comparable rental income – Manhattan - FY 2010 2011_manhattan_condo_rental_comparables_2.csv,DOF： Condominium comparable rental income – Manhattan - FY 2010 2011_normal/DOF： Condominium comparable rental income – Manhattan - FY 2010 2011_manhattan_condo_rental_income.csv,manhattan_condominium_property_boro_block_lot,manhattan_condominium_property_boro_block_lot,1
DOF： Condominium comparable rental income – Manhattan - FY 2010 2011_normal/DOF： Condominium comparable rental income – Manhattan - FY 2010 2011_manhattan_condo_rental_comparables.csv,DOF： Condominium comparable rental income – Manhattan - FY 2010 2011_normal/DOF： Condominium comparable rental income – Manhattan - FY 2010 2011_manhattan_condo_rental_comparables_3.csv,latitude,latitude,1
DOF： Condominium comparable rental income – Manhattan - FY 2010 2011_normal/DOF： Condominium comparable rental income – Manhattan - FY 2010 2011_manhattan_condo_rental_comparables.csv,DOF： Condominium comparable rental income – Manhattan - FY 2010 2011_normal/DOF： Condominium comparable rental income – Manhattan - FY 2010 2011_manhattan_condo_rental_comparables_3.csv,longitude,longitude,1
DOF： Condominium comparable rental income – Manhattan - FY 2010 2011_normal/DOF： Condominium comparable rental income – Manhattan - FY 2010 2011_manhattan_condo_rental_comparables.csv,DOF： Condominium comparable rental income – Manhattan - FY 2010 2011_normal/DOF： Condominium comparable rental income – Manhattan - FY 2010 2011_manhattan_condo_rental_comparables_1.csv,bin,bin,1
Self-Reported Drinking Water Tank Inspection Results_normal/Self-Reported Drinking Water Tank Inspection Results_drinking_water_tank_inspections_1.csv,Self-Reported Drinking Water Tank Inspection Results_normal/node_2.csv,latitude,latitude,1
Self-Reported Drinking Water Tank Inspection Results_normal/Self-Reported Drinking Water Tank Inspection Results_drinking_water_tank_inspections_1.csv,Self-Reported Drinking Water Tank Inspection Results_normal/node_2.csv,longitude,longitude,1
Self-Reported Drinking Water Tank Inspection Results_normal/Self-Reported Drinking Water Tank Inspection Results_drinking_water_tank_inspections_1.csv,Self-Reported Drinking Water Tank Inspection Results_normal/Self-Reported Drinking Water Tank Inspection Results_drinking_water_tank_inspections_2.csv,bin,bin,1
Self-Reported Drinking Water Tank Inspection Results_normal/Self-Reported Drinking Water Tank Inspection Results_drinking_water_tank_inspections_1.csv,Self-Reported Drinking Water Tank Inspection Results_normal/Self-Reported Drinking Water Tank Inspection Results_drinking_water_tank_inspections_3.csv,inspection_date,inspection_date,1
Self-Reported Drinking Water Tank Inspection Results_normal/Self-Reported Drinking Water Tank Inspection Results_drinking_water_tank_inspections_1.csv,Self-Reported Drinking Water Tank Inspection Results_normal/Self-Reported Drinking Water Tank Inspection Results_drinking_water_tank_inspections.csv,block,block,1
Self-Reported Drinking Water Tank Inspection Results_normal/node_2.csv,Self-Reported Drinking Water Tank Inspection Results_normal/Self-Reported Drinking Water Tank Inspection Results_drinking_water_tank_inspections_4.csv,street_name,street_name,1
DOB NOW： Safety – Facades Compliance Filings_normal/node_1.csv,DOB NOW： Safety – Facades Compliance Filings_normal/node_2.csv,tr6_no,tr6_no,1
DOB NOW： Safety – Facades Compliance Filings_normal/node_1.csv,DOB NOW： Safety – Facades Compliance Filings_normal/DOB NOW： Safety – Facades Compliance Filings_facade_compliance_filings.csv,control_no,control_no,1
DOB NOW： Safety – Facades Compliance Filings_normal/node_1.csv,DOB NOW： Safety – Facades Compliance Filings_normal/DOB NOW： Safety – Facades Compliance Filings_facade_compliance_fines.csv,bin,bin,1
DOB NOW： Safety – Facades Compliance Filings_normal/node_2.csv,DOB NOW： Safety – Facades Compliance Filings_normal/DOB NOW： Safety – Facades Compliance Filings_facade_compliance_records.csv,block,block,1
DOB NOW： Safety – Facades Compliance Filings_normal/DOB NOW： Safety – Facades Compliance Filings_facade_compliance_filings.csv,DOB NOW： Safety – Facades Compliance Filings_normal/DOB NOW： Safety – Facades Compliance Filings_facade_compliance_records_1.csv,house_no,house_no,1
OATH Hearings Division Case Status_normal/node_1.csv,OATH Hearings Division Case Status_normal/OATH Hearings Division Case Status_hearing_case_details.csv,ticket_number,ticket_number,1
OATH Hearings Division Case Status_normal/node_1.csv,OATH Hearings Division Case Status_normal/node_3.csv,respondent_address_house,respondent_address_house,1
OATH Hearings Division Case Status_normal/node_1.csv,OATH Hearings Division Case Status_normal/OATH Hearings Division Case Status_oath_hearings_case_details.csv,respondent_last_name,respondent_last_name,1
OATH Hearings Division Case Status_normal/OATH Hearings Division Case Status_hearing_case_details.csv,OATH Hearings Division Case Status_normal/OATH Hearings Division Case Status_hearing_case_status_summary.csv,respondent_address_street_name,respondent_address_street_name,1
OATH Hearings Division Case Status_normal/OATH Hearings Division Case Status_hearing_case_status_summary.csv,OATH Hearings Division Case Status_normal/OATH Hearings Division Case Status_oath_case_status_records.csv,respondent_first_name,respondent_first_name,1
2019 DOE High School Directory_normal/2019 DOE High School Directory_high_school_directory_2019.csv,2019 DOE High School Directory_normal/2019 DOE High School Directory_high_school_programs_info.csv,dbn,dbn,1
2019 DOE High School Directory_normal/2019 DOE High School Directory_high_school_directory_2019.csv,2019 DOE High School Directory_normal/2019 DOE High School Directory_high_school_admissions_data.csv,school_name,school_name,1
2019 DOE High School Directory_normal/2019 DOE High School Directory_high_school_directory_2019.csv,2019 DOE High School Directory_normal/node_4.csv,fax_number,fax_number,1
2019 DOE High School Directory_normal/2019 DOE High School Directory_high_school_programs.csv,2019 DOE High School Directory_normal/2019 DOE High School Directory_high_school_programs_info.csv,phone_number,pivot-value,1
2019 DOE High School Directory_normal/2019 DOE High School Directory_high_school_admissions_data.csv,2019 DOE High School Directory_normal/2019 DOE High School Directory_high_school_admissions_data_1.csv,code1,code1,1
Energy and Water Data Disclosure for Local Law 84 2014 (Data for Calendar Year 2013)_normal/Energy and Water Data Disclosure for Local Law 84 2014 (Data for Calendar Year 2013)_nyc_energy_water_disclosure_2013.csv,Energy and Water Data Disclosure for Local Law 84 2014 (Data for Calendar Year 2013)_normal/Energy and Water Data Disclosure for Local Law 84 2014 (Data for Calendar Year 2013)_energy_water_usage_2013.csv,property_id,property_id,1
Energy and Water Data Disclosure for Local Law 84 2014 (Data for Calendar Year 2013)_normal/Energy and Water Data Disclosure for Local Law 84 2014 (Data for Calendar Year 2013)_nyc_energy_water_disclosure_2013.csv,Energy and Water Data Disclosure for Local Law 84 2014 (Data for Calendar Year 2013)_normal/Energy and Water Data Disclosure for Local Law 84 2014 (Data for Calendar Year 2013)_energy_water_usage_properties.csv,property_name,property_name,1
Energy and Water Data Disclosure for Local Law 84 2014 (Data for Calendar Year 2013)_normal/Energy and Water Data Disclosure for Local Law 84 2014 (Data for Calendar Year 2013)_energy_water_usage_2013.csv,Energy and Water Data Disclosure for Local Law 84 2014 (Data for Calendar Year 2013)_normal/Energy and Water Data Disclosure for Local Law 84 2014 (Data for Calendar Year 2013)_nyc_energy_water_usage_2013.csv,address_1,address_1,1
Energy and Water Data Disclosure for Local Law 84 2014 (Data for Calendar Year 2013)_normal/Energy and Water Data Disclosure for Local Law 84 2014 (Data for Calendar Year 2013)_nyc_energy_water_usage_2013.csv,Energy and Water Data Disclosure for Local Law 84 2014 (Data for Calendar Year 2013)_normal/node_5.csv,latitude,latitude,1
Energy and Water Data Disclosure for Local Law 84 2014 (Data for Calendar Year 2013)_normal/Energy and Water Data Disclosure for Local Law 84 2014 (Data for Calendar Year 2013)_nyc_energy_water_usage_2013.csv,Energy and Water Data Disclosure for Local Law 84 2014 (Data for Calendar Year 2013)_normal/node_5.csv,longitude,longitude,1
Forestry Service Requests_normal/Forestry Service Requests_forestry_service_requests.csv,Forestry Service Requests_normal/Forestry Service Requests_forestry_service_requests_3.csv,objectid,objectid,1
Forestry Service Requests_normal/Forestry Service Requests_forestry_service_requests.csv,Forestry Service Requests_normal/Forestry Service Requests_forestry_service_requests_2.csv,globalid,globalid,1
Forestry Service Requests_normal/Forestry Service Requests_forestry_service_requests.csv,Forestry Service Requests_normal/Forestry Service Requests_forestry_service_requests_1.csv,location,location,1
Forestry Service Requests_normal/Forestry Service Requests_forestry_service_requests_3.csv,Forestry Service Requests_normal/Forestry Service Requests_forestry_service_requests_4.csv,parkname,parkname,1
2021 DOE High School Directory_normal/2021 DOE High School Directory_high_school_information.csv,2021 DOE High School Directory_normal/2021 DOE High School Directory_high_school_admissions_data.csv,dbn,dbn,1
2021 DOE High School Directory_normal/2021 DOE High School Directory_high_school_information.csv,2021 DOE High School Directory_normal/2021 DOE High School Directory_high_school_admissions_data_1.csv,school_name,school_name,1
2021 DOE High School Directory_normal/2021 DOE High School Directory_high_school_information.csv,2021 DOE High School Directory_normal/2021 DOE High School Directory_high_school_admissions_data_2.csv,code1,code1,1
2021 DOE High School Directory_normal/2021 DOE High School Directory_high_school_admissions_data.csv,2021 DOE High School Directory_normal/2021 DOE High School Directory_high_school_programs_info.csv,phone_number,phone_number,1
Affordable Housing Production by Building_normal/Affordable Housing Production by Building_affordable_housing_building_data_1.csv,Affordable Housing Production by Building_normal/Affordable Housing Production by Building_affordable_housing_units_by_building.csv,building_id,building_id,1
Affordable Housing Production by Building_normal/Affordable Housing Production by Building_affordable_housing_building_data_1.csv,Affordable Housing Production by Building_normal/Affordable Housing Production by Building_affordable_housing_building_data.csv,latitude,latitude,1
Affordable Housing Production by Building_normal/Affordable Housing Production by Building_affordable_housing_building_data_1.csv,Affordable Housing Production by Building_normal/Affordable Housing Production by Building_affordable_housing_building_data.csv,longitude,longitude,1
Affordable Housing Production by Building_normal/Affordable Housing Production by Building_affordable_housing_units_by_building.csv,Affordable Housing Production by Building_normal/Affordable Housing Production by Building_affordable_housing_buildings_1.csv,house_number,house_number,1
Affordable Housing Production by Building_normal/Affordable Housing Production by Building_affordable_housing_buildings_1.csv,Affordable Housing Production by Building_normal/Affordable Housing Production by Building_affordable_housing_buildings.csv,project_id,project_id,1
Facilities Database_normal/Facilities Database_facility_locations_info_1.csv,Facilities Database_normal/Facilities Database_facility_locations_info.csv,uid,uid,1
Facilities Database_normal/Facilities Database_facility_locations_info_1.csv,Facilities Database_normal/Facilities Database_nyc_facilities_info.csv,facname,facname,1
Facilities Database_normal/Facilities Database_facility_locations_info_1.csv,Facilities Database_normal/Facilities Database_city_facilities_locations.csv,latitude,latitude,1
Facilities Database_normal/Facilities Database_facility_locations_info_1.csv,Facilities Database_normal/Facilities Database_city_facilities_locations.csv,longitude-facdomain,longitude,1
Facilities Database_normal/Facilities Database_facility_locations_info.csv,Facilities Database_normal/Facilities Database_facility_locations_nyc.csv,address,address,1
2018 Pre-K School Directory_normal/2018 Pre-K School Directory_pre_k_school_info.csv,2018 Pre-K School Directory_normal/2018 Pre-K School Directory_pre_k_school_locations.csv,schooldbn,schooldbn,1
2018 Pre-K School Directory_normal/2018 Pre-K School Directory_pre_k_school_info.csv,2018 Pre-K School Directory_normal/2018 Pre-K School Directory_pre_k_school_directory.csv,locationname,locationname,1
2018 Pre-K School Directory_normal/2018 Pre-K School Directory_pre_k_school_info.csv,2018 Pre-K School Directory_normal/2018 Pre-K School Directory_pre_k_school_info_1.csv,phone,phone,1
2018 Pre-K School Directory_normal/2018 Pre-K School Directory_pre_k_school_locations.csv,2018 Pre-K School Directory_normal/node_5.csv,final_address,final_address,1
Energy and Water Data Disclosure for Local Law 84 2021 (Data for Calendar Year 2020)_normal/Energy and Water Data Disclosure for Local Law 84 2021 (Data for Calendar Year 2020)_nyc_energy_water_disclosure.csv,Energy and Water Data Disclosure for Local Law 84 2021 (Data for Calendar Year 2020)_normal/Energy and Water Data Disclosure for Local Law 84 2021 (Data for Calendar Year 2020)_nyc_energy_water_usage_2020_1.csv,property_id,property_id,1
Energy and Water Data Disclosure for Local Law 84 2021 (Data for Calendar Year 2020)_normal/Energy and Water Data Disclosure for Local Law 84 2021 (Data for Calendar Year 2020)_nyc_energy_water_disclosure.csv,Energy and Water Data Disclosure for Local Law 84 2021 (Data for Calendar Year 2020)_normal/Energy and Water Data Disclosure for Local Law 84 2021 (Data for Calendar Year 2020)_energy_water_data_2020.csv,property_name,property_name,1
Energy and Water Data Disclosure for Local Law 84 2021 (Data for Calendar Year 2020)_normal/Energy and Water Data Disclosure for Local Law 84 2021 (Data for Calendar Year 2020)_nyc_energy_water_disclosure.csv,Energy and Water Data Disclosure for Local Law 84 2021 (Data for Calendar Year 2020)_normal/Energy and Water Data Disclosure for Local Law 84 2021 (Data for Calendar Year 2020)_nyc_energy_water_usage_2020.csv,nyc_building_identification_number_bin,nyc_building_identification_number_bin,1
Energy and Water Data Disclosure for Local Law 84 2021 (Data for Calendar Year 2020)_normal/Energy and Water Data Disclosure for Local Law 84 2021 (Data for Calendar Year 2020)_nyc_energy_water_usage_2020_1.csv,Energy and Water Data Disclosure for Local Law 84 2021 (Data for Calendar Year 2020)_normal/Energy and Water Data Disclosure for Local Law 84 2021 (Data for Calendar Year 2020)_nyc_energy_water_disclosure_2020.csv,address_1,address_1,1
Daily Tasks Park Cleaning Records_normal/Daily Tasks Park Cleaning Records_park_cleaning_tasks_1.csv,Daily Tasks Park Cleaning Records_normal/Daily Tasks Park Cleaning Records_park_cleaning_tasks_3.csv,daily_task_activity_id,daily_task_activity_id,1
Daily Tasks Park Cleaning Records_normal/Daily Tasks Park Cleaning Records_park_cleaning_tasks_1.csv,Daily Tasks Park Cleaning Records_normal/Daily Tasks Park Cleaning Records_park_cleaning_daily_tasks.csv,row_id,row_id,1
Daily Tasks Park Cleaning Records_normal/Daily Tasks Park Cleaning Records_park_cleaning_tasks_1.csv,Daily Tasks Park Cleaning Records_normal/Daily Tasks Park Cleaning Records_park_cleaning_tasks.csv,daily_task_id,daily_task_id,1
Daily Tasks Park Cleaning Records_normal/Daily Tasks Park Cleaning Records_park_cleaning_tasks_1.csv,Daily Tasks Park Cleaning Records_normal/Daily Tasks Park Cleaning Records_park_cleaning_tasks_2.csv,propid,propid,1
DOB NOW： Build Elevator Device Details_normal/node_1.csv,DOB NOW： Build Elevator Device Details_normal/DOB NOW： Build Elevator Device Details_elevator_device_specifications.csv,device_id,device_id,1
DOB NOW： Build Elevator Device Details_normal/node_1.csv,DOB NOW： Build Elevator Device Details_normal/DOB NOW： Build Elevator Device Details_elevator_device_specifications_1.csv,job_filing_number,job_filing_number,1
DOB NOW： Build Elevator Device Details_normal/DOB NOW： Build Elevator Device Details_elevator_device_specifications.csv,DOB NOW： Build Elevator Device Details_normal/DOB NOW： Build Elevator Device Details_elevator_device_inventory.csv,physical_address,physical_address-pit_depth,1
DOB NOW： Build Elevator Device Details_normal/DOB NOW： Build Elevator Device Details_elevator_device_inventory.csv,DOB NOW： Build Elevator Device Details_normal/DOB NOW： Build Elevator Device Details_elevator_device_specifications_2.csv,bis_nyc_device_id,bis_nyc_device_id,1
DOF： Cooperative Comparable Rental Income – Queens – FY 2009 2010_normal/DOF： Cooperative Comparable Rental Income – Queens – FY 2009 2010_queens_coop_rental_income_2009_2010.csv,DOF： Cooperative Comparable Rental Income – Queens – FY 2009 2010_normal/DOF： Cooperative Comparable Rental Income – Queens – FY 2009 2010_queens_cooperative_rental_comparisons.csv,queens_cooperatives_comparable_properties_boro_block_lot,queens_cooperatives_comparable_properties_boro_block_lot,1
DOF： Cooperative Comparable Rental Income – Queens – FY 2009 2010_normal/DOF： Cooperative Comparable Rental Income – Queens – FY 2009 2010_queens_coop_rental_income_2009_2010.csv,DOF： Cooperative Comparable Rental Income – Queens – FY 2009 2010_normal/DOF： Cooperative Comparable Rental Income – Queens – FY 2009 2010_queens_rental_income_analysis.csv,queens_cooperatives_comparable_properties_address,queens_cooperatives_comparable_properties_address,1
DOF： Cooperative Comparable Rental Income – Queens – FY 2009 2010_normal/DOF： Cooperative Comparable Rental Income – Queens – FY 2009 2010_queens_cooperative_rental_comparisons.csv,DOF： Cooperative Comparable Rental Income – Queens – FY 2009 2010_normal/DOF： Cooperative Comparable Rental Income – Queens – FY 2009 2010_queens_coop_rental_comparisons.csv,latitude,latitude,1
DOF： Cooperative Comparable Rental Income – Queens – FY 2009 2010_normal/DOF： Cooperative Comparable Rental Income – Queens – FY 2009 2010_queens_cooperative_rental_comparisons.csv,DOF： Cooperative Comparable Rental Income – Queens – FY 2009 2010_normal/DOF： Cooperative Comparable Rental Income – Queens – FY 2009 2010_queens_coop_rental_comparisons.csv,longitude,longitude,1
DOF： Cooperative Comparable Rental Income – Queens – FY 2009 2010_normal/DOF： Cooperative Comparable Rental Income – Queens – FY 2009 2010_queens_coop_rental_comparisons.csv,DOF： Cooperative Comparable Rental Income – Queens – FY 2009 2010_normal/DOF： Cooperative Comparable Rental Income – Queens – FY 2009 2010_queens_cooperative_rental_income.csv,bin,bin,1
DOB ECB Violations_normal/DOB ECB Violations_dob_ecb_violation_records_3.csv,DOB ECB Violations_normal/DOB ECB Violations_dob_ecb_violation_records_1.csv,ecb_violation_number,ecb_violation_number,1
DOB ECB Violations_normal/DOB ECB Violations_dob_ecb_violation_records_3.csv,DOB ECB Violations_normal/DOB ECB Violations_dob_ecb_violation_records_2.csv,dob_violation_number,dob_violation_number,1
DOB ECB Violations_normal/DOB ECB Violations_dob_ecb_violation_records_3.csv,DOB ECB Violations_normal/DOB ECB Violations_respondent_address_info.csv,respondent_name,respondent_name-respondent_street,1
DOB ECB Violations_normal/DOB ECB Violations_dob_ecb_violation_records_3.csv,DOB ECB Violations_normal/DOB ECB Violations_dob_ecb_violation_records.csv,bin,bin,1
DOB ECB Violations_normal/DOB ECB Violations_dob_ecb_violation_records_1.csv,DOB ECB Violations_normal/DOB ECB Violations_building_violation_records.csv,block,block,1
DOB NOW： Build – Job Application Filings_normal/node_1.csv,DOB NOW： Build – Job Application Filings_normal/DOB NOW： Build – Job Application Filings_job_application_filings_3.csv,job_filing_number,job_filing_number,1
DOB NOW： Build – Job Application Filings_normal/node_1.csv,DOB NOW： Build – Job Application Filings_normal/DOB NOW： Build – Job Application Filings_job_application_filings.csv,bin,bin,1
DOB NOW： Build – Job Application Filings_normal/DOB NOW： Build – Job Application Filings_job_application_filings_3.csv,DOB NOW： Build – Job Application Filings_normal/DOB NOW： Build – Job Application Filings_job_application_filings_1.csv,latitude,latitude-built_1_information_value,1
DOB NOW： Build – Job Application Filings_normal/DOB NOW： Build – Job Application Filings_job_application_filings_3.csv,DOB NOW： Build – Job Application Filings_normal/DOB NOW： Build – Job Application Filings_job_application_filings_1.csv,longitude,longitude,1
DOB NOW： Build – Job Application Filings_normal/DOB NOW： Build – Job Application Filings_job_application_filings_1.csv,DOB NOW： Build – Job Application Filings_normal/DOB NOW： Build – Job Application Filings_job_application_filings_2.csv,block,block,1
Energy and Water Data Disclosure for Local Law 84 2019 (Data for Calendar Year 2018)_normal/Energy and Water Data Disclosure for Local Law 84 2019 (Data for Calendar Year 2018)_nyc_energy_water_usage_2018_1.csv,Energy and Water Data Disclosure for Local Law 84 2019 (Data for Calendar Year 2018)_normal/Energy and Water Data Disclosure for Local Law 84 2019 (Data for Calendar Year 2018)_nyc_energy_water_disclosure_2018_1.csv,property_id,property_id,1
Energy and Water Data Disclosure for Local Law 84 2019 (Data for Calendar Year 2018)_normal/Energy and Water Data Disclosure for Local Law 84 2019 (Data for Calendar Year 2018)_nyc_energy_water_usage_2018_1.csv,Energy and Water Data Disclosure for Local Law 84 2019 (Data for Calendar Year 2018)_normal/Energy and Water Data Disclosure for Local Law 84 2019 (Data for Calendar Year 2018)_nyc_energy_water_disclosure_2018.csv,property_name,property_name,1
Energy and Water Data Disclosure for Local Law 84 2019 (Data for Calendar Year 2018)_normal/Energy and Water Data Disclosure for Local Law 84 2019 (Data for Calendar Year 2018)_nyc_energy_water_usage_2018_1.csv,Energy and Water Data Disclosure for Local Law 84 2019 (Data for Calendar Year 2018)_normal/Energy and Water Data Disclosure for Local Law 84 2019 (Data for Calendar Year 2018)_nyc_energy_water_usage_2018.csv,address_1,address_1,1
Energy and Water Data Disclosure for Local Law 84 2019 (Data for Calendar Year 2018)_normal/Energy and Water Data Disclosure for Local Law 84 2019 (Data for Calendar Year 2018)_nyc_energy_water_disclosure_2018_1.csv,Energy and Water Data Disclosure for Local Law 84 2019 (Data for Calendar Year 2018)_normal/Energy and Water Data Disclosure for Local Law 84 2019 (Data for Calendar Year 2018)_nyc_building_energy_usage_2018.csv,latitude-convenience_store_with_gas_1,latitude,1
Energy and Water Data Disclosure for Local Law 84 2019 (Data for Calendar Year 2018)_normal/Energy and Water Data Disclosure for Local Law 84 2019 (Data for Calendar Year 2018)_nyc_energy_water_disclosure_2018_1.csv,Energy and Water Data Disclosure for Local Law 84 2019 (Data for Calendar Year 2018)_normal/Energy and Water Data Disclosure for Local Law 84 2019 (Data for Calendar Year 2018)_nyc_building_energy_usage_2018.csv,longitude,longitude,1
311 Service Requests from 2020 to Present_normal/311 Service Requests from 2020 to Present_nyc_service_requests_2020_present.csv,311 Service Requests from 2020 to Present_normal/311 Service Requests from 2020 to Present_nyc_311_service_requests_1.csv,unique_key,unique_key,1
311 Service Requests from 2020 to Present_normal/311 Service Requests from 2020 to Present_nyc_service_requests_2020_present.csv,311 Service Requests from 2020 to Present_normal/node_3.csv,created_date,created_date,1
311 Service Requests from 2020 to Present_normal/311 Service Requests from 2020 to Present_nyc_service_requests_2020_present.csv,311 Service Requests from 2020 to Present_normal/311 Service Requests from 2020 to Present_nyc_311_service_requests_2.csv,closed_date,closed_date,1
311 Service Requests from 2020 to Present_normal/311 Service Requests from 2020 to Present_nyc_311_service_requests_1.csv,311 Service Requests from 2020 to Present_normal/311 Service Requests from 2020 to Present_nyc_311_service_requests.csv,location,location,1
ACS Community Partners_normal/ACS Community Partners_community_program_locations.csv,ACS Community Partners_normal/ACS Community Partners_community_program_offices.csv,program_lst_id,program_lst_id,1
ACS Community Partners_normal/ACS Community Partners_community_program_locations.csv,ACS Community Partners_normal/ACS Community Partners_community_program_bbl_mapping.csv,program_code,program_code,1
ACS Community Partners_normal/ACS Community Partners_community_program_locations.csv,ACS Community Partners_normal/ACS Community Partners_community_programs_ny.csv,program_name,program_name,1
ACS Community Partners_normal/ACS Community Partners_community_program_locations.csv,ACS Community Partners_normal/ACS Community Partners_community_partner_locations_1.csv,program_address_1,program_address_1-office_wed_from_time,1
ACS Community Partners_normal/ACS Community Partners_community_program_locations.csv,ACS Community Partners_normal/ACS Community Partners_community_partner_locations.csv,latitude,latitude,1
ACS Community Partners_normal/ACS Community Partners_community_program_locations.csv,ACS Community Partners_normal/ACS Community Partners_community_partner_locations.csv,longitude,longitude,1
ACS Community Partners_normal/ACS Community Partners_community_program_locations.csv,ACS Community Partners_normal/ACS Community Partners_community_partner_office_hours.csv,prog_contact_last_name,prog_contact_last_name,1
ACS Community Partners_normal/ACS Community Partners_community_program_locations.csv,ACS Community Partners_normal/node_8.csv,prog_contact_phone_no,prog_contact_phone_no,1
Over Dimensional Vehicle Permits (ODVP)_normal/Over Dimensional Vehicle Permits (ODVP)_vehicle_permit_details.csv,Over Dimensional Vehicle Permits (ODVP)_normal/Over Dimensional Vehicle Permits (ODVP)_vehicle_permit_details_3.csv,permitid,permitid,1
Over Dimensional Vehicle Permits (ODVP)_normal/Over Dimensional Vehicle Permits (ODVP)_vehicle_permit_details.csv,Over Dimensional Vehicle Permits (ODVP)_normal/Over Dimensional Vehicle Permits (ODVP)_vehicle_permit_details_2.csv,fullpermitno,fullpermitno,1
Over Dimensional Vehicle Permits (ODVP)_normal/Over Dimensional Vehicle Permits (ODVP)_vehicle_permit_details_3.csv,Over Dimensional Vehicle Permits (ODVP)_normal/Over Dimensional Vehicle Permits (ODVP)_vehicle_permit_details_1.csv,fullapplicationno,fullapplicationno,1
Over Dimensional Vehicle Permits (ODVP)_normal/Over Dimensional Vehicle Permits (ODVP)_vehicle_permit_details_1.csv,Over Dimensional Vehicle Permits (ODVP)_normal/node_5.csv,applicationdate,applicationdate,1
2009 Public Data File Students_normal/2009 Public Data File Students_student_engagement_scores_1.csv,2009 Public Data File Students_normal/2009 Public Data File Students_student_engagement_scores_2009.csv,dbn,dbn,1
2009 Public Data File Students_normal/2009 Public Data File Students_student_engagement_scores_1.csv,2009 Public Data File Students_normal/2009 Public Data File Students_student_engagement_scores.csv,unnamed_column,unnamed_column,1
2009 Public Data File Students_normal/2009 Public Data File Students_student_engagement_scores_1.csv,2009 Public Data File Students_normal/2009 Public Data File Students_student_performance_scores.csv,school_name,school_name,1
2009 Public Data File Students_normal/2009 Public Data File Students_student_engagement_scores_2009.csv,2009 Public Data File Students_normal/2009 Public Data File Students_transfer_school_principals_2009.csv,principal,principal,1
NYC Women's Resource Network Database_normal/NYC Women's Resource Network Database_nyc_womens_services_info.csv,NYC Women's Resource Network Database_normal/NYC Women's Resource Network Database_nyc_womens_organizations_info.csv,organizationname,organizationname,1
NYC Women's Resource Network Database_normal/NYC Women's Resource Network Database_nyc_womens_services_info.csv,NYC Women's Resource Network Database_normal/NYC Women's Resource Network Database_nyc_womens_resources_1.csv,phone,phone,1
NYC Women's Resource Network Database_normal/NYC Women's Resource Network Database_nyc_womens_organizations_info.csv,NYC Women's Resource Network Database_normal/NYC Women's Resource Network Database_nyc_womens_services_locations.csv,location_1,location_1,1
DOF： Condominium comparable rental income – Brooklyn - FY 2010 2011_normal/DOF： Condominium comparable rental income – Brooklyn - FY 2010 2011_brooklyn_condo_rental_data.csv,DOF： Condominium comparable rental income – Brooklyn - FY 2010 2011_normal/DOF： Condominium comparable rental income – Brooklyn - FY 2010 2011_brooklyn_condo_rental_comparables.csv,brooklyn_condominium_property_condo_section,brooklyn_condominium_property_condo_section,1
DOF： Condominium comparable rental income – Brooklyn - FY 2010 2011_normal/DOF： Condominium comparable rental income – Brooklyn - FY 2010 2011_brooklyn_condo_rental_data.csv,DOF： Condominium comparable rental income – Brooklyn - FY 2010 2011_normal/DOF： Condominium comparable rental income – Brooklyn - FY 2010 2011_brooklyn_condo_rental_comparables_1.csv,brooklyn_condominium_property_address,brooklyn_condominium_property_address,1
DOF： Condominium comparable rental income – Brooklyn - FY 2010 2011_normal/DOF： Condominium comparable rental income – Brooklyn - FY 2010 2011_brooklyn_condo_rental_data.csv,DOF： Condominium comparable rental income – Brooklyn - FY 2010 2011_normal/DOF： Condominium comparable rental income – Brooklyn - FY 2010 2011_brooklyn_condo_rental_income.csv,brooklyn_condominium_property_boro_block_lot,brooklyn_condominium_property_boro_block_lot,1
DOF： Condominium comparable rental income – Brooklyn - FY 2010 2011_normal/DOF： Condominium comparable rental income – Brooklyn - FY 2010 2011_brooklyn_condo_rental_data.csv,DOF： Condominium comparable rental income – Brooklyn - FY 2010 2011_normal/DOF： Condominium comparable rental income – Brooklyn - FY 2010 2011_brooklyn_condo_rental_comparisons.csv,latitude,latitude,1
DOF： Condominium comparable rental income – Brooklyn - FY 2010 2011_normal/DOF： Condominium comparable rental income – Brooklyn - FY 2010 2011_brooklyn_condo_rental_data.csv,DOF： Condominium comparable rental income – Brooklyn - FY 2010 2011_normal/DOF： Condominium comparable rental income – Brooklyn - FY 2010 2011_brooklyn_condo_rental_comparisons.csv,longitude,longitude,1
DOF： Condominium comparable rental income – Brooklyn - FY 2010 2011_normal/DOF： Condominium comparable rental income – Brooklyn - FY 2010 2011_brooklyn_condo_rental_data.csv,DOF： Condominium comparable rental income – Brooklyn - FY 2010 2011_normal/DOF： Condominium comparable rental income – Brooklyn - FY 2010 2011_brooklyn_condo_rental_comparables_2.csv,bin,bin,1
2021 DOE Middle School Directory_normal/2021 DOE Middle School Directory_middle_school_directory.csv,2021 DOE Middle School Directory_normal/2021 DOE Middle School Directory_middle_school_admissions_info.csv,schooldbn,schooldbn,1
2021 DOE Middle School Directory_normal/2021 DOE Middle School Directory_middle_school_directory.csv,2021 DOE Middle School Directory_normal/node_3.csv,name,name,1
2021 DOE Middle School Directory_normal/2021 DOE Middle School Directory_middle_school_directory.csv,2021 DOE Middle School Directory_normal/2021 DOE Middle School Directory_middle_school_admissions_data.csv,code_prog1,code_prog1,1
2021 DOE Middle School Directory_normal/2021 DOE Middle School Directory_middle_school_directory.csv,2021 DOE Middle School Directory_normal/2021 DOE Middle School Directory_middle_school_programs.csv,telephone,telephone,1
2021 DOE Middle School Directory_normal/2021 DOE Middle School Directory_middle_school_directory.csv,2021 DOE Middle School Directory_normal/2021 DOE Middle School Directory_middle_school_programs_info.csv,name_prog1,name_prog1,1
2016 - 2017 School Safety Report_normal/2016 - 2017 School Safety Report_school_safety_statistics.csv,2016 - 2017 School Safety Report_normal/node_2.csv,location_name,location_name,1
2016 - 2017 School Safety Report_normal/2016 - 2017 School Safety Report_school_safety_statistics.csv,2016 - 2017 School Safety Report_normal/2016 - 2017 School Safety Report_school_safety_metrics.csv,location_code,location_code,1
2016 - 2017 School Safety Report_normal/node_2.csv,2016 - 2017 School Safety Report_normal/2016 - 2017 School Safety Report_school_safety_incidents.csv,geocode,geocode,1
2016 - 2017 School Safety Report_normal/2016 - 2017 School Safety Report_school_safety_incidents.csv,2016 - 2017 School Safety Report_normal/2016 - 2017 School Safety Report_school_safety_data.csv,latitude,latitude-schools_in_building,1
2016 - 2017 School Safety Report_normal/2016 - 2017 School Safety Report_school_safety_incidents.csv,2016 - 2017 School Safety Report_normal/2016 - 2017 School Safety Report_school_safety_data.csv,longitude,longitude,1
Use of ARRA Stimulus Funds_normal/Use of ARRA Stimulus Funds_arra_stimulus_fund_usage_2.csv,Use of ARRA Stimulus Funds_normal/Use of ARRA Stimulus Funds_arra_stimulus_payments.csv,payment_id,payment_id,1
Use of ARRA Stimulus Funds_normal/Use of ARRA Stimulus Funds_arra_stimulus_fund_usage_2.csv,Use of ARRA Stimulus Funds_normal/Use of ARRA Stimulus Funds_arra_stimulus_fund_usage_1.csv,contract_id_,contract_id_,1
Use of ARRA Stimulus Funds_normal/Use of ARRA Stimulus Funds_arra_stimulus_payments.csv,Use of ARRA Stimulus Funds_normal/Use of ARRA Stimulus Funds_arra_stimulus_fund_usage.csv,vendor_name,vendor_name,1
Use of ARRA Stimulus Funds_normal/Use of ARRA Stimulus Funds_arra_stimulus_fund_usage.csv,Use of ARRA Stimulus Funds_normal/Use of ARRA Stimulus Funds_arra_stimulus_fund_projects.csv,contract_name,contract_name,1
Historical DOB Permit Issuance_normal/Historical DOB Permit Issuance_building_permit_records.csv,Historical DOB Permit Issuance_normal/Historical DOB Permit Issuance_dob_permit_issuance_records_1.csv,job,job,1
Historical DOB Permit Issuance_normal/Historical DOB Permit Issuance_building_permit_records.csv,Historical DOB Permit Issuance_normal/Historical DOB Permit Issuance_permit_issuance_records.csv,bin,pivot-value,1
Historical DOB Permit Issuance_normal/Historical DOB Permit Issuance_building_permit_records.csv,Historical DOB Permit Issuance_normal/Historical DOB Permit Issuance_dob_permit_issuance_records_2.csv,latitude,latitude,1
Historical DOB Permit Issuance_normal/Historical DOB Permit Issuance_building_permit_records.csv,Historical DOB Permit Issuance_normal/Historical DOB Permit Issuance_dob_permit_issuance_records_2.csv,longitude,longitude,1
Historical DOB Permit Issuance_normal/Historical DOB Permit Issuance_dob_permit_issuance_records_1.csv,Historical DOB Permit Issuance_normal/Historical DOB Permit Issuance_dob_permit_issuance_records.csv,owner_s_phone,owner_s_phone,1
Historical DOB Permit Issuance_normal/Historical DOB Permit Issuance_dob_permit_issuance_records_1.csv,Historical DOB Permit Issuance_normal/Historical DOB Permit Issuance_permit_issuance_records_1.csv,owner_s_last_name,owner_s_last_name,1
Privately Owned Public Spaces (POPS)_normal/Privately Owned Public Spaces (POPS)_public_spaces_access_info.csv,Privately Owned Public Spaces (POPS)_normal/Privately Owned Public Spaces (POPS)_public_spaces_nyc.csv,pops_number,pops_number,1
Privately Owned Public Spaces (POPS)_normal/Privately Owned Public Spaces (POPS)_public_spaces_access_info.csv,Privately Owned Public Spaces (POPS)_normal/node_3.csv,building_address_with_zip,building_address_with_zip,1
Privately Owned Public Spaces (POPS)_normal/Privately Owned Public Spaces (POPS)_public_spaces_access_info.csv,Privately Owned Public Spaces (POPS)_normal/Privately Owned Public Spaces (POPS)_pops_location_data.csv,latitude,latitude,1
Privately Owned Public Spaces (POPS)_normal/Privately Owned Public Spaces (POPS)_public_spaces_access_info.csv,Privately Owned Public Spaces (POPS)_normal/Privately Owned Public Spaces (POPS)_pops_location_data.csv,longitude-hour_of_access_required,longitude,1
Privately Owned Public Spaces (POPS)_normal/Privately Owned Public Spaces (POPS)_public_spaces_nyc.csv,Privately Owned Public Spaces (POPS)_normal/Privately Owned Public Spaces (POPS)_pops_accessibility_info.csv,bin,bin,1
Privately Owned Public Spaces (POPS)_normal/Privately Owned Public Spaces (POPS)_public_spaces_nyc.csv,Privately Owned Public Spaces (POPS)_normal/Privately Owned Public Spaces (POPS)_public_space_locations.csv,building_location,building_location,1
Asbestos Control Program (ACP7)_normal/Asbestos Control Program (ACP7)_asbestos_abatement_records.csv,Asbestos Control Program (ACP7)_normal/Asbestos Control Program (ACP7)_asbestos_removal_projects.csv,tru,tru,1
Asbestos Control Program (ACP7)_normal/Asbestos Control Program (ACP7)_asbestos_abatement_records.csv,Asbestos Control Program (ACP7)_normal/Asbestos Control Program (ACP7)_asbestos_site_details.csv,section,section,1
Asbestos Control Program (ACP7)_normal/Asbestos Control Program (ACP7)_asbestos_abatement_records.csv,Asbestos Control Program (ACP7)_normal/node_4.csv,bin,bin,1
Asbestos Control Program (ACP7)_normal/Asbestos Control Program (ACP7)_asbestos_removal_projects.csv,Asbestos Control Program (ACP7)_normal/Asbestos Control Program (ACP7)_asbestos_facility_records.csv,start_date,start_date-building_owner_name,1
Asbestos Control Program (ACP7)_normal/Asbestos Control Program (ACP7)_asbestos_removal_projects.csv,Asbestos Control Program (ACP7)_normal/Asbestos Control Program (ACP7)_asbestos_procedure_schedule.csv,end_date,end_date,1
DOF： Condominium Comparable Rental Income – Brooklyn – FY 2011 2012_normal/node_1.csv,DOF： Condominium Comparable Rental Income – Brooklyn – FY 2011 2012_normal/DOF： Condominium Comparable Rental Income – Brooklyn – FY 2011 2012_brooklyn_condo_rental_comparables.csv,brooklyn_condominiums_comparable_properties_condo_section,brooklyn_condominiums_comparable_properties_condo_section,1
DOF： Condominium Comparable Rental Income – Brooklyn – FY 2011 2012_normal/node_1.csv,DOF： Condominium Comparable Rental Income – Brooklyn – FY 2011 2012_normal/node_3.csv,brooklyn_condominiums_comparable_properties_address,brooklyn_condominiums_comparable_properties_address,1
DOF： Cooperative Comparable Rental Income – Brooklyn – FY 2011 2012_normal/DOF： Cooperative Comparable Rental Income – Brooklyn – FY 2011 2012_brooklyn_rental_income_comparison.csv,DOF： Cooperative Comparable Rental Income – Brooklyn – FY 2011 2012_normal/DOF： Cooperative Comparable Rental Income – Brooklyn – FY 2011 2012_brooklyn_coop_rental_income_2011_2012.csv,brooklyn_cooperatives_comparable_properties_boro_block_lot,brooklyn_cooperatives_comparable_properties_boro_block_lot,1
DOF： Cooperative Comparable Rental Income – Brooklyn – FY 2011 2012_normal/DOF： Cooperative Comparable Rental Income – Brooklyn – FY 2011 2012_brooklyn_rental_income_comparison.csv,DOF： Cooperative Comparable Rental Income – Brooklyn – FY 2011 2012_normal/node_3.csv,brooklyn_cooperatives_comparable_properties_address,brooklyn_cooperatives_comparable_properties_address,1
Energy and Water Data Disclosure for Local Law 84 2013 (Data for Calendar Year 2012)_normal/node_1.csv,Energy and Water Data Disclosure for Local Law 84 2013 (Data for Calendar Year 2012)_normal/node_2.csv,property_id,property_id,1
Energy and Water Data Disclosure for Local Law 84 2013 (Data for Calendar Year 2012)_normal/node_1.csv,Energy and Water Data Disclosure for Local Law 84 2013 (Data for Calendar Year 2012)_normal/Energy and Water Data Disclosure for Local Law 84 2013 (Data for Calendar Year 2012)_nyc_energy_water_usage_2012_1.csv,property_name,property_name,1
Energy and Water Data Disclosure for Local Law 84 2013 (Data for Calendar Year 2012)_normal/node_2.csv,Energy and Water Data Disclosure for Local Law 84 2013 (Data for Calendar Year 2012)_normal/Energy and Water Data Disclosure for Local Law 84 2013 (Data for Calendar Year 2012)_nyc_energy_water_usage_2012.csv,address_1,address_1,1
Energy and Water Data Disclosure for Local Law 84 2017 (Data for Calendar Year 2016)_normal/Energy and Water Data Disclosure for Local Law 84 2017 (Data for Calendar Year 2016)_nyc_energy_water_usage_2016_1.csv,Energy and Water Data Disclosure for Local Law 84 2017 (Data for Calendar Year 2016)_normal/Energy and Water Data Disclosure for Local Law 84 2017 (Data for Calendar Year 2016)_nyc_energy_water_usage_2016.csv,property_id,property_id,1
Energy and Water Data Disclosure for Local Law 84 2017 (Data for Calendar Year 2016)_normal/Energy and Water Data Disclosure for Local Law 84 2017 (Data for Calendar Year 2016)_nyc_energy_water_usage_2016_1.csv,Energy and Water Data Disclosure for Local Law 84 2017 (Data for Calendar Year 2016)_normal/Energy and Water Data Disclosure for Local Law 84 2017 (Data for Calendar Year 2016)_nyc_energy_water_disclosure.csv,property_name,property_name,1
Energy and Water Data Disclosure for Local Law 84 2017 (Data for Calendar Year 2016)_normal/Energy and Water Data Disclosure for Local Law 84 2017 (Data for Calendar Year 2016)_nyc_energy_water_usage_2016_1.csv,Energy and Water Data Disclosure for Local Law 84 2017 (Data for Calendar Year 2016)_normal/Energy and Water Data Disclosure for Local Law 84 2017 (Data for Calendar Year 2016)_energy_water_usage_2016.csv,address_1,address_1,1
Energy and Water Data Disclosure for Local Law 84 2012 (Data for Calendar Year 2011)_normal/Energy and Water Data Disclosure for Local Law 84 2012 (Data for Calendar Year 2011)_nyc_energy_water_disclosure_2011.csv,Energy and Water Data Disclosure for Local Law 84 2012 (Data for Calendar Year 2011)_normal/Energy and Water Data Disclosure for Local Law 84 2012 (Data for Calendar Year 2011)_nyc_building_energy_water_2011.csv,building_id_espm,building_id_espm,1
Energy and Water Data Disclosure for Local Law 84 2012 (Data for Calendar Year 2011)_normal/Energy and Water Data Disclosure for Local Law 84 2012 (Data for Calendar Year 2011)_nyc_energy_water_disclosure_2011.csv,Energy and Water Data Disclosure for Local Law 84 2012 (Data for Calendar Year 2011)_normal/node_3.csv,address_1,address_1,1
Energy and Water Data Disclosure for Local Law 84 2012 (Data for Calendar Year 2011)_normal/Energy and Water Data Disclosure for Local Law 84 2012 (Data for Calendar Year 2011)_nyc_building_energy_water_2011.csv,Energy and Water Data Disclosure for Local Law 84 2012 (Data for Calendar Year 2011)_normal/node_4.csv,facility_name,facility_name,1
2019 - 2020 School Locations_normal/2019 - 2020 School Locations_school_locations_2019_2020.csv,2019 - 2020 School Locations_normal/2019 - 2020 School Locations_school_location_details_2.csv,1,1,1
2020 DOE High School Directory_normal/2020 DOE High School Directory_high_school_admissions_data.csv,2020 DOE High School Directory_normal/2020 DOE High School Directory_high_school_programs_info.csv,1,1,1
SBS Certified Business List_normal/SBS Certified Business List_certified_businesses_info_1.csv,SBS Certified Business List_normal/SBS Certified Business List_certified_businesses_info.csv,1,1,1
NYC Women's Resource Network Database_normal/NYC Women's Resource Network Database_nyc_womens_services_info.csv,NYC Women's Resource Network Database_normal/NYC Women's Resource Network Database_nyc_womens_resources.csv,1,1,1
ARCHIVE - Greenstreets_normal/ARCHIVE - Greenstreets_greenstreets_park_locations.csv,ARCHIVE - Greenstreets_normal/ARCHIVE - Greenstreets_greenstreets_locations_nyc.csv,1,1,1
Open Restaurant Applications (Historic)_normal/Open Restaurant Applications (Historic)_restaurant_application_records.csv,Open Restaurant Applications (Historic)_normal/Open Restaurant Applications (Historic)_restaurant_open_applications.csv,1,1,1
HISTORICAL Sidewalk Café Licenses and Applications_normal/node_1.csv,HISTORICAL Sidewalk Café Licenses and Applications_normal/HISTORICAL Sidewalk Café Licenses and Applications_sidewalk_cafe_licenses_1.csv,1,1,1
2016 - 2017 SQS PK_normal/node_2.csv,2016 - 2017 SQS PK_normal/2016 - 2017 SQS PK_nyc_early_education_quality.csv,1,1,1