plain_language_program_name,language,get_help_summary,how_to_apply_or_enroll_by_1,office_locations_url
Ulga od podatku od nieruchomości dla niepełnosprawnych nowojorczyków,Polish,"\nPomoc można uzyskać osobiście w (https://access.nyc.gov/locations/?lat=6864) Department of Finance Business Center (http://www1.nyc.gov/site/finance/benefits/landlords-dhe.page) (Centrum biznesowe Departamentu Finansów) (poniedziałek - piątek, 08:30 - 16:30).\nWięcej informacji można uzyskać na stronie internetowej DHE (http://www1.nyc.gov/site/finance/about/contact-by-email/contact-exemptions-inquiries.page) .\nZadzwoń do DHE pod numer 212-NEW-YORK, lub 212-639-9675 (rozmowa zamiejscowa), lub TTY 212-639-9675 (osoby niedosłyszące).\nWyślij e-mail do DHE, aby uzyskać więcej informacji.",,{'url': 'http://www1.nyc.gov/site/finance/pay-now/person.page'}
Le remboursement d’impôts si vous avez payé pour la garde de votre enfant ou de la personne à votre charge,French,"\nRenseignez-vous sur les crédits d’impôt (https://www1.nyc.gov/site/dca/consumers/get-tax-credit-information.page) que vous pouvez demander.\nAppelez le 800 906 9887 pour trouver le bureau le plus proche du service d’assistance fiscale bénévole (Volunteer Income Tax Assistance, VITA) ou des conseils en fiscalité pour les personnes âgées (Tax Counseling for the Elderly, TCE).",,{'url': 'https://a866-dcwpwb.nyc.gov/ftps_map/'}
Soins et éducation aux enfants de 3 à 4 ans de familles à revenus modestes,French,\nEn savoir plus sur les programmes Head Start du NYCDOE (https://www.schools.nyc.gov/enrollment/enroll-grade-by-grade/head-start) .\nAppelez le 311 et demandez « Head Start » si vous avez besoin d’aide pour trouver un programme.,,
Programmes extrascolaires pour les étudiants,French,"En ligneEn savoir plus sur le COMPASS du (http://www1.nyc.gov/site/dycd/services/after-school/comprehensive-after-school-system-of-new-york-city-compass.page) DYCD.Par téléphoneAppelez le service Youth Connect du DYCD au 800 246 4646 ou au 646 343 6800 pour déposer votre candidature. Pour plus d’informations, vous pouvez vous entretenir avec le personnel du programme parascolaire de l’école de votre enfant.Appelez le 311Demandez une «assistance générale sur les programmes parascolaires» (Comprehensive After School Program assistance).",,
有工作之個人與家庭的稅額抵免,Chinese (Traditional),\n瞭解更多您可以申領的 (https://www1.nyc.gov/site/dca/consumers/get-tax-credit-information.page) 稅額抵免。\n請致電 800-906-9887，找尋最近的志工所得稅協助 (VITA) 或長者稅務諮詢 (TCE) 計劃。,,{'url': 'https://a866-dcwpwb.nyc.gov/ftps_map/'}
تجميد الإيجار لذوي الاحتياجات الخاصة,Arabic,تفضل بزيارة المواقع الإلكترونيةبادر بزيارة الموقع الإلكتروني لبرنامج تجميد الإيجار بمدينة نيويورك (http://www1.nyc.gov/site/rentfreeze/index.page) لمعرفة المزيد.راجع الأسئلة الشائعة (https://www1.nyc.gov/site/rentfreeze/help/covid-19-frequently-asked-questions.page) حول برنامج تجميد الإيجار أثناء جائحة كوفيد-19.الاتصال ببرنامج DRIE (http://www1.nyc.gov/site/finance/about/contact-by-email/contact-drie.page) اطلب المساعدة من إدارة الشؤون المالية.الاتصال ببرنامج DRIE باستخدام الهاتف النصي لضعاف السمع (TTY)اتصل بالرقم 9675-639-212 إذا كنت تعاني من صعوبة في السمع.اتصل على الرقم 311اطلب التحدث مع أخصائيي DRIE.,إذا كنت تعيش في شقة شركة صندوق تطوير الإسكان (Housing Development Fund Company (HDFC)) وشقة برنامج (Mitchell-Lama)، اتصل بـ HPDعلى الرقم 8494-863-212 لتقديم الطلب.,{'url': 'https://www1.nyc.gov/site/rentfreeze/help/help-temporary-centers.page'}
Care and education for 3-4 year-olds from low-income families,English,"\nLearn more about Head Start from NYCDOE (https://www.schools.nyc.gov/enrollment/enroll-grade-by-grade/head-start) .\nCall 311 and ask for ""Head Start"" if you need help finding a program.",,
Ayuda mensual en efectivo cuando la necesite,Spanish,\nVisite el sitio web de Asistencia en efectivo (http://www1.nyc.gov/site/hra/help/cash-assistance.page) para conocer más sobre este programa.\nLlame a la línea de información de la HRA al 718-557-1399 para obtener más información.,,{'url': 'http://www1.nyc.gov/site/hra/locations/job-locations.page'}
Bezpłatny program Pre-K dla czterolatków,Polish,"\nOdwiedź stronę internetową NYC DOE poświęconą edukacji przedszkolnej (https://www.schools.nyc.gov/enrollment/enroll-grade-by-grade/pre-k) , aby dowiedzieć się więcej na temat procesu przyjmowania do przedszkoli.\nZadzwoń pod numer 718-935-2009 (mailto:ESEnrollment@schools.nyc.gov) , jeśli masz pytania na temat procesu przyjmowania do przedszkoli.\nWyślij e-mail do działu przyjęć do przedszkoli na adres ESEnrollment@schools.nyc.gov (http://nyc.gov/schools/welcomecenters) , jeśli masz pytania dotyczące przyjęcia dziecka do przedszkola.\nOdwiedź ośrodek pierwszego kontaktu dla nowo przybyłych rodzin, aby dowiedzieć się więcej o programach przedszkolnych.",\nZapisz dziecko telefonicznie pod numerem 718-935-2009.Wnioski można składać w terminie od 10 stycznia do 1 marca 2024 r.\nWsparcie tłumaczeniowe jest dostępne w ponad 200 językach.,
Tax credit for families with children,English,\nLearn about tax credits (https://www1.nyc.gov/site/dca/consumers/get-tax-credit-information.page) that you can claim.\nCall 800-906-9887 to find the nearest Volunteer Income Tax Assistance (VITA) or Tax Counseling for the Elderly (TCE).,,{'url': 'https://a866-dcwpwb.nyc.gov/ftps_map/'}
খাবার কেনার টাকা,Bengali,\nআরো তথ্য খুঁজতে SNAP ওয়েবসাইটে (https://www1.nyc.gov/site/hra/help/snap-benefits-food-program.page) যান।\nSNAP এ আবেদন করার সহায়তার জন্য HRA ইনফোলাইনের 718-557-1399 (https://www1.nyc.gov/site/hra/locations/snap-locations.page) নম্বরে ফোন করুন।\nসশরীরে সাহায্য পেতে কোনো SNAP কেন্দ্র (https://www1.nyc.gov/site/hra/partners/find-a-partner-organization.page) বা আপনার স্থানীয় কমিউনিটি-ভিত্তিক সংস্থা (CBO) তে যান।,,{'url': 'https://www1.nyc.gov/site/hra/locations/snap-locations.page'}
معذوریوں کے حامل افراد کے کرایہ میں اضافہ نہ کرنا,Urdu,ویب سائٹس ملاحظہ کریںمزید جاننے کے لیے NYC رینٹ فریز پروگرام کی ویب سائٹ (http://www1.nyc.gov/site/rentfreeze/index.page) ملاحظہ کریں۔COVID-19 کے دوران کرایہ منجمد کرنے کے پروگرام (SCRIE اور DRIE) کیلئے اکثر پوچھے گئے سوالات (https://www1.nyc.gov/site/rentfreeze/help/covid-19-frequently-asked-questions.page) کا جائزہ لیں۔DRIE سے رابطہ کریںمحکمہ مالیات سے (http://www1.nyc.gov/site/finance/about/contact-by-email/contact-drie.page) مدد کی درخواست کریں۔TTY کا استعمال کر کے DRIE کو کال کریںاگر آپ کو سننے میں دشواری ہوتی ہے تو 9675-639-212 پر کال کریں۔311 پر کال کریںDRIE کے ماہرین کے بارے میں پوچھیں۔,"اگرآپ Housing Development Fund Company, HDFC (ہاؤسنگ ڈیولپمنٹ فنڈ کمپنی) کے کسی اپارٹمنٹ یا Mitchell-Lama اپارٹمنٹ میں رہتے/رہتی ہیں، تو 8494-863-212 پر HPD کو کال کریں۔",{'url': 'https://www1.nyc.gov/site/rentfreeze/help/help-temporary-centers.page'}
Programy pozalekcyjne dla uczniów,Polish,"Przez InternetZachęcamy do zapoznania się z dodatkowymi informacjami na temat programu COMPASS w (http://www1.nyc.gov/site/dycd/services/after-school/comprehensive-after-school-system-of-new-york-city-compass.page) DYCD.TelefonicznieNależy zadzwonić do Youth Connect DYCD pod numer 800-246-4646 lub 646-343-6800. Można również porozmawiać z personelem prowadzącym zajęcia pozalekcyjne w szkole dziecka, aby uzyskać więcej informacji.Należy zadzwonić pod numer 311Należy zapytać o „kompleksową pomoc związaną z programem zajęć pozalekcyjnych” (Comprehensive After School Program).",,
Swen ak Edikasyon pou timoun ki gen 3 a 4 lane ki nan fanmi ki gen ti mwayen ekonomik.,Haitian Creole,\nAprann plis sou Premye Kòmansman atravè NYCDOE (https://www.schools.nyc.gov/enrollment/enroll-grade-by-grade/head-start) .\nRele 311 epi mande pou pou “Premye Kòmansman” si w bezwen èd pou w kapab jwenn yon pwogam.,,
주택 소유주를 위한 재산세 경감,Korean,\n자세한 내용은 STAR 웹 사이트 (https://tax.ny.gov/pit/property/star/default.htm) 에서 확인할 수 있습니다.\n자세한 내용은 311 (http://www1.nyc.gov/site/finance/about/contact-us.page) 번으로 전화하여 문의해 주십시오.\nSTAR와 관련한 문의 사항은 뉴욕시 재무부(NYC Department of Finance)로 이메일을 보내주십시오.\n뉴욕주 STAR 세금 공제에 대한 자세한 정보는 뉴욕주 세무재정부(Department of Taxation and Finance) 전화 518-457-2036으로 문의하십시오.,"소득이 $250,000 이상이고 $500,000 이하인 경우 뉴욕주 STAR 세금 공제를 위해 온라인으로 등록 (https://www.tax.ny.gov/pit/property/star/) 하거나 518-457-2036번으로 전화하십시오.",
تجميد الإيجار لكبار السن,Arabic,\nتفضل بزيارة موقع SCRIE على الويب (http://nyc.gov/rentfreeze) لمعرفة المزيد حول هذا البرنامج.\nراجع الأسئلة الشائعة (https://www1.nyc.gov/site/rentfreeze/help/covid-19-frequently-asked-questions.page) حول برنامج تجميد الإيجار (SCRIE وDRIE) وكوفيد-19.\n (http://www1.nyc.gov/site/finance/about/contact-by-email/contact-scrie.page) تواصل مع SCRIE عبر البريد الإلكتروني (https://www1.nyc.gov/site/hpd/services-and-information/scrie-drie.page) للمزيد من المعلومات\nاتصل على الرقم 311 واطلب التحدث مع أحد المتخصصين ببرنامج SCRIE أو اتصل على الرقم 9675-639-212 إذا كنت تعاني من صعوبة في السمعلبرنامج SCRIE الخاضع لإشراف إدارة HPD:\nتواصل مع إدارة HPD عبر البريد الإلكتروني إذا كنت تعيش في مساكن تقع في نطاق مجتمعات التطوير العقاري الخاصة بشركة Mitchell Lama أو Redevelopment Company، للحصول على مزيد من المعلومات.بادر بزيارة موقع الويب الخاص بإدارة HPD لمعرفة المزيد أو اتصل على 212-863-8494الطرحتأنياست س رات.ا,إذا كنت تعيش في إسكانٍ يقع في نطاق مجتمعات التطوير الخاصة بشركة Mitchell Lama أو Redevelopment Company، فاتصل بإدارة HPD على الرقم 8494-863-212 للتقدم بطلب للاستفادة من برنامج SCRIE الخاضع لإشراف إدارة HPD.,{'url': 'https://www1.nyc.gov/site/rentfreeze/help/help-temporary-centers.page'}
Rent freeze for people with disabilities,English,\nVisit the NYC Rent Freeze Program website (http://www1.nyc.gov/site/rentfreeze/index.page) to learn more.\n (http://www1.nyc.gov/site/finance/about/contact-by-email/contact-drie.page) Request assistance (https://www.nyc.gov/site/mayorspeu/index.page) from the Department of Finance.\nCall 212-639-9675 if you have a hard time hearing.\nCall 311 and ask for a DRIE specialist.\nCall 929-252-7242 to get one-on-one help with applying for DRIE from an NYC Public Engagement Unit Specialist.,,{'url': 'https://www1.nyc.gov/site/rentfreeze/help/help-temporary-centers.page'}
وجبات الإفطار والغداء في المدرسة,Arabic,\nتفضل بزيارة الموقع الإلكتروني لإدارة التعليم في مدينة نيويورك (NYC DOE) لمعرفة المزيد. (https://www.schools.nyc.gov/school-life/food/free-meals-for-all) \nاتصل بمعلومات العملاء في SchoolFood على الرقم 6325-363-877 إذا كانت لديك أسئلة حول تقديم الطلبات.,,
免費或平價的托兒服務，適用於 6 週至 2 歲的兒童,Chinese (Traditional),\n透過 NYCDOE (https://www.schools.nyc.gov/enrollment/enroll-grade-by-grade/earlylearn-nyc) 瞭解關於 EarlyLearn 的更多資訊。\n致電 311。如需協助尋找計畫，請諮詢「EarlyLearn」（早期學習）。,,{'url': 'https://www.myschools.nyc/zh-hant/schools/3k/'}
ছয় সপ্তাহ থেকে দুই বছর বয়সী বাচ্চাদের জন্য নিখরচার বা স্বল্প মূল্যের শিশু পরিচর্যা,Bengali,"\nNYCDOE (https://www.schools.nyc.gov/enrollment/enroll-grade-by-grade/earlylearn-nyc) থেকে EarlyLearn সম্পর্কে অধিক তথ্য লাভ করুন।\n311-তে কল করুন। প্রোগ্রাম খুঁজতে সহায়তার জন্য ""EarlyLearn"" এর ব্যাপারে জিজ্ঞাসা করুন।",,{'url': 'https://www.myschools.nyc/bn/schools/3k/'}
4세 아동에게는 Pre-K가 무료입니다.,Korean,\nNYC DOE Pre-K 웹사이트 (https://www.schools.nyc.gov/enrollment/enroll-grade-by-grade/pre-k) 를 방문해 Pre-K 입학 절차에 대해 자세한 내용을 살펴보십시오.\nPre-K 입학 절차에 관해 궁금한 점이 있다면 718-935-2009 (mailto:ESEnrollment@schools.nyc.gov) 번으로 문의해 주십시오.\nPre-K 입학에 대한 문의 사항이 있는 경우 ESEnrollment@schools.nyc.gov (http://nyc.gov/schools/welcomecenters) 에 이메일로 문의해 주십시오.\nPre-K 프로그램에 대한 자세한 정보를 원하시면 패밀리 웰컴 센터에 방문해주십시오.,\n718-935-2009번으로 전화해 신청하십시오.2024년 1월 10일부터 3월 1일까지 신청하십시오.\n200개 이상의 언어로 통역 서비스를 이용하실 수 있습니다.,
الائتمان الضريبي للعائلات التي لديها أطفال,Arabic,\nتعرَّف على الخصومات الضريبية (https://www1.nyc.gov/site/dca/consumers/get-tax-credit-information.page) التي يمكنك المطالبة بها.\nاتصل بالرقم 9887-906-800 للعثور على أقرب مواقع لبرنامج المساعدة التطوعية لإعداد ضرائب الدخل (VITA) أو برنامج تقديم المشورة الضريبية لمقدمي الإقرار الضريبي من كبار السن (TCE).,,{'url': 'https://a866-dcwpwb.nyc.gov/ftps_map/'}
بزرگ مکان مالکوں کے لیے پراپرٹی ٹیکس میں وقفہ,Urdu,\nمزید جاننے کے لیے SCHE کی ویب سائٹ (http://www1.nyc.gov/site/finance/benefits/landlords-sche.page) ملاحظہ کریں۔\n212-639-9675 (http://www1.nyc.gov/site/finance/about/contact-by-email/contact-exemptions-inquiries.page) کو کال کریں۔ TTY یا ٹیکسٹ ٹیلیفون کیلئے، 9675-639-212 پر کال کریں\nمزید معلومات کے لیے SCHE کو ای میل کریں۔,,{'url': 'http://www1.nyc.gov/site/finance/pay-now/person.page'}
استرداد الضريبة إذا دفعت أجرًا نظير رعاية الأطفال والمُعالين,Arabic,\nتعرَّف على الخصومات الضريبية (https://www1.nyc.gov/site/dca/consumers/get-tax-credit-information.page) التي يمكنك المطالبة بها.\nاتصل بالرقم 9887-906-800 للعثور على أقرب مواقع لبرنامج المساعدة التطوعية لإعداد ضرائب الدخل (VITA) أو برنامج تقديم المشورة الضريبية لمقدمي الإقرار الضريبي من كبار السن (TCE).,,{'url': 'https://a866-dcwpwb.nyc.gov/ftps_map/'}
Деньги на покупку продуктов питания,Russian,"\nПодробную информацию можно получить на сайте программы SNAP (https://www1.nyc.gov/site/hra/help/snap-benefits-food-program.page) .\nЕсли вам требуется помощь в подаче заявления на участие в программе SNAP, позвоните на справочную линию HRA (HRA Infoline) по телефону 718-557-1399 (https://www1.nyc.gov/site/hra/locations/snap-locations.page) .\nПосетите центр SNAP (https://www1.nyc.gov/site/hra/partners/find-a-partner-organization.page) или местную общественную организацию, чтобы получить помощь лично.",,{'url': 'https://www1.nyc.gov/site/hra/locations/snap-locations.page'}
Property tax break for senior homeowners,English,\nSend a message at nyc.gov/contactdof (http://www.nyc.gov/contactdof) \nVisit the SCHE website (http://www1.nyc.gov/site/finance/benefits/landlords-sche.page) to learn more.\nCall 212-NEW-YORK (212-639-9675 (https://www.nyc.gov/site/mayorspeu/index.page) )\nCall 929-252-7242 to get one-on-one help with applying for SCHE from an NYC Public Engagement Unit Specialist.,,{'url': 'http://www1.nyc.gov/site/finance/pay-now/person.page'}
노령자를 위한 임대료 동결,Korean,"\nSCRIE 웹사이트 (http://nyc.gov/rentfreeze) 에서 이 프로그램의 내용을 확인하십시오.\n임대료 동결 프로그램(SCRIE 및 DRIE)과 COVID-19 자주 하는 질문 (https://www1.nyc.gov/site/rentfreeze/help/covid-19-frequently-asked-questions.page) 을 검토하십시오.\n (http://www1.nyc.gov/site/finance/about/contact-by-email/contact-scrie.page) SCRIE로 이메일을 보내 (https://www1.nyc.gov/site/hpd/services-and-information/scrie-drie.page) 자세한 정보를 문의하십시오.\n311번으로 전화하여 SCRIE 전문가를 요청하거나 청각 장애가 있는 경우 212-639-9675로 전화하십시오.HPD 감독 SCRIE의 경우:\n신청을 원하거나 Mitchell-Lama 또는 재개발 기업 개발 구역에 거주하시는 경우, HPD로 이메일을 보내 자세한 정보를 알아보실 수 있습니다.\nHPD 웹사이트를 방문하여 자세히 알아보거나 212-863-8494 로 전화하여 문의하십시오.",Mitchell-Lama 또는 재개발 기업 개발 구역에 거주하시는 경우 전화 212-863-8494로 HPD에 전화하여 HPD 감독 SCRIE를 신청하십시오.,{'url': 'https://www1.nyc.gov/site/rentfreeze/help/help-temporary-centers.page'}
Congelamiento de la renta para personas de la tercera edad,Spanish,"\nPara obtener más información sobre el programa, consulte el sitio web de SCRIE (http://nyc.gov/rentfreeze) .\nConsulte el Programa de congelamiento de la renta (Rent Freeze Program) (Exención de aumento de la renta para adultos mayores [SCRIE] y Exención del aumento de renta para personas con discapacidad [DRIE]) y las preguntas frecuentes (https://www1.nyc.gov/site/rentfreeze/help/covid-19-frequently-asked-questions.page) sobre el COVID-19.\nPara obtener más información (http://www1.nyc.gov/site/finance/about/contact-by-email/contact-scrie.page) envié un correo electrónico a SCRIE (https://www1.nyc.gov/site/hpd/services-and-information/scrie-drie.page) \nLlame al 311 y pregunte por un especialista en SCRIE o al 212-639-9675 si tiene dificultades auditivasPara SCRIE supervisado por HPD:\nEnvié un correo electrónico a HPD para obtener más información si quiere presentar una solicitud o vivir en el complejo de viviendas de Redevelopment Company o Mitchell-Lama.\nVisite el sitio web de HPD para obtener más información o llame al 212-863-8494 si tiene alguna pregunta.","Si vive en los complejos de viviendas de Redevelopment Company o Mitchell-Lama, llame a HPD al 212-863-8494 para presentar una solicitud para SCRIE supervisado por HPD.",{'url': 'https://www1.nyc.gov/site/rentfreeze/help/help-temporary-centers.page'}
임대료 일부를 지급하는 바우처,Korean,"\nNYCHA 웹사이트에서 (http://www1.nyc.gov/site/nycha/section-8/about-section-8.page) 섹션 8에 대해 자세히 알아보십시오. (https://wb-nycha.qmatic.cloud/) \nNYCHA 고객 문의 센터(Customer Contact Center, CCC)에 718-707-7771번으로 문의하십시오.\n고객 문의 센터를 방문해 일정을 예약해 주십시오.",,
Gel des loyers pour les personnes handicapées,French,"Rendez-vous sur les sites internetPour en savoir plus, consultez le site internet du programme de gel des loyers de la ville de New York (http://www1.nyc.gov/site/rentfreeze/index.page) .Consultez la foire aux questions (https://www1.nyc.gov/site/rentfreeze/help/covid-19-frequently-asked-questions.page) sur le programme de gel des loyers pendant l’épidémie de COVID-19.Contactez le DRIE (http://www1.nyc.gov/site/finance/about/contact-by-email/contact-drie.page) Demandez une assistance au ministère des Finances.Appelez le DRIE à l’aide du téléscripteurAppelez le 212-639-9675 si vous avez des problèmes d’audition.Appelez le 311Demandez des spécialistes du DRIE.","Si vous habitez dans un appartement de Housing Development Fund Company (HDFC) (Société de fonds de développement immobilier) ou appartenant au lotissement Mitchell-Lama, appelez HPD au 212-863-8494 pour déposer votre demande.",{'url': 'https://www1.nyc.gov/site/rentfreeze/help/help-temporary-centers.page'}
Lajan pou depans chofaj ak sèvis piblik,Haitian Creole,\nAle sou sit entènèt OTDA pou HEAP la (https://otda.ny.gov/programs/heap/) pou aprann plis sou pwogram sa a.\nRele 718-557-1399 pou jwenn èd nan HEAP.\nRele 311 epi mande pou yo ede ou nan Pwogram Èd pou Enèji nan Kay la.,Aplikasyon pou Benefis Ijans 2024-25 la te fèmen nan dat 7 avril 2025. Ou pa ka aplike pou yon benefis HEAP regilye pa telefòn. Rele nan718-557-1399pou w aplike pou Avantaj Ijans lan oswa pou w verifye estati aplikasyon ou a. Dabò ou dwe aplike epi jwenn apwobasyon pou Avantaj Nòmal HEAP la.,{'url': 'https://otda.ny.gov/programs/heap/contacts/default.asp?county=New%20York%20City#result'}
"miesięczna pomoc finansowa, gdy jesteś w potrzebie",Polish,\nWięcej informacji o programie można znaleźć na stronie internetowej programu pomocy pieniężnej (http://www1.nyc.gov/site/hra/help/cash-assistance.page) .\nWięcej informacji można uzyskać dzwoniąc na infolinię HRA pod numer 718-557-1399.,,{'url': 'http://www1.nyc.gov/site/hra/locations/job-locations.page'}
Vales que pagan parte de su alquiler,Spanish,"\n (http://www1.nyc.gov/site/nycha/section-8/about-section-8.page) Obtenga más información sobre la Sección 8 (https://wb-nycha.qmatic.cloud/) en el sitio web de la NYCHA.\nLlame al Centro de atención al cliente (Customer Contact Center, CCC) de la NYCHA al 718-707-7771.\nAgende una cita para visitar un Centro de atención al cliente (Customer Contact Center, CCC).",,
Private health insurance plans,English,\nLearn more about your health insurance options through HRA's Office of Citywide Health Insurance Access (https://www1.nyc.gov/site/ochia/coverage-care/insurance-options.page) .\nGetCoveredNYC (https://www1.nyc.gov/nyc-resources/get-covered.page) helps New Yorkers enroll in health insurance. Dedicated specialists can assist you in your language for free.\nComplete a Health Insurance Enrollment Assistance Inquiry Form (https://nycdohmh.surveymonkey.com/r/7BB62M3) to receive a call from an enrollment counselor. Free enrollment assistance is available regardless of immigration status and in many languages. Your information will be kept private.\nCall 311 for general questions on health insurance and to find an in-person assistor.,Call NY State of Health at855-355-5777or TTY:800-662-1220.,
민간 건강 보험 플랜,Korean,건강보험 옵션에 대해 자세히 알아보기HRA의 시전역 건강보험담당부(Citywide Health Insurance Access) (https://www1.nyc.gov/site/ochia/coverage-care/insurance-options.page) 를 통해 귀하의 옵션을 자세히알아보십시오.등록 요청에 관한 도움GetCoveredNYC (https://www1.nyc.gov/nyc-resources/get-covered.page) 는 뉴욕 거주시민의 건강보험 가입을 돕습니다. 전담 전문가가 귀하의 언어로 무료 지원을 제공합니다.상담원과의 통화 요청등록 상담원과 통화하려면 건강보험 가입 지원 문의 양식 (https://nycdohmh.surveymonkey.com/r/7BB62M3) 을 작성하십시오. 무료 가입 지원은 이민상태와 관계없이 여러 언어로 제공됩니다. 귀하의 정보는 비밀로 보호됩니다.311번으로 전화 문의건강보험에 관한 일반적인 질문이 있는 경우 및 실제 상담원이 필요한 경우 위 번호로 문의하십시오.,NY State of Health에855-355-5777번 또는 TTY:800-662-1220번(TTY)으로 전화하십시오.,
Afterschool programs for students,English,"OnlineLearn more about COMPASS from (http://www1.nyc.gov/site/dycd/services/after-school/comprehensive-after-school-system-of-new-york-city-compass.page) DYCD.CallCall DYCD Community Connect at 800-246-4646 or 646-343-6800. You can also speak to the afterschool program staff at your child's school for more information.Call 311Ask for ""Comprehensive After School Program assistance.""",,
Aide financière en espèces mensuelle en cas de besoin,French,\nRendez-vous sur le site web de l'Aide financière (http://www1.nyc.gov/site/hra/help/cash-assistance.page) pour en savoir plus sur ce programme.\nAppelez la ligne téléphonique d'information de HRA au 718-557-1399 pour plus d'informations.,,{'url': 'http://www1.nyc.gov/site/hra/locations/job-locations.page'}
老年人租金凍結,Chinese (Traditional),\n造訪 SCRIE 網站 (http://nyc.gov/rentfreeze) ，以詳細瞭解計畫相關資訊。\n查看租金凍結計畫（SCRIE 和 DRIE）及 COVID-19 的 常見問題集 (https://www1.nyc.gov/site/rentfreeze/help/covid-19-frequently-asked-questions.page) 。\n如需詳細資訊， (http://www1.nyc.gov/site/finance/about/contact-by-email/contact-scrie.page) 請寄送電子郵件至 SCRIE (https://www1.nyc.gov/site/hpd/services-and-information/scrie-drie.page) \n致電 311 並洽詢 SCRIE 專員，若您有聽力障礙，請致電 212-639-9675對於 HPD 監管的 SCRIE：\n如果您想申請住在 Mitchell-Lama 或 Redevelopment Company 開發住宅，請寄電子郵件給 HPD 並洽詢詳細資訊。\n造訪 HPD 的網站以瞭解更多資訊，如您有任何疑問，請致電 212-863-8494。,如果您住在 Mitchell-Lama 或 Redevelopment Company 開發住宅，請致電 212-863-8494 聯繫 HPD，以申請 HPD 監管的 SCRIE。,{'url': 'https://www1.nyc.gov/site/rentfreeze/help/help-temporary-centers.page'}
Yon soulajman taks sou pwopriyete pou Moun Vil New York ki andikape yo,Haitian Creole,"\nVizite yon Sant Biznis (https://access.nyc.gov/locations/?lat=6864) Department of Finance (http://www1.nyc.gov/site/finance/benefits/landlords-dhe.page) (lendi jiska vandredi 8:30 a.m. Jiska 4:30 p.m.) pou jwenn èd fas-a-fas.\nVizite sitwèb DHE (http://www1.nyc.gov/site/finance/about/contact-by-email/contact-exemptions-inquiries.page) a pou aprann plis.\nRele DHE nan 212-NEW-YORK, oswa 212-639-9675 (deyò Vil la), oswa TTY \n212-639-9675 (moun ki gen pwoblèm pou tande).\nImèl DHE pou plis enfòmasyon.",,{'url': 'http://www1.nyc.gov/site/finance/pay-now/person.page'}
Tax credit for working individuals and families,English,\nLearn more about tax credits (https://www1.nyc.gov/site/dca/consumers/get-tax-credit-information.page) you can claim.\nCall 800-906-9887 to find the nearest Volunteer Income Tax Assistance (VITA) or Tax Counseling for the Elderly (TCE).,,{'url': 'https://a866-dcwpwb.nyc.gov/ftps_map/'}
Programas extracurriculares para estudiantes,Spanish,"En líneaObtenga más información sobre COMPASS en (http://www1.nyc.gov/site/dycd/services/after-school/comprehensive-after-school-system-of-new-york-city-compass.page) DYCD.Por teléfonoLlame a Conexión Juvenil (Youth Connect) del DYCD al 800-246-4646 o al 646-343-6800. También puede hablar con el personal del programa extracurricular de la escuela de su hijo para obtener más información.Llame al 311Solicite ""Asistencia integral para el programa extracurricular"".",,
Ulga podatkowa dla rodzin z dziećmi,Polish,"\nDowiedz się więcej o innych ulgach podatkowych na stronie Departamentu Spraw Konsumenckich i Ochrony Pracowników miasta Nowy Jork (NYC Department of Consumer and Worker Protection) (https://www1.nyc.gov/site/dca/consumers/get-tax-credit-information.page) .\nZadzwoń pod numer 800-906-9887, aby znaleźć najbliższą placówkę oferującą pomoc w rozliczaniu podatku dochodowego (Volunteer Income Tax Assistance, VITA) lub doradztwa podatkowego dla osób starszych (Tax Counseling for the Elderly, TCE).",,{'url': 'https://a866-dcwpwb.nyc.gov/ftps_map/'}
為子女及受撫養人照護支付費用的退稅,Chinese (Traditional),,,{'url': 'https://a866-dcwpwb.nyc.gov/ftps_map/'}
買食物的錢,Chinese (Traditional),"\n造訪 SNAP 網站 (https://www1.nyc.gov/site/hra/help/snap-benefits-food-program.page) 瞭解更多資訊。\n致電 HRA 資訊熱線 718-557-1399 (https://www1.nyc.gov/site/hra/locations/snap-locations.page) 獲得申請 SNAP 的幫助。\n親自前往 SNAP 中心 (https://www1.nyc.gov/site/hra/partners/find-a-partner-organization.page) 或當地社區型組織 (Community-Based Organization, CBO) 尋求協助。",,{'url': 'https://www1.nyc.gov/site/hra/locations/snap-locations.page'}
Free Pre-K for four-year-olds,English,\nVisit the NYC DOE Pre-K website (https://www.schools.nyc.gov/enrollment/enroll-grade-by-grade/pre-k) to learn more about the pre-K admissions process.\nEmail es_enrollment@schools.nyc.gov (mailto:es_enrollment@schools.nyc.gov) if you have questions about getting into pre-K.,"Enroll over the phone by calling 718-935-2009.\nApply from January 15, 2025 to February 28, 2025.\nInterpretation services are available in more than 200 languages.",
"Ежемесячная денежная помощь, когда Вы в ней нуждаетесь",Russian,"\nПосетите сайт Cash Assistance (http://www1.nyc.gov/site/hra/help/cash-assistance.page) , чтобы подробнее узнать об этой программе.\nДля получения подробной информации позвоните на информационную линию HRA (HRA Infoline) по телефону 718-557-1399.",,{'url': 'http://www1.nyc.gov/site/hra/locations/job-locations.page'}
কর্মরত ব্যক্তি এবং পরিবারের জন্য কর ক্রেডিট,Bengali,"\nআপনি দাবি করতে পারেন এমন ট্যাক্স ক্রেডিটগুলি (https://www1.nyc.gov/site/dca/consumers/get-tax-credit-information.page) সম্বন্ধে আরও জানুন।\nনিকটতম স্বেচ্ছাসেবক আয়কর সহায়তা (Volunteer Income Tax Assistance, VITA) বা বয়স্কদের জন্য ট্যাক্স কাউন্সেলিং (Tax Counseling for the Elderly, TCE) খুঁজতে 800-906-9887 নম্বরে ফোন করুন।",,{'url': 'https://a866-dcwpwb.nyc.gov/ftps_map/'}
Zamrożenie wysokości czynszu dla osób starszych,Polish,"\nAby dowiedzieć się więcej o programie, odwiedź stronę internetową SCRIE (http://nyc.gov/rentfreeze) .\nSprawdź często zadawane pytania dotyczące programów SCRIE i DRIE podczas pandemii COVID-19 (https://www1.nyc.gov/site/rentfreeze/help/covid-19-frequently-asked-questions.page) .\n (http://www1.nyc.gov/site/finance/about/contact-by-email/contact-scrie.page) Wyślij e-mail dotyczący programu SCRIE (https://www1.nyc.gov/site/hpd/services-and-information/scrie-drie.page) , aby uzyskać więcej informacji\nZadzwoń pod numer 311 i poproś o specjalistę od programu SCRIE lub zadzwoń pod numer 212-639-9675, jeśli masz problemy ze słuchem.W przypadku programu SCRIE nadzorowanego przez HPD:\nJeśli chcesz złożyć wniosek lub mieszkasz w budynku Mitchell-Lama lub Redevelopment Company, możesz uzyskać więcej informacji, pisząc na adres e-mail HPD.\nOdwiedź stronę internetową HPD, aby dowiedzieć się więcej, lub zadzwoń pod numer 212-863-8494 w razie jakichkolwiek pytań.","Mieszkańcy budynków Mitchell-Lama lub Redevelopment Company mogą wnioskować o udział w programie SCRIE nadzorowanym przez HPD, dzwoniąc pod numer HPD 212-863-8494.",{'url': 'https://www1.nyc.gov/site/rentfreeze/help/help-temporary-centers.page'}
Exención del impuesto sobre la propiedad para veteranos,Spanish,\nVisite el sitio web de Exención de Veteranos (http://www1.nyc.gov/site/finance/benefits/landlords-veterans.page)  para obtener más información.\nEnvíe un correo electrónico al (http://www1.nyc.gov/site/finance/about/contact-by-email/contact-exemptions-inquiries.page) Departamento de Finanzas si tiene preguntas sobre este programa\nLlame al 311 y pregunte sobre la Exención de Veteranos si tiene alguna pregunta sobre el programa.,,
Tax refund if you paid for child and dependent care,English,\nLearn about tax credits (https://www1.nyc.gov/site/dca/consumers/get-tax-credit-information.page) that you can claim.\nCall 800-906-9887 to find the nearest Volunteer Income Tax Assistance (VITA) or Tax Counseling for the Elderly (TCE).,,{'url': 'https://a866-dcwpwb.nyc.gov/ftps_map/'}
Una exención tributaria a la propiedad para neoyorquinos discapacitados,Spanish,"\nVisite un (https://access.nyc.gov/locations/?lat=6864) Centro de Negocios del Departamento de Finanzas (http://www1.nyc.gov/site/finance/benefits/landlords-dhe.page) (lunes a viernes, 8:30 a.m. - 4:30 p.m.) para recibir ayuda en persona.\nPara obtener más información, visite el sitio web de DHE (http://www1.nyc.gov/site/finance/about/contact-by-email/contact-exemptions-inquiries.page) .\nLlame al DHE al 212-NEW-YORK, o al 212-639-9675 (fuera de la ciudad), o TTY 212-639-9675 (personas con discapacidades auditivas).\nEnvíe un correo electrónico al DHE  para obtener más información.",,{'url': 'http://www1.nyc.gov/site/finance/pay-now/person.page'}
Налоговый вычет для работающих лиц и семей,Russian,"\nУзнайте подробнее о налоговых вычетах, (https://www1.nyc.gov/site/dca/consumers/get-tax-credit-information.page) на которые вы можете претендовать.\nПозвоните по номеру 800-906-9887, чтобы узнать адрес ближайшего пункта Программы оказания безвозмездной помощи по вопросам подоходного налогообложения (Volunteer Income Tax Assistance, VITA) или Программы консультаций по вопросам налогообложения для пожилых людей (Tax Counseling for the Elderly, TCE).",,{'url': 'https://a866-dcwpwb.nyc.gov/ftps_map/'}
আপনার প্রয়োজন অনুযায়ী মাসিক নগদ সাহায্য,Bengali,\nএই কর্মসূচি সম্পর্কে আরও জানতেনগদ সহায়তা ওয়েবসাই (http://www1.nyc.gov/site/hra/help/cash-assistance.page) যান।\nআরো তথ্যের জন্য HRA ইনফোলাইনে 718-557-1399 নম্বরে ফোন করুন।,,{'url': 'http://www1.nyc.gov/site/hra/locations/job-locations.page'}
저소득층 가정의 3~4세를 대상으로 한 보육 및 교육,Korean,\nHead Start에 관한 자세한 사항은 NYCDOE (https://www.schools.nyc.gov/enrollment/enroll-grade-by-grade/head-start) 에서 확인하실 수 있습니다.\n프로그램을 찾는 데 도움이 필요하시면 311번으로 전화해 “Head Start”에 대해 문의해 주십시오.,,
생후 6주부터 2세 사이의 어린이를 대상으로 한 무료 또는 저비용 보육,Korean,\nEarlyLearn에 관한 자세한 사항은 NYCDOE (https://www.schools.nyc.gov/enrollment/enroll-grade-by-grade/earlylearn-nyc) 에서 확인하십시오.\n311번으로 전화. 프로그램을 찾는 데 도움이 필요하시면 전화로 “EarlyLearn”에 대해 문의해주십시오.,,{'url': 'https://www.myschools.nyc/ko/schools/3k/'}
장애가 있는 뉴욕 주민들을 위한 재산세 지원,Korean,"\n내방하여 도움을 받으시려면 Department of Finance 비즈니스 센터 (http://www1.nyc.gov/site/finance/pay-now/person.page) (월요일~금요일, 오전 8시 30분~오후 4시 30분)에 방문해 주십시오.\n자세한 내용은 DHE 웹 사이트 (http://www1.nyc.gov/site/finance/benefits/landlords-dhe.page) 에서 확인할 수 있습니다.\nDHE에 212-NEW-YORK (http://www1.nyc.gov/site/finance/about/contact-by-email/contact-exemptions-inquiries.page) 또는 212-639-9675(시외) 또는 TTY: 212-639-9675(청각 장애인)번으로 전화해 주십시오.\n자세한 내용을 확인하려면 DHE로 이메일을 보내주십시오.",,{'url': 'http://www1.nyc.gov/site/finance/pay-now/person.page'}
학생들을 위한 방과 후 프로그램,Korean,"온라인COMPASS에 관한 자세한 사항은 (http://www1.nyc.gov/site/dycd/services/after-school/comprehensive-after-school-system-of-new-york-city-compass.page) DYCD에서 알아보십시오.전화DYCD Youth Connect(800-246-4646 또는 646-343-6800)로 전화하십시오. 자녀가 다니는 학교의 방과후 프로그램 담당 직원에게 자세한 사항을 문의하실 수도 있습니다.311번으로 전화“Comprehensive After School Program assistance(종합 방과 후 시스템 지원)""에 관해 문의하십시오.",,
Obniżenie wysokości podatku od nieruchomości dla właścicieli domów,Polish,"\nWejdź na stronę internetową STAR, (https://tax.ny.gov/pit/property/star/default.htm) aby uzyskać więcej informacji.\nZadzwoń pod numer 311 (http://www1.nyc.gov/site/finance/about/contact-by-email/contact-exemptions-inquiries.page) , aby uzyskać więcej informacji.\nW razie pytań na temat programu STAR wyślij e-mail do NYC Department of Finance (Departament Finansów w Nowym Jorku).\nSkontaktuj się z Departamentem Podatków i Finansów Stanu Nowy Jork pod numerem 518-457-2036 Aby uzyskać więcej informacji na temat ulgi podatkowej STAR stanu Nowy Jork,","Jeśli Twój dochód jest większy niż 250 000 USD i mniejszy lub równy 500 000 USD, możesz zarejestrować się online w celu uzyskania ulgi podatkowej STAR stanu Nowy Jork (https://www.tax.ny.gov/pit/property/star/) lub dzwoniąc pod numer 518-457-2036.",
"Налоговые льготы на недвижимость для жителей г. Нью-Йорка, имеющих инвалидность",Russian,"\nЧтобы получить помощь лично, (https://access.nyc.gov/locations/?lat=6864) посетите один из бизнес-центров Департамента финансов (http://www1.nyc.gov/site/finance/benefits/landlords-dhe.page) (часы работы: с понедельника по пятницу, с 8:30 до 16:30).\nПодробную информацию можно получить на сайте программы DHE (http://www1.nyc.gov/site/finance/about/contact-by-email/contact-exemptions-inquiries.page) .\nПозвоните в программу DHE по телефону 212-NEW-YORK или 212-639-9675 (извне города Нью-Йорка) или по телетайпу (TTY) 212-639-9675 (для лиц с нарушениями слуха).\nНапишите в программу DHE по электронной почте для получения подробной информации.",,{'url': 'http://www1.nyc.gov/site/finance/pay-now/person.page'}
Preskolè gratis pou timoun ki gen 4 tran.,Haitian Creole,\nAle sou sitwèb Pre-K NYC DOE (https://www.schools.nyc.gov/enrollment/enroll-grade-by-grade/pre-k) a pou w jwenn plis enfòmasyon sou pwosesis admisyon pwogram pre-K a.\nRele nan 718-935-2009 (mailto:ESEnrollment@schools.nyc.gov) si ou gen kesyon sou pwosesis admisyon pwogram pre-K a\nVoye yon imèl bay Pre-K admissions sou ESEnrollment@schools.nyc.gov (http://nyc.gov/schools/welcomecenters) si ou genyen kesyon sou fason pou antre nan pwogram pre-K a.\nAle nan yon Sant Akèy pou Fanmi pou w jwenn plis enfòmasyon sou pwogram pre-K yo.,\nRele nan 718-935-2009 pou w enskri nan telefòn.Aplike soti 10 Janvye 2024 pou rive 1ye Mas 2024.\nSèvis entèpretasyon disponib nan plis pase 200 lang.,
Замораживание арендной платы для нетрудоспособных граждан,Russian,"Посетите веб-сайтыЧтобы получить подробную информацию, посетите веб-сайт программы г. Нью-Йорка по освобождению от повышения арендной платы (http://www1.nyc.gov/site/rentfreeze/index.page) .Ознакомьтесь с часто задаваемыми вопросами (https://www1.nyc.gov/site/rentfreeze/help/covid-19-frequently-asked-questions.page) по Программе освобождения от повышения арендной платы на период пандемии COVID-19.Обратитесь в DRIE (http://www1.nyc.gov/site/finance/about/contact-by-email/contact-drie.page) Обратитесь за помощью в Департамент финансов.Обратитесь в DRIE через телетайпЗвоните по номеру 212-639-9675, если у вас проблемы со слухом.Позвоните по номеру 311Спросите специалиста по DRIE.","Если вы проживаете в квартире, принадлежащей кооперативу собственников жилья (HDFC), или в жилом комплексе Mitchell-Lama, для оформления заявления позвоните в Департамент по сохранению и развитию жилищного фонда (HPD) по телефону 212-863-8494.",{'url': 'https://www1.nyc.gov/site/rentfreeze/help/help-temporary-centers.page'}
난방비 및 공과금 비용 지원,Korean,\n이 프로그램에 대해 자세히 알아보려면 HEAP에 대한 OTDA 웹사이트 (https://otda.ny.gov/programs/heap/) 를 방문하십시오.\nHEAP에 도움이 필요한 경우 718-557-1399번으로 전화하십시오.\n311번에 전화하여 가정용 에너지 지원 프로그램과 관련하여 도움을 청하십시오.,2024~2025년 응급 혜택 신청은 2025년 4월 7일에 마감되었습니다. 일반 HEAP 혜택은 휴대전화로 신청할 수 없습니다.718-557-1399번으로 전화하여 응급 혜택을 신청하거나 신청 상태를 확인하십시오. 먼저 HEAP 일반 혜택을 신청하고 이에 대한 승인을 받아야 합니다.,{'url': 'https://otda.ny.gov/programs/heap/contacts/default.asp?county=New%20York%20City#result'}
學生課後計劃,Chinese (Traditional),線上透過 (http://www1.nyc.gov/site/dycd/services/after-school/comprehensive-after-school-system-of-new-york-city-compass.page) DYCD 瞭解關於 COMPASS 的更多資訊。致電請撥打 800-246-4646 或 646-343-6800 與 DYCD 青年聯合會聯絡。您也可以與您子女就讀學校的課後計畫工作人員交談，以瞭解更多資訊。致電 311詢問「綜合課後計畫輔助」。,,
Property tax break for veterans,English,"\nVisit the Veterans' Exemption website (http://www1.nyc.gov/site/finance/benefits/landlords-veterans.page) for more information.\nCall 212-NEW-YORK (http://www1.nyc.gov/site/finance/about/contact-by-email/contact-exemptions-inquiries.page) . For TTY or Text Telephone, call 212-639-9675\nEmail the Department of Finance if you have questions about this program.",,{'url': 'http://www1.nyc.gov/site/finance/pay-now/person.page'}
بچوں والے خاندانوں کے لیے ٹیکس کریڈٹ,Urdu,"\nNYC کا محکمہ برائے صارفین اور کارکنان کا تحفظ (Department of Consumer and Worker Protection, DCWP) (https://www1.nyc.gov/site/dca/consumers/get-tax-credit-information.page) سے دیگر ٹیکس کریڈٹس کے بارے میں مزید جانیں۔\nقریب ترین رضاکارانہ انکم ٹیکس میں معاونت (Volunteer Income Tax Assistance, VITA) یا بزرگ افراد کیلئے ٹیکس سے متعلق مشاورت (Tax Counseling for the Elderly, TCE) حاصل کرنے کیلئے 9877-906-800 پر کال کریں۔",,{'url': 'https://a866-dcwpwb.nyc.gov/ftps_map/'}
কম আয় থাকা পরিবারের 3-4 বছর বয়সী শিশুদের পরিচর্যা এবং শিক্ষা,Bengali,"\nনিউ ইয়র্ক সিটি শিক্ষা বিভাগ (New York City Department of Education, NYCDOE) (https://www.schools.nyc.gov/enrollment/enroll-grade-by-grade/head-start) থেকে হেড স্টার্ট প্রোগ্রাম সম্পর্কে আরও জানুন।\nএকটি প্রোগ্রাম খুঁজে পেতে সাহায্যের প্রয়োজন হলে 311 নম্বরে কল করুন এবং ""হেড স্টার্ট"" বলুন।",,
Программы послешкольных занятий для учащихся,Russian,"Через ИнтернетУзнайте больше о COMPASS на веб-странице (http://www1.nyc.gov/site/dycd/services/after-school/comprehensive-after-school-system-of-new-york-city-compass.page) DYCD.По телефонуПозвоните в службу Youth Connect при DYCD по номеру 800-246-4646 или 646-343-6800. Чтобы получить дополнительную информацию, вы также можете поговорить с представителем внеклассной программы в школе, которую посещает ваш ребенок.Позвоните по номеру 311Спросите о «комплексной программе внеклассного обучения» (Comprehensive After School Program).",,
بزرگ افراد کے کرایہ میں اضافہ نہ کرنا,Urdu,\nاس پروگرام کے بارے میں مزید جاننے کے لیے SCRIE کی ویب سائٹ (http://nyc.gov/rentfreeze) ملاحظہ کریں۔\nکرایہ منجمد کرنے کے پروگرام (SCRIE اور DRIE) اور COVID-19 سے متعلق اکثر پوچھے گئے سوالات (https://www1.nyc.gov/site/rentfreeze/help/covid-19-frequently-asked-questions.page) کا جائزہ لیں۔\nمزید معلومات کے لیے (http://www1.nyc.gov/site/finance/about/contact-by-email/contact-scrie.page) SCRIE کو ای میل کریں (https://www1.nyc.gov/site/hpd/services-and-information/scrie-drie.page) \n311 پر کال کریں اور SCRIE کے ماہر یا 9675-639-212 کے بارے میں پوچھیں اگر آپ کو سننے میں دشواری ہو رہی ہے۔HPD کی زیر نگرانی SCRIE کیلئے:\nاگر آپ Mitchell-Lama یا Redevelopment کمپنی ڈیولپمنٹ میں درخواست دینا یا رہنا چاہتے ہیں یا آپ کو مزید معلومات چاہئیں تو HPD کو ای میل کریں۔ \nمزید جاننے کیلئے HPD کی ویب سائٹ ملاحظہ کریں یا کسی بھی سوال کیلئے 212-863-8494 پر کال کریں۔,اگر آپ Mitchell-Lama یا Redevelopment کمپنی ڈویلپمنٹ کی رہائش میں رہتے ہیں تو HPD کے زیر نگرانی SCRIE کیلئے درخواست دینے کے واسطے HPD کو8494-863-212 پر کال کریں۔,{'url': 'https://www1.nyc.gov/site/rentfreeze/help/help-temporary-centers.page'}
Estabilizasyon pri lwaye pou granmoun aje,Haitian Creole,\nAle sou sitwèb SCRIE a (http://nyc.gov/rentfreeze) pou aprann plis sou pwogram sa a.\nEgzamine Pwogram Rent Freeze lan (SCRIE ak DRIE) ak kesyon moun poze souvan yo (https://www1.nyc.gov/site/rentfreeze/help/covid-19-frequently-asked-questions.page) sou COVID-19.\n (http://www1.nyc.gov/site/finance/about/contact-by-email/contact-scrie.page) Voye yon Imèl bay SCRIE (https://www1.nyc.gov/site/hpd/services-and-information/scrie-drie.page) pou jwenn plis enfòmasyon\nRele 311 epi mande pou jwenn yon espesyalis SCRIE oswa 212-639-9675 si ou gen difikilte pou tandePou SCRIE HPD sipèvize:\nVoye imèl bay HPD si w vle aplike oswa si w ap viv nan devlopman Mitchell-Lama oswa Konpayi Redevlopman pou w jwenn plis enfòmasyon.\nAle sou sit entènèt HPD a pou aprann plis oswa rele nan 212-863-8494 for any questions si w gen nenpòt kesyon.,"Si w ap viv nan yon lojman devlopman Mitchell-Lama oswa nan Konpayi Redevlopman, rele HPD nan 212-863-8494 pou aplike pou SCRIE HPD sipèvize.",{'url': 'https://www1.nyc.gov/site/rentfreeze/help/help-temporary-centers.page'}
當您有需要時，每月提供現金幫助,Chinese (Traditional),\n造訪現金援助網站 (http://www1.nyc.gov/site/hra/help/cash-assistance.page) 以了解有關此計畫的更多資訊。\n致電 HRA 資訊熱線 718-557-1399 瞭解更多資訊。,,{'url': 'http://www1.nyc.gov/site/hra/locations/job-locations.page'}
Gel des loyers pour les seniors,French,"\nConsultez le site internet du SCRIE (http://nyc.gov/rentfreeze) pour en savoir plus sur ce programme.\nConsultez la foire aux questions (https://www1.nyc.gov/site/rentfreeze/help/covid-19-frequently-asked-questions.page) sur le programme de gel des loyers (SCRIE et DRIE) et la COVID-19.\n (http://www1.nyc.gov/site/finance/about/contact-by-email/contact-scrie.page) Envoyez un courriel à la SCRIE (https://www1.nyc.gov/site/hpd/services-and-information/scrie-drie.page) pour obtenir davantage d’informations\nAppelez le 311 et demandez un spécialiste du SCRIE ou le 212 639 9675 si vous avez des problèmes d’auditionPour le SCRIE supervisé par le HPD :\nPour obtenir de plus amples informations, envoyez un courriel au HPD si vous souhaitez déposer une demande ou si vous vivez dans un logement social Mitchell-Lama ou Redevelopment Company.\nConsultez le site internet du HPD pour en savoir plus ou appeler le 212 863 8494 pour poser vos questions.","Si vous vivez dans un logement social Mitchell-Lama ou Redevelopment Company, appelez le HPD au 212 863 8494 pour déposer une demande de SCRIE supervisé par le HPD.",{'url': 'https://www1.nyc.gov/site/rentfreeze/help/help-temporary-centers.page'}
گھروں کے مالک مکانوں کے لیے جائیداد کے ٹیکسوں میں کمی,Urdu,\nمزید معلومات کے لیےSTAR ویب سائیٹ (https://tax.ny.gov/pit/property/star/default.htm)  ملاحظہ کریں۔\nمزید جاننے کے لیے 311 (http://www1.nyc.gov/site/finance/about/contact-by-email/contact-exemptions-inquiries.page) پر کال کریں۔\nاگر آپ کے STAR سے متعلق کوئی سوالات ہوں، تو NYC Department of Finance (ڈیپارٹمنٹ آف فنانس) کو ای میل کریں۔\nنیو یارک سٹیٹ اسٹار ٹیکس کریڈٹ کے بارے میں مزید معلومات کے لیے 2036-457-518 پر نیویارک اسٹیٹ ڈیپارٹمنٹ آف ٹیکسیشن اینڈ فنانس سے رابطہ کریں.,اگر آپ کی آمدنی $ 250،000 سے زیادہ ہے اور $ 500،000 سے کم یا اس کے برابر ہے ، آپ نیویارک اسٹیٹ اسٹار ٹیکس کریڈٹ کے لیے آن لائن رجسٹر کر سکتے ہیں (https://www.tax.ny.gov/pit/property/star/) یا 2036-457-518 پر کال کر کے۔,
근로자와 가족을 위한 세금 공제,Korean,,,{'url': 'https://a866-dcwpwb.nyc.gov/ftps_map/'}
四歲兒童免費 Pre-K 計畫,Chinese (Traditional),\n造訪 NYC DOE Pre-K 網站 (https://www.schools.nyc.gov/enrollment/enroll-grade-by-grade/pre-k) ，深入瞭解 Pre-K 申請流程。\n如對 Pre-K 申請流程有任何疑問，請撥打 718-935-2009 (mailto:ESEnrollment@schools.nyc.gov) 。\n如對加入 Pre-K 有任何疑問，請傳送電子郵件至 ESEnrollment@schools.nyc.gov (http://nyc.gov/schools/welcomecenters) 。\n造訪家庭歡迎中心，深入瞭解 Pre-K 計畫。,\n撥打 718-935-2009 申請。申請時間為 2024 年 1 月 10 日至 2024 年 3 月 1 日。\n我們提供 200 多種語言的口譯服務。,
نیو یارک کے معذورباشندوں کے لیے جائیداد ٹیکس کا انقطاع,Urdu,\nبالمشافہ مدد حاصل کرنے کے لیے Department of Finance (ڈیپارٹمنٹ آف فنانس) بزنس سنٹر (http://www1.nyc.gov/site/finance/pay-now/person.page)   (پیر سے جمعہ، صبح 8:30 سے شام 4:30) میں تشریف لے جائیں۔\nمزید جاننے کے لیے DHE کی ویب سائیٹ (http://www1.nyc.gov/site/finance/benefits/landlords-dhe.page)  ملاحظہ فرمائیں۔\nDHE کو 9675-639-212 (http://www1.nyc.gov/site/finance/about/contact-by-email/contact-exemptions-inquiries.page) یا ٹی ٹی وائی 9675-639-212 (سماعتی کمزوری کے حامل افراد کے لیے) پر کال کریں۔\nمزید معلومات کے لیے DHE کو ای میل کریں۔,,{'url': 'http://www1.nyc.gov/site/finance/pay-now/person.page'}
"Argent destiné aux dépenses pour le chauffage et les charges (électricité, eau, gaz, téléphone, etc.)",French,\nConsultez le site internet de l’OTDA pour le programme HEAP (https://otda.ny.gov/programs/heap/) afin d’en savoir plus sur celui-ci.\nAppelez le 718 557 1399 pour bénéficier d’une aide de l’HEAP.\nAppelez le 311 et demandez de l’aide pour le Programme d’aide énergétique à domicile.,Les demandes d’allocation d’urgence 2024-2025 ont été clôturées le 7 avril 2025. Vous ne pouvez pas demander une prestation HEAP ordinaire par téléphone. Appelez le718 557 1399pour demander des allocations d’urgence ou pour connaître l’état de votre demande. Vous devez tout d’abord déposer une demande d’allocations HEAP ordinaires et celle-ci doit être approuvée.,{'url': 'https://otda.ny.gov/programs/heap/contacts/default.asp?county=New%20York%20City#result'}
Money for heat and utility expenses,English,\nVisit the OTDA website for HEAP (https://otda.ny.gov/programs/heap/) to learn more about this program.\nCall 718-557-1399 for help with HEAP.\nCall 311 and ask for assistance with the Home Energy Assistance Program.,"Applications for the 2024-25 Emergency Benefit closed on April 7, 2025. You can't apply for a Regular HEAP benefit by phone.Call 718-557-1399 to apply for Emergency benefits or to check the status of your application. You must first apply and be approved for the HEAP Regular Benefit.",{'url': 'https://otda.ny.gov/programs/heap/contacts/default.asp?county=New%20York%20City#result'}
الخصم الضريبي للأفراد العاملين والعائلات,Arabic,\nاعرف المزيد عن الائتمانات الضريبية (https://www1.nyc.gov/site/dca/consumers/get-tax-credit-information.page) التي يمكنك المطالبة بها.\nاتصل بالرقم 9887-906-800 للعثور على أقرب مواقع لبرنامج المساعدة التطوعية لإعداد ضرائب الدخل (VITA) أو برنامج تقديم المشورة الضريبية لمقدمي الإقرار الضريبي من كبار السن (TCE).,,{'url': 'https://a866-dcwpwb.nyc.gov/ftps_map/'}
Zamrożenie wysokości czynszu dla osób z niepełnosprawnościami,Polish,"Odwiedź stronyAby dowiedzieć się więcej, odwiedź stronę internetową programu zamrożenia czynszów w mieście Nowy Jork (http://www1.nyc.gov/site/rentfreeze/index.page) .Zapoznaj się z odpowiedziami na często zadawane pytania (https://www1.nyc.gov/site/rentfreeze/help/covid-19-frequently-asked-questions.page) dotyczące programu zamrożenia czynszów w trakcie pandemii COVID-19.Kontakt z DRIE (http://www1.nyc.gov/site/finance/about/contact-by-email/contact-drie.page) Uzyskaj pomoc od Departamentu Finansów.Skontaktuj się ze DRIE za pomocą systemu TTYJeśli masz problemy ze słuchem, zadzwoń pod numer 212-639-9675.Zadzwoń pod numer 311Poproś o rozmowę ze specjalistami od programu DRIE.","Osoby mieszkające w mieszkaniu Housing Development Fund Company (HDFC) (Fundusz Rozwoju Budownictwa) lub Mitchell-Lama, w celu złożenia wniosku powinny zadzwonić do HPD pod numer 212-863-8494.",{'url': 'https://www1.nyc.gov/site/rentfreeze/help/help-temporary-centers.page'}
Régimes d’assurance maladie privée,French,"Apprenez-en plus sur les options d’assurancemaladiePour en savoir plus sur les options qui s’offrent à vous,consultez le site Citywide Health InsuranceAccess de la HRA (https://www1.nyc.gov/site/ochia/coverage-care/insurance-options.page) .Demandez de l’aide pour l’inscriptionGetCoveredNYC (https://www1.nyc.gov/nyc-resources/get-covered.page) aideles New-Yorkais à souscrire une assurance maladie. Des spécialistesdédiés peuvent vous aider gratuitement dans votre langue.Demandez à un conseiller de vous appelerRemplissez un formulaire de demande d’aide à lasouscription d’une assurance maladie (https://nycdohmh.surveymonkey.com/r/7BB62M3) pour recevoir un appeld’un conseiller en matière d’inscription. Une aide gratuite àl’inscription est disponible quel que soit le statut d’immigrationet dans de nombreuses langues. Vos données seront tenuesconfidentielles.Appelez le 311Si vous avez des questions d’ordre général sur l’assurancemaladie et si vous souhaitez contacter un assistant enpersonne.","Appelez le NY State of Health au855 355 5777ou si vous êtes malentendant(e), veuillez composer le800 662 1220.",
ভাউচার যা আপনার ভাড়ার অংশ প্রদান করে,Bengali,\n (http://www1.nyc.gov/site/nycha/section-8/about-section-8.page) NYCHA-এর ওয়েবসাইট থেকে (https://wb-nycha.qmatic.cloud/) বিভাগ 8 সম্পর্কে আরও জানুন।\nNYCHA-এর গ্রাহক যোগাযোগ কেন্দ্রকে 718-707-7771 নম্বরে ফোন করুন।\nএকটি কাস্টমার কন্টাক্ট সেন্টারে যাওয়ার জন্য একটি অ্যাপয়েন্টমেন্ট নিন।,,
Monthly cash help when you are in need,English,\nVisit the Cash Assistance website (http://www1.nyc.gov/site/hra/help/cash-assistance.page) to learn more about this program.\nCall the HRA Infoline at 718-557-1399 for more information.,,{'url': 'http://www1.nyc.gov/site/hra/locations/job-locations.page'}
Pwogram apre lekòl pou elèv yo,Haitian Creole,"AnliyAprann plis bagay sou COMPASS nan (http://www1.nyc.gov/site/dycd/services/after-school/comprehensive-after-school-system-of-new-york-city-compass.page) DYCD.Rele nouRele DYCD Youth Connect nan 800-246-4646 or 646-343-6800. Ou kapab pale tou avèk anplwaye pwogram aprè klas nan lekòl pitit ou a pou plis enfòmasyon.Rele 311Mande pou ""Asistans konplè pou Pwogram Aprè Klas.""",,
Estabilizasyon pri lwaye pou moun andikape,Haitian Creole,Ale sou sit entènèt yoAle sou sit entènèt Pwogram NYC Rent Freeze lan (http://www1.nyc.gov/site/rentfreeze/index.page) pou aprann plis.Egzamine kesyon moun poze souvan yo (https://www1.nyc.gov/site/rentfreeze/help/covid-19-frequently-asked-questions.page) pou Pwogram Rent Freeze la pandan COVID-19 la.Kontakte DRIE (http://www1.nyc.gov/site/finance/about/contact-by-email/contact-drie.page) Mande èd nan Depatman Finans lan.Rele DRIE lè w itilize TTYRele 212-639-9675 si ou gen difikilte pou tande.Rele 311Mande pou jwenn espesyalis DRIE.,"Si w ap viv nan yon apatman Housing Development Fund Company (HDFC) oswa apatman Mitchell-Lama, rele HPD nan 212-863-8494 pou aplike.",{'url': 'https://www1.nyc.gov/site/rentfreeze/help/help-temporary-centers.page'}
کھانا خریدنے کے لیے رقم,Urdu,\nمزید معلومات کے لیے SNAP کی ویب سائیٹ (https://www1.nyc.gov/site/hra/help/snap-benefits-food-program.page) ملاحظہ کریں۔\nSNAP کے لیے درخواست دینے میں مدد کے لیے HRA انفو لائن کو 1399-557-718 (https://www1.nyc.gov/site/hra/locations/snap-locations.page) پر کال کریں۔\nذاتی طور پر مدد حاصل کرنے کے لیے SNAP سنٹر (https://www1.nyc.gov/site/hra/partners/find-a-partner-organization.page) یا اپنی کمیونٹی پر مبنی تنظیم (CBO) میں جائیں۔,,{'url': 'https://www1.nyc.gov/site/hra/locations/snap-locations.page'}
Prywatne ubezpieczenia zdrowotne,Polish,"Dowiedz się więcej o opcjach ubezpieczeniazdrowotnegoDowiedz się więcej o dostępnych opcjach za pośrednictwembiura HRA ds. dostępu doubezpieczeń zdrowotnych na terenie miasta (Citywide HealthInsurance Access) (https://www1.nyc.gov/site/ochia/coverage-care/insurance-options.page) .Poproś o pomoc w rejestracjiGetCoveredNYC (https://www1.nyc.gov/nyc-resources/get-covered.page) pomaga nowojorczykom zapisać się na ubezpieczenie zdrowotne. Możeszbezpłatnie otrzymać pomoc specjalistów w swoim języku.Poproś o telefon doradcyWypełnij formularz wniosku o pomoc w zapisie naubezpieczenie zdrowotne (Health Insurance Enrollment AssistanceInquiry Form) (https://nycdohmh.surveymonkey.com/r/7BB62M3) , aby otrzymać telefon od doradcy ds. rejestracji.Bezpłatna pomoc w rejestracji jest dostępna w wielu językachniezależnie od statusu imigracyjnego. Twoje informacje będątraktowane jako poufne.Zadzwoń pod numer 311W przypadku ogólnych pytań na temat ubezpieczenia zdrowotnegooraz w celu znalezienia doradcy osobistego.",Zadzwoń do biura NY State of Health pod numer855-355-5777lub TTY:800-662-1220.,
Lajan pou achte manje,Haitian Creole,\nVizite sitwèb SNAP (https://www1.nyc.gov/site/hra/help/snap-benefits-food-program.page) la pou jwenn plis enfòmasyon.\nRele Liy Enfòmasyon HRA a nan 718-557-1399 (https://www1.nyc.gov/site/hra/locations/snap-locations.page) pou yo ede ou aplike pou SNAP.\nAle nan yon sant SNAP (https://www1.nyc.gov/site/hra/partners/find-a-partner-organization.page) oswa Òganizasyon Kominotè (CBO) lokal ou an pou w jwenn èd fas-a-fas.,,{'url': 'https://www1.nyc.gov/site/hra/locations/snap-locations.page'}
Снижение налогов на недвижимость для домовладельцев,Russian,"\nПодробную информацию можно получить на сайте программы STAR. (https://tax.ny.gov/pit/property/star/default.htm) \nДля получения подробной информации позвоните по телефону311 (http://www1.nyc.gov/site/finance/about/contact-by-email/contact-exemptions-inquiries.page) .\nЕсли у вас возникли вопросы о программе STAR, напишите по электронной почте в Департамент финансов города Нью-Йорка (NYC Department of Finance)Департамент финансов города Нью-Йорка (NYC Department of Finance).\nСвяжитесь с Департаментом налогообложения и финансов штата Нью-Йорк по телефону 518-457-2036 Для получения дополнительной информации о налоговой льготе STAR штата Нью-Йорк.","Если ваш доход превышает 250 000 долларов США и меньше или равен 500 000 долларов США, вы можете зарегистрироваться онлайн для получения налогового кредита STAR штата Нью-Йорк (https://www.tax.ny.gov/pit/property/star/) или позвонив по телефону 518-457-2036.",
المال لشراء الغذاء,Arabic,\nقم بزيارة موقع برنامج المساعدات الغذائية التكميلية (SNAP) الإلكتروني (https://www1.nyc.gov/site/hra/help/snap-benefits-food-program.page) لمعرفة المزيد عن هذا البرنامج.\nاتصل بخط معلومات إدارة الموارد البشرية (HRA) على الرقم 1399-557-718 (https://www1.nyc.gov/site/hra/locations/snap-locations.page) للحصول على المساعدة للتقديم في برنامج المساعدات الغذائية التكميلية (SNAP).\nقم بزيارة أحد مراكز SNAP (https://www1.nyc.gov/site/hra/partners/find-a-partner-organization.page) أو المنظمة المجتمعية (CBO) المحلية للحصول على المساعدة بشكل شخصي.,,{'url': 'https://www1.nyc.gov/site/hra/locations/snap-locations.page'}
Garde d’enfants gratuite ou à bas coût pour les enfants de six semaines à deux ans,French,\nObtenez plus d’informations au sujet d’EarlyLearn auprès de NYCDOE (https://www.schools.nyc.gov/enrollment/enroll-grade-by-grade/earlylearn-nyc) .\nAppelez le 311. Demandez « EarlyLearn » (garde d'enfants EarlyLearn) si vous avez besoin d’aide pour trouver un programme.,,{'url': 'https://www.myschools.nyc/fr/schools/3k/'}
Бесплатные программы Pre-K для четырехлетних детей,Russian,"\nПосетите веб‑сайт программы Pre-K NYC DOE (https://www.schools.nyc.gov/enrollment/enroll-grade-by-grade/pre-k) , чтобы узнать подробнее о процессе подачи заявления.\nЕсли у вас есть вопросы о зачислении в программу Pre-K, позвоните по номеру 718-935-2009 (mailto:ESEnrollment@schools.nyc.gov) .\nЕсли у вас есть вопросы о зачислении в программу Pre-K, отправьте электронное письмо в ESEnrollment@schools.nyc.gov (http://nyc.gov/schools/welcomecenters) .\nЧтобы узнать больше о программах Pre-K, посетите Центр приема семей.","\nЗарегистрируйтесь по телефону, позвонив по номеру 718-935-2009.Подайте заявление с 10 января по 1 марта 2024 г.\nУслуги устного переводчика доступны более чем на 200 языках.",
Dinero para gastos de servicios públicos y calefacción,Spanish,"\nPara obtener más información de este programa, visite el sitio web de la Oficina de Asistencia Temporal y por Discapacidad (OTDA) para el Programa de Asistencia para la Energía en la Vivienda (HEAP) (https://otda.ny.gov/programs/heap/) .\nLlame al 718-557-1399 para obtener ayuda con HEAP.\nLlame al 311 y pida ayuda con el Programa de Asistencia para la Energía en la Vivienda.",Las solicitudes para el Beneficio de Emergencia 2024-25 cerraron el 7 de abril de 2025. No es posible solicitar un beneficio HEAP regular por teléfono. Llame al718-557-1399para solicitar beneficios de emergencia o para revisar el estado de su solicitud. Primero debe enviar la solicitud y le deben aprobar el beneficio regular del HEAP.,{'url': 'https://otda.ny.gov/programs/heap/contacts/default.asp?county=New%20York%20City#result'}
Un allègement de l’impôt foncier pour les New-Yorkais handicapés,French,"\nPrésentez-vous dans un Department of Finance Business Center (http://www1.nyc.gov/site/finance/pay-now/person.page) (Centre commercial du ministère des finances) (ouvert du lundi au vendredi de 8h30 à 16h30) pour obtenir de l'aide en personne.\nRendez-vous sur le site web de DHE (http://www1.nyc.gov/site/finance/benefits/landlords-dhe.page) pour en savoir plus.\nAppelez le DHE au 212-NEW-YORK (http://www1.nyc.gov/site/finance/about/contact-by-email/contact-exemptions-inquiries.page) ou 212-639-9675 (à l'extérieur de la ville), ou l'ATS au 212-639-9675 (malentendants).\nEnvoyez un email à DHE pour obtenir plus d'informations.",,{'url': 'http://www1.nyc.gov/site/finance/pay-now/person.page'}
Programas de prekínder gratis para niños de cuatro años,Spanish,\nVisite el sitio web de prekínder del NYC DOE (https://www.schools.nyc.gov/enrollment/enroll-grade-by-grade/pre-k) para obtener más información sobre el proceso de ingreso a prekínder.\nEnvíe un email al área de ingresos a prekínder a es_enrollment@schools.nyc.gov (mailto:ES_Enrollment@schools.nyc.gov) si tiene preguntas sobre cómo entrar a los programas de prekínder.,\nInscríbase por teléfono llamando al 718-935-2009.Envíe su solicitud del 10 de enero al 1 de marzo de 2024.\nHay servicios de interpretación en más de 200 idiomas.,
چھ ہفتے سے لے کر دو سال کی عمر تک کے بچوں کے لیے مفت یا کم قیمت پر نگہداشت اطفال,Urdu,"\nNYCDOE (https://www.schools.nyc.gov/enrollment/enroll-grade-by-grade/earlylearn-nyc) سے EarlyLearn کے بارے میں مزید معلومات حاصل کریں۔\n311 پر کال کریں۔ اگر آپ کو پروگرام تلاش کرنے میں مدد درکار ہو تو ""EarlyLearn"" سے مدد طلب کریں۔",,{'url': 'https://www.myschools.nyc/ur/schools/3k/'}
শিশুসন্তান থাকা পরিবারগুলির ট্যাক্স ক্রেডিট,Bengali,"\nআপনি দাবি করতে পারেন এমন ট্যাক্স ক্রেডিটগুলি (https://www1.nyc.gov/site/dca/consumers/get-tax-credit-information.page) সম্বন্ধে জানুন।\nনিকটতম স্বেচ্ছাসেবক আয়কর সহায়তা (Volunteer Income Tax Assistance, VITA) বা বয়স্কদের জন্য ট্যাক্স কাউন্সেলিং (Tax Counseling for the Elderly, TCE) খুঁজতে 800-906-9887 নম্বরে ফোন করুন।",,{'url': 'https://a866-dcwpwb.nyc.gov/ftps_map/'}
Crédito tributario para familias con hijos,Spanish,\nObtenga más información sobre los créditos fiscales (https://www1.nyc.gov/site/dca/consumers/get-tax-credit-information.page) que puede reclamar.\nLlame al 800-906-9887 para encontrar el centro de Asistencia Voluntaria para los Impuestos (VITA) o de Asesoría sobre Impuestos para Adultos Mayores (TCE) más cerca de usted.,,{'url': 'https://a866-dcwpwb.nyc.gov/ftps_map/'}
殘疾人士的租金凍結,Chinese (Traditional),造訪網站請造訪紐約市租金凍結計畫網站 (http://www1.nyc.gov/site/rentfreeze/index.page) 以瞭解更多資訊。請查看 COVID-19 期間的房租凍結計畫之常見問題集 (https://www1.nyc.gov/site/rentfreeze/help/covid-19-frequently-asked-questions.page) 。與 DRIE 聯絡請求來自財政部的 (http://www1.nyc.gov/site/finance/about/contact-by-email/contact-drie.page) 協助。使用 TTY 致電 DRIE如果您有聽力障礙，請致電 212-639-9675。撥打 311洽詢 DRIE 專員。,如果您居住在房屋發展基金公司 (HDFC) 公寓或 Mitchell-Lama 公寓中，請致電 212-863-8494 聯絡 HPD 以進行申請。,{'url': 'https://www1.nyc.gov/site/rentfreeze/help/help-temporary-centers.page'}
Des bons pour payer une partie de votre loyer,French,"\n (http://www1.nyc.gov/site/nycha/section-8/about-section-8.page) Obtenez plus d’informations sur la « Section 8 » (https://wb-nycha.qmatic.cloud/) sur le site internet de la NYCHA.\nVeuillez contacter le Centre de contact client (Customer Contact Center, CCC) de la NYCHA au 718-707-7771.\nPrenez rendez-vous pour vous rendre dans un centre de contact clientèle.",,
低收入家庭 3 至 4 歲兒童的照護與教育,Chinese (Traditional),\n透過 NYCDOE (https://www.schools.nyc.gov/enrollment/enroll-grade-by-grade/head-start) 瞭解關於啟蒙教育的更多資訊。\n如需協助尋找計畫，請撥打 311 電話並詢問「Head Start」（啟蒙教育）。,,
Оплата расходов на отопление и коммунальные услуги,Russian,"\nПосетите веб‑сайт OTDA (https://otda.ny.gov/programs/heap/) , чтобы узнать больше о программе HEAP.\nДля получения помощи по программе HEAP позвоните по номеру 718-557-1399.\nПозвоните в службу 311 и спросите о поддержке по Программе помощи в оплате бытового энергопотребления.","Прием заявлений на получение чрезвычайного пособия по программе HEAP на 2024–2025 гг. закрыт 7 апреля 2025 года. Подать заявку на получение стандартного пособия HEAP по телефону невозможно. Позвоните по номеру718-557-1399, чтобы подать заявление на получение чрезвычайного пособия или проверить статус своего заявления. Сначала нужно подать заявление и получить одобрение на стандартное пособие по программе HEAP.",{'url': 'https://otda.ny.gov/programs/heap/contacts/default.asp?county=New%20York%20City#result'}
Ваучеры на частичную оплату аренды,Russian,"\n (http://www1.nyc.gov/site/nycha/section-8/about-section-8.page) Узнайте больше о программе «Раздел 8» (https://wb-nycha.qmatic.cloud/) на веб-сайте NYCHA.\nПозвоните в центр обслуживания клиентов Управления жилищного хозяйства г. Нью-Йорка (New York City Housing Authority, NYCHA) по номеру 718-707-7771.\nЗапишитесь на прием в Контактный центр по работе с клиентами.",,
Ulga podatkowa od nieruchomości dla starszych właścicieli domów,Polish,"\nOdwiedź stronę internetową SCHE (http://www1.nyc.gov/site/finance/benefits/landlords-sche.page) , aby dowiedzieć się więcej.\nNależy zadzwonić pod numer 212-NEW-YORK (http://www1.nyc.gov/site/finance/about/contact-by-email/contact-exemptions-inquiries.page) . Aby skorzystać z usługi TTY lub telefonu tekstowego, należy zadzwonić pod numer 212-639-9675 \nNależy wysłać e-mail do SCHE, aby uzyskać więcej informacji.",,{'url': 'http://www1.nyc.gov/site/finance/pay-now/person.page'}
طلباء کے لیے اسکول سے فارغ اوقات کے پروگرام,Urdu,"آن لائن (http://www1.nyc.gov/site/dycd/services/after-school/comprehensive-after-school-system-of-new-york-city-compass.page) DYCD سے COMPASS کے بارے میں مزید جانیں۔فون کریںDYCD یوتھ کنیکٹ کو 4646-246-800 پر یا 6800-343-646 پر کال کریں۔ مزید معلومات کے لیے آپ اپنے بچے کے اسکول میں آفٹر اسکول پروگرام کے عملہ کو کال بھی کر سکتے ہیں۔311 پر کال کریں""آفٹر اسکول پروگرام میں جامع مدد"" طلب کریں۔",,
고령 주택 소유자 재산세 지원,Korean,\n자세한 내용은 SCHE 웹사이트 (http://www1.nyc.gov/site/finance/benefits/landlords-sche.page) 를 참조하십시오.\n212-NEW-YORK (http://www1.nyc.gov/site/finance/about/contact-by-email/contact-exemptions-inquiries.page) 번으로 전화 문의하십시오. TTY 또는 문자 전화 장치를 사용하시는 경우 212-639-9675번으로 전화하십시오.\n자세한 사항을 확인하시려면 SCHE에 이메일을 보내십시오.,,{'url': 'http://www1.nyc.gov/site/finance/pay-now/person.page'}
حرارت اور ‎یوٹیلیٹی کے اخراجات کے لیے رقم,Urdu,,2024-25‏ ہنگامی مراعات ےک لیے درخواستیں ‎7‏ اپریل ‎2025‏ کو بند ہ گئیں۔ آپ ‏HEAP‏ کی مستقل مراعات کے لیے بذریعہ فون درخواست دے سکتے ہیں۔ ہنگامی مراعات کے لیے درخواست دینے کے لیے یا اپنی درخواست کا اسٹیٹس چیک کرنے کے لیے‎718-557-1399‏پر کال کریں۔ آپ پر سب سے پہلے درخواست دینا اور ‏HEAP‏ کی مستقل مراعات کے لیے منظور شدہ ہونا لازم ہے۔,{'url': 'https://otda.ny.gov/programs/heap/contacts/default.asp?county=New%20York%20City#result'}
رعاية مجانية أو منخفضة التكلفة للأطفال من عمر ستة أسابيع حتى عامين,Arabic,"تعرف على المزيد من المعلومات بشأن برامج EarlyLearn من موقع NYCDOE (https://www.schools.nyc.gov/enrollment/enroll-grade-by-grade/earlylearn-nyc) .الاتصال على الرقم 311. اسأل عن ""EarlyLearn"" إذا كنت بحاجة إلى مساعدة في العثور على برنامج.",,{'url': 'https://www.myschools.nyc/ar/schools/3k/'}
Reembolso de impuestos si pagó por el cuidado de dependientes e hijos,Spanish,\nObtenga más información sobre los créditos fiscales (https://www1.nyc.gov/site/dca/consumers/get-tax-credit-information.page) que puede reclamar.\nLlame al 800-906-9887 para encontrar el centro de Asistencia Voluntaria para los Impuestos (VITA) o de Asesoría sobre Impuestos para Adultos Mayores (TCE) más cerca de usted.,,{'url': 'https://a866-dcwpwb.nyc.gov/ftps_map/'}
برامج ما بعد الدراسة للتلاميذ,Arabic,"عبر الإنترنتتعرف على المزيد حول COMPASS عن طريق (http://www1.nyc.gov/site/dycd/services/after-school/comprehensive-after-school-system-of-new-york-city-compass.page) DYCD.الاتصالاتصل بخدمة Youth Connect التابعة لـDYCD على الرقم 4646-246-800 أو6800-343-646 . يمكنك أيضًا التحدث إلى طاقم عمل برنامج ما بعد الدوام المدرسي في مدرسة طفلك لمعرفة المزيد من المعلومات.الاتصال على الرقم 311اسأل عن ""مساعدة البرنامج الشامل لمنظومة ما بعد الدوام المدرسي"".",,
کم آمدنی والی فیملیز کے 3 تا 4 سال کے بچوں کی نگہداشت اور تعلیم,Urdu,"\nNYCDOE (https://www.schools.nyc.gov/enrollment/enroll-grade-by-grade/head-start) سے ہیڈ اسٹارٹ کے بارے میں مزید جانیں۔\nپروگرام تلاش کرنے میں اگر آپ کو مدد درکار ہو تو ""ہیڈ اسٹارٹ"" سے مدد طلب کریں۔",,
Ulga podatkowa z tytułu poniesionych kosztów opieki nad dzieckiem lub osobą będącą na utrzymaniu,Polish,,,{'url': 'https://a866-dcwpwb.nyc.gov/ftps_map/'}
Cuidado infantil gratis o a bajo costo para niños de seis semanas a dos años,Spanish,\nObtenga más información sobre el cuidado infantil de NYCDOE (https://www.schools.nyc.gov/enrollment/enroll-grade-by-grade/earlylearn-nyc) .,,{'url': 'https://www.myschools.nyc/es/schools/3k/'}
চার বছর বয়সীদের জন্য বিনামূল্যে প্রি-K,Bengali,\nপ্রি-K ভর্তি প্রক্রিয়া সম্পর্কে আরও জানতে NYC DOE প্রি-K ওয়েবসাইট (https://www.schools.nyc.gov/enrollment/enroll-grade-by-grade/pre-k) দেখুন।\nআপনার প্রি-K তে ভর্তি প্রক্রিয়া সম্পর্কে প্রশ্ন থাকলে 718-935-2009 (mailto:ESEnrollment@schools.nyc.gov) নম্বরে কল করুন।\nপ্রি-K তে ভর্তির বিষয়ে আপনার প্রশ্ন থাকলে প্রি-K অ্যাডমিশনে ESEnrollment@schools.nyc.gov (http://nyc.gov/schools/welcomecenters) -এ ইমেল করুন।\nপ্রি-K কর্মসূচি সম্পর্কে আরও জানতে একটি ফ্যামিলি ওয়েলকাম সেন্টার যান।,"\n718-935-2009 নম্বরে কল করে ফোনের মাধ্যমে নথিভুক্ত করুন।জানুয়ারি 10, 2024 থেকে 1 মার্চ, 2024 পর্যন্ত আবেদন করুন৷\n200টিরও বেশি ভাষায় টেলিফোনিক ভাষান্তর পরিষেবা লভ্য।",
Dinero para comprar comida,Spanish,\nVisite el sitio web de SNAP (https://www1.nyc.gov/site/hra/help/snap-benefits-food-program.page) para obtener más información.\nLlame a la línea de información de la HRA al 718-557-1399 (https://www1.nyc.gov/site/hra/locations/snap-locations.page) para obtener ayuda para solicitar SNAP.\nVisite un centro de SNAP (https://www1.nyc.gov/site/hra/partners/find-a-partner-organization.page) o su organización de la comunidad (CBO) local para obtener ayuda en persona.,,{'url': 'https://www1.nyc.gov/site/hra/locations/snap-locations.page'}
Kredi taks endividi ak fanmi k ap travay,Haitian Creole,"\nAprann plis bagay sou kredi (https://www1.nyc.gov/site/dca/consumers/get-tax-credit-information.page) enpo ou kapab reklame.\nRele 800-906-9887 pou konnen ki kote ki gen yon biwo Èd Volontè pou Taks sou Revni (Volunteer Income Tax Assistance, VITA) oswa Konsèy sou Taks pou Granmoun Aje (Tax Counseling for the Elderly, TCE) ki toupre ou.",,{'url': 'https://a866-dcwpwb.nyc.gov/ftps_map/'}
ٹیکس ریفنڈ، اگر آپ نے اپنے بچے اور زیرِ کفالت فرد کی نگہداشت کے لیے ادا کیا ہو,Urdu,,,{'url': 'https://a866-dcwpwb.nyc.gov/ftps_map/'}
자녀 및 부양가족 지원을 위해 비용을 지불한 경우 세금 환급,Korean,,,{'url': 'https://a866-dcwpwb.nyc.gov/ftps_map/'}
Crédits d’impôt pour les familles et les personnes seules occupant un emploi,French,"\nRenseignez-vous sur les crédits d’impôt (https://www1.nyc.gov/site/dca/consumers/get-tax-credit-information.page) que vous pouvez demander.\nAppelez le 800 906 9887 pour trouver le bureau le plus proche du service d’assistance fiscale bénévole (Volunteer Income Tax Assistance, VITA) ou des conseils en fiscalité pour les personnes âgées (Tax Counseling for the Elderly, TCE).",,{'url': 'https://a866-dcwpwb.nyc.gov/ftps_map/'}
چار سال کے بچوں کے لیے مفت pre-K,Urdu,\npre-K میں داخلوں کے عمل کے بارے میں مزید جاننے کے لیے NYC DOE Pre-K کی ویب سائٹ (https://www.schools.nyc.gov/enrollment/enroll-grade-by-grade/pre-k) ملاحظہ کریں۔\nاگر pre-K میں داخلہ کے عمل کے بارے میں آپ کے سوالات ہیں تو 2009-935-718 (mailto:ESEnrollment@schools.nyc.gov) پر کال کریں۔\nاگر pre-K میں داخلہ کے بارے میں آپ کے سوالات ہیں تو Pre-K ایڈمیشنز کو ESEnrollment@schools.nyc.gov (http://nyc.gov/schools/welcomecenters) پر ای میل کریں۔\npre-K پروگرامز کے بارے میں مزید جاننے کے لیے فیملی ویلکم سینٹر ملاحظہ کریں۔,\n718-935-2009 پر کال کر کے فون پر اندراج کرائیں۔10‏ جنوری ‎2024‏ سے ‎1‏ مارچ ‎2024‏ تک درخواست دیں۔\nترجمہ کی خدمات 200 سے زائد زبانوں میں دستیاب ہیں۔,
Property tax break for homeowners with disabilities,English,\nVisit the DHE website (http://www1.nyc.gov/site/finance/benefits/landlords-dhe.page) to learn more.\nCall 212-NEW-YORK (212-639-9675 (http://www1.nyc.gov/site/finance/about/contact-by-email/contact-exemptions-inquiries.page) )\n (https://www.nyc.gov/site/mayorspeu/index.page) Email DHE for more information.\nCall 929-252-7242 to get one-on-one help with applying for DHE from an NYC Public Engagement Unit Specialist.,,{'url': 'http://www1.nyc.gov/site/finance/pay-now/person.page'}
Planes de seguro médico privados,Spanish,"\nConozca más sobre sus opciones mediante Citywide Health InsuranceAccess de la HRA (https://www1.nyc.gov/site/ochia/coverage-care/insurance-options.page) .\nGetCoveredNYC (https://www1.nyc.gov/nyc-resources/get-covered.page) ayuda alos neoyorquinos a inscribirse en un seguro médico. Especialistasdedicados pueden ayudarlo gratis en su idioma.\nComplete un Formulario de solicitud de asistencia para lainscripción al seguro médico (https://nycdohmh.surveymonkey.com/r/7BB62M3) para recibir una llamada de unconsejero de inscripción. La asistencia para la inscripción gratisestá disponible independientemente del estado de inmigración y enmuchos idiomas. Su información se mantendrá privada.\nPara hacer preguntas generales sobre el seguro médico y paraencontrar un asistente en persona, llame al 311.",Llame a NY State of Health al855-355-5777o al TTY:800-662-1220.,
Bon ki peye yon pati nan lwaye ou,Haitian Creole,\n (http://www1.nyc.gov/site/nycha/section-8/about-section-8.page) Aprann plis sou Seksyon 8 la (https://wb-nycha.qmatic.cloud/) sou sitwèb NYCHA a.\nRele Sant Kontak Kliyan (CCC) NYCHA nan 718-707-7771.\nPran yon randevou pou vizite yon Sant Kontak Kliyan.,,
تخفيض ضرائب الأملاك لملاك المنازل,Arabic,\nقم بزيارة موقع STAR الإلكتروني (https://tax.ny.gov/pit/property/star/default.htm)  للمزيد من المعلومات.\nاتصل بالرقم 311 (http://www1.nyc.gov/site/finance/about/contact-by-email/contact-exemptions-inquiries.page) لمعرفة المزيد.\nراسل مركز أعمال NYC Department of Finance عبر البريد الإلكتروني إذا كان لديك أي سؤال عن برنامج تخفيض ضريبة المدارس (STAR).\nاتصل بإدارة الضرائب والمالية بولاية نيويورك على الرقم 2036-457-518 للحصول على مزيد من المعلومات حول الائتمان الضريبي STAR الخاص بولاية نيويورك۔.,إذا كان دخلك أكبر من 250.000 دولار أمريكي وأقل من أو يساوي 500.000 دولار أمريكي ، يمكنك التسجيل عبر الإنترنت للحصول على ائتمان ضريبة STAR الخاص بولاية نيويورك (https://www.tax.ny.gov/pit/property/star/) أو عن طريق الاتصال بالرقم 2036-457-518.,
Ulga podatkowa dla pracujących osób i rodzin,Polish,,,{'url': 'https://a866-dcwpwb.nyc.gov/ftps_map/'}
Swen timoun gratis oswa ak yon pri ki ba pou timoun ki gen sis (6) semèn jiska de (2) lane,Haitian Creole,"\nJwenn plis enfòmasyon sou EarlyLearn nan NYCDOE (https://www.schools.nyc.gov/enrollment/enroll-grade-by-grade/earlylearn-nyc) .\nRele 311. Mande pou ""EarlyLearn"" si ou bezwen èd pou jwenn yon pwogram.",,{'url': 'https://www.myschools.nyc/ht/schools/3k/'}
Планы частного медицинского страхования,Russian,"Узнайте больше о вариантах медицинскогострахованияУзнайте больше о доступных вариантах на веб-сайте Городского управления пообеспечению доступа к медицинскому страхованию HRA (https://www1.nyc.gov/site/ochia/coverage-care/insurance-options.page) .Запрос помощи при подаче заявленияGetCoveredNYC (https://www1.nyc.gov/nyc-resources/get-covered.page) оказывает помощь жителям Нью-Йорка при подаче заявления намедицинское страхование. Вы можете бесплатно получить помощьспециалиста на вашем языке.Запрос звонка консультантаЗаполните форму запроса помощи при подаче заявления намедицинское страхование, (https://nycdohmh.surveymonkey.com/r/7BB62M3) и консультант свяжется с вами.Бесплатная помощь при подаче заявления доступна на многих языках,независимо от иммиграционного статуса. Ваша информация будетоставаться конфиденциальной.Позвоните по номеру 311Общие вопросы о медицинском страховании и поискконсультанта.",Позвоните в NY State of Health по номеру855-355-5777или TTY:800-662-1220.,
أموال مقابل نفقات المرافق والتدفئة,Arabic,"\nتفضل بزيارة الموقع الإلكتروني لمكتب الإعانات المؤقتة وإعانات ذوي الإعاقة (Office of Temporary and Disability Assistance, OTDA) فيما يخص برنامج HEAP (https://otda.ny.gov/programs/heap/) لمعرفة المزيد عن هذا البرنامج.\nاتصل هاتفيًا على الرقم 1399-557-718 للحصول على المساعدة بخصوص برنامج HEAP.\nاتصل هاتفيًا بالرقم 311 واطلب المساعدة بخصوص برنامج مساعدات الطاقة المنزلية (HEAP).",أُغلقت مدة تقديم الطلبات لعام 2024-25 للحصول على المخصصات الطارئة في ‎‏7 أبريل 2025. لا يمكنك تقديم طلب عبر الهاتف للحصول على مخصصات ‏HEAP‏ المنتظمة. اتصل بالرقم718-557-1399للتقديم على مخصصات الطوارئ أو للتحقق من حالة طلبك. يجب أن تكون قد تقدمت بالفعل بطلب للحصول على المخصصات المنتظمة من برنامج HEAP وتمت الموافقة عليها.,{'url': 'https://otda.ny.gov/programs/heap/contacts/default.asp?county=New%20York%20City#result'}
Reducción de impuestos inmobiliarios para propietarios,Spanish,\nVisite el sitio web de STAR (https://tax.ny.gov/pit/property/star/default.htm) para obtener más información.\nLlame al 311 (http://www1.nyc.gov/site/finance/about/contact-by-email/contact-exemptions-inquiries.page) para obtener más información.\nEnvíe un correo electrónico al Departamento de Finanzas de NYC si tiene preguntas sobre STAR.\nComuníquese con el Departamento de Impuestos y Finanzas del Estado de Nueva York al 518-457-2036 Para obtener más información sobre el crédito fiscal STAR del Estado de Nueva York.,"Si sus ingresos son superiores a $ 250, 000 e inferiores o iguales a $ 500 000, puede registrarse en línea para el crédito fiscal STAR del estado de Nueva York (https://www.tax.ny.gov/pit/property/star/) o llamando al 518-457-2036.",
Rent freeze for seniors,English,\nVisit SCRIE website (http://nyc.gov/rentfreeze) to learn more about this program.\n (http://www1.nyc.gov/site/finance/about/contact-by-email/contact-scrie.page) Email SCRIE (https://www.nyc.gov/site/mayorspeu/index.page) for more information\nCall 311 (mailto:SCRIE@hpd.nyc.gov) and ask for a SCRIE specialist or 212-639-9675 (https://www1.nyc.gov/site/hpd/services-and-information/scrie-drie.page) if you have a hard time hearing\nCall 929-252-7242 to get one-on-one help with applying for DHE from an NYC Public Engagement Unit Specialist.For HPD-supervised SCRIE:\nEmail SCRIE@hpd.nyc.gov\nVisit HPD's website to learn more.\nCall at 212-863-8494 for any questions.,,{'url': 'https://www.nyc.gov/site/rentfreeze/help/help-temporary-centers.page'}
Налоговый вычет для семей с детьми,Russian,"\nУзнайте о налоговых вычетах (https://www1.nyc.gov/site/dca/consumers/get-tax-credit-information.page) , на которые вы можете претендовать.\nПозвоните по номеру 800-906-9887, чтобы узнать адрес ближайшего пункта Программы оказания безвозмездной помощи по вопросам подоходного налогообложения (Volunteer Income Tax Assistance, VITA) или Программы консультаций по вопросам налогообложения для пожилых людей (Tax Counseling for the Elderly, TCE).",,{'url': 'https://a866-dcwpwb.nyc.gov/ftps_map/'}
خطط التأمين الصحي الخاص,Arabic,تعرف على المزيد حول خيارات التأمين الصحيتعرف على المزيد حول خياراتك من خلال Citywide Health InsuranceAccess التابع لإدارة الموارد البشرية (https://www1.nyc.gov/site/ochia/coverage-care/insurance-options.page) .طلب مساعدة التسجيلGetCoveredNYC (https://www1.nyc.gov/nyc-resources/get-covered.page) يساعدسكان نيويورك على التسجيل في التأمين الصحي. يمكن للمتخصصين المخصصينمساعدتك بلغتك مجانًا.اطلب مكالمة مستشارأكمل نموذج الاستفسار عنالمساعدة في التسجيل في التأمين الصحي (https://nycdohmh.surveymonkey.com/r/7BB62M3) لتلقي مكالمة من مستشارتسجيل. مساعدة التسجيل المجانية متاحة بغض النظر عن حالة الهجرةوبالعديد من اللغات. سوف تبقى ردودكم سرية.اتصل على الرقم 311للأسئلة العامة حول التأمين الصحي والعثور على مساعد شخصي.,اتصل هاتفيًا بـ NY State of Health على الرقم ‎855-355-5777أو رقم الهاتف النصي (TTY):‎800-662-1220.,
خفض الضريبة العقارية على المحاربين القدامى,Arabic,\nقم بزيارة موقع إعفاء المحاربين القدامى (Veterans' Exemption) الإلكتروني (http://www1.nyc.gov/site/finance/benefits/landlords-veterans.page) للمزيد من المعلومات..\nقم بزيارة مكتب Department of Finance (http://www1.nyc.gov/site/finance/pay-now/person.page) الأقرب إليك للحصول على المساعدة شخصياً.\nاتصل على الرقم 311 واسأل عن برنامج إعفاء المحاربين القدامى إذا كان لديك أسئلة عن البرنامج.,,
প্রাক্তন সমরকর্মীদের জন্য সম্পত্তি কর বিরতি,Bengali,আরো তথ্যের জন্য আমাদের \nভেটারান্স এগজেম্পশন ওয়েবসাইট (http://www1.nyc.gov/site/finance/benefits/landlords-veterans.page) দেখুন।\nসশরীরে সহায়তা পেতে আপনার নিকটস্থ অর্থ বিভাগের অফিসে (Department of Finance (http://www1.nyc.gov/site/finance/pay-now/person.page) ) যান।\nযদি আপনার এই কার্যক্রম নিয়ে কোনো প্রশ্ন থাকে তাহলে 311 নম্বরে কল করে ভেটারান্স এগজেম্পশন সম্পর্কে জিজ্ঞাসা করুন।,,
Exención del impuesto sobre la propiedad para adultos mayores que sean propietarios,Spanish,"\nVisite el sitio web del programa de SCHE (http://www1.nyc.gov/site/finance/benefits/landlords-sche.page) para obtener más información.\nLlame al 212-NEW-YORK (http://www1.nyc.gov/site/finance/about/contact-by-email/contact-exemptions-inquiries.page) . Para TTY o teléfono de texto, llame al 212-639-9675.\nEnvíe un correo electrónico al programa de SCHE para obtener más información.",,{'url': 'http://www1.nyc.gov/site/finance/pay-now/person.page'}
Crédit d’impôt pour les familles avec enfants,French,"\nRenseignez-vous sur les crédits d’impôt (https://www1.nyc.gov/site/dca/consumers/get-tax-credit-information.page) que vous pouvez demander.\nAppelez le 800 906 9887 pour trouver le bureau le plus proche du service d’assistance fiscale bénévole (Volunteer Income Tax Assistance, VITA) ou des conseils en fiscalité pour les personnes âgées (Tax Counseling for the Elderly, TCE).",,{'url': 'https://a866-dcwpwb.nyc.gov/ftps_map/'}
장애인 임대료 동결,Korean,웹사이트 방문상세 내용은 the 뉴욕시 임대료 동결 프로그램 웹사이트 (http://www1.nyc.gov/site/rentfreeze/index.page) 를 방문하십시오.COVID-19 동안의 임대료 동결 프로그램은 자주 하는 질문 (https://www1.nyc.gov/site/rentfreeze/help/covid-19-frequently-asked-questions.page) 을 검토하십시오.DRIE에 문의하기재무부에 (http://www1.nyc.gov/site/finance/about/contact-by-email/contact-drie.page) 지원을 요청하십시오.TTY를 이용해 DRIE에 전화하기청각 장애가 있다면 212-639-9675번으로 문의해 주십시오.311번으로 전화 문의DRIE 전문가를 찾으십시오.,Housing Development Fund Company(HDFC) 아파트 또는 Mitchell-Lama 거주자의 경우 HPD에 212-863-8494번으로 전화하여 신청해 주십시오.,{'url': 'https://www1.nyc.gov/site/rentfreeze/help/help-temporary-centers.page'}
বাড়ির মালিকদের জন্য সম্পত্তি কর কমান,Bengali,\nআরো তথ্যের জন্য আমাদেরSTAR ওয়েবসাইটে (https://tax.ny.gov/pit/property/star/default.htm) যান।\nআরো জানতে311 (http://www1.nyc.gov/site/finance/about/contact-by-email/contact-exemptions-inquiries.page) নম্বরে ফোন করুন।\nযদি আপনার STAR সম্পর্কে প্রশ্ন থাকে তাহলে NYC অর্থিক বিভাগে ইমেল করুন।\nনিউইয়র্ক স্টেট স্টার ট্যাক্স ক্রেডিট সম্পর্কে আরও তথ্যের জন্য 518-457-2036 এ নিউইয়র্ক স্টেট ডিপার্টমেন্ট অফ ট্যাক্সেশন অ্যান্ড ফাইন্যান্সের সাথে যোগাযোগ করুন।,"যদি আপনার আয় $ 250, 000 এর বেশি এবং $ 500,000 এর কম বা সমান হয়, তাহলে আপনি নিউ ইয়র্ক স্টেট স্টার ট্যাক্স ক্রেডিটের জন্য অনলাইনে নিবন্ধন করতে পারেন (https://www.tax.ny.gov/pit/property/star/) অথবা 518-457-2036 এ কল করে।",
Программа налоговых льгот для ветеранов,Russian,"\nПодробную информацию можно получить на сайте программы налоговых льгот для ветеранов (Veterans' Exemption). (http://www1.nyc.gov/site/finance/benefits/landlords-veterans.page) \nПосетите ближайший офис Департамента финансов (Department of Finance) (http://www1.nyc.gov/site/finance/pay-now/person.page) , чтобы получить помощь лично.\nЕсли у вас возникли вопросы об этой программе, вы можете задать их, позвонив по телефону 311.",,
Pieniądze na zakup żywności,Polish,"\nWięcej informacji można znaleźć na (http://www1.nyc.gov/assets/hra/downloads/pdf/services/snap/eligibility_factors_and_suggested_documentation_guide.pdf) stronie internetowej SNAP (https://www1.nyc.gov/site/hra/locations/snap-locations.page) .\nPomoc w ubieganiu się o SNAP można uzyskać dzwoniąc na infolinię HRA pod numer 718-557-1399 (https://www1.nyc.gov/site/hra/partners/find-a-partner-organization.page) .\nOdwiedź centrum SNAP lub swoją lokalną organizację społeczną (CBO), aby uzyskać pomoc osobiście.",,{'url': 'https://www1.nyc.gov/site/hra/locations/snap-locations.page'}
প্রবীণ বাড়ির মালিকদের জন্য কসম্পত্তি র সিধরতি,Bengali,"\nআরও জানতে SCHE ওয়েবসাইট (http://www1.nyc.gov/site/finance/benefits/landlords-sche.page) দেখুন।\n212-NEW-YORK (http://www1.nyc.gov/site/finance/about/contact-by-email/contact-exemptions-inquiries.page) এ কল করুন। TTY বা টেক্সট টেলিফোনের জন্য, 212-639-9675 নম্বরে কল করুন\nআরও তথ্যের জন্য SCRIE -কে ইমেল করুন",,{'url': 'http://www1.nyc.gov/site/finance/pay-now/person.page'}
Alèjman taks sou pwopriyete pou pwopriyetè kay ki aje yo,Haitian Creole,"\nAle sou sitwèb SCHE (http://www1.nyc.gov/site/finance/benefits/landlords-sche.page) a pou w jwenn plis enfòmasyon.\nRele nan 212-NEW-YORK (http://www1.nyc.gov/site/finance/about/contact-by-email/contact-exemptions-inquiries.page) . Pou TTY oswa Mesaj Tèks, rele nan 212-639-9675\nVoye imèl bay SCHE pou w jwenn plis enfòmasyon.",,{'url': 'http://www1.nyc.gov/site/finance/pay-now/person.page'}
Lajan kach pa mwa a ede lè w nan bezwen,Haitian Creole,\nVizite sitwèb Asistans ak Lajan Kach (http://www1.nyc.gov/site/hra/help/cash-assistance.page) la pou aprann plis sou pwogram sa a.\nRele HRA nan 718-557-1399 pou plis enfòmasyon.,,{'url': 'http://www1.nyc.gov/site/hra/locations/job-locations.page'}
Allègement de l’impôt foncier pour les anciens combattants,French,\nRendez-vous sur le site web dédié aux exonérations (http://www1.nyc.gov/site/finance/benefits/landlords-veterans.page) pour les anciens combattants pour obtenir plus d'informations.\nVisitez un (http://www1.nyc.gov/site/finance/about/contact-us.page) bu (http://www1.nyc.gov/site/finance/pay-now/person.page) reau du Ministère des finances près de chez vous pour obtenir de l'aide en personne.\nTéléphonez au 311 et posez vos questions sur l'exonération pour les anciens combattants si vous en avez.,,
برنامج صف ما قبل الروضة المجاني للأطفال بعمر أربع سنوات,Arabic,\nقم بزيارة موقع برامج ما قبل رياض التابع لإدارة التعليم بمدينة نيويورك (https://www.schools.nyc.gov/enrollment/enroll-grade-by-grade/pre-k) لمعرفة المزيد حول عملية القبول ببرامج ما قبل رياض الأطفال.\nاتصل على الرقم2009-935-718 (mailto:ESEnrollment@schools.nyc.gov) إذا كانت لديك أسئلة حول عملية القبول في برامج ما قبل رياض الأطفال.\nقم بإرسال بريد إلكتروني لعمليات القبول في برامج ما قبل رياض الأطفال على ESEnrollment@schools.nyc.gov (http://nyc.gov/schools/welcomecenters) إذا كانت لديك أسئلة حول الالتحاق ببرامج ما قبل رياض الأطفال.\nقم بزيارة أحد مراكز الترحيب بالأسرة لمعرفة المزيد حول برامج ما قبل رياض الأطفال.,\nسجِّل عبر الهاتف من خلال الاتصال بالرقم ‎718-935-2009.تمتد فترة التقديم من 10 يناير 2024 إلى 1 مارس 2024.\nتتوفر خدمات الترجمة الفورية بأكثر من 200 لغة.,
자녀가 있는 가족을 위한 세금 공제,Korean,"\nNYC 소비자 및 근로자 보호국(NYC Department of Consumer and Worker Protection, DCWP) (https://www1.nyc.gov/site/dca/consumers/get-tax-credit-information.page) 에서 기타 세금 공제에 대한 자세한 내용을 확인하십시오.\n가까운 자원봉사 소득세 신고 도우미 서비스(Volunteer Income Tax Assistance, VITA) 또는 고령자를 위한 세금 자문 서비스(Tax Counseling for the Elderly, TCE) 사무소 위치를 알아보려면 전화 800-906-9887번으로 문의 바랍니다.",,{'url': 'https://a866-dcwpwb.nyc.gov/ftps_map/'}
Plan asirans sante prive,Haitian Creole,Jwenn plis enfòmasyon sou opsyon asirans santeaJwenn plis enfòmasyon sou opsyon w yo atravè Aksè a Asirans Sante HRAnan Tout Vil la (HRA's Citywide Health Insurance Access) (https://www1.nyc.gov/site/ochia/coverage-care/insurance-options.page) .Mande èd pou enskripsyonGetCoveredNYC (https://www1.nyc.gov/nyc-resources/get-covered.page) ederezidan New York yo enskri nan asirans sante a. Espesyalis devwekapab ede w nan lang ou an gratis.Mande pou yon konseye rele wRanpli yon Fòm Enskripsyon Asistans pou Asirans Sante(Health Insurance Enrollment Assistance Inquiry Form) (https://nycdohmh.surveymonkey.com/r/7BB62M3) pou w karesevwa yon apèl nan men yon konseye enskripsyon. Asistansenskripsyon gratis disponib kèlkeswa estati imigrasyon w epi se nanplizyè lang. Y ap kenbe enfòmasyon ou prive.Rele 311Pou kesyon jeneral sou asirans sante ak pou jwenn yon asistanfas-a-fas.,Rele NY State of Health nan855-355-5777oswa TTY:800-662-1220.,
جب آپ ضرورت مند ہوں تو ماہانہ نقد اعانت,Urdu,\nاس پروگرام سے متعلق مزید جاننے کے لیےنقد امداد کی ویب سائیٹ (http://www1.nyc.gov/site/hra/help/cash-assistance.page) ملاحظہ کریں۔\nمزید معلومات کے لیے HRA انفو لائن کو 1399-557-718 پر کال کریں۔,,{'url': 'http://www1.nyc.gov/site/hra/locations/job-locations.page'}
"Программа ухода за детьми в возрасте от шести недель до двух лет, которая доступна бесплатно или за небольшую плату",Russian,"\nБолее подробную информацию о программе EarlyLearn можно на веб-странице NYCDOE (https://www.schools.nyc.gov/enrollment/enroll-grade-by-grade/earlylearn-nyc) .\nПозвоните по номеру 311. Если вам требуется помощь с поиском программы, создайте запрос о программе ухода за детьми EarlyLearn.",,{'url': 'https://www.myschools.nyc/ru/schools/3k/'}
有子女家庭的稅額抵免,Chinese (Traditional),"\n請從紐約市消費者與勞工保護局 (Department of Consumer and Worker Protection) (https://www1.nyc.gov/site/dca/consumers/get-tax-credit-information.page) 瞭解更多其他稅額抵減福利。\n請撥打 800-906-9887 尋找最近的所得稅協助志工 (Volunteer Income Tax Assistance, VITA) 或長者報稅諮詢顧問 (Tax Counseling for the Elderly, TCE)。",,{'url': 'https://a866-dcwpwb.nyc.gov/ftps_map/'}
Free or low-cost child care for children six weeks to two years old,English,\nGet more information about childcare from NYCDOE (https://www.schools.nyc.gov/enrollment/enroll-grade-by-grade/earlylearn-nyc) .,,{'url': 'https://www.myschools.nyc/en/schools/3k/'}
خفض الضريبة العقارية على مالكي المنازل من كبار السن,Arabic,\nقم بزيارة موقع SCHE الإلكتروني (http://www1.nyc.gov/site/finance/benefits/landlords-sche.page) لمعرفة المزيد.\nاتصل على الرقم 9675-639-212 (http://www1.nyc.gov/site/finance/about/contact-by-email/contact-exemptions-inquiries.page) . للهاتف النصي، اتصل على الرقم 9675-639-212\nأرسل بريدًا إلكترونيًا إلى SCHE لمزيد من المعلومات.,,{'url': 'http://www1.nyc.gov/site/finance/pay-now/person.page'}
"Налоговый вычет, если у вас были расходы по уходу за детьми или иждивенцами",Russian,"\nУзнайте о налоговых вычетах (https://www1.nyc.gov/site/dca/consumers/get-tax-credit-information.page) , на которые вы можете претендовать.\nПозвоните по номеру 800-906-9887, чтобы узнать адрес ближайшего пункта Программы оказания безвозмездной помощи по вопросам подоходного налогообложения (Volunteer Income Tax Assistance, VITA) или Программы консультаций по вопросам налогообложения для пожилых людей (Tax Counseling for the Elderly, TCE).",,{'url': 'https://a866-dcwpwb.nyc.gov/ftps_map/'}
Allègement de l’impôt foncier pour les propriétaires âgés,French,"\nPour en savoir plus, rendez-vous sur le site internet dédié à la SCHE (http://www1.nyc.gov/site/finance/benefits/landlords-sche.page) \nAppelez le 212-NEW-YORK (http://www1.nyc.gov/site/finance/about/contact-by-email/contact-exemptions-inquiries.page) pour en savoir plus. Pour bénéficier du service SRT ou d’un téléscripteur, appelez le 212 639 9675\nEnvoyez un courriel au service chargé de la SCHE pour en savoir plus.",,{'url': 'http://www1.nyc.gov/site/finance/pay-now/person.page'}
Vouchers that pay part of your rent,English,\n (http://www1.nyc.gov/site/nycha/section-8/about-section-8.page) Learn more about Section 8 (https://wb-nycha.qmatic.cloud/) from NYCHA's website.\nCall NYCHA's Customer Contact Center (CCC) at 718-707-7771.\nMake an appointment to visit a Customer Contact Center.,,
退伍軍人房地產稅減稅優惠,Chinese (Traditional),\n造訪「退伍軍人豁免」網站 (http://www1.nyc.gov/site/finance/benefits/landlords-veterans.page) 瞭解更多資訊。\n前往您附近的財政部辦公 (http://www1.nyc.gov/site/finance/pay-now/person.page) 室獲得當面幫助。\n如果您對此計劃有任何疑問，請致電 311 並詢問「退伍軍人豁免」。,,
وہ واؤچرز جو آپ کے کرایے کا کچھ حصہ ادا کرتے ہیں,Urdu,"ویب سائٹ ملاحظہ کریں (http://www1.nyc.gov/site/nycha/section-8/about-section-8.page) NYCHA کی ویب سائٹ سے سیکشن 8 کے بارے میں مزید جانیں۔اگر آپ کے سوالات ہیں تو کال کریںNYCHA کے کسٹمر رابطہ سنٹر (Customer Contact Center, CCC) کو 7771-707-718 پر کال کریں۔ COVID-19 کی وجہ سے، NYCHA کے کسٹمر رابطہ سنٹرز فی الحال واک ان وزیٹرز کی اجازت نہیں دے رہے ہیں۔311 پر کال کریںسیکشن 8 کے حوالے سے معاونت طلب کریں",,
高齡屋主房地產稅減稅優惠,Chinese (Traditional),\n造訪 SCHE 網站 (http://www1.nyc.gov/site/finance/benefits/landlords-sche.page) ，深入瞭解相關資訊。\n撥打 212-NEW-YORK (http://www1.nyc.gov/site/finance/about/contact-by-email/contact-exemptions-inquiries.page) 。如使用 TTY 或文字電話，請撥打 212-639-9675\n傳送電子郵件給 SCHE 洽詢更多資訊。,,{'url': 'http://www1.nyc.gov/site/finance/pay-now/person.page'}
Kredi sou taks pou fanmi ki genyen timoun,Haitian Creole,"\nAprann plis sou lòt kredi sou taks nan Depatman Pwoteksyon Konsomatè ak Travayè Vil New York la (NYC Department of Consumer and Worker Protection) (https://www1.nyc.gov/site/dca/consumers/get-tax-credit-information.page) .\nRele 800-906-9887 pou konnen ki kote ki gen yon biwo Èd Volontè pou Taks sou Revni (Volunteer Income Tax Assistance, VITA) oswa Konsèy sou Taks pou Granmoun Aje (Tax Counseling for the Elderly, TCE) ki toupre ou.",,{'url': 'https://a866-dcwpwb.nyc.gov/ftps_map/'}
暖氣與公用事業費資金,Chinese (Traditional),\n造訪 OTDA 網站的 HEAP 網頁 (https://otda.ny.gov/programs/heap/) ，深入瞭解此計畫的相關資訊。\n致電 718-557-1399 獲得 HEAP 的幫助。\n致電 311 向家庭能源援助計畫尋求援助。,2024-25 年緊急福利申請已於 2025 年 4 月 7 日結束。您不能透過電話申請 HEAP 常規福利。 請撥打718-557-1399申請緊急福利或查詢您的申請狀態。 您必須首先申請 HEAP 常規福利並獲得核准。,{'url': 'https://otda.ny.gov/programs/heap/contacts/default.asp?county=New%20York%20City#result'}
Atención y educación para niños de 3-4 años de familias de bajos ingresos.,Spanish,"\nObtenga más información sobre Head Start en NYCDOE (https://www.schools.nyc.gov/enrollment/enroll-grade-by-grade/head-start) .\nLlame al 311 y pregunte por ""Head Start"" si necesita ayuda para encontrar un programa.",,
Congelamiento de la renta para personas con discapacidades,Spanish,Visite los sitios webVisite el sitio web del Programa de congelación de la renta de la Ciudad de Nueva York (http://www1.nyc.gov/site/rentfreeze/index.page) para obtener más información.Consulte las preguntas frecuentes (https://www1.nyc.gov/site/rentfreeze/help/covid-19-frequently-asked-questions.page) para el Programa de congelación de la renta durante el COVID-19.Comuníquese con DRIE (http://www1.nyc.gov/site/finance/about/contact-by-email/contact-drie.page) Pida asistencia al Departamento de Finanzas.Llame a DRIE usando TTYLlame al 212-639-9675 si tiene dificultades auditivas.Llame al 311Pregunte por los especialistas en DRIE.,"Si vive en un apartamento de la Cooperativa Compañía de Fondos de Desarrollo para Vivienda o de Mitchell-Lama, llame al Departamento de Conservación y Desarrollo de la Vivienda al 212-863-8494 para realizar la solicitud.",{'url': 'https://www1.nyc.gov/site/rentfreeze/help/help-temporary-centers.page'}
رعاية وتعليم من تتراوح أعمارهم بين 3-4‎‏ أعوام من الأسر ذات الدخل المنخفض,Arabic,"\nتعرف على المزيد عن برامج رأس يبدأ‏ من موقع ‏NYCDOE (https://www.schools.nyc.gov/enrollment/enroll-grade-by-grade/head-start) ‏.\nاتصل على الرقم 311 واسأل عن برامج ""Head Start (رأس يبدأ)‏"" إذا كنت بحاجة إلى مساعدة في العثور على برنامج.",,
紐約市傷殘市民的房產稅減稅優惠,Chinese (Traditional),\n親自前往財政部商務中心 (http://www1.nyc.gov/site/finance/pay-now/person.page) （週一至週五，上午 8:30 至下午 4:30）獲得幫助。\n造訪 DHE 網站 (http://www1.nyc.gov/site/finance/benefits/landlords-dhe.page) 以瞭解更多資訊。\n致電 212-NEW-YORK (http://www1.nyc.gov/site/finance/about/contact-by-email/contact-exemptions-inquiries.page) 、212-639-9675（城外）或 TTY 212-639-9675（聽障專線）聯絡 DHE。\n寄送電子郵件給 DHE 以瞭解更多資訊。,,{'url': 'http://www1.nyc.gov/site/finance/pay-now/person.page'}
Pieniądze na wydatki na ogrzewanie i media,Polish,"\nOdwiedź stronę internetową OTDA poświęconą HEAP (https://otda.ny.gov/programs/heap/) , aby dowiedzieć się więcej o tym programie.\nBy uzyskać pomoc w kwestii HEAP, zadzwoń pod numer 718-557-1399.\nZadzwoń pod numer 311 i zapytaj o program Pomocy w zakresie pokrywania kosztów energii i ogrzewania.","Przyjmowanie wniosków o świadczenie w sytuacji awaryjnej na okres 2024–2025 zakończono 7 kwietnia 2025 r. Nie można ubiegać się o zwykłe świadczenie HEAP przez telefon. Zadzwoń pod numer718-557-1399, aby ubiegać się o świadczenia w sytuacji awaryjnej lub sprawdzić status swojego wniosku. Należy najpierw złożyć wniosek i uzyskać zgodę na otrzymanie regularnego świadczenia w ramach HEAP.",{'url': 'https://otda.ny.gov/programs/heap/contacts/default.asp?county=New%20York%20City#result'}
Money to buy food,English,\nVisit the SNAP website (https://www1.nyc.gov/site/hra/help/snap-benefits-food-program.page) to find out more information.\nCall the HRA Infoline at 718-557-1399 (https://www1.nyc.gov/site/hra/locations/snap-locations.page) for help applying for SNAP.\nVisit a SNAP center (https://www1.nyc.gov/site/hra/partners/find-a-partner-organization.page) or your local Community-Based Organization (CBO) to get help in person.,,{'url': 'https://www1.nyc.gov/site/hra/locations/snap-locations.page'}
De l’argent pour acheter de la nourriture,French,\nRendez-vous sur le site web de SNAP (https://www1.nyc.gov/site/hra/help/snap-benefits-food-program.page) pour en savoir plus.\nAppelez la ligne téléphonique d'information de HRA au 718-557-1399 (https://www1.nyc.gov/site/hra/locations/snap-locations.page) pour obtenir de l'aide afin de faire une demande d'allocations SNAP.\nRendez-vous dans un centre SNAP (https://www1.nyc.gov/site/hra/partners/find-a-partner-organization.page) ou dans votre organisme communautaire local pour obtenir de l’aide en personne.,,{'url': 'https://www1.nyc.gov/site/hra/locations/snap-locations.page'}
Обучение и уход за детьми в возрасте 3–4 лет из малообеспеченных семей,Russian,"\nУзнайте больше о Head Start на веб-странице NYCDOE (https://www.schools.nyc.gov/enrollment/enroll-grade-by-grade/head-start) .\nЕсли вам нужна помощь с поиском программы, позвоните по номеру 311 и попросите рассказать о программе Head Start.",,
বেসরকারী স্বাস্থ্য বীমা পরিকল্পনা,Bengali,স্বাস্থ্য বিমা বিকল্প সম্পর্কে আরও জানুনHRA এর শহরব্যাপীস্বাস্থ্য বিমা উপলভ্যতার (https://www1.nyc.gov/site/ochia/coverage-care/insurance-options.page) মাধ্যমে আপনার বিকল্পগুলি সম্পর্কে আরওজানুন।তালিকাভুক্তি সাহায্যের জন্য অনুরোধ করুনGetCoveredNYC (https://www1.nyc.gov/nyc-resources/get-covered.page) নিউইয়র্কবাসীকে স্বাস্থ্য বিমাতে নথিভুক্ত করতে সাহায্য করে। নিবেদিতবিশেষজ্ঞরা আপনাকে বিনামূল্যে আপনার ভাষায় সহায়তা করতে পারেন।কাউন্সেলর কলের অনুরোধ করুনএকটি তালিকাভুক্তি পরামর্শদাতার কাছ থেকে একটি কল পেতে একটিস্বাস্থ্য বিমা তালিকাভুক্তিসহায়তা অনুসন্ধান ফর্মটি (https://nycdohmh.surveymonkey.com/r/7BB62M3) সম্পূর্ণ করুন৷ অভিবাসন অবস্থানির্বিশেষে এবং অনেক ভাষায় বিনামূল্যে তালিকাভুক্ত সহায়তা পাওয়াযায়। আপনার তথ্য গোপন রাখা হবে।311-এতে কল করুনস্বাস্থ্য বিমা সম্পর্কে সাধারণ প্রশ্নের জন্য একজন ব্যক্তিগতসহকারী খুঁজুন।,NY State of Health-এ855-355-5777নম্বরেঅথবা TTY:800-662-1220নম্বরেকল করুন।,
প্রতিবন্ধী লোকেদের জন্য রেন্ট ফ্রিজ,Bengali,ওয়েবসাইটগুলি দেখুনআরও জানতে NYC DOE ওয়েবসাই (http://www1.nyc.gov/site/rentfreeze/index.page) দেখুন।রেন্ট ফ্রিজ প্রোগ্রাম (Rent Freeze Program) (SCRIE and DRIE) এবং COVID-19 সচরাচর জিজ্ঞাস্য প্রশ্নগুলি (COVID-19 frequently asked questions) (https://www1.nyc.gov/site/rentfreeze/help/covid-19-frequently-asked-questions.page) দেখুন।DRIE কে যোগাযোগ করুনঅর্থ বিভাগ এর (http://www1.nyc.gov/site/finance/about/contact-by-email/contact-drie.page) সহায়তার জন্য অনুরোধ করুন।TTY ব্যবহার করে DRIE কে ফোন করুনআপনার শুনতে অসুবিধা হলে 212-639-9675 নম্বরে ফোন করুন।311 নম্বরে ফোন করুনDRIE বিশেষজ্ঞদের জন্য বলুন।,যদি আপনি হাউজিং ডেভেলপমেন্ট ফান্ড কোম্পানির (HDFC) অ্যাপার্টমেন্টে থাকেন Mitchell-Lama অ্যাপার্টেমেন্টে থাকেন তাহলে আবেদন করার জন্য 212-863-8494 নম্বরে HPD কে ফোন করুন।,{'url': 'https://www1.nyc.gov/site/rentfreeze/help/help-temporary-centers.page'}
Opieka i edukacja dla 3-4-latków z rodzin o niskich dochodach,Polish,"\nWięcej informacji na temat programu Head Start można uzyskać w NYCDOE (https://www.schools.nyc.gov/enrollment/enroll-grade-by-grade/head-start) .\nJeżeli ma Pan/Pani problem ze znalezieniem programu, należy zapytać o program „Head Start”.",,
হিট এবং ইউটিলিটিসংক্রান্ত ব্যয়ের জন্য অর্থ,Bengali,,2024-25 HEAP জরুরী সুবিধা (Emergency Benefit) আবেদন গ্রহণের শেষ তারিখ ছিল 7 এপ্রিল 2025। আপনি ফোনের মাধ্যমে নিয়মিত HEAP সুবিধার (Regular HEAP benefit) জন্য আবেদন করতে পারবেন না। জরুরী সুবিধাগুলির (Emergency benefits) জন্য আবেদন করতে বা আপনার আবেদনের স্থিতি পরীক্ষা করতে718-557-1399 নম্বরেকল করুন। আপনাকে অবশ্যই প্রথমে আবেদন করতে হবে এবং HEAP নিয়মিত সুবিধার জন্য অনুমোদিত হতে হবে।,{'url': 'https://otda.ny.gov/programs/heap/contacts/default.asp?county=New%20York%20City#result'}
Alèjman taks sou pwopriyete pou veteran yo,Haitian Creole,\nVizite sitwèb Egzanpsyon Veteran (http://www1.nyc.gov/site/finance/benefits/landlords-veterans.page)  an pou plis enfòmasyon.\nVizite yon sit biwo Depatman Finans (http://www1.nyc.gov/site/finance/pay-now/person.page) pou jwenn èd fas-a-fas.\nRele 311 epi mande sou Egzanpsyon Veteran an si ou gen kesyon sou pwogram nan.,,
Bezpłatna lub niedroga opieka dla dzieci w wieku od sześciu tygodni do dwóch lat,Polish,"\nWięcej informacji na temat programów EarlyLearn można uzyskać w NYCDOE (https://www.schools.nyc.gov/enrollment/enroll-grade-by-grade/earlylearn-nyc) .\nNależy zadzwonić pod numer 311. Jeżeli potrzebuje Pan/Pani pomocy w znalezieniu programu, należy zapytać o program „EarlyLearn”.",,{'url': 'https://www.myschools.nyc/en/schools/3k/'}
نجی صحت بیمہ منصوبے,Urdu,صحت بیمہ کے اختیارات کے بارے میں مزید جانیںHRA کے پورے شہر میں صحتبیمہ تک رسائی (https://www1.nyc.gov/site/ochia/coverage-care/insurance-options.page) کے ذریعے اپنے اختیارات کے بارے میں مزیدجانیں۔اندراج میں مدد کی درخواست کریںGetCoveredNYC (https://www1.nyc.gov/nyc-resources/get-covered.page) نیویارک کے باشندوں کو صحت بیمہ کیلئے اندراج میں مدد کرتا ہے۔ مختصماہرین آپ کی زبان میں آپ کی مدد مفت کر سکتے ہیں۔مشیر کی کال کی درخواست کریںاندراج کے مشیر کی جانب سے کال موصول کرنے کیلئے ایک ہیلتھ انشورنس انرولمنٹ اسسٹنس انکوائریفارم (https://nycdohmh.surveymonkey.com/r/7BB62M3) مکمل کریں۔ اندراج میں مفت مدد ترک وطن کی حیثیت سے قطع نظراور بہت سی زبانوں میں دستیاب ہے۔ آپ کی معلومات کو نجی رکھا جائےگا۔311 پر کال کریںصحت بیمہ سے متعلق عمومی سوالات کیلئے اور ذاتی معاون تلاش کرنے کےواسطے۔,NY State of Health‏ کو‎855-355-5777‏پر یا ‏TTY:800-662-1220‏ پر کال کریں۔,
Talony pokrywające część opłat za wynajem,Polish,"\n (http://www1.nyc.gov/site/nycha/section-8/about-section-8.page) Więcej informacji na temat « Section 8 » można znaleźć (https://wb-nycha.qmatic.cloud/) na stronie internetowej NYCHA.\nProsimy o kontakt z Centrum Kontaktów z Klientami (Customer Contact Center, CCC) NYCHA pod numerem 718-707-7771.\nUmów się na wizytę w Centrum Kontaktu z Klientem.",,
Programme Pre-K gratuit pour votre enfant de quatre ans,French,"\nRendez-vous sur le site internet du programme de maternelle du Département de l’éducation de la ville de New York (NYC DOE) (https://www.schools.nyc.gov/enrollment/enroll-grade-by-grade/pre-k) pour en savoir plus sur la procédure d’admission en maternelle.\nSi vous avez des questions concernant la procédure d’admission en maternelle, appelez le 718-935-2009 (mailto:ESEnrollment@schools.nyc.gov) .\nVous pouvez également envoyer un courriel au service des admissions en maternelle à l’adresse ESEnrollment@schools.nyc.gov (http://nyc.gov/schools/welcomecenters) si vous avez des questions sur les inscriptions en maternelle.\nRendez-vous dans un Centre d’accueil familial pour en savoir plus les programmes de maternelle.",\nInscrivez-vous par téléphone en appelant le 718 935 2009.Faites une demande d’inscription entre le 10 janvier 2024 et le 1er mars 2024\nDes services d’interprétation sont proposés dans plus de 200 langues.,
Gel des loyers pour les seniors,French,"\nConsultez le site internet du SCRIE (http://nyc.gov/rentfreeze) pour en savoir plus sur ce programme.\nConsultez la foire aux questions (https://www1.nyc.gov/site/rentfreeze/help/covid-19-frequently-asked-questions.page) sur le programme de gel des loyers (SCRIE et DRIE) et la COVID-19.\n (http://www1.nyc.gov/site/finance/about/contact-by-email/contact-scrie.page) Envoyez un courriel à la SCRIE (https://www1.nyc.gov/site/hpd/services-and-information/scrie-drie.page) pour obtenir davantage d’informations\nAppelez le 311 et demandez un spécialiste du SCRIE ou le 212 639 9675 si vous avez des problèmes d’auditionPour le SCRIE supervisé par le HPD :\nPour obtenir de plus amples informations, envoyez un courriel au HPD si vous souhaitez déposer une demande ou si vous vivez dans un logement social Mitchell-Lama ou Redevelopment Company.\nConsultez le site internet du HPD pour en savoir plus ou appeler le 212 863 8494 pour poser vos questions.","Si vous vivez dans un logement social Mitchell-Lama ou Redevelopment Company, appelez le HPD au 212 863 8494 pour déposer une demande de SCRIE supervisé par le HPD.",{'url': 'https://www1.nyc.gov/site/rentfreeze/help/help-temporary-centers.page'}
কর রিফান্ড যদি আপনি শিশু বা নির্ভরশীল ব্যক্তির পরিচর্যার জন্য অর্থপ্রদান করে থাকেন,Bengali,"\nআপনি দাবি করতে পারেন এমন ট্যাক্স ক্রেডিটগুলি (https://www1.nyc.gov/site/dca/consumers/get-tax-credit-information.page) সম্বন্ধে জানুন।\nনিকটতম স্বেচ্ছাসেবক আয়কর সহায়তা (Volunteer Income Tax Assistance, VITA) বা বয়স্কদের জন্য ট্যাক্স কাউন্সেলিং (Tax Counseling for the Elderly, TCE) খুঁজতে 800-906-9887 নম্বরে ফোন করুন।",,{'url': 'https://a866-dcwpwb.nyc.gov/ftps_map/'}
শিক্ষার্থীদের জন্য আফটারস্কুল কর্মসূচি,Bengali,"অনলাইন (http://www1.nyc.gov/site/dycd/services/after-school/comprehensive-after-school-system-of-new-york-city-compass.page) DYCD থেকে COMPASS সম্পর্কে আরও জানুন।কল করুনDYCD ইউথ কানেক্ট-কে 800-246-4646 অথবা 646-343-6800 নম্বরে ফোন করুন। আরো তথ্যের জন্য আপনি আপনার সন্তানের স্কুল ছুটির পরের কার্যক্রমের কর্মীর সঙ্গেও কথা বলতে পারেন।311-তে কল করুন""স্কুল ছুটির পরের ব্যাপক কার্যক্রমের সহায়তার"" ব্যাপারে জিজ্ঞাসা করুন।",,
필요할 경우 월 현금 보조금액,Korean,\n이 프로그램과 관련한 자세한 내용은 (https://access.nyc.gov/locations/?programs=6859) 현금 지원 웹 사이트에서 확인할 수 있습니다.\n자세한 내용은 HRA 인포라인에 718-557-1399번으로 문의해 주십시오.,,{'url': 'http://www1.nyc.gov/site/hra/locations/job-locations.page'}
減少房主的財產稅,Chinese (Traditional),\n造訪 STAR 網站 (https://tax.ny.gov/pit/property/star/default.htm) 瞭解更多資訊。\n致電 311 (http://www1.nyc.gov/site/finance/about/contact-by-email/contact-exemptions-inquiries.page) 瞭解更多資訊。\n如果您對 STAR 有疑問，請寄送電子郵件至紐約市財政部。\n致電 518-457-2036 聯繫紐約州稅務和財政部，了解有關紐約州 STAR 稅收抵免的更多信息。,"如果您的收入大於 250, 000 美元且小於或等於 500,000 美元，您可以 在線註冊紐約州 STAR 稅收抵免 (https://www.tax.ny.gov/pit/property/star/) 或致電 518-457-2036。",
Замораживание арендной платы для пожилых граждан,Russian,"\nПодробную информацию об этой программе см. на веб-странице SCRIE (http://nyc.gov/rentfreeze) .\nОзнакомьтесь с Программой освобождения от повышения арендной платы (SCRIE и DRIE) и часто задаваемыми вопросами о COVID-19 (https://www1.nyc.gov/site/rentfreeze/help/covid-19-frequently-asked-questions.page) .\nДля получения дополнительной информации (http://www1.nyc.gov/site/finance/about/contact-by-email/contact-scrie.page) напишите электронное письмо в SCRIE (https://www1.nyc.gov/site/hpd/services-and-information/scrie-drie.page) \nПозвоните по номеру 311 и попросите к телефону специалиста по SCRIE или воспользуйтесь номером 212-639-9675, если у вас проблемы со слухом.В случае SCRIE, которую контролирует HPD:\nДля получения подробной информации напишите электронное письмо в HPD, если вы хотите подать заявку или живете в домах программы Mitchell-Lama или компании по реконструкции жилых районов.\nДля получения подробной информации посетите веб-сайт HPD или позвоните по номеру 212-863-8494 , если у вас возникли вопросы.","Если вы живете в домах программы Mitchell-Lama или компании по реконструкции жилых районов, то для подачи заявки на участие в программе SCRIE, которую контролирует Департамент по сохранению и развитию жилищного фонда (HPD), позвоните в HPD по номеру 212-863-8494.",{'url': 'https://www1.nyc.gov/site/rentfreeze/help/help-temporary-centers.page'}
سابق فوجیوں کے لیے پراپرٹی ٹیکس میں وقفہ,Urdu,\nمزید معلومات کے لیے سابقہ فوجیوں کے استثناء کی ویب سائیٹ ملاحظہ کریں (http://www1.nyc.gov/site/finance/benefits/landlords-veterans.page) ۔\nذاتی طور پر مدد حاصل کرنے کے لیے اپنے قریبی شعبۂ مالیات (Department of Finance) کے دفتر کا دورہ کریں (http://www1.nyc.gov/site/finance/pay-now/person.page) ۔\nاگر آپ کے کوئی سوالات ہیں، تو 311 پر کال کریں اور Veterans' Exemption (سابقہ فوجیوں کا استثناء) کے بارے میں پوچھیں۔,,
Diminution des impôts fonciers pour les propriétaires,French,"\nRendez-vous sur le site web de STAR (https://tax.ny.gov/pit/property/star/default.htm) pour obtenir plus d'informations.\nAppelez le 311 (http://www1.nyc.gov/site/finance/about/contact-by-email/contact-exemptions-inquiries.page) pour en savoir plus.\nEnvoyez un email au ministère des finances de la ville de New York si vous avez des questions sur STAR.\nContactez le Département des impôts et des finances de l'État de New York au 518-457-2036 Pour plus d'informations sur le crédit d'impôt STAR de l'État de New York,","Si votre revenu est supérieur à 250 000 $ et inférieur ou égal à 500 000 $, vous pouvez vous inscrire en ligne pour le crédit d'impôt STAR de l'État de New York (https://www.tax.ny.gov/pit/property/star/) ou en appelant le 518-457-2036.",
قسائم تسديد جزء من الإيجار,Arabic,\n (http://www1.nyc.gov/site/nycha/section-8/about-section-8.page) معرفة المزيد حول برنامج المادة 8 (https://wb-nycha.qmatic.cloud/) من الموقع الإلكتروني لهيئة NYCHA.\nاتصل بمركز التواصل مع العملاء (CCC) التابع لهيئة الإسكان بمدينة نيويورك على الرقم 718-707-7771.\nحدد موعدًا‎ لزيارة مركز اتصال العملاء‏ .,,
Ulga podatkowa od nieruchomości dla weteranów,Polish,"\nWięcej informacji można uzyskać na stronie internetowej poświęconej zwolnieniu z podatku dla weteranów (http://www1.nyc.gov/site/finance/benefits/landlords-veterans.page) .\nOsobistą pomoc można uzyskać w biurze Departamentu Finansów (http://www1.nyc.gov/site/finance/pay-now/person.page) (Department of Finance) w swojej okolicy.\nW razie pytań na temat programu proszę zadzwonić pod numer 311 i zapytać o zwolnienie weteranów z podatku.\nUzyskaj pomoc wysyłając pismo do Departamentu Finansów (Department of Finance):NYC Department of Finance Correspondence Unit One Centre Street, 22nd Floor New York, NY 10007",,
Alèjman taks sou pwopriyete pou veteran yo,Korean,\n자세한 내용은 재향 군인 면제 웹 사이트 (http://www1.nyc.gov/site/finance/benefits/landlords-veterans.page) 에서 확인할 수 있습니다.\n방문하여 도움을 받으려면 인근 재무부(Department of Finance) (http://www1.nyc.gov/site/finance/pay-now/person.page) 사무소를 방문해 주십시오\n프로그램 또는 재향 군인 면제와 관련하여 의문 사항이 있는 경 311번으로 전화해 주십시오.,,
Reduce property taxes for homeowners,English,\nVisit the STAR website (https://tax.ny.gov/pit/property/star/default.htm) for more information.\nEmail the (http://www1.nyc.gov/site/finance/about/contact-by-email/contact-exemptions-inquiries.page) NYC Department of Finance (http://www1.nyc.gov/site/finance/about/contact-us.page) if you have questions about STAR.\nFind a DOF center to get help in person.\nCall the New York State Department of Taxation and Finance at 518-457-2036 for more information about the New York State STAR tax credit.\nCall 311 to find out more.,Register for the New York State STAR tax credit by calling 518-457-2036.,
Crédito fiscal para personas y familias trabajadoras,Spanish,\nObtenga más información sobre los créditos fiscales (https://www1.nyc.gov/site/dca/consumers/get-tax-credit-information.page) que puede reclamar.\nLlame al 800-906-9887 para encontrar el centro de Asistencia Voluntaria para los Impuestos (VITA) o de Asesoría sobre Impuestos para Adultos Mayores (TCE) más cerca de usted.,,{'url': 'https://a866-dcwpwb.nyc.gov/ftps_map/'}
প্রবীণ নাগরিকদের জন্য রেন্ট ফ্রিজ,Bengali,\nএই প্রোগ্রাম সম্পর্কে আরও জানতে SCRIE ওয়েবসাইট (http://nyc.gov/rentfreeze) দেখুন।\nরেন্ট ফ্রিজ প্রোগ্রাম (Rent Freeze Program) (SCRIE and DRIE) এবং COVID-19 সচরাচর জিজ্ঞাস্য প্রশ্নগুলি (COVID-19 frequently asked questions) (https://www1.nyc.gov/site/rentfreeze/help/covid-19-frequently-asked-questions.page) পর্যালোচনা করুন।\nআরও তথ্যের জন্য (http://www1.nyc.gov/site/finance/about/contact-by-email/contact-scrie.page) SCRIE -কে ইমেল করুন (https://www1.nyc.gov/site/hpd/services-and-information/scrie-drie.page) \n311 নম্বরে ফোন করুন এবং একজন SCRIE বিশেষজ্ঞ বা 212-639-9675 কে জিজ্ঞাসা করুন যদি আপনার শুনতে অসুবিধা হয়HPD-সুপারভাইজড্ SCRIE এর জন্য:\nযদি আপনি Mitchell-Lama বা রিডেভেলপমেন্ট কোম্পানি ডেভেলপমেন্ট বাস করেন তাহলে আরও তথ্যের জন্য HPD -কে ইমেল করুন।\nআরও জানতে HPD-এর ওয়েবসাইট দেখুন বা যেকোনো প্রশ্নের জন্য 212-863-8494 নম্বরে কল করুন।,যদি আপনি মিশেল-লামা (Mitchell-Lama) অথবা রিডেভেলপমেন্ট কোম্পানি (Redevelopment Company) ডেভেলপমেন্ট হাউজিংয়ে বসবাস করেন তাহলে ফোন করে আবেদনের জন্য 212-863-8494 নম্বরে HPD-কে কল করুন।,{'url': 'https://www1.nyc.gov/site/rentfreeze/help/help-temporary-centers.page'}
المساعدة النقدية الشهرية عندما تكون في حاجة إليها,Arabic,\nقم بزيارة موقع برنامج المساعدة النقدية الإلكتروني (http://www1.nyc.gov/site/hra/help/cash-assistance.page) لمعرفة المزيد عن هذا البرنامج.\nاتصل بخط معلومات إدارة الموارد البشرية (HRA) على رقم الهاتف 1399-557-718 لمزيد من المعلومات.,,{'url': 'http://www1.nyc.gov/site/hra/locations/job-locations.page'}
為您分擔部分租金的補助券,Chinese (Traditional),"\n造訪 NYCHA 的網站 (http://www1.nyc.gov/site/nycha/section-8/about-section-8.page) 詳細瞭解第 8 節 (https://wb-nycha.qmatic.cloud/) 。\n請致電 718-707-7771 與 NYCHA 的客戶聯絡中心 (Customer Contact Center, CCC) 聯繫。\n辦理預約以造訪客戶聯絡中心。",,
Программа налоговых льгот для пожилых домовладельцев,Russian,"\nПосетите веб-сайт SCHE (http://www1.nyc.gov/site/finance/benefits/landlords-sche.page) , чтобы получить дополнительную информацию.\nПозвоните по номеру 212-NEW-YORK (http://www1.nyc.gov/site/finance/about/contact-by-email/contact-exemptions-inquiries.page) . Пользователи телетайпа или текстового телефона могут позвонить по номеру 212-639-9675.\nЧтобы получить дополнительную информацию, напишите электронное письмо в SCHE.",,{'url': 'http://www1.nyc.gov/site/finance/pay-now/person.page'}
Ranbousman taks si ou te peye pou swen timoun ak depandan,Haitian Creole,,,{'url': 'https://a866-dcwpwb.nyc.gov/ftps_map/'}
الإعفاء الضريبي على الممتلكات لسكان نيويورك المعاقين,Arabic,\nقم بزيارة مركز أعمال Department of Finance (http://www1.nyc.gov/site/finance/pay-now/person.page) (من الاثنين إلى الجمعة، من الساعة 8:30 صباحاً حتى 4:30 مساءً) للحصول على مساعدة شخصية.\nقم بزيارة موقع DHE الإلكتروني (http://www1.nyc.gov/site/finance/benefits/landlords-dhe.page)  لمعرفة المزيد.\nاتصل ببرنامج DHE على الرقم 9675-639-212 (http://www1.nyc.gov/site/finance/about/contact-by-email/contact-exemptions-inquiries.page) أو 9675-639-212 (خارج المدينة) أو رقم الهاتف النصي 9675-639-212 (ضعاف السمع).\nقم بإرسال رسالة بريد إلكتروني إلى DHE لمرفة المزيد من المعلومات.,,{'url': 'http://www1.nyc.gov/site/finance/pay-now/person.page'}
Redwi taks sou pwopriyete pou pwopriyetè kay yo,Haitian Creole,\nVizite sitwèb STAR (https://tax.ny.gov/pit/property/star/default.htm)   a pou plis enfòmasyon.\nRele 311 (http://www1.nyc.gov/site/finance/about/contact-by-email/contact-exemptions-inquiries.page) pou jwenn plis enfòmasyon.\nImèl Depatman Finans NYC si ou gen kesyon konsènan STAR.\nKontakte Depatman Taksasyon ak Finans Eta New York nan 518-457-2036 Pou plis enfòmasyon sou kredi taks STAR Eta New York.,"Si revni ou pi gran pase $ 250, 000 ak mwens pase oswa egal a $ 500,000, ou ka enskri sou entènèt pou kredi taks STAR Eta New York (https://www.tax.ny.gov/pit/property/star/) oswa lè w rele 518-457-2036.",
私人健康保險計畫,Chinese (Traditional),瞭解有關健康保險選項的更多資訊透過 HRA 全市健康保險管道 (CitywideHealth Insurance Access) (https://www1.nyc.gov/site/ochia/coverage-care/insurance-options.page) 瞭解關於您的選項的更多資訊。請求提供投保幫助GetCoveredNYC (https://www1.nyc.gov/nyc-resources/get-covered.page) 幫助紐約市民投保健康保險。敬業的專員可以使用您的語言，免費為您提供協助。請求與顧問通話填寫健康保險投保協助問詢表 (https://nycdohmh.surveymonkey.com/r/7BB62M3) ，即可接聽投保顧問的來電。免費提供多種語言的投保協助，無論您的移民身分為何。您的資訊會予以保密。撥打 311瞭解關於健康保險的一般問題，以及尋找現場協助員。,請致電 NY State of Health，電話號碼為855-355-5777，或 TTY：800-662-1220。,
음식을 사기 위한 돈,Korean,\n자세한 내용은 SNAP 웹 사이트 (https://www1.nyc.gov/site/hra/help/snap-benefits-food-program.page) 에서 확인할 수 있습니다.\nSNAP 신청과 관련한 도움을 받으려면 HRA 인포라인에 718-557-1399 (https://www1.nyc.gov/site/hra/locations/snap-locations.page) 번으로 문의해 주십시오.\nSNAP 센터 (https://www1.nyc.gov/site/hra/partners/find-a-partner-organization.page) 나 인근 커뮤니티 기반 기관(CBO)에 방문하여 직접 도움을 받을 수 있습니다.,,{'url': 'https://www1.nyc.gov/site/hra/locations/snap-locations.page'}
کام کاجی افراد اور فیملیز کے لیے ٹیکس کریڈٹ,Urdu,,,{'url': 'https://a866-dcwpwb.nyc.gov/ftps_map/'}
প্রতিবন্ধী নিউ ইয়র্কবাসীদের জন্য সম্পত্তি করের একটি বিরতি,Bengali,"\nসশরীরে সাহায্য পাওয়ার জন্য ফাইন্যান্স বিজনেস সেন্টারে (http://www1.nyc.gov/site/finance/pay-now/person.page) যান (সোম থেকে শুক্র, সকাল 8:30- বিকাল 4:30)\nআরো জানতে DHE ওয়েবসাইট (http://www1.nyc.gov/site/finance/benefits/landlords-dhe.page) দেখুন।\nDHE কে 212-NEW-YORK (http://www1.nyc.gov/site/finance/about/contact-by-email/contact-exemptions-inquiries.page) বা 212-639-9675 (শহরের বাইরে থাকলে) নম্বরে বা TTY 212-639-9675 (শ্রবণ প্রতিবন্ধী) নম্বরে ফোন করুন।\nআরো তথ্যের জন্যDHE তে ইমেল করুন।",,{'url': 'http://www1.nyc.gov/site/finance/pay-now/person.page'}
