unique_id_number,apply_in_person_call_to_action,url_of_pdf_application_forms,heads_up
P017c,尋找中心,https://www1.nyc.gov/assets/finance/downloads/pdf/translations/dhe_initial/dhe-initial-chin.pdf,\n將從 7 月 1 日開始實施 3 月 16 日之前的 (https://a836-pts-efile.nyc.gov/SmartFile/Filing/FilingType/Info/NYC_dhe) 線上申請福利 (https://a836-pts-efile.nyc.gov/SmartFile/Filing/FilingType/Info/NYC_DHE_COOP) \n如果您住在合作公寓，您可以使用 DHE 合作公寓申請表 (DHE co-ops application) 在線上申請\n要求提供殘障、收入與減稅證明\n所有申請房主必須是殘疾人士，除非該財產是由您的配偶或兄弟姐妹擁有，則他們不需要是殘疾人士\n如果您的財產符合 DHE 和高齡公民房主豁免 (SCHE)，您將只獲得 SCHE，您不能同時獲得兩者\nDHE 福利必須每年更新一次。當需要更新您的福利時，財政部會向您發送更新申請。您必須在 3 月 15 日之前更新豁免，否則您的財產稅可能會大幅增加。
P003p,Znajdź program,https://www1.nyc.gov/site/acs/early-care/forms.page,"\nOpcje opieki nad dziećmi obejmują:\nProgramy dla niemowląt i małych dzieci w wieku od sześciu tygodni do dwóch lat. Opieka jest sprawowana w placówkach lub domach przez maksymalnie 10 godzin dziennie.\nProgramy Early Head Start dla kobiet w ciąży, niemowląt i małych dzieci. Usługi są świadczone przez co najmniej osiem godzin dziennie.\nW przypadku zakwalifikowania się do programu i dostępności miejsca dziecko może rozpocząć udział w programie w dowolnym momencie w trakcie roku.\nJeżeli dziecko ma status prawny, kwalifikuje się do opieki niezależnie od statusu prawnego rodziców.\nUprawnienia uzależnione są od dochodu, wielkości i potrzeb rodziny.\nRodziny muszą pokryć część kosztów opieki dla dzieci, jeżeli nie otrzymują pomocy finansowej, nie są objęte opieką zastępczą lub nie są bezdomne."
P012a,,https://www1.nyc.gov/assets/finance/downloads/pdf/payment_operations/2020/star-to-estar.pdf,\nهناك نوعان من مخصصات STAR حسب دخل الأسرة:\nبرنامج Basic STAR عبارة عن برنامج لأصحاب المنازل الذين يبلغ إجمالي دخل أسرتهم 500000 دولار أو أقل. تُقدر المخصصات بمبلغ 293 دولارًا من التخفيضات الضريبية.\n برنامج Enhanced STAR عبارة عن برنامج لأصحاب المنازل الذين تبلغ أعمارهم 65 عامًا أو أكبر والذين يبلغ إجمالي دخل الأسرة للملاك والأزواج الذين يعيشون معهم 92000 دولارًا أو أقل. تُقدر المخصصات بمبلغ 650 دولارًا من التخفيضات الضريبية.\nإذا كنت مؤهلاً للحصول على رصيد STAR، فستتلقى شيكًا بمبلغ مدّخرات STAR الخاصة بك.\nقد يكون كبار السن الذين يحصلون على برنامج Enhanced STAR مؤهلين أيضًا لإعفاء كبار السن من ملّاك المنازل (SCHE).\nلست بحاجة إلى التسجيل في STAR إذا كنت تملك منزلًا منذ فترة طويلة ولديك إعفاء STAR بالفعل.
P005a,اعثر على أحد المراكز,https://www1.nyc.gov/assets/rentfreeze/downloads/pdf/drie/translations/drie-initial-packet_arab.pdf,\nيمكنك الاستمرار في دفع نفس مبلغ الإيجار في المستقبل على النحو الذي تدفعه به الآن إذا تقدمت بطلب للاستفادة من برنامج DRIE وقمتَ بالتجديد في الوقت المحدد.\nأنت بحاجة إلى الحصول على مخصصات الإعاقة المؤهلة للتأهل لبرنامج DRIE.\nلست بحاجة إلى تقديم الإقرارات الضريبية حتى تكون مؤهلاً للحصول على DRIE.\nلست بحاجة للحصول على إذن من مالك العقار حتى تقدم طلبًا.\nبمجرد تقديم طلبك، سيستغرق الرد مدة تتراوح بين 10 و15 يومًا تقريبًا.\nيشمل برنامج تجميد الإيجار بمدينة نيويورك (NYC Rent Freeze) أيضًا (https://access.nyc.gov/programs/senior-citizens-rent-increase-exemption) الإعفاء من زيادة الإيجار لكبار السن (SCRIE).
P012k,,https://www1.nyc.gov/assets/finance/downloads/pdf/payment_operations/2020/star-to-estar.pdf,"\nSTAR 혜택은 가구 소득에 따라 두 가지 유형으로 나뉩니다.\n총가구 소득이 $500,000 이하인 주택소유자는 기본 STAR의 대상에 해당합니다. $293 상당의 세액 감면이 예상됩니다.\n65세 이상이며 주택소유자 및 동거 배우자 총가구 소득이 $92,000 이하인 주택소유자는 상위 STAR의 대상에 해당합니다. $650 상당의 세액 감면이 예상됩니다.\nSTAR 공제 대상이 된다면, STAR 감면액을 수표로 받게 될 것입니다.\n상위 STAR 혜택을 받는 노인들은 노인 주택자 면제 혜택(Senior Citizens Homeowners' Exemption, SCHE) 또한 받으실 수 있습니다.\n기존에 STAR 면제 혜택을 받고 있던 집주인인 경우, STAR에 등록할 필요가 없습니다."
P014a,إيجاد مركز,https://access.nyc.gov/wp-content/uploads/2017/12/SCHE-InitialAppl_AR.pdf,\nقم بتقديم الطلب بحلول 15 مارس للحصول على المخصصات لتبدأ في الأول من يوليو من ذلك العام. إذا صادف الخامس عشر من مارس عطلة نهاية أسبوع أو عطلة، فإن الموعد النهائي سيكون يوم العمل التالي.\nيتطلب إثبات العمر والدخل والاستقطاع الضريبي.\nإذا كانت الملكيات العقارية مؤهلة للحصول على SCHE وإعفاء مالكي المنازل من ذوي الإعاقة (DHE)، فسوف يتم منحك SCHE فقط. لا يمكنك الحصول على كليهما.\nيجب أن يكون عمر جميع مالكي العقار 65 عامًا أو أكبر، ما لم يكن المالكون أزواجًا أو أشقاء. إذا كنت تمتلك العقار مع زوج أو شقيق، يجب أن يكون عمر واحد منكما 65 عامًا أو أكبر.\nيتم التجديد كل عامين بحلول 15 مارس. سترسل لك إدارة المالية طلب تجديد عندما يحين وقت التجديد. إذا لم تقم بالتجديد، فقد تزيد الضرائب العقارية الخاصة بك بشكل كبير.
P013p,,,"\nZgłoszenia do programu Sekcja 8 Kupon wyboru mieszkań miasta Nowy Jork (NYC Section 8 Housing Choice Voucher) są obecnie zamknięte.\nJeżeli wcześniej złożono wniosek w sekcji 8, należy zalogować się do (https://selfserve.nycha.info/nycha/app/eservice/enu?SWECmd=Start&) portalu samoobsługowego (https://access.nyc.gov/programs/nyc-housing-connect/) , aby potwierdzić otrzymanie wniosku NYCHA.\nZnajdź niedrogie alternatywy mieszkaniowe za pośrednictwem (http://www.nychdc.com/pages/Now-Renting.html) NYC Housing Connect i NYC Housing Development Corporation‎."
P010s,Encuentre un centro de acceso a los beneficios de la HRA abierto,https://otda.ny.gov/programs/applications/2921-SP.pdf,"\nRequiere prueba de identidad, lugar de residencia e ingresos.\nDependiendo de su situación, puede ser elegible para recibir Asistencia en efectivo incluso si no es ciudadano americano.\nSi puede trabajar, deberá estar trabajando, estar en un programa educativo o de capacitación, o participar en un programa que se le haya asignado para poder recibir Asistencia en afectivo. Si es mayor de 60 años, no cumple este requisito."
P007r,Найти отделение,https://otda.ny.gov/programs/applications/4826-RU.pdf,"\nВы можете подать заявление на участие в программе выплаты денежного пособия (Cash Assistance), программе дополнительной продовольственной поддержки (Supplemental Nutrition Assistance Program, SNAP) и программе Medicaid одновременно, воспользовавшись формой заявления о предоставлении денежного пособия на портале (https://a069-access.nyc.gov/accesshra/) ACCESS HRA.\nПри условии соответствия критериям участия вы получите пособие в течение 30 дней.\nВ зависимости от Вашей ситуации Вы можете претендовать на SNAP, даже если Вы не являетесь гражданином США.\nВы можете позволить кому-то, кто знает вашу семейную ситуацию, подать заявление от вашего имени."
P018c,,https://www1.nyc.gov/assets/finance/downloads/pdf/payment_operations/2020/veterans.pdf,\n如果在 3 月 15 日前提出申請，即可自同年 7 月 1 日起領取福利。\n減稅優惠計算稅率取決於申請人的退伍軍人身分。共分為基本、戰鬥和殘障等三種類型。
P011hc,,,"\nEnkri oswa chanje kouvèti asirans sante prive ou pou lane 2025apati 16 novanm 2024 - 31 janvye 2025.\nSi ou enskri atravè NY State of Health (https://nystateofhealth.ny.gov/) , ou ta kajwenn èd finasyè. Epitou, ou kapab achte asirans prive dirèktemannan men yon konpayi asirans men ou pa p elijib pou yon èdfinanyè.\nSi ou gen revni ki limite oswa timoun, ou kapab kalifye pouplan asirans sante piblik gratis oswa ki ba pri tankou (https://access.nyc.gov/programs/medicaid/) Medicaid (https://access.nyc.gov/programs/child-health-plus/) , (https://access.nyc.gov/programs/essential-plan/) Child HealthPlus, ak EssentialPlan lan. Ou ka enskri ladan yo nenpòt lè pandan ane a."
P017b,সেন্টার খুঁজুন,https://www1.nyc.gov/assets/finance/downloads/pdf/translations/dhe_initial/dhe-initial-beng.pdf,"\nজুলাই 1 থেকে শুরু হওয়া সুবিধার জন্য মার্চ 16 এর মধ্যে (https://a836-pts-efile.nyc.gov/SmartFile/Filing/FilingType/Info/NYC_dhe) অনলাইনে আবেদন করুন (https://a836-pts-efile.nyc.gov/SmartFile/Filing/FilingType/Info/NYC_DHE_COOP) ।\nযদি আপনি কো-অপে থাকেন, তাহলে আপনি DHEএর কো-অপ অ্যাপ্লিকেশন ব্যবহার করে অনলাইনে আবেদন করতে পারেন।\nপ্রতিবন্ধী, আয় এবং কর কর্তনের প্রমাণপত্রের প্রয়োজন\nসম্পত্তির মালিক আপনার স্বামী/স্ত্রী বা ভাই/বোন যাদের প্রতিবন্ধী হতে হবে না, না হলে প্রতিটি মালিককে অবশ্যই প্রতিবন্ধী হতে হবে\nযদি আপনার সম্পত্তি DHE এবং প্রবীণ নাগরিক মালিকানার ছাড়ের (SCHE) জন্য যোগ্য হয়, তাহলে আপনি কেবল SCHE এর মঞ্জুরি পাবেন, আপনি উভয়ই পাবেন না\nDHE সুবিধা বার্ষিক নবায়ন করতে হবে। আপনার সুবিধা পুনর্নবীকরণের সময় হলে অর্থ বিভাগ আপনাকে একটি পুনর্নবীকরণ আবেদন পাঠাবে। আপনাকে অবশ্যই 15 মার্চের মধ্যে আপনার অব্যাহতি পুনর্নবীকরণ করতে হবে, অথবা আপনার সম্পত্তি কর উল্লেখযোগ্যভাবে বৃদ্ধি পেতে পারে।"
P014f,Trouvez un centre,https://www1.nyc.gov/assets/finance/downloads/pdf/payment_operations/2020/sche-initial.pdf,"\nDéposez votre dossier au plus tard le 15 mars pour commencer à recevoir les prestations le 1er juillet de cette année. Si le 15 mars tombe en fin de semaine ou un jour férié, la date d’échéance est fixée au jour ouvrable suivant.\nVous devrez fournir un justificatif de votre âge, de vos revenus et de vos déductions fiscales.\nSi votre bien immobilier est admissible à la SCHE ainsi qu’à l’exemption des propriétaires handicapés (Disabled Homeowners’ Exemption, DHE), vous ne bénéficierez que de la SCHE. Vous ne pouvez pas bénéficier des deux exemptions.\nTous les propriétaires du bien immobilier doivent avoir 65 ans ou plus, à moins qu’ils ne soient des conjoints ou des frères et sœurs. Si vous êtes propriétaire du bien immobilier avec un(e) conjoint(e), un frère ou une sœur, un(e) seul(e) d’entre vous doit être âgé(e) d’au moins 65 ans.\nRenouvelez votre dossier tous les deux ans avant le 15 mars. Le Département des finances (Department of Finance) vous enverra une demande de renouvellement lorsqu’il sera temps de procéder au renouvellement. Si vous ne procédez pas au renouvellement de votre dossier, vos impôts fonciers risquent d’augmenter considérablement."
P008c,,,\n如果您符合資格且仍有名額，您的子女可在一年內的任何時間開始參與啟蒙教育計畫。\n計畫不收取任何費用，全年運作，每天至少提供八小時的服務。\n您的子女可以獲得營養餐點與健康篩檢。\n啟蒙計畫也可以協助父母和家庭達成其自己的目標。 其中包括就業、住屋、成人教育和獲得健康服務。\n (https://access.nyc.gov/zh-hant/programs/infant-and-toddler-programs/) 早期啟蒙教育 (Early Head Start) 計畫也設有為孕婦與嬰幼兒提供服務的有限空間。\n啟蒙教育計畫地址位於社區組織及非營利機構經營的中心。
P007hc,Jwenn yon biwo,https://otda.ny.gov/programs/applications/4826-HA.pdf,"\nOu ka aplike pou Lajan Kach, SNAP ak Medicaid tout nan menm moman an ak menm fòmilè aplikasyon èd Kach la sou (https://a069-access.nyc.gov/accesshra/) ACCESS HRA.\nSi ou elijib, w ap resevwa avantaj ou yo nan 30 jou.\nSelon sitiyasyon w, ou kapab kalifye pou SNAP menmsi w pa yon sitwayen ameriken.\nOu kapab otorize yon moun ki konnen sitiyasyon moun nan kay ou aplike pou ou."
P017en,Find a center,https://www1.nyc.gov/assets/finance/downloads/pdf/payment_operations/2020/dhe-initial.pdf,"\nApply by March 15th for benefits to begin on July 1st of that year. If March 15th falls on a weekend or holiday, the deadline is the next business day.\nRequires proof of disability status, income, and tax deduction.\nIf your property qualifies for DHE and the Senior Citizen Homeowner Exemption (SCHE), you will only be granted (https://access.nyc.gov/programs/senior-citizen-homeowners%ca%bc-exemption-sche/) SCHE. You cannot get both.\nRenew every year by March 15. The Department of Finance will send you a renewal application when it is time to renew. If you do not renew, your property taxes could increase significantly."
P010u,کوئی کھلا HRA بینیفٹس ایکسس سینٹر تلاش کریں,https://otda.ny.gov/programs/applications/2921.pdf,\nشناخت، آپ کی جائے رہائش، اور آمدنی کے شواہد درکار ہیں۔\nاپنی صورتحال کی بنیاد پر، آپ نقد اعانت کے لیے اہل ہو سکتے/سکتی ہیں بھلے ہی آپ امریکی شہری نہ ہوں۔\nاگر آپ کام کرنے کے قابل ہیں تو، آپ کو نقد اعانت حاصل کرنے کے تناظر میں یا تو کام کرنے کی ضرورت ہو گی، کسی تعلیمی یا تربیتی پروگرام میں ہونے کی ضرورت ہو گی، یا آپ کو تفویض کردہ پروگرام میں شرکت کرنا ہو گی۔ اگر آپ 60 سال یا زائد عمر کے/کی ہیں، تو آپ اس تقاضے سے مستثنیٰ ہیں۔
P015b,একটি কেন্দ্র খুঁজুন,https://www1.nyc.gov/assets/finance/downloads/pdf/translations/sche_initial/sche-initial-beng.pdf,"\nকরেন তবে আপনি এখনকার ন্যায় ভবিষ্যতে একই পরিমাণ ভাড়া পরিশোধ করতে পারেন।\nপ্রবীণ নাগরিক যারা নির্দিষ্ট বাড়িভাড়া বা ক্রমবৃদ্ধিতে থাকেন তারা SCRIE-এর জন্য যোগ্যতা অর্জন করতে পারেন।\nআপনি আপনার কর জমা না দিলেও আপনি SCRIE-এর জন্য যোগ্যতা অর্জন করতে পারেন।\nআবেদন করার জন্য আপনার বাড়ির মালিকের অনুমতির প্রয়োজন নেই।\nআপনার আবেদনের পরে এটির উত্তর পেতে প্রায় 10-15 দিন সময় লাগেNYC রেন্ট ফ্রিজ প্রকল্পে (https://access.nyc.gov/programs/disability-rent-increase-exemption-drie/) ডিজাবিলিটি রেন্ট ইনক্রিজ এক্সএম্পশনও (Disability Rent Increase Exemption, DRIE) অন্তর্ভুক্ত।"
P006u,ٹیکس کی تیاری کا مقام تلاش کریں,,"\nاس کریڈٹ کا دعوی کرنے کے لیے اپنا ‏‎2024‏ کا ٹیکس ریٹرن ‏‎15‏ اپریل ‏‎2025‏ تک فائل کریں۔\nاوسطاً، نیو یارک کے بیشتر اہل باشندگان مشترک ‏EITC‏ کریڈٹس میں ‏‎$2,300‏ موصول کرتے ہیں۔ مشترک کریڈٹ ‎$11,000.‏ تک کی مالیت کا ہو سکتا ہے۔"
P005f,Trouvez un centre,https://www1.nyc.gov/assets/rentfreeze/downloads/pdf/drie/translations/drie-initial-packet_fre.pdf,"\nVous pouvez continuer à payer le même montant de loyer à l’avenir comme c’est le cas maintenant si vous déposez une demande pour le programme DRIE et si vous la renouvelez à temps.\nVous devez recevoir une allocation en raison d’un handicap admissible pour pouvoir prétendre au programme DRIE.\nVous n’êtes pas tenu de remplir une déclaration d’impôts pour être admissible au DRIE.\nVous n’avez pas besoin d’une autorisation de votre propriétaire pour déposer une demande.\nUne fois la demande déposée, cela prend environ 10-15 jours pour recevoir une réponse.\nLe programme de gel des loyers de la ville de New York inclut également l’ (https://access.nyc.gov/programs/senior-citizens-rent-increase-exemption) Exemption à l’augmentation des loyers des citoyens seniors (SCRIE)."
P003u,پروگرام تلاش کریں,https://www1.nyc.gov/site/acs/early-care/forms.page,\nنگہداشت اطفال کے اختیارات میں درج ذیل شامل ہیں:\nچھ ہفتے سے دو سال تک کی عمر کے بچوں کیلئے شیرخوار اور نونہال کے پروگرامز ہیں۔ یہ مراکز یا گھروں میں دن میں 10 گھنٹے تک منعقد ہوتے ہیں۔\nارلی ہیڈ اسٹارٹ پروگرامز حاملہ ماؤوں، شیر خوار بچوں اور چلنا سیکھنے والے نونہالوں کیلئے ہیں۔ یہ دن میں کم از کم آٹھ گھنٹے خدمات فراہم کرتے ہیں۔\nاگر آپ اہل قرار پاتے ہیں اور کوئی سیٹ دستیاب ہوتی ہے تو، آپ کا بچہ سال میں کبھی بھی پروگرام شروع کر سکتا ہے۔\nجب تک آپ کے بچے کی قانونی حیثیت ہے، وہ والدین کی قانونی حیثیت سے قطع نظر نگہداشت کے اہل ہیں۔\nاہلیت آپ کے خاندان کی آمدنی، سائز اور ضروریات پر مبنی ہے۔\nاگر خاندانوں کو نقد اعانت ‏(Cash Assistance)‏ نہیں ملتی ہے، جو رضاعی نگہداشت میں نہیں ہیں یا بے گھر نہیں ہیں تو، انہیں نگہداشت اطفال کے اخراجات میں سے کچھ کی ادائیگی کرنے کی ضرورت ہوگی۔
P014r,Найдите центр,https://www1.nyc.gov/assets/finance/downloads/pdf/translations/sche_initial/sche-initial-rus.pdf,"\nПодайте заявление до 15 марта, чтобы начать пользоваться льготами с 1 июля текущего года. Если 15 марта выпадает на выходной или праздничный день, крайним сроком считается следующий рабочий день.\nТребуется документ, подтверждающий возраст, доход и подоходный налог.\nЕсли недвижимость соответствует критериям программы SCHE и Программы льгот для домовладельцев, являющихся инвалидами (Disabled Homeowners Exemption, DHE), вы получите дотацию SCHE. Получать льготы по двум программам нельзя.\nВсе владельцы недвижимости должны быть в возрасте 65 лет и старше, если они не являются супругами, родными братьями или сестрами. Если вы владеете недвижимостью совместно с супругом (супругой), родными братом или сестрой, только один из вас должен быть в возрасте 65 лет и старше.\nПодавайте заявление на продление участия каждые два года до 15 марта. Департамент финансов (Department of Finance, DOF) отправит заявление на продление участия в программе, когда придет время. Если вы не подадите заявление на продление участия в программе, ваши налоги на недвижимость могут значительно возрасти."
P005hc,Jwenn yon sant,https://www1.nyc.gov/assets/rentfreeze/downloads/pdf/drie/translations/drie-initial-packet_hc.pdf,"\nOu ka kontinye peye menm pri lwaye a pi devan menm jan w ap peye l kounye a si w ap aplike pou DRIE epi w renouvle alè.\nOu bezwen resevwa yon avantaj pou andikap ki kalifye pou w kalifye pou DRIE.\nOu pa oblije ranpli taks pou kalifye pou DRIE.\nOu pa bezwen pèmisyon pwopriyetè a pou aplike.\nYon fwa ou aplike, li pran anviwon 10 jiska 15 jou pou jwenn repons.\nPwogram NYC Rent Freeze lan gen ladan (https://access.nyc.gov/programs/senior-citizens-rent-increase-exemption) Egzanpsyon nan Ogmantasyon Pri Lwaye pou Granmoun Aje (Senior Citizen Rent Increase Exemption, DRIE)."
P019a,البحث عن مكتب,https://otda.ny.gov/programs/applications/3421.pdf,يشتمل برنامج المساعدة في دفع نفقات الطاقة المنزلية HEAP‏ على جوانب عديدة:\nالمخصصات الاعتيادية|أُغلقت مدة تلقي الطلبات في 7 أبريل 2025. إحدى المخصصات التي تُعطى لمرة واحدة وبإمكانها مساعدتكم في سداد تكاليف تدفئة منزلكم.\nمخصصات حالات الطوارئ|أُغلقت مدة تلقي الطلبات في 7 أبريل 2025. تساعدكم في تدفئة منزلكم في حال مشكلة أو طوارئ بخصوص الحرارة.\nمخصصات إصلاح معدات التدفئة واستبدالها|أُغلقت مدة تلقي الطلبات في 9 مايو 2025. لمساعدة أصحاب المنازل في إصلاح أو استبدال الفرن أو الغلاية و/أو معدات التدفئة الأساسية الأخرى اللازمة للحفاظ على تشغيل مصدر التدفئة الأساسي في منازلهم.\nمخصصات التنظيف والضبط|أُغلقت مدة تلقي الطلبات في 9 مايو 2025. لمساعدة أصحاب المنازل في الحصول على خدمات توفير الطاقة. يشتمل ذلك على تنظيف معدات التدفئة الرئيسية ولكن قد يشتمل أيضًا على تنظيف المداخن أو الإصلاحات الطفيفة أو تركيب أجهزة الكشف عن أول أكسيد الكربون لتحقيق التشغيل الآمن المناسب الموفر للطاقة لمعدات التدفئة.\nمخصصات مساعدة التبريد| (https://access.nyc.gov/programs/cooling-assistance-benefit/) فتح باب تقديم الطلبات‏. لمساعدة الأسر المؤهلة في شراء وتثبيت مكيف هواء أو مروحة للمساعدة في الحفاظ على تهوية المنازل.\n
P008k,,,"\n귀하가 자격을 갖추었고, 프로그램 참여 인원이 다 차지 않은 경우, 귀하의 자녀는 일 년 중 언제든지 프로그램을 시작할 수 있습니다.\n프로그램은 연중무휴로 하루 최소 8시간의 무료 서비스를 제공합니다.\n귀하의 자녀는 영양가 있는 식사와 건강 검진을 받을 수 있습니다.\n또한, Head Start 프로그램은 부모와 가족이 각자의 목표를 이루는 데 필요한 지원도 제공합니다. 여기에는 취업, 주거, 성인 대상 교육, 건강 서비스 등이 포함됩니다.\n (https://access.nyc.gov/ko/programs/infant-and-toddler-programs/) Early Head Start 프로그램에는 임산부 및 영유아만을 대상으로 하는 인원도 일부 준비되어 있습니다.\nHead Start 프로그램은 지역 사회 단체 및 비영리 단체에서 운영하는 센터에서 이용하실 수 있습니다."
P018f,,https://www1.nyc.gov/assets/finance/downloads/pdf/payment_operations/2020/veterans.pdf,"\nDéposez votre dossier au plus tard le 15 mars pour commencer à recevoir les prestations le 1er juillet de cette année.\nLe pourcentage retenu pour calculer la réduction fiscale dépend du statut d’ancien combattant du demandeur. Il existe trois types de statuts : élémentaire, combattant et handicapé."
P015a,اعثر على أحد المراكز,https://www1.nyc.gov/assets/finance/downloads/pdf/translations/sche_initial/sche-initial-arab.pdf,\nيمكنك الاستمرار في دفع نفس مبلغ الإيجار في المستقبل على النحو الذي تدفعه به الآن إذا تقدمت بطلب للاستفادة من برنامج SCRIE وقمتَ بالتجديد في الوقت المحدد.\nيمكن للمواطنين كبار السن الذين يعيشون في إيجارات أو تطويرات معينة أن يعتبروا مؤهلين للاستفادة من برنامج SCRIE.\nيمكنك أن تكون مؤهلاً لبرنامج SCRIE حتى لو لم تكن قد قدَّمتَ إقراراتك الضريبية.\nلست بحاجة للحصول على إذن من المالك حتى تقدم طلبًا.\nبمجرد تقديم طلبك، سيستغرق الرد مدة تتراوح بين 10 و15 يومًا تقريبًا.\nيشمل برنامج تجميد الإيجار بمدينة نيويورك (NYC Rent Freeze) أيضًا (https://access.nyc.gov/programs/disability-rent-increase-exemption-drie/) إعفاء ذوي الإعاقة من زيادة الإيجار (DRIE).
P004u,ٹیکس کی تیاری کا مقام تلاش کریں,,\nاس کریڈٹ کا دعوی کرنے کے لیے اپنا ‏‎2024‏ کا ٹیکس ریٹرن ‏‎15‏ اپریل ‏‎2025‏ تک فائل کریں۔\nاگر آپ کو آمدنی حاصل نہ ہوئی ہو یا کوئی انکم ٹیکسز واجب الادا ہوں تب بھی آپ کا خاندان اہل ہو سکتا ہے۔ تاہم، آپ کے بچے کے پاس ایک سوشل سیکیورٹی نمبر ہونا ضروری ہے۔\nصرف ایک والدین چائلڈ ٹیکس کریڈٹ کے لیے بچے کا (اور ان کے ٹیکس ریٹرن پر) دعوی کر سکتے ہیں۔ جس کے ساتھ بھی بچہ چھ ماہ تک رہا ہے وہ والدین یا نگراں ہے جس کو بچے کا دعوی کرنا چاہیے۔\nکریڈٹ بطور آمدنی شمار نہیں ہوتا اور اس سے عوامی مراعات کے لیے آپ کی اہلیت متاثر نہیں ہو گی۔
P005u,سنٹر تلاش کریں,https://www1.nyc.gov/assets/rentfreeze/downloads/pdf/drie/translations/drie-initial-packet_urdu.pdf,"\nاگر آپ DRIE کیلئے درخواست دے رہے ہیں اور وقت پر تجدید کرا رہے ہیں تو ممکن ہے کہ آپ کو مستقبل میں کرایہ کی اتنی ہی رقم ادا کرنی پڑے جتنی آپ ابھی کرتے ہیں۔\nDRIE کا اہل ہونے کیلئے آپ کو اہل ثابت کرنے والی معذوری کا فائدہ حاصل کرنے کی ضرورت ہے۔\nDRIE کا اہل قرار پانے کیلئے آپ کو ٹیکس جمع کرنے کی ضرورت نہیں ہے۔\nدرخواست دینے کیلئے آپ کو اپنے مکان مالک کی اجازت کی ضرورت نہیں ہے۔\nدرخواست دینے کے بعد، جواب موصول ہونے میں لگ بھگ 10 سے 15 دن لگتے ہیں۔\nNYC رینٹ فریز پروگرام میں (https://access.nyc.gov/programs/senior-citizens-rent-increase-exemption) بزرگ شہریوں کے لیے کرایہ میں اضافہ سے استثناء (Senior Citizen Rent Increase Exemption, SCRIE) بھی شامل ہے۔"
P014s,Encuentre una oficina,https://www1.nyc.gov/assets/finance/downloads/pdf/translations/sche_initial/sche-initial-span.pdf,"\nEnvíe una solicitud hasta el 15 de marzo para que los beneficios comiencen el 1 de julio de ese año. Si el 15 de marzo es fin de semana o feriado, la fecha de vencimiento será el siguiente día laborable.\nSe necesita un comprobante de la edad, los ingresos y de la deducción de impuestos.\nSi su vivienda califica para la SCHE y la exención para propietarios con discapacidades (DHE), solo se le otorgará la SCHE. No puede obtener las dos.\nTodos los propietarios de la vivienda deben ser mayores de 65 años, a menos que los propietarios sean cónyuges o hermanos. Si usted y su cónyuge o hermano son copropietarios, solo uno de ustedes debe ser mayor de 65 años.\nDebe hacer la renovación cada dos años a más tardar el 15 de marzo. El Departamento de Finanzas le enviará una solicitud de renovación cuando sea el momento de renovar. Si no la renueva, sus impuestos sobre la propiedad podrían aumentar significativamente."
P004k,세금 신고 사무소 찾기,,\n이 세금 공제를 받으려면 2025년 4월 15일까지 2024년도 세금을 신고해야 합니다.\n귀하가 소득이 없거나 소득세가 부과되지 않은 경우에도 귀하의 가족이 자격이 될 수 있습니다. 다만 자녀에게 사회보장번호가 있어야 합니다.\n부모 중 한 명만 자녀 세금 공제(및 세금 신고서)를 받기 위해 자녀에 대해 청구할 수 있습니다. 자녀와 6개월 넘게 함께 살았던 사람이 해당 자녀에 대해 신청해야 하는 부모 또는 보호자입니다.\n공제는 소득으로 간주되지 않으며 공공 혜택 자격에 영향을 주지 않습니다.
P014k,센터 찾기,https://www1.nyc.gov/assets/finance/downloads/pdf/translations/sche_initial/sche-initial-kor.pdf,"\n그해 7월 1일부터 혜택을 받으려면 3월 15일까지 신청하십시오. 3월 15일이 주말이나 공휴일인 경우 마감일은 다음 영업일입니다.\n연령, 소득 및 세금 공제에 대한 증빙이 필요합니다.\nSCHE와 장애인 주택 소유주 면제(Disability Homeowners’ Exemption, DHE)에 해당하는 경우 SCHE만 제공됩니다. 두 혜택을 모두 받을 수는 없습니다.\n소유주가 배우자 또는 형제자매가 아닌 경우 모든 재산 소유주는 65세 이상이어야 합니다. 배우자나 형제자매와 함께 재산을 소유한 경우 한 명만 65세 이상이면 됩니다.\n3월 15일까지 2년마다 갱신합니다. 갱신 시기가 되면 재무국에서 갱신 신청서를 보내드립니다. 갱신하지 않으면 재산세가 많이 증가할 수 있습니다."
P001s,Encuentre un centro de preparación de impuestos,,\nPresente su declaración de impuestos de 2024 antes del 15 de abril de 2025 para reclamar este crédito.\nUsted califica si pagó para que alguien cuidara a sus hijos o dependientes mientras usted trabajaba o buscaba trabajo. Esto incluye los costos de la guardería o de una niñera.
P003en,Find a program,https://www1.nyc.gov/site/acs/early-care/forms.page,"\nChild care options include: \nExtended Day & Year (EDY) Infant and Toddler programs\nFor children aged six weeks to two years.\nTakes place in centers or homes for up to 10 hours a day.\nFamilies will need to pay some of the cost of child care if they do not get Cash Assistance, are not in foster care, or are not homeless.\nEarly Head Start programs \nProvide services for children aged six weeks to three-years-old (who are not yet age-eligible for 3K).\nServices for at least eight hours a day.\nIf you qualify and there is a seat available, your child can join a program anytime during the year."
P013hc,,,"\nAplikasyon pou Koupon Chwa Lojman Seksyon 8 Vil Nouyòk la fèmen kounye a.\nSi ou te deja soumèt yon aplikasyon Seksyon 8, konekte sou (https://selfserve.nycha.info/nycha/app/eservice/enu?SWECmd=Start&) Portal Self-Service (https://access.nyc.gov/programs/nyc-housing-connect/) pou konfime ou resevwa aplikasyon NYCHA ou a.\nJwenn altènativ lojman abòdab atravè (http://www.nychdc.com/pages/Now-Renting.html) NYC Housing Connect ak NYC Housing Development Corporation ."
P018r,,https://www1.nyc.gov/assets/finance/downloads/pdf/payment_operations/2020/veterans.pdf,"\nПодайте заявление до 15 марта, чтобы начать пользоваться льготами с 1 июля текущего года.\nСтавка, используемая для расчета снижения налога, зависит от ветеранского статуса заявителя. Существует три типа: основной, боевой и для инвалидов."
P004f,Trouvez un bureau de services de préparation des déclarations fiscales,,"\nDéposez votre déclaration fiscale 2024 avant le 15 avril 2025 pour demander ce crédit.\nIl est possible que votre famille soit admissible, même si vous n’avez pas eu de revenus ou si vous n’êtes pas imposable. Cependant, votre enfant doit avoir un numéro de Sécurité sociale.\nUn seul parent peut demander le crédit d’impôt pour enfant (et le faire figurer sur sa déclaration de revenus). La personne avec laquelle l’enfant a vécu pendant plus de six mois est le parent ou la personne qui s’occupe de l’enfant et qui doit le déclarer à charge.\nLe crédit n’est pas pris en compte dans vos revenus et n’a pas de conséquences sur votre admissibilité aux allocations publiques."
P016r,,,"\nПодайте заявление на участие в программе Pre-K на 2024–2025 учебный год с 10 января до 1 марта 2024 г.\nВ Нью-Йорке дети идут в подготовительную школу в тот календарный год, когда ребенку исполняется четыре года.\nPre-K предлагает программы полного дня, продленного дня и уход за ребенком на протяжении года, включая программу Head Start. Каждая из программ имеет свои критерии участия. Подробнее (https://www.schools.nyc.gov/enrollment/enroll-grade-by-grade/pre-k) .\nПрограммы Pre-K предлагаются в трех учреждениях для жителей всех пяти боро. Каждое учреждение предлагает последовательную высококачественную игровую учебную программу DOE. Такими учреждениями могут быть:\nвыберите государственные начальные школы,\nцентры программы Pre-K, управляемые сотрудниками DOE г. Нью-Йорка; и\nорганизации по месту жительства (community-based organization, CBO)."
P013b,,,"\nNYC বিভাগ 8 হাউজিং চয়েস ভাউচারের জন্য আবেদন করা বর্তমানে বন্ধ রয়েছে৷\nযদি আপনি পূর্বে বিভাগ 8-এর আবেদন জমা দিয়ে থাকেন, তাহলে (https://selfserve.nycha.info/nycha/app/eservice/enu?SWECmd=Start&) সেলফ-সার্ভিস পোর্টালে (https://access.nyc.gov/programs/nyc-housing-connect/) লগ ইন করুন আপনার NYCHA আবেদন প্রাপ্তি নিশ্চিত করতে।\n (http://www.nychdc.com/pages/Now-Renting.html) NYC হাউজিং কানেক্ট (NYC Housing Connect) এবং NYC হাউজিং ডেভেলপমেন্ট কর্পোরেশন (NYC Housing Development Corporation)-এর মাধ্যমে সাশ্রয়ী মূল্যের আবাসনের বিকল্পগুলি খুঁজুন।"
P013u,,,\nNYC‏ سیکشن ‎8‏ ہاؤسنگ چوائس واؤچر‏ کے لیے درخواستیں فی الحال بند ہیں۔\nاگر آپ نے اس سے پہلے سیکشن ‎8‏ کی درخواست جمع کرائی تھی تو، (https://selfserve.nycha.info/nycha/app/eservice/enu?SWECmd=Start&) سیلف سروس پورٹل (https://access.nyc.gov/programs/nyc-housing-connect/) پر لاگ آن کر کے ‏NYCHA‏ کی اپنی درخواست کی وصولیابی کی تصدیق کریں۔\nسستی رہائش کے متبادل ‏ (http://www.nychdc.com/pages/Now-Renting.html) NYC‏ ہاؤسنگ کنیکٹ ‏(NYC Housing Connect)‏ اور ‏NYC‏ ہاؤسنگ ڈیولپمنٹ کارپوریشن ‏(NYC Housing Development Corporation)‏ کے ذریعے تلاش کریں۔
P019s,Encuentre una oficina,https://otda.ny.gov/programs/applications/3421.pdf,"HEAP tiene varios componentes:\nBeneficios regulares|Las solicitudes cerraron el 7 de abril de 2025. Un beneficio único que puede ayudarle a pagar la calefacción de su hogar.\nBeneficio por emergencia|Las solicitudes cerraron el 7 de abril de 2025. Le ayudamos con los costos de calefacción si está en una emergencia relacionada con el calor.\nBeneficio de reparación y reemplazo de equipos de calefacción|Las solicitudes cerraron el 9 de mayo de 2025. Ayuda a los propietarios a reparar o reemplazar hornos, calderas u otros equipos de calefacción esenciales necesarios para mantener en funcionamiento la fuente principal de calefacción de su hogar.\nBeneficio de limpieza y ajuste|Las solicitudes cerraron el 9 de mayo de 2025. Ayuda a los propietarios a obtener servicios de eficiencia energética. Esto incluye la limpieza del equipo de calefacción primario, pero también puede incluir la limpieza de la chimenea, reparaciones menores o la instalación de detectores de monóxido de carbono, para permitir el funcionamiento seguro, adecuado y eficiente del equipo de calefacción.\nBeneficio de asistencia para sistemas de enfriamiento| (https://access.nyc.gov/programs/cooling-assistance-benefit/) Solicitudes abiertas. Ayuda a los hogares elegibles a comprar e instalar un aire acondicionado o un ventilador para ayudar a que la casa se mantenga fresca.\n"
P016f,,,"\nFaites une demande d’inscription au programme Pre-K pour l’année scolaire 2024-2025 entre le 10 janvier 2024 et le 1er mars 2024.\nDans la ville de New York, les enfants commencent le programme Pre-K l’année de leurs quatre ans.\nLes programmes Pre-K proposent la journée complète, le prolongement des activités après la journée et l’année scolaires et le programme « Head Start », chaque aménagement présentant des critères d’admissibilité différents. En savoir plus (https://www.schools.nyc.gov/enrollment/enroll-grade-by-grade/pre-k) .\nLes programmes Pre-K sont proposés dans les cinq arrondissements dans trois cadres. Chaque cadre propose un programme pédagogique de qualité et ludique reconnu par le DOE. Ces cadres peuvent être les suivants :\nrechercher des écoles publiques élémentaires,\ndes centres Pre-K dirigés par du personnel du Département des transports de la ville de New York (New York City Department of Education, NYCDOE),\norganisme communautaire (CBO)"
P009hc,,,"\nNan pwogram COMPASS yo, jèn yo kapab patisipe nan:\nAprantisaj literati ak Syans, Teknoloji, Jeni ak Matematik (STEM)\nAktivite pratik, baze sou pwojè, e ki ann amoni ak nòm edikatif yo.\nPwogram d a ak spò bon kalite.\nPwogram yo dire nòmalman twa èdtan chak jou, senk jou pa semèn, sa gen ladan jou konje skolè yo.\nYo ofri pwogram yo nan tout senk awondisman yo ak nan anpil katye."
P010en,Find an open HRA Benefits Access Center,https://otda.ny.gov/programs/applications/2921.pdf,"\nRequires proof of identity, where you live, and income.\nDepending on your situation, you may be eligible for Cash Assistance even if you're not a U.S. citizen.\nIf you're able to work, you will either need to be working, be in an education or training program, or participate in a program assigned to you in order to get Cash Assistance. If you're 60 or older, you are waived from this requirement."
P014en,Find a center,https://www1.nyc.gov/assets/finance/downloads/pdf/payment_operations/2020/sche-initial.pdf,"\nApply by March 15th for benefits to begin on July 1st of that year. If March 15 falls on a weekend or holiday, the deadline is the next business day.\nRequires proof of age, income, and tax deduction.\nIf your property qualifies for SCHE and the Disabled Homeowners Exemption (DHE), you will only be granted SCHE. You cannot get both.\nRenew every two years by March 15. The Department of Finance will send you a renewal application when it is time to renew. If you do not renew, your property taxes could increase significantly."
P010f,"Recherchez un Centre d’accès aux allocations (Benefits Access Center) de l’Administration des ressources humaines (Human Resources Administration, HRA) ouvert",https://otda.ny.gov/programs/applications/2921.pdf,"\nNécessite une preuve d’identité, un justificatif de domicile et de revenus.\nEn fonction de votre situation, vous pouvez être admissible à l’aide financière en espèces même si vous n’êtes pas citoyen(ne) des États-Unis.\nSi vous êtes apte à travailler, vous devrez soit travailler, soit suivre un programme d’éducation ou de formation, soit participer à un programme qui vous est assigné pour pouvoir bénéficier de l’aide financière en espèces. Si vous avez 60 ans ou plus, vous êtes dispensé(e) de cette obligation."
P006b,একটি কর ফাইল প্রস্তুতির কেন্দ্র খুঁজুন,,"\nএই ক্রেডিট দাবি করার জন্য আপনার 2024 ট্যাক্স রিটার্ন এপ্রিল 15, 2025 তারিখের মধ্যে ফাইল করুন।গড়ে, বেশিরভাগ যোগ্য নিউ ইয়র্কবাসী সম্মিলিত EITC ক্রেডিটে $2,300 পান। সম্মিলিত ক্রেডিট $11,000 মূল্যের পর্যন্ত হতে পারে।"
P008a,,,\nإذا كنت مؤهلًا للبرنامج وهناك أماكن شاغرة، يمكن لطفلك أن يبدأ في أحد برامج رأس يبدأHead Start‏ في أي وقت من العام.\nالبرامج مجانية وتعمل على مدار العام لمدة ثماني ساعات على الأقل في اليوم.\nيمكن لطفلك الحصول على وجبات مغذية وفحوصات صحية.\nتساعد برامج رأس يبدأ‏ أيضًا أولياء الأمور والأسر على تحقيق أهدافهم الخاصة. ويتضمن ذلك التوظيف والإسكان وتعليم البالغين والحصول على الخدمات الصحية.\nتتوفر أماكن محدودة أيضًا في برامج (https://access.nyc.gov/ar/programs/infant-and-toddler-programs/) مبكر رأس يبدأ‏ التي تقدم خدمات للحوامل والرضع والأطفال الصغار.\nتوجد برامج رأس يبدأ‏ في المراكز التي تديرها المنظمات المجتمعية والمنظمات غير الربحية.
P008u,,,\nاگر آپ اہل قرار پاتے ہیں اور سیٹیں دستیاب ہیں تو آپ کا بچہ سال میں کبھی بھی ہیڈ اسٹارٹ پروگرام شروع کر سکتا ہے۔\nپروگرامز مفت ہیں اور روزانہ کم از کم آٹھ گھنٹے چلتے ہیں۔\nآپ کا بچہ غذائیت سے بھرپور کھانا اور صحت کی جانچ پڑتال حاصل کر سکتا ہے۔\nہیڈ اسٹارٹ پروگرامز والدین اور خاندانوں کے مقاصد حاصل کرنے میں ان کی مدد بھی کرتے ہیں۔ ان میں روزگار، رہائش، بالغوں کی تعلیم، اور صحت خدمات تک رسائی شامل ہے۔\n (https://access.nyc.gov/ur/programs/infant-and-toddler-programs/) ارلی ہیڈ اسٹارٹ (Early Head Start) پروگراموں میں محدود جگہ بھی دستیاب ہے، جو حاملہ خواتین، شیر خوار بچوں اور نونہالوں کی خدمت انجام دیتے ہیں۔\nہیڈ اسٹارٹ پروگرامز کمیونٹی کی تنظیموں اور غیر منافع بخش اداروں کے ذریعے چلائے جانے والے مراکز میں واقع ہیں۔
P004c,找尋報稅地點,,\n請在 2025 年 4 月 15 日前提交 2024 年報稅表，以申請此項抵免。\n即使您沒有勞動所得或不需要繳納任何所得稅，您的家庭也可能符合資格。 但您的子女必須要有社會安全號碼。\n父母只有其中一位可以為子女申請子女稅額抵免（並在報稅表上申報）。 與子女居住在一起超過六個月的父母或照護人可以申請子女稅額抵免。\n抵免不算入收入，也不影響您對公共援助的資格。
P005b,একটি কেন্দ্র খুঁজুন,https://www1.nyc.gov/assets/rentfreeze/downloads/pdf/drie/translations/drie-initial-packet_beng.pdf,"\nআপনি যদি DRIE-এর জন্য আবেদন করেন এবং সময়মতো পুনর্নবীকরণ করেন তবে আপনি এখনকার ন্যায় ভবিষ্যতে একই পরিমাণ ভাড়া পরিশোধ করতে পারেন।\nDRIE-এর জন্য যোগ্যতা অর্জনের জন্য আপনাকে একটি যোগ্য অক্ষমতা সুবিধা গ্রহণ করতে হবে।\nDRIE-এর জন্য যোগ্যতা অর্জনের জন্য আপনাকে ট্যাক্স ফাইল করতে হবে না।\nআবেদন করার জন্য আপনার বাড়ির মালিকের অনুমতির প্রয়োজন নেই।\nআপনার আবেদনের পরে এটির উত্তর পেতে প্রায় 10-15 দিন সময় লাগে।\nNYC রেন্ট ফ্রিজ প্রকল্পে সিনিয়ার (https://access.nyc.gov/programs/senior-citizens-rent-increase-exemption-%e2%80%8bscrie/) সিটিজেন রেন্ট ইনক্রিজ এক্সেম্পশনও (Senior Citizen Rent Increase Exemption, SCRIE) অন্তর্ভুক্ত।"
P003s,Encuentre un programa,https://www1.nyc.gov/site/acs/early-care/forms.page,"\nLas opciones de cuidado infantil incluyen:\nProgramas para bebés y niños pequeños de seis semanas a dos años. Estos son en centros o casas por hasta 10 horas al día.\nProgramas Early Head Start para mujeres embarazadas, bebés y niños pequeños. Estos prestan servicios por hasta ocho horas al día.\nSi usted califica y hay un lugar disponible, su hijo puede empezar un programa en cualquier momento del año.\nSiempre que su hijo tenga un estatus legal, es elegible para recibir atención médica independientemente del estatus legal de los padres.\nLa elegibilidad está basada en los ingresos, el tamaño y las necesidades de su familia.\nLas familias deberán pagar una parte del costo de cuidado infantil si no reciben ayuda en efectivo, no están en cuidado de crianza temporal o no son personas sin hogar."
P017s,Encuentre una oficina,https://www1.nyc.gov/assets/finance/downloads/pdf/translations/dhe_initial/dhe-initial-span.pdf,"\nPresente una solicitud (https://a836-pts-efile.nyc.gov/SmartFile/Filing/FilingType/Info/NYC_DHE) en línea (https://a836-pts-efile.nyc.gov/SmartFile/Filing/FilingType/Info/NYC_DHE_COOP) antes del 16 de marzo para que los beneficios inicien el 1 de julio\nSi usted vive en un plan orientado y operado por los consumidores (CO-OP), puede presentar su solicitud en línea, usando la solicitud de co-op DHE\nSe necesita prueba de estado de discapacidad, ingresos y deducción de impuestos.\nTodos los propietarios deben ser personas con discapacidades, a menos que la propiedad sea de su cónyuge o hermanos, que no deben ser discapacitados\nSi su propiedad califica para DHE y la Senior Citizen Homeowner Exemption o SCHE (Exención de Propietarios de la Tercera Edad), solo se le otorgará la SCHE, no puede recibir ambos\nEl beneficio de DHE debe renovarse anualmente. El Departamento de Finanzas le enviará una solicitud de renovación cuando sea el momento de renovar su beneficio. Debe renovar su exención antes del 15 de marzo, o sus impuestos a la propiedad podrían aumentar significativamente."
P006en,Find a tax prep location,,"\nFile your 2024 tax return by April 15, 2025 to claim this credit.\nOn average, most eligible New Yorkers receive $2,300 in combined EITC credits. The combined credit can be worth up to $11,000."
P007u,ایک مقام تلاش کریں,https://access.nyc.gov/wp-content/uploads/2018/09/SNAP_ApplandRecert_ENG.pdf,\nآپ نقد اعانت، SNAP اور Medicaid سب کے لیے ایک ہی وقت میں (https://a069-access.nyc.gov/accesshra/) ACCESS HRA پر نقد اعانت کی درخواست کی وساطت سے درخواست دے سکتے/سکتی ہیں۔\nاگر آپ اہل ہیں، تو آپ کو 30 دنوں کے اندر اپنی مراعات حاصل ہو جائیں گی۔\nاپنی صورتحال کی بنیاد پر، آپ SNAP کے لیے اہل ہو سکتے/سکتی ہیں بھلے ہی آپ امریکی شہری نہ ہوں۔\nآپ کسی ایسے شخص کو آپ کے لیے درخواست دینے کی اجازت دے سکتے ہیں جو آپ کے گھریلو حالات سے واقف ہے۔
P008s,,,"\nSu hijo puede empezar un programa Head Start en cualquier momento del año si usted califica y hay lugares libres.\nLos programas son gratis y funcionan durante todo el año durante por lo menos ocho horas al día.\nSu hijo puede recibir comidas nutritivas y evaluaciones médicas.\nLos programas Head Start también ayudan a los padres y las familias a alcanzar sus propios objetivos. Estos incluyen empleo, vivienda, educación de adultos y el acceso a los servicios médicos.\nEn los programas (https://access.nyc.gov/programs/early-learn/) Early Head Start, también hay un espacio limitado disponible para las embarazadas, los bebés y los niños pequeños.\nLos programas Head Start están en los centros administrados por las organizaciones de la comunidad y sin fines de lucro."
P006p,Odwiedź placówkę sporządzającą rozliczenia podatkowe,,"\nAby ubiegać się o tę ulgę, złóż deklarację podatkową za rok 2024 do 15 kwietnia 2025 roku.\nWiększość uprawnionych nowojorczyków otrzymuje średnio $2,300 z tytułu łączonych ulg EITC. Łączna wartość ulgi może wynosić nawet $11,000."
P011u,,,\n2025‏ کے لیے اپنے نجی صحت بیمہ کی کوریج ‎16‏ نومبر‎2024‏ سے ‎31‏ جنوری ‎2025‏ تک اندراج کرائیں یا اسے تبدیلکریں۔\nاگر آپ NY State of Health (https://nystateofhealth.ny.gov/) ‏ کی معرفتاندراج کراتے ہیں تو، آپ مالی مدد پانے کے اہل ہو سکتے ہیں۔ آپ بیمہکمپنی سے براہ راست نجی بیمہ بھی خرید سکتے ہیں لیکن آپ مالی مدد کےلیے اہل نہیں ہوں گے۔\nاگر آپ کی محدود آمدنی ہے یا بچے ہیں تو، آپ مفت یا کم قیمت پرعوامی صحت بیمہ کے منصوبوں جیسے ‏ (https://access.nyc.gov/programs/medicaid/) Medicaid (https://access.nyc.gov/programs/child-health-plus/) ‏،‏ (https://access.nyc.gov/programs/essential-plan/) Child HealthPlus‏، اور ‏EssentialPlan‏ کے لیے اہل قرار پا سکتے ہیں۔ آپ سال کے دوران کسی بھی وقتان میں اندراج کروا سکتے ہیں۔
P001k,세금 신고 사무소 찾기,,\n이 세금 공제를 받으려면 2025년 4월 15일까지 2024년도 세금을 신고해야 합니다.\n일을 하거나 일자리를 찾는 동안 자녀나 부양가족을 돌봐줄 사람에게 비용을 지불한 경우 귀하에게 자격이 있습니다. 여기에는 어린이집과 베이비시터 비용이 포함됩니다.
P007p,Znajdź lokalizację,https://otda.ny.gov/programs/applications/4826.pdf,"\nWszystkie wnioski o włączenie do programu pomocy pieniężnej (Cash Assistance), Programu dodatkowej pomocy żywnościowej (Supplemental Nutrition Assistance Program, SNAP) oraz Medicaid można złożyć jednocześnie, korzystając z wniosku programu pomocy pieniężnej dostępnego na (https://a069-access.nyc.gov/accesshra/) ACCESS HRA.\nOsoby uprawnione otrzymają świadczenia SNAP w ciągu 30 dni.\nW zależności od sytuacji, w której się znajdujesz, możesz kwalifikować się do programu SNAP, nawet jeśli nie jesteś obywatelem Stanów Zjednoczonych\nMożesz pozwolić, aby ktoś, kto zna Twoją sytuację domową, złożył wniosek w Twoim imieniu."
P008r,,,"\nЕсли вы соответствуете всем требованиям и в программе Head Start есть свободные места, ваш ребенок может присоединиться к программе в любое время на протяжении года.\nУслуги программ предоставляются бесплатно и круглый год (по крайней мере восемь часов в день).\nВаш ребенок может получать полноценное питание и проходить медицинские осмотры.\nПрограммы Head Start также помогают родителям и семьям достичь своих собственных целей. Например, в сфере трудоустройства, жилья, образования для взрослых и доступа к медицинским услугам.\nКроме того, в программах (https://access.nyc.gov/programs/early-learn/) Early Head Start доступно ограниченное количество свободных мест для беременных матерей, грудных младенцев и детей ясельного возраста.\nПрограммы раннего развития Head Start доступны в центрах общественных и некоммерческих организаций."
P016s,,,"\nEnvíe una solicitud para los programas de prekínder para el año escolar 2024-2025 entre el 10 de enero y el 1 de marzo de 2024.\nEn la ciudad de Nueva York, los niños empiezan el prekínder el año calendario en que cumplen cuatro.\nLos programas de prekínder ofrecen las modalidades de día completo, día y año extendidos y Head Start, cada uno con sus propios requisitos de elegibilidad. Obtenga más información (https://www.schools.nyc.gov/enrollment/enroll-grade-by-grade/pre-k) .\nLos programas de prekínder se ofrecen en los cinco condados en tres entornos. Cada centro ofrece un plan de estudios uniforme y de alta calidad según el DOE y basado en el juego. Los entornos pueden ser:\nEscuelas primarias públicas seleccionadas,\nCentros de prekínder administrados por personal del NYCDOE, y\norganizaciones basadas en la comunidad (CBO)."
P001f,Trouvez un bureau de services de préparation des déclarations fiscales,,\nDéposez votre déclaration fiscale 2024 avant le 15 avril 2025 pour demander ce crédit.\nVous êtes admissible si vous avez payé quelqu’un pour prendre soin de vos enfants ou des personnes à votre charge pendant que vous étiez au travail ou en recherche d’emploi. Cela comprend les frais de garderie ou de baby-sitter.
P015u,سنٹر تلاش کریں,https://www1.nyc.gov/assets/rentfreeze/downloads/pdf/scrie/translations/scrie-initial-packet_urdu.pdf,"\nاگر آپ SCRIE کیلئے درخواست دیتے ہیں اور وقت پر تجدید کراتے ہیں تو ممکن ہے کہ آپ کو مستقبل میں کرایہ کی اتنی ہی رقم ادا کرنی پڑے جتنی آپ ابھی کرتے ہیں۔\nجو بزرگ شہری مخصوص کرایے یا ڈیولپمنٹس میں رہتے ہیں وہ SCRIE کیلئے اہل ہو سکتے ہیں۔\nاگر آپ نے اپنے ٹیکس جمع نہیں کرائے ہیں تب بھی آپ SCRIE کیلئے اہل ہو سکتے ہیں۔\nدرخواست دینے کیلئے آپ کو اپنے مکان مالک کی اجازت کی ضرورت نہیں ہے۔\nدرخواست دینے کے بعد، جواب موصول ہونے میں لگ بھگ 10 سے 15 دن لگتے ہیں۔\nNYC رینٹ فریز پروگرام میں (https://access.nyc.gov/programs/disability-rent-increase-exemption-drie/) معذوری کے سبب کرایہ میں اضافہ سے استثناء (Disability Rent Increase Exemption, DRIE) بھی شامل ہے۔"
P006a,اعثر على موقع لإعداد الإقرار الضريبي,,"\nسارع إلى تقديم إقراراتك الضريبية لعام 2024 في موعد أقصاه 15 أبريل 2025 لتتمكن من المطالبة بهذا الخصم الضريبي.\nيتلقى معظم سكان مدينة نيويورك مبلغًا متوسطه 2.300 دولار أمريكي على هيئة مخصصات مجمعة لمنافع الخصم الضريبي على الدخل المكتسب (EITC). وقد يبلغ إجمالي الخصم المُجمَّع 11,000 دولار بحد أقصى."
P019en,Find an office,https://access-nyc-s3-uploads.s3.amazonaws.com/uploads/2023/11/LDSS-3421-Rev.-5-23.pdf,"HEAP pays for fuel, utilities, and heating and cooling equipment repairs or replacement. Payments go directly to your utility company or energy provider. You can get HEAP even if utilities are included in your rent.HEAP has several components:\nRegular Benefit|Applications for the 2025-2026 winter heating season are now open. Benefits are first-come, first-serve, so (https://a069-access.nyc.gov/accesshra/) apply today on ACCESS HRA (https://access.nyc.gov/programs/cooling-assistance-benefit) . Applications close April 7, 2026 or when funds run out.What: A one-time benefit that can help you pay for heating your homeWhen: Typically early fall through early spring\nEmergency Benefit|Applications open January 2, 2026.What: Helps you heat your home if you're in a heat- or heat-related emergencyWhen: Winter\nHeating Equipment Repair & Replacement Benefit|Applications closed on May 9, 2025.What: Helps homeowners repair or replace furnace, boiler, and/or other essential heating equipmentWhen: Winter/spring\nClean and Tune Benefit|Applications closed on May 9, 2025.What: Helps homeowners get energy-efficient upgrades, including:\nprimary heating equipment cleaning\nchimney cleaning\nminor repairs\ncarbon monoxide detector installationWhen: Winter/spring\nCooling Assistance Benefit|Applications open April 15, 2026.What: Helps eligible households buy and install an air conditioner or fanWhen: Spring/summer\n"
P013f,,,"\nLes candidatures pour le Programme d’aide au choix du logement de la ville de New York (NYC Section 8 Housing Choice Voucher) sont actuellement fermées.\nSi vous avez déjà soumis une demande au titre de la section 8, connectez-vous au (https://selfserve.nycha.info/nycha/app/eservice/enu?SWECmd=Start&) portail en libre-service (https://access.nyc.gov/programs/nyc-housing-connect/) pour confirmer la réception de votre demande auprès de la NYCHA.\nTrouver des solutions de logement abordables auprès de la (http://www.nychdc.com/pages/Now-Renting.html) NYC Housing Connect et de la NYC Housing Development Corporation‎."
P018k,,https://www1.nyc.gov/assets/finance/downloads/pdf/payment_operations/2020/veterans.pdf,"\n그해 7월 1일부터 혜택을 받으려면 3월 15일까지 신청하십시오.\n재산세 인하율을 계산하는 데 사용되는 비율은 지원자의 재향군인 신분에 따라 다릅니다. 유형은 기본, 전투, 장애가 있습니다."
P008en,,,"\nYour child can begin a Head Start program at any time of the year if you qualify and there are open seats. \nPrograms are free and run year-round for at least eight hours a day.\nYour child can get nutritious meals and health screenings.\nHead Start programs also help parents and families achieve their own goals. These include employment, housing, adult education, and accessing health services.\nLimited space is also available in (https://access.nyc.gov/programs/early-learn/) Early Head Start programs, which serve pregnant mothers, infants, and toddlers.\nHead Start programs are located in centers run by community organizations and non-profits."
P016en,,,"\nApply to pre-K for the 2025-2026 school year between January 15, 2025 to February 28, 2025.\nIn New York City, children begin pre-K in the calendar year they turn four.\nPre-K programs offer Full day, Extended Day and Year and Head Start seat types, each with their own eligibility requirements. Learn more (https://www.schools.nyc.gov/enrollment/enroll-grade-by-grade/pre-k) .\nPre-K programs are offered throughout the five boroughs in three settings. Each setting offers a consistent DOE high-quality, play-based curriculum. Settings might be:\nselect public elementary schools,\nPre-K centers run by NYCDOE staff, and\ncommunity-based organizations (CBOs)."
P015r,Найдите центр,https://www1.nyc.gov/assets/rentfreeze/downloads/pdf/scrie/translations/scrie-initial-packet_rus.pdf,"\nВ будущем вы продолжите платить арендную плату в том же размере, что и сейчас, если подадите заявку на участие в SCRIE и своевременно будете ее возобновлять.\nКритериям участия в программе SCRIE отвечают пожилые граждане, которые проживают в определенном арендуемом жилье или жилом комплексе.\nВы можете отвечать критериям участия в SCRIE, даже если не подавали налоговую декларацию.\nВам не нужно разрешение вашего арендодателя для оформления заявки.\nПосле ее подачи вы получите ответ примерно через 10–15 дней.\nПрограмма г. Нью-Йорка по освобождению от повышения арендной платы (NYC Rent Freeze) также включает (https://access.nyc.gov/programs/disability-rent-increase-exemption-drie/) Программу освобождения инвалидов от повышения арендной платы (Disability Rent Increase Exemption, DRIE)."
P010hc,Jwenn yon sant Access pou benefis HRA yo,https://otda.ny.gov/programs/applications/2921-HA.pdf,"\nOu dwe pwouve idantite w, kote w rete, ak revni ou.\nSelon sitiyasyon w, ou kapab kalifye pou èd lajan kach la menmsi w pa yon sitwayen ameriken.\nSi w kapab travay, ou dwe swa ap travay oswa w ap suiv yon pwogram edikasyon oswa fòmasyon, oubyen w ap patisipe nan yon pwogram yo te mande w pou w patisipe pou w ka jwenn lajan kach la. Si w gen 60 ane oswa plis, egzijans sa yo pa pou ou."
P006f,Trouvez un bureau de services de préparation des déclarations fiscales,,"\nDéposez votre déclaration fiscale 2024 avant le 15 avril 2025 pour demander ce crédit.\nEn moyenne, la plupart des New-Yorkais éligibles reçoivent $2,300 de crédits EITC combinés. Le crédit combiné peut s’élever jusqu’à $11,000."
P010a,اعثر على أحد مراكز الوصول إلى مخصصات HRA المفتوحة,https://otda.ny.gov/programs/applications/2921-AR.pdf,\nتتطلب وثيقة إثبات الهوية والعنوان والدخل.\nقد تكون مؤهلاً للحصول على المساعدة النقدية حتى لو لم تكن مواطنًا أمريكيًا، على حسب وضعك.\nإذا كنت قادرًا على العمل، فستحتاج إما إلى أن تكون ملتحقًا بعمل، أو ببرنامج تعليمي أو تدريبي، أو المشاركة في برنامج مخصص لك من أجل الحصول على المساعدة النقدية. إذا كان عمرك 60 عامًا أو أكبر، فأنت معفًى من هذا الشرط.
P004en,Find a tax prep location,,"\nFile your 2024 tax return by April 15, 2025 to claim this credit.\nYour family can be eligible even if you did not earn income or owe any income taxes. However, your child needs to have a Social Security Number.\nOnly one parent can claim a child for the Child Tax Credit (and on their tax return). Whoever the child lived with for more than six months is the parent or caregiver who should claim the child.\nThe credit does not count as income and will not affect your eligibility for public benefits."
P006hc,Jwenn yon biwo yo prepare taks,,"\nRanpli deklarasyon taks sou revni ane 2024 ou an anvan 15 avril 2025 pou w reklame kredi sa.\nAn mwayèn, pifò Nouyòkè ki elijib yo resevwa $2,300 nan kredi EITC konbine. Kredi konbine a ka gen yon valè ki ale jiska $11,000."
P015s,Encontrar un centro,https://www1.nyc.gov/assets/rentfreeze/downloads/pdf/scrie/translations/scrie-initial-packet_span.pdf,"\nPuede seguir pagando la misma cantidad de renta en el futuro que ahora si solicita SCRIE y renueva a tiempo.\nLos adultos mayores que viven en ciertas rentas o complejos pueden calificar para SCRIE.\nPuede calificar para SCRIE incluso si presentó sus impuestos.\nNo necesita el permiso del arrendador para presentar una solicitud.\nUna vez que presenta la solicitud, toma alrededor de 10-15 días para recibir una respuesta.\nEl programa de Congelación de la renta de la Ciudad de Nueva York (NYC Rent Freeze Program) también incluye el (https://access.nyc.gov/programs/disability-rent-increase-exemption-drie/) Programa de exención de aumento de renta para personas con discapacidad (Disability Rent Increase Exemption, DRIE)."
P003hc,Jwenn yon pwogram,https://www1.nyc.gov/site/acs/early-care/forms.page,"\nOpsyon pou gadri timoun yo genyen ladan:\nPwogram pou tibebe ak timoun piti pou timoun ki gen sis (6) semèn jiska de (2) lane. Pwogram sa yo fèt nan sant oswa nan kay pandan jiska dis (10) èdtan nan yon jou.\nPwogram Early Head Start yo pou fanm ansent, tibebe ak timoun piti yo. Pwogram sa yo bay sèvis pandan omwen wit (8) èdtan chak jou.\nSi ou kalifye epi gen plas ki disponib, pitit ou kapab kòmanse yon pwogram nenpòt lè nan ane a.\nToutotan pitit ou gen estati legal, li kalifye pou swen kèlkeswa sitiyasyon estati legal paran yo.\nKalifikasyon an baze sou revni fanmi ou, kantite moun ki nan fanmi ou ak bezwen yo.\nFanmi yo pral bezwen peye kèk nan depans pou gadri pou timoun yo si yo pa resevwa asistans lajan Kach, si yo pa nan fanmi dakèy, oswa si yo pa sanzabri."
P009f,,,"\nLes programmes COMPASS permettent aux jeunes de participer à :\nun apprentissage en littérature et sciences, technologie, techniques de l’ingénieur et mathématiques (STEM),\nà des activités basées sur des projets en prise directe et alignés avec les standards de la formation,\nà des programmes de grande qualité dans les arts et les sports.\nLes programmes durent en règle générale trois heures par jour, cinq jours par semaine, y compris pendant les vacances scolaires.\nCes programmes sont proposés dans les cinq arrondissements et dans de nombreuses quartiers périphériques."
P014u,سنٹر تلاش کریں,https://www1.nyc.gov/assets/finance/downloads/pdf/translations/sche_initial/sche-initial-urdu.pdf,"\nاس سال 1 جولائی سے شروع ہونے والی مراعات کے لیے 15 مارچ تک درخواست دیں۔ اگر 15 مارچ سنیچر اتور کو یا چھٹی کے دن آتا ہے تو آخری تاریخ اگلا کاروباری دن ہے۔\nعمر، آمدنی، اور ٹیکس میں کٹوتی کا ثبوت درکار ہے۔\nاگر آپ کی پراپرٹی SCHE اور گھر کے معذور مالکوں کی چھوٹ (Disabled Homeowners Exemption, DHE) کے لیے اہل قرار پاتی ہے، تو آپ کو صرف SCHE دیا جائے گا۔ آپ دونوں حاصل نہیں کر سکتے۔\nاملاک کے تمام مالکان کی عمر 65 سال یا اس سے زائد ہونا ضروری ہے، الّا یہ کہ مالکان شریک حیات یا سگے بھائی بہن ہوں۔ اگر آپ شریک حیات یا بہن بھائی کے ساتھ پراپرٹی کے مالک ہیں، تو آپ میں سے صرف ایک کا 65 سال یا اس سے زیادہ عمر کا ہونا ضروری ہے۔\nہر دو سال بعد 15 مارچ تک تجدید کرائیں۔ جب تجدید کا وقت آئے گا تو محکمہ خزانہ آپ کو تجدید کی درخواست بھیجے گا۔ اگر آپ تجدید نہیں کراتے ہیں تو آپ کے پراپرٹی ٹیکس میں نمایاں اضافہ ہو سکتا ہے۔"
P018hc,,https://www1.nyc.gov/assets/finance/downloads/pdf/payment_operations/2020/veterans.pdf,"\nAplike anvan 15 mas pou avantaj yo kòmanse 1 ye jiyè nan ane sa a.\nTo yo itilize pou yo kalkile rediksyon taks la depannde estati veteran aplikan an. Genyen twa (3) kalite: debaz, konba, ak andikape."
P019f,Trouver un bureau,https://otda.ny.gov/programs/applications/3421.pdf,"Le programme HEAP comporte plusieurs volets :\nAllocation ordinaire (Regular Benefit) :|Les candidatures ont été clôturées le 7 avril 2025. Une allocation unique qui peut vous aider à payer le chauffage de votre maison.\nAllocation d’urgence|Les candidatures ont été clôturées le 7 avril 2025. Vous aide à chauffer votre maison en cas d’urgence liée à la chaleur.\nRéparation de l’équipement de chauffage et prestation de remplacement|Les candidatures ont été clôturées le 9 mai 2025. Aide les propriétaires à réparer ou à remplacer la chaudière, le chauffe-eau et/ou d’autres équipements de chauffage essentiels au bon fonctionnement de la principale source de chauffage de la maison.\nAllocation de nettoyage et réglage (Clean and Tune Benefit) :|Les candidatures ont été clôturées le 9 mai 2025. Aide les propriétaires à obtenir des services d’efficacité énergétique. Il s’agit du nettoyage de l’équipement de chauffage principal, mais aussi du nettoyage de la cheminée, de réparations mineures ou de l’installation de détecteurs de monoxyde de carbone, afin de permettre un fonctionnement sûr, correct et efficace de l’équipement de chauffage.\nAllocation d’aide à la climatisation| (https://access.nyc.gov/programs/cooling-assistance-benefit/) Candidatures ouvertes‎. Aide les foyers admissibles à acheter et à installer un climatiseur ou un ventilateur pour que leur maison reste fraîche.\n"
P008p,,,"\nW przypadku zakwalifikowania się i dostępności wolnych miejsc, Pana/Pani dziecko może rozpocząć program Head Start w dowolnym momencie roku.\nProgramy są bezpłatne i działają przez cały rok przez co najmniej osiem godzin dziennie.\nDziecko ma dostęp do pożywnych posiłków i kontroli stanu zdrowia.\nProgramy Head Start pomagają również rodzicom i rodzinom realizować ich cele. Są to: praca, mieszkanie, edukacja dorosłych i dostęp do usług medycznych.\nDostępna jest również ograniczona liczba miejsc w programach (https://access.nyc.gov/pl/programs/infant-and-toddler-programs/) Early Head Start, przeznaczonych dla kobiet w ciąży, niemowląt i małych dzieci.\nProgramy Head Start realizowane są w ośrodkach prowadzonych przez organizacje społeczne i non-profit."
P017hc,Chèche yon sant,https://www1.nyc.gov/assets/finance/downloads/pdf/translations/dhe_initial/dhe-initial-creo.pdf,"\n (https://a836-pts-efile.nyc.gov/SmartFile/Filing/FilingType/Info/NYC_dhe) Aplike sou entènèt (https://a836-pts-efile.nyc.gov/SmartFile/Filing/FilingType/Info/NYC_DHE_COOP) avan 16 Mas pou avantaj yo kòmanse 1ye jiyè\nSi ou ap viv nan yon co-op, ou ka aplike sou entènèt avèk aplikasyon co-op DHE an.\nEkzije prèv pou andikap, revni, ak prelèvman enpo\nTout pwopriyetè yo sipoze moun ki andikape amwenske pwopriyete a se pou madanm, mari, frè oswa sè ou, epi moun sa yo pa bezwen andikape\nSi pwopriyete ou a kalifye pou ak Egzanpsyon Pwopriyetè Granmoun Aje a (SCHE), se sèlman SCHE w ap ka jwenn, ou p ap ka jwenn toude\nLa prestation DHE doit être renouvelée annuellement. Le ministère des Finances vous enverra une demande de renouvellement lorsqu'il sera temps de renouveler votre prestation. Vous devez renouveler votre exonération d'ici le 15 mars, sans quoi vos impôts fonciers pourraient augmenter considérablement."
P019b,একটি অফিস খুঁজুন,https://otda.ny.gov/programs/applications/3421.pdf,"HEAP এর বেশ কয়েকটি উপাদান রয়েছে:\nনিয়মিত সুবিধা (Regular Benefit)|আবেদন গ্রহণের শেষ তারিখ ছিল 7 এপ্রিল, 2025। এককালীন একটি সুবিধা যা আপনার বাড়ি গরম রাখার খরচ মেটাতে সাহায্য করতে পারে।\nজরুরী সুবিধা (Emergency Benefit)|আবেদন গ্রহণের শেষ তারিখ ছিল 7 এপ্রিল, 2025। আপনি যদি তাপ বা তাপ-সংক্রান্ত জরুরি পরিস্থিতিতে থাকেন, তাহলে এটি আপনাকে আপনার বাড়ি গরম রাখতে সাহায্য করতে পারে।\nহিটিং সরঞ্জাম মেরামত ও বদলের সুবিধা|আবেদন গ্রহণের শেষ তারিখ ছিল 9 মে, 2025। এটি বাড়ির মালিকদের ফার্নেস, বয়লার এবং/অথবা অন্যান্য প্রয়োজনীয় হিটিং সরঞ্জাম মেরামত বা বদলে সাহায্য করে, যাতে আপনার বাড়ির প্রধান তাপ সরবরাহ ব্যবস্থা সচল রাখা যায়।\nক্লিন এবং টিউন সুবিধা (Clean and Tune Benefit)|আবেদন গ্রহণের শেষ তারিখ ছিল 9 মে, 2025। এটি বাড়ির মালিকদের জ্বালানি-দক্ষতা পরিষেবাগুলি পেতে সাহায্য করে। এর মধ্যে প্রধান হিটিং সরঞ্জামের পরিষ্কার করা অন্তর্ভুক্ত, তবে এর মধ্যে চিমনি পরিষ্কার করা, ছোটখাটো মেরামত বা কার্বন মনোঅক্সাইড ডিটেক্টর স্থাপনও অন্তর্ভুক্ত থাকতে পারে, যাতে হিটিং সরঞ্জাম নিরাপদ, সঠিক ও দক্ষভাবে চলতে পারে।\nকুলিং অ্যাসিস্ট্যান্স বেনিফিট| (https://access.nyc.gov/programs/cooling-assistance-benefit/) আবেদন গ্রহণ চলছে। যোগ্য পরিবারগুলিকে বাড়ি ঠান্ডা রাখতে সাহায্য করার জন্য একটি এয়ার কন্ডিশনার বা ফ্যান কিনতে এবং ইনস্টল করতে সাহায্য করে।\n"
P016a,,,"\nتقدَّم إلى برنامج صف ما قبل الروضة للعام الدراسي 2024-2025 في الفترة من 10 يناير 2024 إلى 1 مارس 2024.\nفي مدينة نيويورك، يبدأ الأطفال برنامج صف ما قبل الروضة في العام الميلادي الذي يبلغون فيه سن الرابعة.\nتوفر برامج صف ما قبل الروضة أنواع برامج مقاعد اليوم الكامل (Full day) واليوم الدراسي والعام الدراسي المطوَّلين (Extended Day and Year) وبرنامج Head Start، ولكل برنامج منها متطلبات أهلية خاصة به. تعرّف على المزيد (https://www.schools.nyc.gov/enrollment/enroll-grade-by-grade/pre-k) .\nتقدَّم برامج صف ما قبل الروضة في جميع أنحاء الأحياء الخمسة في ثلاثة أماكن. يقدم كل مكان منهجًا دراسيًا متسقًا عالي الجودة يعتمد على اللعب، مقدمًا من الإدارة التعليمية. قد تكون الأماكن:\nبعض المدارس الابتدائية العامة،\nومراكز صفوف ما قبل الروضة التي يديرها موظفو إدارة التعليم بمدينة نيويورك (NYC Department of Education, DOE)،\nمنظمات مجتمعية (Community-Based Organizations, CBOs)."
P020a,,,\nلم تعد الأسر بحاجة إلى ملء الطلبات للتأهل للحصول على مخصصات وجبة مجانية.\nقد يُطلب من الأسر ملء نموذج إثبات دخل الأسرة (https://www.myschoolapps.com/Home/PickDistrict) لمساعدة المدارس في الحصول على التمويل.
P014hc,Chèche yon sant,https://www1.nyc.gov/assets/finance/downloads/pdf/translations/sche_initial/sche-initial-creo.pdf,"\nAplike anvan 15 mas pou avantaj yo kòmanse 1ye jiyè nan ane sa a. Si 15 mas tonbe nan wikenn oswa jou ferye, dat limit lan se pwochen jou ouvrab la.\nLi mande prèv laj, revni, ak dediksyon taks.\nSi pwopriyete w la kalifye pou SCHE ak Egzanpsyon pou Pwopriyetè Kay ki gen Andikap (Disabled Homeowners Exemption, DHE), yo ap sèlman ba ou SCHE. Ou pa kapab jwenn toude.\nTout pwopriyetè yo dwe gen 65 lane oswa plis, sof si pwopriyetè yo se mari/madanm oswa frè/sè. Si ou posede pwopriyete a avèk yon mari/madanm oswa frè/sè, se sèlman youn nan nou ki dwe gen 65 lane oswa plis.\nRenouvle chak de (2) lane anvan 15 mas. Depatman Finans ap voye yon aplikasyon renouvèlman ba ou lè peryòd renouvèlman an rive. Si ou pa renouvle, taks sou pwopriyete w la kapab ogmante anpil."
P016p,,,"\nZłóż wniosek o przyjęcie do programu Pre-K na rok szkolny 2024–2025 między 10 stycznia a 1 marca 2024 r.\nW Nowym Jorku dzieci rozpoczynają program Pre-K w roku kalendarzowym, w którym skończą cztery lata.\nProgramy Pre-K oferują opcję opieki całodziennej, przedłużonej opieki dziennej i rocznej, w tym „Head Start”, przy czym każda z opcji objęta jest osobnymi kryteriami kwalifikowalności. Dowiedz się więcej (https://www.schools.nyc.gov/enrollment/enroll-grade-by-grade/pre-k) .\nProgramy Pre-K oferowane są w pięciu dzielnicach, w trzech placówkach. W każdej z tych placówek realizowany jest wysokiej jakości spójny i oparty na zabawie program nauczania opracowany przez DOE. Do placówek mogą należeć:\nwybrane publiczne szkoły podstawowe\nośrodki Pre-K prowadzone przez personel DOE miasta Nowy Jork oraz\norganizacje społeczne (CBO)."
P004hc,Jwenn yon biwo yo prepare taks,,\nRanpli deklarasyon taks sou revni ane 2024 ou an anvan 15 avril 2025 pou w reklame kredi sa.\nFanmi w ka kalifye menm si ou pa t touche revni oswa ou pa t dwe okenn taks sou revni. Sepandan. timoun ou an bezwen genyen yon Nimewo Sekirite Sosyal\nSe yon sèl paran ki ka reklame yon timoun pou Kredi Taks pou Timoun (ak sou deklarasyon taks yo). Nenpòt moun ki timoun nan te viv ak pou plis pase sis mwa se paran oswa moun k ap bay swen an ki ta dwe reklame timoun nan.\nKredi a pa konte kòm revni e li pap afekte dwa w genyen pou resevwa asistans piblik.
P014p,Znajdź ośrodek,https://www1.nyc.gov/assets/finance/downloads/pdf/translations/sche_initial/sche-initial-poli.pdf,"\nWniosek należy złożyć do 15 marca, aby uzyskać świadczenie od 1 lipca tego samego roku. Jeśli 15 marca wypada w weekend lub święto, termin upływa następnego dnia roboczego.\nWymagane potwierdzenie wieku, dochodu i potrącenie na poczet podatku.\nJeśli Twoja nieruchomość kwalifikuje się do zwolnienia SCHE i zwolnienia niepełnosprawnych właścicieli domów (Disabled Homeowners Exemption, DHE), przyznane zostanie wyłącznie zwolnienie SCHE. Nie przyznaje się obydwu zwolnień naraz.\nWszyscy właściciele nieruchomości muszą mieć ukończone co najmniej 65 lat, chyba że właścicielami są małżonkowie lub rodzeństwo. Jeśli jesteś współwłaścicielem nieruchomości wraz z małżonkiem lub rodzeństwem, tylko jedna z osób musi mieć skończone 65 lat.\nUlgę można przedłużyć co dwa lata, do 15 marca. Wydział Finansów prześle Ci wniosek o przedłużenie ulgi, gdy nadejdzie czas przedłużenia. Jeśli nie przedłużysz ulgi, Twoje podatki od nieruchomości mogą znacznie wzrosnąć."
P009u,,,"\nCOMPASS پروگراموں میں، نوجوان درج ذیل میں حصہ لے سکتے ہیں:\nخواندگی اور سائنس، ٹیکنالوجی، انجینئرنگ اور ریاضی (Science, Technology, Engineering & Mathematic, STEM) کی تعلیم۔\nوہ سرگرمیاں جو ایک دوسرے کے ساتھ ہیں، پروجیکٹ پر مبنی ہیں، اور تعلیمی معیارات سے ہم آہنگ ہیں۔\nاعلی معیار کے فنون اور کھیلوں کی پروگرامنگ۔\nپروگرام عام طور پر اسکول کی چھٹیوں کے بشمول، ہر دن تین گھنٹے اور ہفتے میں پانچ دن ہوتے ہیں۔\nپروگرام پانچوں بوروز میں اور بہت سے علاقوں میں پیش کیے جاتے ہیں۔"
P016hc,,,"\nAplike pou preskolè pou ane lekòl 2024-2025 anvan 10 Janvye pou 1ye Mas 2024.\nNan Vil New York, timoun yo kòmanse pre-K nan ane sivil yo genyen kat (4) lane a.\nPwogram Preskolè yo ofri plas pandan tout jounen, Jounen ak Ane Pwolonje ak nan Head Start, chak pwogram genyen pwòp kritè sou kalifikasyon yo. Aprann plis (https://www.schools.nyc.gov/enrollment/enroll-grade-by-grade/pre-k) .\nPwogram 3-K yo disponib nan tout senk awondisman yo nan twa kad. Chak etablisman ofri yon pwogram regilye, kalite siperyè ki baze sou jwèt. Kad yo kapab:\nseleksyone lekòl la primè piblik yo,\nSant preskolè anplwaye NYCDOE ap dirije yo, ak\nòganizasyon Kominotè."
P016c,,,"\n2024 年 1 月 10 日至 2024 年 3 月 1 日期間申請 2024-2025 學年的 Pre-K。\n紐約市兒童滿四歲當年可開始參加 pre-K 計畫。\nPre-K 計畫提供全日 (Full day)、延長日 (Extended Day) 和全年 (Year) 以及啟蒙教育 (Head Start) 的學位類型，每個學位都有自身的資格要求。瞭解更多資訊 (https://www.schools.nyc.gov/enrollment/enroll-grade-by-grade/pre-k) 。\n在五個行政區的三種場域中提供 Pre-K 計畫。 各場域一致提供寓教於樂的優質 DOE 課程。 場域必須是：\n精選公立小學、\n由 NYCDOE 員工運營的 Pre-K 中心，以及\n社區型組織 (Community-Based Organization, CBO)。"
P016b,,,"\n 18 মার্চ, 2022 এর মধ্যে 2022-2023 শিক্ষাবর্ষের জন্য প্রি-K-তে আবেদন করুন।\nনিউ ইয়র্ক সিটিতে, শিশুরা চার বছর বয়সের ক্যালেন্ডার বর্ষে প্রি-K শুরু করে।\nপ্রি-K কর্মসূচি ফুল ডে, এক্সটেন্ডেড ডে ও ইয়ার এবং হেড স্টার্ট (Head Start) সিটের ধরন প্রদান করে। আরও জানুন (https://www.schools.nyc.gov/enrollment/enroll-grade-by-grade/pre-k) ।\nপ্রি-K কর্মসূচিগুলি কিছু পাবলিক এলিমেন্টারি স্কুল, প্রি-K সেন্টারগুলি অফার করে যেগুলি NYCDOE কর্মীদের দ্বারা পরিচালিত হয় এবং কমিউনিটি-ভিত্তিক সংস্থাগুলিতে অবস্থিত। প্রতিটি কেন্দ্র একটি সামঞ্জস্যপূর্ণ DOE উচ্চ-মানের, খেলা-ভিত্তিক পাঠ্যক্রম অফার করে।"
P010b,একটি খোলা থাকা HRA বেনিফিট অ্যাক্সেস সেন্টার খুঁজুন,https://otda.ny.gov/programs/applications/2921-BE.pdf,"\nপরিচয়পত্র, বাসস্থন, আয় এবং নাগরিকত্বের স্থিতির প্রমাণপত্র প্রয়োজন।\nনগদ সহায়তা সুবিধা পাওয়ার জন্য আপনাকে মার্কিন নাগরিক বা আপনার সন্তোষজনক অভিবাসন স্থিতি থাকতে হবে; যখন আপনি আবেদন করবেন তখন একজন কর্মী আপনার স্থিতি জানতে সাহায্য করবেন।\nযদি আপনি কাজ করতে সক্ষম হন, তাহলে নগদ সহায়তা পেতে আপনাকে হয় শিক্ষা বা প্রশিক্ষণ প্রোগ্রামে কাজ করতে হবে, নতুবা আপনাকে দেওয়া প্রোগ্রামে অংশগ্রহণ করতে হবে।"
P013en,,,"\nApplications for the NYC Section 8 Housing Choice Voucher are currently closed.\nIf you previously submitted a Section 8 application, log on to the (https://selfserve.nycha.info/nycha/app/eservice/enu?SWECmd=Start&) Self-Service Portal (https://access.nyc.gov/programs/nyc-housing-connect/) to confirm the receipt of your NYCHA application.\nFind affordable housing alternatives through (http://www.nychdc.com/pages/Now-Renting.html) NYC Housing Connect and NYC Housing Development Corporation."
P001p,Odwiedź placówkę sporządzającą rozliczenia podatkowe,,"\nAby ubiegać się o tę ulgę, złóż deklarację podatkową za rok 2024 do 15 kwietnia 2025 roku.\nDo ulgi kwalifikują się osoby, które płaciły za opiekę nad dziećmi lub osobami od siebie zależnymi podczas wykonywania pracy lub poszukiwania zatrudnienia. Obejmuje to koszty pobytu w ośrodku opieki dziennej lub usług opiekunki do dzieci."
P005p,Znajdź centrum,https://www1.nyc.gov/assets/rentfreeze/downloads/pdf/drie/translations/drie-initial-packet_pol.pdf,"\nZgłaszając się do programu DRIE i terminowo odnawiając swoje uczestnictwo, najemca może nadal płacić czynsz w niezmienionej wysokości.\nAby zakwalifikować się do programu DRIE, musisz otrzymywać odpowiednie świadczenie dla osób niepełnosprawnych.\nNie musisz składać zeznań podatkowych, aby przystąpić do programu DRIE.\nZgłoszenie do programu nie wymaga zgody wynajmującego.\nPo zgłoszeniu skontaktujemy się z Tobą w ciągu około 10 do 15 dni.\nProgram zamrożenia czynszów w mieście Nowy Jork obejmuje również (https://access.nyc.gov/programs/senior-citizens-rent-increase-exemption) program wyłączenia starszych obywateli z podwyższania czynszu (Senior Citizen Rent Increase Exemption, SCRIE)."
P009en,,,"\nIn COMPASS programs, young people get to participate in:\nliteracy and Science, Technology, Engineering & Mathematic (STEM) learning.\nactivities that are hands-on, project-based, and aligned with educational standards.\nhigh quality arts and sports programming.\nPrograms are typically three hours each day, five days per week, including on school holidays.\nPrograms are offered in all five boroughs and in many neighborhoods."
P006k,세금 신고 사무소 찾기,,"\n이 세금 공제를 받으려면 2025년 4월 15일까지 2024년도 세금을 신고해야 합니다.\n평균적으로 대부분의 공제 대상 뉴욕 시민들은 종합하여 $2,300의 EITC 공제를 받습니다. 총 공제액은 최대 $11,000까지 받을 수 있습니다."
P007s,Encuentre un lugar,https://otda.ny.gov/programs/applications/4826-SP.pdf,"\nPuede solicitar Asistencia en efectivo, SNAP y Medicaid todo al mismo tiempo a través de la solicitud de Asistencia en efectivo en (https://a069-access.nyc.gov/accesshra/) ACCESS HRA.\nSi es elegible, recibirá sus beneficios en un plazo de 30 días.\nDependiendo de su situación, puede ser elegible para SNAP incluso si no es ciudadano americano.\nPuede autorizar a alguien que sepa la situación de su grupo familiar para que envíe una solicitud por usted."
P009s,,,"\nEn los programas COMPASS, los jóvenes pueden participar en:\nalfabetización y aprendizaje de ciencia, tecnología, ingeniería y matemáticas (Science, Technology, Engineering & Mathematic, STEM).\nactividades prácticas, basadas en proyectos y alineadas con los estándares de educación.\nprogramación de artes y deportes de alta calidad.\nLos programas suelen durar tres horas al día, cinco días a la semana, incluso durante las vacaciones de la escuela.\nLos programas se dan en los cinco condados y en muchos barrios."
P001c,找尋報稅地點,,\n請在 2025 年 4 月 15 日前提交 2024 年報稅表，以申請此項抵免。\n如果您在工作或求職期間，曾支付費用請人照顧您的子女或受撫養人，您便符合資格。 其中包括日托中心或保姆費用。
P009c,,,"\n在 COMPASS 計畫中，年輕人可以參加：\n讀寫能力以及科學、科技、工程與數學 (Science, Technology, Engineering & Mathematic, STEM) 學習。\n親自動手做、以專案為基礎且符合教育標準的活動。\n高品質的藝術與運動計畫。\n計畫一般為每週五天、每天三小時，其中包括學校假日。\n計畫在五個行政區及許多鄰近社區提供。"
P019k,사무소 찾기,https://otda.ny.gov/programs/applications/3421.pdf,"HEAP에는 여러 요소가 있습니다.\n정기 혜택|신청은 2024년 4월 7일에 마감되었습니다. 주택 난방비를 납부하는 데 도움이 될 수 있는 일회성 혜택입니다.\n응급 혜택|신청은 2024년 4월 7일에 마감되었습니다. 난방 또는 난방 관련 응급 사항이 있을 시 귀하의 가정 난방에 도움이 됩니다.\n난방 설비 수리 & 교체 혜택|신청은 2025년 5월 9일에 마감되었습니다. 주택 소유주가 귀하의 가정 내 주요 난방원이 작동하도록 보장하는 데 필요한 난방로, 보일러 및/또는 기타 필수 난방 설비 수리 또는 교체에 도움이 됩니다.\n클린 앤 튠 혜택|신청은 2025년 5월 9일에 마감되었습니다. 주택 소유주가 에너지 효율 서비스를 받는 데 도움이 됩니다. 이에는 주요 난방 설비 세척이 포함되며, 난방 설비의 안전하고 적절하며 효과적인 작동을 위한 굴뚝 청소, 경미한 수리 또는 일산화탄소 감지기 설치도 포함될 수 있습니다.\n냉방 지원 혜택| (https://access.nyc.gov/programs/cooling-assistance-benefit/) 신청 개시. 적격 가구가 가정을 시원하게 유지하는 데 도움이 되는 에어컨 또는 선풍기 구매 및 설치에 도움이 됩니다.\n"
P0015f,Trouvez un centre,https://www1.nyc.gov/assets/finance/downloads/pdf/translations/sche_initial/sche-initial-fren.pdf,"\nVous pouvez continuer à payer le même montant de loyer à l’avenir comme c’est le cas maintenant si vous déposez une demande pour le programme SCRIE et si vous la renouvelez à temps.\nLes citoyens seniors qui vivent dans certaines locations ou certains logements sociaux peuvent être admissibles au programme SCRIE.\nVous pouvez être admissible au programme SCRIE même sans avoir effectué de déclaration de revenus.\nVous n’avez pas besoin d’une autorisation de votre propriétaire pour déposer une demande.\nUne fois la demande déposée, cela prend environ 10-15 jours pour recevoir une réponse.\nLe programme de gel des loyers de la ville de New York (NYC Rent Freeze) inclut également l' (https://access.nyc.gov/programs/disability-rent-increase-exemption-drie/) Exemption à l’augmentation des loyers des personnes handicapées (Disability Rent Increase Exemption, DRIE)."
P001a,اعثر على موقع لإعداد الإقرار الضريبي,,\nسارع إلى تقديم إقراراتك الضريبية لعام 2024 في موعد أقصاه 15 أبريل 2025 لتتمكن من المطالبة بهذا الخصم الضريبي.\nتصبح مؤهلاً إذا دفعت لشخص ما مقابل رعاية أطفالك أو المعالين أثناء ممارسة العمل أو أثناء البحث عن عمل. ويشمل ذلك نفقات مراكز الرعاية النهارية أو جليسات الأطفال.
P012r,,https://www1.nyc.gov/assets/finance/downloads/pdf/payment_operations/2020/star-to-estar.pdf,"\nСуществует два типа льгот в рамках программы STAR в зависимости от дохода семьи\nБазовые льготы по программе STAR предназначены для домовладельцев, чей общий доход семьи не превышает 500 000 долл. Рассчитанная сумма пособия снизит сумму налогов на 293 долл.\nПовышенные льготы по программе Enhanced STAR предназначены для домовладельцев в возрасте от 65 лет, чей общий доход семьи, включая владельцев и супругов, проживающих с ними, не превышает 92 000 долл. Рассчитанная сумма пособия снизит сумму налогов на 650 долл.\nЕсли вы соответствуете критериям для получения налоговых льгот по программе STAR, вы получите чек на сумму, сэкономленную по этой программе.\nПожилые люди, которые получают повышенные льготы по программе Enhanced STAR, также могут иметь право на получение льгот по Программе льгот для пожилых. домовладельцев (Senior Citizens Homeowners' Exemption, SCHE).\nВам не нужно регистрироваться для участия в программе STAR, если вы давно владеете собственностью и уже получаете льготы по программе STAR."
P007k,위치 찾기,https://otda.ny.gov/programs/applications/4826-KO.pdf,"\n (https://a069-access.nyc.gov/accesshra/) ACCESS HRA의 현금 보조금 신청서를 통해 현금 보조금, SNAP 및 Medicaid를 모두 동시에 신청하실 수 있습니다.\n자격이 확인되는 경우 30일 이내에 혜택을 받게 됩니다.\n상황에 따라 미국 시민이 아니더라도 SNAP 자격이 있을 수 있습니다.\n귀하 가구의 사정을 잘 아는 사람을 대리인으로 지정해 대신 신청하도록 하실 수 있습니다."
P004p,Odwiedź placówkę sporządzającą rozliczenia podatkowe,,"\nAby ubiegać się o tę ulgę, złóż deklarację podatkową za rok 2024 do 15 kwietnia 2025 roku.\nTwoja rodzina może się kwalifikować nawet w przypadku nieuzyskania dochodu lub zalegania z zapłatą jakichkolwiek kwot podatku dochodowego. Dziecko musi mieć jednak numer ubezpieczenia społecznego (Social Security Number, SSN).\nTylko jeden rodzin może wystąpić o ulgę podatkową na dziecko (Child Tax Credit) (w swoim zeznaniu podatkowym). Dziecko powinno zostać zgłoszone przez rodzica lub opiekuna, z którym mieszkało przez czas dłuższy niż sześć miesięcy.\nUlga nie jest liczona jako dochód ani nie wpływa na uprawnienia do otrzymywania świadczeń publicznych."
P006c,找尋報稅地點,,"\n請在 2025 年 4 月 15 日前提交 2024 年報稅表，以申請此項抵免。\n平均而言，大部分符合條件的紐約市民可獲得 $2,300 的綜合 EITC 抵免額。 綜合抵免額度最高達 $11,000。"
P017f,Trouvez un centre,https://www1.nyc.gov/assets/finance/downloads/pdf/translations/dhe_initial/dhe-initial-fren.pdf,"\n (https://a836-pts-efile.nyc.gov/SmartFile/Filing/FilingType/Info/NYC_dhe) Déposez votre dossier en ligne (https://a836-pts-efile.nyc.gov/SmartFile/Filing/FilingType/Info/NYC_DHE_COOP) au plus tard le 16 mars pour commencer à recevoir les prestations le 1er juillet.\nSi vous vivez en copropriété, vous pouvez déposer un dossier en ligne à l’aide de la demande DHE co-ops.\nDes justificatifs de statut d'invalidité, de revenu et de déduction d'impôt sont requis.\nTous les propriétaires doivent être des personnes handicapées à moins que la propriété ne soit détenue par votre époux, épouse, frère ou soeur qui n'ont pas besoin d'être handicapés\nSi votre propriété est éligible à DHE et au Senior Citizen Homeowner Exemption (SCHE) (Exonération pour les personnes âgées qui sont propriétaires), vous ne recevrez que la SCHE, vous ne pouvez pas percevoir les deux avantages.\nLa prestation DHE doit être renouvelée annuellement. Le ministère des Finances vous enverra une demande de renouvellement lorsqu'il sera temps de renouveler votre prestation. Vous devez renouveler votre exonération d'ici le 15 mars, sans quoi vos impôts fonciers pourraient augmenter considérablement."
P012en,,,"\nThere are two types of STAR benefits depending on your household income:\nBasic STAR is for homeowners whose total household income is $500,000 or less. The benefit is estimated to be a $293 tax reduction. \nEnhanced STAR is for homeowners 65 and older whose total household income for all owners and residents spouses is $98,700 or less. The benefit is estimated to be a $650 tax reduction.\nIn 2016, STAR was made available as an exemption or a credit.\nYou do not need to re-register for STAR. Your exemption will continue to be applied to your property tax bill. If you wish, you can switch to the STAR credit rather than the exemption by applying with New York State: www.tax.ny.gov (http://www.tax.ny.gov) \nIf you received STAR in 2015-16 but later lost the benefit, you can restore the exemption. Your income must be $250,000 or less.\nNew homeowners cannot apply for the STAR exemption. You must apply for the STAR credit check with New York State: www.tax.ny.gov (http://www.tax.ny.gov) \nOlder adults who get Enhanced STAR may also be eligible for the (https://access.nyc.gov/programs/senior-citizen-homeowners%CA%BC-exemption-sche/) Senior Citizens Homeowners' Exemption (SCHE). This program also lowers your property taxes."
P004s,Encuentre un centro de preparación de impuestos,,"\nPresente su declaración de impuestos de 2024 antes del 15 de abril de 2025 para reclamar este crédito.\nSu familia puede ser elegible incluso si usted no obtuvo ingresos o no debe impuestos sobre la renta. Sin embargo, su hijo necesita tener un número de seguro social.\nSolo uno de los padres puede reclamar a un hijo para el Crédito Tributario por Hijos (y en su declaración de impuestos). La persona con la que el hijo haya vivido durante más de seis meses es el padre o cuidador que debe reclamar al hijo.\nEl crédito no cuenta como ingreso y no afectará su elegibilidad para beneficios públicos."
P010c,查找營業的 HRA 福利領取中心,https://otda.ny.gov/programs/applications/2921-CH.pdf,\n需要身分證明、居住地和收入證明。\n根據您的情況，即使您不是美國公民，您也可能有資格獲得現金援助。\n如果您有能力工作，您需要工作、參加教育或培訓計劃或參加分配給您的計劃以獲得現金援助。 如果您年滿 60 歲或以上，則可以免除此要求。
P018p,,https://www1.nyc.gov/assets/finance/downloads/pdf/payment_operations/2020/veterans.pdf,"\nWniosek należy złożyć do 15 marca, aby uzyskać świadczenie od 1 lipca tego samego roku.\nStawka stosowana do obliczania ulgi podatkowej zależy od statusu weterana wnioskodawcy. Istnieją trzy rodzaje: status podstawowy, status weterana walk i status weterana inwalidy."
P015c,尋找中心,https://www1.nyc.gov/assets/finance/downloads/pdf/translations/sche_initial/sche-initial-chin.pdf,"\n如果您申請 SCRIE 並且即時更新，您可以繼續以現在的金額支付未來的房租。\n居住在特定的租賃或開發房屋之年長市民，可以符合 SCRIE 的資格。\n即使您沒有報稅，您也可以符合 SCRIE 的資格。\n您不需要房東的許可即可申請。\n在您申請此計畫後，將需要 10-15 天的時間才能得到答覆。\n紐約市房租凍結計畫 (Rent Freeze Program) 還包括 (https://access.nyc.gov/programs/disability-rent-increase-exemption-drie/) 殘障人士免加租 (Disability Rent Increase Exemption, DRIE) 計畫。"
P007a,العثور على المكان,https://otda.ny.gov/programs/applications/4826-AR.pdf,\nيمكنك التقدُّم بطلب للحصول على المساعدة النقدية، ومخصصات برنامج SNAP، وMedicaid كل ذلك في الوقت نفسه من خلال طلب المساعدة النقدية على (https://a069-access.nyc.gov/accesshra/) ACCESS HRA.\nإذا كنت مؤهلًا، فستتلقى المخصصات الخاصة بك خلال 30 يومًا.\nقد تكون مؤهلاً للاستفادة من برنامج SNAP حتى لو لم تكن مواطنًا أمريكيًا، على حسب وضعك.\nيمكنك السماح لشخص يعرف وضع أسرتك بتقديم طلب نيابة عنك.
P015k,센터 찾기,https://www1.nyc.gov/assets/rentfreeze/downloads/pdf/scrie/translations/scrie-initial-packet_kor.pdf,"\nSCRIE에 신청하여 기한 내에 갱신한다면 지금과 동일한 임대료를 향후 계속 납입할 수 있습니다.\n특정 임대 또는 개발 구역 내 거주하는 고령자는 SCRIE의 대상이 될 수 있습니다.\n세금을 신고하지 않은 경우에도 SCRIE를 신청할 수 있습니다.\n임대인의 신청 허가는 필요하지 않습니다.\n신청하면 10~15일 안에 회신을 받습니다.\n뉴욕시 임대료 동결 프로그램에는 (https://access.nyc.gov/programs/disability-rent-increase-exemption-drie/) 장애인 임대료 인상 면제(Disability Rent Increase Exemption, DRIE)가 포함됩니다."
P011f,,,"\nInscrivez-vous ou modifiez votre couverture d’assurance maladieprivée pour 2025 du 16 novembre 2024 au31 janvier 2025.\nSi vous vous inscrivez par l’intermédiaire du NY State of Health (https://nystateofhealth.ny.gov/) , il estpossible que vous bénéficiez d’une aide financière. Vous pouvezégalement souscrire une assurance privée directement auprès d’unecompagnie d’assurance, mais vous ne serez pas admissible à une aidefinancière.\nSi vous avez des revenus limités ou des enfants, il estpossible que vous soyez admissible à des régimes d’assurancemaladie publique gratuits ou abordables, tels que (https://access.nyc.gov/programs/medicaid/) Medicaid (https://access.nyc.gov/programs/child-health-plus/) , (https://access.nyc.gov/programs/essential-plan/) Child HealthPlus et EssentialPlan. Vous pouvez vous inscrire à ces régimes à tout moment del’année."
P008b,,,"\nআপনি যদি যোগ্য হন এবং অ-সংরক্ষিত আসন থাকে তাহলে আপনার সন্তান বছরের যে কোনও সময়ে একটি হেড স্টার্ট প্রোগ্রাম শুরু করতে পারে। কর্মসূচীগুলি:\nপরিবারগুলি বিনামূল্যের হয় এবং দিনে অন্তত আট ঘণ্টা করে সারাবছর ধরে চলে।\nবাচ্চাদের পুষ্টিকর খাবার এবং স্বাস্থ্য স্ক্রীনিং প্রদান করে।\nহেড স্টার্ট প্রোগ্রামগুলি পিতামাতা এবং পরিবারকে কর্মসংস্থান, আবাসন, প্রাপ্তবয়স্কদের শিক্ষা এবং স্বাস্থ্য পরিষেবা অ্যাক্সেস করা সহ তাদের নিজস্ব লক্ষ্য অর্জনে সহায়তা করে।\n (https://access.nyc.gov/bn/programs/early-learn/) আর্লি হেড স্টার্ট প্রকল্পগুলিতে লিমিটেড স্পেসও পাওয়া যায়, এগুলি গর্ভবতী মা, নবজাতক এবং টুডলারদের পরিষেবা প্রদান করে।\nহেড স্টার্ট প্রোগ্রামগুলি কমিউনিটি সংস্থা এবং অলাভজনক সংস্থা দ্বারা পরিচালিত কেন্দ্রগুলিতে অবস্থিত।\nযোগ্যতা আপনার পরিবারের আয়, আবাসন পরিস্থিতি এবং/অথবা HRA নগদ সহায়তা বা SSI প্রাপ্তির উপর নির্ভর করে।"
P014c,尋找中心,https://access-nyc-s3-uploads.s3.amazonaws.com/uploads/2020/10/SCHE-InitialAppl_CH.pdf,"\n如果在 3 月 15 日前提出申請，即可自同年 7 月 1 日起領取福利。如果 3 月 15 日恰逢週末或假日，則截止期限順延至下一個工作日。\n必須提供年齡、收入和稅額扣抵等證明。\n如果您的房地產同時符合 SCHE 和殘障屋主免稅 (Disabled Homeowners Exemption, DHE) 的資格，您只能領取 SCHE 補助。您不能兩項全領。\n除非房地產所有權人是配偶或兄弟姐妹，否則全部所有權人都必須年滿 65 歲。如果您與配偶或兄弟姐妹是房地產的共同所有權人，則其中一位年滿 65 歲即可。\n每兩年續約一次，應於 3 月 15 日前完成。需要續約時，財政部會向您寄送續約申請表。如果您不想續約，您的房地產稅可能會大幅增加。"
P011a,التسجيل شخصياً,,\nيمكنك التسجيل في تغطية التأمين الصحي الخاص لعام 2025 أو تغييرهابدءًا من 16 نوفمبر 2024 إلى 31 يناير 2025.\nإذا سجَّلت من خلال NY State of Health (https://nystateofhealth.ny.gov/) ، فقد تتمكنمن الحصول على مساعدة مالية. يمكنك أيضًا شراء تأمين خاص مباشرةً منشركة التأمين، لكنك لن تكون مؤهلًا للحصول على مساعدة مالية.\nإذا كان لديك أطفال أو كان دخلك محدودًا، فقد تكون مؤهلاً لخططالتأمين الصحي الحكومي المجاني أو المنخفض التكلفة، مثل (https://access.nyc.gov/programs/medicaid/) Medicaid (https://access.nyc.gov/programs/child-health-plus/) و (https://access.nyc.gov/programs/essential-plan/) Child HealthPlus وEssentialPlan. يمكنك التسجيل فيما يلي في أي وقت خلال العام.
P016k,,,"\n2024~2025학년도 Pre-K 신청은 2024년 1월 10일부터 2024년 3월 1일까지입니다.\n뉴욕시에서 아동은 4세가 되는 해에 Pre-K를 시작합니다.\nPre-K 프로그램은 Full Day, Extended Day and Yeat, Head Start 좌석 유형을 제공하며 각각의 유형은 개별적으로 자격 요건이 존재합니다. 자세히 알아보세요 (https://www.schools.nyc.gov/enrollment/enroll-grade-by-grade/pre-k) .\nPre-K 프로그램은 세 가지 유형으로 다섯 자치구 전체에서 제공합니다. 각 유형에서는 DOE에서 제공하는 일관되고 높은 수준의 놀이 기반 커리큘럼을 제공합니다. 여기에는 다음이 포함됩니다.\n선별된 공립 초등학교,\nNYCDOE 직원이 운영하는 Pre-K 센터,\n지역 사회 기반 단체(CBO)."
P019c,找尋辦事處,https://otda.ny.gov/programs/applications/3421.pdf,HEAP 有幾個組成項目：\n常規福利|申請已於 2025 年 4 月 7 日結束。 可以幫助您支付家用暖氣費用的一次性福利。\n緊急福利|申請已於 2025 年 4 月 7 日結束。 如果您正面臨暖氣告急或與暖氣相關的緊急情況，該福利可以幫助為您的房屋供暖。\n暖氣設備維修與更換福利|申請已於 2025 年 5 月 9 日結束。 幫助屋主維修或更換火爐、鍋爐，以及/或者其他必要的供暖設備，以維持您房屋的主要供暖來源運轉。\n清潔和調試福利|申請已於 2025 年 5 月 9 日結束。 幫助屋主獲得能源效率服務。 這包括清潔主要供暖設備，也可能包括煙囪清洗、小型維修或安裝一氧化碳探測器或可編程恆溫器（如有需要），以確保供暖設備的運行安全、妥善且高效。\n降溫設備補助福利| (https://access.nyc.gov/programs/cooling-assistance-benefit/) 申請已開放。 幫助符合資格的家庭購買和安裝空調或風扇，以保持屋內涼爽。\n
P003c,查找計畫,https://www1.nyc.gov/site/acs/early-care/forms.page,\n托兒選擇包括：\n為六週至兩歲兒童提供嬰幼兒計畫。 此類服務在中心或家庭中提供，每天最長可達 10 小時。\n早期啟蒙教育計畫為孕婦與嬰幼兒提供服務。 每天至少提供八小時的服務。\n如果您符合資格且仍有名額，您的子女可在一年內的任何時間開始參與計畫。\n只要您的子女具有合法身分，則無論父母的合法身分如何，他們均有資格獲得托兒服務。\n是否符合資格取決於您的家庭收入、人數與需求。\n對於未領取現金援助、未獲得寄養照護或者未處於無家可歸狀態的家庭，則將需要支付些許托兒費用。
P011c,,,\n2024 年 11 月 16 日至 2025 年 1 月 31 日期間，可投保或變更2025 年的私人健康保險。\n如透過 NY State of Health (https://nystateofhealth.ny.gov/) 投保，您或許可以獲得經濟援助。 您也可以直接從保險公司購買私人健康保險，但如此您將不符合獲得財務援助的資格。\n如果您收入有限或有子女，您可能有資格投保免費或低費用的公共健康保險計畫，例如 (https://access.nyc.gov/programs/medicaid/) Medicaid (https://access.nyc.gov/programs/child-health-plus/) 、 (https://access.nyc.gov/programs/essential-plan/) Child HealthPlus 和 EssentialPlan。 您在一年中的任何時候均可投保這些計畫。
P009r,,,"\nВ рамках программ COMPASS молодые люди:\nповышают свою грамотность и проходят обучение точным наукам (STEM);\nзанимаются практической деятельностью (выполняют различные проекты), соответствующей образовательным стандартам;\nзанимаются творческой и спортивной деятельностью.\nПрограммы обычно рассчитаны на три часа в день, пять дней в неделю, включая школьные каникулы.\nПрограммы предлагаются для жителей всех пяти боро и многих соседних районов."
P008f,,,"\nSi vous êtes admissible, et s’il y a des places disponibles, votre enfant peut commencer un programme Head Start à tout moment en cours d’année.\nLes programmes sont gratuits et se déroulent tout au long de l’année pendant au moins huit heures par jour.\nVotre enfant peut bénéficier de repas nutritifs et d’examens de santé.\nLes programmes Head Start aident également les parents et les familles à réaliser leurs propres objectifs. Notamment en matière d’emploi, de logement, de formation pour adultes, et d’accès aux services de santé.\nDes places limitées sont également disponibles dans les programmes (https://access.nyc.gov/fr/programs/early-learn/) Early Head Start destinés aux femmes enceintes, aux nourrissons et aux tout-petits.\nLes programmes Head Start sont disponibles dans les centres gérés au sein d’organismes de quartiers et d’organismes à but non lucratif."
P019p,Znajdź biuro,https://otda.ny.gov/programs/applications/3421.pdf,"HEAP składa się z kilku elementów:\nRegularne świadczenie (Regular Benefit)|Przyjmowanie wniosków zakończono 7 kwietnia 2025 r. Jednorazowe świadczenie, które może pomóc w pokryciu kosztów ogrzewania domu.\nŚwiadczenie w sytuacji awaryjnej|Przyjmowanie wniosków zakończono 7 kwietnia 2025 r. Pomoc w ogrzaniu domu, jeśli znajdziesz się w sytuacji awaryjnej związanej bezpośrednio lub pośrednio z ogrzewaniem.\nŚwiadczenie w postaci naprawy i wymiany sprzętu grzewczego|Przyjmowanie wniosków zakończono 9 maja 2025 r. Pomaga właścicielom domów w naprawie lub wymianie pieca, kotła i/lub innego niezbędnego sprzętu grzewczego potrzebnego do utrzymania sprawności głównego źródła ogrzewania w domu.\nŚwiadczenie na czyszczenie i strojenie (Clean and Tune Benefit)|Przyjmowanie wniosków zakończono 9 maja 2025 r. Pomaga właścicielom domów uzyskać usługi w zakresie efektywności energetycznej. Obejmuje czyszczenie głównego sprzętu grzewczego, a także może obejmować czyszczenie komina, niewielkie naprawy, instalację czujników tlenku węgla w celu umożliwienia bezpiecznej, właściwej i wydajnej eksploatacji sprzętu grzewczego.\nDofinansowanie na zakup klimatyzatora| (https://access.nyc.gov/programs/cooling-assistance-benefit/) Otwarte przyjmowanie wniosków‎. Pomaga kwalifikującym się gospodarstwom domowym w zakupie i instalacji klimatyzatora lub wentylatora, aby zapewnić chłód w domu.\n"
P007b,একটি লোকেশন খুঁজে নিন,https://otda.ny.gov/programs/applications/4826.pdf,"\nআপনি (https://a069-access.nyc.gov/accesshra/) ACCESS HRA-এ নগদ সহায়তার (Cash Assistance) জন্য আবেদনের মাধ্যমে একই সময়ে নগদ সহায়তা, SNAP এবং Medicaid, সবগুলির জন্য আবেদন করতে পারেন।\nআপনি যোগ্য হলে, আপনি 30 দিনের মধ্যে আপনার সুবিধাগুলি পাবেন।\nআপনার পরিস্থিতির উপর নির্ভর করে, আপনি যদি মার্কিন নাগরিক নাও হন তবুও আপনি SNAP-এর জন্য যোগ্য হতে পারেন।\nআপনি আপনার পরিবারের স্থিতি জানেন এমন কাউকে আপনার জন্য আবেদন করার অনুমতি দিতে পারেন।"
P003f,Trouver un programme,https://www1.nyc.gov/site/acs/early-care/forms.page,"\nLes offres de garde d’enfant incluent :\ndes programmes pour nourrissons et enfants en bas âge de six semaines à deux ans ; ces services de garde ou crèches sont disponibles jusqu’à 10 heures par jour ;\ndes programmes Early Head Start, destinés aux mères enceintes, aux nourrissons et aux enfants en bas âge ; ces services fonctionnent pendant au moins huit heures par jour.\nSi vous êtes admissible et si des places sont disponibles, votre enfant peut commencer un programme en cours d’année.\nTant que votre enfant a un statut légal, il peut être pris en charge indépendamment du statut légal de ses parents.\nL’admissibilité est accordée en fonction des revenus, de la taille et des besoins de votre foyer.\nLes familles qui ne bénéficient pas de l’aide financière en espèces (Cash Assistance), et qui ne sont pas en famille d’accueil ou sans abri, devront payer une partie des coûts."
P011p,,,"\nZarejestruj się lub zmień swoją ochronę w ramachprywatnego ubezpieczenia zdrowotnego na rok 2025 od 16listopada 2024 roku do 31 stycznia 2025 roku.\nJeśli zarejestrujesz się za pośrednictwem biur NY State of Health (https://nystateofhealth.ny.gov/) , możeszuzyskać pomoc finansową. Prywatne ubezpieczenie zdrowotne możnazakupić również bezpośrednio od firmy ubezpieczeniowej, jednakw takim przypadku osoba wykupująca ubezpieczenie nie zostaniezakwalifikowana do pomocy finansowej.\nJeśli masz ograniczone dochody lub dzieci, możesz kwalifikowaćsię do bezpłatnego lub niskokosztowego publicznego ubezpieczeniazdrowotnego, takiego jak (https://access.nyc.gov/programs/medicaid/) Medicaid (https://access.nyc.gov/programs/child-health-plus/) , (https://access.nyc.gov/programs/essential-plan/) Child HealthPlus lub EssentialPlan. Możesz przystąpić do tych planów w dowolnym momencieroku."
P006r,Найдите пункт оформления налоговых деклараций,,"\nЧтобы получить налоговый вычет, подайте налоговую декларацию за 2024 год до 15 апреля 2025 года‎.\nСредняя сумма EITC для большинства жителей Нью-Йорка, которые имеют на это право, составляет $2,300. Общая сумма вычета может достигать $11,000."
P018u,,https://www1.nyc.gov/assets/finance/downloads/pdf/payment_operations/2020/veterans.pdf,\nاس سال 1 جولائی سے شروع ہونے والی مراعات کے لیے 15 مارچ تک درخواست دیں۔\nٹیکس میں کمی کا حساب لگانے کے لیے استعمال ہونے والی شرح درخواست دہندہ کی سابق فوجی کی حیثیت پر منحصر ہے۔ تین قسمیں ہیں: بنیادی، جنگی اور معذور۔
P017k,센터 찾기,https://www1.nyc.gov/assets/finance/downloads/pdf/translations/dhe_initial/dhe-initial-kor.pdf,"\n7월 1일부터 혜택을 받으려면 3월 16일까지 (https://a836-pts-efile.nyc.gov/SmartFile/Filing/FilingType/Info/NYC_dhe) 온라인으로 신청하십시오 (https://a836-pts-efile.nyc.gov/SmartFile/Filing/FilingType/Info/NYC_DHE_COOP) .\n공동조합에 거주할 경우, DHE 공동조합 신청서를 사용하여 온라인으로 신청할 수 있습니다.\n장애 상태, 소득 및 세금 공제에 대한 증빙이 필요합니다.\n모든 소유주는 장애인이어야 하나 해당 자산이 장애인이 아니어도 되는 배우자 또는 형제자매의 소유인 경우는 제외합니다.\nDHE 및 노인 주택 소유주 면제(SCHE) 모두 자격에 해당하는 경우 SCHE만 받을 수 있고 두 가지 모두를 받을 수는 없습니다.\nDHE 혜택은 매년 갱신해야 합니다. 재정부는 귀하의 혜택을 갱신할 때가 되면 갱신 신청서를 보낼 것입니다. 3월 15일까지 면제를 갱신해야 합니다. 그렇지 않으면 재산세가 크게 증가할 수 있습니다."
P015en,Find a center,,\nOnly senior citizens who live in certain rentals or developments can qualify for SCRIE.\nRenew on time to keep paying the same amount of rent in the future as you do now.\nYou are not required to file taxes to qualify for SCRIE.\nYou do not need your landlord's permission to apply.\nThe NYC Rent Freeze program also includes the (https://access.nyc.gov/programs/disability-rent-increase-exemption-drie/) Disability Rent Increase Exemption (DRIE) for people with disabilities.
P005en,Find a center,,\nYou need to be receiving a qualifying disability benefit to qualify for DRIE.\nRenew on time to keep paying the same amount of rent in the future as you do now.\nYou are not required to file taxes to qualify for DRIE.\nYou do not need your landlord's permission to apply.\nThe NYC Rent Freeze program also includes the (https://access.nyc.gov/programs/senior-citizens-rent-increase-exemption) Senior Citizen Rent Increase Exemption (SCRIE) for seniors 62 and older.
P013r,,,"\nПрием заявлений на получение ваучера на жилье по программе «Раздел 8» в г. Нью-Йорке (NYC Section 8 Housing Choice Voucher) в настоящее время закрыт.\nЕсли вы ранее подавали заявление на участие в программе «Раздел 8», зайдите на (https://selfserve.nycha.info/nycha/app/eservice/enu?SWECmd=Start&) Портал самообслуживания (https://access.nyc.gov/programs/nyc-housing-connect/) , чтобы подтвердить получение вашего заявления NYCHA.\nНайдите альтернативные варианты доступного жилья через (http://www.nychdc.com/pages/Now-Renting.html) NYC Housing Connect и NYC Housing Development Corporation.‎"
P010p,"Znajdź otwarte Centrum dostępu do świadczeń (Benefits Access Center) Wydziału zasobów ludzkich (Human Resources Administration, HRA)",https://otda.ny.gov/programs/applications/2921.pdf,"\nWymagany jest dowód tożsamości, potwierdzenie dochodu i miejsca zamieszkania.\nW zależności od sytuacji, w której się znajdujesz, możesz kwalifikować się do pomocy pieniężnej, nawet jeśli nie jesteś obywatelem Stanów Zjednoczonych.\nJeśli jesteś w stanie pracować, w celu otrzymania pomocy pieniężnej konieczne będzie posiadanie zatrudnienia, uczestnictwo w programie edukacyjnym lub szkoleniowym bądź programie przydzielonym do Ciebie. Jeśli masz przynajmniej 60 lat, ten wymóg nie dotyczy Ciebie."
P012c,,https://www1.nyc.gov/assets/finance/downloads/pdf/payment_operations/2020/star-to-estar.pdf,"\n根據家庭收入，STAR 福利分為兩種：\n初級 STAR 適用於家庭總收入為 $500,000 或以下的屋主。福利估計為 $293 的減稅金額。\n高級 STAR 適用於屋主及與其同住之配偶的家庭總收入為 $92,000 或以下、65 歲及以上年齡的屋主。福利估計為 $650 的減稅金額。\n如果您符合 STAR 抵免資格，則會收到與 STAR 儲蓄金額相關的支票\n享有高級 STAR 的高齡市民可能同樣也符合高齡市民房主豁免 (Senior Citizens Homeowners' Exemption, SCHE) 的資格。\n如果您是現在符合 STAR 抵免資格的長期房主，則無需註冊 STAR。"
P012b,,https://www1.nyc.gov/assets/finance/downloads/pdf/payment_operations/2020/star-to-estar.pdf,"\nপরিবারের আয়ের উপর নির্ভর করে দুই ধরণের STAR সুবিধা রয়েছে:\nমৌলিক STAR হল সেই বাড়ির মালিকদের জন্য যাদের মোট পরিবারিক উপার্জন $500,000 অথবা তার কম। সুবিধাটি হবে ট্যাক্স আনুমানিক $293 কমে যাওয়া।\nবর্ধিত STAR সেই 65 বছর বা তার বেশি বয়সী বাড়ির মালিকদের ও তাদের সঙ্গে থাকা স্বামী/স্ত্রীদের জন্য যাদের মোট পরিবার উপার্জন $92,000 বা তার কম। সুবিধাটি হবে ট্যাক্স আনুমানিক $650 কমে যাওয়া।\nআপনি যদি STAR ক্রেডিট পাওয়ার যোগ্য হন, তাহলে আপনি আপনার STAR সেভিংসের অর্থরাশির জন্য একটি চেক পাবেন।\nবর্ধিত STAR পাওয়া বরিষ্ঠ নাগরিকরাও বরিষ্ঠ নাগরিক বাড়ির মালিক ছাড় (Senior Citizens Homeowners' Exemption, SCHE)-এর জন্য যোগ্য হতে পারেন।\nআপনি যদি STAR ছাড় সহ দীর্ঘকাল যাবৎ বাড়ির মালিক হন, তাহলে আপনাকে STAR-এর জন্য রেজিস্টার করতে হবে না।"
P012s,,https://www1.nyc.gov/assets/finance/downloads/pdf/payment_operations/2020/star-to-estar.pdf,"\nHay dos tipos de beneficios STAR según los ingresos del grupo familiar.\nEl STAR básico es para propietarios cuyos ingresos totales del grupo familiar son $500,000 o menos. Se calcula que el beneficio será una reducción de impuestos de $293.\nEl STAR mejorado es para propietarios de 65 años o más cuyos ingresos totales del grupo familiar para todos los propietarios y cónyuges que viven con ellos es de $92,000 o menos. Se calcula que el beneficio será una reducción de impuestos de $650.\nSi es elegible para el crédito STAR, recibirá un cheque por la cantidad de sus ahorros STAR.\nLos adultos mayores que obtengan Enhanced STAR también puede ser elegibles para la Exención para Propietarios de la Tercera Edad (Senior Citizens Homeowners' Exemption, SCHE).\nNo es necesario que se registre en STAR si ya es propietario de una vivienda desde hace mucho tiempo con una exención de STAR existente."
P017r,Найдите центр,https://www1.nyc.gov/assets/finance/downloads/pdf/translations/dhe_initial/dhe-initial-rus.pdf,"\n (https://a836-pts-efile.nyc.gov/SmartFile/Filing/FilingType/Info/NYC_dhe) Подайте заявку онлайн (https://a836-pts-efile.nyc.gov/SmartFile/Filing/FilingType/Info/NYC_DHE_COOP) до 16 марта, чтобы начать пользоваться льготами с 1 июля.\nЕсли вы живете в кооперативе, то можете подать заявку онлайн, используя форму заявления DHE для кооперативов.\nТребуется подтверждение инвалидности, дохода и удержания налогов\nВсе владельцы должны быть нетрудоспособными, кроме случаев, когда владельцем недвижимости является ваш(а) супруг(а) или братья/сестры, в каковом случае не требуется, чтобы они были нетрудоспособными.\nЕсли ваша недвижимость одновременно удовлетворяет требованиям программы DHE и программы льгот для пожилых домовладельцев (SCHE), вам предоставляются льготы только по программе SCHE (льготы в рамках одновременно обеих программ не предоставляются).\nПособие DHE должно продлеваться ежегодно. Департамент финансов отправит вам заявление на продление, когда придет время продлевать ваше пособие. Вы должны продлить свое освобождение до 15 марта, иначе ваши налоги на недвижимость могут значительно вырасти."
P011en,,,"Qualified Health Plans are private health insurance available through theNY State of Health (https://info.nystateofhealth.ny.gov/) marketplace. You'll pay a monthly fee and some additional costs — copayments, deductibles, and coinsurance — based on your plan. All plans cover:\nPreventive care at no extra cost (like routine doctor visits and screenings)\nPre-existing conditions at no extra cost\nEssential health benefitsHow to get affordable healthcare:\nEnroll by December 15, 2025 to get coverage starting January 1, 2026.\nIf you already have a plan, you can renew or change it starting November 16, 2025.\nIf you have limited income or children, you might qualify for free or low-cost public health insurance plans like (https://access.nyc.gov/programs/medicaid/) Medicaid (https://access.nyc.gov/programs/child-health-plus/) , (https://access.nyc.gov/programs/essential-plan/) Child Health Plus, and the Essential Plan—enroll anytime during the year.\nYou can also buy private insurance directly from an insurance company but you won't be eligible for financial help."
P004b,একটি কর ফাইল প্রস্তুতির কেন্দ্র খুঁজুন,,"\nট্যাক্স বর্ষ 2021-এর জন্য CTC-এর অর্থমূল্য:\n6-17 বছর বয়সী প্রতিটি শিশুর জন্য $3,000 পর্যন্ত\n0-5 বছর বয়সী প্রতিটি শিশুর জন্য $3,600 পর্যন্ত\nFile a 2021 tax return to claim the CTC. \nআপনি যদি 2021 সালে CTC-এর অগ্রিম পেমেন্ট পেয়ে থাকেন, তাহলে আপনার পাওনা বাকি থাকা CTC পেমেন্ট দাবি করতে 2022-এ একটি ট্যাক্স রিটার্ন ফাইল করুন।\nঅগ্রিম পেমেন্ট থেকে আপনি কত CTC পেয়েছেন তা IRS এর পাঠানো 6419 চিঠিতে উল্লেখ করে। আপনার রিটার্ন দাখিল করার সময় এই চিঠিটি আপনার প্রয়োজন হবে।\nআপনি আয় না করলেও বা কোনো আয়কর না দিতে হলেও আপনার পরিবার যোগ্য হতে পারে।\nআপনার ক্ষেত্রে যদি ট্যাক্স রিটার্ন দায়ের করা আবশ্যক না হয়, তাহলেও আপনিgetctc.org (https://www.getctc.org/en) -এ একটি সরলীকৃত ট্যাক্স রিটার্ন পূরণ করে 2021 সালের জন্য CTC ক্লেম করতে পারেন।\nCTC আয় হিসাবে গণনা করে না এবং সরকারী সুবিধাগুলির জন্য আপনার যোগ্যতাকে প্রভাবিত করবে না।"
P001b,একটি কর ফাইল প্রস্তুতির কেন্দ্র খুঁজুন,,"\nএই ক্রেডিট দাবি করার জন্য আপনার 2024 ট্যাক্স রিটার্ন এপ্রিল 15, 2025 তারিখের মধ্যে ফাইল করুন।আপনি যদি কাজ করার সময় বা কাজ খুঁজতে গিয়ে আপনার সন্তানদের বা নির্ভরশীলদের পরিচর্যা করার জন্য কাউকে টাকা দিয়ে থাকেন তাহলে আপনি যোগ্য। এর মধ্যে অন্তর্ভুক্ত হলো ডে কেয়ার সেন্টার বা বেবিসিটারের খরচ।"
P009p,,,"\nW programach COMPASS młodzi ludzie biorą udział w:\nnauce czytania i pisania oraz nauce przedmiotów ścisłych, technologii, inżynierii i matematyki (STEM).\nzajęciach, które są praktyczne, oparte na projektach i dostosowane do standardów edukacyjnych.\nwysokiej jakości programach artystycznych i sportowych.\nProgramy trwają zwykle trzy godziny dziennie, pięć dni w tygodniu, również w czasie wakacji szkolnych.\nProgramy są oferowane we wszystkich pięciu dzielnicach i w wielu sąsiednich miejscowościach."
P007c,尋找辦公室地點,https://otda.ny.gov/programs/applications/4826-CH.pdf,\n您可以在 (https://a069-access.nyc.gov/accesshra/) ACCESS HRA 上填寫現金援助申請表，以便同時申請現金援助、SNAP 和 Medicaid。\n如果您符合資格，即可在 30 天內領取福利。\n根據您的情況，即使您不是美國公民，您也可能有資格獲得 SNAP。\n您可以授權其他瞭解您家庭狀況的人員代您申請。
P009k,,,"\nCOMPASS 프로그램에서 청년층은 다음 활동에 참여할 수 있습니다.\n문학 및 과학, 기술, 공학 & 수학(STEM) 학습.\n직접 체험 형태의 프로젝트 기반으로 진행되며 교육 수준에 맞춘 활동.\n높은 수준의 예술 및 스포츠 프로그램.\n프로그램은 보통 방학을 포함해 하루 3시간, 주 5일 진행됩니다.\n5개 자치구 전역 및 여러 동네에서 본 프로그램에 참여할 수 있습니다."
P003a,اعثر على برنامج,https://www1.nyc.gov/site/acs/early-care/forms.page,\nتشمل خيارات رعاية الأطفال ما يلي:\nبرامج الأطفال الرضع والأطفال الصغار من عمر ستة أسابيع حتى عامين. تقام هذه البرامج في المراكز أو المنازل لمدة تصل إلى 10 ساعات في اليوم.\nبرامج Early Head Start للأمهات الحوامل والرضع والأطفال الصغار. تقدم هذه البرامج الخدمات لمدة لا تقل عن ثماني ساعات في اليوم.\nإذا كنت مؤهلًا وكان هناك مكان متاح، يمكن لطفلك أن يبدأ في أحد البرامج في أي وقت خلال العام.\nطالما أن طفلك يتمتع بوضع قانوني، فهو مؤهل للحصول على الرعاية بغض النظر عن الوضع القانوني للوالدين.\nتعتمد الأهلية على دخل أسرتك وعدد أفرادها واحتياجاتها.\nسيتعين على الأسر التي لا تتلقى مساعدة نقدية أو ليست في نظام الرعاية البديلة أو ليست مشردة دفع جزء من تكلفة رعاية الطفل.
P011s,,,"\nInscríbase o cambie su cobertura de seguro médico privado para2025 a partir del 16 de noviembre de 2024 - 31 de enero de2025.\nSi se inscribe mediante NY State of Health (https://nystateofhealth.ny.gov/) , esposible que pueda obtener ayuda económica. También puede comprar unseguro privado directamente de una compañía de seguro, pero no seráelegible para recibir ayuda económica.\nSi sus ingresos son limitados o tiene hijos, podría calificarpara planes de seguro de salud pública gratuitos o de bajo costocomo (https://access.nyc.gov/programs/medicaid/) Medicaid (https://access.nyc.gov/programs/child-health-plus/) , (https://access.nyc.gov/programs/essential-plan/) Child HealthPlus y el PlanEsencial. Puede inscribirse en ellos en cualquier momento delaño."
P009a,,,\nفي البرامج الشاملة لمنظومة ما بعد الدوام المدرسي (COMPASS)، يشارك الشباب في:\nبرنامج محو الأمية والعلوم والتكنولوجيا والهندسة والرياضيات (STEM) التعليمي.\nالأنشطة العملية والقائمة على المشروعات والمتوافقة مع المعايير التعليمية.\nبرامج الفنون والرياضة عالية الجودة.\nالبرامج عادةً ما تكون ثلاث ساعات كل يوم، خمسة أيام في الأسبوع، بما في ذلك أيام العطلات المدرسية.\nالبرامج متوفرة في جميع المناطق الإدارية الخمسة وفي العديد من الأحياء.
P001en,Find a tax prep location,,"\nFile your 2024 tax return by April 15, 2025 to claim this credit.\nYou qualify if you paid for someone to care for your children or dependents while you worked or looked for work. This includes costs for a day care center or a babysitter."
P009b,,,"\nCOMPASS প্রোগ্রামগুলিতে, তরুণরা নিম্নলিখিত ক্ষেত্রে অংশগ্রহণ করতে পারে:\nসাক্ষরতা এবং বিজ্ঞান, প্রযুক্তি, ইঞ্জিনিয়ারিং এবং গণিত (Science, Technology, Engineering & Mathematic, STEM) শিক্ষায়।\nহ্যান্ডস-অন, প্রকল্প-ভিত্তিক, এবং শিক্ষাগত মানের সাথে শ্রেণীবদ্ধ ক্রিয়াকলাপগুলিতে।\nউচ্চ মানের শিল্প এবং ক্রীড়ামূলক কার্যক্রমে।\nপ্রোগ্রামগুলি সাধারণত প্রতিদিন তিন ঘন্টার, সপ্তাহে পাঁচ দিন করে হয়, স্কুলের ছুটি সহ।\nপাঁচটি বরো এবং আশেপাশের অনেক এলাকায় প্রোগ্রামগুলি প্রদান করা হয়৷"
P001hc,Jwenn yon biwo yo prepare taks,,\nRanpli deklarasyon taks sou revni ane 2024 ou an anvan 15 avril 2025 pou w reklame kredi sa.\nOu kalifye si ou te peye pou yon moun pran swen pitit ou oswa depandan yo pandan w te travay oswa t ap chèche travay. Sa enkli depans pou yon sant gadri oswa yon bebisitè.
P001u,ٹیکس کی تیاری کا مقام تلاش کریں,,\nاس کریڈٹ کا دعوی کرنے کے لیے اپنا ‏‎2024‏ کا ٹیکس ریٹرن ‏‎15‏ اپریل ‏‎2025‏ تک فائل کریں۔\nاگر آپ نے ‎کام کرتے رہنے یا کام کی تلاش کرتے رہنے کے دوران اپنے بچوں یا منحصرین کی نگہداشت کے لیے کسی کو ادائیگی کی تو آپ اہل قرار پاتے ہیں&lt; اس میں یومیہ نگہداشت مرکز یا بچہ کھلائی کی لاگتیں شامل ہیں۔
P018a,,https://www1.nyc.gov/assets/finance/downloads/pdf/payment_operations/2020/veterans.pdf,\nقم بتقديم الطلب بحلول 15 مارس للحصول على المخصصات لتبدأ في الأول من يوليو من ذلك العام.\nيعتمد المعدل المستخدم لحساب الاستقطاع الضريبي على وضع مقدم الطلب من المحاربين القدامى. هناك ثلاثة أنواع: أساسي وقتالي ومن ذوي الإعاقة.
P015f,Trouvez un centre,https://www1.nyc.gov/assets/finance/downloads/pdf/translations/sche_initial/sche-initial-fren.pdf,"\nVous pouvez continuer à payer le même montant de loyer à l’avenir comme c’est le cas maintenant si vous déposez une demande pour le programme SCRIE et si vous la renouvelez à temps.\nLes citoyens seniors qui vivent dans certaines locations ou certains logements sociaux peuvent être admissibles au programme SCRIE.\nVous pouvez être admissible au programme SCRIE même sans avoir effectué de déclaration de revenus.\nVous n’avez pas besoin d’une autorisation de votre propriétaire pour déposer une demande.\nUne fois la demande déposée, cela prend environ 10-15 jours pour recevoir une réponse.\nLe programme de gel des loyers de la ville de New York (NYC Rent Freeze) inclut également l' (https://access.nyc.gov/programs/disability-rent-increase-exemption-drie/) Exemption à l’augmentation des loyers des personnes handicapées (Disability Rent Increase Exemption, DRIE)."
P013a,,,\nتم إغلاق طلبات الحصول على قسيمة ‎القسم 8 لاختيار السكن في نيويورك حاليًا.\nإذا قمت مسبقًا بتقديم طلب القسم 8، قم بتسجيل الدخول إلى ‎‏ (https://selfserve.nycha.info/nycha/app/eservice/enu?SWECmd=Start&) بوابة الخدمة الذاتية‏ ‎ (https://access.nyc.gov/programs/nyc-housing-connect/) ‏ لتأكيد استلام طلبك لدى هيئة إسكان نيويورك (‏NYCHA‏).\nابحث عن بدائل سكنية بأسعار معقولة من خلال (http://www.nychdc.com/pages/Now-Renting.html) NYC Housing Connect وNYC Housing Development Corporation.
P005k,센터 찾기,https://www1.nyc.gov/assets/rentfreeze/downloads/pdf/drie/translations/drie-initial-packet_kor.pdf,"\nDRIE에 신청하여 기한 내에 갱신한다면 지금과 동일한 임대료를 향후 계속 납입할 수 있습니다.\nDRIE 자격을 얻으려면 적격 장애인 혜택을 받고 있어야 합니다.\nDRIE 자격을 얻기 위해 세금을 신고할 필요가 없습니다.\n임대인의 신청 허가는 필요하지 않습니다.\n신청하면 10~15일 안에 회신을 받습니다.\n뉴욕시 임대료 동결 프로그램에는 (https://access.nyc.gov/programs/senior-citizens-rent-increase-exemption) 고령자 임대료 인상 면제(Senior Citizen Rent Increase Exemption, SCRIE)가 포함됩니다."
P016u,,,"\nتعلیمی سال ‎2024-2025‏ میں ‏pre-K‏ کے لیے 10 جنوری 2024 سے 1 مارچ 2024 کے بیچ درخواست دیں۔\nنیو یارک شہر میں، بچے جس سال چار برس کے ہوتے ہیں، اسی سال وہ pre-K شروع کرتے ہیں۔\nPre-K پروگراموں میں پورے دن کے، توسیع شدہ اوقات و سالانہ پروگرام اور ہیڈ اسٹارٹ جیسی اقسام کے پروگرام ہوتے ہیں، جن میں ہر ایک کے لیے علیحدہ اہلیت درکار ہوتی ہے۔ مزید جانیں (https://www.schools.nyc.gov/enrollment/enroll-grade-by-grade/pre-k) ۔\nPre-K پروگرامز تمام پانچ قصبوں میں تین مختلف اداروں کے ساتھ پیش کیے جاتے ہیں۔ ان میں ہر ادارہ، اعلی معیار کا حامل ایک مستقل DOE، کھیل پر مبنی نصاب پیش کرتا ہے۔ اداروں میں شامل ہو سکتے ہیں:\nابتدائی سرکاری اسکولز منتخب کریں،\nPre-K مراکز کو NYCDOE کا عملہ چلاتا ہے، اور\nکمیونٹی پر مبنی تنظیمیں ‏(community-based organizations, CBOs)۔"
P019hc,Jwenn yon biwo,https://otda.ny.gov/programs/applications/3421.pdf,"HEAP gen plizyè konpozan:\nAvantaj Regilye|Aplikasyon yo te fèmen 7 avril 2025. Yon avantaj yon sèl fwa ki ka ede w peye pou chofaj kay ou.\nAvantaj Ijans|Aplikasyon yo te fèmen 7 avril 2025. Ede ou chofe kay ou si w nan yon ijans akoz chalè oswa akoz chalè.\nReparasyon ak Ranplasman Ekipman Chofaj|Aplikasyon yo te fèmen nan dat 9 me 2025. Ede pwopriyetè kay yo repare oswa ranplase founo, chodyè, ak/oswa lòt ekipman chofaj esansyèl ki nesesè pou kenbe sous chofaj prensipal kay la ap fonksyone.\nAvantaj pou Netwayaj ak Antretyen:|Aplikasyon yo te fèmen nan dat 9 me 2025. Ede pwopriyetè kay yo jwenn sèvis efikasite enèji. Sa gen ladan l netwayaj ekipman chofaj prensipal la, men li ka gen ladan l tou netwayaj chemine, ti reparasyon, oswa enstalasyon detektè monoksid kabòn, pou pèmèt ekipman chofaj la fonksyone byen, san danje epi avèk efikasite.\nAvantaj Èd pou Klimatizasyon| (https://access.nyc.gov/programs/cooling-assistance-benefit/) Aplikasyon yo louvri. Ede kay ki kalifye yo achte epi enstale yon èkondisyone oswa yon vantilatè pou ede kay la rete fre.\n"
P010r,"Посетите Центр получения пособий (Benefits Access Center) Управления по трудовым ресурсам (Human Resources Administration, HRA)",https://otda.ny.gov/programs/applications/2921-RU.pdf,"\nТребуется предъявить документ, удостоверяющий личность, справку о доходах и справку о месте жительства.\nВ зависимости от Вашей ситуации Вы можете претендовать на получение денежного пособия, даже если Вы не являетесь гражданином США.\nЕсли Вы трудоспособны, то для получения денежного пособия Вам необходимо работать, проходить курс обучения или профессиональной подготовки, либо быть участником в назначенной для Вас программы. Если Вам 60 лет или больше, это требование не применяется."
P008hc,,,"\nPitit ou ka kòmanse yon pwogram Premye Kòmansman nenpòt ki lè pandan ane a si ou kalifye epi si gen plas ki disponib.\nPwogram yo gratis epi yo fonksyone pandan tout ane a pou omwen 8 èdtan pa jou.\nTimoun ou ka resevwa manje nitrisyonèl ak egzamen sante.\nPwogram Premye Kòmansman la ede paran ak fanmi yo atenn objektif yo tou. Tankou travay, kay, edikasyon granmoun ak aksè ak sèvis sante.\nEspas limite disponib tou nan pwogram (https://access.nyc.gov/ht/programs/infant-and-toddler-programs/) Premye Kòmansman Bonè (Early Head Start), ki sèvi fanm ansent, bebe ak timoun piti.\nYo ofri pwogram Premye Kòmansman yo nan sant òganizasyon kominotè ak òganizasyon ki pap chache fè lajan yo ap jere."
P013k,,,"\nNYC 섹션 8 주택 선택 바우처(NYC Section 8 Housing Choice Voucher) 신청은 현재 마감되었습니다.\n이전에 섹션 8 신청서를 제출했다면, (https://selfserve.nycha.info/nycha/app/eservice/enu?SWECmd=Start&) 셀프서비스 포털(Self-Service Portal) (https://access.nyc.gov/programs/nyc-housing-connect/) 에 로그인해 NYCHA 신청서 접수 여부를 확인하십시오.\n (http://www.nychdc.com/pages/Now-Renting.html) NYC 하우징 커넥트(Housing Connect) 및 NYC 주택 개발 연합(Housing Development Corporation)을 통해 저렴한 주택의 대안을 알아볼 수도 있습니다."
P010k,운영 중인 HRA 혜택 접근 센터 찾기,https://otda.ny.gov/programs/applications/2921-KO.pdf,"\n신분, 거주지 및 소득 증빙이 필요합니다.\n상황에 따라 미국 시민이 아니더라도 현금 보조금 자격이 있을 수 있습니다.\n일을 할 수 있는 경우, 근로 중이거나 교육 또는 훈련 프로그램을 수료 중이거나 본인에게 배정된 프로그램에 참여해야만 현금 보조금을 받을 수 있습니다. 60세 이상이시면 이 요건에서 면제됩니다."
P003r,Найти программу,https://www1.nyc.gov/site/acs/early-care/forms.page,"\nУход за детьми включает:\nпрограммы для младенцев и детей ясельного возраста (от шести недель до двух лет), услуги которых предоставляются до 10 часов в день в соответствующих центрах или на дому;\nпрограммы раннего развития Early Head Start для беременных матерей, младенцев и детей ясельного возраста, услуги которых предоставляются по крайней мере восемь часов в день.\nПри условии соответствия всем требованиям и наличия свободных мест ваш ребенок сможет присоединиться к программе в любое время на протяжении года.\nРебенок с правовым статусом имеет право на уход независимо от правового статуса родителей.\nПраво на участие в программе зависит от дохода, размера и потребностей семьи.\nСемьи, которые не получают денежное пособие, не участвуют в патронажном воспитании и не являются бездомными, должны будут оплачивать какую-то часть затрат на уход за детьми."
P011k,,,"\n2024년 11월 16일부터 2025년 1월 31일까지 2025년 민간 건강 보험에가입하거나 변경하십시오.\nNY State of Health (https://nystateofhealth.ny.gov/) 를 통해 가입하면재정적인 도움을 받으실 수 있습니다. 보험회사에서 직접 민간 보험에 가입하셔도 되지만 그렇게 할 경우에는 재정 지원을받으실 수 없습니다.\n소득이 부족하거나 자녀가 있는 경우 (https://access.nyc.gov/programs/medicaid/) Medicaid (https://access.nyc.gov/programs/child-health-plus/) , (https://access.nyc.gov/programs/essential-plan/) Child HealthPlus 및 EssentialPlan과 같은 무료 또는 저렴한 공공 의료 보험 플랜에 가입할 자격이 있을 수 있습니다. 연중 언제든지 이러한플랜에 가입할 수 있습니다."
P017p,Znajdź ośrodek,https://www1.nyc.gov/assets/finance/downloads/pdf/translations/dhe_initial/dhe-initial-poli.pdf,"\n (https://a836-pts-efile.nyc.gov/SmartFile/Filing/FilingType/Info/NYC_dhe) Wniosek online (https://a836-pts-efile.nyc.gov/SmartFile/Filing/FilingType/Info/NYC_DHE_COOP) należy złożyć do 16 marca, aby uzyskać świadczenia od 1 lipca.\nJeżeli mieszkają Państwo w mieszkaniu spółdzielczym, mogą Państwo złożyć wniosek online, korzystając z wniosku DHE dla mieszkań spółdzielczych.\nWymaga zaświadczenia o niepełnosprawności, o dochodach i odliczeniach podatkowych.\nWszyscy właściciele muszą być osobami z niepełnosprawnościami, chyba że nieruchomość jest własnością współmałżonka lub rodzeństwa, którzy nie muszą być osobami niepełnosprawnymi\nJeśli nieruchomość kwalifikuje się do DHE i Senior Citizen Homeowner Exemption (SCHE), właściciel otrzyma tylko SCHE, nie można korzystać z obu świadczeń\nŚwiadczenie DHE musi być odnawiane co roku. Departament Finansów wyśle Ci wniosek o odnowienie świadczenia, gdy nadejdzie czas odnowienia świadczenia. Musisz odnowić zwolnienie do 15 marca, w przeciwnym razie podatki od nieruchomości mogą znacznie wzrosnąć."
P015p,Znajdź centrum,https://www1.nyc.gov/assets/rentfreeze/downloads/pdf/scrie/translations/scrie-initial-packet_pol.pdf,"\nZgłaszając się do programu SCRIE i terminowo odnawiając swoje uczestnictwo, najemca może nadal płacić czynsz w niezmienionej wysokości.\nDo programu SCRIE kwalifikują się starsi obywatele mieszkający w niektórych budynkach czynszowych i osiedlach.\nDo programu SCRIE możesz zakwalifikować się, nawet jeśli nie złożyłeś(-aś) zeznania podatkowego.\nZgłoszenie do programu nie wymaga zgody wynajmującego.\nPo zgłoszeniu skontaktujemy się z Tobą w ciągu około 10 do 15 dni.\nProgram zamrożenia czynszów w mieście Nowy Jork obejmuje również (https://access.nyc.gov/programs/disability-rent-increase-exemption-drie/) program wyłączenia z podwyżek czynszu ze względu na niepełnosprawność (Disability Rent Increase Exemption, DRIE)."
P014b,সেন্টার খুঁজুন,https://access.nyc.gov/wp-content/uploads/2017/12/SCHE-InitialAppl_BE.pdf,"\n1লা জুলাই থেকে শুরু হওয়া সুবিধাগুলির জন্য সেই বছরের 15ই মার্চের মধ্যে আবেদন করুন। যদি 15ই মার্চ একটি সাপ্তাহিক ছুটির দিন বা ছুটির দিনে পড়ে, তাহলে সময়সীমা হল পরবর্তী কাজের দিন।\nবয়স, আয় এবং কর কর্তনের প্রমাণপত্রের প্রয়োজন\nযদি আপনার সম্পত্তি SCHE এবং অক্ষম বাড়ির মালিকদের ছাড় (Disabled Homeowners Exemption, DHE) এর জন্য যোগ্য হয়, তাহলে আপনাকে শুধুমাত্র SCHE মঞ্জুর করা হবে। আপনি উভয়ই পেতে পারবেন না।\nসম্পত্তিটির সমস্ত মালিকের বয়স 65 বছর বা তার বেশি হতে হবে, যদি না মালিকরা স্বামী/স্ত্রী বা ভাইবোন হয়। আপনি যদি স্বামী/স্ত্রী বা ভাইবোনের সাথে সম্পত্তিটির মালিক হন তবে আপনাদের মধ্যে শুধু একজনের বয়স অবশ্যই 65 বছর বা তার বেশি হতে হবে।\n15 মার্চের মধ্যে প্রতি দুই বছরে একবার পুনর্নবীকরণ করুন। পুনর্নবীকরণ করার সময় হলে অর্থ বিভাগ আপনাকে একটি পুনর্নবীকরণ আবেদন পাঠাবে। আপনি যদি পুনর্নবীকরণ না করেন, তাহলে আপনার সম্পত্তি কর উল্লেখযোগ্যভাবে বৃদ্ধি পেতে পারে।"
P019r,Найти отделение,https://otda.ny.gov/programs/applications/3421.pdf,"Программа HEAP включает несколько компонентов:\nСтандартное пособие|Прием заявлений закрыт 7 апреля 2025 года. Единовременное пособие, которое поможет вам оплатить отопление дома.\nЭкстренное пособие|Прием заявлений закрыт 7 апреля 2025 года. Поможет вам обогреть дом, если вы попали в чрезвычайную ситуацию, связанную с жарой или теплом.\nЛьгота на ремонт и замену отопительного оборудования|Прием заявлений закрыт 9 мая 2025 года. Помогает домовладельцам отремонтировать или заменить печь, котел и (или) другое основное отопительное оборудование, необходимое для поддержания работы основного источника тепла в доме.\nПособие на очистку и отладку отопительного оборудования|Прием заявлений закрыт 9 мая 2025 года. Помогает домовладельцам получить услуги по повышению энергоэффективности. Они включают в себя чистку основного отопительного оборудования, но также могут подразумевать чистку дымохода, мелкий ремонт или установку детекторов угарного газа, чтобы обеспечить безопасную, правильную и эффективную работу отопительного оборудования.\nПособие на охлаждение помещения| (https://access.nyc.gov/programs/cooling-assistance-benefit/) Прием заявлений открыт. Помогает семьям, которые соответствуют предъявляемым критериям, в приобретении и установке кондиционеров или вентиляторов, чтобы в доме было прохладно.\n"
P012p,,https://www1.nyc.gov/assets/finance/downloads/pdf/payment_operations/2020/star-to-estar.pdf,"\nIstnieją dwa rodzaje świadczeń STAR, w zależności od dochodu gospodarstwa domowego:\nPodstawowe Świadczenie STAR jest przeznaczone dla właścicieli domów, których całkowity dochód gospodarstwa domowego nie przekracza 500 000 USD. Szacuje się, że ulga podatkowa wynosi 293 USD.\nRozszerzone Świadczenie STAR jest przeznaczone dla właścicieli domów powyżej 65. roku życia, których całkowity dochód wraz z małżonkami nie przekracza 92 000 USD. Szacuje się, że ulga podatkowa wynosi 650 USD.\nOsoba kwalifikująca się do uzyskania kredytu STAR otrzyma czek na kwotę oszczędności z tytułu Programu Świadczenia STAR.\nSeniorzy otrzymujący Rozszerzone Świadczenie STAR mogą również kwalifikować się do zwolnienia dla seniorów będących właścicielami domów (Senior Citizens Homeowners’ Exemption, SCHE).\nW Programie Świadczenia STAR nie musi się rejestrować osoba, która jest wieloletnim właścicielem domu z dotychczasowym zwolnieniem z tytułu Programu Świadczenia STAR."
P013s,,,"\nLas solicitudes para el Vale de Elección de Vivienda de la Sección 8 de la Ciudad de Nueva York están cerradas actualmente.\nSi anteriormente presentó una solicitud de la Sección 8, inicie sesión en el (https://selfserve.nycha.info/nycha/app/eservice/enu?SWECmd=Start&) Portal de autoservicio (https://access.nyc.gov/programs/nyc-housing-connect/) para confirmar la recepción de su solicitud de NYCHA.\nEncuentre alternativas de vivienda asequible a través de (http://www.nychdc.com/pages/Now-Renting.html) Conexión de Vivienda de NYC (NYC Housing Connect) y Corporación de Desarrollo de Vivienda de NYC (NYC Housing Development Corporation)."
P011b,,,"\nনভেম্বর 16, 2024 থেকে শুরু করে 31 জানুয়ারী, 2025-এরমধ্যে 2025 সালের জন্য আপনার বেসরকারী স্বাস্থ্য বীমারকভারেজকে নথিভুক্ত করুন বা পরিবর্তন করুন৷\nআপনি যদি NY State of Health (https://nystateofhealth.ny.gov/) -এর মাধ্যমেআপনার নাম নথিভুক্ত করে থাকেন, তাহলে আপনি সরকারী আর্থিক সহায়তা পেতেপারেন। আপনি একটি বীমা কোম্পানি থেকে সরাসরি ব্যক্তিগত বীমা কিনতেপারেন কিন্তু আপনি আর্থিক সাহায্যের জন্য যোগ্য হবেন না।আপনার আয় যদি সীমিত হয় বা আপনার যদি কোনো সন্তান থাকে, তাহলেআপনি (https://access.nyc.gov/programs/medicaid/) Medicaid (https://access.nyc.gov/programs/child-health-plus/) , (https://access.nyc.gov/programs/essential-plan/) Child HealthPlus, এবং EssentialPlan -এর মতো বিনামূল্যে বা কম খরচের জনস্বাস্থ্য বীমাপরিকল্পনাগুলির ক্ষেত্রে যোগ্যতা অর্জন করতে পারেন। আপনি বছরের যেকোনও সময় এগুলিতে নাম নথিভুক্ত করতে পারেন।"
P006s,Encuentre un centro de preparación de impuestos,,"\nPresente su declaración de impuestos de 2024 antes del 15 de abril de 2025 para reclamar este crédito.\nEn promedio, la mayoría de los neoyorquinos elegibles reciben $2,300 en créditos EITC combinados. El crédito combinado puede valer hasta $11,000."
P017u,سنٹر تلاش کریں,https://www1.nyc.gov/assets/finance/downloads/pdf/translations/dhe_initial/dhe-initial-urdu.pdf,\nیکم جولائی کو مراعات شروع ہو جانے کے لیے 16 مارچ تک (https://a836-pts-efile.nyc.gov/SmartFile/Filing/FilingType/Info/NYC_DHE) آن لائن درخواست دیں۔ (https://a836-pts-efile.nyc.gov/SmartFile/Filing/FilingType/Info/NYC_DHE_COOP) \nاگر آپ کو آپ میں رہتے ہیں توآپ DHE کو آپس کی درخواست استعمال کر کے آن لائن درخواست دے سکتے ہیں۔\nمعذوری کی حالت، آمدنی اور ٹیکس کی کٹوتی کا ثبوت مطلوب ہوتا ہے\nتمام مالکان کو معذوریوں کا حامل شخص ہونا چاہیئے، ماسوائے یہ کہ مکان آپ کے شریک حیات یا بہن بھائیوں کا ہے، جن کا معذور ہونا ضروری نہیں ہے\nاگر آپ کی جائیداد DHE اور سینیئر سٹیزن ہوم اونر اگزیمپشن (SCHE) کے لیے اہل ہو، تو آپ کو صرف SCHE فراہم کیا جائے گا، آپ دونوں حاصل نہیں کر سکتے/سکتیں\nDHE بینیفٹ کی سالانہ تجدید ہونی چاہیے۔ جب آپ کے فائدے کی تجدید کا وقت آئے گا تو محکمہ خزانہ آپ کو تجدید کی درخواست بھیجے گا۔ آپ کو 15 مارچ تک اپنی چھوٹ کی تجدید کرنی چاہیے ورنہ آپ کے پراپرٹی ٹیکس میں نمایاں اضافہ ہو سکتا ہے۔
P005c,尋找中心,https://www1.nyc.gov/assets/rentfreeze/downloads/pdf/drie/translations/drie-initial-packet_chin.pdf,\n如果您申請 DRIE 並且即時更新，您可以繼續以現在的金額支付未來的房租。\n您必須正在領取符合資格的殘障福利，才可申請 DRIE。\n您不需要先報稅就能符合 DRIE 之資格。\n您不需要房東的許可即可申請。\n在您申請此計畫後，將需要 10-15 天的時間才能得到答覆。\n紐約市房租凍結計畫還包括 (https://access.nyc.gov/programs/senior-citizens-rent-increase-exemption) 年長公民免加租 (SCRIE) 計畫。
P004r,Найдите пункт оформления налоговых деклараций,,"\nЧтобы получить налоговый вычет, подайте налоговую декларацию за 2024 год до 15 апреля 2025 года‎.\nВаша семья может иметь право на налоговый вычет на ребенка, даже если вы не получали трудовой доход или не должны были платить никаких подоходных налогов. В любом случае, у вашего ребенка должен быть номер социального обеспечения.\nТолько один родитель может заявить ребенка на получение налоговой льготы по уходу за детьми (и только в своей налоговой декларации). Заявить ребенка может лишь тот родитель или опекун, с кем ребенок прожил более шести месяцев.\nНалоговый вычет на ребенка не считается доходом и не влияет на право получать государственные пособия."
P003k,프로그램 찾기,https://www1.nyc.gov/site/acs/early-care/forms.page,"\n보육 옵션:\n생후 6주에서 2세 사이의 영유아를 대상으로 한 프로그램. 하루 최대 10시간 센터 또는 가정에서 프로그램 진행.\n조기 헤드 스타트(Early Head Start) 프로그램은 임산부와 영유아를 대상으로 합니다. 이 프로그램들은 하루에 최소 8시간의 서비스를 제공합니다.\n본인이 자격을 갖추었고 프로그램 참여 인원이 다 차지 않은 경우, 자녀는 일 년 중 언제든지 프로그램을 시작할 수 있습니다.\n자녀에게 법적 신분이 있는 한, 자녀는 부모의 법적 신분에 상관없이 보육을 받을 수 있습니다.\n가족의 소득, 규모, 수요에 따라 적격성을 판단합니다.\n현금 지원(Cash Assistance)을 받지 못하거나 가정 위탁을 하지 않거나 노숙자가 없는 가정은 소득에 따라 보육비 비용 일부를 부담해야 합니다."
P018s,,https://www1.nyc.gov/assets/finance/downloads/pdf/payment_operations/2020/veterans.pdf,"\nEnvíe una solicitud hasta el 15 de marzo para que los beneficios comiencen el 1 de julio de ese año.\nLa tasa usada para calcular la reducción del impuesto depende de la situación de veterano del solicitante. Hay tres tipos: básico, combatiente y con discapacidades."
P005s,Encontrar un centro,https://www1.nyc.gov/assets/rentfreeze/downloads/pdf/drie/translations/drie-initial-packet_span.pdf,"\nPuede seguir pagando la misma cantidad de renta en el futuro que ahora si solicita DRIE y renueva a tiempo.\nDebe estar recibiendo un beneficio por discapacidad válido para calificar para DRIE.\nNo tiene la obligación de pagar impuestos para calificar para DRIE.\nNo necesita el permiso del arrendador para presentar una solicitud.\nUna vez que presenta la solicitud, toma alrededor de 10-15 días para recibir una respuesta.\nEl Programa de congelación de la renta de la Ciudad de Nueva York (NYC Rent Freeze Program) también incluye la (https://access.nyc.gov/programs/senior-citizens-rent-increase-exemption) Exención del aumento de la renta para adultos mayores (Senior Citizen Rent Increase Exemption, SCRIE)."
P001r,Найдите пункт оформления налоговых деклараций,,"\nЧтобы получить налоговый вычет, подайте налоговую декларацию за 2024 год до 15 апреля 2025 года‎.\nВы имеете право на налоговый вычет, если вы платили кому-то за уход за вашими детьми или иждивенцами, пока вы работали или искали работу. В эту категорию также входят расходы на детский сад или няню."
P013c,,,\nNYC 第 8 節住房選擇憑據計畫的申請目前已關閉。\n如果您之前提交過第 8 節申請，請登入 (https://selfserve.nycha.info/nycha/app/eservice/enu?SWECmd=Start&) 「Self-Service Portal」（自助服務入口網站） (https://access.nyc.gov/programs/nyc-housing-connect/) 確認您的 NYCHA 申請已收到。\n您可以透過 (http://www.nychdc.com/pages/Now-Renting.html) 紐約市住房聯絡計畫 (NYC Housing Connect) 和紐約市住房開發公司 (NYC Housing Development Corporation) 尋找平價住房。
P005r,Найдите центр,https://www1.nyc.gov/assets/rentfreeze/downloads/pdf/drie/translations/drie-initial-packet_rus.pdf,"\nВ будущем вы продолжите платить арендную плату в том же размере, что и сейчас, если подадите заявку на участие в DRIE и своевременно будете ее возобновлять.\nЧтобы соответствовать критериям DRIE, вы должны получать соответствующее пособие по инвалидности.\nЧтобы иметь право на участие в программе DRIE, вам не обязательно подавать налоговую декларацию.\nВам не нужно разрешение вашего арендодателя для оформления заявки.\nПосле ее подачи вы получите ответ примерно через 10–15 дней.\nПрограмма г. Нью-Йорка по освобождению от повышения арендной платы (NYC Rent Freeze) (https://access.nyc.gov/programs/senior-citizens-rent-increase-exemption) также включает Программу освобождения пожилых людей от повышения арендной платы (Senior Citizen Rent Increase Exemption, SCRIE)."
P018en,Find a center,https://www1.nyc.gov/assets/finance/downloads/pdf/payment_operations/2020/veterans.pdf,"\nApply by March 15th for benefits to begin on July 1st of that year.\nThe rate used to calculate the tax reduction depends on the applicant's veteran status. There are three types: basic, combat, and disabled."
P007en,Find a location,http://otda.ny.gov/programs/applications/4826.pdf,"\nYou can apply for Cash Assistance, SNAP, and Medicaid all at the same time through the Cash Assistance application on (https://a069-access.nyc.gov/accesshra/) ACCESS HRA.\nIf you are eligible, you will receive your benefits within 30 days.\nDepending on your situation, you may be eligible for SNAP even if you're not a U.S. citizen.\nYou can allow someone who knows your household situation to apply for you."
P015hc,Jwenn yon sant,https://www1.nyc.gov/assets/rentfreeze/downloads/pdf/scrie/translations/scrie-initial-packet_hc.pdf,"\nOu ka kontinye peye menm pri lwaye a pi devan menm jan w ap peye l kounye a si w aplike pou SCRIE epi w renouvle alè.\nGranmoun aje ki abite nan sèten lokasyon oswa devlopman ka kalifye pou SCRIE.\nOu ka kalifye pou SCRIE menm si ou pa t ranpli taks ou.\nOu pa bezwen pèmisyon pwopriyetè a pou aplike.\nYon fwa ou aplike, li pran anviwon 10 jiska 15 jou pou jwenn repons.\nPwogram NYC Rent Freeze lan gen ladan (https://access.nyc.gov/programs/disability-rent-increase-exemption-drie/) Egzanpsyon nan Ogmantasyon Pri Lwaye pou Moun ki Gen yon Andikap (Disability Rent Increase Exemption, DRIE)."
P003b,একটি কর্মসূচী খুঁজে নিন,https://www1.nyc.gov/site/acs/early-care/forms.page,"\nশিশু পরিচর্যার বিজ্ঞপ্তি (Child Care Notice) এর মধ্যে রয়েছে:\nছয় সপ্তাহ থেকে দুই বছর বয়সী শিশুদের জন্য ইনফ্যান্ট এবং টডলার প্রোগ্রাম। এগুলি কেন্দ্রগুলিতে বা বাড়িতে দিনে 10 ঘণ্টা পর্যন্ত চলে।\nগর্ভবতী মা, নবজাতক এবং টডলারদের জন্য আর্লি হেড স্টার্ট প্রোগ্রাম (Early Head Start programs)। এগুলি দিনে অন্তত আট ঘণ্টার জন্য পরিষেবা প্রদান করে।\nযদি আপনি যোগ্য হন এবং আসন খালি থাকে, তবে আপনার সন্তান বছরের যেকোন সময় একটি প্রোগ্রাম শুরু করতে পারে।\nযতক্ষণ না আপনার সন্তানের আইনি মর্যাদা থাকবে, ততক্ষণ পর্যন্ত তারা পিতামাতার আইনি অবস্থা নির্বিশেষে যত্নের জন্য যোগ্য।\nযোগ্যতা আপনার পরিবারের আয়, আকার এবং প্রয়োজনীয়তার উপর নির্ভর করে হয়।"
P019u,دفتر تلاش کریں,https://otda.ny.gov/programs/applications/3421.pdf,HEAP‏ کے متعدد اجزا ہیں:\n‏ مستقل مراعات‏|درخواستیں ‎7‏ اپریل ‎2025‏ کو بند ہ گئیں۔ ایک یک وقتی مراعت جو آپ کے گھر کو گرم کرنے کے لیے ادائیگی کرنے میں آپ کی مدد کر سکتی ہے۔\nہنگامی مراعات|درخواستیں ‎7‏ اپریل ‎2025‏ کو بند ہ گئیں۔ اگر آپ حرارت ‎یا حرارت سے متعلق ہنامی حالت میں ہیں تو آپ کے گھر کر گرم کرنے میں آپ کی مدد۔\nحرارتی آلات کی مرمت اور ریپلیسمنٹ کی مراعات|درخواستیں 9 مئی ‎2025‏ کو بند ہ گئیں۔ آتش دان، بائلر،اور/‎یا آپ کے گھر کے ابتدائی حرارتی ماخذ کو رو بہ عمل رکھنے کے لیے ضروری دیگر لازمی حرارتی آ‏لات کی مرمت کرنے یا انہیں بدلنے میں کھر مالکوں کی مدد کرتی ہے۔\nکلین اینڈ ٹیون مراعات (‏Clean and Tune Benefit‏)‏‏|درخواستیں 9 مئی ‎2025‏ کو بند ہ گئیں۔ توانائی کے لیے کارگار خدمات حاصل کرنے میں مکان مالکوں کی مدد کرتی ہے۔ اس میں بنیادی حرارتی آلات کی صفائي کرنا شامل ہے بلکہ اس میں چمنی کی صفائی، معمولی مرمتیں، یا کاربن مونو آکسائیڈ ڈیٹیکٹرز کی تنصیب بھی شامل ہو سکتی ہے، تاکہ حرارتی آلات کی محفوظ، مناسب، اور کارگر عمل آوری میں سہولت ملے۔\nکولنگ اسسٹنس کا بینیفٹ| (https://access.nyc.gov/programs/cooling-assistance-benefit/) درخواستیں کھلی ہیں۔ گھر کو ٹھنڈا رکھنے میں مدد کے لیے ایئر کنڈیشنر یا پنکھا خریدنے میں اور انسٹال کرنے میں گھر مالکوں کی مدد کرتی ہے۔\n
P004a,اعثر على موقع لإعداد الإقرار الضريبي,,\nسارع إلى تقديم إقراراتك الضريبية لعام 2024 في موعد أقصاه 15 أبريل 2025 لتتمكن من المطالبة بهذا الخصم الضريبي.\nقد تكون أسرتك مؤهلة حتى إذا لم تحقق دخلًا أو لم تكن مدينًا بأي ضرائب على الدخل. على أنه من اللازم أن يكون لدى الطفل رقم ضمان اجتماعي.\nيمكن لأحد أولياء الأمور فقط المطالبة بالخصم الضريبي للطفل (وفي الإقرار الضريبي الخاص به). مَن يعش معه الطفل لأكثر من ستة أشهر يكن ولي الأمر أو مقدم الرعاية الذي ينبغي أن يقدم المطالبة للطفل.\nلا يُحتسب الائتمان دخلًا ولن يؤثر على أهليتك للمخصصات الحكومية.
P012hc,,https://www1.nyc.gov/assets/finance/downloads/pdf/payment_operations/2020/star-to-estar.pdf,"\nGenyen de (2) kalite avantaj STAR selon revni moun ki nan kay la:\nBasic STAR se pou pwopriyetè kay kote revni total ki antre nan fwaye yo se $500,000 oswa pi piti. Yo estime avantaj la se yon rediksyon taks $293.\nEnhanced STAR se pou pwopriyetè kay ki gen 65 lane oswa plis kote revni total ki antre nan fwaye yo pou tout pwopriyetè yo ak mari/madanm ki abite avèk yo se $92,000 oswa pi piti. Yo estime avantaj la se yon rediksyon taks $650.\nSi ou kalifye pou kredi STAR, ou pral resevwa yon chèk pou montan ekonomi STAR ou.\nMoun aje yo k ap resevwa Enhanced STAR kapab kalifye tou pou Egzansyon pou Pwopriyetè Aje yo (Senior Citizens Homeowners' Exemption, SCHE).\nOu pa oblije enskri pou STAR si ou se yon pwopriyetè kay ki gen yon egzansyon STAR ki egziste deja""."
P007f,Trouver un bureau,https://otda.ny.gov/programs/applications/4826.pdf,"\nVous pouvez déposer une demande globale d’aide financière en espèces (Cash Assistance), d’allocations du programme spécial de nutrition supplémentaire (Supplemental Nutrition Assistance Program, SNAP) et de Medicaid en même temps grâce au service de demande d’aide financière en espèces sur (https://a069-access.nyc.gov/accesshra/) ACCESS HRA.\nSi vous êtes admissible, les allocations vous seront versées sous 30 jours.\nEn fonction de votre situation, vous pouvez être admissible au programme SNAP même si vous n’êtes pas citoyen(ne) des États-Unis.\nVous pouvez demander à une personne qui connaît la situation de votre foyer de soumettre une demande en votre nom."
P017a,إيجاد مركز,https://www1.nyc.gov/assets/finance/downloads/pdf/translations/dhe_initial/dhe-initial-arab.pdf,\n (https://a836-pts-efile.nyc.gov/SmartFile/Filing/FilingType/Info/NYC_dhe) التقدم بطلب عبر الإنترنت (https://a836-pts-efile.nyc.gov/SmartFile/Filing/FilingType/Info/NYC_DHE_COOP) بحلول 16 مارس للحصول على مخصصات تبدأ في 1 يوليو.\nإذا كنت تعيش في مجتمع تعاوني، فإنه يمكنك التقديم عبر الإنترنت باستخدام طلب DHE للمجتمعات التعاونية.\nيتطلب إثبات حالة العجز والدخل والاستقطاع الضريبي\nيجب أن يكون جميع المُلاك من ذوي الاحتياجات الخاصة ما لم يكن العقار مملوكاً للزوجة/للزوج أو الأشقاء، فلا توجد حاجة ليكونوا من ذوي الاحتياجات الخاصة\nإذا كان العقار مؤهلاً لبرنامج إعفاء أصحاب المنازل من ذوي الاحتياجات الخاصة (DHE) وبرنامج إعفاء أصحاب المنازل من كبار السن (SCHE)، سوف تحصل على برنامج إعفاء أصحاب المنازل من كبار السن (SCHE) فقط، فلا يُمكنك الحصول على الاثنين معاً\nيجب تجديد مخصصات DHE سنويًا. سترسل لك دائرة المالية طلب تجديد عندما يحين وقت تجديد مخصصك. يجب عليك تجديد إعفائك بحلول 15 آذار (مارس) ، وإلا فقد تزيد الضرائب العقارية بشكل كبير.
P018b,,https://www1.nyc.gov/assets/finance/downloads/pdf/payment_operations/2020/veterans.pdf,"\n1লা জুলাই থেকে শুরু হওয়া সুবিধাগুলির জন্য সেই বছরের 15ই মার্চের মধ্যে আবেদন করুন।\nকর হ্রাস গণনা করতে ব্যবহৃত হার আবেদনকারীর অভিজ্ঞ অবস্থার উপর নির্ভর করে। এখানে তিন প্রকারের আছে: মৌলিক (basic), যুদ্ধ (combat) এবং অক্ষম (disabled)।"
P011r,,,"\nЗарегистрируйтесь или измените свой страховой полис частногомедицинского страхования на 2025 год с 16 ноября2024 года по 31 января 2025 года.\nЕсли вы регистрируетесь через NY State of Health (https://nystateofhealth.ny.gov/) , у васможет быть возможность получить финансовую помощь. Вы также можетеприобрести полис частного страхования непосредственно у страховойкомпании, но в этом случае вы не сможете обратиться за финансовойпомощью.\nЕсли у вас ограниченный доход или есть дети, вы можете иметьправо на участие в бесплатных или недорогих планах государственногомедицинского страхования, например (https://access.nyc.gov/programs/medicaid/) Medicaid (https://access.nyc.gov/programs/child-health-plus/) , (https://access.nyc.gov/programs/essential-plan/) Child HealthPlus и EssentialPlan. Вы можете зарегистрироваться в них в любое время втечение года."
P012u,,https://www1.nyc.gov/assets/finance/downloads/pdf/payment_operations/2020/star-to-estar.pdf,"\nگھریلو آمدنی کے لحاظ سے STAR کی مراعات کی دو قسمیں ہیں:\nبنیادی ‏STAR‏ ان گھر کے مالکان کے لیے ہے جن کی کل گھریلو آمدنی ‏‎$500,000‏ یا اس سے کم ہے۔ فائدہ کا اندازہ ٹیکس میں ‎$293‏ کی چھوٹ کا لگایا گیا ہے۔\n65 سال اور اس سے زائد عمر کے ان گھر کے مالکان کے لیے بہتر ‏STAR‏ جن کی کل گھریلو آمدنی ان کے ساتھ رہنے والے مالکان اور شرکاء حیات کے لیے ‏$90,550‏ یا اس سے کم ہے۔ فائدہ کا اندازہ ٹیکس میں ‎$650‏ کی چھوٹ کا لگایا گیا ہے۔\nاگر آپ ‏STAR ‏ کریڈٹ کے لئے اہل ہیں، تو آپ اپنی ‏STAR ‏ بچت کے لئے چیک وصول کریں گے.\n بہتر ‏STAR ‏ حاصل کررہے بزرگ سینیئر سٹیزن ہوم اونرس استثناء (‏Senior Citizens Homeowners' Exemption, SCHE‏) کے لئے بھی اہل ہوسکتے ہیں.\nاگر آپ کسی موجودہ ‏STAR ‏ استثناء کے ساتھ لمبی مدت سے مکان مالک ہیں تو آپ کو ‏STAR ‏ کے لئے رجسٹر کرنے کی ضرورت نہیں ہے."
P012f,,https://www1.nyc.gov/assets/finance/downloads/pdf/payment_operations/2020/star-to-estar.pdf,"\nIl existe deux types d’allocations STAR, en fonction des revenus du foyer :\nLe service STAR de base s’adresse aux propriétaires dont le revenu du foyer total est inférieur ou égal à 500 000 $. La prestation estimée fait ressortir un allègement d’impôt de 293 $.\nLe service STAR amélioré s’adresse aux propriétaires âgés d’au moins 65 ans et dont le revenu du foyer total pour le propriétaire et son conjoint vivant avec lui est inférieur ou égal à 92 000 $. La prestation estimée fait ressortir un allègement d’impôt de 650 $.\nSi vous êtes admissible au crédit STAR, vous recevrez un chèque dont la valeur correspondra au montant de votre épargne STAR.\nLes citoyens âgés qui bénéficient du service STAR amélioré peuvent aussi être admissibles à l’exemption des propriétaires citoyens âgés (Senior Citizens Homeowners’ Exemption, SCHE).\nVous n’avez pas besoin de vous inscrire au programme STAR si vous êtes propriétaire depuis longtemps avec une exemption STAR en vigueur."
