plain_language_eligibility,get_help_by_email,get_help_by_calling_311,get_help_online,how_to_apply_or_enroll_online,program_acronym
"Aby zakwalifikować się do programu DHE, należy odpowiedzieć ""Yes"" (tak) na wszystkie poniższe pytania:\nCzy wszyscy właściciele są osobami z niepełnosprawnościami, LUB czy inni właściciele są współmałżonkami lub rodzeństwem osoby(osób) z niepełnosprawnościami?\nCzy nieruchomość jest Twoim głównym miejscem zamieszkania?\nCzy łączne roczne dochody wszystkich właścicieli są niższe lub równe 58 399 USD?\nDochód NIE obejmuje świadczeń SSI lub Cash Assistance (pomoc finansowa).Spełniają Państwo kryteria, jeżeli nieruchomość należy do funduszu Kooperacji Osiedlowej (Housing Delelopment Fund Cooperation) oraz programu Wydziału ds. Zarządzania Alternatywnego (Division of Alternative Management). Nieruchomość nie może należeć do kooperacji osiedlowej zarządzanej przez Limited Profit Housing Company, Mitchell-Lama, Limited Dividend Housing Company lub firmy zajmującej się przebudową. W razie wątpliwości należy skontaktować się z zarządcą nieruchomości.","Wyślij e-mail do DHEW razie pytań należy (http://www1.nyc.gov/site/finance/about/contact-by-email/contact-exemptions-inquiries.page) wysłać e-mail do DHE, aby uzyskać więcej informacji.","Zadzwoń pod numer 311Osoby, które potrzebują pomocy w znalezieniu programu powinny poprosić o połączenie z „Disabled Homeowners Exemption” (Zwolnienie niepełnosprawnych właścicieli domów z podatku od nieruchomości).",Zapraszamy do odwiedzenia strony internetowejWięcej informacji można uzyskać na stronie internetowej DHE (http://www1.nyc.gov/site/finance/benefits/landlords-dhe.page) .,"\n (https://a836-pts-efile.nyc.gov/SmartFile/Filing/FilingType/Info/NYC_dhe) Wniosek online (https://a836-pts-efile.nyc.gov/SmartFile/Filing/FilingType/Info/NYC_DHE_COOP) należy złożyć do 16 marca, aby uzyskać świadczenia od 1 lipca.\nJeżeli mieszkają Państwo w mieszkaniu spółdzielczym, mogą Państwo złożyć wniosek online, korzystając z wniosku DHE dla mieszkań spółdzielczych.\nLimited Dividend Housing Company lub firmy zajmującej się przebudową. W razie wątpliwości należy skontaktować się z zarządcą nieruchomości.",DHE
"Pour être admissible au crédit d’impôt pour garde d’enfants et prise en charge d’une personne à charge, vous devez pouvoir répondre oui à ces questions :\nAvez-vous payé une personne physique pour prendre soin d’une personne à charge afin de vous permettre (ainsi que votre conjoint(e), si vous remplissez une déclaration fiscale commune) de travailler ou de chercher du travail ? Les personnes à charge admissibles sont les suivantes :\nun enfant de moins de 13 ans au moment de la prise en charge ;\nun(e) conjoint(e) ou une personne adulte à charge qui n’a pas la capacité physique ou mentale de prendre soin d’elle-même.\nEst-ce que la personne à charge a vécu avec vous pendant plus de la moitié de l’année 2024 ?\nPerceviez-vous (vous et votre conjoint[e] si vous faites une déclaration de revenus commune) des revenus ? Il peut s’agir de revenus provenant de salaires, traitements, pourboires ou autres revenus imposables ou des revenus générés par une activité de travailleur indépendant.\nSi vous êtes marié(e), vous et votre conjoint(e) travaillez-vous en dehors du domicile ?\nSi ce n’est pas le cas, est-ce que l’un(e) d’entre vous travaille en dehors du domicile alors que l’autre est étudiant(e) à plein temps, est en situation de handicap ou recherche un emploi ?",,,Renseignez-vous sur les crédits d’impôt (https://www1.nyc.gov/site/dca/consumers/get-tax-credit-information.page) que vous pouvez demander.,Déposez gratuitement votre déclaration de revenus fédérale sur le sitegetyourrefund.org (https://www.getyourrefund.org/) pour demander le crédit.,
"La meilleure manière de déterminer si votre famille est admissible à Head Start est de contacter directement un programme. Votre famille peut être admissible si l’un ou plusieurs de ces critères s’appliquent à vous :\nVous vivez dans un logement temporaire ;\nVous recevez (https://access.nyc.gov/fr/programs/cash-assistance/) l’aide financière en espèces de la HRA (https://access.nyc.gov/fr/programs/supplemental-nutrition-assistance-program-snap/) ;\nVous recevez des prestations SNAP\nVous percevez l’allocation supplémentaire de revenu de sécurité (Supplemental Security Income, SSI) ;\nVous inscrivez un enfant qui est en famille d’accueil ;\nLes revenus de votre foyer sont inférieurs aux montants ci-dessous :\nTaille du foyer|Revenus annuels\n2|$21,500\n3|$26,650\n4|$32,150\n5|$37,650\n6|$43,150\n7|$48,650\n8|$54,150\n9|$59,650\n10|$65,150\nPour chaque personne supplémentaire :|ajouter $5,500\nDans certaines situations, votre famille peut être admissible au programme Head Start, même si vous gagnez plus que le plafond de revenus.\nPar exemple : si vous consacrez plus de 30 % de votre revenu au logement, les programmes Head Start peuvent calculer si votre revenu est toujours admissible après soustraction des coûts de logement. Vous devez présenter des documents pertinents pour que les programmes Head Start puissent évaluer votre situation.",,\nAppelez le 311 et demandez « Head Start » si vous avez besoin d’aide pour trouver un programme.,\nEn savoir plus sur les programmes Head Start du NYCDOE (https://www.schools.nyc.gov/enrollment/enroll-grade-by-grade/head-start) .,,
Tous les élèves de la ville de New York scolarisés de la maternelle à la terminale sont éligibles à être pris dans des programmes COMPASS.Chaque programme peut comporter des critères différents d’âge et d’éligibilité.,,Appelez le 311Demandez une «assistance générale sur les programmes parascolaires» (Comprehensive After School Program assistance).,En ligneEn savoir plus sur le COMPASS du (http://www1.nyc.gov/site/dycd/services/after-school/comprehensive-after-school-system-of-new-york-city-compass.page) DYCD.,Vous pouvez utiliser Discover DYCD pour trouver des programmes dans votre région. Pour commencer :\nAccédez au site Web Discover DYCD (https://discoverdycd.dycdconnect.nyc/programme-public?categoryList=Afterschool%20Programs) .\nSélectionnez les «programmes parascolaires» (afterschool programs) dans le champ de catégorie et cliquez sur «Rechercher» (Search).,COMPASS NYC
"申請聯邦 EITC 的資格條件\n您擁有有效的社會安全號碼。\n您在 2024 年的收入、婚姻和育兒狀況屬於其中之一。\n已婚、有符合條件的子女且收入不超過 $66,819\n已婚、無符合條件的子女且收入不超過 $25,511\n單身、有符合條件的孩子且收入不超過 $59,899\n單身、無符合條件的子女且收入不超過 $18,591\n符合條件的子女包括親生子女、繼子女、寄養子女以及（外）孫子女。\n如果沒有子女，那麼 EITC 僅向 25 至 64 歲之間的申報者提供。\n已婚單獨申報：在以下情況下，未提交聯合報稅表的配偶可以申請 EITC：\n您有符合條件的子女，且該子女與您共同生活長達半年以上；以及\n您在 2024 年底根據州法律而合法分居，或者您在 2024 年的最後 6 個月內與配偶分居。\n您在 2024 年的投資收入少於 $11,600。*如果您仍然不確定自己是否符合條件，國稅局 (IRS) 提供計算器 (https://www.irs.gov/credits-deductions/individuals/earned-income-tax-credit/use-the-eitc-assistant) ，可供您計算自己是否符合條件。 申請紐約州 EITC 的資格條件\n您未申報非監護家長勞動所得稅抵免， (https://www.tax.ny.gov/pit/credits/nceic.htm) 並且\n您符合資格並申報了聯邦 EITC申請紐約市 EITC 的資格條件\n申報人在紐約市居住滿一年或半年，並且\n申報人申報了聯邦勞動所得稅抵免。",,,瞭解您可以申領的稅額抵免。 (https://www1.nyc.gov/site/dca/consumers/get-tax-credit-information.page),造訪getyourrefund.org (https://www.getyourrefund.org/) 免費申報聯邦稅並申請聯邦 EITC。 您還可能需要單獨申請州退稅，以獲得紐約州和紐約市 EITC。 您還可以透過NYC Free Tax Prep (https://www1.nyc.gov/site/dca/consumers/file-your-taxes.page) 服務獲得免費的報稅協助。,EITC
"\nلتصبح مؤهلاً لبرنامج إعفاء زيادة الإيجار لذوي الاحتياجات الخاصة (DRIE)، يجب أن تتوافر بك الشروط التالية:هل عُمرك 18 عاماً أو أكثر؟\nهل اسمك مدرجًا في عقد الإيجار\nهل قيمة دخل الأسرة 50,000 دولار أمريكي أو أقل في العام؟\nهل تنفق أكثر من ثلث دخلك الشهري على الإيجار؟\nهل أنت ممن يحصلون على دخل من المزايا التالية؟\nدﺧﻞ اﻟﻀﻤﺎن اﻟﺘﻜﻤﻴﻠﻲ ((Supplemental Security Income (SSI)\nتأمين الضمان الاجتماعي الاتحادي ضد الإعاقات (Federal Social Security Disability Insurance (SSDI))\nمعاش العجز أو التعويض من U.S. Department of Veterans Affairs (VA).\nالمساعدة الطبية المتعلقة بالعجز إذا تلقيت برنامج SSI أو SSDI سابقاً\nهل تعيش في مدينة نيويورك في أحد أنواع هذه المنازل؟\nشقة مستأجرة مستقرة\nشقة مستأجرة متحكم بها\nشقق برنامج (Mitchell-Lama)\nشقق محدود الربحية\nشقق شركة إعادة تعميرشقق شركة (Housing Development Fund Company (HDFC) Cooperative)\n213 وحدة تعاون القسم\nإيجار ينظمه فندق أو وحدة إشغال مكونة من غرفة واحدة",الاتصال ببرنامج DRIE (http://www1.nyc.gov/site/finance/about/contact-by-email/contact-drie.page) اطلب المساعدة من إدارة الشؤون المالية.,اتصل بالرقم 311 اسأل عن أخصائي DRIE,تفضل بزيارة المواقع الإلكترونية بادر بزيارة الموقع الإلكتروني لبرنامج تجميد الإيجار بمدينة نيويورك (http://www1.nyc.gov/site/rentfreeze/index.page) لمعرفة المزيد. راجع الأسئلة الشائعة (https://www1.nyc.gov/site/rentfreeze/help/covid-19-frequently-asked-questions.page) حول برنامج تجميد الإيجار أثناء جائحة كوفيد-19.,التقديم عبر الإنترنتإذا كنت ستقدم طلبًا للاستفادة من برنامج DRIE للمرة الأولى، فيمكنك تقديم طلبك عبر الإنترنت (https://www1.nyc.gov/site/rentfreeze/tools/nyc-tap.page) .تقدم بطلب من خلال موعد افتراضييمكنك الحصول على مساعدة في تقديم طلبك إلى DRIE من خلال (https://www1.nyc.gov/assets/finance/jump/dof-appointments.html) تحديد موعد عبر الوسائل الافتراضيَّة. عند تحديد الموعد:\nضمن “Select Service” (تحديد الخدمة)، اختر برامج Renter and Homeowner Exemption Programs (برامج إعفاء المستأجرين وملاك المنازل). بعد ذلك، اختر “Rent Freeze (SCRIE or DRIE) Initial application” [الطلب المبدئي لتجميد الإيجار (SCRIE أو DRIE)].\nضمن “Select Location” (تحديد الموقع)، اختر “Exemptions Virtual Appointments” (مواعيد افتراضية للإعفاء).\nحدد تاريخًا ووقتًا. بعد ذلك، قم بتعبئة بيانات الاتصال بك لإنشاء موعدك.,DRIE
"The best way to find out if your family is eligible for Head Start is to contact a program directly. Your family may qualify if one or more of these apply to you:\nYou live in temporary housing\nYou receive (https://access.nyc.gov/programs/cash-assistance/) HRA Cash Assistance (https://access.nyc.gov/programs/supplemental-nutrition-assistance-program-snap/) \nYou receive SNAP\nYou receive SSI (Supplemental Security Income)\nYou're enrolling a child who is in foster care\nYour family income falls below the amounts below:\nHousehold size|Yearly income\n2|$21,500\n3|$26,650\n4|$32,150\n5|$37,650\n6|$43,150 \n7|$48,650\n8|$54,150 \n9|$59,650\n10|$65,150\nFor each additional person: |add $5,500\nThere are some situations when your family may be eligible for Head Start, even if you earn above the income limit. \nFor example: if you pay more than 30% of your income towards housing, Head Start programs can calculate if your income still qualifies after subtracting for housing costs. You must submit relevant documents for Head Start programs to assess your situation.",,"\nCall 311 and ask for ""Head Start"" if you need help finding a program.",\nLearn more about Head Start from NYCDOE (https://www.schools.nyc.gov/enrollment/enroll-grade-by-grade/head-start) .,,
\nEste programa evalúa diversas cosas para decidir si usted es elegible. Algunos de ellas incluyen:cuánto dinero gana\ncuánto dinero recibe en beneficios\ncuántas personas viven en su casa\nrecursos como efectivo o una cuenta corriente,,Llame al 311 Pregunte por Asistencia en efectivo.,Visite el sitio web Visite el sitio web de Asistencia en efectivo (http://www1.nyc.gov/site/hra/help/cash-assistance.page) para conocer más sobre este programa.,"\nPresente la solicitud en (https://a069-access.nyc.gov/accesshra/) ACCESS HRA (http://www1.nyc.gov/site/hra/locations/job-locations.page) . Puede solicitar Asistencia en efectivo, SNAP y Medicaid al mismo tiempo.\nUse la aplicación móvil ACCESS HRA para seguir el progreso de su aplicación o presentar documentos.\nLo contactarán para tener una entrevista por teléfono. También puede visitar un Centro de acceso a los beneficios de la HRA para tener una entrevista en persona.",
"Na rok szkolny 2024–2025 można zapisać wszystkie nowojorskie dzieci urodzone w 2020 roku. Dotyczy to także dzieci z niepełnosprawnością (https://www.schools.nyc.gov/enrollment/enrollment-help/meeting-student-needs/students-with-disabilities) oraz dzieci uczących się języka angielskiego (https://www.schools.nyc.gov/enrollment/enrollment-help/meeting-student-needs/students-learning-english) . Dzieci nie muszą potrafić korzystać z toalety, żeby korzystać z programu Pre-K.","Napisz e-mail do działu przyjęć do programów przedszkolnych Pre-K Wyślij e-mail na adres es_enrollment@schools.nyc.gov (mailto:ES_Enrollment@schools.nyc.gov) , jeśli masz pytania dotyczące przyjęcia dziecka do programu Pre-K.",Zadzwoń pod numer 311 Zapytaj o „Pre-K for All” (Pre-K dla wszystkich).,"Odwiedź stronę Odwiedź stronę internetową DOE Pre-K (https://www.schools.nyc.gov/enrollment/enroll-grade-by-grade/pre-k) miasta Nowy Jork, aby dowiedzieć się więcej na temat procesu przyjmowania do programu Pre-K.","Złóż wniosek w witrynie MySchools (https://www.myschools.nyc/en/) w terminie od 10 stycznia do 1 marca 2024 roku. Wniosek można złożyć w języku angielskim, arabskim, bengalskim/bangla, chińskim, kreolskim haitańskim, francuskim, koreańskim, rosyjskim, hiszpańskim lub urdu. Na stronie MySchools znajdziesz też programy Pre-K na pół dnia.",Pre-K
"You must meet the requirements below to be eligible for the credit for the 2024 tax year.\nYou earned up to $200,000 and up to $400,000 if you are married filing jointly. \nYou're claiming a child on your tax return who is:\n16 or younger\nThe child must have a Social Security Number (SSN) or Adoption Tax Identification Number (ATIN). The filer may use an SSN or Individual Taxpayer Identification Number (ITIN).\nQualifying children must be your son, daughter, stepchild, eligible foster child, brother, sister, stepbrother, stepsister, half-brother, half-sister, or a descendant of one of these (for example, a grandchild, niece or nephew)\nYour child or dependent must have lived with you for over half of the year in the U.S. and you are claiming them as a dependent on your tax return. \nYour child cannot provide more than half of their own financial support.",,,Learn about tax credits (https://www1.nyc.gov/site/dca/consumers/get-tax-credit-information.page) that you can claim.,File your federal taxes for free with getyourrefund.org (https://www.getyourrefund.org/) to claim the Child Tax Credit.,CTC
\nআপনি যোগ্য কিনা তা নির্ধারণ করতে এই কর্মসূচি বেশ কয়েকটি বিষয় দেখে। এগুলির মধ্যে রয়েছআপনি কত টাকা উপার্জন করেন\nসুবিধাগুলি থেকে আপনি কত টাকা পাচ্ছেন\nআপনার পরিবারে কতজন লোক আছেে:,,311 এ কল করুন SNAP-এর জন্য অনুরোধ করুন।,ওয়েবসাইট ভিজিট করুন এই প্রোগ্রাম সম্পর্কে আরও জানতে SNAP-এর ওয়েবসাইট (https://www1.nyc.gov/site/hra/help/snap-benefits-food-program.page) দেখুন।,"\n (https://a069-access.nyc.gov/ACCESSNYC/application.do) ACCESS HRA (https://appsto.re/us/9s9N_.i) ব্যবহার করে অনলাইনে আবেদন করুন। আপনি তার সাথে নগদ সহায়তা, SNAP এবং Medicaid সবগুলির জন্য আবেদন করতে পারেন।\nNYC HRA ডকুমেন্ট আপলোড অ্যাপ ব্যবহার করে আপনার নথিগুলি স্ক্যান করুন যা (https://play.google.com/store/apps/details?id=gov.nyc.hra.DocUploads) iTunes Store (https://a069-access.nyc.gov/ACCESSNYC/application.do) (iPhone-এর জন্য) বা (https://a069-access.nyc.gov/ACCESSNYC/application.do) Google Play Store (Android ফোনের জন্য)-এ বিনামূল্যে পাওয়া যায়।\nআপনার আবেদন জমা দেওয়ার পর, আপনাকে একটি যোগ্যতা সাক্ষাৎকারে অংশগ্রহণ করতে হবে। SNAP কেন্দ্রে না এসে টেলিফোনে আপনার সাক্ষাৎকার হতে পারে।আপনার আবেদনের স্থিতি জানুন ACCESS HRA-তে গিয়ে।আপনাকে প্রতি বছর একবার SNAP-এর জন্য পুনঃপ্রত্যয়ন করতে হবে। SNAP অফিস আপনাকে একটি রিসার্টিফিকেশন (পুনর্প্রত্যায়ন) প্যাকেট ডাক মারফত পাঠাবে এবং সেটি পূরণ করে HRA-তে ফেরত পাঠাতে হবে। আপনি অনলাইনেও রিসার্টিফাই করাতে পারেনACCESS HRA ওয়েবসাইটে। একবার আপনার শংসাপত্র জমা দেওয়া হয়ে গেলে, একটি সাক্ষাত্কারের জন718-SNAP-Now (718-762-7669)-এ কল করুন।্য",SNAP
"DRIE کی اہلیت کے لیے آپ کو درج سوالات کے جوابات """"ہاں"""" میں دینے کے قابل ہونا چاہیئے:\nکیا آپ کی عمر 18 سال یا زیادہ ہے؟\nکیا لیز میں آپ کا نام شامل ہے؟\nکیا آپ کے گھرانے کی مجموعی سالانہ آمدنی $50,000 یا اس سے کم ہے؟\nکیا آپ اپنی ماہانہ آمدنی کے تیسرے حصے سے زیادہ رقم کرایہ پر خرچ کرتے/کرتی ہیں؟\nکیا آپ کو درج ذیل بینیفٹس سے آمدن حاصل ہوتی ہے؟\nSupplemental Security Income, SSI (ضمنی سیکیورٹی آمدن)\nFederal Social Security Disability Insurance, SSDI (وفاقی سماجی سیکیورٹی معذوری انشورنس)\nU.S. Department of Veterans Affairs (محکمہ برائے سابقہ فوجی معاملات، VA) معذوری کی پینشن یا معاوضہ\nمعذوری سے متعلق Medicaid، اگر آپ نے ماضی میں SSI یا SSDI وصول کی ہو\nکیا آپ NYC میں درج ذیل میں سے کسی قسم کی رہائش گاہ میں رہتے/رہتی ہیں؟\nمستحکم شدہ کرایہ کا اپارٹمنٹ\nکنٹرول شدہ کرایہ کا اپارٹمنٹ\nMitchell-Lama ڈیولپمنٹ\nلمیٹڈ ڈیویڈینڈ (Limited Dividend) ڈیولپمنٹ\nRedevelopment Company (ری ڈیولپمنٹ کمپنی) کی ڈیولپمنٹ\nHousing Development Fund Company (ہاؤسنگ ڈیولپمنٹ فنڈ کمپنی، HDFC) کی کوآپریٹو ڈیولپمنٹ\nسیکشن 213 کے تحت کوئی کوآپریٹو یونٹ\nزیر ضابطہ کرایہ کا کوئی ہوٹل یا سنگل روم کا کوئی رہائشی یونٹ",DRIE سے رابطہ کریںمحکمہ مالیات سے (http://www1.nyc.gov/site/finance/about/contact-by-email/contact-drie.page) مدد کی درخواست کریں۔,311 پر کال کریںDRIE ماہرین سے بات کرنے کا کہیں۔,ویب سائٹس ملاحظہ کریںمزید جاننے کے لیے NYC رینٹ فریز پروگرام کی ویب سائٹ (http://www1.nyc.gov/site/rentfreeze/index.page) ملاحظہ کریں۔COVID-19 کے دوران کرایہ منجمد کرنے کے پروگرام (SCRIE اور DRIE) کیلئے اکثر پوچھے گئے سوالات (https://www1.nyc.gov/site/rentfreeze/help/covid-19-frequently-asked-questions.page) کا جائزہ لیں۔,"آن لائن درخواست دیںاگر آپ پہلی بار DRIE کیلئے درخواست دے رہے ہیں، تو آپ آن لائن (https://www1.nyc.gov/site/rentfreeze/tools/nyc-tap.page) درخواست دے سکتے ہیں۔ورچوئل اپائنٹمنٹ کے دوران درخواست دیںآپ (https://www1.nyc.gov/assets/finance/jump/dof-appointments.html) ورچوئل اپائنٹمنٹ کا شیڈول بنا کر DRIE میں درخواست دینے میں مدد حاصل کر سکتے ہیں۔ شیڈول بناتے وقت:\n""سلیکٹ سروس"" کے تحت، کرایہ دار اور مکان مالک کے استثنیٰ کے پروگراموں کا انتخاب کریں۔ پھر، ""رینٹل فریز (SCRIE یا DRIE) ابتدائی درخواست کا انتخاب کریں۔\n""منتخب مقام"" کے تحت، ""مرضی ورچوئل اپائنٹمنٹس"" کو منتخب کریں۔\nتاریخ اور وقت منتخب کریں۔ پھر، اپنی اپائنٹمنٹ لینے کیلئے اپنی رابطہ کی معلومات پُر کریں۔",DRIE
Do zapisania się do programów COMPASS uprawnieni są wszyscy uczniowie z miasta Nowy Jork w wieku od przedszkola do 12 klasy.Dla każdego programu mogą obowiązywać inne wymogi wiekowe i kwalifikacyjne.,,Należy zadzwonić pod numer 311Należy zapytać o „kompleksową pomoc związaną z programem zajęć pozalekcyjnych” (Comprehensive After School Program).,Przez InternetZachęcamy do zapoznania się z dodatkowymi informacjami na temat programu COMPASS w (http://www1.nyc.gov/site/dycd/services/after-school/comprehensive-after-school-system-of-new-york-city-compass.page) DYCD.,Discover DYCD pozwala znaleźć programy prowadzone lokalnie. Na początku:\nNależy wejść na stronę Discover DYCD (https://discoverdycd.dycdconnect.nyc/programme-public?categoryList=Afterschool%20Programs) .\nWybrać „Programy pozalekcyjne” (afterschool programs) w polu kategorii i kliknąć „Szukaj”(Search).,COMPASS NYC
"Pi bon fason pou w konnen si fanmi w kalifye pou Pwogram Premye Kòmansman se kontakte yon pwogram dirèkteman. Fanmi ou ka kalifye si youn oswa plizyè nan sa yo aplike pou ou:\nOu ap viv nan lojman tanporè\nOu resevwa (https://access.nyc.gov/ht/programs/cash-assistance/) Èd Finansyè (Cash Assistance) nan Administrasyon Resous Imèn (Human Resources Administration, HRA) (https://access.nyc.gov/ht/programs/supplemental-nutrition-assistance-program-snap/) \nOu resevwa Pwogram Èd Nitrisyon Siplemantè (Supplemental Nutrition Assistance Program, SNAP)\nOu resevwa Asirans Sekirite Siplemantè (Supplemental Security Income, SSI)\nOu enskri yon timoun ki nan fanmi akèy\nRevni fanmi ou pi ba pase yon montan sa yo:\nKantite moun k ap viv nan kay la|Revni pa ane\n2|$21,500\n3|$26,650\n4|$32,150\n5|$37,650\n6|$43,150\n7|$48,650\n8|$54,150\n9|$59,650\n10|$65,150\nPou chak moun anplis|ajoute $5.500\nGen kèk sitiyasyon kote fanmi ou ka elijib pou Premye Kòmansman, menm si ou touche pi wo a limit revni.\nPa egzanp: si ou depanse plis pase 30% nan revni ou pou peye lojman, pwogram Premye Kòmansman yo ka kalkile si ou toujou kalifye apre yo retire depans lojman yo. Ou dwe soumèt dokiman ki enpòtan pou pwogram Premye Kòmansman yo ka evalye sitiyasyon ou.",,\nRele 311 epi mande pou “Premye Kòmansman” si w bezwen èd pou w kapab jwenn yon pwogam.,"\nAprann plis sou Premye Kòmansman atravè Depatman Edikasyon Vil New York (NYC Department of Education, NYCDOE) (https://www.schools.nyc.gov/enrollment/enroll-grade-by-grade/head-start) .",,
"STAR 혜택의 유형은 두 가지로 Basic STAR 및 Enhanced STAR가 있습니다. 둘 중 한 가지 혜택의 자격 조건에 부합하려면 다음 모든 문항에 대한 답이 ‘예’여야 합니다.\n자산이 최소 1명의 소유주의 기본 주택입니까?\n다음 유형 중 하나의 주택에서 거주하고 계십니까?\n주택\n콘도\n조합식 아파트\n조립식 주택\n농장 주택\n다목적 이용 자산, 아파트 건물 포함(소유주 거주 부분이 자격에 해당하는 경우에만)Basic STAR의 경우 자격 대상이 되려면 다음 질문에 '예'라고 응답할 수 있어야 합니다.\n집에 거주 중인 모든 소유자와 배우자의 종합 소득이 연 $500,000 이하입니다.\n부동산을 소유하고 있었고, 2015∼2016년 기본 STAR 면제를 받았는데 이후에 혜택을 상실하였다면, 면제 혜택을 회복할 수 있습니다. 기본 STAR 혜택을 회복하려면, 소득이 $250,000 이하여야 합니다.Enhanced STAR의 경우 자격 대상이 되려면 다음 질문에 '예'라고 응답할 수 있어야 합니다.\n현재 기본 STAR 혜택을 받고 있는 경우, 신청하는 해에 만 65세 이상이면 상위 STAR 혜택 자격이 되실 수 있습니다 (https://www1.nyc.gov/site/finance/benefits/landlords-star.page) . 주택소유자 및 동거 배우자나 등록 동거인의 총 소득이 $92,000를 초과하면 안 됩니다.",STAR로 이메일 보내기STAR와 관련한 문의 사항은  (http://www1.nyc.gov/site/finance/about/contact-by-email/contact-exemptions-inquiries.page) 뉴욕시 재무부(NYC Department of Finance)로 이메일을 보내주십시오.,311번으로 전화학교 세금 경감 프로그램에 대해 문의하십시오.,웹 사이트 방문자세한 내용은 STAR 웹 사이트 (https://tax.ny.gov/pit/property/star/default.htm) 에서 확인할 수 있습니다.,"재산을 소유하고 2015-16년에 STAR를 받았지만 나중에 혜택을 상실하여 복원을 원하는 경우 재무부에 Basic STAR를 신청할 수 있습니다.\n (https://www1.nyc.gov/assets/finance/jump/smartfile-estar-star.html) STAR/ESTAR 온라인 초기 지원 (https://www1.nyc.gov/assets/finance/jump/smartfile-star-estar-coop.html) \n (https://a836-pts-efile.nyc.gov/SmartFile/Filing/FilingType/Info/NYC_STAR) STAR/ESTAR 온라인 협동조합 최초 신청 (https://www.tax.ny.gov/pit/property/star/) 재무부에서 Enhanced STAR(E-STAR) 온라인을 신청할 수 있습니다.\nEnhanced STAR 자격이 있는 Basic STAR 수혜자라면,\n신청한 연도에 65세 이상이 될 것이며 2015-16년에 귀하의 재산에 대해 STAR 면제를 받은 적이 있는 경우.소득이 $250,000 이상이고 $500,000 이하인 경우 뉴욕주 STAR 세금 공제를 위해 온라인으로 등록하거나 518-457-2036번으로 전화하십시오.",STAR
"لتصبح مؤهلاً لبرنامج الإعفاء من زيادة الإيجار للمواطنين كبار السن (SCRIE) ، يجب أن تتمكن من الإجابة بنعم على الأسئلة التالية:\nهل تبلغ 62 عاماً أو أكبر؟\nهل اسمك مدرج في عقد الإيجار؟\nهل قيمة دخل الأسرة 50,000 دولار أمريكي أو أقل في العام؟\nهل تنفق أكثر من ثلث دخلك الشهري على الإيجار؟\nهل تعيش في مدينة نيويورك في أحد أنواع هذه المنازل؟\nشقة مستأجرة مستقرة\nشقة مستأجرة متحكم بها\nإيجار ينظمه فندق أو وحدة إشغال مكونة من غرفة واحدة\nشقق برنامج Mitchell-Lama\nشقق شركة Limited Dividend Housing Company\nشقق شركة Redevelopment Company\nشقق شركة Housing Development Fund Company",الاتصال ببرنامج SCRIE (http://www1.nyc.gov/site/finance/about/contact-by-email/contact-drie.page) اطلب المساعدة (mailto:SCRIE@hpd.nyc.gov) من إدارة الشؤون المالية.إرسال رسالة بالبريد الإلكتروني إلى HPDلطرح الأسئلة المتعلقة ببرنامج SCRIE الخاضع لإشراف إدارة HPD، يُرجى التواصل عبر البريد الإلكتروني SCRIE@hpd.nyc.gov,اتصل بالرقم 311اسأل عن أخصائي SCRIE,تفضل بزيارة المواقع الإلكترونيةبادر بزيارة الموقع الإلكتروني لبرنامج تجميد الإيجار بمدينة نيويورك (http://www1.nyc.gov/site/rentfreeze/index.page) لمعرفة المزيد.راجع الأسئلة الشائعة (https://www1.nyc.gov/site/rentfreeze/help/covid-19-frequently-asked-questions.page) حول برنامج تجميد الإيجار أثناء جائحة كوفيد-19.إذا كنت تعيش في نطاق تطوير من إدارة HPD، فتفضَّل بزيارة الموقع الإلكتروني لإدارة HPD (https://www1.nyc.gov/site/hpd/services-and-information/scrie-drie.page) لمعرفة المزيد حول برنامج SCRIE الخاضع لإشراف إدارة HPD.,"التقديم عبر الإنترنتإذا كنت ستقدم طلبًا للاستفادة من برنامج SCRIE للمرة الأولى، فيمكنك تقديم طلبك عبر الإنترنت (https://www1.nyc.gov/site/rentfreeze/tools/nyc-tap.page) .تقدم بطلب من خلال موعد افتراضييمكنك الحصول على مساعدة في تقديم طلبك إلى SCRIE من خلال (https://www1.nyc.gov/assets/finance/jump/dof-appointments.html) تحديد موعد عبر الوسائل الافتراضيَّة. عند تحديد الموعد:\nضمن ""Select Service"" (تحديد الخدمة)، اختر برامج Renter and Homeowner Exemption Programs (برامج إعفاء المستأجرين وملاك المنازل). بعد ذلك، اختر ""Rent Freeze (SCRIE or DRIE) Initial application"" [الطلب المبدئي لتجميد الإيجار (SCRIE أو DRIE)].\nضمن ""Select Location"" (تحديد الموقع)، اختر ""Exemptions Virtual Appointments"" (مواعيد افتراضية للإعفاء).\nحدد تاريخًا ووقتا. بعد ذلك، قم بتعبئة بيانات الاتصال بك لإنشاء موعدك.",SCRIE
"To be eligible for DRIE, you should be able to answer ""yes"" to all of these questions:\nAre you 18 years old or older?\nIs your name on the lease?\nIs your combined household income $50,000 or less in a year?\nDo you spend more than one-third of your monthly income on rent?\nDo you live in NYC in one of these types of housing?\na rent stabilized apartment\na rent controlled apartment\na Mitchell-Lama development\na Limited Dividend development\na redevelopment company development\na Housing Development Fund Company (HDFC) Cooperative development\na Section 213 Cooperative unit\na rent regulated hotel or single room occupancy unit\nDo you have income from the following benefits?\nSupplemental Security Income (SSI)\nFederal Social Security Disability Insurance (SSDI)\nU.S. Department of Veterans Affairs (VA) disability pension or compensation\nDisability-related Medicaid if you received either SSI or SSDI in the past",Contact DRIE (http://www1.nyc.gov/site/finance/about/contact-by-email/contact-drie.page) Ask for help from the Department of Finance.,Call 311 Ask about DRIE.,Learn more onlineVisit the NYC Rent Freeze Program website (http://www1.nyc.gov/site/rentfreeze/index.page) to learn more.,Complete the online application through the Department of Finance (DOF) (https://www1.nyc.gov/site/rentfreeze/tools/nyc-tap.page) if you are applying for DRIE for the first time.You can get help applying to DRIE by (https://www1.nyc.gov/assets/finance/jump/dof-appointments.html) scheduling a virtual appointment with DOF.,DRIE
,,,تفضل بزيارة الموقع الإلكترونيتفضل بزيارة الموقع الإلكتروني لإدارة التعليم في مدينة نيويورك (NYC DOE) (https://www.schools.nyc.gov/school-life/food/free-meals-for-all) لمعرفة المزيد.,\nلم تعد الأسر بحاجة إلى ملء الطلبات للتأهل للحصول على مخصصات وجبة مجانية.\nقد يُطلب من الأسر ملء نموذج إثبات دخل الأسرة (https://www.myschoolapps.com/Home/PickDistrict) لمساعدة المدارس في الحصول على التمويل.,
"\n早期啟蒙教育計畫 要確認您的家庭是否符合早期啟蒙教育計畫的資格，最好是直接聯絡計畫。 如果您符合以下至少一種情況，則您的家庭可能有資格參與早期啟蒙教育計畫：您住在臨時住房內\n您正領取 HRA 現金援助\n您正領取 SSI（社會安全輔助保險）\n您正為受寄養照顧的兒童辦理登記手續\n如果您的家庭收入不高於以下金額，您也可能符合資格：\n 家庭人數| 年收入\n 1| $14,580\n 2| $19,720\n 3| $24,860\n 4| $30,000\n 5| $35,140\n 6| $40,280\n 7| $45,420\n 8| $50,560\n 每增加一人，增加：| $5,140\n \n 嬰幼兒計畫 您必須具有以下至少一項經核准的「照護理由」：您每週工作時數超過 10 小時\n您正參加教育或職業訓練計畫\n您開始找工作或找工作的時間已長達 6 個月。 這包括在領取失業福利金的同時找工作\n您住在臨時住房內\n您正接受家庭暴力相關服務\n您正在接受物質濫用相關治療\n如果您的家庭收入不高於以下金額，您可能符合資格：\n 家庭人數| 月收入| 年收入\n 1| $4,301| $51,610\n 2| $5,624| $67,490\n 3| $6,948| $83,370\n 4| $8,271| $99,250\n 5| $9,594| $115,130\n 6| $10,918| $131,010\n 7| $11,166| $133,987\n 8| $11,414| $136,965\n 9| $11,662| $139,942\n 10| $11,910| $142,920\n 11| $12,158| $145,897\n 12| $12,406| $148,875\n 13| $12,654| $151,852\n 14| $12,903| $154,830\n 15| $13,151| $157,807\n",,致電 311 如需協助尋找計畫，請諮詢「EarlyLearn」。,造訪網站 透過 NYCDOE (https://www.schools.nyc.gov/enrollment/enroll-grade-by-grade/earlylearn-nyc) 瞭解關於托兒服務的更多資訊。,使用 MyCity 應用程式 (https://mycity.nyc.gov/s/childcarelanding?language=en_US&LanguageCode=en_US) 申請。,
"\nআর্লি হেড স্টার্ট প্রোগ্রাম আর্লি হেড স্টার্টের জন্য আপনার পরিবার যোগ্য কিনা জানার সবচেয়ে ভালো উপায় হলো প্রকল্পের সঙ্গে সরাসরি যোগাযোগ করা। আপনার পরিবার আর্লি হেড স্টার্টের জন্য যোগ্য হতে পারে যদি এই বিভাগগুলির মধ্যে কমপক্ষে একটিও আপনার ক্ষেত্রে প্রযোজ্য হযআপনি সাময়িক আবাসনে থাকেন\nআপনি HRA নগদ সহায়তা পান\nআপনি SSI (সম্পূরক নিরাপত্তা বিমা) পাচ্ছেন\nফস্টার কেয়ারে থাকা কোনও বাচ্চাকে নথিভুক্ত করছেনআপনার পরিবারের আকারের উপর নির্ভর করে, আপনার আয় ফেডারেল দারিদ্র্য স্তরে বা তার নিচ\n পরিবারের আকার\n বার্ষিক আয় 1| $14,580\n 2| $19,720\n 3| $24,860\n 4| $30,000\n 5| $35,140\n 6| $40,280\n 7| $45,420\n 8| $50,560\n প্রত্যেকজন অতিরিক্ত ব্যক্তির জন্য, যোগ করুন:| $5,140\n \n নবজাতক/টডলার প্রোগ্রাম আপনার অবশ্যই এই অনুমোদিত ""যত্নের কারণ""গুলির মধ্যে অন্তত একটি থাকতে হবে:আপনি প্রতি সপ্তাহে 10+ ঘন্টা কাজ করেন\nআপনি একটি শিক্ষা বা বৃত্তিমূলক প্রশিক্ষণ প্রোগ্রামে অংশ নিচ্ছেন\nআপনি কাজ খোজা শুরু করছেন অথবা 6 মাস ধরে কাজ খুঁজছেন। এর মধ্যে বেকারত্ব পাওয়ার সময় কাজ খোজা অন্তর্ভুক্ত রয়েছে\nআপনি সাময়িক আবাসনে থাকেন\nআপনি গার্হস্থ্য সহিংসতার পরিষেবাগুলিতে অংশ নিচ্ছেন\nআপনি পদার্থ অপব্যবহারের জন্য চিকিত্সা গ্রহণ করছেনআপনার পরিবারের আয় এই পরিমাণে বা তার কম হলে আপনি যোগ্য হতে পারেন:\n পরিবারের আকার| মাসিক আয়| বার্ষিক আয়\n 1| $4,301| $51,610\n 2| $5,624| $67,490\n 3| $6,948| $83,370\n 4| $8,271| $99,250\n 5| $9,594| $115,130\n 6| $10,918| $131,010\n 7| $11,166| $133,987\n 8| $11,414| $136,965\n 9| $11,662| $139,942\n 10| $11,910| $142,920\n 11| $12,158| $145,897\n 12| $12,406| $148,875\n 13| $12,654| $151,852\n 14| $12,903| $154,830\n 15| $13,151| $157,807\n ে।়:",,"311-এ ফোন করুন প্রোগ্রাম খুঁজতে সহায়তার জন্য ""EarlyLearn"" এর ব্যাপারে জিজ্ঞাসা করুন।",ওয়েবসাইট ভিজিট করুন NYCDOE (https://www.schools.nyc.gov/enrollment/enroll-grade-by-grade/earlylearn-nyc) থেকে শিশু যত্ন সম্পর্কে আরও তথ্য পান।,MyCity অ্যাপ (https://mycity.nyc.gov/s/childcarelanding?language=en_US&LanguageCode=en_US) ব্যবহার করে আবেদন করুন।,
2020년에 태어난 모든 뉴욕시 아동은 2024~2025학년도 프로그램에 등록할 수 있습니다. 여기에는 장애 아동 (https://www.schools.nyc.gov/enrollment/enrollment-help/meeting-student-needs/students-with-disabilities) 이나 영어를 배우는 아동 (https://www.schools.nyc.gov/enrollment/enrollment-help/meeting-student-needs/students-learning-english) 도 해당됩니다. 아동은 Pre-K에 참여하기 전에 화장실 훈련을 받을 필요가 없습니다.,Pre-K 입학처에 이메일 보내기 Pre-K에 대한 문의 사항이 있는 경우 es_enrollment@schools.nyc.gov (mailto:ES_Enrollment@schools.nyc.gov) 에 이메일로 문의해 주십시오.,311에 전화하세요 Pre-K For All에 대한 정보를 문의하세요,웹사이트를 방문하십시오 NYC DOE Pre-K 웹사이트 (https://www.schools.nyc.gov/enrollment/enroll-grade-by-grade/pre-k) 를 방문해 Pre-K 입학 절차에 대해 자세한 내용을 살펴보십시오.,"MySchools (https://www.myschools.nyc/en/) 에서 2024년 1월 10일부터 2024년 3월 1 일까지 신청해 주십시오. 영어, 아랍어, 벵골어/방글라데시어, 중국어, 아이티 크레올어, 프랑스어, 한국어, 러시아어, 스페인어, 우르두어로 신청할 수 있습니다. MySchools에서 반일 Pre-K 프로그램도 신청하실 수 있습니다.",Pre-K
"يجب أن تستوفي المتطلبات الواردة أدناه لكي تكون مؤهلًا للخصم الضريبي للسنة الضريبية 2024.\nأن تكون قد حققت دخلًا مقداره 200,000 دولار أو 400,000 دولار إذا كنت متزوجًا وتقدم إقرارًا مشتركًا.\nتطالب بحق طفل في إقرارك الضريبي وكان هذا الطفل:\nأصغر من 16 عامًا\nيجب أن يكون للطفل رقم ضمان اجتماعي (Social Security Number, SSN)، أو رقم تعريف ضريبي للطفل المتبنى (Adoption Tax Identification Number, ATIN). يمكن لمقدم الإقرار استخدام رقم الضمان الاجتماعي أو رقم التعريف الضريبي لدافع الضرائب من الأفراد (Individual Taxpayer Identification Number, ITIN).\nيجب أن يكون الأطفال المؤهلون إما ابنك أو بنتك أو ربيبك أو طفلًا مُحتضنًا أو أخاك أو أختك أو أخاك من الأب أو الأم أو أختك من الأب أو الأم أو أخاك غير الشقيق أو أختك غير الشقيقة أو من ينحدر من هؤلاء (على سبيل المثال، حفيد أو بنت الأخ أو الأخت أو ابن أخ أو ابن أخت)\nيجب أن يكون الطفل أو المعال قد عاش معك لما يزيد عن نصف عام في الولايات المتحدة الأمريكية وأنت تطالب بحقه في إقرارك الضريبي بصفته معالًا.\nلا يستطيع طفلك أن يوفر لنفسه أكثر من نصف نفقته المالية.",,اتصل بالرقم 311 اطلب المساعدة في إعداد الضرائب.,تعرَّف على الخصومات الضريبية (https://www1.nyc.gov/site/dca/consumers/get-tax-credit-information.page) التي يمكنك المطالبة بها.,قدِّم إقراراتك الضريبية مجانًا من خلالgetyourrefund.org (https://www.getyourrefund.org/) للمطالبة بالخصم الضريبي للطفل.,CTC
"SCHE کا اہل ہونے کے لیے، آپ کو ان تمام سوالات کا جواب ہاں میں دینے کے قابل ہونا چاہیے:\nکیا پراپرٹی کے تمام مالکان 65 سال یا اس سے زیادہ عمر کے ہیں؟  یا، اگر آپ شریک حیات یا بہن بھائی کے ساتھ پراپرٹی کے مالک ہیں، تو کیا آپ میں سے کسی کی عمر 65 سال یا اس سے زیادہ ہے؟\nکیا پراپرٹی آپ کی بنیادی رہائش ہے؟\nکیا تمام مالکان کی مشترکہ آمدنی $58,399 سے کم یا اس کے برابر ہے؟\nآمدنی میں SSI یا نقد اعانت کی مراعات شامل نہیں ہیں۔\nکیا آپ کم از کم 12 مہینوں سے مسلسل اپنی پراپرٹی کے مالک ہیں؟",,311 پر کال کریںسینئر سٹیزن ہوم اونرز اگزیمپشن پروگرام کا پوچھیں,ویب سائیٹ ملاحظہ فرمائیںمزید جاننے کے لیے SCHE کی ویب سائیٹ (http://www1.nyc.gov/site/finance/benefits/landlords-sche.page)  ملاحظہ فرمائیں۔,یکم جولائی کو مراعات شروع ہو جانے کے لیے 15 مارچ تک (https://a836-pts-efile.nyc.gov/SmartFile/Filing/FilingType/Info/NYC_DHE) آن (https://a836-pts-efile.nyc.gov/SmartFile/Filing/FilingType/Info/NYC_DHE) (https://a836-pts-efile.nyc.gov/SmartFile/Filing/FilingType/Info/NYC_SCHE_COOP) لائن درخواست دیں۔اگر آپ کو آپ میں رہتے ہیں توآپ SCHE کو آپس کی درخواست استعمال کر کے آن لائن درخواست دے سکتے ہیں۔اپنی املاک تلاش کرنے اور فارم پُر کرنا شروع کرنے کے لیے اپنا پتہ یا قصبہ، بلاک اور لاٹ (BBL) یا املاک کا پتہ استعمال کریں۔,SCHE
لكي تكون مؤهلاً للحصول على الائتمان الضريبي لرعاية الأطفال والمُعالين، عليك الإجابة على هذه الأسئلة بنعم:\nهل تُسدِّد لأحدٍ أجرًا مقابل رعايته أحدًا مِمَّن تعول لتتمكَّن (أنت أو زوجك أو زوجتك، حال تقدمكم بإقرار ضريبي مشترك) من العمل أو البحث عن فرصة للعمل؟ المعالون المؤهلون:\nطفل أقل من 13 عامًا في وقت الحصول على الرعاية،\nالزوج أو الزوجة أو أحد المعولين من البالغين مِمَّن ليست لديهم القدرة البدنية أو الذهنية على الاعتناء بأنفسهم.\nهل أقام هذا الفرد المعول معكم لمدة أطول من نصف عام 2024؟\nهل حققت (أنت وزوجك، في حالة تقديم إقرار ضريبي مشترك) دخلًا؟ قد يكون هذا الدخل مكتسبًا من الأجور، أو المرتبات، أو الإكراميات، أو أموال التوظيف الأخرى الخاضعة للضريبة، أو الأرباح المحققة من العمل الحر.\nإذا كنت متزوجًا، فهل تعمل أنت وزوجك خارج المنزل؟\nأو، هل يعمل أحدكما خارج المنزل بينما يدرس الآخر بدوام كامل، أو يعاني إعاقة، أو يبحث عن عمل؟,,,تعرَّف على الخصومات الضريبية (https://www1.nyc.gov/site/dca/consumers/get-tax-credit-information.page) التي يمكنك المطالبة بها.,قم بتقديم ضرائبك الفيدرالية مجانًا علىgetyourrefund.org (https://www.getyourrefund.org/) للمطالبة بالائتمان.,
"\nЭта программа рассматривает несколько факторов, чтобы решить, имеете ли вы право на участие. Они включают:ваш заработок;\nваш доход от пособий;\nколичество членов Вашей семьи",,Позвоните по номеру 311 Спросите о программе SNAP.,Посетите веб-сайт Подробную информацию об этой программе см. на сайте программы SNAP (https://www1.nyc.gov/site/hra/help/snap-benefits-food-program.page) .,"\nПодать заявление онлайн на портале (https://a069-access.nyc.gov/ACCESSNYC/application.do) ACCESS HRA (https://appsto.re/us/9s9N_.i) . Вы можете подать заявление на участие в программах выплаты денежного пособия, SNAP и Medicaid одновременно.\nОтсканируйте свои документы с помощью приложения NYC HRA Document Upload, доступного бесплатно в (https://play.google.com/store/apps/details?id=gov.nyc.hra.DocUploads) iTunes Store (https://a069-access.nyc.gov/ACCESSNYC/application.do) (для iPhone) или в (https://a069-access.nyc.gov/ACCESSNYC/application.do) Google Play Store (для Android).\nПосле того как вы подадите заявление, вам необходимо будет пройти собеседование для определения наличия права. Вы можете пройти собеседование по телефону. Для этого необязательно приходить в центр SNAP лично.\nВы можете проверять статус своего заявления на портале ACCESS HRA.\nВам нужно будет проходить повторную сертификацию для участия в программе SNAP один раз в год. Офис SNAP отправит вам по почте пакет документов для повторной сертификации, которые вы должны заполнить и отправить обратно в HRA. Также вы можете пройти переосвидетельствование онлайн на веб-сайте ACCESS HRA. После подачи формы переосвидетельствования необходимо позвонить по номеру 718-SNAP-Now (718-762-7669) для прохождения собеседования.",SNAP
"To be eligible for SCHE, you must meet these requirements:\nOwn a one-, two-, or three-family home, condo, or coop apartment.\nAll owners of the property are 65 or older. However, if you own the property with a spouse or sibling, only one of you need to be 65 or older.\nAll owners must live on the property as the primary residence.\nThe combined income for all owners must be less than or equal to $58,399.\nYou must own the property for at least 12 consecutive months before the date of filing for the exemption. This is not a requirement if you got the exemption on a property that you owned before.","Email DOF Send a message atnyc,gov/contactdof (http://www.nyc.gov/contactdof)",Call 311 Ask for Senior Citizen Homeowners' Exemption program.,Visit the website Visit theSCHE website (http://www1.nyc.gov/site/finance/benefits/landlords-sche.page) to learn more.,"(https://a836-pts-efile.nyc.gov/SmartFile/Filing/FilingType/Info/NYC_SCHE) Apply online (https://a836-pts-efile.nyc.gov/SmartFile/Filing/FilingType/Info/NYC_SCHE_COOP) by March 15 for benefits to begin on July 1. If March 15 falls on a weekend or holiday, the deadline is the next business day. If you live in a co-op, apply using the (https://a836-pts-access.nyc.gov/care/search/commonsearch.aspx?mode=address) SCHE co-ops application. When applying, you will need the borough, block, and lot (BBL) for your home.Use the Property Address Searchto get this information.",SCHE
"SCRIE 자격 대상이 되려면 다음 질문 모두에 '예'라고 응답할 수 있어야 합니다.\n62세 이상이십니까?\n임대차 계약서상 임차인이 본인입니까?\n귀하의 총 가구 소득이 연 $50,000 이하입까?\n임대료가 월 소득 지출의 1/3을 초과합니까?\nNYC에서 다음 유형 중 하나의 주택에서 거주하고 계십니까?\n임대료 안정화 아파트\n임대료 규제 아파트\n임대 규제 호텔 또는 싱글 룸 거주 가구\nMitchell-Lama 개발\nLimited Dividend Housing Company 개발\nRedevelopment Company 개발\nHousing Development Fund Company 개발",SCRIE에 문의하기재무부에 (http://www1.nyc.gov/site/finance/about/contact-by-email/contact-drie.page) 지원을 요청하십시오. (mailto:SCRIE@hpd.nyc.gov) HPD로 이메일 보내기HPD 감독 SCRIE에 대한 문의는 SCRIE@hpd.nyc.gov 로 이메일을 보내십시오.,311번으로 전화SCRIE 전문가에게 문의하십시오.,웹사이트 방문상세 내용은 the 뉴욕시 임대료 동결 프로그램 웹사이트 (http://www1.nyc.gov/site/rentfreeze/index.page) 를 방문하십시오.COVID-19 동안의 임대료 동결 프로그램은자주 하는 질문 (https://www1.nyc.gov/site/rentfreeze/help/covid-19-frequently-asked-questions.page) 을 검토하십시오.HPD 개발 구역에 거주하는 경우HPD 웹사이트 (https://www1.nyc.gov/site/hpd/services-and-information/scrie-drie.page) 를 방문하여 HPD 감독 SCRIE에 대한 자세한 내용을 확인하십시오.,"온라인 신청처음 SCRIE를 신청하는 경우온라인 (https://www1.nyc.gov/site/rentfreeze/tools/nyc-tap.page) 으로 신청할 수 있습니다.가상 면담 동안 신청 (https://www1.nyc.gov/assets/finance/jump/dof-appointments.html) 가상 면담 일정을 잡아 SCRIE 신청에 대한 도움을 받을 수 있습니다. 일정 잡기:\n""서비스 선택(Select Service)""에서 임차인 및 주택 소유자 면제 프로그램(Renter and Homeowner Exemption Programs)을 선택합니다. ""SCRIE 또는 DRIE 임차료 동결"" 최초 신청서를 선택합니다.\n""위치 선택(Select Location)""에서 ""면제 가상 면담(Exemptions Virtual Appointments)""을 선택합니다.\n날짜와 시간을 선택합니다. 면담을 생성하기 위해 연락처 정보를 작성합니다.",SCRIE
"Para ser elegible para SCRIE, debe poder responder afirmativamente a todas estas preguntas:\n¿Tiene 62 años o más?\n¿Su nombre figura en el contrato de arrendamiento?\n¿Los ingresos totales de su unidad familiar son de $50,000 o menos en un año?\n¿Asigna más de un tercio de sus ingresos mensuales a la renta?\n¿Vive en NYC en uno de estos tipos de vivienda?\nun apartamento con renta estabilizada\nun apartamento con renta controlada\nun hotel o unidad de ocupación sencilla con renta regulada\nun apartamento de Mitchell-Lama\nun urbanismo de una compañía urbanística con dividendos limitados (Limited Dividend Housing Company)\nun urbanismo de una compañía de reurbanización\nun urbanismo de una compañía de fondos de desarrollo para vivienda","Comuníquese con SCRIE (http://www1.nyc.gov/site/finance/about/contact-by-email/contact-drie.page) Pida asistencia (mailto:SCRIE@hpd.nyc.gov) al Departamento de Finanzas (Department of Finance).Envíe un correo electrónico a HPDSi tiene preguntas sobre SCRIE supervisado por HPD, envíe un correo electrónico a SCRIE@hpd.nyc.gov.",Llame al 311Pregunte por los especialistas de SCRIE.,"Visite los sitios webVisite el sitio web del Programa de congelación de la renta de la Ciudad de Nueva York (http://www1.nyc.gov/site/rentfreeze/index.page) para obtener más información.Consulte las preguntas frecuentes (https://www1.nyc.gov/site/rentfreeze/help/covid-19-frequently-asked-questions.page) para el Programa de congelación de la renta durante el COVID-19.Si vive en un complejo de HPD, visite el sitio web de HPD (https://www1.nyc.gov/site/hpd/services-and-information/scrie-drie.page) para obtener más información sobre SCRIE supervisado por HPD.","Presente la solicitud en líneaSi está solicitando SCRIE por primera vez, puede hacerlo en línea (https://www1.nyc.gov/site/rentfreeze/tools/nyc-tap.page) .Presentar la solicitud durante una cita virtualPuede obtener ayuda para solicitar SCRIE (https://www1.nyc.gov/assets/finance/jump/dof-appointments.html) programando una cita virtual. Cuando programe:\nDebajo de ""Select Service"" (Seleccionar servicio), elija Renter and Homeowner Exemption Programs (Programas de exención para inquilinos y propietarios de viviendas). Después, elija ""Rent Freeze (SCRIE or DRIE)"" (Solicitud inicial de congelamiento de la renta (SCRIE o DRIE).\nEn ""Select Location"" (Seleccionar lugar), elija ""Exemptions Virtual Appointments"" (Citas virtuales de exenciones).\nElija una fecha y hora. Después, complete su información de contacto para crear su cita.",SCRIE
"섹션 8/HCV 프로그램의 자격은 주로 가족의 소득과 가족 구성원 수에 따라 결정됩니다.\n가족 구성원 수|연간 소득\n1|$56,700\n2|$64,800\n3|$72,900\n4|$81,000\n5|$87,500\n6|$94,000\n7|$100,450\n8|$106,950\n",,311에 전화하세요 섹션 8 지원을 요청하세요.,웹사이트를 방문하십시오 NYCHA 웹사이트에서 (http://www1.nyc.gov/site/nycha/section-8/about-section-8.page) 섹션 8에 대해 자세히 알아보십시오.,,HCV
"Pour être éligible à DRIE, vous devez pouvoir répondre « Yes » (Oui) à toutes les questions suivantes :\nÊtes-vous âgé de 18 ans ou plus ?\nVotre nom est-il sur le bail ?\nLes revenus annuels totaux de votre foyer sont-ils inférieurs ou égaux à 50 000 $ US ?\nVotre loyer représente-t-il plus d'un tiers de vos revenus mensuels ?\nAvez-vous perçu des revenus des avantages suivants ?\nAllocation supplémentaire de revenu de sécurité\nAssurance invalidité du régime fédéral de sécurité sociale\nPension d'invalidité ou allocation du Ministère des Anciens Combattants des États-Unis\nCouverture Medicaid en raison d'une incapacité si vous avez perçu une aide SSI ou SSDI par le passé\nHabitez-vous à New York dans l'un de ces types de logement ?\nun appartement dont le loyer est réglementé selon le système « rent stabilization »\nun appartement dont le loyer est réglementé selon le système « rent control »\nun lotissement Mitchell-Lama\nun lotissement à dividendes limités\nun lotissement d'une société de redéveloppement\nun développement collaboratif d'une Société de fonds de développement immobilier (HDFC)\nun appartement situé dans un immeuble appartenant à une société coopérative, dont l'hypothèque a été assurée par le gouvernement fédéral conformément à l'article 213 (Section 213) de la Loi nationale sur l'habitation (National Housing Act)\nun appartement de type « Rent Regulated Hotels, Single Room Occupancy Unit (SRO) »",Contactez le DRIE (http://www1.nyc.gov/site/finance/about/contact-by-email/contact-drie.page) Demandez une assistance au ministère des Finances.,Appelez le 311Demandez à parler à des spécialistes DRIE.,"Rendez-vous sur les sites internetPour en savoir plus, consultez le site internet du programme de gel des loyers de la ville de New York (http://www1.nyc.gov/site/rentfreeze/index.page) .Consultez la foire aux questions (https://www1.nyc.gov/site/rentfreeze/help/covid-19-frequently-asked-questions.page) sur le programme de gel des loyers pendant l’épidémie de COVID-19.","Déposez une demande en ligneSi vous déposez une demande pour le programme DRIE pour la première fois, vous pouvez le faire en ligne (https://www1.nyc.gov/site/rentfreeze/tools/nyc-tap.page) .Déposez une demande pendant un rendez-vous virtuelVous pouvez obtenir de l’aide pour déposer une demande au programme DRIE en (https://www1.nyc.gov/assets/finance/jump/dof-appointments.html) prenant un rendez-vous virtuel. Lors de la prise de rendez-vous :\nSous « Select Service » (Sélectionner le service), choisissez les Programmes d’exemption de propriétaire et de locataire. Ensuite, choisissez « Rent Freeze (SCRIE or DRIE) Initial application » (la demande initiale de gel de loyer SCRIE ou DRIE).\nSous « Select Location » (Sélectionner un lieu), choisissez « Exemptions Virtual Appointments » (Rendez-vous virtuels pour l’exemption).\nChoisissez une date et une heure. Ensuite, remplissez vos coordonnées pour créer votre rendez-vous.",DRIE
"Elijiblite pou Avantaj regliye HEAP la baze sou:\nprezans yon moun nan kay la ki poko gen 6 lane, ki gen 60 lane oswa plis oswa ki gen yon andikap pèmanan\nprensipal sous chofaj la\nrevni ak kantite moun ki nan kay laFwaye w la ka elijib pou yon Avantaj regliye HEAP si:\nYon manm nan fwaye w la se yon Sitwayen Ameriken oswa yon moun ki Pa Sitwayen men ki Kalifye\nW ap resevwa Avantaj Pwogram Èd Nitrisyon Siplemantè (Supplemental Nutrition Assistance Program, SNAP) a oswa\nW ap resevwa Èd Tanporè (Temporary Assistance, TA) a oswa\nW ap resevwa kòd A Revni Sekirite Siplemantè ( Supplemental Security Income, SSI Pandan w ap Viv Poukont Ou)\nRevni total fwaye w la chak mwa egal oswa pi piti pase gid revni aktyèl pou fwaye ki gen kantite moun fwaye w la genyen an sou tablo sa a:\nKantite moun ki nan kay la|Revni Maksimòm Anvan Taks Chak Mwa pou peryòd 2024-2025 la\n1|$3.322\n2|$4.345\n3|$5.367\n4|$6.390\n5|$7.412\n6|$8.434\n7|$8.626\n8|$8.818\n9|$9.010\n10|$9.201\n11|$9.393\n12|$9.585\n13|$9.952\nPou chak moun anplis, ajoute:|Ajoute $672\nMoun lakay ou kapab elijib pou resevwa avantaj HEAP an Ijans yo si ou kapab reponn wi pou kesyon sa yo:\nÈske nenpòt nan sa yo aplikab pou ou?\nYo koupe oswa prevwa koupe kouran ki fè sistèm chofaj oswa tèmosta ou a fonksyone a.\nYo koupe sistèm chofaj ou oswa gen posibilite pou yo koupe li.\nOu pa gen gaz oswa ou gen mwens pase yon ka tank gaz.\nÈske fakti pou chofaj oswa elektrisite ou a fèt sou non w?\nÈske resous ki disponib nan fwaye ou a:\nmwens pase $3,750 si li gen ladanl yon moun ki gen 60 an oswa plis oswa si moun nan poko gen 6 zan.\nmwens pase $2,500 si li gen ladanl yon moun ki gen 60 an oswa plis oswa si moun nan poko gen 6 zan.\nÈske w respekte youn nan direktiv sou revni sa yo?\nOu resevwa avantaj SNAP, Èd Tanporè, oswa Revni Sekirite Siplemantè Kòd A.\nFanmi w nan limit oswa anba limit direktif yo bay pou revni brit chak mwa ki ekri nan tablo ki vin apre a pou kantite moun ki lakay ou.",,Rele 311 Mande èd ak Pwogram Asistans Enèji Lakay la.,Ale sou sit entènèt la Ale sousit entènèt OTDA pou HEAP la (https://otda.ny.gov/programs/heap/) pou aprann plis sou pwogram sa a.,"Aplikasyon pou Avantaj Regilye HEAP 2024-25 yo fini 7 Avril 2025.\nAplike anliy sou (https://a069-access.nyc.gov/accesshra/) ACCESS HRA (https://apps.apple.com/us/app/nyc-access-hra/id1185595325) .\nItilize aplikasyon mobil ACCESS HRA a ki disponib gratis sou (https://play.google.com/store/apps/details?id=gov.nyc.hra.SelfService) iTunes Store (https://a069-access.nyc.gov/accesshra/) (pou iPhones) oswa sou Google Play Store (pou telefòn Android) pou eskane dokiman ou yo.\nApre ou fin soumèt demann ou an, yo kapab kontakte ou pou pase yon entèvyou elijiblite. Ou kapab pase entèvyou a nan telefòn san ou pa bezwen vini nan yon sant avantaj access.\nOu kapab ale sou ACCESS HRA pou verifye nan ki nivo aplikasyon w lan ye.",HEAP
"\nAby wziąć udział w programie, należy spełniać kilka warunków. Oto niektóre z nich:ile zarabiasz\nile pieniędzy otrzymujesz w ramach świadczeń\nile osób mieszka w Twoim domu\nśrodki, takie jak gotówka lub konto rozliczeniowe",,Zadzwoń pod numer 311 Proszę powołać się na hasło Pomoc pieniężna.,"Odwiedź stronę Aby dowiedzieć się więcej o tym programie, odwiedź stronę internetową pomocy pieniężnej (http://www1.nyc.gov/site/hra/help/cash-assistance.page) .","\nZłóż wniosek za pośrednictwem (https://a069-access.nyc.gov/accesshra/) ACCESS HRA (http://www1.nyc.gov/site/hra/locations/job-locations.page) . Wniosek o włączenie do programu pomocy pieniężnej, Programu dodatkowej pomocy żywnościowej (Supplemental Nutrition Assistance Program, SNAP) oraz Medicaid można złożyć jednocześnie.\nSkorzystaj z aplikacji na urządzenia mobilne ACCESS HRA aby śledzić postępy w rozpatrywaniu wniosku lub dostarczyć dokumenty.\nSkontaktujemy się z Panem/Panią w celu umówienia się na rozmowę telefoniczną. Można również udać się do Centrum dostępu do świadczeń HRA na osobistą rozmowę.",
"La elegibilidad para los programas de la Sección 8/HCV se basa principalmente en cuánto gana su familia y el tamaño de la familia.\nTamaño del grupo familiar|Ingresos anuales\n1|$56,700\n2|$64,800\n3|$72,900\n4|$81,000\n5|$87,500\n6|$94,000\n7|$100,450\n8|$106,950\n",,Llame al 311 Solicite asistencia de la Sección 8.,Visite el sitio web (http://www1.nyc.gov/site/nycha/section-8/about-section-8.page) Obtenga más información sobre la Sección 8en el sitio web de la NYCHA.,,HCV
"You can enroll in a Qualified Health Plan if you:\nLive in New York State\nAre a U.S. citizen or legally living in the U.S.\nDo not qualify for Medicaid, the Essential Plan, or Child Health Plus",,Call 311 For general questions on health insurance and to find an in-person assistor.,Learn more about health insurance options Learn more about your options throughHRA's Office of Citywide Health Insurance Access (https://www1.nyc.gov/site/ochia/coverage-care/insurance-options.page) . Request enrollment helpGetCoveredNYC (https://www1.nyc.gov/nyc-resources/get-covered.page) helps New Yorkers enroll in health insurance. Dedicated specialists can assist you in your language for free. Request a counselor call Complete aHealth Insurance Enrollment Assistance Inquiry Form (https://nycdohmh.surveymonkey.com/r/7BB62M3) to receive a call from an enrollment counselor. Free enrollment assistance is available regardless of immigration status and in many languages. Your information will be kept private.,Enroll in health insurance throughNY State of Health (https://nystateofhealth.ny.gov/) .,QHP
누구나 적격 건강 보험에 가입할 수 있습니다.\n대부분 이민자들은 NYState of Health 마켓플레이스에 가입할 수 있습니다. 재정적 도움을 받을 수 있습니다.\n누구나 보험 회사에전화하거나 웹사이트를 방문하여 보험 회사에 직접 민간 건강 보험을 구매할 수 있습니다.,,311에 전화하세요 건강보험에 관한 일반적인 질문이 있는 경우 및 실제 상담원이필요한 경우 위 번호로 문의하십시오.,건강보험 옵션에 대해 자세히 알아보기HRA의 시전역 건강보험담당부(Citywide Health Insurance Access) (https://www1.nyc.gov/site/ochia/coverage-care/insurance-options.page) 를 통해 귀하의 옵션을 자세히 알아보십시오. 가입 요청에 관한 도움GetCoveredNYC (https://www1.nyc.gov/nyc-resources/get-covered.page) 는 뉴욕 시민의 건강보험 가입을 돕습니다. 전담 전문가가 귀하의 언어로 무료 지원을 제공합니다.상담원과의 통화 요청 가입 상담원과 통화하려면건강보험 가입 지원 문의 양식 (https://nycdohmh.surveymonkey.com/r/7BB62M3) 을 작성하십시오. 무료 가입 지원은 이민 상태와 관계없이 여러 언어로 제공됩니다. 귀하의 정보는 비밀로보호됩니다.,NY State of Health (https://nystateofhealth.ny.gov/) 를 통해 건강 보험에 가입하십시오.,QHP
All NYC students in kindergarten to 12th grade are eligible to enroll in COMPASS programs. Each program may have different age and eligibility requirements.,,"Call 311 Ask for ""Comprehensive After School Program assistance.""",Online Learn more about COMPASS from (http://www1.nyc.gov/site/dycd/services/after-school/comprehensive-after-school-system-of-new-york-city-compass.page) DYCD.,"You can use Discover DYCD to find programs in your area. To get started:\nGo to the Discover DYCD (https://discoverdycd.dycdconnect.nyc/) website.\nSelect ""afterschool programs"" and click on ""Search"".",COMPASS NYC
"\nCe programme s’intéresse à différents éléments pour déterminer votre admissibilité, En voici quelques exemples :combien d’argent vous gagnez ;\ncombien d’argent vous percevez grâce aux allocations ;\ncombien de personnes vivent dans votre foyer\nressources telles que des espèces ou un compte-chèques",,Appeler le 311 Déposez une demande d’aide financière en espèces.,Consulter le site internet Consultez le site internet de l’aide financière en espèces (http://www1.nyc.gov/site/hra/help/cash-assistance.page) pour en savoir plus sur ce programme.,"\nDéposez une demande sur (https://a069-access.nyc.gov/accesshra/) ACCESS HRA (http://www1.nyc.gov/site/hra/locations/job-locations.page) . Vous pouvez déposer une demande d’aide financière en espèces, d’allocations du programme spécial de nutrition supplémentaire (Supplemental Nutrition Assistance Program, SNAP) et de Medicaid en même temps.\nUtilisez l’application mobile ACCESS HRA pour suivre l’avancement de votre demande ou envoyer des documents.\nVous serez contacté pour un rendez-vous téléphonique. Vous pouvez également vous rendre dans un Centre d’accès aux allocations de la HRA pour un rendez-vous en personne.",
要符合 SCRIE 資格，您應能夠對以下所有問題都回答「是」：\n您是否已年滿 62 歲或以上？\n您的名字是否在租約上？\n您一年的家庭總收入是否為 5 萬美元或以下？\n您是否將超過三分之一的月收入用來支付租金？\n您是否住在紐約市的以下類型的房屋中？\n租金穩定公寓\n租金控制公寓\n租金管理酒店或單人間居住單元\nMitchell-Lama 公寓\n有限股息房屋公司開發房屋\n重建公司開發房屋\n房屋發展基金公司開發房屋,與 SCRIE 聯絡請求來自財政部的 (http://www1.nyc.gov/site/finance/about/contact-by-email/contact-drie.page) 協助 (mailto:SCRIE@hpd.nyc.gov) 。發送電子郵件給 HPD如果您對 HPD 監督的 SCRIE 有任何疑問，請發送電子郵件至 SCRIE@hpd.nyc.gov。,致電 311諮詢 SCRIE 專家,造訪網站請造訪紐約市租金凍結計畫網站 (http://www1.nyc.gov/site/rentfreeze/index.page) 以瞭解更多資訊。請查看 COVID-19 期間的房租凍結計畫之常見問題集 (https://www1.nyc.gov/site/rentfreeze/help/covid-19-frequently-asked-questions.page) 。如果您住在 HPD 開發項目，請造訪 HPD 的網站 (https://www1.nyc.gov/site/hpd/services-and-information/scrie-drie.page) ，以瞭解更多有關 HPD 監督的 SCRIE 的資訊。,線上申請如果您是首次申請 SCRIE，您可以線上 (https://www1.nyc.gov/site/rentfreeze/tools/nyc-tap.page) 申請：在虛擬訪談過程中申請您可以透過 (https://www1.nyc.gov/assets/finance/jump/dof-appointments.html) 預約虛擬訪談以取得申請 SCRIE 之協助。當預約時：\n請在「選擇服務」(Select Service) 下，選擇「承租人及屋主豁免計畫」(Renter and Homeowner Exemption Programs)。接著，請選擇「房租凍結（SCRIE 或 DRIE）首次申請」(Rent Freeze (SCRIE or DRIE) Initial application)。\n請在「選擇位置」(Select Location) 下，選擇「豁免虛擬訪談」(Exemptions Virtual Appointments)。\n請選擇日期與時間。然後，請填寫您的聯絡資訊，以建立您的訪談。,SCRIE
"Si pwopriyete ou a kalifye pou ak Egzanpsyon Pwopriyetè Granmoun Aje a (Senior Citizen Homeowner Exemption, SCHE), se sèlman SCHE w ap ka jwenn, ou p ap ka jwenn toudeÈske tout pwopriyetè yo se moun andikape,\n OSWA lòt pwopriyetè yo se madanm, mari, frè, oswa moun andikape a (oswa moun ki andikape yo)\nÈske pwopriyete a se rezidans prensipal ou?\nÈske revni tout pwopriyetè yo mete ansanm pi piti pase oswa egal a $58,399 pa ane?\nAvantaj SSI oswa Asistans ak Lajan Kach PA konte kòm revni.Ou ka kalifye si pwopriyete ou la nan yon devlopman Kòporasyon Fon Devlopman Lojman (Housing Development Fund Corporation) epi li nan Divizyon Pwogram Jesyon Altènatif (Division of Alternative Management Program) lan. Pwopriyete ou pa kapab nan yon devlopman lojman kontwole pa yon Konpayi Lojman Pwofi Limite (Limited Profit Housing Company), Mitchell-Lama, Konpayi Lojman Dividann Limite (Limited Dividend Housing Company), oswa konpayi redevlopman. Kontakte manadjè pwopriyete ou an si ou pa fin sèten.","Imèl DHESi ou gen kesyon, (http://www1.nyc.gov/site/finance/about/contact-by-email/contact-exemptions-inquiries.page) imèl DHE pou plis enfòmasyon.",Rele 311Mande pou Egzanpsyon Pwopriyetè Kay Andikape.,Vizite sitwèb laVizite sitwèb DHE (http://www1.nyc.gov/site/finance/benefits/landlords-dhe.page)  a pou aprann plis.,"\n (https://a836-pts-efile.nyc.gov/SmartFile/Filing/FilingType/Info/NYC_dhe) Aplike sou entènèt (https://a836-pts-efile.nyc.gov/SmartFile/Filing/FilingType/Info/NYC_DHE_COOP) avan 16 Mas pou avantaj yo kòmanse 1ye jiyè\nSi ou ap viv nan yon co-op, ou ka aplike sou entènèt avèk aplikasyon co-op DHE an.\nSèvi ak adrès ou oswa bowo, blòk ak lo (Borough, Block, Lot, BBL), oswa adrès pwopriyete a pou jwenn pwopriyete ou epi kòmanse ranpli fòmilè an.",DHE
"Federal EITC qualifications\nYou have a valid Social Security Number.\nYour income, marital, and parental status in 2024 were one of these.\nMarried with qualifying children and earning up to $66,819\nMarried with no qualifying children and earning up to $25,511\nSingle with qualifying children and earning up to $59,899\nSingle with no qualifying children and earning up to $18,591\nYou have qualifying children include biological children, stepchildren, foster children, and grandchildren.\nIf you have no children, the EITC is only available to filers between ages 25 and 64.\nMarried filing separate: A spouse who is not filing a joint return may claim the EITC if:\nyou had a qualifying child who lived with you for more than half of the year; and\nyou were legally separated according to state law at the end of 2024 or you lived apart from your spouse for the last 6 months of 2024.\nYou had investment income of less than $11,600 in 2024.*If you're still unsure if you qualify, the IRS has acalculator that can tell you if you qualify (https://www.irs.gov/credits-deductions/individuals/earned-income-tax-credit/use-the-eitc-assistant) . New York State EITC qualifications\nyou did not claim the Noncustodial parent earned income credit (https://www.tax.ny.gov/pit/credits/nceic.htm) , and\nyou qualified for and claimed the federal EITC.New York City EITC qualifications\nwere a full-year or part-year New York City resident, and\nclaimed the federal earned income credit.",,,Learn about tax credits (https://www1.nyc.gov/site/dca/consumers/get-tax-credit-information.page) that you can claim.,File your federal taxes for free withgetyourrefund.org (https://www.getyourrefund.org/) to claim the federal EITC. You'll also need to file your state tax refund separately to get the New York State and City EITC. You can also get free tax filing help throughNYC Free Tax Prep (https://www1.nyc.gov/site/dca/consumers/file-your-taxes.page) services.,EITC
Todos los estudiantes de la Ciudad de Nueva York desde kindergarten hasta el grado 12 son elegibles para inscribirse en los programas COMPASS.Cada programa puede tener diferentes requisitos de edad y elegibilidad.,,"Llame al 311Solicite ""Asistencia integral para el programa extracurricular"".",En líneaObtenga más información sobre COMPASS en (http://www1.nyc.gov/site/dycd/services/after-school/comprehensive-after-school-system-of-new-york-city-compass.page) DYCD.,"Puede usar Discover DYCD para encontrar programas en su área. Para comenzar:\nVisite el sitio web de Discover DYCD (https://discoverdycd.dycdconnect.nyc/programme-public?categoryList=Afterschool%20Programs) .\nSeleccione ""afterschool programs"" (programas extracurriculares) y haga clic en ""Search"" (Buscar).",COMPASS NYC
"Musisz spełnić poniższe wymagania, aby kwalifikować się do ulgi za rok podatkowy 2024.\nZarobiłeś(-aś) do 200 000 USD lub do 400 000 USD, jeśli zeznanie podatkowe wypełniasz ze współmałżonkiem (współmałżonką).\nDo ulgi podatkowej można zgłosić dziecko, jeśli:\nnie ma ono więcej niż 16 lat;\nDziecko musi mieć numer ubezpieczenia społecznego (Social Security Number, SSN) lub adopcyjny numer identyfikacji podatkowej (Adoption Tax Identification Number, ATIN). Osoba składające zeznanie może wykorzystać albo numer SSN albo indywidualny numer identyfikacji podatnika (Individual Taxpayer Identification Number, ITIN).\nDzieckiem uprawniającym do ulgi może być syn, córka, pasierb/pasierbica, kwalifikujące się dziecko przysposobione, brat, siostra, brat przyrodni, siostra przyrodnia bądź potomek któregokolwiek z nich (na przykład wnuk, siostrzenica lub siostrzeniec)\nDziecko lub osoba pozostająca na Twoim utrzymaniu musi mieszkać z Tobą przez ponad pół roku w Stanach Zjednoczonych i z tego tytułu zgłaszasz je w swoim zeznaniu podatkowym jako osobę pozostającą na utrzymaniu.\nTwoje dziecko nie może zapewnić Ci więcej niż połowy wsparcia finansowego.",,Zadzwoń pod numer 311 Poproś o pomoc w rozliczeniu podatkowym.,"Dowiedz się więcej o ulgach podatkowych, (https://www1.nyc.gov/site/dca/consumers/get-tax-credit-information.page) o które możesz się ubiegać.","Złóż zeznanie podatkowe bezpłatnie za pomocągetyourrefund.org (https://www.getyourrefund.org/) , aby wystąpić o ulgę podatkową na dziecko.",CTC
如果您對以下所有問題均回答是，那麼您有資格享有子女及受撫養人照護稅額抵免：\n您是否花錢僱傭他人照顧您的受撫養人，以便您（若合併報稅，則包含您的配偶）工作或求職？ 符合資格的受撫養人是：\n照護時未滿 13 歲的子女；\n身心上無法照護自己的配偶或成人受撫養人。\n2024 年，受撫養人是否有超過一半時間都與您同住？\n您（若合併報稅，則包含您的配偶）是否有勞動所得？ 勞動所得可能是工資、薪資、小費、其他應課稅員工所得或是自僱所得。\n如果您已婚，您和配偶的工作地點是否皆非自宅？\n若不是此情況，是否你們中一人外出工作，而另一人為全職學生、殘障人士或正在謀職？,,,瞭解您可以申領的稅額抵免。 (https://www1.nyc.gov/site/dca/consumers/get-tax-credit-information.page),透過造訪getyourrefund.org (https://www.getyourrefund.org/) 免費申報聯邦稅以申領該抵免額。,
\n此計畫的資格取決於幾項標準。 其中包括：您的收入\n您領取的福利金額\n家中居住人數,,致電 311 申請 SNAP。,造訪網站 造訪 SNAP 網站 (https://www1.nyc.gov/site/hra/help/snap-benefits-food-program.page) 瞭解此計畫的更多資訊。,\n使用 (https://a069-access.nyc.gov/ACCESSNYC/application.do) ACCESS HRA (https://appsto.re/us/9s9N_.i) 線上申請。 您可以同時所有申請現金援助、SNAP 和 Medicaid。\n使用 NYC HRA Document Upload 應用程式掃描文件。 (https://play.google.com/store/apps/details?id=gov.nyc.hra.DocUploads) iTunes Store (https://a069-access.nyc.gov/ACCESSNYC/application.do) （iPhones 使用者）或 (https://a069-access.nyc.gov/ACCESSNYC/application.do) Google Play Store（Android 手機使用者）免費提供該應用程式。\n提交申請之後，您需要進行資格面談。 您可以透過電話接受訪談，無需親自前往 SNAP 中心。\n您可以透過 ACCESS HRA 確認申請狀態。\n您需要每年完成一次 SNAP 的資格重新認證。 SNAP 事務局會郵寄一份重新認證資料文件供您填寫並寄回 HRA 您也可以透過 ACCESS HRA 進行線上重新認證。 提交重新認證后，請致電 718-SNAP-Now (718-762-7669) 進行面試。,SNAP
All NYC children born in 2021 can enroll for the 2025-2026 school year. This includes children with disabilities (https://www.schools.nyc.gov/enrollment/enrollment-help/meeting-student-needs/students-with-disabilities) or who are learning English (https://www.schools.nyc.gov/enrollment/enrollment-help/meeting-student-needs/students-learning-english) .Children do not need to be toilet trained to attend pre-K.,Email Pre-K admissionsEmail es_enrollment@schools.nyc.gov (mailto:es_enrollment@schools.nyc.gov) if you have questions about getting into pre-K.,Call 311Ask for Pre-K For All.,Visit the websiteVisit the NYC DOE Pre-K website (https://www.schools.nyc.gov/enrollment/enroll-grade-by-grade/pre-k) to learn more about the pre-K admissions process.,"Apply on MySchools (https://www.myschools.nyc/en/) from January 15, 2025 to February 28, 2025. You can apply in English, Arabic, Bengali/Bangla, Chinese, Haitian Creole, French, Korean, Russian, Spanish, or Urdu.You can also find half-day pre-K programs in MySchools.",
"\nЭта программа рассматривает несколько факторов, чтобы решить, имеете ли вы право на участие. Вот некоторые из них:ваш заработок;\nваш доход от пособий;\nколичество людей проживающих в вашем доме\nсредства, такие как сумма наличных или сумма на текущем счете",,Позвоните по номеру 311 Задайте вопрос о программе выплаты денежного пособия.,"Посетите веб-сайт Посетите веб-сайт программы выплаты денежного пособия (http://www1.nyc.gov/site/hra/help/cash-assistance.page) , чтобы подробнее узнать об этой программе.","\nПодача заявления через (https://a069-access.nyc.gov/accesshra/) ACCESS HRA (http://www1.nyc.gov/site/hra/locations/job-locations.page) . Вы можете подать заявление на участие в программе выплаты денежного пособия, программе дополнительной продовольственной поддержки (Supplemental Nutrition Assistance Program, SNAP) и программе Medicaid одновременно.\nИспользуйте мобильное приложение ACCESS HRA для отслеживания статуса Вашего заявления или подачи документов.\nС вами свяжется представитель указанной ниже программы, чтобы провести собеседование по телефону. Вы также можете посетить Центр получения пособий HRA и пройти собеседование с личным присутствием.",
,,,আপনি দাবি করতে পারেন এমন ট্যাক্স ক্রেডিটগুলি (https://www1.nyc.gov/site/dca/consumers/get-tax-credit-information.page) সম্বন্ধে জানুন।,ফেডারেল EITC দাবি করার জন্যgetyourrefund.org (https://www.getyourrefund.org/) -এ বিনামূল্যে আপনার ফেডারেল ট্যাক্স ফাইল করুন। নিউ ইয়র্ক স্টেট এবং সিটি EITC পাওয়ার জন্য আপনাকে আলাদাভাবে আপনার স্টেট ট্যাক্স রিফান্ড ফাইল করতে হবে। এছাড়াও আপনিনিউ ইয়র্ক সিটির বিনামূল্যে ট্যাক্স প্রস্তুতি (NYC Free Tax Prep) (https://www1.nyc.gov/site/dca/consumers/file-your-taxes.page) পরিষেবার মাধ্যমে বিনামূল্যে ট্যাক্স ফাইলিং সহায়তা পেতে পারেন।,EITC
"Aby zakwalifikować się do programu SCRIE, należy odpowiedzieć „Yes” (tak) na wszystkie poniższe pytania:\nCzy skończyłeś(-aś) 62 lata?\nCzy na dokumencie wynajmu znajduje się Twoje nazwisko?\nCzy łączny roczny dochód w gospodarstwie domowym wynosi 50 000 USD lub mniej?\nCzy na czynsz wydajesz więcej niż jedną trzecią swoich miesięcznych dochodów?\nCzy mieszkasz w Nowym Jorku w jednym z wymienionych niżej rodzajów mieszkań?\nmieszkanie ze stabilizowanym czynszem\nmieszkanie z kontrolowanym czynszem\nhotel lub jednoosobowa jednostka mieszkaniowa z regulowanym czynszem\nosiedle Mitchell-Lama\nbudynki spółek budownictwa mieszkaniowego z ograniczoną dywidendą\nosiedle na terenach przebudowanych\nosiedle Housing Development Fund Company (HDFC) (Fundusz Rozwoju Budownictwa)",Skontaktuj się ze SCRIE (http://www1.nyc.gov/site/finance/about/contact-by-email/contact-drie.page) Uzyskaj pomoc (mailto:SCRIE@hpd.nyc.gov) od Departamentu Finansów.Wyślij e-mail do HPDW przypadku pytań dotyczących programu SCRIE nadzorowanego przez HPD wyślij e-mail na adres SCRIE@hpd.nyc.gov.,Zadzwoń pod numer 311Poproś o połączenie z SCRIE specialists (specjalista SCRIE).,"Odwiedź stronyAby dowiedzieć się więcej, odwiedź stronę internetową programu zamrożenia czynszów w mieście Nowy Jork (http://www1.nyc.gov/site/rentfreeze/index.page) .Zapoznaj się z odpowiedziami na często zadawane pytania (https://www1.nyc.gov/site/rentfreeze/help/covid-19-frequently-asked-questions.page) dotyczące programu zamrożenia czynszów w trakcie pandemii COVID-19.Jeśli mieszkasz na osiedlu podlegającym HPD, odwiedź stronę internetową HPD, (https://www1.nyc.gov/site/hpd/services-and-information/scrie-drie.page) aby dowiedzieć się więcej o programie SCRIE nadzorowanym przez HPD.","Złóż wniosek onlineJeśli ubiegasz się o uczestnictwo w programie SCRIE po raz pierwszy, możesz złożyć wniosek online (https://www1.nyc.gov/site/rentfreeze/tools/nyc-tap.page) .Złóż wniosek podczas spotkania wirtualnegoMożesz uzyskać pomoc w składaniu wniosku o udział w programie SCRIE, (https://www1.nyc.gov/assets/finance/jump/dof-appointments.html) umawiając się na spotkanie wirtualne. Umawiając się na spotkanie:\nW „Select Service” („Wybierz usługę”) kliknij „Renter and Homeowner Exemption Programs” („Programy dotyczące najemców i właścicieli domów”). Następnie wybierz „Rent Freeze (SCRIE or DRIE) Initial application” („Wstępny wniosek o zamrożenie czynszu (SCRIE lub DRIE)”).\nW „Select Location” („Wybierz lokalizację”) kliknij „Exemptions Virtual Appointments” („Wirtualne spotkania w sprawie wyłączeń z podwyżek”).\nPodaj datę i godzinę. Następnie wprowadź swoje dane kontaktowe, aby zaplanować wizytę.",SCRIE
"Para ser elegible para la exención para veteranos, debería poder responder “sí” a todas estas preguntas:\nEn la actualidad, ¿es propietario con escritura, cónyuge o viudo/a que no se ha vuelto a casar del propietario de la vivienda?\n¿Es la vivienda su residencia principal?\n¿Es un veterano que sirvió en las Fuerzas Armadas de los Estados Unidos en alguno de los siguientes conflictos?\nConflicto del Golfo Pérsico (incluyendo los conflictos de Afganistán e Irak): del 2 de agosto de 1990 al presente.\nGuerra de Vietnam: del 1 de noviembre de 1955 al 7 de mayo de 1975.\nGuerra de Corea: del 27 de junio de 1950 al 31 de enero de 1955.\nSegunda Guerra Mundial: del 7 de diciembre de 1941 al 31 de diciembre de 1946.\nPrimera Guerra Mundial: del 6 de abril de 1917 al 11 de noviembre de 1918.",Envíe un correo electrónico al Departamento de FinanzasEnvíe un correo electrónico al (http://www1.nyc.gov/site/finance/about/contact-by-email/contact-exemptions-inquiries.page) Departamento de Finanzas si tiene preguntas sobre este programa,Llame al 311Pregunte por Exención de veteranos de guerra.,Visite el sitio webVisite el sitio web de Exención de Veteranos (http://www1.nyc.gov/site/finance/benefits/landlords-veterans.page)  para obtener más información.,"Envíe una solicitud hasta el 15 de marzo para que los beneficios inicien el 1 de julio de ese mismo año. Si el 15 de marzo es fin de semana o feriado, la fecha de vencimiento será el siguiente día laborable. (https://a836-pts-efile.nyc.gov/SmartFile/Filing/FilingType/Info/NYC_VET) Complete la solicitud en línea (https://a836-pts-efile.nyc.gov/SmartFile/Filing/FilingType/Info/NYC_VET_COOP) . Si vive en una vivienda cooperativa, presente su solicitud usando la (https://a836-pts-access.nyc.gov/care/search/commonsearch.aspx?mode=address) solicitud para viviendas cooperativas.Cuando haga la solicitud, deberá dar el distrito, la manzana y el lote (BBL) de su casa. Use la herramienta de búsqueda de direcciones de viviendas para obtener esta información.",
"To be eligible for the Child and Dependent Care Tax Credit, you should be able to answer yes to these questions:\nDid you pay someone to care for your dependent so that you (and your spouse, if filing a joint return) could work or look for work? Qualifying dependents are:\na child under age 13 at the time of care; \na spouse or adult dependent who cannot physically or mentally care for themselves.\nDid the dependent live with you for more than half of 2024?\nDid you (and your spouse if you file taxes jointly) earn income? These can be from wages, salaries, tips, other taxable employee money, or earnings from self-employment.\nIf you are married, do both you and your spouse work outside of the home?\nIf not, do one of you work outside of the home while the other is a full-time student, has a disability, or is looking for work?",,,Learn about tax credits (https://www1.nyc.gov/site/dca/consumers/get-tax-credit-information.page) that you can claim.,File your federal taxes for free with getyourrefund.org (https://www.getyourrefund.org/) to claim the credit.,
"Para ser elegible para DHE, debe poder responder afirmativamente a todas estas preguntas:\n¿Todos los propietarios son personas con discapacidades, O el cónyuge o hermanos de la(s) persona(s) discapacitadas son otros propietarios?\n¿La propiedad es su residencia principal?\n¿El ingreso combinado de todos los propietarios es menor o igual a $58,399 al año?\nEl ingreso NO incluye beneficios de Supplemental Security Income o SSI (Ingresos de Seguro Suplementario) o Cash Assistance (Ayuda financiera).Puede ser elegible si su propiedad está dentro de un desarrollo de Corporación de Fondos de Desarrollo para Viviendas (Housing Development Fund Corporation) y está en el Programa de la División de Administración Alternativa (Division of Alternative Management Program). Su propiedad no puede estar dentro de un desarrollo de vivienda controlado por una Compañía de Vivienda de Ganancia Limitada (Limited Profit Housing Company), Mitchell-Lama, Compañía de Vivienda de Dividendos Limitados (Limited Dividend Housing Company) o una compañía de redesarrollo. Comuníquese con el administrador de su propiedad si no está seguro.","Correo electrónico DHESi tiene preguntas, (http://www1.nyc.gov/site/finance/about/contact-by-email/contact-exemptions-inquiries.page) envíe un correo electrónico al DHE  para obtener más información.",Llame al 311Pregunte por Exención de Propietarios Discapacitados.,"Visite el sitio webPara obtener más información, visite el sitio web de DHE (http://www1.nyc.gov/site/finance/benefits/landlords-dhe.page) .","\nPresente una solicitud (https://a836-pts-efile.nyc.gov/SmartFile/Filing/FilingType/Info/NYC_DHE) en línea (https://a836-pts-efile.nyc.gov/SmartFile/Filing/FilingType/Info/NYC_DHE_COOP) antes del 16 de marzo para que los beneficios inicien el 1 de julio.\nSi usted vive en un plan orientado y operado por los consumidores (CO-OP), puede presentar su solicitud en línea, usando la solicitud de co-op DHE.\nUse su dirección o distrito, cuadra y lote (borough, block and lot, BBL) o la dirección de su propiedad para encontrar su propiedad y empezar a completar el formulario.",DHE
"Квалификационные требования к претендентам на получение федерального EITC\nУ вас есть действительный номер социального обеспечения (Social Security Number, SSN).\nВаш доход, семейное положение и родительский статус в 2024 году можно было описать одним из следующих утверждений.\nЖенат/замужем, имеет детей, соответствующих критериям, и зарабатывает до $66,819\nЖенат/замужем, имеет детей, соответствующих критериям, и зарабатывает до $25,511\nНе женат / не замужем, имеет детей, соответствующих критериям, и зарабатывает до $59,899\nНе женат / не замужем, не имеет детей, соответствующих критериям, и зарабатывает до $18,591\nУ вас должны быть дети, соответствующие критериям. К ним относятся биологические дети, пасынки/падчерицы, воспитанники и внуки.\nЕсли у вас нет детей, то вы сможете претендовать на EITC только в том случае, если вам от 25 до 64 лет.\nСупруги, подающие декларацию отдельно: супруг, не подавший совместную налоговую декларацию, может претендовать на получение EITC, если:\nсоответствующим критериям ребенок проживал с вами более полугода;\nвы были признаны раздельно проживающими по решению суда в соответствии с законодательством штата в конце 2024 года, или вы с супругом (-ой) жили раздельно в течение последних 6 месяцев 2024 года.\nВ 2024 году ваш доход от капиталовложений (инвестиционный доход) составил менее $11,600.‎*Если вы все еще не уверены, соответствуете ли вы установленным критериям, в IRS естькалькулятор, который поможет вам определить, соответствуете ли вы установленным критериям (https://www.irs.gov/credits-deductions/individuals/earned-income-tax-credit/use-the-eitc-assistant) ‎. Квалификационные требования к претендентам на получение EITC штата Нью-Йорк\nвы не заявляли о налоговом зачете за заработанный доход для родителей, не являющихся опекунами (https://www.tax.ny.gov/pit/credits/nceic.htm) , и\nвы имеете право на получение федерального EITC и подали соответствующее заявление.Квалификационные требования к претендентам на получение EITC города Нью-Йорк\nпроживали в г. Нью-Йорке полный или неполный год, и\nпретендовали на налоговый зачет за заработанный доход федерального уровня.",,,"Узнайте о налоговых вычетах (https://www1.nyc.gov/site/dca/consumers/get-tax-credit-information.page) , на которые вы можете претендовать.","Чтобы претендовать на EITC федерального уровня, подайте свою федеральную налоговую декларацию бесплатно на веб-сайтеgetyourrefund.org (https://www.getyourrefund.org/) ‎. Чтобы получить EITC штата и города Нью-Йорк, вам нужно будет подать отдельную декларацию уровня штата. Вы также можете получить бесплатную помощь в подготовке налоговых деклараций через службуNYC Free Tax Prep (https://www1.nyc.gov/site/dca/consumers/file-your-taxes.page) ‎.",EITC
\nআপনি যোগ্য কিনা তা নির্ধারণ করতে এই কর্মসূচি বেশ কয়েকটি বিষয় দেখে। তার মধ্যে এগুলি অন্তর্ভুক্ত রয়েছআপনি কত টাকা উপার্জন করেন\nসুবিধাগুলি থেকে আপনি কত টাকা পাচ্ছেন\nআপনার বাড়িতে কতজন লোক বাস করেন\nনগদ বা চেকিং অ্যাকাউন্টের মতো সংস্থানসমূহে:,,311 এ কল করুন নগদ সহায়তার জন্য আবেদন করুন।,ওয়েবসাইট ভিজিট করুন এই কর্মসূচিটি সম্পর্কে আরও জানতে নগদ সহায়তা ওয়েবসাই (http://www1.nyc.gov/site/hra/help/cash-assistance.page) যান।টে (http://www1.nyc.gov/site/hra/help/cash-assistance.page),"\n (https://a069-access.nyc.gov/accesshra/) ACCESS HRA (http://www1.nyc.gov/site/hra/locations/job-locations.page) -এ আবেদন করুন আপনি তার সাথে নগদ সহায়তা, SNAP এবং Medicaid-এর জন্য আবেদন করতে পারেন।\nআপনার আবেদনের প্রগতি জানতে বা নথি জমা দিতে ACCESS HRA মোবাইল অ্যাপ ব্যবহার করুন।\nআপনাকে ফোন ইন্টারভিউয়ের জন্য যোগাযোগ করা হবে। এছাড়াও আপনি সশরীরে উপস্থিত হয়ে ইন্টারভিউ দেওয়ার জন্য এHRA বেনিফিট অ্যাক্সেস সেন্টারে যেতে পারেন।কটি",
"Head Start 참여 자격이 있는지 알 수 있는 가장 좋은 방법은 프로그램에 직접 연락하는 것입니다. 다음 중 한 가지 이상에 해당하는 경우, 귀하의 가족은 Head Start의 참여 대상이 될 수 있습니다.\n임시 주택에 살고 있는 경우\n (https://access.nyc.gov/ko/programs/cash-assistance/) HRA 현금 보조(Cash Assistance) (https://access.nyc.gov/ko/programs/supplemental-nutrition-assistance-program-snap/) 를 받는 경우\n보조 영양 지원 프로그램(Supplemental Nutrition Assistance Program, SNAP) 혜택을 받는 경우\n생활보조금(Supplemental Security Income, SSI)을 받는 경우\n가정 위탁 중인 아이를 등록하려는 경우\n가족 소득이 아래 특정 수준 이하인 경우:\n가족 구성원 수|연 소득\n2|$21,500\n3|$26,650\n4|$32,150\n5|$37,650\n6|$43,150\n7|$48,650\n8|$54,150\n9|$59,650\n10|$65,150\n추가 인원당:\n$5,500 추가소득 제한을 초과하는 경우라도 귀하의 가족이 Head Start 요건에 부합하는 경우가 있습니다.\n예를 들어, 소득의 30% 이상을 주거비로 지출한다면, Head Start 프로그램은 주거비를 차감한 이후의 소득이 소득 제한 기준을 충족하는지를 계산합니다. 이 경우에는 Head Start 프로그램에서 귀하의 상황을 평가할 수 있는 관련 서류를 필수로 제출하셔야 합니다.",,\n프로그램을 찾는 데 도움이 필요하시면 311번으로 전화해 “Head Start”에 대해 문의해 주십시오.,\nHead Start에 관한 자세한 사항은 NYCDOE (https://www.schools.nyc.gov/enrollment/enroll-grade-by-grade/head-start) 에서 확인하실 수 있습니다.,,
"\n조기 헤드 스타트 프로그램 Early Head Start 참여 자격이 있는지를 확인하는 가장 좋은 방법은 프로그램 운영 기관에 직접 문의하는 것입니다. 다음 중 하나 이상에 해당하는 경우, 귀하의 가족은 Early Head Start의 참여 대상이 될 수 있습니다.임시 주택에 살고 있는 경우\nHRA 현금 보조(Cash Assistance)를 받는 경우\n보충 보장 소득 (Supplemental Security Insurance, SSI)을 받는 경우\n가정 위탁을 하고 있는 이이를 등록하려는 경우\n가계 소득이 이 금액 이하인 경우에도 대상이 될 수 있습니다.\n 가족 구성원 수| 연 소득\n 1| $14,580\n 2| $19,720\n 3| $24,860\n 4| $30,000\n 5| $35,140\n 6| $40,280\n 7| $45,420\n 8| $50,560\n 추가 인원당:| $5,140\n \n 영아/유아 프로그램 아와 같은 허가된 “돌봄 사유” 중 하나 이상에 해당해야 합니다.주 근로 시간 10시간 이상인 경우\n교육 또는 직업 훈련 프로그램에 참여 중인 경우\n구직을 시작했거나 구직활동 기간이 최대 6개월인 경우 여기에는 실업 수당을 받는 동안 이루어진 구직 활동이 포함됩니다\n임시 주택에 살고 있는 경우\n가정 폭력 피해 지원 서비스에 참여 중인 경우\n약물 남용으로 치료를 받고 있는 경우\n가계 소득이 이 금액 이하이라면 대상이 될 수 있습니다.\n 가족 구성원 수| 월 소득| 연 소득\n 1| $4,301| $51,610\n 2| $5,624| $67,490\n 3| $6,948| $83,370\n 4| $8,271| $99,250\n 5| $9,594| $115,130\n 6| $10,918| $131,010\n 7| $11,166| $133,987\n 8| $11,414| $136,965\n 9| $11,662| $139,942\n 10| $11,910| $142,920\n 11| $12,158| $145,897\n 12| $12,406| $148,875\n 13| $12,654| $151,852\n 14| $12,903| $154,830\n 15| $13,151| $157,807\n",,311에 전화 프로그램을 찾는 데 도움이 필요하시면 전화로 “EarlyLearn”에 대해 문의해주십시오.,웹사이트를 방문하십시오 보육에 관한 자세한 정보는 NYCDOE (https://www.schools.nyc.gov/enrollment/enroll-grade-by-grade/earlylearn-nyc) 에서 확인하십시오.,MyCity 앱 (https://mycity.nyc.gov/s/childcarelanding?language=en_US&LanguageCode=en_US) 을 사용해 신청합니다.,
"DHE 자격 대상이 되려면 다음 질문 모두에 '예'라고 답할 수 있어야 합니다.\n모든 소유주가 장애인입니까? 또는 다른 소유주인 배우자 또는 형제자매가 장애인입니까?\n자산이 주 거주지입니까?\n모든 소유주의 소득 총합이 연 $58,399이거나 그 이하입니까?\n소득에는 SSI 또는 현금 보조 혜택이 포함되지 않습니다.귀하의 재산이 주택 개발 기금 공사(Housing Development Fund Corporation) 개발 및 대체 관리 프로그램 부서(Division of Alternative Management Program)에 속한다면 자격이 될 수 있습니다. 귀하의 재산은 Limited Profit Housing Company, Mitchell-Lama, Limited Dividend Housing Company 또는 재개발 회사가 관리하는 주택 개발에 속할 수 없습니다. 확실히 잘 모르겠으면 재산 관리자에게 문의하십시오.",DHE에 이메일하기질문이 있는 경우  (http://www1.nyc.gov/site/finance/about/contact-by-email/contact-exemptions-inquiries.page) DHE로 이메일을 보내 자세한 내용을 문의해 주십시오.,311번으로 전화장애인 주택 소유주 면제를 요청하십시오.,웹 사이트 방문자세한 내용은 DHE 웹 사이트 (http://www1.nyc.gov/site/finance/benefits/landlords-dhe.page) 에서 확인할 수 있습니다.,"\n7월 1일부터 혜택을 받으려면 3월 16일까지 (https://a836-pts-efile.nyc.gov/SmartFile/Filing/FilingType/Info/NYC_dhe) 온라인으로 신청하십시오 (https://a836-pts-efile.nyc.gov/SmartFile/Filing/FilingType/Info/NYC_DHE_COOP) .\n공동조합에 거주할 경우, DHE 공동조합 신청서를 사용하여 온라인으로 신청할 수 있습니다.\n본인의 주소 또는 자치구, 블록 및 로트(BBL) 또는 주거지 주소를 사용하여 재산을 찾고 양식 제출을 시작하십시오.",DHE
유치원생부터 12학년까지 NYC의 모든 학생이 COMPASS 프로그램에 등록할 수 있습니다.프로그램별로 연령 및 자격 요건이 다를 수 있습니다.,,"311번으로 전화“Comprehensive After School Program assistance(종합 방과 후 시스템 지원)""에 관해 문의하십시오.",온라인COMPASS에 관한 자세한 사항은 (http://www1.nyc.gov/site/dycd/services/after-school/comprehensive-after-school-system-of-new-york-city-compass.page) DYCD에서 알아보십시오.,"Discover DYCD(DYCD 알아보기)를 이용하여 귀하의 지역 내 프로그램을 알아볼 수 있습니다. 시작하시려면:\nDiscover DYCD (https://discoverdycd.dycdconnect.nyc/programme-public?categoryList=Afterschool%20Programs) 웹사이트를 방문하십시오.\n""Afterschool Programs(방과후 프로그램)""를 선택하고 ""Search(검색)""를 클릭하십시오.",COMPASS NYC
"Istnieją dwa rodzaje świadczeń STAR: Podstawowe Świadczenie STAR oraz Rozszerzone Świadczenie STAR. Aby móc skorzystać z któregoś z nich, trzeba odpowiedzieć twierdząco na wszystkie poniższe pytania:\nCzy nieruchomość jest głównym miejscem zamieszkania co najmniej jednego z właścicieli?\nCzy mieszkasz w jednym z wymienionych niżej rodzajów mieszkań?\ndom\nkondominium\nmieszkanie spółdzielcze\ndom z prefabrykatów\ndom na wsi\nnieruchomość o mieszanej funkcji, w tym budynki mieszkalne (kwalifikuje się tylko część zamieszkana przez właściciela)W przypadku programu Basic STAR (podstawowy STAR) należy odpowiedzieć „yes” (tak) na pytanie dodatkowe:\nŁączny dochód wszystkich właścicieli, którzy mieszkają w domu, oraz ich współmałżonków nie może przekraczać 500 000 USD rocznie.\nOsoby będące właścicielami swojej nieruchomości, które otrzymały Podstawowe Świadczenie STAR w latach 2015–2016, lecz później utraciły korzyści, mogą przywrócić zwolnienie. Aby przywrócić Podstawowe Świadczenie STAR, dochód nie może przekraczać 250 000 USD.W przypadku programu Enhanced STAR (rozszerzony STAR) również należy odpowiedzieć „yes” (tak) na pytania dodatkowe:\nOsoby obecnie otrzymujące Podstawowe Świadczenie STAR mogą się kwalifikować do Rozszerzonego Świadczenia STAR, jeśli mają ukończone 65 lat w roku, w którym składają wniosek (https://www1.nyc.gov/site/finance/benefits/landlords-star.page) . Całkowity dochód wszystkich właścicieli i współmałżonków lub zarejestrowanych partnerów w gospodarstwie domowym nie może przekroczyć 92 000 USD.",Wyślij e-mail do programu STARW razie pytań na temat programu STAR wyślij e-mail do (http://www1.nyc.gov/site/finance/about/contact-by-email/contact-exemptions-inquiries.page) NYC Department of Finance (Departament Finansów w Nowym Jorku).,Zadzwoń pod numer 311Zapytaj o School Tax Relief Program (Program ulgi podatkowej w okręgach szkolnych).,"Zapraszamy do odwiedzenia strony internetowejWejdź na stronę internetową STAR (https://tax.ny.gov/pit/property/star/default.htm) , aby uzyskać więcej informacji.","Możesz ubiegać się o Basic STAR w Departamencie Finansów, jeśli posiadałeś swoją nieruchomość i otrzymałeś STAR w latach 2015-16, ale później utraciłeś świadczenie i chciałbyś go przywrócić.\n (https://www1.nyc.gov/assets/finance/jump/smartfile-estar-star.html) Wstępne zgłoszenie online STAR/ESTAR (https://www1.nyc.gov/assets/finance/jump/smartfile-star-estar-coop.html) \n (https://a836-pts-efile.nyc.gov/SmartFile/Filing/FilingType/Info/NYC_STAR) Wstępne zgłoszenie online STAR/ESTAR dla spółdzielni (https://www.tax.ny.gov/pit/property/star/) Możesz ubiegać się o Enhanced STAR (E-STAR) online w Departamencie Finansów\njeśli jesteś odbiorcą Basic STAR, który kwalifikuje się do Enhanced STAR,\njeśli w roku, w którym składasz wniosek, będziesz mieć ukończone 65 lat i otrzymałeś zwolnienie STAR na swojej nieruchomości w latach 2015-16.Jeśli Twój dochód jest większy niż 250 000 USD i mniejszy lub równy 500 000 USD, możesz zarejestrować się online w celu uzyskania ulgi podatkowej STAR stanu Nowy Jork lub dzwoniąc pod numer 518-457-2036.",STAR
"Вы имеете право на получение льгот по программе DHE, если вы ответили «да» на все перечисленные ниже вопросы:\nВсе владельцы являются нетрудоспособными гражданами, ИЛИ остальные владельцы являются супругами или братьями/сестрами нетрудоспособного лица?\nНедвижимость является вашим основным местом жительства?\nСовокупный доход всех владельцев меньше или равен $58,399 в год?\nВ сумму дохода не включаются пособия SSI и денежные пособия (Cash Assistance).Вы можете иметь право на участие, если ваш объект недвижимости находится в ведении Корпорации фонда развития жилищного строительства (Housing Development Fund Corporation, HDFC) и включен в программу Департамента альтернативного управления (Division of Alternative Management, DAMP). Ваш объект недвижимости не может находиться в зоне жилищной застройки, контролируемой жилищной компанией с ограниченным доходом, компанией-участником программы Mitchell-Lama, жилищной компанией с ограниченными дивидендами или компанией по реконструкции жилых районов. Если вы не уверены, что ваш объект недвижимости соответствует этим требованиям, обратитесь к управляющему недвижимостью.","Напишите по электронной почте DHEЕсли у вас возникли вопросы, (http://www1.nyc.gov/site/finance/about/contact-by-email/contact-exemptions-inquiries.page) напишите в программу DHE по электронной почте для получения дополнительной информации.",Позвоните по телефону 311Попросите соединить вас с Льготы для нетрудоспособных домовладельцев.,Посетите веб-сайтПодробную информацию можно получить на сайте программы DHE (http://www1.nyc.gov/site/finance/benefits/landlords-dhe.page) .,"\n (https://a836-pts-efile.nyc.gov/SmartFile/Filing/FilingType/Info/NYC_SCHE) Подайте заявку онлайн (https://a836-pts-efile.nyc.gov/SmartFile/Filing/FilingType/Info/NYC_DHE_COOP) до 16 марта, чтобы начать пользоваться льготами с 1 июля.\nЕсли вы живете в кооперативе, то можете подать заявку онлайн, используя форму заявления DHE для кооперативов.\nНайдите свой объект недвижимости, указав адрес или кодовый номер боро, жилого квартала и земельного участка (Borough, Block and Lot; BBL), чтобы приступить к заполнению заявления.",DHE
Tout fanmi NYC ki gen timoun ki te fèt nan ane 2020 kapab enskri pandan ane lekòl 2024-2025 la. Sa gen ladan ltimoun andikape yo (https://www.schools.nyc.gov/enrollment/enrollment-help/meeting-student-needs/students-with-disabilities) oswa k ap aprann Anglè (https://www.schools.nyc.gov/enrollment/enrollment-help/meeting-student-needs/students-learning-english) yo. Timoun yo pa oblije konn itilize vaz oswa twalèt pou yo patisipe nan pwogram pre-K a.,Voye imèl bay admisyon pou Pre-K Voye yon imèl bay es_enrollment@schools.nyc.gov (mailto:ES_Enrollment@schools.nyc.gov) si ou gen kesyon sou pwogram Pre-K a.,Rele 311 Mande pou Pre-K For All.,Ale sou sit entènèt la Vizite sit enènèt Depatman Edikasyon an nan NYC (https://www.schools.nyc.gov/enrollment/enroll-grade-by-grade/pre-k) pou aprann plis bagay sou pwosesis admisyon Preskolè a.,"Aplike sou MySchools (https://www.myschools.nyc/en/) anvan 1ye Mas 2024. Ou kapab aplike ann Anglè, Arab, Bengali/Bangla, Chinwa, Kreyòl Ayisyen, Fransè, Koreyen, Ris, Espanyòl oswa Oudou. Ou kapab jwenn pwogram preskolè mwatye jounnen sou MySchools.",Pre-K
"Вы имеете право на получение льгот по программе DRIE, если вы ответили «да» на все перечисленные ниже вопросы:\nВаш возраст 18 лет или более?\nВаше имя указано в договоре аренды?\nСовокупный доход вашего домохозяйства составляет не более $50 000?\nАрендная плата составляет более трети вашего месячного дохода?\nВы получали следующие пособия?\nФедеральное пособие «Дополнительный гарантированный доход» (SSI)\nФедеральное пособие социального страхования в случае нетрудоспособности (SSDI)\nПенсия или компенсация по нетрудоспособности Департамента по делам ветеранов США (VA)\nПособие Medicaid в связи с нетрудоспособностью, если вы ранее получали пособие SSI или SSDI\nВы живете в городе Нью-Йорке в одном из указанных ниже типов жилья?\nКвартира со стабилизированной арендной платой\nКвартира с контролируемой арендной платой\nКвартира в жилом комплексе Mitchell-Lama\nКвартира, арендуемая в рамках программы штатного субсидирования жилья Limited Dividend\nКвартира, принадлежащая компании по реконструкции жилых районов\nКвартира, принадлежащая кооперативу собственников жилья (HDFC)\nКвартира, подпадающая под действие раздела 213 (компании жилищно-кооперативного строительства)\nГостиничное помещение с регулируемой арендной платой или комната на одного человека (SRO)",Обратитесь в DRIE (http://www1.nyc.gov/site/finance/about/contact-by-email/contact-drie.page) Обратитесь за помощью в Департамент финансов.,Позвоните по телефону 311Попросите соединить вас со специалистом программы DRIE.,"Посетите веб-сайтыЧтобы получить подробную информацию, посетите веб-сайт программы г. Нью-Йорка по освобождению от повышения арендной платы (http://www1.nyc.gov/site/rentfreeze/index.page) .Ознакомьтесь с часто задаваемыми вопросами (https://www1.nyc.gov/site/rentfreeze/help/covid-19-frequently-asked-questions.page) по Программе освобождения от повышения арендной платы на период пандемии COVID-19.","Подайте онлайн-заявкуЕсли вы впервые рассматриваете возможность участия в программе DRIE, то можете подать заявку онлайн (https://www1.nyc.gov/site/rentfreeze/tools/nyc-tap.page) .Подайте заявку во время виртуального собеседованияВы можете получить помощь при подаче заявки в DRIE (https://www1.nyc.gov/assets/finance/jump/dof-appointments.html) во время назначенного виртуального собеседования. При назначении даты собеседования:\nВ разделе Select Service (Выбрать услугу) укажите Renter and Homeowner Exemption Programs (Программы освобождения для арендаторов и домовладельцев). Далее выберите первоначальную заявку Rent Freeze (SCRIE or DRIE) (Программы освобождения от повышения арендной платы SCRIE или DRIE).\nВ разделе Select Location (Выбрать местоположение) выберите Exemptions Virtual Appointments (Виртуальные консультации по освобождению от повышения арендной платы).\nВыберите дату и время. Потом заполните контактную информацию, чтобы создать заявку.",DRIE
"정기 HEAP 혜택의 자격은 다음을 기준으로 합니다.\n만 6세 미만의 유아, 만 60세 이상의 성인 또는 영구적인 장애인이 가족 구성원 중에 있음.\n주요 난방원\n소득 및 가족 구성원 수다음과 같은 경우 해당 가구는 정기 HEAP 혜택을 받을 수 있습니다:\n가족 구성원이 미국 시민권자 또는 자격을 갖춘 비시민권자인 경우\n보충 영양 지원 프로그램(Supplemental Nutrition Assistance Program, SNAP) 혜택을 받는 경우 또는\n임시 지원(Temporary Assistance, TA) 또는\n코드 A 생활 보조금(SSI 독거 생활비)을 받는 경우\n귀하 가구의 월 총 소득은 다음 표에 제시된 가구 규모에 따른 현재 소득 기준 이하입니다.\n가족 구성원 수|2024~2025년 최대 월 총소득\n1|$3,322\n2|$4,345\n3|$5,367\n4|$6,390\n5|$7,412\n6|$8,434\n7|$8,626\n8|$8,818\n9|$9,010\n10|$9,201\n11|$9,393\n12|$9,585\n13|$9,952\n추가 인원당:|$672 추가\n다음의 문항에 대한 답변이 예인 가구의 경우 긴급 HEAP 혜택수혜 자격 조건에 부합할 가능성이 있습니다.\n이 중에 귀하에게 해당되는 것이 있습니까?\n난방 시스템이나 온도 조절 장치를 가동하는 전기가 차단되거나 차단될 예정입니다.\n난방이 꺼졌거나 꺼질 위험이 있습니다.\n연료가 떨어졌거나 연료 탱크의 1/4도 되지 않습니다.\n난방비 또는 전기비 고지서 명의가 본인입니까?\n세대에서 이용 가능한 자원이 다음에 해당하는 경우:\n가족 구성원 중 60세 이상 또는 6세 이하인 사람이 있는 경우, $3,750 미만입니까?\n가족 구성원 중 60세 이상 또는 6세 이하인 사람이 없는 경우, $2,500 미만입니까?\n다음과 같은 소득 요건 중 하나에 부합합니까?\nSNAP 수당, 임시 지원 또는 법적(Code A) 생활보조금을 수령하고 있습니다.\n가족 소득이 상기 표에 게재된 가족 구성원 수에 따른 월 소득 총액 지침에 부합하거나 이에 미치지 못합니다.",,311에 전화하세요 가정용 에너지 지원 프로그램에 도움을 요청하십시오.,웹사이트를 방문하십시오 이 프로그램에 대해 자세히 알아보려면HEAP에 대한 OTDA 웹사이트 (https://otda.ny.gov/programs/heap/) 를 방문하십시오.,2024~2025년 HEAP 일반 혜택 신청은 2025년 4월 7일에 마감되었습니다.\n (https://a069-access.nyc.gov/accesshra/) ACCESS HRA (https://apps.apple.com/us/app/nyc-access-hra/id1185595325) 에서 온라인으로 신청하십시오.\n (https://play.google.com/store/apps/details?id=gov.nyc.hra.SelfService) iTunes 스토어 (https://a069-access.nyc.gov/accesshra/) (iPhone용) 또는 Google Play 스토어(Android 휴대폰용)에서 무료로 제공되는 ACCESS HRA 모바일 앱을 사용하여 문서를 스캔하십시오.\n신청서를 제출하시면 자격 인터뷰를 위해 연락을 드릴 수 있습니다. 혜택 접근 센터에 방문하지 않아고 전화로 인터뷰를 진행할 수 있습니다.\n신청서 상태는 ACCESS HRA에서 확인할 수 있습니다.,HEAP
從幼稚園到 12 年級的紐約市全體學生均有資格登記 COMPASS 計畫。各項計畫均有不同的年齡與資格要求。,,致電 311詢問「綜合課後計畫輔助」。,線上透過 (http://www1.nyc.gov/site/dycd/services/after-school/comprehensive-after-school-system-of-new-york-city-compass.page) DYCD 瞭解關於 COMPASS 的更多資訊。,您可以使用 Discover DYCD（發現 DYCD）查看您所在區域的課程。開始：\n前往 Discover DYCD (https://discoverdycd.dycdconnect.nyc/programme-public?categoryList=Afterschool%20Programs) 網站。\n選擇「Afterschool Programs」（課後計畫），然後按一下「Search」（搜尋）。,COMPASS NYC
"To be eligible for Veterans' Exemption, you should be able to answer yes to all of these questions.\nAre you the current deeded owner, spouse, or surviving un-remarried widow/widower of the property owner?\nIs the property your primary residence?\nAre you a veteran who served in the US armed forces during one of the following conflicts?\nPersian Gulf Conflict (includes the Afghanistan and Iraq Conflicts) - beginning August 2, 1990 to present\nVietnam War - November 1, 1955 to May 7, 1975\nKorean War - June 27, 1950 - January 31, 1955\nWorld War II - December 7, 1941 to December 31, 1946\nWorld War I - April 6, 1917 to November 11, 1918",Email the Department of FinanceEmail the (http://www1.nyc.gov/site/finance/about/contact-by-email/contact-exemptions-inquiries.page) Department of Finance if you have questions about this program.,Call 311Ask about Veterans' Exemption.,Visit the websiteVisit the Veterans' Exemption website (http://www1.nyc.gov/site/finance/benefits/landlords-veterans.page) for more information.,"(https://a836-pts-efile.nyc.gov/SmartFile/Filing/FilingType/Info/NYC_VET) Apply online (https://a836-pts-efile.nyc.gov/SmartFile/Filing/FilingType/Info/NYC_VET_COOP) by March 15 for benefits to begin on July 1. If March 15th falls on a weekend or holiday, the deadline is the next business day.\nIf you live in a co-op, apply using the (https://a836-pts-access.nyc.gov/care/search/commonsearch.aspx?mode=address) co-ops application.When applying, you will need the borough, block, and lot (BBL) for your home. Use the Property Address Search to get this information.",
"2024‏ ٹیکس سال کے لیے اہل ہون کے واسطے آپ کو ذیل کے تقاضے پورا کرنا ضروری ہے۔\nشادی شدہ ہونے اور مشترکہ طو پر فائل کرنے کی صورت میں آپ نے $200,000 تک یا $400,000 تک کمائے ہوں۔\nآپ اپنے ٹیکس ریٹرن میں کسی ایسے بچے کا دعویٰ کر رہے ہیں:\nجس کی عمر 16 سال یا اس سے کم ہے\nبچے کے پاس سوشل سیکیورٹی نمبر (Social Security Number, SSN) یا ایڈاپشن ٹیکس آئڈنٹیفیکیشن نمبر (Adoption Tax Identification Number، ATIN) ہونا ضروری ہے۔ فائلر SSN یا انفرادی ٹیکس دہندہ کا شناختی نمبر (Individual Taxpayer Identification Number، ITIN) استعمال کر سکتا ہے۔\nاہل قرار پانے والے بچے لازمی طور پر آپ کا بیٹا، بیٹی، سوتیلا بچہ، اہل رضاعی بچہ، بھائی، بہن، سوتیلا بھائی، سوتیلی بہن، اخیافی بھائی، اخیافی بہن، یا ان میں سے ایک کا شجرہ (مثلا، پوتا پوتی، بھتیجی یا بھتیجی) ہو\nآپ کا بچہ ‎یا زیرِ کفالت بچہ امریکا میں نصف سال سے زائد عرصے سے آپ کے ساتھ رہا ہو اور آپ اپنے ٹیکس ریٹرن میں زیرِ کفالت بچے کے بطور ان کا دعویٰ کر رہے ہوں۔\nآپ کا بچہ اپنی ذاتی مالی اعانت کی رقم کا نصف سے زائد حصہ آپ کو نہیں دے سکتا۔",,311 پر کال کریں ٹیکس کی تیاری میں مدد طلب کریں۔,ٹیکس کریڈٹس کے بارے میں جانیں (https://www1.nyc.gov/site/dca/consumers/get-tax-credit-information.page) جن کا آپ دعوی کر سکتے ہیں۔,چائلڈ ٹیکس کریڈٹ کا دعوی کرنے کے لیے اپنے وفاقی ٹیکس مفت میں ‏getyourrefund.org (https://www.getyourrefund.org/) ‏ کے ساتھ فائل کریں۔,CTC
"\nহেড স্টার্টের জন্য আপনার পরিবার যোগ্য কিনা জানার সবচেয়ে ভালো উপায় হলো একটি প্রোগ্রামের সঙ্গে সরাসরি যোগাযোগ করা। আপনার পরিবার হেড স্টার্টের জন্য যোগ্য হতে পারে যদি নিম্নলিখিতগুলির একটি বা অধিক আপনার জন্য প্রযোজ্য হয়আপনি সাময়িক আবাসনে থাকেনআপনি (https://access.nyc.gov/bn/programs/cash-assistance/) HRA নগদ সহায়তা (HRA Cash Assistance (https://access.nyc.gov/bn/programs/supplemental-nutrition-assistance-program-snap/) পান\nআপনি পরিপূরক পুষ্টি সহায়তা প্রোগ্রাম (Supplemental Nutrition Assistance Program, SNAP পান\nআপনি পরিপূরক নিরাপত্তা আয় (Supplemental Security Income, SSI) পান\nফস্টার কেয়ারে থাকা কোনও বাচ্চাকে নথিভুক্ত করছেনআপনার পারিবারিক আয় নিম্নলিখিত পরিমাণের নিচে পড়ে:\nপরিবারের আকার|বার্ষিক আয়\n2|$21,500\n3|$26,650\n4|$32,150\n5|37,650\n6|$43,150\n7|$48,650\n8|$54,150\n9|$59,650\n10|$65,150\nপ্রত্যেক অতিরিক্ত ব্যক্তির জন্য|$5,500 যোগ করুন\nকিছু পরিস্থিতিতে আপনার পরিবার হেড স্টার্টের জন্য যোগ্য হতে পারে, এমনকি যদি আপনি আয়ের সীমার বেশি আয় করেন।\nউদাহরণস্বরূপ: যদি আপনি আপনার আয়ের 30% এর বেশি আবাসনের জন্য দেন, তাহলে আবাসনের খরচ বাদ দেওয়ার পরেও হেড স্টার্ট প্রোগ্রামগুলি আপনার আয় যোগ্য কিনা তা গণনা করতে পারে। আপনার পরিস্থিতি মূল্যায়ন করার জন্য আপনাকে অবশ্যই হেড স্টার্ট প্রোগ্রামের জন্য প্রাসঙ্গিক নথি জমা দিতে হবে।",,"\nএকটি প্রোগ্রাম খুঁজে পেতে সাহায্যের প্রয়োজন হলে 311 নম্বরে কল করুন এবং ""হেড স্টার্ট"" বলুন।","\nনিউ ইয়র্ক সিটি শিক্ষা বিভাগ (New York City Department of Education, NYCDOE) (https://www.schools.nyc.gov/enrollment/enroll-grade-by-grade/head-start) থেকে হেড স্টার্ট প্রোগ্রাম সম্পর্কে আরও জানুন।",,
"Участие в программах COMPASS в г. Нью-Йорке могут принимать все школьники с 0-го по 12-й классы.Каждая программа имеет свои требования к участникам, в том числе возрастные.",,Позвоните по номеру 311Спросите о «комплексной программе внеклассного обучения» (Comprehensive After School Program).,Через ИнтернетУзнайте больше о COMPASS на веб-странице (http://www1.nyc.gov/site/dycd/services/after-school/comprehensive-after-school-system-of-new-york-city-compass.page) DYCD.,"Вы можете использовать сайт Discover DYCD, чтобы найти программы рядом с домом. Для этого сделайте следующее:\nПерейдите на сайт Discover DYCD (https://discoverdycd.dycdconnect.nyc/programme-public?categoryList=Afterschool%20Programs) .\nВыберите «программы послешкольного образования» (afterschool programs) и нажмите «Поиск» (Search).",COMPASS NYC
"SCRIE کی اہلیت کے لیے آپ کو درج سوالات کے جوابات ہاں میں دینے کے قابل ہونا چاہیئے:\nکیا آپ کی عمر 62 سال یا اس سے زیادہ ہے؟\nکیا لیز میں آپ کا نام شامل ہے؟\nکیا آپ کے گھرانے کی مجموعی سالانہ آمدنی $50,000 یا اس سے کم ہے؟\nکیا آپ اپنی ماہانہ آمدنی کے تیسرے حصے سے زیادہ رقم کرایہ پر خرچ کرتے/کرتی ہیں؟\nکیا آپ NYC میں درج ذیل میں سے کسی قسم کی رہائش گاہ میں رہتے/رہتی ہیں؟\nمستحکم شدہ کرایہ کا اپارٹمنٹ\nکنٹرول شدہ کرایہ کا اپارٹمنٹ\nزیر ضابطہ کرایہ کا کوئی ہوٹل یا سنگل روم کا کوئی رہائشی یونٹ\nMitchell-Lama ڈیولپمنٹ\nلمیٹڈ ڈیویڈینڈ ہاؤسنگ کمپنی (Limited Dividend Housing Company) کی ڈیولپمنٹ\nRedevelopment Company (ری ڈیولپمنٹ کمپنی) کی ڈیولپمنٹ\nHousing Development Fund Company (ہاؤسنگ ڈیولپمنٹ فنڈ کمپنی، HDFC) کی ڈیولپمنٹ",IE سے رابطہ کریںمحکمہ مالیات سے (http://www1.nyc.gov/site/finance/about/contact-by-email/contact-drie.page) مدد کی درخواست کریں (mailto:SCRIE@hpd.nyc.gov) ۔HPD کو ای میل کریںHPD کے زیر نگرانی SCRIE کے بارے میں سوالات کیلئے، SCRIE@hpd.nyc.gov پر ای میل کریں,311 پر کال کریںSCRIE ماہرین سے بات کرنے کا کہیں,ویب سائٹس ملاحظہ کریںمزید جاننے کے لیے NYC رینٹ فریز پروگرام کی ویب سائٹ (http://www1.nyc.gov/site/rentfreeze/index.page) ملاحظہ کریں۔COVID-19 کے دوران کرایہ منجمد کرنے کے پروگرام (SCRIE اور DRIE) کیلئے اکثر پوچھے گئے سوالات (https://www1.nyc.gov/site/rentfreeze/help/covid-19-frequently-asked-questions.page) کا جائزہ لیں۔اگر آپ HPD ڈیولپمنٹ میں رہتے ہیں تو HPD کی زیر نگرانی SCRIE کے بارے میں مزید جاننے کیلئے HPD کی ویب سائٹ (https://www1.nyc.gov/site/hpd/services-and-information/scrie-drie.page) ملاحظہ کریں۔,"آن لائن درخواست دیںاگر آپ پہلی بار SCRIE کیلئے درخواست دے رہے ہیں، تو آپ آن لائن (https://www1.nyc.gov/site/rentfreeze/tools/nyc-tap.page) درخواست دے سکتے ہیں۔ورچوئل اپائنٹمنٹ کے دوران درخواست دیںآپ (https://www1.nyc.gov/assets/finance/jump/dof-appointments.html) ورچوئل اپائنٹمنٹ کا شیڈول بنا کر SCRIE کو درخواست دینے میں مدد حاصل کر سکتے ہیں؟ شیڈول بناتے وقت:\n""سلیکٹ سروس"" کے تحت، کرایہ دار اور مکان مالک کے استثنیٰ کے پروگراموں کا انتخاب کریں۔ پھر، ""رینٹل فریز (SCRIE یا DRIE) ابتدائی درخواست کا انتخاب کریں۔\n""منتخب مقام"" کے تحت، ""مرضی ورچوئل اپائنٹمنٹس"" کو منتخب کریں۔\nتاریخ اور وقت منتخب کریں۔ پھر، اپنی اپائنٹمنٹ لینے کیلئے اپنی رابطہ کی معلومات پُر کریں۔",SCRIE
"Pou w ka kalifye pou SCRIE, ou sipoze kapab reponn wi pou tout kesyon sa yo:\nÈske ou gen 62 an oswa plis?\nÈske non ou sou kontra lwaye a?\nÈske revni tout moun nan kay la mete ansanm se $50,000 oswa pi piti pa ane?\nÈske ou depanse plis pase yon tyè revni chak mwa ou nan lwaye?\nÈske w ap viv nan NYC nan youn nan kalite lojman sa yo?\nyon apatman pri lwaye estabilize\nyon apatman pri lwaye kontwole\nyon otèl oswa yon chanm kay ak lwaye kontwole\nyon devlopman Mitchell-Lama\nyon devlopman Konpayi Lojman Dividann Limite\nyon devlopman yon Konpayi Redevlopman\nyon Konpayi Fon Devlopman pou Lojman","Kontakte SCRIE (http://www1.nyc.gov/site/finance/about/contact-by-email/contact-drie.page) Mande èd (mailto:SCRIE@hpd.nyc.gov) nan Depatman Finans lan.Imèl HPDSi w gen kesyon sou SCRIE HPD sipèvize, voye yon imèl nan SCRIE@hpd.nyc.gov.",Rele 311Mande pou espesyalis SCRIE yo.,"Ale sou sit entènèt yoAle sou sit entènèt Pwogram NYC Rent Freeze lan (http://www1.nyc.gov/site/rentfreeze/index.page) pou aprann plis.Egzamine kesyon moun poze souvan yo (https://www1.nyc.gov/site/rentfreeze/help/covid-19-frequently-asked-questions.page) pou Pwogram Rent Freeze la pandan COVID-19 la.Si w ap viv nan yon devlopman HPD, ale sit entènèt HPD la (https://www1.nyc.gov/site/hpd/services-and-information/scrie-drie.page) pou aprann plis sou SCRIE HPD sipèvize a.","Aplike sou entènètSi w ap aplike pou SCRIE pou premye fwa, ou ka aplike sou entènèt (https://www1.nyc.gov/site/rentfreeze/tools/nyc-tap.page) .Aplike pandan yon randevou vityèlOu ka jwenn èd pou aplike nan SCRIE lè w (https://www1.nyc.gov/assets/finance/jump/dof-appointments.html) planifye yon randevou vityèl. Lè w ap planifye:\nAnba ""Chwazi Sèvis"", chwazi Pwogram Egzanpsyon pou Lokatè ak Pwopriyetè Kay. Apre sa, chwazi ""Rent Freeze (SCRIE oswa DRIE) Premye aplikasyon an.\nAnba ""Chwazi Anplasman"" an, chwazi ""Egzanpsyon Randevou Vityèl.""\nChwazi yon dat ak yon lè. Apre sa, ranpli enfòmasyon kontak ou pou kreye randevou w la.",SCRIE
\n此計畫的資格取決於幾項標準。 其中一些包括：您的收入\n您領取的福利金額\n家中居住人數\n現金或支票帳戶等資源,,致電 311 洽詢「Cash Assistance」（現金援助）。,造訪網站 造訪現金援助網站 (http://www1.nyc.gov/site/hra/help/cash-assistance.page) ，以詳細瞭解計畫相關資訊。,\n透過 (https://a069-access.nyc.gov/accesshra/) ACCESS HRA (http://www1.nyc.gov/site/hra/locations/job-locations.page) 進行申請。 您可以同時申請現金援助、SNAP 和 Medicaid。\n使用 ACCESS HRA 行動應用程式追蹤您的申請的受理進度或者提交文件。\n相關機構可能會聯絡您安排電話約談。 您也可以前往 HRA 福利領取中心進行面談。,
"Pour être éligible à SCRIE, vous devez pouvoir répondre « Yes » (Oui) à toutes les questions suivantes :\nÊtes-vous âgé de 62 ans ou plus ?\nVotre nom est-il sur le bail ?\nLes revenus annuels totaux de votre foyer sont-ils de 50 000 $ US ou moins ?\nVotre loyer représente-t-il plus d'un tiers de vos revenus mensuels ?\nHabitez-vous dans la ville de New York dans l'un de ces types de logement ?\nun appartement dont le loyer est réglementé selon le système « rent stabilization »\nun appartement dont le loyer est réglementé selon le système « rent control »\nun appartement de type « Rent Regulated Hotels, Single Room Occupancy Unit (SRO) »\nun lotissement Mitchell-Lama\nune société immobilière de redéveloppement à dividendes limités\nun lotissement d'une société de redéveloppement\nun lotissement d'une Housing Development Fund Company (société de fonds de développement immobilier)","Contactez le SCRIE (http://www1.nyc.gov/site/finance/about/contact-by-email/contact-drie.page) Demandez une assistance (mailto:SCRIE@hpd.nyc.gov) au ministère des Finances.Envoyez un courriel au HPDPour toute question sur le SCRIE supervisé par le HPD, envoyez un courriel à l’adresse SCRIE@hpd.nyc.gov.",Appelez le 311Demandez à parler à un spécialiste SCRIE specialists.,"Rendez-vous sur les sites internetPour en savoir plus, consultez le site internet du programme de gel des loyers de la ville de New York (http://www1.nyc.gov/site/rentfreeze/index.page) .Consultez la foire aux questions (https://www1.nyc.gov/site/rentfreeze/help/covid-19-frequently-asked-questions.page) sur le programme de gel des loyers pendant l’épidémie de COVID-19.Si vous vivez dans un logement social du HPD, consultez le site internet du HPD (https://www1.nyc.gov/site/hpd/services-and-information/scrie-drie.page) pour en savoir plus sur le SCRIE supervisé par le HPD.","Déposez une demande en ligneSi vous déposez une demande pour le programme SCRIE pour la première fois, vous pouvez le faire en ligne (https://www1.nyc.gov/site/rentfreeze/tools/nyc-tap.page) .Déposez une demande pendant un rendez-vous virtuelVous pouvez obtenir de l’aide pour déposer une demande au programme SCRIE en (https://www1.nyc.gov/assets/finance/jump/dof-appointments.html) prenant un rendez-vous virtuel. Lors de la prise de rendez-vous :\nSous « Select Service » (Sélectionner le service), choisissez les Programmes d’exemption de propriétaire et de locataire. Ensuite, choisissez « Rent Freeze (SCRIE or DRIE) Initial application » (la demande initiale de gel de loyer SCRIE ou DRIE).\nSous « Select Location » (Sélectionner un lieu), choisissez « Exemptions Virtual Appointments » (Rendez-vous virtuels pour l’exemption).\nChoisissez une date et une heure. Ensuite, remplissez vos coordonnées pour créer votre rendez-vous.",SCRIE
"STAR کی مراعات کی دو قسمیں ہیں: بنیادی STAR اور بہتر کردہ STAR۔ دونوں میں سے کسی ایک کا اہل ہونے کے لیے، آپ کو ان تمام سوالات کا جواب ہاں میں دینے کے قابل ہونا چاہیے:\nکیا جائیداد مالکان میں سے کم از کم کسی ایک کی بنیادی رہائش گاہ ہے؟\nکیا آپ درج ذیل میں سے کسی ایک قسم کے گھر میں رہتے/رہتی ہیں؟\nایک گھر\nایک کونڈو\nایک کوآپریٹو اپارٹمنٹ\nایک تیار شدہ گھر\nایک فارم ہاؤس\nکثیر الاستعمال جائیداد، بشمول اپارٹمنٹ کی عمارتیں (صرف مالک کے قبضے میں موجود جگہ اہل ہے)بنیادی STAR کے لیے، آپ کو اس اضافی سوال کا جواب ہاں میں دینے کے قابل ہونا چاہیئے:\nگھر میں رہنے والے تمام مالکوں اور ان کے شریک حیات کی مشترکہ آمدنی $500,000 سالانہ یا اس سے کم ہونی چاہیے۔\nاگر آپ اپنی جائیداد کے مالک تھے اور 2015-16 میں بنیادی ‏STAR‏ حاصل کیا تھا لیکن بعد میں فائدہ سے محروم ہوگئے، تو آپ استثناء پھر سے بحال کرسکتے ہیں۔ آپ کا بنیادی ‏STAR‏ پھر سے بجال کرنے کے لئے آپ کی آمدنی ‎$250,000‏ یا کم ہونی چاہئے۔اضافہ شدہ STAR کے لیے، آپ کو ان اضافی سوالات کا جواب ہاں میں دینے کے قابل ہونا چاہیئے:\nاگر آپ ابھی بنیادی ‏STAR‏ حاصل کررہے ہیں، تو اگر آپ درخواست دینے والے سال میں 65 سال یا اس سے زیادہ کی عمر کے ہو جائیں گے تو آپ بہتر ‏STAR‏ کے اہل ہوسکتے ہیں (https://www1.nyc.gov/site/finance/benefits/landlords-star.page) ۔ تمام مالکان اور رہائشی شریک حیات یا رجسٹرڈ گھریلو شراکت داروں کی کل آمدنی ‎$92,000‏ سے زیادہ نہیں ہوسکتی ہے۔",STAR کو ای میل کریںاگر آپ کے STAR سے متعلق کوئی سوالات ہوں، تو (http://www1.nyc.gov/site/finance/about/contact-by-email/contact-exemptions-inquiries.page) NYC Department of Finance (ڈیپارٹمنٹ آف فنانس) کو ای میل کریں۔,311 پر کال کریںSchool Tax Relief Program (اسکول ٹیکس ریلیف پروگرام) کا کہیں۔,ویب سائیٹ ملاحظہ کریںمزید معلومات کے لیےSTAR ویب سائیٹ (https://tax.ny.gov/pit/property/star/default.htm),اگر آپ اپنی جائیداد کے مالک ہیں اور 2015-16 میں اسٹار وصول کرتے ہیں تو آپ بنیادی اسٹار کے لیے درخواست دے سکتے ہیں لیکن بعد میں فائدہ کھو دیا اور اسے بحال کرنا چاہیں گے۔\n (https://www1.nyc.gov/assets/finance/jump/smartfile-estar-star.htmlhttps://www1.nyc.gov/assets/finance/jump/smartfile-estar-star.html) اسٹار/ایسٹار آن لائن ابتدائی درخواست۔ (https://www1.nyc.gov/assets/finance/jump/smartfile-star-estar-coop.html) \n (https://a836-pts-efile.nyc.gov/SmartFile/Filing/FilingType/Info/NYC_STAR) اسٹار/ایسٹار آن لائن ابتدائی درخواست برائے تعاون۔ (https://www.tax.ny.gov/pit/property/star/) آپ ڈیپارٹمنٹ آف فنانس کے ساتھ بہتر سٹار (E-STAR) آن لائن کے لیے درخواست دے سکتے ہیں۔\nاگر آپ بنیادی سٹار وصول کنندگان ہیں جو بہتر سٹار کے اہل ہیں ،\nاگر آپ اس سال 65 سال یا اس سے زیادہ عمر کے ہوں گے جس پر آپ درخواست دیتے ہیں اور 2015-16 میں آپ کی جائیداد پر STAR چھوٹ ہے۔اگر آپ کی آمدنی $ 250،000 سے زیادہ ہے اور $ 500،000 سے کم یا اس کے برابر ہے ، آپ نیویارک اسٹیٹ اسٹار ٹیکس کریڈٹ کے لیے آن لائن رجسٹر کر سکتے ہیں یا 2036-457-518 پر کال کر کے۔,STAR
"연방 EITC 자격\n유효한 사회보장번호가 있습니다.\n2024년 소득, 결혼 여부, 자녀 유무가 다음 중 하나에 해당했어야 합니다.\n자격을 갖춘 자녀가 있는 기혼자이며 소득이 $66,819 이하인 경우\n자격을 갖춘 자녀가 없는 기혼자이며 소득이 $25,511 이하인 경우\n자격을 갖춘 자녀가 있는 독신자이며 소득이 $59,899 이하인 경우\n자격을 갖춘 자녀가 없는 독신자이며 소득이 $18,591 이하인 경우\n친자녀, 의붓자녀, 수양 자녀 및 손주 등 자격을 갖춘 자녀가 있습니다.\n자녀가 없는 경우, EITC는 25세에서 64세의 신고자만 이용할 수 있습니다.\n부부 별도 신고: 부부가 공동 신고를 하지 않는 경우 다음과 같은 요건을 충족한다면 EITC를 신청할 수 있습니다.\n일 년 중 절반 이상을 귀하와 함께 거주한 자격을 갖춘 자녀가 있는 경우\n2024년 말에 주법에 따라 법적 별거 상태였거나 또는 2024년의 후반 6개월간 배우자와 따로 거주한 경우\n2024년 투자 수입이 $11,600 미만인 경우* 자격을 충족하는지 모르겠는 경우 IRS가 제공하는계산기를 통해 자격 여부를 확인할 수 있습니다 (https://www.irs.gov/credits-deductions/individuals/earned-income-tax-credit/use-the-eitc-assistant) . 뉴욕주 EITC 자격\n비양육 부모의 근로소득 세액 공제 (https://www.tax.ny.gov/pit/credits/nceic.htm) 를 청구하지 않았습니다. 그리고\n귀하는 연방 EITC에 대한 자격을 갖추고 이를 청구했습니다.뉴욕시 EITC 자격\n1년 또는 반년 동안 뉴욕 시 거주자였습니다. 그리고\n연방 근로소득 공제를 청구했습니다.",,,청구할 수 있는세금 공제에 대해 자세히 알아보십시오 (https://www1.nyc.gov/site/dca/consumers/get-tax-credit-information.page) .,getyourrefund.org (https://www.getyourrefund.org/) 에서 무료로 연방 세금을 신고하여 연방 EITC를 청구하십시오. 또한 뉴욕주 및 시 EITC를 받으려면 별도로 주 세금 환급금을 신고해야 합니다.NYC 무료 세금 신고 (https://www1.nyc.gov/site/dca/consumers/file-your-taxes.page) 서비스를 통해 무료로 세금 신고에 대한 도움을 받을 수도 있습니다.,EITC
紐約市所有 2020 年出生的兒童皆可報名就讀 2024-2025 學年。 其中包括身心障礙兒童 (https://www.schools.nyc.gov/enrollment/enrollment-help/meeting-student-needs/students-with-disabilities) 或正在學習英語的兒童 (https://www.schools.nyc.gov/enrollment/enrollment-help/meeting-student-needs/students-learning-english) 。 不論兒童是否接受過如廁訓練，均可參加 Pre-K 計畫。,傳送電子郵件至 Pre-K 入學事務處 如果您對參加 Pre-K 有疑問，請發送電子郵件至 es_enrollment@schools.nyc.gov (mailto:ES_Enrollment@schools.nyc.gov) 。,致電 311 申請全體孩童學前班 (Pre-K for All)。,造訪網站 造訪 NYC DOE Pre-K 網站 (https://www.schools.nyc.gov/enrollment/enroll-grade-by-grade/pre-k) ，深入瞭解 Pre-K 申請流程。,2024 年 1 月 10 日至 2024 年 3 月 1 日前往 MySchools (https://www.myschools.nyc/en/) 申請。您可以使用英文、阿拉伯文、孟加拉文、中文、海地克里奧爾文、法文、韓文、俄文、西班牙文或烏爾都文提出申請。 您也可以在 MySchools 找到半日制 pre-K 計畫。,Pre-K
"DHE کی اہلیت کے لیے آپ کو درج سوالات کے جوابات ہاں میں دینے کے قابل ہونا چاہیئے:\nکیا تمام مالک مکان معذوریوں کے حامل افراد ہیں یا کیا دیگر مالکان معذوریوں کے حامل شخص (لوگوں) کے شریک حیات یا بہن بھائی ہیں؟\nکیا یہ جائیداد آپ کی بنیادی رہائش گاہ ہے؟\nکیا تمام مالکان کی مجموعی آمدنی $58,399 سالانہ یا اس سے کم ہے؟\nآمدنی میں SSI یا کیش اسسٹنس بینیفٹس شامل نہیں ہیں۔اگر آپ کی املاک ہاؤسنگ ڈیولپمنٹ فنڈ کارپوریشن (Housing Development Fund Corporation) کی ڈیولپمنٹ میں ہے اور متبادل نظم و نسق کے پروگرام کے شعبے (Division of Alternative Management Program) میں ہے تو آپ اہل قرار ہو سکتے ہیں۔ آپ کی املاک لمیٹڈ پرافٹ ہاؤسنگ کمپنی (Limited Profit Housing Company)، مشیل لاما (Mitchell-Lama)، لمیٹڈ ڈیویڈنڈ ہاؤسنگ کمپنی (Limited Dividend Housing Company) یا ری ڈیولپمنٹ کمپنی کے زیر اختیار ہاؤسنگ ڈیولپمنٹ میں نہیں ہو سکتی ہے۔ اگر آپ کو یقینی طور پر معلوم نہیں ہے تو اپنی املاک کے مینیجر سے رابطہ کریں۔",DHE کو ای میل کریںاگر آپ کے کوئی سوالات ہیں، تو مزید معلومات کے لیے DHE (http://www1.nyc.gov/site/finance/benefits/landlords-dhe.page) (http://www1.nyc.gov/site/finance/about/contact-by-email/contact-exemptions-inquiries.page) کو ای میل کریں.,311 پر کال کریںاگر آپ کو پروگرام کی تلاش میں مدد درکار ہو، تو ڈس ایبلڈ ہوم اونرز اگزیمپشن کا کہیں۔,ویب سائیٹ ملاحظہ کریںمزید جاننے کے لیے DHE کی ویب سائیٹ (http://www1.nyc.gov/site/finance/benefits/landlords-dhe.page)   ملاحظہ فرمائیں۔,\nیکم جولائی کو مراعات شروع ہو جانے کے لیے 16 مارچ تک (https://a836-pts-efile.nyc.gov/SmartFile/Filing/FilingType/Info/NYC_DHE) آن لائن درخواست دیں۔ (https://a836-pts-efile.nyc.gov/SmartFile/Filing/FilingType/Info/NYC_DHE_COOP) \nاگر آپ کو آپ میں رہتے ہیں توآپ DHE کو آپس کی درخواست استعمال کر کے آن لائن درخواست دے سکتے ہیں۔\nاپنی املاک تلاش کرنے اور فارم پُر کرنا شروع کرنے کے لیے اپنا پتہ یا قصبہ، بلاک اور لاٹ (BBL) یا املاک کا پتہ استعمال کریں۔,DHE
"L’admissibilité à l’allocation ordinaire HEAP est fondée sur :\nla présence dans le foyer d’une personne de moins de 6 ans ou de 60 ans et plus, ou d’une personne handicapée\nle type de chauffage principal\nle revenu et la taille du foyerVotre foyer peut être admissible à l’allocation ordinaire HEAP si :\nUn membre de votre foyer est citoyen des États-Unis ou non-citoyen qualifié ;\nVous percevez les allocations du programme spécial de nutrition supplémentaire (Supplemental Nutrition Assistance Program, SNAP) ; ou\nVous percevez l’aide provisoire (Temporary Assistance, TA) ; ou\nVous percevez le revenu supplémentaire de sécurité (Supplemental Security Income, SSI) « Code A » (SSI pour personne seule).\nLes revenus mensuels bruts de votre foyer sont inférieurs ou égaux aux plafonds de revenus actuellement indiqués dans ce tableau pour foyer :\nTaille du foyer|Revenu brut mensuel maximum pour 2024-2025\n1|$3,322\n2|$4,345\n3|$5,367\n4|$6,390\n5|$7,412\n6|$8,434\n7|$8,626\n8|$8,818\n9|$9,010\n10|$9,201\n11|$9,393\n12|$9,585\n13|$9,952\nPour chaque personne supplémentaire, ajouter :|Ajouter $672\nVotre foyer peut être admissible aux allocations HEAP d’urgence si vous répondez oui aux questions suivantes :\nUne ou plusieurs de ces situations s’appliquent-elles à vous ?\nL’électricité qui fait fonctionner votre système de chauffage ou votre thermostat a été coupée, ou cela est prévu.\nVotre chauffage a été coupé ou risque de l’être.\nVous n’avez plus de fioul ou il vous reste moins d’un quart de cuve.\nVotre facture de chauffage ou d’électricité est-elle à votre nom ?\nLes ressources disponibles de votre foyer sont-elles :\ninférieures à $3,750 si celui-ci comprend une personne de 60 ans ou plus, ou de moins de 6 ans ?\ninférieures à $2,500 si celui-ci ne comprend pas de personne de 60 ans ou plus, ou de moins de 6 ans ?\nRemplissez-vous l’un de ces critères relatifs aux revenus ?\nVous recevez des allocations du programme spécial de nutrition supplémentaire (Supplemental Nutrition Assistance Program, SNAP), une aide provisoire (Temporary Assistance) ou un revenu supplémentaire de sécurité (Supplemental Security Income) « Code A ».\nVotre famille a des revenus mensuels bruts inférieurs ou égaux aux critères établis pour la taille de votre foyer, comme indiqué dans le tableau ci-dessus.",,Appeler le 311 Demandez de l’aide dans le cadre du programme HEAP.,Consulter le site internet Consultez lesite internet de l’OTDA pour le programme HEAP (https://otda.ny.gov/programs/heap/) afin d’en savoir plus sur celui-ci.,"Les demandes d’allocations HEAP ordinaires 2024-2025 ont été clôturées le 7 avril 2025.\nDéposez une demande en ligne sur le site (https://a069-access.nyc.gov/accesshra/) ACCESS HRA (https://apps.apple.com/us/app/nyc-access-hra/id1185595325) .\nNumérisez vos documents à l’aide de l’application mobile ACCESS HRA disponible gratuitement sur (https://play.google.com/store/apps/details?id=gov.nyc.hra.SelfService) iTunes Store (https://a069-access.nyc.gov/accesshra/) (pour les iPhone) ou Google Play Store (pour les téléphones Android).\nAprès l’envoi de votre demande, vous serez contacté(e) pour réaliser un entretien concernant l’admissibilité. Vous pouvez réaliser cet entretien par téléphone sans devoir vous rendre dans un centre d’accès aux allocations.\nVous pouvez connaître l’état d’avancement de votre demande sur ACCESS HRA.",HEAP
"Eligibility for the Regular HEAP benefit is based on:\nthe presence of a household member who is under age 6, age 60 or older or permanently disabled\nthe primary heating source\nincome and household sizeYour household may be eligible for a Regular HEAP benefit if: \nA member of your household is a United States Citizen or Qualified Non-Citizen \nYou receive Supplemental Nutrition Assistance Program (SNAP) benefits or \nYou receive Temporary Assistance (TA) or \nYou receive Code A Supplemental Security Income (SSI Living Alone) \nYour household’s gross monthly income is at or below the current income guides for your household size based on this table:\nHousehold Size|Maximum Monthly Gross Income for 2024-2025\n1|$3,322\n2|$4,345\n3|$5,367\n4|$6,390\n5|$7,412\n6|$8,434\n7|$8,626\n8|$8,818\n9|$9,010\n10|$9,201\n11|$9,393\n12|$9,585\n13|$9,952\nFor each additional person, add:|Add $672\nYour household may be eligible for Emergency HEAP benefits if you can answer yes to these questions:\nDo any of these apply to you?\nThe electricity that runs your heating system or thermostat is shut off or scheduled to be shut off.\nYour heat has been turned off or is in danger of being turned off.\nYou are out of fuel or you have less than a quarter tank of fuel.\nIs your heating or electric bill in your name?\nAre your household's available resources:\nless than $3,750 if it includes someone 60 or older, or under age 6?\nless than $2,500 if it doesn't include someone 60 or older, or under age 6?\nDo you meet one of these income guidelines?\nYou receive SNAP benefits, Temporary Assistance, or Code A Supplemental Security Income.\nYour family is at or under the following gross monthly income guidelines for your household size in the table above.",,Call 311 Ask for help with the Home Energy Assistance Program.,Visit the website Visit the OTDA website for HEAP (https://otda.ny.gov/programs/heap/) to learn more about this program.,"Applications for the 2024-25 HEAP Regular Benefit closed on April 7, 2025.\nApply online on (https://a069-access.nyc.gov/accesshra/) ACCESS HRA (https://apps.apple.com/us/app/nyc-access-hra/id1185595325) .\nScan your documents using the ACCESS HRA mobile app available for free on the (https://play.google.com/store/apps/details?id=gov.nyc.hra.SelfService) iTunes Store (https://a069-access.nyc.gov/accesshra/) (for iPhones) or the Google Play Store (for Android phones).\nAfter you submit your application, you may be contacted to do an eligibility interview. You can do your interview over the telephone without having to come into a benefits access center.\nYou can check the status of your application by going to ACCESS HRA.",HEAP
"مؤهلات الخصم الضريبي على الدخل المكتسب (EITC) الفيدرالي.\nأن يكون لديك رقم ضمان اجتماعي سارٍ.\nكان بيان الدخل وبيان الحالة الاجتماعية وبيان ولاية الأمر في عام 2024 كان من بين هذه المؤهلات.\nأن تكون متزوجًا ولديك أطفال مؤهلون ويكون مقدار ما تكسبه 66,819 دولارًا بحد أقصى.\nأن تكون متزوجًا وليس لديك أطفال مؤهلون ويكون مقدار ما تكسبه 25,511 دولارًا بحد أقصى.\nأن تكون غير متزوج ولديك أطفال مؤهلون ويكون مقدار ما تكسبه 59,899 دولارًا بحد أقصى.\nأن تكون غير متزوج وليس لديك أطفال مؤهلين ويكون مقدار ما تكسبه 18,591 دولارًا بحد أقصى.\nيشمل الأطفال المؤهلون الأطفال البيولوجيين، والأرباب، والأطفال المُحتضنين، والأحفاد.\nإذا لم يكن لديك أطفال، فإن الائتمان الضريبي على الدخل المكتسب (EITC) لن يكون متاحًا سوى لمقدمي الإقرارات الذين تتراوح أعمارهم بين 25 و64 عامًا.\nيجوز للفرد المنفصل من أصحاب الإقرارات؛ ويُقصد به أحد الزوجين بعد انفصالهما حال تقدمه بإقرار غير مشترك، تحصيل الخصم الضريبي عن الدخل المكتسب في هذه الأحوال:\nأن يكون لديه طفل من مستحقي تحصيل الخصم الضريبي؛ على أن تزيد مدة إقامته معه عن نصف العام المعني بالإقرار.\nوأن يكون الانفصال قد أجري وفق القوانين النافذة في الولاية في أواخر عام 2024 أو أن يكون قد انفصل عن زوجه أوزوجته للأشهر الستة الثانية من عام 2024.\nأن تكون قد حصلت على دخل استثماري أقل من 11,600 دولار في عام 2024.*إذا كنت لا تزال غير متأكد إذا كنت مؤهلًا أم لا، فإن IRS لديهاآلة حاسبة يمكن أن تخبرك إذا كنت مؤهلًا أو لا (https://www.irs.gov/credits-deductions/individuals/earned-income-tax-credit/use-the-eitc-assistant) . مؤهلات الخصم الضريبي على الدخل المكتسب في ولاية نيويورك\nلم تطلب الخصم الضريبي على الدخل المكتسب لولي الأمر غير الحاضن (https://www.tax.ny.gov/pit/credits/nceic.htm) ، و\nوكنت مؤهًلا وطالبت بالخصم الضريبي على الدخل المكتسب (EITC) الفيدرالي.مؤهلات الخصم الضريبي على الدخل المكتسب في مدينة نيويورك\nكنت تقيم في مدينة نيويورك لمدة عام كامل أو جزء من العامو\nوطالبت بالحصول على الخصم الضريبي على الدخل المكتسب الفيدرالي.",,,تعرَّف على الخصومات الضريبية (https://www1.nyc.gov/site/dca/consumers/get-tax-credit-information.page) التي يمكنك المطالبة بها.,قدِّم إقراراتك الضريبية الفيدرالية مجانًا من خلالgetyourrefund.org (https://www.getyourrefund.org/) للمطالبة بالخصم الضريبي على الدخل المكتسب (EITC) الفيدرالي. سوف تحتاج أيضًا إلى تقديم إقرارات عوائد الضرائب على الدخل الخاصة بالولاية بشكل مستقل للحصول على الخصم الضريبي على الدخل المكتسب لولاية نيويورك ولمدينة نيويورك. يمكنك الحصول أيضًا على المساعدة المجانية في تقديم الإقرارات الضريبية من خلالخدمات (https://www1.nyc.gov/site/dca/consumers/file-your-taxes.page) إعداد الإقرارات الضريبية بمدينة نيويورك.,EITC
"Aby zakwalifikować się do programu DRIE, należy odpowiedzieć „Yes” (tak) na wszystkie poniższe pytania:\nCzy ukończyłeś(-aś) 18 lat?\nCzy na dokumencie wynajmu znajduje się Twoje nazwisko?\nCzy łączny roczny dochód w gospodarstwie domowym wynosi 50 000 USD lub mniej?\nCzy na czynsz wydajesz więcej niż jedną trzecią swoich miesięcznych dochodów?\nCzy otrzymywałeś(-aś) dochody z następujących świadczeń?\nUzupełniająca zapomoga rządowa (Supplemental Security Income, SSI)\nFederalne ubezpieczenie społeczne dla osób niepełnosprawnych (Federal Social Security Disability Insurance, SSDI)\nRenta lub odszkodowanie od U.S. Department of Veterans Affairs (VA) (Departament ds. Weteranów)\nMedicaid związane z niepełnosprawnością, jeśli w przeszłości otrzymałeś(-aś) SSI lub SSDI\nCzy mieszkasz w Nowym Jorku w jednym z wymienionych niżej rodzajów mieszkań?\nmieszkanie ze stabilizowanym czynszem\nmieszkanie z kontrolowanym czynszem\nosiedle Mitchell-Lama\nbudynki z ograniczoną dywidendą\nosiedle na terenach przebudowanych (Redevelopment Company development)\nlokal spółdzielczy Housing Development Fund Company (HDFC) (Fundusz Rozwoju Budownictwa)\nlokal spółdzielczy wg Paragrafu 213\nhotel lub jednoosobowa jednostka mieszkaniowa z regulowanym czynszem",Kontakt z DRIE (http://www1.nyc.gov/site/finance/about/contact-by-email/contact-drie.page) Uzyskaj pomoc od Departamentu Finansów.,Zadzwoń pod numer 311Poproś o połączenie z DRIE specialists (specjalista DRIE).,"Odwiedź stronyAby dowiedzieć się więcej, odwiedź stronę internetową programu zamrożenia czynszów w mieście Nowy Jork (http://www1.nyc.gov/site/rentfreeze/index.page) .Zapoznaj się z odpowiedziami na często zadawane pytania (https://www1.nyc.gov/site/rentfreeze/help/covid-19-frequently-asked-questions.page) dotyczące programu zamrożenia czynszów w trakcie pandemii COVID-19.","Złóż wniosek onlineJeśli ubiegasz się o uczestnictwo w programie DRIE po raz pierwszy, możesz złożyć wniosek online (https://www1.nyc.gov/site/rentfreeze/tools/nyc-tap.page) .Złóż wniosek podczas spotkania wirtualnegoMożesz uzyskać pomoc w składaniu wniosku o udział w programie DRIE, (https://www1.nyc.gov/assets/finance/jump/dof-appointments.html) umawiając się na spotkanie wirtualne. Umawiając się na spotkanie:\nW „Select Service” („Wybierz usługę”) kliknij „Renter and Homeowner Exemption Programs” („Programy dotyczące najemców i właścicieli domów”). Następnie wybierz „Rent Freeze (SCRIE or DRIE) Initial application” („Wstępny wniosek o zamrożenie czynszu (SCRIE lub DRIE)”).\nW „Select Location” („Wybierz lokalizację”) kliknij „Exemptions Virtual Appointments” („Wirtualne spotkania w sprawie wyłączeń z podwyżek”).\nPodaj datę i godzinę. Następnie wprowadź swoje dane kontaktowe, aby zaplanować wizytę.",DRIE
Quiconque peut s’inscrire à un régime d’assurance privée.\nLa plupartdes immigrants peuvent s’inscrire auprès de la bourse de la santéde l’État de New York (New York State of Health Marketplace). Ilest possible de bénéficier d’une aide financière.\nQuiconquepeut souscrire à une assurance maladie privée directement auprèsd’une compagnie d’assurance en l’appelant ou en se rendant sur sonsite internet.,,Appeler le 311 Si vous avez des questionsd’ordre général sur l’assurance maladie et si vous souhaitezcontacter un assistant en personne.,"En savoir plus sur les options d’assurancemaladie Pour en savoir plus sur les options qui s’offrentà vous, consultez le siteCitywide Health InsuranceAccess de la HRA (https://www1.nyc.gov/site/ochia/coverage-care/insurance-options.page) . Demander de l’aide pour l’inscriptionGetCoveredNYC (https://www1.nyc.gov/nyc-resources/get-covered.page) aide les New-Yorkais à souscrire une assurance maladie. Desspécialistes dédiés peuvent vous aider gratuitement dans votrelangue. Demander à un conseiller de vous appelerRemplissez unformulaire de demande d’aide àla souscription d’une assurance maladie (https://nycdohmh.surveymonkey.com/r/7BB62M3) pour recevoir un appel d’un conseiller en matière d’inscription.Une aide gratuite à l’inscription est disponible quel que soit lestatut d’immigration et dans de nombreuses langues. Vos donnéesseront tenues confidentielles.",Souscrivez une assurance maladie par l’intermédiaire duNY State of Health (https://nystateofhealth.ny.gov/) .,QHP
"বিভাগ 8/এইচসিভি প্রোগ্রামগুলি (HCV programs)-এর জন্য যোগ্যতা প্রাথমিকভাবে আপনার পরিবার কত টাকা উপার্জন করে এবং পরিবারের আকারের উপর ভিত্তি করে।\nপরিবারের আকার\nবার্ষিক আয়1|$56,700\n2|$64,800\n3|$72,900\n4|$81,000\n5|$87,500\n6|$94,000\n7|$100,450\n8|$106,950\n",,311 এ কল করুন বিভাগ 8-এ সহায়তার জন্য জিজ্ঞাসা করুন।,ওয়েবসাইট ভিজিট করুন (http://www1.nyc.gov/site/nycha/section-8/about-section-8.page) NYCHA-এর ওয়েবসাইট থেকেবিভাগ 8 সম্পর্কে আরও জানুন।,,HCV
This program looks at several things to decide if you are eligible. Some of them include:\nhow much money you earn\nhow much money you receive from benefits\nhow many people live in your house\nresources like cash or a checking account,,Call 311 Ask for Cash Assistance.,Visit the website Visit the Cash Assistance website (http://www1.nyc.gov/site/hra/help/cash-assistance.page) to learn more about this program.,"\nApply on (https://a069-access.nyc.gov/accesshra/) ACCESS HRA (http://www1.nyc.gov/site/hra/locations/job-locations.page) . You can apply for Cash Assistance, SNAP, and Medicaid at the same time.\nUse the ACCESS HRA mobile app to track the progress of your application or submit documents.\nCall the phone number on your confirmation or next steps page for your interview. You can also visit an HRA Benefits Access Center for an in-center interview.",
Tout elèv NYC ki nan kindègadenn rive nan klas douzyèm kalifye pou enskri nan pwogram COMPASS yo.Chak pwogram kapab gen egzijans laj ak kalifikasyon diferan.,,"Rele 311Mande pou ""Asistans konplè pou Pwogram Aprè Klas.""",AnliyAprann plis bagay sou COMPASS nan (http://www1.nyc.gov/site/dycd/services/after-school/comprehensive-after-school-system-of-new-york-city-compass.page) DYCD.,"Ou kapab itilize Discover DYCD pou jwenn pwogram ki bò lakay ou. Pou kòmanse:\nAle sou sit entènèt Discover DYCD (https://discoverdycd.dycdconnect.nyc/programme-public?categoryList=Afterschool%20Programs) a.\nSeleksyone ""pwogram aprè klas"" epi klike sou ""rechèch"".",COMPASS NYC
"Pou w ka kalifye pou DRIE, ou sipoze kapab reponn “Wi” pou tout kesyon sa yo:\nÈske ou gen 18 an oswa plis?\nÈske non ou sou kontra lwaye a?\nÈske revni tout moun nan kay la mete ansanm se $50,000 oswa pi piti pa ane?\nÈske ou depanse plis pase yon tyè revni chak mwa ou nan lwaye?\nÈske ou te resevwa revni nan avantaj sa yo?\nAsirans Sekirite Siplemantè (Supplemental Security Insurance, SSI)\nAsirans pou Andikap nan Sekirite Sosyal (Social Security Disability Insurance, SSDI) Federal\nPansyon oswa konpansasyon nan U.S. Department of Veterans Affairs (VA)\nMedicaid pou andikap la si ou te resevwa swa SSI oswa SSDI deja\nÈske w ap viv nan NYC nan youn nan kalite lojman sa yo?\nyon apatman pri lwaye estabilize\nyon apatman pri lwaye kontwole\nyon devlopman Mitchell-Lama\nyon devlopman Dividann Limite\nyon devlopman yon konpayi redevlopman\nyon apatman Section 213 Cooperative\nyon otèl oswa yon chanm kay ak lwaye kontwole",Kontakte DRIE (http://www1.nyc.gov/site/finance/about/contact-by-email/contact-drie.page) Mande èd nan Depatman Finans lan.,Rele 311Mande pou espesyalis DRIE yo.,Ale sou sit entènèt yoAle sou sit entènèt Pwogram NYC Rent Freeze lan (http://www1.nyc.gov/site/rentfreeze/index.page) pou aprann plis.Egzamine kesyon moun poze souvan yo (https://www1.nyc.gov/site/rentfreeze/help/covid-19-frequently-asked-questions.page) pou Pwogram Rent Freeze la pandan COVID-19 la.,"Aplike sou entènètSi w ap aplike pou DRIE pou premye fwa, ou ka aplike sou entènèt (https://www1.nyc.gov/site/rentfreeze/tools/nyc-tap.page) .Aplike pandan yon randevou vityèlOu ka jwenn èd pou aplike nan DRIE lè w (https://www1.nyc.gov/assets/finance/jump/dof-appointments.html) planifye yon randevou vityèl. Lè w ap planifye:\nAnba ""Chwazi Sèvis"", chwazi Pwogram Egzanpsyon pou Lokatè ak Pwopriyetè Kay. Apre sa, chwazi ""Rent Freeze (SCRIE oswa DRIE) Premye aplikasyon an.\nAnba ""Chwazi Anplasman"" an, chwazi ""Egzanpsyon Randevou Vityèl.""\nChwazi yon dat ak yon lè. Apre sa, ranpli enfòmasyon kontak ou pou kreye randevou w la.",DRIE
\nیہ پروگرام کئی چیزوں کو دیکھ کر فیصلہ کرتا ہے کہ آیا آپ اہل ہیں یا نہیں۔ ان میں شامل ہیں:آپ کتنے پیسے کماتے ہیں\nآپ کو مراعات سے کتنی رقم ملتی ہے\nآپ کے گھرانے میں کل کتنے افراد ہیں,,311 پر کال کریں SNAP کے متعلق پوچھیں۔,ویب سائٹ ملاحظہ کریں اس پروگرام کے متعلق مزید جاننے کے لیے SNAP ویب سائٹ (https://www1.nyc.gov/site/hra/help/snap-benefits-food-program.page) کو ملاحظہ کریں۔,\n (https://a069-access.nyc.gov/ACCESSNYC/application.do) ACCESS HRA (https://appsto.re/us/9s9N_.i) کو استعمال کرتے ہوئے آن لائن درخواست دیں۔ آپ نقد اعانت، SNAP اور Medicaid سب کے لیے بیک وقت درخواست دے سکتے/سکتی ہیں۔\nNYC HRA Document Upload ایپ کا استعمال کر کے اپنی دستاویزات کو اسکین کریں جو کہ (https://play.google.com/store/apps/details?id=gov.nyc.hra.DocUploads) iTunes Store (https://a069-access.nyc.gov/ACCESSNYC/application.do) (برائے iPhones) پر یا (https://a069-access.nyc.gov/ACCESSNYC/application.do) Google Play Store (برائے Android فونز) پر مفت میں دستیاب ہے۔\nاپنی درخواست جمع کرنے کے بعد آپ کو اہلیتی مصاحبہ (انٹرویو) میں شریک ہونا پڑے گا۔ آپ SNAP سنٹر میں آئے بغیر اپنا انٹرویو ٹیلی فون پر دے سکتے ہیں۔\nآپ ACCESS HRA‏ پر جا کر اپنی درخواست کے اسٹیٹس کی پڑتال کر سکتے ہیں۔\nآپ کو ہر سال ایک بار SNAP کے لیے دوبارہ تصدیق کرنے کی ضرورت ہوگی۔ SNAP دفتر آپ کے مکمل کرنے اور HRA (انسانی وسائل انتظامیہ) کو واپس ارسال کرنے کے لیے ایک باز تصدیق کاری پیکٹ آپ کو بھیجے گا۔ آپ ACCESS HRA پر آن لائن بھی باز تصدیق انجام دے سکتے ہیں۔ اپنی ازسرنو تصدیق جمع کروا دینے کے بعد، انٹرویو کے لیے 718-SNAP-Now کو (718-762-7669) پر کال کریں۔,SNAP
Do certyfikowanego planu zdrowotnego (Qualified Health Plan)może zarejestrować się każdy.\nWiększośćimigrantów może zarejestrować się na giełdzie ubezpieczeńzdrowotnych stanu Nowy Jork. Dostępna jest pomoc finansowa.\nKażdy możenabyć prywatne ubezpieczenie zdrowotne bezpośrednio od firmyubezpieczeniowej telefonicznie lub poprzez jej stronęinternetową.,,Zadzwoń pod numer 311 W przypadku ogólnychpytań na temat ubezpieczenia zdrowotnego oraz w celu znalezieniadoradcy osobistego.,"Dowiedz się więcej o opcjach ubezpieczeniazdrowotnego Dowiedz się więcej o dostępnych opcjach zapośrednictwembiura HRA ds. dostępu doubezpieczeń zdrowotnych na terenie miasta (Citywide HealthInsurance Access) (https://www1.nyc.gov/site/ochia/coverage-care/insurance-options.page) . Poproś o pomoc w rejestracjiGetCoveredNYC (https://www1.nyc.gov/nyc-resources/get-covered.page) pomaga nowojorczykom zapisać się na ubezpieczenie zdrowotne.Możesz bezpłatnie otrzymać pomoc specjalistów w swoim języku.Poproś o telefon doradcy Wypełnijformularz wniosku o pomoc wzapisie na ubezpieczenie zdrowotne (Health Insurance EnrollmentAssistance Inquiry Form) (https://nycdohmh.surveymonkey.com/r/7BB62M3) , aby otrzymać telefon od doradcy ds. rejestracji. Bezpłatnapomoc w rejestracji jest dostępna w wielu językach niezależnie odstatusu imigracyjnego. Twoje informacje będą traktowane jakopoufne.",Zarejestruj się do ubezpieczenia zdrowotnego zapośrednictwemNY State of Health (https://nystateofhealth.ny.gov/) .,QHP
\nPwogram sa a egzamine plizyè bagay pou li deside si ou elijib. Ki gen ladan yo:kantite kòb ou fè\nkantite kòb ou resevwa gras ak avantaj\nkantite moun ki ap viv lakay ou;,,Rele 311 Mande pou SNAP,Ale sou sit entènèt la Vizite sit entènèt SNAP la (https://www1.nyc.gov/site/hra/help/snap-benefits-food-program.page) pou aprann plis bagay sou pwogram sa a.,"\nAplike anliy lè w itilize (https://a069-access.nyc.gov/ACCESSNYC/application.do) ACCESS HRA (https://appsto.re/us/9s9N_.i) . Ou ka aplike pou èd lajan Kach, Snap, ak Medicaid tout nan menm moman.\nEskane dokiman ou yo lè w sèvi ak aplikasyon Telechajman Dokiman HRA NYC genyen an, ki disponib gratis sou (https://play.google.com/store/apps/details?id=gov.nyc.hra.DocUploads) iTunes Store (https://a069-access.nyc.gov/ACCESSNYC/application.do) (pou telefòn iphone) oswa sou (https://a069-access.nyc.gov/ACCESSNYC/application.do) Google Play Store (pou telefòn Android).\nApre ou fin soumèt aplikasyon w lan, yo ap kontakte ou pou w fè yon entèvyou pou wè si w elijib. Ou kapab fè entèvyou w la nan telefòn san ou pa bezwen vini nan yon sant SNAP.\nOu kapab ale sou ACCESS HRA pou verifye estati aplikasyon w lan ye.\nOu ap bezwen resètifye pou SNAP chak ane. Biwo SNAP la ap voye yon dosye re-sètifikasyon pa lapòs ba ou pou w ranpli epi voye tounen pa lapòs bay HRA. Ou kapab tou re-setifye anliy nan ACCESS HRA. Yonfwa ou voye demand renouvèlman an ale, rele 718-SNAP-Kounya (718-762-7669) pou yon entèvyou.",SNAP
"Существует два типа льгот в рамках программы STAR: Basic STAR и Enhanced STAR. Вы соответствуете критериям получения двух типов льгот, только если можете положительно ответить на все приведенные ниже вопросы.\nВаша недвижимость является основным местом жительства хотя бы для одного из домовладельцев?\nВы проживаете в жилье одного из следующих типов?\nДом\nКондоминиум\nКооперативная квартира\nПередвижной дом\nФерма\nНедвижимость смешанного назначения, включая многоквартирные дома (в этом случае регистрируется только часть здания, занимаемая домовладельцем)Для участия в программе Basic STAR вы также должны ответить ""да"" на следующий дополнительный вопрос:\nСовокупный доход всех владельцев, проживающих в доме, и их супругов должен составлять не более 500 000 $ в год.\nЕсли вы владелец собственности и уже получали налоговые льготы по программе Basic STAR в 2015–2016 г., но позже утратили право на их получение, то вы можете восстановить его. Чтобы снова получать налоговые льготы по программе Basic STAR, ваш доход не должен превышать 250 000 долл.Для участия в программе Enhanced STAR вы также должны ответить ""да"" на следующие дополнительные вопросы:\nЕсли сейчас вы получаете налоговые льготы по программе Basic STAR, вы также имеете право получать повышенные льготы по программе Enhanced STAR, если на момент подачи заявления вам не меньше 65 лет (https://www1.nyc.gov/site/finance/benefits/landlords-star.page) . Общий объем доходов владельцев недвижимости, жителей и их супругов или совместно проживающих лиц не должен превышать 92 000 долл.","Напишите по электронной почте в программу STARЕсли у вас возникли вопросы о программе STAR, напишите по электронной почте в (http://www1.nyc.gov/site/finance/about/contact-by-email/contact-exemptions-inquiries.page) Департамент финансов города Нью-Йорка (NYC Department of Finance).",Позвоните по телефону 311Попросите соединить вас с Программа освобождения от уплаты школьного налога (STAR).,Посетите веб-сайтПодробную информацию можно получить на сайте программы STAR (https://tax.ny.gov/pit/property/star/default.htm) .,"Вы можете подать заявление на получение Basic STAR в Департаменте финансов, если вы владели своей собственностью и получили STAR в 2015–2016 годах, но позже утратили льготу и хотели бы ее восстановить.\n (https://www1.nyc.gov/assets/finance/jump/smartfile-estar-star.html) Первоначальная онлайн-заявка на STAR / ESTAR (https://www1.nyc.gov/assets/finance/jump/smartfile-star-estar-coop.html) \n (https://a836-pts-efile.nyc.gov/SmartFile/Filing/FilingType/Info/NYC_STAR) Начальное онлайн-приложение STAR / ESTAR для сотрудничества (https://www.tax.ny.gov/pit/property/star/) Вы можете подать заявку на Enhanced STAR (E-STAR) онлайн в Департаменте финансов.\nесли вы являетесь получателем Basic STAR, имеющим право на Enhanced STAR,\nесли вам будет 65 лет или больше в год, в который вы подаете заявление, и в 2015–16 годах у вашей собственности было освобождение от уплаты налогов STAR.Если ваш доход превышает 250 000 долларов США и меньше или равен 500 000 долларов США, вы можете зарегистрироваться онлайн для получения налогового кредита STAR штата Нью-Йорк или позвонив по телефону 518-457-2036.",STAR
\nيبحث هذا البرنامج في عدة أشياء لتحديد إذا ما كنت مؤهلًا أم لا. وتتضمن:مقدار ما تجنيه من المال\nمقدار المال الذي تحصل عليه من المخصصات\nعدد أفراد أسرتك,,اتصل هاتفيًا بالرقم 311 اسأل عن برنامج SNAP,تفضَّل بزيارة الموقع الإلكتروني تفضَّل بزيارة الموقع الإلكتروني لبرنامج SNAP (https://www1.nyc.gov/site/hra/help/snap-benefits-food-program.page) لمعرفة المزيد عن هذا البرنامج.,\nتقدم بطلب عبر الإنترنت من خلال (https://a069-access.nyc.gov/ACCESSNYC/application.do) ACCESS HRA (https://appsto.re/us/9s9N_.i) . يمكنك التقدُّم بطلب للحصول على المساعدة النقدية، ومخصصات برنامج SNAP، وMedicaid كل ذلك في الوقت نفسه.\nامسح مستنداتك ضوئيًا باستخدام تطبيق NYC HRA Document Upload المتاح مجانًا في (https://play.google.com/store/apps/details?id=gov.nyc.hra.DocUploads) iTunes Store (https://a069-access.nyc.gov/ACCESSNYC/application.do) (لأجهزة iPhones) أو (https://a069-access.nyc.gov/ACCESSNYC/application.do) Google Play Store (لهواتف Android).\nبعد تقديم طلبك ، ستحتاج إلى إجراء مقابلة الأهلية. يمكنك إجراء مقابلتك عبر الهاتف دون الحاجة إلى الحضور إلى أحد مراكز SNAP.\nتحقق من حالة الطلب الخاص بك بالذهاب إلى ACCESS HRA.\nستحتاج إلى إعادة إثبات الأهلية للحصول على مخصصات برنامج SNAP مرة كل عام. سيرسل لك مكتب SNAP حزمة إعادة اعتماد بالبريد لإكمالها وإرسالها بالبريد إلى إدارة الموارد البشرية (HRA). يمكنك أيضاً إعادة الاعتماد عبر الإنترنت على ACCESS HRA. بمجرد إرسال نموذج إعادة إثبات أهليتك، اتصل على 718-SNAP-Now (718-762-7669) لإجراء مقابلة شخصية.,SNAP
"\nProgrammes Early Head Start La meilleure manière de déterminer si votre famille est admissible à Early Head Start est de contacter directement un programme. Votre famille peut être admissible à Early Head Start si au moins une de ces catégories s’applique à votre situation :vous vivez dans un logement temporaire ;\nvous recevez l’aide financière en espèces de la HRA ;\nvous percevez l’allocation supplémentaire de revenu de sécurité (Supplemental Security Income, SSI) ;\nvous inscrivez un enfant qui est en famille d’accueil ;\nVous pouvez également être admissible si les revenus de votre foyer sont inférieurs ou égaux à ces montants :\n Taille du foyer| Revenus annuels\n 1| 14 580 $\n 2| 19 720 $\n 3| 24 860 $\n 4| 30 000 $\n 5| 35 140 $\n 6| 40 280 $\n 7| 45 420 $\n 8| 50 560 $\n Pour chaque personne supplémentaire, ajouter :| 5140 $\n \n Programmes pour les nourrissons/jeunes enfants Vous devez démontrer au moins l’un de ces « motifs de prestations » approuvés :vous travaillez plus de 10 heures par semaine ;\nvous suivez un programme d’éducation ou de formation spécialisée ;\nvous commencez à chercher du travail ou vous en cherchez depuis plus de 6 mois ; cela inclut la recherche d’un emploi tout en recevant des allocations chômage ;\nvous vivez dans un logement temporaire ;\nvous suivez un traitement pour violences conjugales ;\nVous suivez un traitement pour toxicomanie\nVous pouvez être admissible si les revenus de votre foyer sont inférieurs ou égaux à ces montants :\n Taille du foyer| Revenus mensuels| Revenus annuels\n 1| $4,301| $51,610\n 2| $5,624| $67,490\n 3| $6,948| $83,370\n 4| $8,271| $99,250\n 5| $9,594| $115,130\n 6| $10,918| $131,010\n 7| $11,166| $133,987\n 8| $11,414| $136,965\n 9| $11,662| $139,942\n 10| $11,910| $142,920\n 11| $12,158| $145,897\n 12| $12,406| $148,875\n 13| $12,654| $151,852\n 14| $12,903| $154,830\n 15| $13,151| $157,807\n",,Appeler le 311 Demandez « EarlyLearn » si vous avez besoin d’aide pour trouver un programme.,Consulter le site internet Obtenez plus d’informations sur la garde d’enfants auprès du NYCDOE (https://www.schools.nyc.gov/enrollment/enroll-grade-by-grade/earlylearn-nyc) .,Déposez votre demande à l’aide de l’application MyCity (https://mycity.nyc.gov/s/childcarelanding?language=en_US&LanguageCode=en_US) .,
"Всех детей в г. Нью-Йорк, родившихся в 2020 г., можно зарегистрировать на 2024–2025 учебный год. К ним относятся дети с ограниченными возможностями (https://www.schools.nyc.gov/enrollment/enrollment-help/meeting-student-needs/students-with-disabilities) или изучающие английский язык (https://www.schools.nyc.gov/enrollment/enrollment-help/meeting-student-needs/students-learning-english) . Детей не нужно приучать к туалету, чтобы они могли посещать программы Pre-K.","Отправьте электронное письмо в приемную комиссию программы Pre-K Если у вас есть вопросы о зачислении в программу Pre-K, отправьте письмо на адрес электронной почты es_enrollment@schools.nyc.gov (mailto:ES_Enrollment@schools.nyc.gov) .",Позвоните по номеру 311 Спросите о программе «Pre-K для всех» (Pre-K For All).,"Посетите веб-сайт Посетите веб‑сайт программы Pre-K DOE г. Нью-Йорка (https://www.schools.nyc.gov/enrollment/enroll-grade-by-grade/pre-k) , чтобы узнать подробнее о процессе подачи заявления.","Подайте заявление на портале MySchools (https://www.myschools.nyc/en/) с 10 января по 1 марта 2024 г. Подать заявление онлайн можно на английском, арабском, бенгальском, китайском, гаитянском креольском, французском, корейском, русском, испанском или урду. Вы также можете найти программы Pre-K на неполный день на портале MySchools.",Pre-K
"La elegibilidad para el beneficio regular del HEAP se basa en:\nla presencia de un miembro del grupo familiar que tenga menos de 6 años, más de 60 años o tenga una discapacidad permanente\nla fuente principal de calefacción\ningresos y tamaño del grupo familiarSu grupo familiar puede tener derecho a un beneficio regular del HEAP si:\nUn miembro de su grupo familiar es ciudadano de Estados Unidos o no ciudadano calificado\nRecibe beneficios del Programa de Asistencia Nutricional Suplementaria (SNAP); o\nRecibe Asistencia Temporal (AT); o\nRecibe la Seguridad de Ingreso Suplementario del Código A (SSI Living Alone)\nLos ingresos brutos mensuales de su grupo familiar son iguales o inferiores a las guías de ingresos actuales para el tamaño de su grupo familiar según esta tabla:\nTamaño del grupo familiar|Ingresos brutos mensuales máximos para 2024-2025\n1|$3322\n2|$4345\n3|$5367\n4|$6390\n5|$7412\n6|$8434\n7|$8626\n8|$8818\n9|$9010\n10|$9201\n11|$9393\n12|$9585\n13|$9952\nPara cada persona adicional, sume:|Sume $672\nSu grupo familiar podría ser elegible para los beneficios de emergencia del HEAP si puede responder ""sí"" a estas preguntas:\n¿Se aplica alguna de estas a usted?\nLe cortaron o tiene un corte programado de la electricidad que hace funcionar su sistema de calefacción o termostato.\nLe cortaron o hay peligro de que le corten la calefacción.\nNo tiene combustible o tiene menos de un cuarto de tanque de combustible.\n¿La factura de la calefacción o de electricidad está a su nombre?\n¿Son los recursos disponibles de su grupo familiar:\nmenores a $3,750 si incluye a alguien mayor de 60 años, o menor de 6 años?\nmenores a $2,500 si no incluye a alguien mayor de 60 años, o menor de 6 años?\n¿Cumple alguna de estas directrices de ingresos?\nRecibe beneficios del Programa de Asistencia Nutricional Suplementaria (SNAP), Asistencia Temporal o Seguridad de Ingreso Suplementario del Código A.\nSu familia está en o por debajo de las siguientes directrices de ingresos mensuales brutos para el tamaño de su grupo familiar en la tabla de arriba.",,Llame al 311 Solicite asistencia del Programa de Asistencia Energética para el Hogar.,"Visite el sitio web Para obtener más información de este programa, visite elsitio web de la Oficina de Asistencia Temporal y por Discapacidad (OTDA) para el Programa de Asistencia para la Energía en la Vivienda (HEAP) (https://otda.ny.gov/programs/heap/) .","Las solicitudes para el beneficio regular del HEAP 2024-25 cerraron el 7 de abril de 2025.\nPresente una solicitud en línea en (https://a069-access.nyc.gov/accesshra/) ACCESS HRA (https://apps.apple.com/us/app/nyc-access-hra/id1185595325) .\nEscanee sus documentos en la aplicación móvil de ACCESS HRA disponible gratis en (https://play.google.com/store/apps/details?id=gov.nyc.hra.SelfService) iTunes Store (https://a069-access.nyc.gov/accesshra/) (para iPhone) o Google Play Store (para teléfonos Android).\nDespués de enviar su solicitud, lo podrán contactar para hacer una entrevista de determinación de elegibilidad. Puede hacer su entrevista por teléfono sin tener que ir a un centro de acceso a beneficios.\nPuede verificar el estado de su solicitud en ACCESS HRA.",HEAP
"Pour être éligible à DHE, vous devez pouvoir répondre « Yes » (Oui) à toutes les questions suivantes :\nTous les propriétaires sont-ils des personnes handicapées OU les autres propriétaires sont-ils l'époux, l'épouse, le frère ou la soeur de la ou des personnes handicapées ?\nLa propriété est-elle votre résidence principale ?\nLes revenus totaux de tous les propriétaires sont-ils inférieurs ou égaux à 58 399 $ par an ?\nLe revenu N'INCLUT PAS les avantages SSI ou d'assistance en espèce.Vous pouvez être admissible si votre propriété fait partie d’un développement HDFC (Housing Development Fund Corporation) et participe au programme DAMP de division de gestion alternative. Votre propriété ne peut pas être dans un développement résidentiel contrôlé par une société immobilière à profit limité, une société immobilière à dividendes limités de type Mitchell-Lama ou une entreprise de redéveloppement. Contactez votre gérant immobilier si vous n’en êtes pas sûr.","Envoyez un email à DHESi vous avez des questions, (http://www1.nyc.gov/site/finance/about/contact-by-email/contact-exemptions-inquiries.page) envoyez un email à DHE pour obtenir plus d'informations.",Appelez le 311Demandez des renseignement sur l'Exonération des propriétaires souffrant d'un handicap si vous avez besoin d'aide pour trouver un programme.,Consultez le site webRendez-vous sur le site web de DHE (http://www1.nyc.gov/site/finance/benefits/landlords-dhe.page) pour en savoir plus.,"\n (https://a836-pts-efile.nyc.gov/SmartFile/Filing/FilingType/Info/NYC_DHE) Déposez votre dossier (https://a836-pts-efile.nyc.gov/SmartFile/Filing/FilingType/Info/NYC_DHE_COOP) en ligne au plus tard le 16 mars pour commencer à recevoir les prestations le 1er juillet.\nSi vous vivez en copropriété, vous pouvez déposer un dossier en ligne à l’aide de la demande DHE co-ops.\nUtilisez votre adresse, votre arrondissement, pâté de maison et terrain (BBL, où borough, block and lot) ou l’adresse du bien pour rechercher votre propriété et commencez à remplir le formulaire.",DHE
Todos los niños de NYC nacidos en 2020 pueden inscribirse para el año escolar 2024-2025. Esto incluye a los niños con discapacidades (https://www.schools.nyc.gov/enrollment/enrollment-help/meeting-student-needs/students-with-disabilities) o que estén aprendiendo inglés (https://www.schools.nyc.gov/enrollment/enrollment-help/meeting-student-needs/students-learning-english) . No es necesario que los niños sepan ir al baño para asistir a los programas de prekínder.,Envíe un email a Ingresos a prekínder Envíe un email es_enrollment@schools.nyc.gov (mailto:ES_Enrollment@schools.nyc.gov) si tiene preguntas sobre cómo entrar a los programas de prekínder.,Llame al 311 Pregunte por Pre-K For All (Prekínder para todos).,Visite el sitio web Visite el sitio web de prekínder del NYC DOE (https://www.schools.nyc.gov/enrollment/enroll-grade-by-grade/pre-k) para obtener más información sobre el proceso de ingreso a prekínder.,"Envíe una solicitud a MySchools (https://www.myschools.nyc/en/) del 10 de enero al 1 de marzo de 2024. Puede enviar su solicitud en inglés, árabe, bengalí/bangla, chino, criollo haitiano, francés, coreano, ruso, español o urdu. También puede encontrar programas de prekínder de medio día en MySchools.",Pre-K
"\nEarly Head Start Programs (ارلی ہیڈ اسٹارٹ پروگرامز) آپ کا خاندان ارلی ہیڈ اسٹارٹ کے لیے اہل ہے یا نہیں اس کا پتا کرنے کا بہترین طریقہ یہ ہے کہ آپ پروگرام سے براہ راست رابطہ کریں۔ اگر ان میں سے کم از کم کسی ایک قسم کا آپ پر اطلاق ہوتا ہے تو آپ کا خاندان ارلی ہیڈ اسٹارٹ کے لیے اہل ہو سکتا ہے:آپ عارضی رہائش میں رہتے ہیں\nآپ کو HRA‏ کی نقد‏ اعانت موصول ہوتی ہے\nآپ کو سپلیمنٹل سیکیورٹی انکم ‏(Supplemental Security Insurance, SSI) موصول ہوتی ہے\nآپ ایسے بچے کا اندراج کروا رہے ہیں جو فوسٹر کیئر میں ہے\nاگر آپ کے گھرانے کی آمدن مندرجہ ذیل مقداروں کے برابر یا ان سے کم ہے تو بھی آپ اہل قرار پا سکتے ہیں:\n افراد خانہ کی تعداد| سالانہ آمدنی\n 1| 14,580$\n 2| 19,720$\n 3| 24,860$\n 4| 30,000$\n 5| 35,140$\n 6| 40,280$\n 7| 45,420$\n 8| 50,560$\n ہر اضافی فرد کے لیے، شامل کریں:| 5,140$\n \n Infant/Toddler Programs (شیرخوار/ نونہال کے پروگرامز) آپ کے پاس ان منظور شدہ ""نگہداشت کی وجوہات"" میں سے کم از کم ایک کا ہونا ضروری ہے:آپ فی ہفتہ +10 گھنٹے کام کرتے ہیں\nآپ تعلیمی یا پیشہ ورانہ تربیتی پروگرام میں ہیں\nآپ کام کی تلاش شروع کر رہے ہیں یا 6 ماہ تک کام کی تلاش میں ہیں۔ اس میں بے روزگاری حاصل کرنے کے دوران کام کی تلاش بھی شامل ہے۔\nآپ عارضی رہائش میں رہتے ہیں\nآپ خدمات برائے گھریلو تشدد کا ازالہ میں شرکت کر رہے ہیں\nآپ نشہ آور اشیاء کے استعمال کے لیے علاج حاصل کر رہے ہیں\nاگر آپ کے گھرانے کی آمدن مندرجہ ذیل مقداروں کے برابر یا ان سے کم ہے تو آپ اہل قرار پا سکتے ہیں:\n افراد خانہ کی تعداد| ماہانہ آمدنی| سالانہ آمدنی\n 1| $4,301| $51,610\n 2| $5,624| $67,490\n 3| $6,948| $83,370\n 4| $8,271| $99,250\n 5| $9,594| $115,130\n 6| $10,918| $131,010\n 7| $11,166| $133,987\n 8| $11,414| $136,965\n 9| $11,662| $139,942\n 10| $11,910| $142,920\n 11| $12,158| $145,897\n 12| $12,406| $148,875\n 13| $12,654| $151,852\n 14| $12,903| $154,830\n 15| $13,151| $157,807\n",,"311 پر کال کریں اگر ‎آپ کو پروگرام تلاش کرنے میں مدد درکار ہو تو ""EarlyLearn"" سے مدد طلب کریں۔",ویب سائٹ ملاحظہ کریں NYCDOE (https://www.schools.nyc.gov/enrollment/enroll-grade-by-grade/earlylearn-nyc) سے نگہداشت اطفال کے بارے میں مزید معلومات حاصل کریں۔,MyCity ایپ (https://mycity.nyc.gov/s/childcarelanding?language=en_US&LanguageCode=en_US) استعمال کر کے درخواست دیں۔,
"সন্তানের জন্য ট্যাক্স ক্রেডিটের জন্য 2021 কর বর্ষের জন্য যোগ্য হতে আপনাকে এই প্রশ্নগুলির উত্তরে হ্যাঁ বলতে সক্ষম হতে হবে:\nআপনার কি কোন সন্তান বা নির্ভরশীল আছে যে এই সবগুলি?\n18 বছরের কম বয়সী\nএকজন মার্কিন নাগরিক, মার্কিন স্বদেশী বা স্থায়ী বাসিন্দা?\nএকটি সোশ্যাল সিকিউরিটি নম্বর রয়েছে?আপনার সন্তান বা নির্ভরশীল কেউ কি বছরের অর্ধেক সময়ের অধিক আপনার সঙ্গে বসবাস করেছেন?\nআপনার সন্তান বা নির্ভরশীল কেউ কি বছরের অর্ধেক সময়ের অধিক আপনার সঙ্গে বসবাস করেছেন?\nআপনি কি আপনার ট্যাক্স রিটার্নে আপনার সন্তান বা নির্ভরশীল দাবি করেছেন?\nএর মধ্যে থাকতে পারে আপনার সন্তান, সৎসন্তান, দত্তক নেওয়া সন্তান, পালিত সন্তান, ভাগ্নী/ভাইজি বা ভাইপো/ভাগ্নে, নাতি/নাতনী বা প্র-পৌত্র/প্র-পৌত্রী।\nএছাড়াও এর মধ্যে থাকতে পারে আপনার ভাই/বোন থাকে, সৎ-ভাই/বোন থাকে, অথবা বৈমাত্রেয় ভাই/বোন যারা আপনার সঙ্গে বাস করে।",,311 নম্বরে ফোন করুন কর প্রস্তুতির ক্ষেত্রে সহায়তার জন্য বলুন।,আপনি দাবি করতে পারেন এমন ট্যাক্স ক্রেডিটগুলি (https://www1.nyc.gov/site/dca/consumers/get-tax-credit-information.page) সম্বন্ধে জানুন।,চাইল্ড ট্যাক্স ক্রেডিট দাবি করার জন্যgetyourrefund.org (https://www.getyourrefund.org/) -এ বিনামূল্যে আপনার ফেডারেল ট্যাক্স ফাইল করুন।,CTC
"Debe cumplir los requisitos de abajo para ser elegible para el crédito del año fiscal 2024.\nGanó hasta $200,000 y hasta $400,000 si está casado y presenta una declaración conjunta.\nEstá reclamando a un niño en su declaración de impuestos que es:\nMenor de 16\nEl niño debe tener un Número de Seguro Social (SSN) o un Número de Identificación Fiscal de Adopción (ATIN). El contribuyente puede usar un SSN o un Número de Identificación de Contribuyente Individual (ITIN).\nLos niños calificados deben ser su hijo, hija, hijastro, hijo adoptivo elegible, hermano, hermana, hermanastro, hermanastra, medio hermano, media hermana o un descendiente de uno de estos (por ejemplo, nieto, sobrina o sobrino).\nSu hijo o dependiente debe haber vivido con usted durante más de la mitad del año en los EE. UU. y debe reclamarlo como dependiente en su declaración de impuestos.\nSu hijo no puede dar más de la mitad de su propio apoyo financiero.",,Llame al 311 Pida ayuda con la preparación de impuestos.,Obtenga más información sobre los créditos fiscales (https://www1.nyc.gov/site/dca/consumers/get-tax-credit-information.page) que puede reclamar.,Presente sin cargo sus impuestos federales congetyourrefund.org (https://www.getyourrefund.org/) para reclamar el Crédito Tributario por Hijos.,CTC
"要符合 DRIE 資格，您必須能夠對以下所有問題都回答「是」：\n您是否 18 歲或以上？\n您的名字是否在租約上？\n您一年的家庭總收入是否為 5 萬美元或更少？\n您是否將超過三分之一的月收入用來支付租金？\n您是否有以下福利收入？\n補充保障收入 (Supplemental Security Income, SSI)\n聯邦社會保障殘疾保險 (Federal Social Security Disability Insurance, SSDI)\n美國退伍軍人事務部 (U.S. Department of Veterans Affairs, VA) 傷殘撫恤金或補償金\n殘疾相關的 Medicaid（如果您過去曾領取 SSI 或 SSDI）\n您是否住在紐約市的以下類型的房屋中？\n租金穩定公寓\n租金控制公寓\nMitchell-Lama 公寓\n有限股息 (Limited Dividend) 開發\n重建公司開發\n房屋發展基金公司 (Housing Development Fund Company, HDFC) 合作公寓\n第 213 條合作單元\n租金管理酒店或單人間居住單元",與 DRIE 聯絡請求來自財政部的 (http://www1.nyc.gov/site/finance/about/contact-by-email/contact-drie.page) 協助。,致電 311諮詢 DRIE 專家,造訪網站請造訪紐約市租金凍結計畫網站 (http://www1.nyc.gov/site/rentfreeze/index.page) 以瞭解更多資訊。請查看 COVID-19 期間的房租凍結計畫之常見問題集 (https://www1.nyc.gov/site/rentfreeze/help/covid-19-frequently-asked-questions.page) 。,線上申請如果您是首次申請 DRIE，您可以線上 (https://www1.nyc.gov/site/rentfreeze/tools/nyc-tap.page) 申請：在虛擬訪談過程中申請您可以透過 (https://www1.nyc.gov/assets/finance/jump/dof-appointments.html) 預約虛擬訪談以取得申請 DRIE 之協助。當預約時：\n請在「選擇服務」(Select Service) 下，選擇「承租人及屋主豁免計畫」(Renter and Homeowner Exemption Programs)。接著，請選擇「房租凍結（SCRIE 或 DRIE）首次申請」(Rent Freeze (SCRIE or DRIE) Initial application)。\n請在「選擇位置」(Select Location) 下，選擇「豁免虛擬訪談」(Exemptions Virtual Appointments)。\n請選擇日期與時間。然後，請填寫您的聯絡資訊，以建立您的訪談。,DRIE
"L’admissibilité aux programmes Section 8/HCV est principalement basée sur les revenus et la taille de votre famille.\nTaille du foyer|Revenus annuels\n1|‎$56,700\n2|‎$64,800\n3|‎$72,900\n4|‎$81,000\n5|‎$87,500\n6|‎$94,000\n7|‎$100,450\n8|‎$106,950\n",,Appeler le 311 Demandez l’aide « Section 8 »,Consulter le site internet (http://www1.nyc.gov/site/nycha/section-8/about-section-8.page) Obtenez plus d’informations sur la « Section 8 »sur le site internet de la NYCHA.,,HCV
"如需確認您的家人是否符合啟蒙教育計畫的資格，最好的方式是直接與計畫專員聯絡。 如果您符合以下至少一種情況，您的家人可能有資格參與啟蒙教育計畫：\n您住在臨時住房內\n您正領取人力資源管理局 (Human Resources Administration, (https://access.nyc.gov/zh-hant/programs/cash-assistance/) HRA) 現金援助 (https://access.nyc.gov/zh-hant/programs/supplemental-nutrition-assistance-program-snap/) 福利\n您正領取補充營養援助計畫 (Supplemental Nutrition Assistance Program, SNAP) 福利\n您正領取社會安全補助金 (Supplemental Security Income, SSI) 福利\n您是為受寄養照顧的兒童報名\n您的家庭收入低於以下金額：\n家庭人口數|年收入\n2|$21,500\n3|$26,650\n4|$32,150\n5|$37,650\n6|$43,150\n7|$48,650\n8|$54,150\n9|$59,650\n10|$65,150\n家庭人口每增加一人：|加 $5,500\n在某些情況下，即使您的收入超過上述收入限制，您的家人也仍然有資格參與啟蒙教育計畫。\n例如：如果您的收入中用於支付住房費用的部分超過 30%，啟蒙教育計畫將在減去您的住房費用後再計算您剩下的收入是否符合資格。 請務必提交您的相關文件，以便啟蒙教育計畫評估您的情況。",,\n如需協助尋找計畫，請撥打 311 電話並詢問「Head Start」（啟蒙教育）。,"\n透過紐約市教育局 (NYC Department of Education, NYCDOE (https://www.schools.nyc.gov/enrollment/enroll-grade-by-grade/head-start) ) 瞭解關於啟蒙教育的更多資訊。",,
"У вас есть право на получение стандартного пособия HEAP при соответствии следующим критериям:\nналичие в семье детей в возрасте до 6 лет, взрослых в возрасте 60 лет и старше, а также лиц с инвалидностью\nвид основного источника отопления\nдоход и размер семьиВашего домохозяйства может иметь право на получение стандартного пособия по программе HEAP, если:\nЧлен вашего домохозяйства является гражданином США или имеет официальный статус иммигранта\nВы получаете пособия по программе дополнительной продовольственной поддержки (SNAP)\nВы получаете временную помощь (Temporary Assistance, TA) или\nВы получаете дополнительный доход по программе социального обеспечения (Supplemental Security Income, SSI) по коду А (одинокий получатель)\nВаловой ежемесячный доход вашего домохозяйства не превышает или ниже текущих ориентировочных показателей дохода для вашего размера домохозяйства, рассчитанных на основе этой таблицы:\nРазмер семьи|Максимальный совокупный доход в месяц на 2024−2025 г.\n1|$3322\n2|$4345\n3|$5367\n4|$6390\n5|$7412\n6|$8434\n7|$8626\n8|$8818\n9|$9010\n10|$9201\n11|$9393\n12|$9585\n13|$9952\nЗа каждого дополнительного члена семьи добавляется:|Прибавьте $672\nВаша семья может получить право на чрезвычайное пособие по программе НЕАР, только если все приведенные ниже утверждения в полной мере относятся к вам.\nК вам относится, по крайней мере, одна из перечисленных ниже ситуаций.\nВам отключили или собираются отключить электричество, от которого работает отопительная система или термостат.\nВам отключили отопление, или отопительное оборудование представляет опасность.\nУ вас закончилось топливо или осталось менее четверти емкости топливного бака.\nСчета за электричество или отопление оформлены на ваше имя.\nСумма ресурсов вашей семьи:\nменьше $3,750 (если в состав семьи входят лица старше 60 лет или младше 6 лет)\nменьше $2,500 (если в состав семьи не входят лица старше 60 лет или младше 6 лет)\nВы соответствуете одному из перечисленных ниже требований к доходу.\nВы получаете льготы по Программе дополнительной продовольственной поддержки (Supplemental Nutrition Assistance Program, SNAP), временную помощь (Temporary Assistance) или дополнительный доход по социальному обеспечению (Supplemental Security Income) (код А).\nЕжемесячный валовой доход вашей семьи не превышает рекомендуемый уровень, приведенный в таблице выше.",,Позвоните по номеру 311 Обратитесь за помощью в Программу помощи в энергоснабжении дома.,"Посетите веб-сайт Посетитевеб‑сайт OTDA (https://otda.ny.gov/programs/heap/) , чтобы узнать больше о программе HEAP.","Прием заявлений на получение стандартного пособия по программе HEAP на 2024–2025 гг. закрыт 7 апреля 2025 года.\nПодайте заявку онлайн на сайте (https://a069-access.nyc.gov/accesshra/) ACCESS HRA (https://apps.apple.com/us/app/nyc-access-hra/id1185595325) .\nОтсканируйте свои документы с помощью приложения ACCESS HRA, доступного бесплатно в (https://play.google.com/store/apps/details?id=gov.nyc.hra.SelfService) iTunes Store (https://a069-access.nyc.gov/accesshra/) (для iPhone) или в Google Play Store (для Android).\nПосле того как вы подадите заявление, с вами могут связаться для проведения собеседования для определения наличия права. Вы можете пройти собеседование по телефону. Для этого необязательно приходить в Центр получения пособий лично.\nВы можете проверять статус своего заявления на портале ACCESS HRA.",HEAP
"Право на участие в программах «Раздел 8»/HCV в первую очередь зависит от размера вашей семьи и ее дохода.\nРазмер семьи|Годовой доход\n1|$56,700\n2|$64,800\n3|$72,900\n4|$81,000\n5|$87,500\n6|$94,000\n7|$100,450\n8|$106,950\n",,Позвоните по номеру 311 Обратитесь за помощью по программе «Раздел 8».,Посетите веб-сайт (http://www1.nyc.gov/site/nycha/section-8/about-section-8.page) Узнайте больше о программе «Раздел 8»на веб-сайте NYCHA.,,HCV
"Aby móc skorzystać z SCHE, trzeba być w stanie odpowiedzieć twierdząco na wszystkie poniższe pytania:\nCzy wszyscy właściciele nieruchomości mają 65 lat lub więcej?  Lub, jeśli jesteś współwłaścicielem nieruchomości wraz z małżonkiem lub rodzeństwem, czy jedno z Was ma 65 lat lub więcej?\nCzy nieruchomość jest Twoim głównym miejscem zamieszkania?\nCzy łączny dochód wszystkich właścicieli jest mniejszy lub równy 58 399 USD?\nDo dochodu NIE wlicza się zapomogi uzupełniającej ani pomocy pieniężnej.\nCzy jesteś właścicielem nieruchomości od co najmniej 12 miesięcy bez przerwy?",,Zadzwoń pod numer 311Poproś o połączenie z programem Senior Citizen Homeowners' Exemption program (Zwolnienie seniorów będących właścicielami domów z podatku od nieruchomości).,Zapraszamy do odwiedzenia strony internetowejWięcej informacji można uzyskać na stronie internetowej SCHE (http://www1.nyc.gov/site/finance/benefits/landlords-sche.page) .,"(https://a836-pts-efile.nyc.gov/SmartFile/Filing/FilingType/Info/NYC_SCHE) Wniosek online (https://a836-pts-efile.nyc.gov/SmartFile/Filing/FilingType/Info/NYC_SCHE_COOP) należy złożyć do 15 marca, aby uzyskać świadczenia od 1 lipca.Jeżeli mieszkają Państwo w mieszkaniu spółdzielczym, mogą Państwo złożyć wniosek online, korzystając z (https://a836-pts-access.nyc.gov/care/search/commonsearch.aspx?mode=address) wniosku SCHE dla mieszkań spółdzielczych.Przy składaniu wniosku należy podać dzielnicę, blok i działkę (BBL), w której znajduje się dom. Należy skorzystać z wyszukiwarki adresów nieruchomości, aby uzyskać te informacje.",SCHE
کنڈرگارٹن سے لے کر 12 ویں جماعت تک کے NYC کے تمام طلباء COMPASS پروگراموں میں داخلہ لینے کے اہل ہیں۔ہر پروگرام کیلئے عمر اور اہلیت کے تقاضے مختلف ہو سکتے ہیں۔,,"311 پر کال کریں""آفٹر اسکول پروگرام میں جامع مدد"" طلب کریں۔",آن لائن (http://www1.nyc.gov/site/dycd/services/after-school/comprehensive-after-school-system-of-new-york-city-compass.page) DYCD سے COMPASS کے بارے میں مزید جانیں۔,"آپ اپنے علاقے میں پروگرام ڈھونڈنے کے لیے Discover DYCD استعمال کر سکتے/سکتی ہیں۔ شروع کرنے کے لیے:\nDiscover DYCD (https://discoverdycd.dycdconnect.nyc/programme-public?categoryList=Afterschool%20Programs) کی ویب سائٹ پر جائیں۔\n""آفٹر اسکول پروگرامز"" منتخب کریں اور ""تلاش کریں"" پر کلک کریں۔",COMPASS NYC
"SCHE 자격 조건에 부합하려면 다음 모든 문항에 대한 답이 예여야 합니다.\n모든 재산 소유주가 65세 이상입니까?  또는 배우자나 형제자매와 함께 재산을 소유한 경우 한 명 이상이 65세 이상입니까?\n재산이 주 거주지입니까?\n모든 소유자의 종합 소득이 $58,399 이하입니까?\n소득에는 SSI 또는 현금 지원 혜택이 포함되지 않습니다.\n재산을 12개월 이상 연속으로 소유하고 계셨습니까?",,311번으로 전화고령 주택 소유주 면제 프로그램에 대해 문의하십시오.,웹 사이트 방문자세한 내용은 SCHE 웹 사이트 (http://www1.nyc.gov/site/finance/benefits/landlords-sche.page) 에서 확인할 수 있습니다.,"7월 1일부터 혜택을 받으려면 3월 15일까지 (https://a836-pts-efile.nyc.gov/SmartFile/Filing/FilingType/Info/NYC_SCHE) 온라인으로 신청하십시오 (https://a836-pts-efile.nyc.gov/SmartFile/Filing/FilingType/Info/NYC_SCHE_COOP) .공동조합에 거주할 경우, (https://a836-pts-access.nyc.gov/care/search/commonsearch.aspx?mode=address) SCHE 공동조합 신청을 사용하여 온라인으로 신청할 수 있습니다.신청 시 집에 대한 자치구, 블록 및 로트(BBL)가 필요합니다. 재산 주소 검색을 사용하여 정보를 확인하십시오.",SCHE
"‏ مستقل ‏HEAP‏ مراعات (‏Regular HEAP benefit‏)‎‏ کے لیے اہلیت اس پر مبنی ہے:\nگھرانے کے ایسے فرد کی موجودگی جس کی عمر 6 سال سے کم، 60 سال یا اس سے زائد ہو یا وہ مستقل معذوری کا شکار ہو\nحرارت کا بنیادی ذریعہ\nآمدنی اور گھرانے کا سائزآپ کا گھرانہ ایک مستقل ‏HEAP‏ مراعات (‏Regular HEAP benefit‏)‎کے لیے اہل ہو سکتا ہے اگر:\nآپ کے گھر کا ایک رکن ریاستہائے متحدہ کا شہری یا اہل غیر شہری ہے۔\nآپ سپلیمینٹل نیوٹریشن اسسٹنس پروگرام ‏(Supplemental Nutrition Assistance Program, SNAP)‏ کے مراعات حاصل کرتے ہیں یا\nآپ کو عارضی امداد ‏(Temporary Assistance, TA)‏ ملتی ہے یا\nآپ کو کوڈ A‏ سپلیمینٹل سیکیورٹی انکم (‏SSI Living Alone‏) موصول ہوتا ہے\nآپ کے گھرانے کی مجموعی ماہانہ آمدنی اس جدول کی بنیاد پر آپ کے گھر کے سائز کے لیے موجودہ آمدنی کے رہنما پر یا اس سے کم ہے:\nگھرانے کا سائز|2024-2025 کے لیے زیادہ سے زیادہ ماہانہ مجموعی آمدنی\n1|$3,322\n2|$4,345\n3|$5,367\n4|$6,390\n5|$7,412\n6|$8,434\n7|$8,626\n8|$8,818\n9|$9,010\n10|$9,201\n11|$9,393\n12|$9,585\n13|$9,952\nہر اضافی فرد کے لیے، شامل کریں:|$672‏ کا اضافہ کریں\nاگر آپ درج ذیل سوالات کا جواب ہاں میں دے سکتے ہیں تو آپ کا گھرانہ ایمرجنسی ‏HEAP‏ کی مراعات کا اہل ہو سکتا ہے‏:\nکیا ان میں سے کسی کا اطلاق آپ پر ہوتا ہے؟\nجو بجلی آپ کے حرارتی نظام یا تھرموسٹیٹ کو چلاتی ہے وہ بند ہے یا اس کا بند ہونے کا شیڈول بنا ہوا ہے۔\nآپ کی حرارت بند ہو گئی ہے یا اس کے بند ہونے کا خطرہ ہے۔\nآپ کا ایندھن ختم ہو چکا ہے یا آپ کے پاس ایندھن کے ایک چوتھائی ٹینک سے کم بچا ہے۔\nکیا آپ کا حرارتی یا بجلی کا بل آپ کے نام سے ہے؟\nکیا آپ کے گھرانے کے لیے دستیاب وسائل درج ذیل کے مطابق ہیں:\nاگر اس میں 60 سال یا اس سے زائد عمر کا کوئی فرد یا 6 سال سے کم عمر بچہ شامل ہو تو $3,750 سے کم؟\nاگر اس میں 60 سال یا اس سے زائد عمر کا کوئی فرد یا 6 سال سے کم عمر بچہ شامل نہیں تو $2,500 سے کم؟\nکیا آپ آمدنی کے ان تقاضوں میں سے کسی کو پورا کرتے ہیں؟\nآپ کو SNAP‏ کی مراعات، عارضی اعانت یا کوڈ ‏A‏ سپلیمنٹل سیکیورٹی انکم موصول ہوتی ہو۔\nآپ کا خاندان مذکورہ بالا جدول میں آپ کے گھرانے کے سائز کے لیے درج ذیل مجموعی ماہانہ آمدنی کے رہنما خطوط پر یا اس کے تحت ہے۔",,311 پر کال کریں گھریلو توانائی میں اعانت پروگرام میں مدد طلب کریں۔,ویب سائٹ ملاحظہ کریں اس پروگرام کے بارے میں مزید جاننے کے لیے ‏OTDA‏ کی ویب سائٹ برائے ‏HEAP (https://otda.ny.gov/programs/heap/) ‏ ملاحظہ کریں۔,2024-25‏ کی ‏HEAP‏ کی باقاعدہ مراعات ‏(‏HEAP Regular Benefit‏)‎‏ کے لیے درخواستیں 7 اپریل 2025 کو بند ہو گئیں۔\nصرف (https://a069-access.nyc.gov/accesshra/) ACCESS HRA (https://apps.apple.com/us/app/nyc-access-hra/id1185595325) ‏ پر آن لائن درخواست دیں۔\nACCESS HRA‏ موبائل ایپ استعمال کر کے اپنی دستاویزات اسکین کریں جو ‏ (https://play.google.com/store/apps/details?id=gov.nyc.hra.SelfService) iTunes Store (https://a069-access.nyc.gov/accesshra/) ‏ (‏iPhones‏ کے لیے) پر یا ‏Google Play Store‏ پر (‏Android‏ فونز کے لیے) دستیاب ہے۔\nاپنی درخواست آپ کے جمع کرا دینے پر، اہلیت کا انٹرویو کرنے کے لیے آپ سے رابطہ کیا جا سکتا ہے۔ آپ اپنا ٹیلیفون بینیفٹس ایکسس سنٹر پر آئے بغیر ٹیلیفون پر کر سکتے ہیں۔\nآپ ACCESS HRA‏ پر جا کر اپنی درخواست کے اسٹیٹس کی پڑتال کر سکتے ہیں۔,HEAP
"\nبرامج Early Head Start أفضل طريقة لمعرفة ما إذا كانت أسرتك مؤهلة للالتحاق ببرنامج Early Head Start أم لا هي التواصل مع البرنامج مباشرةً. قد تتأهل أسرتك لبرنامج Early Head Start إذا انطبقت عليك فئة واحدة على الأقل من الفئات التالية:تقيم في مسكن مؤقت\nتتلقى المساعدة النقدية من إدارة HRA\nتتلقى تأمين SSI (تأمين الضمان التكميلي)\nتسجل طفلًا خاضعًا للرعاية البديلة\nقد تكون مؤهلًا أيضًا إذا كان دخل الأسرة الخاص بك يساوي هذه المبالغ أو أقل منها:\n حجم الأسرة| الدخل السنوي\n 1| 14,580 دولارًا\n 2| 19,720 دولارًا\n 3| 24,860 دولارًا\n 4| 30,000 دولار\n 5| 35,140 دولارًا\n 6| 40,280 دولارًا\n 7| 45,420 دولارًا\n 8| 50,560 دولارًا\n لكل شخص إضافي، أضف:| 5,140 دولارًا\n \n برامج الرضع/الأطفال الصغار يجب أن يكون لديك أيضًا سبب واحد على الأقل من ""أسباب الرعاية"" المعتمدة التالية:تعمل 10 ساعات فأكثر في الأسبوع\nأنت ملتحق ببرنامج تدريب تعليمي أو مهني\nبدأت في البحث عن عمل أو كنت تبحث عن عمل لمدة تصل إلى 6 أشهر. وهذا يتضمّن البحث عن عمل أثناء تلقّي إعانة البطالة\nتقيم في مسكن مؤقت\nتتلقى خدمات الناجين من العنف المنزلي\nأنت تتلقى العلاج من تعاطي المواد المخدرة\nقد تكون مؤهلًا أيضًا إذا كان دخل الأسرة الخاص بك يساوي هذه المبالغ أو أقل منها:\n حجم الأسرة| الدخل الشهري| الدخل السنوي\n 1| $4,301| $51,610\n 2| $5,624| $67,490\n 3| $6,948| $83,370\n 4| $8,271| $99,250\n 5| $9,594| $115,130\n 6| $10,918| $131,010\n 7| $11,166| $133,987\n 8| $11,414| $136,965\n 9| $11,662| $139,942\n 10| $11,910| $142,920\n 11| $12,158| $145,897\n 12| $12,406| $148,875\n 13| $12,654| $151,852\n 14| $12,903| $154,830\n 15| $13,151| $157,807\n",,"اتصل على الرقم 311 اسأل عن ""EarlyLearn"" إذا كنت بحاجة إلى مساعدة في العثور على برنامج.",تفضَّل بزيارة الموقع الإلكتروني اعرف معلومات أكثر بشأن رعاية الأطفال من الموقع الإلكتروني NYCDOE (https://www.schools.nyc.gov/enrollment/enroll-grade-by-grade/earlylearn-nyc) .,تقدم بطلب باستخدام تطبيق MyCity (https://mycity.nyc.gov/s/childcarelanding?language=en_US&LanguageCode=en_US) .,
"Para ser elegible para el Crédito tributario por cuidado de hijos y dependientes, debe poder responder si a estas preguntas:\n¿Le pagó a alguien para que cuidara a su dependiente para que usted (y su cónyuge, si presentan una declaración conjunta) pudieran trabajar o buscar trabajo? Los dependientes calificados son:\nun niño menor de 13 años en el momento del cuidado;\nun cónyuge o dependiente adulto que no puede cuidar de sí mismo física ni mentalmente.\n¿Vivió el dependiente con usted durante más de la mitad del año 2024?\n¿Usted (y su cónyuge, si declaran impuestos juntos) obtuvieron ingresos? Estos pueden ser ingresos de sueldos, salarios, propinas, dinero de otros empleados sujetos a impuestos o ganancias de trabajo independiente.\nSi está casado, ¿trabajan usted o su cónyuge fuera de la casa?\nSi no es así, ¿uno de ustedes trabaja fuera del domicilio mientras el otro es estudiante a tiempo completo, tiene una discapacidad o está buscando trabajo?",,,Obtenga más información sobre los créditos fiscales (https://www1.nyc.gov/site/dca/consumers/get-tax-credit-information.page) que puede reclamar.,Presente sus impuestos federales gratis congetyourrefund.org (https://www.getyourrefund.org/) para reclamar el crédito.,
إن جميع طلاب مدينة نيويورك الملتحقين برياض الأطفال حتى الصف الثاني عشر مؤهلون للالتحاق ببرامج COMPASS.قد يكون لكل برنامج متطلبات عمرية ومتطلبات للأهلية مختلفة.,,"الاتصال على الرقم 311اسأل عن ""مساعدة البرنامج الشامل لمنظومة ما بعد الدوام المدرسي"".",عبر الإنترنتتعرف على المزيد حول COMPASS عن طريق (http://www1.nyc.gov/site/dycd/services/after-school/comprehensive-after-school-system-of-new-york-city-compass.page) DYCD.,"يُمكنك استخدام برنامج Discover DYCD (اكتشف DYCD) لمعرفة البرامج الموجودة في منطقتك. للبدء:\nاذهب إلى موقع Discover DYCD (https://discoverdycd.dycdconnect.nyc/programme-public?categoryList=Afterschool%20Programs) الإلكتروني.\nاختر ""afterschool programs"" (برامج ما بعد الدوام المدرسي) وانقر على ""Search"" (بحث).",COMPASS NYC
"آیا آپ کی فیملی ہیڈ اسٹارٹ کے لیے اہل ہے تو اس کا پتہ کرنے کا بہترین طریقہ یہ ہے کہ براہ راست پروگرام سے رابطہ کریں۔ اگر ان میں سے ایک یا زائد کا آپ پر اطلاق ہوتا ہے تو آپ کی فیملی اہل قرار پا سکتی ہے:\nآپ عارضی رہائش میں رہتے ہیں\nآپ کو (https://access.nyc.gov/ur/programs/cash-assistance/) HRA‏ کی نقد‏ اعانت (https://access.nyc.gov/ur/programs/supplemental-nutrition-assistance-program-snap/) موصول ہوتی ہے\nآپ کو ‏SNAP موصول ہے؟\nآپ کو SSI (سپلیمنٹل سیکیورٹی انکم) موصول ہوتا ہے\nآپ اس بچے کا اندراج کرا رہے ہیں جو رضاعی نگہداشت میں ہے\nآپ کی فیملی کی آمدنی ذیل کی رقم سے کم ہے:\nگھرانے کا سائز|سالانہ آمدنی\n2|$21.500\n3|$26.650\n4|$32.150\n5|$37,650\n6|$43.150\n7|$48.650\n8|$54.150\n9|$59,650\n10|$65.150\nہر اضافی شخص کے لیے:|$5,500 شامل کریں\nکچھ حالات ایسے ہیں جن میں آپ کی فیملی ہیڈ اسٹارٹ (Head Start) کے لیے اہل ہو سکتی ہے، چاہے آپ آمدنی کی حد سے اوپر کماتے ہوں۔\nمثلاً: اگر آپ اپنی آمدنی کا 30% سے زیادہ رہائش کے ضمن میں ادا کرتے ہیں تو، ہیڈ اسٹارٹ پروگرامز یہ حساب کر سکتے ہیں کہ آیا رہائش کی لاگتیں گھاٹنے کے بعد بھی آپ کی آمدنی اہل قرار پاتی ہے۔ آپ کی صورتحال کی تشخیص کے لیے آپ کو ہیڈ اسٹارٹ کے پاس متعلقہ دستاویزات جمع کرانا ضروری ہے۔",,"\nاگر آپ کو پروگرام تلاش کرنے میں مدد کی ضرورت ہے تو، 311 پر کال کریں اور ""ہیڈ اسٹارٹ"" کے بارے میں پوچھیں۔",\nNYCDOE (https://www.schools.nyc.gov/enrollment/enroll-grade-by-grade/head-start) سے ہیڈ اسٹارٹ کے بارے میں مزید جانیں۔,,
"Aby móc ubiegać się o ulgę podatkową na dziecko lub osobę będącą na utrzymaniu, musisz być w stanie odpowiedzieć „tak” na następujące pytania:\nCzy płaciłeś(-aś) za opiekę nad osobą będącą na utrzymaniu, aby umożliwić sobie (i małżonkowi/małżonce w przypadku składania wspólnego zeznania) wykonywanie pracy lub poszukiwanie jej? Przykłady kwalifikujących się osób na utrzymaniu:\ndziecko poniżej 13. roku życia podczas otrzymywania opieki;\nmałżonek/małżonka lub osoba dorosła na utrzymaniu wymagający(-a) opieki z uwagi na stan zdrowia fizycznego lub psychicznego.\nCzy osoba będąca na utrzymaniu mieszkała z Tobą przez więcej niż połowę 2024 roku?\nCzy Ty (i współmałżonek lub współmałżonka w przypadku składania wspólnego zeznania) otrzymywałeś(-aś) dochody? Mogą to być dochody w postaci wynagrodzenia, napiwków, innych podlegających opodatkowaniu dochodów z pracy lub dochody z własnej działalności.\nW przypadku małżonków – czy oboje pracujecie poza domem?\nCzy jedno z was pracuje poza domem, a drugie jest studentem studiów dziennych, osobą niepełnosprawną lub poszukującą pracy?",,,"Dowiedz się więcej o ulgach podatkowych, (https://www1.nyc.gov/site/dca/consumers/get-tax-credit-information.page) o które możesz się ubiegać.","Składaj bezpłatnie swoje zeznania podatkowe na szczeblu federalnym na stroniegetyourrefund.org (https://www.getyourrefund.org/) , aby uzyskać ulgę.",
"\nProgramas Early Head Start Para saber si su familia es elegible para Early Head Start, comuníquese directamente con el programa. Su familia puede calificar para Early Head Start si tiene al menos una de estas características:Vive en una residencia temporal.\nRecibe ayuda en efectivo de la HRA.\nRecibe SSI (Seguridad de Ingreso Suplementario).\nVa a inscribir a un niño que recibe cuidados de crianza temporal.\nTambién puede calificar si los ingresos de su grupo familiar son iguales o inferiores a estas cantidades:\n Tamaño de la familia| Ingreso anual\n 1| $14,580\n 2| $19,720\n 3| $24,860\n 4| $30,000\n 5| $35,140\n 6| $40,280\n 7| $45,420\n 8| $50,560\n Para cada persona adicional, sume:| $5,140\n \n Programas para bebés/niños pequeños Debe tener al menos uno de estos “motivos para la atención” aprobados:Trabaja más de 10 horas a la semana.\nAsiste a un programa de capacitación vocacional o de educación\nEstá empezando a buscar trabajo o ha estado buscándolo por hasta 6 meses. Esto incluye buscar trabajo mientras recibe desempleo.\nVive en una residencia temporal.\nRecibe servicios por violencia doméstica.\nRecibe tratamiento por abuso de sustancias.\nPuede calificar si los ingresos de su grupo familiar son iguales o inferiores a estas cantidades:\n Tamaño de la familia| Ingreso mensual| Ingreso anual\n 1| $4,301| $51,610\n 2| $5,624| $67,490\n 3| $6,948| $83,370\n 4| $8,271| $99,250\n 5| $9,594| $115,130\n 6| $10,918| $131,010\n 7| $11,166| $133,987\n 8| $11,414| $136,965\n 9| $11,662| $139,942\n 10| $11,910| $142,920\n 11| $12,158| $145,897\n 12| $12,406| $148,875\n 13| $12,654| $151,852\n 14| $12,903| $154,830\n 15| $13,151| $157,807\n",,"Llame al 311 Pregunte por ""EarlyLearn"" si necesita ayuda para buscar un programa.",Visite el sitio web Obtenga más información sobre el cuidado infantil de NYCDOE (https://www.schools.nyc.gov/enrollment/enroll-grade-by-grade/earlylearn-nyc) .,Envíe una solicitud usando la aplicación MyCity (https://mycity.nyc.gov/s/childcarelanding?language=en_US&LanguageCode=en_US) .,
2020 সালে জন্মগ্রহণ করা সমস্ত NYC শিশু 2024-2025 স্কুল বত্সরের জন্য নথিভুক্তি করাতে পারে। এর মধ্যে অন্তর্ভুক্ত হলো প্রতিবন্ধী শিশুরা (https://www.schools.nyc.gov/enrollment/enrollment-help/meeting-student-needs/students-with-disabilities) অথবা যারা ইংরেজি শিখছে (https://www.schools.nyc.gov/enrollment/enrollment-help/meeting-student-needs/students-learning-english) । প্রি-K-তে যাওয়ার জন্য শিশুদের টয়লেট প্রশিক্ষণের প্রয়োজন নেই।,প্রি-K ভর্তিতে ফোন করুন প্রি-K তে ভর্তি হওয়া নিয়ে আপনার কোনও প্রশ্ন থাকলes_enrollment@schools.nyc.gov (mailto:ES_Enrollment@schools.nyc.gov) -এ ইমেল করুন।ে,311 এ কল করুন প্রি -K For All এর ব্যাপারে জিজ্ঞাসা করুন।,ওয়েবসাইট ভিজিট করুন প্রি-K ভর্তি প্রক্রিয়া সম্পর্কে আরও জানতে NYC DOE প্রি-K ওয়েবসাইট (https://www.schools.nyc.gov/enrollment/enroll-grade-by-grade/pre-k) দেখুন।,"জানুয়ারি 10, 2024 থেকে 1 মার্চ, 2024 পর্যন্ত MySchools (https://www.myschools.nyc/en/) -এ আবেদন করুন। আপনি ইংরেজি, আরবি, বাংলা/বাংলা, চীনা, হাইতিয়ান ক্রেওল, ফ্রেঞ্চ, কোরিয়ান, রাশিয়ান, স্প্যানিশ বা উর্দু ভাষায় আবেদন করতে পারেন। এছাড়াও আপনি MySchools-এ অর্ধদিনের প্রি-K খুঁজে পেতে পারেন।",Pre-K
\nEste programa evalúa diversas cosas para decidir si usted es elegible. Estos incluyen:cuánto dinero gana\ncuánto dinero recibe en beneficios\ncuántas personas hay en su grupo familiar,,Llame al 311 Pregunte por SNAP.,Visite el sitio web Visite el sitio web de SNAP (https://www1.nyc.gov/site/hra/help/snap-benefits-food-program.page) para obtener más información sobre este programa.,"\nEnvíe una solicitud en línea usando (https://a069-access.nyc.gov/ACCESSNYC/application.do) ACCESS HRA (https://appsto.re/us/9s9N_.i) . Puede solicitar Asistencia en efectivo, SNAP y Medicaid todo al mismo tiempo.\nEscanee sus documentos usando la aplicación de carga de documentos de la NYC HRA que está disponible para descarga gratis en (https://play.google.com/store/apps/details?id=gov.nyc.hra.DocUploads) iTunes Store (https://a069-access.nyc.gov/ACCESSNYC/application.do) (para iPhone) o en (https://a069-access.nyc.gov/ACCESSNYC/application.do) Google Play Store (para teléfonos Android).\nDespués de presentar su solicitud, deberá hacer una entrevista de elegibilidad. Puede hacer la entrevista por teléfono sin tener que ir a un centro del SNAP.\nPuede verificar el estado de su solicitud en ACCESS HRA.\nDeberá recertificarse para el SNAP una vez al año. La oficina de SNAP enviará un paquete de recertificación para que usted lo complete y lo envíe por correo a la HRA. También puede recertificarse en línea en ACCESS HRA. Una vez que envíe su recertificación, llame al 718-SNAP-Now (718-762-7669) para una entrevista.",SNAP
"Kalifikasyon EITC federal\nYon Nimewo Sekirite sosyal ki valid.\nSitiyasyon revni w, sitiyasyon matrimonyal ak parantal ou nan lane 2024 a te youn nan sa yo.\nOu marye, ou gen timoun ki kalifye epi w ap rantre jiska $66,819\nOu marye, ou pa gen timoun ki kalifye epi w ap rantre jiska $25,511\nOu selibatè, ou gen timoun ki kalifye epi w ap rantre jiska $59,899\nOu selibatè, ou pa gen timoun ki kalifye epi w ap rantre jiska $18,591\nOu gen timoun ki kalifye yo enkli timoun byolojik, bèlfi, timoun adoptif, ak pitit pitit.\nSi ou pa gen timoun, EITC a disponib sèlman pou kontribyab ki gen ant 25 a 64 lane.\nMoun Marye k ap Fè Deklarasyon Separe: Yon konjwen ki pa p fè yon sèl deklarasyon ak patnè l ka reklame EITC a si:\nou te gen yon timoun ki kalifye ki te viv avèk ou pandan plis pase mwatye nan ane a; epi\nou te separe legalman an konfòmite ak lwa eta a nan fen ane 2024 oswa ou menm ak konjwen w te viv separe pandan 6 dènye mwa 2024 yo.\nOu te genyen revni sou envestiman ki mwens pase $11,600 nan lane 2024.*Si ou toujou pa sèten si ou kalifye, IRS gen yonkalkilatris ki ka di w si w kalifye (https://www.irs.gov/credits-deductions/individuals/earned-income-tax-credit/use-the-eitc-assistant) . Kalifikasyon EITC Eta New York\nou pa t reklame a Paran ki pa gen gad yo te fè kredi sou revni (https://www.tax.ny.gov/pit/credits/nceic.htm) , epi\nou kalifye pou epi ou te reklame EITC federal la.Kalifikasyon EITC Vil Nouyòk\nte yon moun ki abite tout ane oswa yon pati nan vil Nouyòk, epi\nte reklame kredi federal touche revni.",,,Aprann sou kredi taks (https://www1.nyc.gov/site/dca/consumers/get-tax-credit-information.page) ke ou ka reklame.,Depoze taks federal ou gratis ak getyourrefund.org (https://www.getyourrefund.org/) pou reklame EITC federal la. W ap bezwen ranpli ranbousman taks leta w tou apa pou w ka jwenn EITC Eta New York ak Vil la. Ou ka jwenn èd gratis pou ranpli taks tou NYC Free Tax Prep (https://www1.nyc.gov/site/dca/consumers/file-your-taxes.page) sèvis yo.,EITC
بچوں اور زیرِ کفالت افراد کی نگہداشت کے ٹیکس کریڈٹ کا اہل ہونے کے لیے، آپ کو ان سوالوں کا جواب ہاں میں دینے کے قابل ہونا چاہیئے:\nکیا آپ نے کسی شخص کو اہنی زیرِ کفالت فرد کی نگہداشت کے لیے اس وجہ سے ادائیگی کی کہ آپ (اور آپ کے/کی شریک حیات، اگر مشترکہ ریٹرن فائل کر رہے ہیں تو) کام کر سکیں یا کام تلاش کر سکیں؟ اہل قرار پانے والے زیرِ کفالت افراد درج ذیل ہیں:\nنگہداشت کے وقت 13 سال سے کم عمر بچہ؛\nشریک حیات یا بالغ زیر کفالت فرد جو جسمانی یا ذہنی طور پر خود کی نگہداشت نہیں کر سکتے۔\nکیا زیر کفالت فرد 2024 کی نصف سے زائد مدت آپ کے ساتھ رہا تھا؟\nکیا آپ (اور آپ کے شریک حیات/آپ کی شریکۂ حیات، اگر آپ مشترکہ طور پر ٹیکسز فائل کر رہے ہیں تو آپ) نے کمائی کی ہے؟ یہ اجرتوں، تنخواہوں، ٹِپس، دیگر ٹیکس کے قابل ملازمین کی رقم، یا اپنے کام سے حاصل ہونے والی کمائیوں سے ہو سکتی ہیں۔\nاگر آپ شادی شدہ ہیں، تو کیا آپ اور آپ کا شریک حیات / آپ کی شریکۂ حیات دونوں گھر سے باہر کام کرتے ہیں؟\nاگر نہیں تو، کیا آپ میں سے کوئی ایک گھر سے باہر کام کرتا/کرتی ہے جبکہ دوسرا/دوسری فرد کل وقتی طالب علم ہے، اسے معذوری لاحق ہے، یا اسے کام کی تلاش ہے؟,,,ٹیکس کریڈٹس کے بارے میں جانیں (https://www1.nyc.gov/site/dca/consumers/get-tax-credit-information.page) جن کا آپ دعوی کر سکتے ہیں۔,کریڈٹ کا دعوی کرنے کے لیے اپنے وفاقی ٹیکس ‏getyourrefund.org (https://www.getyourrefund.org/) ‏ کے ساتھ مفت فائل کریں۔,
"자녀 및 가족 부양 세금 공제 자격 조건에 부합하려면 다음과 같은 문항에 예라고 답할 수 있어야 합니다.\n귀하(부부 공동 신고의 경우 귀하와 배우자)가 근로 또는 구직 활동을 할 수 있도록, 피부양자의 돌봄을 위해 다른 사람 또는 기관에 비용을 지불했습니까? 유자격 피부양자가:\n돌봄 당시 13세 미만의 자녀;\n신체적 또는 정신적으로 스스로를 돌볼 수 없는 배우자 또는 성인 부양가족\n2024년의 절반 이상에 해당하는 기간 동안 부양가족과 함께 거주했습니까?\n귀하(또는 공동으로 세금 신고를 하는 경우 귀하와 배우자)는 근로소득이 있습니까? 여기에는 임금, 급여, 팁, 여타 과세 대상인 근로자 수입이나 자영업 소득이 포함될 수 있습니다.\n기혼인 경우, 귀하와 귀하의 배우자가 모두 가정 밖에서 근무합니까?\n아니라면 둘 중 한 사람은 출근하고 다른 한 사람은 학생(풀타임)이거나, 장애가 있거나, 구직 중입니까?",,,청구할 수 있는세금 공제에 대해 자세히 알아보십시오 (https://www1.nyc.gov/site/dca/consumers/get-tax-credit-information.page) .,getyourrefund.org (https://www.getyourrefund.org/) 에서 무료로 연방 세금을 신고하여 세액공제를 청구하십시오.,
"Conditions d’octroi de l’EITC au niveau fédéral\nVous avez un numéro de Sécurité sociale valide (Social Security Number, SSN).\nVos revenus, votre situation matrimoniale et parentale en 2024 correspondaient à l’un des éléments ci-dessous.\nMarié(e), avec des enfants admissibles et des revenus s’élevant à $66,819 maximum.\nMarié(e), avec des enfants non admissibles et des revenus s’élevant à $25,511 maximum.\nCélibataire, avec des enfants admissibles et un revenu s’élevant à $59,899 maximum.\nCélibataire, avec des enfants non admissibles et un revenu s’élevant à $18,591 maximum.\nVous avez des enfants qui remplissent les conditions requises, notamment des enfants biologiques, des beaux-enfants, des enfants placés et des petits-enfants.\nSi vous n’avez pas d’enfants, l’EITC est disponible uniquement pour les déclarants âgés de 25 à 64 ans.\nMarié(e), déclaration fiscale séparée : Un conjoint qui ne remplit pas de déclaration commune peut demander l’EITC si :\nvous aviez un enfant admissible qui a vécu avec vous pendant plus de la moitié de l’année ; et\nvous étiez légalement séparés selon la loi de l’État à la fin de l’année 2024 ou vous avez vécu séparé(e) de votre conjoint(e) pendant les six derniers mois de l’année 2024.\nVous avez perçu des revenus d’investissement inférieurs à $11,600 en 2024.‎*Si vous n’êtes toujours pas sûr d’être admissible, l’IRS dispose d’unecalculatrice qui vous permettra de savoir si vous êtes admissible (https://www.irs.gov/credits-deductions/individuals/earned-income-tax-credit/use-the-eitc-assistant) ‎. Qualifications pour l’EITC de l’État de New York\nvous n’avez pas demandé le crédit pour revenu professionnel du parent non gardien (https://www.tax.ny.gov/pit/credits/nceic.htm) , et\nvous avez eu droit à l’EITC fédéral et l’avez demandé.Conditions d’octroi de l’EITC au niveau de la ville de New York\nêtre résident de la ville de New York toute l’année ou une partie de l’année, et\navoir demandé le crédit d’impôt fédéral sur le revenu professionnel.",,,Renseignez-vous sur les crédits d’impôt (https://www1.nyc.gov/site/dca/consumers/get-tax-credit-information.page) que vous pouvez demander.,Déposez gratuitement votre déclaration de revenus fédérale sur lesite getyourrefund.org (https://www.getyourrefund.org/) pour demander l’EITC fédéral. Vous devrez également déclarer séparément votre remboursement d’impôt d’État pour bénéficier de l’EITC de l’État et de la ville de New York. Vous pouvez également obtenir de l’aide gratuite pour remplir votre déclaration d’impôts grâce aux servicesNYC Free Tax Prep (https://www1.nyc.gov/site/dca/consumers/file-your-taxes.page) ‎.,EITC
2020 میں پیدا شدہ ‏NYC‏ کے تمام بچے ، تعلیمی سال ‎2024-2025‏ کے لیے اندراج کروا سکتے ہیں۔ اس میں معذوری کا شکار بچے (https://www.schools.nyc.gov/enrollment/enrollment-help/meeting-student-needs/students-with-disabilities) یا وہ جو انگریزی سیکھ رہے ہیں (https://www.schools.nyc.gov/enrollment/enrollment-help/meeting-student-needs/students-learning-english) شامل ہیں۔ pre-K میں جانے کے لیے بچوں کا ٹوائلٹ کیلئے تربیت یافتہ ہونا ضروری نہیں ہے۔,Pre-K ایڈمیشنز کو ای میل کریں Pre-K میں داخلے کے بارے میں اگر آپ کے کوئی سوالات ہیں تو es_enrollment@schools.nyc.gov (mailto:ES_Enrollment@schools.nyc.gov) کو ای میل کریں۔,311 پر کال کریں Pre-K سب کے لیے، کے بارے میں معلوم کریں۔,ویب سائٹ ملاحظہ کریں pre-K میں داخلے کے عمل کے بارے میں مزید جاننے کے لیے NYC DOE Pre-K کی ویب سائٹ (https://www.schools.nyc.gov/enrollment/enroll-grade-by-grade/pre-k) وزٹ کریں۔,MySchools (https://www.myschools.nyc/en/) ‏ پر ‎10‏ جنوری ‎2024‏ سے ‎1‏ مارچ ‎2024‏ تک درخواست دیں۔ آپ انگریزی، عربی، بنگالی/بنگلہ، چینی، ہیٹی کریول، فرانسیسی، کوریائی روسی، ہسپانوی یا اردو زبان میں درخواست دے سکتے ہیں۔ MySchools میں آپ نصف دن کے pre-K پروگرامز بھی پا سکتے ہیں۔,Pre-K
"To be eligible for DHE, you must meet these requirements:\nOwn a one-, two-, or three-family home, condo, or coop apartment.\nAll property owners are people with disabilities. However, if you own the property with a spouse or sibling, only one of you need to have a disability to qualify.\nYou must live on the property as your primary residence.\nThe combined income for all owners must be less than or equal to $58,399.You may be eligible if your property is in a Housing Development Fund Corporation development and is in the Division of Alternative Management Program. Your property cannot be within a housing development controlled by a Limited Profit Housing Company, Mitchell-Lama, Limited Dividend Housing Company, or redevelopment company. Contact your property manager if you're not sure.","Email DHE Send a message atnyc,gov/contactdof (http://www.nyc.gov/contactdof)",Call 311 Ask for Disabled Homeowners' Exemption assistance.,Visit the website Visit theDHE website (http://www1.nyc.gov/site/finance/benefits/landlords-dhe.page) to learn more.,"(https://a836-pts-efile.nyc.gov/SmartFile/Filing/FilingType/Info/NYC_DHE) Apply online (https://a836-pts-efile.nyc.gov/SmartFile/Filing/FilingType/Info/NYC_DHE_COOP) by March 15th for benefits to begin on July 1st. If March 15th falls on a weekend or holiday, the deadline is the next business day. If you live in a co-op, apply using the (https://a836-pts-access.nyc.gov/care/search/commonsearch.aspx?mode=address) DHE co-ops application. When applying, you will need the borough, block, and lot (BBL) for your home.Use the Property Address Searchto get this information.",DHE
Cualquier persona puede inscribirse en un Plan médicocalificado.\nLa mayoríade los inmigrantes pueden inscribirse en el Mercado de seguros deNY State of Health. Hay ayuda económica disponible.\nCualquierpersona puede contratar un seguro médico privado directamente deuna compañía de seguros llamando a la aseguradora o visitando susitio web.,,Llame al 311 Para hacer preguntas generalessobre el seguro médico y para encontrar un asistente enpersona.,Conozca más sobre las opciones de seguro médicoConozca más sobre sus opciones conCitywide Health InsuranceAccess de la HRA (https://www1.nyc.gov/site/ochia/coverage-care/insurance-options.page) . Pida ayuda para la inscripciónGetCoveredNYC (https://www1.nyc.gov/nyc-resources/get-covered.page) ayuda a los neoyorquinos a inscribirse en un seguro médico.Especialistas dedicados pueden ayudarlo gratis en su idioma.Solicite una llamada con un consejero CompleteunFormulario de solicitud deasistencia para la inscripción al seguro médico (https://nycdohmh.surveymonkey.com/r/7BB62M3) para recibir una llamada de un consejero de inscripción. Laasistencia para la inscripción gratis está disponibleindependientemente del estado de inmigración y en muchos idiomas.Su información se mantendrá privada.,Inscríbase en un seguro médico medianteNY State of Health (https://nystateofhealth.ny.gov/) .,QHP
Elijiblite pou pwogram Seksyon 8/HCV yo baze sitou sou kantite lajan fanmi w ap touche ak gwosè fanmi w.\nKantite moun ki nan kay la|Revni Anyèl\n1|$56.700\n2|$64.800\n3|$72.900\n4|$81.000\n5|$87.500\n6|$94.000\n7|$100.450\n8|$106.950\n,,Rele 311 Mande asistans Seksyon 8.,Ale sou sit entènèt la (http://www1.nyc.gov/site/nycha/section-8/about-section-8.page) Aprann plis sou Seksyon 8 lasou sitwèb NYCHA a.,,HCV
هناك نوعان من مخصصات STAR: STAR الأساسي وSTAR الأساسي. لكي تكون مؤهلًا لأي منهما، ينبغي أن تكون قادرًا على الإجابة بنعم على كل هذه الأسئلة:\nهل هذا العقار هو المنزل الأساسي لواحد من المُلاك على الأقل؟\nهل تعيش في أحد أنواع المنازل التالية؟\nمنزل\nشقة خاصة\nشقة تعاونية\nمنزل مصَّنع\nمنزل مزرعة\nعقار متعدد الاستخدامات، بما في ذلك مبانى سكنية (يكون الجزء الذي يشغله المالك هو المؤهل فقط)لتكون مؤهلاً لبرنامج تخفيض ضريبة المدارس (STAR) الأساسي، يجب أن تكون قادراً على الإجابة بنعم على هذه الأسئلة الإضافية:\nيجب أن يكون الدخل المشترك لجميع المالكين الذين يعيشون في المنزل وأزواجهم 500000 دولار في العام أو أقل.\nإذا كنت تملك عقارك وحصلت على Basic STAR في 2015-2016 ولكنك فقدت المخصصات لاحقًا، فيمكنك استعادة الإعفاء. لاستعادة مخصص Basic STAR، يجب أن يكون دخلك 250000 دولار أو أقل.لتكون مؤهلاً لبرنامج تخفيض ضريبة المدارس (STAR) المُعزز، يجب أن تكون قادراً على الإجابة بنعم على هذه الأسئلة الإضافية:\nإذا كنت تتلقى حاليًا مخصص Basic STAR، فقد تكون مؤهلاً للحصول على برنامج Enhanced STAR إذا كان عمرك 65 عامًا أو أكثر في العام الذي تقدم فيه الطلب (https://www1.nyc.gov/site/finance/benefits/landlords-star.page) . ينبغي ألا يتجاوز إجمالي الدخل لجميع المالكين والأزواج المقيمين أو الشركاء المنزليين المسجلين 92000 دولارًا.,راسل برنامج تخفيض ضريبة المدارس (STAR) عبر البريد الإلكترونيراسل مركز أعمال (http://www1.nyc.gov/site/finance/about/contact-by-email/contact-exemptions-inquiries.page) NYC Department of Finance عبر البريد الإلكتروني إذا كان لديك أي سؤال عن برنامج تخفيض ضريبة المدارس (STAR).,اتصل بالرقم 311اسأل عن برنامج برنامج تخفيض ضريبة المدارس (STAR).,زيارة الموقع الإلكترونيقم بزيارة موقع STAR الإلكتروني (https://tax.ny.gov/pit/property/star/default.htm)  للمزيد من المعلومات.,يمكنك التقدم بطلب للحصول على Basic STAR من وزارة المالية إذا كنت تملك العقار الخاص بك واستلمت STAR في 2015-16 ولكنك فقدت الميزة فيما بعد وترغب في استعادتها.\n (https://www1.nyc.gov/assets/finance/jump/smartfile-estar-star.html) التطبيق الأولي عبر الإنترنت STAR / ESTAR (https://www1.nyc.gov/assets/finance/jump/smartfile-star-estar-coop.html) \n (https://a836-pts-efile.nyc.gov/SmartFile/Filing/FilingType/Info/NYC_STAR) طلب STAR / ESTAR الأولي عبر الإنترنت للتعاون (https://www.tax.ny.gov/pit/property/star/) يمكنك التقدم بطلب للحصول على Enhanced STAR (E-STAR) عبر الإنترنت من وزارة المالية\nإذا كنت من مستلمي STAR الأساسيين المؤهلين للحصول على Enhanced STAR،\nإذا كان عمرك 65 عامًا أو أكثر في العام الذي تقدمت فيه وحصلت على إعفاء STAR على الممتلكات الخاصة بك في 2015-2016.إذا كان دخلك أكبر من 250.000 دولار أمريكي وأقل من أو يساوي 500.000 دولار أمريكي ، يمكنك التسجيل عبر الإنترنت للحصول على ائتمان ضريبة STAR الخاص بولاية نيويورك أو عن طريق الاتصال بالرقم 2036-457-518.,STAR
"Uprawnienia do federalnej ulgi EITC\nMieć ważny numer ubezpieczenia społecznego (Social Security Number, SSN).\nDo kryteriów należą: sytuacja dochodowa, stan cywilny i status rodzicielski w 2024 roku.\nOsoba pozostająca w związku małżeńskim, posiadająca dzieci uprawniające do ulgi i zarabiająca do $66,819\nOsoba pozostająca w związku małżeńskim, bez dzieci uprawniających do ulgi i zarabiająca do $25,511\nOsoba samotna posiadająca dzieci uprawniające do ulgi i zarabiająca do $59,899\nOsoba samotna bez dzieci uprawniających do ulgi i zarabiająca do $18,591\nPosiadanie dzieci uprawniających do ulgi, w tym dzieci biologicznych, pasierbów, dzieci przysposobionych i wnuków.\nW przypadku osób bezdzietnych ulga EITC dotyczy wyłącznie mieszkańców między 25. a 64. rokiem życia.\nOsoba pozostająca w związku małżeńskim, składająca oddzielne zeznanie: małżonek/małżonka, który(-a) nie składa wspólnego zeznania, może ubiegać się o ulgę EITC, jeśli:\nposiada uprawnione do ulgi dziecko, które mieszkało z nim/nią przez ponad pół roku, oraz\nzgodnie z prawem stanowym na koniec roku 2024 pozostawał(a) w prawnie orzeczonej separacji lub nie mieszkał(a) ze współmałżonkiem/współmałżonką przez 6 ostatnich miesięcy 2024 roku.\nUzyskiwanie w 2024 roku dochodów z inwestycji w kwocie niższej niż $11,600.* Jeśli nadal nie masz pewności, czy spełniasz kryteria kwalifikacji, możesz skorzystać zkalkulatora IRS, który pomoże w ustaleniu uprawnień (https://www.irs.gov/credits-deductions/individuals/earned-income-tax-credit/use-the-eitc-assistant) . Uprawnienia do ulgi EITC w stanie Nowy Jork\nnie wystąpiła(a) o ulgę podatkową od dochodów uzyskiwanych przez rodziców niesprawujących opieki nad (https://www.tax.ny.gov/pit/credits/nceic.htm) dzieckiem oraz\nspełnił(a) kryteria kwalifikacji i wystąpiono o federalną ulgę EITC.Uprawnienia do ulgi EITC w mieście Nowy Jork\nmieszkał(a) w mieście Nowy Jork przez pełny rok lub część roku oraz\nwystąpił(a) o federalną ulgę od uzyskanych dochodów.",,,"Dowiedz się więcej o ulgach podatkowych, (https://www1.nyc.gov/site/dca/consumers/get-tax-credit-information.page) o które możesz się ubiegać.","Złóż zeznanie podatkowe bezpłatnie za pomocągetyourrefund.org (https://www.getyourrefund.org/) , aby wystąpić o federalną ulgę EITC. Musisz także złożyć wniosek o zwrot podatku federalnego oddzielnie, aby uzyskać EITC dla stanu i miasta Nowy Jork. Możesz również uzyskać bezpłatną pomoc przy składaniu zeznania podatkowego w ramach usługbezpłatnego sporządzania deklaracji podatkowych (Free Tax Prep) w mieście Nowy Jork (https://www1.nyc.gov/site/dca/consumers/file-your-taxes.page) .",EITC
"\nPwogram Early Head Start Pi bon fason pou w konnen si fanmi ou kalifye pou Early Head Start se kontakte yon pwogram dirèkteman. Fanmi ou kapab kalifye pou Early Head Start si omwen youn nan kategori sa yo aplikab pou ou:W ap viv nan yon lojman tanporè\nOu resevwa Èd Finansyè (Cash Assistance) nan Administrasyon Resous Imèn (Human Resources Administration (HRA))\nOu resevwa Asirans Sekirite Siplemantè (Supplemental Security Insurance, SSI)\nOu enskri yon timoun ki nan fanmi akèy\nOu kapab kalifye tou si revni moun nan kay la egal oubyen pi piti pase kantite sa yo:\n Kantite moun ki nan fanmi an| Revni pa ane\n 1| $14,580\n 2| $19,720\n 3| $24,860\n 4| $30,000\n 5| $35,140\n 6| $40,280\n 7| $45,420\n 8| $50,560\n Pou chak moun anplis, ajoute:| $5,140\n \n Pwogram pou Tibebe/Timoun piti Ou dwe gen pou piti youn nan “rezon pou swen” sa yo ki apwouve:Ou travay pandan 10 èdtan oswa plis pa semèn\nOu nan yon pwogram edikasyon oswa yon pwogram fòmasyon pwofesyonèl.\nOu kòmanse chèche yon travay oswa ou ap chèche yon travay depi 6 mwa omaksimòm. Sa gen ladan li chèche yon travay pandan ou ap resevwa avantaj pou chomaj\nW ap viv nan yon lojman tanporè\nW ap swiv sèvis pou vyolans domestik.\nOu sou tretman pou toksikomani (abi sibstans)\nOu kapab kalifye si revni moun nan kay la egal oubyen pi piti pase montan sa yo:\n Kantite moun ki nan fanmi an| Revni pa mwa| Revni pa ane\n 1| $4,301| $51,610\n 2| $5,624| $67,490\n 3| $6,948| $83,370\n 4| $8,271| $99,250\n 5| $9,594| $115,130\n 6| $10,918| $131,010\n 7| $11,166| $133,987\n 8| $11,414| $136,965\n 9| $11,662| $139,942\n 10| $11,910| $142,920\n 11| $12,158| $145,897\n 12| $12,406| $148,875\n 13| $12,654| $151,852\n 14| $12,903| $154,830\n 15| $13,151| $157,807\n",,"Rele 311 Mande pou ""EarlyLearn"" si ou bezwen èd pou jwenn yon pwogram.",Ale sou sit entènèt la Jwenn plis enfòmasyon sou gadri nan NYCDOE (https://www.schools.nyc.gov/enrollment/enroll-grade-by-grade/earlylearn-nyc) .,Aplike pandan w ap itilize MyCity app (https://mycity.nyc.gov/s/childcarelanding?language=en_US&LanguageCode=en_US) .,
"Зарегистрироваться в плане Qualified Health Plan может ктоугодно.\nБольшинствоиммигрантов могут зарегистрироваться на бирже NY State of Health.Финансовая помощь — доступна.\nКто угодноможет приобрести полис частного медицинского страхованиянепосредственно в страховой компании, позвонив в такую компанию илипосетив ее веб-сайт.",,Позвоните по номеру 311 Общие вопросы омедицинском страховании и поиск консультанта.,"Узнайте больше о вариантах медицинскогострахования Узнайте больше о доступных вариантах навеб-сайтеГородского управления пообеспечению доступа к медицинскому страхованию HRA (https://www1.nyc.gov/site/ochia/coverage-care/insurance-options.page) . Запрос помощи при подаче заявленияGetCoveredNYC (https://www1.nyc.gov/nyc-resources/get-covered.page) оказывает помощь жителям Нью-Йорка при подаче заявления намедицинское страхование. Вы можете бесплатно получить помощьспециалиста на вашем языке. Запрос звонкаконсультанта Заполнитеформу запроса помощи при подачезаявления на медицинское страхование, (https://nycdohmh.surveymonkey.com/r/7BB62M3) и консультант свяжется с вами. Бесплатная помощь при подачезаявления доступна на многих языках, независимо от иммиграционногостатуса. Ваша информация будет оставаться конфиденциальной.",Зарегистрируйтесь в плане медицинского страхования черезNY State of Health (https://nystateofhealth.ny.gov/) .,QHP
"تعتمد الأهلية للحصول على المخصصات المنتظمة من برنامج HEAP على ما يلي:\nوجود فرد في الأسرة المعيشية عمره أقل من 6 سنوات، أو يبلغ عمره 60 عامًا أو أكبر، أو من ذوي الإعاقة الدائمة\nمصدر التدفئة الرئيسي\nمقدار الدخل وحجم الأسرة المعيشيةقد تكون أسرتك مؤهلة للحصول على المخصصات المنتظمة من برنامج HEAP في الحالات التالية:\nأن يكون أحد أفراد أسرتك مواطنًا أمريكيًا أو مواطنًا غير أمريكي مؤهل أو\nأنك تتلقى مخصصات برنامج مساعدة التغذية التكميلية (Supplemental Nutrition Assistance Program, SNAP) أو\nأنك تتلقى مساعدة مؤقتة (Temporary Assistance, TA) أو\nأنك تتلقى دخل الضمان التكميلي (Supplemental Security Income, SSI) الرمز A (SSI إذا كنت تعيش وحيدًا)\nإجمالي الدخل الشهري لأسرتك يطابق أدلة الدخل الحالية لحجم الأسرة أو يقل عنها، وفقًا لهذا الجدول:\nحجم الأسرة المعيشية|الحد الأقصى للدخل الإجمالي الشهري لعام 2024–2025\n1|$3,322\n2|$4,345\n3|$5,367\n4|$6,390\n5|$7,412\n6|$8,434\n7|$8,626\n8|$8,818\n9|$9,010\n10|$9,201\n11|$9,393\n12|$9,585\n13|$9,952\nلكل شخص إضافي، أضف:|أضف 672$\nقد تكون أسرتك المعيشية مؤهلة للحصول على مخصصات الطوارئ من برنامج HEAP إذا كان بإمكانك الإجابة بنعم عن الأسئلة التالية:\nهل ينطبق عليك أي مما يلي؟\nانقطاع الكهرباء التي تشغّل نظام التدفئة أو منظم الحرارة أو من المقرر قطعها.\nنظام التدفئة عن العمل متوقف عن التشغيل أو معرّض لمخاطر التوقف عن التشغيل.\nنفد لديك الوقود أو أن خزان الوقود ممتلئ إلى أقل من الربع فقط.\nهل فاتورة التدفئة أو الكهرباء باسمك؟\nهل الموارد المتاحة لأسرتك المعيشية:\nتقل عن 3,750$ إذا كانت الأسرة بها شخص يبلغ عمره 60 عامًا أو أكبر، أو طفل عمره أقل من 6 سنوات؟\nتقل عن 2,500$ إذا كانت الأسرة لا يوجد بها شخص يبلغ عمره 60 عامًا أو أكبر، أو طفل عمره أقل من 6 سنوات؟\nهل تفي بأحد الإرشادات التالية الخاصة بالدخل؟\nتتلقى مخصصات من برنامج مساعدة التغذية التكميلية (SNAP)، أو المساعدة المؤقتة (Temporary Assistance)، أو دخل الضمان التكميلي الرمز A (Code A Supplemental Security Income).\nأسرتك تستوفي إرشادات الدخل الإجمالي الشهري التالية أو تقل عنها بالنسبة إلى حجم أسرتك المعيشية الوارد في الجدول الوارد أعلاه.",,اتصل هاتفيًا بالرقم 311 لطلب المساعدة بخصوص برنامج المساعدة في دفع نفقات الطاقة المنزلية.,"تفضَّل بزيارة الموقع الإلكتروني تفضل بزيارةالموقع الإلكتروني لمكتب الإعانات المؤقتة وإعانات ذوي الإعاقة (Office of Temporary and Disability Assistance, OTDA) فيما يخص برنامج HEAP (https://otda.ny.gov/programs/heap/) لمعرفة المزيد عن هذا البرنامج.",أُغلقت مدة تقديم الطلبات لعام 2024-25 للحصول على المخصصات المنتظمة من برنامج المساعدة في دفع نفقات الطاقة المنزلية HEAP‏ وذلك في 7 أبريل 2025.‏\nتقدم بالطلب عبر الإنترنت عبر (https://a069-access.nyc.gov/accesshra/) ACCESS HRA (https://apps.apple.com/us/app/nyc-access-hra/id1185595325) .\nامسح مستنداتك ضوئيًا باستخدام تطبيق الهاتف الجوال ‏ACCESS HRA‏ المتاح مجانًا على متجر ‏ (https://play.google.com/store/apps/details?id=gov.nyc.hra.SelfService) iTunes Store (https://a069-access.nyc.gov/accesshra/) ‏ (لهواتف ‏iPhone‏) أو على متجر ‏Google Play‏ (للهواتف التي تعمل بنظام التشغيل ‏Android‏).\nبعد تقديم طلبك، قد يتم الاتصال بك لإجراء مقابلة الأهلية. يمكنك إجراء المقابلة عبر الهاتف دون الحاجة إلى القدوم إلى أحد مراكز الوصول إلى المخصصات.\nيمكنك الاطلاع على حالة طلبك من خلال التوجه إلى تطبيق ‏ACCESS HRA‏.,HEAP
"Hay dos tipos de beneficios STAR: el crédito STAR básico y el crédito STAR mejorado. Para ser elegible para cualquiera de los dos, debería poder responder “sí” a todas estas preguntas:\n¿La propiedad es el hogar principal de al menos uno de los propietarios?\n¿Vive en uno de los siguientes tipos de vivienda?\nuna casa\nun apartamento\nun apartamento de cooperativa\nuna casa prefabricada\nuna granja\nuna propiedad de uso mixto, incluidos edificios de apartamentos (solo es elegible la porción ocupada por el propietario)Para STAR Básico, también debe poder responder afirmativamente a esta pregunta adicional:\nLos ingresos combinados de todos los propietarios que viven en la casa y de sus cónyuges deben ser de $500,000 al año o menos.\nSi era dueño de su propiedad y recibió Basic STAR en 2015-16 pero luego perdió el beneficio, puede restaurar la exención. Para restaurar su STAR Básico, sus ingresos deben ser de $ 250,000 o menos.Para STAR Mejorado, también debe poder responder afirmativamente a estas preguntas adicionales:\nSi actualmente recibe Basic STAR, puede ser elegible para Enhanced STAR si tiene 65 años o más el año en que presente la solicitud (https://www1.nyc.gov/site/finance/benefits/landlords-star.page) . El ingreso total de todos los propietarios y cónyuges residentes o parejas de hecho registradas no puede exceder los $92,000.",Envíe un correo electrónico a STAREnvíe un correo electrónico al (http://www1.nyc.gov/site/finance/about/contact-by-email/contact-exemptions-inquiries.page) Departamento de Finanzas de NYC si tiene preguntas sobre STAR.,Llame al 311Pregunte por Programa de Desgravación Impositiva Escolar (STAR).,Visite el sitio webVisite el sitio web de STAR (https://tax.ny.gov/pit/property/star/default.htm) para obtener más información.,"Puede solicitar Basic STAR con el Departamento de Finanzas si era dueño de su propiedad y recibió STAR en 2015-16, pero luego perdió el beneficio y le gustaría que se restaure.\n (https://www1.nyc.gov/assets/finance/jump/smartfile-estar-star.html) Solicitud inicial en línea de STAR / ESTAR (https://www1.nyc.gov/assets/finance/jump/smartfile-star-estar-coop.html) \n (https://a836-pts-efile.nyc.gov/SmartFile/Filing/FilingType/Info/NYC_STAR) Solicitud inicial en línea de STAR / ESTAR para cooperativas (https://www.tax.ny.gov/pit/property/star/) Puede solicitar el programa Enhanced STAR (E-STAR) en línea con el Departamento de Finanzas\nsi es un destinatario de STAR básico que es elegible para STAR mejorado,\nsi tendrá 65 años o más en el año en que presenta la solicitud y ha tenido una exención STAR en su propiedad en 2015-16.Si sus ingresos son superiores a $ 250, 000 e inferiores o iguales a $ 500 000, puede registrarse en línea para el crédito fiscal STAR del estado de Nueva York o llamando al 518-457-2036.",STAR
"To be eligible for SCRIE, you should be able to answer ""yes"" to all of these questions:\nAre you 62 or older?\nIs your name on the lease (or the share certificate if you live in a Mitchell-Lama development)?\nIs your combined household income $50,000 or less in a year?\nDo you spend more than one-third of your monthly income on rent?\nDo you live in NYC in one of these types of housing?\na rent stabilized apartment\na rent controlled apartment\na rent regulated hotel or single room occupancy unit\na Mitchell-Lama development\na Limited Dividend Housing Company development\na Redevelopment Company development\na Housing Development Fund Company development","Contact SCRIE (http://www1.nyc.gov/site/finance/about/contact-by-email/contact-drie.page) Ask for help (mailto:SCRIE@hpd.nyc.gov) from the Department of Finance.Email HPD For questions about HPD-supervised SCRIE, email SCRIE@hpd.nyc.gov",Call 311 Ask about SCRIE.,"Learn more online Visit the NYC Rent Freeze Program website (http://www1.nyc.gov/site/rentfreeze/index.page) to learn more. If you live in an HPD development, visit HPD's website (https://www.nyc.gov/site/hpd/services-and-information/scrie.page) to learn more about HPD-supervised SCRIE.",Complete the online application through the Department of Finance (DOF) (https://www1.nyc.gov/site/rentfreeze/tools/nyc-tap.page) if you are applying for SCRIE for the first time.You can get help applying to SCRIE by (https://www1.nyc.gov/assets/finance/jump/dof-appointments.html) scheduling a virtual appointment with DOF.,SCRIE
"Чтобы иметь право на налоговый вычет за налоговый 2024 год, вы должны соответствовать приведенным ниже требованиям.\nВаш личный доход не превысил 200 000 долл., а совместный с супругом (супругой) — 400 000 долл. (если вы подаете совместную декларацию).\nВ своей налоговой декларации вы указали ребенка\nв возрасте 16 лет или младше\nРебенок должен иметь свой номер социального страхования (Social Security Number, SSN) или идентификационный номер налогоплательщика для приемного ребенка (Adoption Tax Identification Number, ATIN). Заявитель может использовать SSN или индивидуальный идентификационный номер налогоплательщика (Individual Taxpayer Identification Number, ITIN).\nВ качестве ребенка может быть ваш сын, дочь, пасынок или падчерица, воспитанник или воспитанница, брат или сестра, сводный брат или сводная сестра, брат или сестра только по одному из родителей либо ребенок любого из перечисленных лиц (например, внук, племянник или племянница).\nВаш ребенок или иждивенец прожил с вами более чем полгода в налоговом году в США, и вы указали его как иждивенца в своей налоговой декларации.\nРебенок не соответствует критериям, если он самостоятельно обеспечивает более половины суммы на свое содержание.",,Позвоните по телефону 311 Попросите помощи в оформлении налоговой декларации.,"Узнайте о налоговых вычетах (https://www1.nyc.gov/site/dca/consumers/get-tax-credit-information.page) , на которые вы можете претендовать.","Чтобы получить налоговую льготу по уходу за детьми, подайте федеральную налоговую декларацию бесплатно на веб-сайтеgetyourrefund.org (https://www.getyourrefund.org/) ‎.",CTC
بإمكان أي شخص التسجيل في خطة صحية مؤهلة.\nبإمكان معظمالمهاجرين التسجيل في سوق التأمين الصحي لدى NY State of Health.المساعدة المالية متاحة.\nبإمكان أيشخص شراء تأمين صحي خاص من شركة تأمين مباشرةً عن طريق الاتصالهاتفيًا بشركة التأمين أو زيارة موقعها الإلكتروني.,,اتصل هاتفيًا بالرقم 311 للأسئلة العامة حولالتأمين الصحي والعثور على مساعد شخصي.,تعرَّف على المزيد حول خيارات التأمين الصحيتعرَّف على المزيد حول خياراتك من خلال خدماتالوصول إلى التأمين الصحيعلى مستوى المدينة التابع لإدارة الموارد البشرية (HRA's CitywideHealth Insurance Access) (https://www1.nyc.gov/site/ochia/coverage-care/insurance-options.page) . طلب مساعدة التسجيل يساعدGetCoveredNYC (https://www1.nyc.gov/nyc-resources/get-covered.page) سكان نيويورك على التسجيل في التأمين الصحي. يمكن للمتخصصينالمخصصين مساعدتك بلغتك مجانًا. اطلب مكالمة مستشارأكملنموذج الاستفسار عن المساعدة فيالتسجيل في التأمين الصحي (https://nycdohmh.surveymonkey.com/r/7BB62M3) لتلقّي مكالمة من مستشار تسجيل. مساعدة التسجيل المجانية متاحة بغضالنظر عن حالة الهجرة وبالعديد من اللغات. سوف تبقى ردودكم سرية.,يمكنك التسجيل في التأمين الصحي من خلالNY State of Health (https://nystateofhealth.ny.gov/) .,QHP
لتكون مؤهلًا للحصول على إعفاء المحاربين القدامى، ينبغي أن تكون قادرًا على الإجابة بنعم عن كل هذه الأسئلة.\nهل أنت المالك الحالي أو الزوج أو الأرملة/الأرمل لمالك العقار دون زواج مرة أخرى؟\nهل العقار هو محل إقامتك الأساسي؟\nهل أنت من قدامى المحاربين في القوات المسلحة الأمريكية خلال أحد النزاعات التالية؟\nنزاع الخليج الفارسي (بما في ذلك نزاعات أفغانستان والعراق) - بداية من 2 أغسطس 1990 حتى الوقت الحاضر\nحرب فيتنام - من 1 نوفمبر 1955 حتى 7 مايو 1975\nالحرب الكورية - 27 يونيو 1950 حتى 31 يناير 1955\nالحرب العالمية الثانية - من 7 ديسمبر 1941 حتى 31 ديسمبر 1946\nالحرب العالمية الأولى - 6 أبريل 1917 حتى 11 نوفمبر 1918,مراسلة مكتب Department of Finance عبر البريد الإلكترونيراسل مكتب (http://www1.nyc.gov/site/finance/about/contact-by-email/contact-exemptions-inquiries.page) Department of Finance عبر البريد الإلكتروني إذا كان لديك أي سؤال عن هذا البرنامج.,اتصل بالرقم 311اسأل عن برنامج برنامج إعفاء المحاربين القدامى.,زيارة الموقع الإلكترونيقم بزيارة موقع إعفاء المحاربين القدامى (Veterans' Exemption) الإلكتروني (http://www1.nyc.gov/site/finance/benefits/landlords-veterans.page) للمزيد من المعلومات.,قم بتقديم الطلب بحلول 15 مارس للحصول على المخصصات لتبدأ في الأول من يوليو من نفس العام. إذا صادف الخامس عشر من مارس عطلة نهاية أسبوع أو عطلة، فإن الموعد النهائي سيكون يوم العمل التالي. (https://a836-pts-efile.nyc.gov/SmartFile/Filing/FilingType/Info/NYC_VET) أكمل الطلب عبر الإنترنت (https://a836-pts-efile.nyc.gov/SmartFile/Filing/FilingType/Info/NYC_VET_COOP) . إذا كنت تقيم في سكن تعاوني، فتقدم بطلب باستخدام (https://a836-pts-access.nyc.gov/care/search/commonsearch.aspx?mode=address) استمارة طلب للسكن التعاوني.عند التقديم، سوف تحتاج إلى منطقتك الإدارية والمربع السكني وقطعة الأرض (BBL) لمنزلك. استخدم البحث عن عنوان العقار (Property Address Search) للحصول على هذه المعلومات.,
"প্রাক্তন সমরকর্মী ছাড়ের (Veterans' Exemption) জন্য যোগ্য হওয়ার জন্য, আপনাকে এই সমস্ত প্রশ্নের উত্তরে হ্যাঁ উত্তর দিতে সক্ষম হতে হবে।\nআপনি কি বর্তমান দলিলকৃত মালিক, পতি/পত্নী, অথবা সম্পত্তির মালিকের জীবিত অবিবাহিত বিধবা/বিপত্নিক?\nসম্পত্তিটি কি আপনার প্রাথমিক বাসস্থান?\nআপনি কি একজন প্রাক্তন সমরকর্মী যিনি নিম্নলিখিত কোনো একটি সংঘাতে মার্কিন সশস্ত্র বাহিনীতে ছিলেন?\nপারস্য উপসাগরীয় সংঘাত (আফগানিস্তান ও ইরাক যুদ্ধ সহ) - 2 আগস্ট, 1990 থেকে শুরু করে বর্তমান\nভিয়েতনাম যুদ্ধ - 1 নভেম্বর, 1955 থেকে 7 মে, 1975\nকোরিয়ান যুদ্ধ - 27 জুন, 1950 - 31 জানুয়ারী, 1955\nদ্বিতীয় বিশ্বযুদ্ধ - 7 ডিসেম্বর, 1941 থেকে 31 ডিসেম্বর, 1946\nপ্রথম বিশ্বযুদ্ধ - 6 এপ্রিল, 1917 থেকে 11 নভেম্বর, 1918",অর্থ বিভাগকে (Department of Finance) মেল করুন:যদি আপনার এই কার্যক্রম সম্পর্কে প্রশ্ন থাকে তাহলে (http://www1.nyc.gov/site/finance/about/contact-by-email/contact-exemptions-inquiries.page) অর্থ বিভাগে (Department of Finance) ইমেল করুন।,311-তে ফোন করুনভেটারান্স এগজেম্পশন সম্পর্কে জিজ্ঞাসা করুন।,ওয়েবসাইটটি দেখুনআরো তথ্যের জন্য আমাদের ভেটারান্স এগজেম্পশন ওয়েবসাইট (http://www1.nyc.gov/site/finance/benefits/landlords-veterans.page) দেখুন।,"1লা জুলাই থেকে শুরু হওয়া সুবিধাগুলির জন্য সেই বছরের 15ই মার্চের মধ্যে আবেদন করুন। যদি 15ই মার্চ একটি সাপ্তাহিক ছুটির দিন বা ছুটির দিনে পড়ে, তাহলে সময়সীমা হল পরবর্তী কাজের দিন। (https://a836-pts-efile.nyc.gov/SmartFile/Filing/FilingType/Info/NYC_VET) অনলাইন আবেদন সম্পূর্ণ করুন (https://a836-pts-efile.nyc.gov/SmartFile/Filing/FilingType/Info/NYC_VET_COOP) । আপনি যদি একটি কো-অপ-এ থাকেন, তাহলে (https://a836-pts-access.nyc.gov/care/search/commonsearch.aspx?mode=address) কো-অপস আবেদনপত্র ব্যবহার করে আবেদন করুন।আবেদন করার সময়, আপনার বাড়ির বরো, ব্লক এবং লট (BBL) প্রয়োজন হবে। এই তথ্য পেতে সম্পত্তি ঠিকানা অনুসন্ধান (Property Address Search) ব্যবহার করুন।",
"Para ser elegible para la SCHE, debería poder responder “sí” a todas estas preguntas:\n¿Son todos los propietarios de la vivienda mayores de 65 años?  O, si usted y su cónyuge o hermano son copropietarios, ¿es alguno de ustedes mayor de 65 años?\n¿Es la vivienda su residencia principal?\n¿Son los ingresos combinados de todos los propietarios inferiores o iguales a $58,399?\nLos ingresos NO incluyen los beneficios de Seguridad de Ingreso Suplementario (SSI) ni de ayuda económica.\n¿Ha sido propietario de su vivienda por al menos 12 meses consecutivos?",,Llame al 311Pregunte por Exención para Propietarios de la Tercera Edad.,Visite el sitio webVisite el sitio web de SCHE (http://www1.nyc.gov/site/finance/benefits/landlords-sche.page) para obtener más información.,"Presente una solicitud (https://a836-pts-efile.nyc.gov/SmartFile/Filing/FilingType/Info/NYC_SCHE) en línea (https://a836-pts-efile.nyc.gov/SmartFile/Filing/FilingType/Info/NYC_SCHE_COOP) antes del 15 de marzo, para que los beneficios inicien el 1 de julio.Si usted vive en un plan orientado y operado por los consumidores (CO-OP), puede presentar su solicitud en línea, usando la (https://a836-pts-access.nyc.gov/care/search/commonsearch.aspx?mode=address) solicitud de co-op SCHE.Cuando haga la solicitud, deberá dar el distrito, la manzana y el lote (BBL) de su casa. Use la herramienta de búsqueda de direcciones de viviendas para obtener esta información.",SCHE
"Vous devez remplir les conditions ci-dessous pour avoir droit au crédit pour l’année fiscale 2024.\nVous avez perçu des revenus de 200 000 $ à 400 000 $ si vous êtes marié(e) et faites une déclaration de revenus commune.\nSur votre déclaration de revenus, vous déclarez un enfant qui a :\nau maximum 16 ans\nL’enfant doit avoir un numéro de Sécurité sociale (Social Security Number, SSN) ou un numéro d’identification de contribuable en attente d’adoption (Adoption Tax Identification Number, ATIN). Le ou la déclarant(e) peut utiliser un numéro de SSN ou un numéro d’identification de contribuable (Individual Taxpayer Identification Number, ITIN).\nLes enfants admissibles doivent être votre fils, votre fille, votre beau-fils, votre enfant placé, votre frère, votre sœur, votre demi-frère, votre demi-sœur ou un descendant de l’un d’entre eux (par exemple, un petit-enfant, une nièce ou un neveu)\nVotre enfant ou votre personne à charge doit avoir vécu avec vous pendant plus de la moitié de l’année aux États-Unis et vous le ou la déclarez comme personne à charge dans votre déclaration de revenus.\nVotre enfant ne peut pas fournir plus de la moitié de sa propre prise en charge financière.",,Appelez le 311 Demandez l’aide du service de préparation de déclaration de revenus.,Renseignez-vous sur les crédits d’impôt (https://www1.nyc.gov/site/dca/consumers/get-tax-credit-information.page) que vous pouvez demander.,Remplissez gratuitement votre déclaration de revenus fédérale sur lesite getyourrefund.org (https://www.getyourrefund.org/) pour demander le crédit d’impôt pour enfant.,CTC
"DRIE를 받으려면 다음 질문 모두에 ""Yes""라고 응답할 수 있어야 합니다.\n귀하는 18세 이상이십니까?\n임대차 계약서상 임차인이 본인입니까?\n귀하의 총 가구 소득이 연 $50,000 이하입니까?\n임대료가 월 소득 지출의 1/3을 초과합니까?\n다음 혜택으로부터 발생하는 소득이 있습니까?\n보충적 보장 소득(Supplemental Security Income, SSI)\n연방 사회 보장 장애 보험(Federal Social Security Disability Insurance, SSDI)\nU.S. Department of Veterans Affairs(VA) 장애 연금 또는 보상\n이전에 SSI 또는 SSDI를 수령한 경우 장애 관련 Medicaid\nNYC에서 다음 유형 중 하나의 주택에서 거주하고 계십니까?\n임대료 안정화 아파트\n임대료 규제 아파트\nMitchell-Lama 개발\nLimited Dividend 개발\n재개발 회사 개발\nHousing Development Fund Company(HDFC) Cooperative 개발\n섹션 213 조합식 공동주택\n임대 규제 호텔 또는 싱글 룸 거주 가구",DRIE에 문의하기재무부에 (http://www1.nyc.gov/site/finance/about/contact-by-email/contact-drie.page) 지원을 요청하십시오.,311번으로 전화DRIE 전문가 요청.,웹사이트 방문상세 내용은 the 뉴욕시 임대료 동결 프로그램 웹사이트 (http://www1.nyc.gov/site/rentfreeze/index.page) 를 방문하십시오.COVID-19 동안의 임대료 동결 프로그램은자주 하는 질문 (https://www1.nyc.gov/site/rentfreeze/help/covid-19-frequently-asked-questions.page) 을 검토하십시오.,"온라인 신청처음 DRIE를 신청하는 경우온라인 (https://www1.nyc.gov/site/rentfreeze/tools/nyc-tap.page) 으로 신청할 수 있습니다.가상 면담 동안 신청 (https://www1.nyc.gov/assets/finance/jump/dof-appointments.html) 가상 면담 일정을 잡아 DRIE 신청에 대한 도움을 받을 수 있습니다. 일정 잡기:\n""서비스 선택(Select Service)""에서 임차인 및 주택 소유자 면제 프로그램(Renter and Homeowner Exemption Programs)을 선택합니다. ""SCRIE 또는 DRIE 임차료 동결"" 최초 신청서를 선택합니다.\n""위치 선택(Select Location)""에서 ""면제 가상 면담(Exemptions Virtual Appointments)""을 선택합니다.\n날짜와 시간을 선택합니다. 면담을 생성하기 위해 연락처 정보를 작성합니다.",DRIE
"দুই ধরণের STAR সুবিধা রয়েছে: বেসিক STAR and এনহ্যান্সড STAR। কোনো একটির জন্য যোগ্য হতে আপনাকে এই সমস্ত প্রশ্নের উত্তরে হ্যাঁ উত্তর দিতে হবে:\nসম্পত্তিটি কি মালিকদের মধ্যে অন্তত একজনের প্রাথমিক বাসস্থান?\nআপনি কি নিম্নলিখিত ধরনের আবাসনে থাকেন?\nবাড়ি\nকন্ডো\nকোঅপারেটিভ অ্যাপার্টমেন্ট\nপ্রস্তুত করা বাড়ি\nফার্ম হাউস\nঅ্যাপার্টমেন্ট বিল্ডিং সহ (কেবলমাত্র মালিকাধীন অংশ যোগ্য) মিশ্র ব্যবহারের সম্পত্তিবেসিক STAR এর জন্য, এই অতিরিক্ত প্রশ্নের ক্ষেত্রে আপনাকে হ্যাঁ উত্তর দিতে হবে:\nবাড়িতে বসবাসকারী সকল মালিক এবং তাদের স্বামী/ স্ত্রীদের সম্মিলিত আয় অবশ্যই বছরে $500,000 বা তার কম হতে হবে।\nআপনি যদি আপনার সম্পত্তির মালিক হন এবং 2015-16 সালে মৌলিক STAR পেয়ে থাকেন কিন্তু তারপরে আর এই সুবিধা না পেয়ে থাকেন, তাহলে আপনি তা ফিরে পেতে পারেন। আপনার মৌলিক STAR ফিরে পাওয়ার জন্য, আপনার উপার্জন অবশ্যই $250,000 বা তার কম হতে হবে।এনহ্যান্সড STAR এর জন্য, এইসব অতিরিক্ত প্রশ্নের ক্ষেত্রে আপনাকে হ্যাঁ উত্তর দিতে হবে:\n আপনি যদি বর্তমানে মৌলিক STAR পেয়ে থাকেন, তাহলে আপনি বর্ধিত STAR পাওয়ার যোগ্য হতে পারেন যদি আপনি যে বছরে আবেদন (https://www1.nyc.gov/site/finance/benefits/landlords-star.page) করছেন সেই বছরে আপনার বয়স 65 হয়। সমস্ত মালিক এবং বসবাসকারী স্বামী/স্ত্রীদের বা রেজিস্টার করা পারিবারিক সঙ্গীদের মোট উপার্জন $92,000-এর বেশি হওয়া যাবে না।",STAR তে ইমেল করুনযদি আপনার STAR সম্পর্কে প্রশ্ন থাকে তাহলে (http://www1.nyc.gov/site/finance/about/contact-by-email/contact-exemptions-inquiries.page) NYC অর্থিক বিভাগে ইমেল করুন।,311 নম্বরে ফোন করুনস্কুল কর ছাড়ের (School Tax Relief) প্রোগ্রামের জন্য বলুন।,ওয়েবসাইটটি দেখুনআরো তথ্যের জন্য আমাদের STAR ওয়েবসাইটে (https://tax.ny.gov/pit/property/star/default.htm) যান।,"আপনি যদি আপনার সম্পত্তির মালিক হন এবং 2015-16 সালে স্টার পেয়ে থাকেন তবে আপনি পরে বেনিফিট হারান এবং এটি পুনরুদ্ধার করতে চান তাহলে আপনি অর্থ বিভাগের সাথে বেসিক স্টারের জন্য আবেদন করতে পারেন।\n (https://www1.nyc.gov/assets/finance/jump/smartfile-estar-star.html) স্টার/এস্টার অনলাইন প্রাথমিক আবেদন (https://www1.nyc.gov/assets/finance/jump/smartfile-star-estar-coop.html) \n (https://a836-pts-efile.nyc.gov/SmartFile/Filing/FilingType/Info/NYC_STAR) স্টার/এস্টার অনলাইন কো-অপসের জন্য প্রাথমিক আবেদন (https://www.tax.ny.gov/pit/property/star/) আপনি বর্ধিত স্টার (ই-স্টার) অনলাইন অর্থ বিভাগের সাথে আবেদন করতে পারেন\nযদি আপনি একটি বেসিক স্টার প্রাপক হন যারা উন্নত স্টারের জন্য যোগ্য,\nযদি আপনি 65 বছর বা তার বেশি বয়সে আবেদন করেন এবং 2015-16 সালে আপনার সম্পত্তিতে স্টার ছাড় পেয়েছেন।যদি আপনার আয় $ 250, 000 এর বেশি এবং $ 500,000 এর কম বা সমান হয়, তাহলে আপনি নিউ ইয়র্ক স্টেট স্টার ট্যাক্স ক্রেডিটের জন্য অনলাইনে নিবন্ধন করতে পারেন অথবা 518-457-2036 এ কল করে।",STAR
"Вы соответствуете критериям получения льгот для ветеранов, только если можете утвердительно ответить на все приведенные ниже вопросы.\nЯвляетесь ли вы действующим владельцем, супругом или вдовой/вдовцом владельца недвижимости, не состоящим с вами в браке?\nЯвляется ли недвижимость вашим основным местом жительства?\nЯвляетесь ли вы ветераном, который служил в вооруженных силах США во время одного из следующих конфликтов?\nВойна в Персидском заливе (включает войны в Афганистане и Ираке) — со 2 августа 1990 года по настоящее время\nВойна во Вьетнаме — с 1 ноября 1955 года по 7 мая 1975 года\nКорейская война — с 27 июня 1950 года по 31 января 1955 года\nВторая мировая война — с 7 декабря 1941 года по 31 декабря 1946 года\nПервая мировая война — с 6 апреля 1917 года по 11 ноября 1918 года","Напишите по электронной почте в Департамент финансовЕсли у вас возникли вопросы об этой программе, напишите по электронной почте в (http://www1.nyc.gov/site/finance/about/contact-by-email/contact-exemptions-inquiries.page) Департамент финансов (Department of Finance).",Позвоните по телефону 311Попросите соединить вас с Налоговые льготы для ветеранов.,Посетите веб-сайтПодробную информацию можно получить на сайте программы налоговых льгот для ветеранов (Veterans' Exemption). (http://www1.nyc.gov/site/finance/benefits/landlords-veterans.page),"Подайте заявление до 15 марта, чтобы начать пользоваться льготами с 1 июля этого года. Если 15 марта выпадает на выходной или праздничный день, крайним сроком считается следующий рабочий день. (https://a836-pts-efile.nyc.gov/SmartFile/Filing/FilingType/Info/NYC_VET) заполните заявление онлайн (https://a836-pts-efile.nyc.gov/SmartFile/Filing/FilingType/Info/NYC_VET_COOP) . Если вы живете в кооперативе, используйте форму (https://a836-pts-access.nyc.gov/care/search/commonsearch.aspx?mode=address) заявления для кооперативов.При подаче заявления вам понадобится информация о районе, блоке и лоте (Borough-Block-Lot, BBL) вашего дома.Для получения этой информации воспользуйтесь поиском по адресу недвижимости.",
"\nAby wziąć udział w programie, należy spełniać kilka warunków. Obejmują one następujące kwestie:ile zarabiasz\nile pieniędzy otrzymujesz w ramach świadczeń\nile osób liczy Twoje gospodarstwo domowe",,Zadzwoń pod numer 311 Zapytaj o program SNAP.,"Odwiedź stronę Aby dowiedzieć się więcej o programie, odwiedź stronę internetową SNAP (https://www1.nyc.gov/site/hra/help/snap-benefits-food-program.page) .","\nZłóż wniosek online na (https://a069-access.nyc.gov/ACCESSNYC/application.do) ACCESS HRA (https://appsto.re/us/9s9N_.i) . Wszystkie wnioski o włączenie do programu pomocy pieniężnej, programu SNAP oraz Medicaid można złożyć jednocześnie.\nZeskanuj dokumenty za pomocą aplikacji NYC HRA Document Upload dostępnej bezpłatnie w (https://play.google.com/store/apps/details?id=gov.nyc.hra.DocUploads) iTunes Store (https://a069-access.nyc.gov/ACCESSNYC/application.do) (dla iPhone’ów) lub w (https://a069-access.nyc.gov/ACCESSNYC/application.do) Sklepie Google Play (dla telefonów z systemem Android).\nPo złożeniu wniosku będziesz musiał(a) przejść rozmowę kwalifikującą do uzyskania pomocy. Rozmowę można przeprowadzić telefonicznie, bez konieczności stawiania się w centrum SNAP.\nStatus swojego wniosku można sprawdzić na stronie ACCESS HRA.\nWniosek o odnowienie uczestnictwa w SNAP trzeba składać co roku. Biuro SNAP wyśle Ci pakiet dokumentów do wypełnienia i zwrotu do HRA. Możesz też złożyć wniosek o odnowienie uczestnictwa drogą elektroniczną na stronie ACCESS HRA Po przesłaniu formularza odnowienia uprawnień, zadzwoń pod nr 718-SNAP-Now (718-762-7669) w celu odbycia wywiadu.",SNAP
"SCHE-এর জন্য যোগ্য হওয়ার জন্য, আপনাকে এই সমস্ত প্রশ্নের উত্তরে হ্যাঁ উত্তর দিতে সক্ষম হতে হবে:\nসম্পত্তিটির সকল মালিক কি 65 বছর বা তার বেশি বয়সী?  অথবা, আপনি যদি স্বামী/স্ত্রী বা ভাইবোনের সাথে সম্পত্তিটির মালিক হন তবে আপনাদের মধ্যে শুধু একজনের বয়স কি 65 বছর বা তার বেশি?\nসম্পত্তিটি কি আপনার প্রাথমিক বাসস্থান?\nসকল মালিকদের সম্মিলিত আয় কি $58,399 এর কম বা সমান?\nআয়ের মধ্যে SSI বা নগদ সহায়তা সুবিধা (Cash Assistance benefits) অন্তর্ভুক্ত নয়।\nআপনি কি কমপক্ষে টানা 12 মাস ধরে আপনার সম্পত্তির মালিক রয়েছেন?",,311 নম্বরে ফোন করুনSenior Citizen Homeowners' Exemption (প্রবীণ নাগরিক বাড়ির মালিকদের ছাড়ের) প্রোগ্রাম চান।,ওয়েবসাইটটি দেখুনআরো জানতে SCHE ওয়েবসাইট (http://www1.nyc.gov/site/finance/benefits/landlords-sche.page) দেখুন।,"জুলাই 1 থেকে শুরু হওয়া সুবিধার জন্য মার্চ 15 এর মধ্যে (https://a836-pts-efile.nyc.gov/SmartFile/Filing/FilingType/Info/NYC_SCHE) অনলাইনে আবেদন (https://a836-pts-efile.nyc.gov/SmartFile/Filing/FilingType/Info/NYC_SCHE_COOP) করুন।যদি আপনি কো-অপে থাকেন, তাহলে আপনি SCHEএর কো-অপ অ্যাপ্লিকেশন ব্যবহার করে অনলাইনে আবেদন করতে পারেন।আপনার সম্পত্তি খুঁজতে এবং ফরম পূরণ শুরু করতে আপনার ঠিকানা বা বরো, ব্লক এবং লট (BBL) বা সম্পত্তির ঠিকানা ব্যবহার করুন।",SCHE
"Pou w elijib pou SCHE, ou dwe an mezi pou w reponn wi pou tout kesyon sa yo:\nÈske tout pwopriyetè yo gen 65 lane oswa plis? Oswa, si ou posede pwopriyete a avèk yon mari/madanm oswa frè/sè, èske youn nan nou gen 65 lane oswa plis?\nÈske pwopriyete a se prensipal kote ou rete?\nÈske revni konbine pou tout pwopriyetè yo mwens pase oswa egal ak $58,399 dola?\nRevni an PA gen ladan SSI ni avantaj Èd Lajan Kach.\nÈske ou te posede pwopriyete w la pandan omwen 12 mwa san kanpe?",,Rele 311Mande pou Egzanpsyon Pwopriyetè Granmoun Aje.,Vizite sitwèb laVizite sitwèb SCHE (http://www1.nyc.gov/site/finance/benefits/landlords-sche.page)  a pou aprann plis.,"(https://a836-pts-efile.nyc.gov/SmartFile/Filing/FilingType/Info/NYC_SCHE) Aplike sou entènèt (https://a836-pts-efile.nyc.gov/SmartFile/Filing/FilingType/Info/NYC_SCHE_COOP) avan 15 Mas pou avantaj yo kòmanse 1ye Jiyè.Si ou ap viv nan yon co-op, ou ka aplike sou entènèt avèk (https://a836-pts-access.nyc.gov/care/search/commonsearch.aspx?mode=address) aplikasyon SCHE co-ops lan.Lè w ap aplike, ou ap bezwen minisipalite, blòk, ak pasèl (BBL) pou kay ou a. Itilize zouti Rechèch Adrès Pwopriyete a pou w jwenn enfòmasyon sa yo.",SCHE
\nPwogram sa a egzamine plizyè bagay pou li deside si ou elijib. Men kèk ladan yo:kantite kòb ou fè\nkantite kòb ou resevwa gras ak avantaj\nKonbyen moun k ap viv lakay ou\nResous tankou lajan kach ak kont labank,,Rele 311 Mande Èd Lajan Kach,Ale sou sit entènèt la Ale sou sit entènèt Èd Lajan Kach la (http://www1.nyc.gov/site/hra/help/cash-assistance.page) pou w jwenn plis enfòmasyon sou pwogram sa a.,"\nAplike sou (https://a069-access.nyc.gov/accesshra/) ACCESS HRA (http://www1.nyc.gov/site/hra/locations/job-locations.page) . Ou ka aplike pou èd lajan kach, SNAP, ak Medicaid nan menm moman an.\nSèvi ak aplikasyon mobil ACCESS HRA a pou w swiv pwogrè aplikasyon w lan oswa pou w voye dokiman yo.\nN ap kontakte ou pou yon entèvyou nan telefòn. Ou kapab vizite tou yon Sant Benefis Access HRA pou yon entèvyou an pèsòn.",
"Pour être admissible à l’exemption pour les anciens combattants, vous devez pouvoir répondre « oui » à toutes les questions suivantes :\nÊtes-vous le propriétaire actuel en propre, ou le conjoint, la veuve ou le veuf survivant non remarié du propriétaire du bien immobilier ?\nLe bien immobilier constitue-il votre résidence principale ?\nÊtes-vous un ancien combattant ayant servi dans les forces armées américaines pendant l’un des conflits suivants ?\nConflit du golfe Persique (comprend les conflits en Afghanistan et en Irak) – Du 2 août 1990 à aujourd’hui\nGuerre du Vietnam – du 1er novembre 1955 au 7 mai 1975\nGuerre de Corée – du 27 juin 1950 au 31 janvier 1955\nSeconde Guerre mondiale – du 7 décembre 1941 au 31 décembre 1946\nPremière Guerre mondiale – du 6 avril 1917 au 11 novembre 1918",Envoyez un email au Ministère des financesEnvoyez un courriel au (http://www1.nyc.gov/site/finance/about/contact-by-email/contact-exemptions-inquiries.page) ministère des finances si vous avez des questions sur ce programme.,Appelez le 311Demandez des renseignements sur l'exonération pour les anciens combattants.,Visitez le site webRendez-vous sur le site web dédié aux exonérations (http://www1.nyc.gov/site/finance/benefits/landlords-veterans.page) pour les anciens combattants pour obtenir plus d'informations.,"Déposez votre dossier au plus tard le 15 mars pour commencer à recevoir les prestations le 1er juillet de la même année. Si le 15 mars tombe en fin de semaine ou un jour férié, la date d’échéance est fixée au jour ouvrable suivant. (https://a836-pts-efile.nyc.gov/SmartFile/Filing/FilingType/Info/NYC_VET) Remplissez le formulaire de demande en ligne (https://a836-pts-efile.nyc.gov/SmartFile/Filing/FilingType/Info/NYC_VET_COOP) . Si vous vivez en copropriété, vous pouvez soumettre votre demande à l’aide de la (https://a836-pts-access.nyc.gov/care/search/commonsearch.aspx?mode=address) demande pour les copropriétés.Dans le cadre de votre demande, vous devrez indiquer l’arrondissement, le quartier et la parcelle de votre bien immobilier. Servez-vous de l’outil de recherche d’adresse de bien immobilier pour obtenir ces renseignements.",
يمكن لجميع الأطفال المولودين في نيويورك عام 2020 التسجيل في العام الدراسي 2024-2025. يشمل ذلك الأطفال ذوي الاحتياجات الخاصة (https://www.schools.nyc.gov/enrollment/enrollment-help/meeting-student-needs/students-with-disabilities) أو أولئك الذين يتعلمون اللغة الإنجليزية (https://www.schools.nyc.gov/enrollment/enrollment-help/meeting-student-needs/students-learning-english) . لا يحتاج الأطفال إلى أن يكونوا مدربين على استخدام المرحاض للالتحاق ببرامج صف ما قبل الروضة.,المراسلة عبر البريد الإلكتروني لعمليات القبول في برنامج صف ما قبل الروضة أرسِل بريدًا إلكترونيًا إلى es_enrollment@schools.nyc.gov (mailto:ES_Enrollment@schools.nyc.gov) إذا كانت لديك أسئلة بشأن الالتحاق ببرنامج صف ما قبل الروضة.,اتصل هاتفيًا بالرقم 311 اسأل عن برنامج صف ما قبل الروضة للجميع (Pre-K For All).,"تفضَّل بزيارة الموقع الإلكتروني بادِر بزيارة الموقع الإلكتروني لبرامج ما قبل الروضة التابعة لإدارة التعليم بمدينة نيويورك (NYC Department of Education, DOE) (https://www.schools.nyc.gov/enrollment/enroll-grade-by-grade/pre-k) لمعرفة المزيد بشأن عمليات القبول في برامج صف ما قبل الروضة.",قدِّم على نظام MySchools (https://www.myschools.nyc/en/) في الفترة من 10 يناير 2024 إلى 1 مارس 2024. يمكنك التقديم باللغة الإنجليزية أو العربية أو البنغالية أو الصينية أو الكريولية الهايتية أو الفرنسية أو الكورية أو الروسية أو الإسبانية أو الأوردية. يمكنك أيضًا العثور على برامج صف ما قبل الروضة بنظام نصف اليوم في نظام MySchools.,Pre-K
"2024년 과세 연도에 대한 세금 공제를 받으려면 아래 요건을 충족해야 합니다.\n소득이 최대 $200,000이며, 부부 공동 신고의 경우 최대 $400,000입니다.\n세금 신고서에 다음과 같은 자녀에 대한 공제를 청구합니다.\n16세 이하\n자녀는 사회 보장 번호(SSN) 또는 입양 납세자 번호(ATIN)를 가지고 있어야 합니다. 신고자는 SSN 또는 개인 납세자 식별 번호(ITIN)를 사용할 수 있습니다.\n자격이 있는 자녀는 아들, 딸, 의붓자녀, 자격이 있는 수양 자녀, 형제, 자매, 의붓형제, 의붓자매, 이복형제, 이복자매 또는 이들 중 한 사람의 자손(예: 손주, 조카딸 또는 조카아들)이어야 합니다.\n자녀 또는 부양가족이 미국에서 반년 넘게 함께 살았어야 하며 귀하는 세금 신고서에 부양가족으로 청구합니다.\n자녀는 본인의 재정 지원의 절반 이상을 제공할 수 없습니다.",,311번으로 전화 문의 세금 신고 준비에 대한 도움을 요청하십시오.,청구할 수 있는 (https://www1.nyc.gov/site/dca/consumers/get-tax-credit-information.page) 세금 공제에 대해 자세히 알아보십시오.,getyourrefund.org (https://www.getyourrefund.org/) 에서 무료로 연방 세금을 신고하여 자녀 세금 공제를 청구하십시오.,CTC
Nenpòt moun ka enskri nan yon Plan Sante Kalifye.\nPifò imigranyo ka enskri sou Mache NY State of Health (NY State of HealthMarketplace). Gen èd finansyè ki disponib.\nNenpòt mounka a rele konpani asirans lan oswa vizite sit entènèt yo a pouachte yon asirans sante prive dirèkteman nan men konpayi asiranssila.,,Rele 311 Pou kesyon jeneral ou genyen souasirans sante epi pou ou jwenn yon asistan fasafas.,Aprann plis sou opsyon asirans sante yo Aprannplis sou opsyon ou genyen pa mwayenAksè nan Asirans SanteHRA pou Tout Vil la (https://www1.nyc.gov/site/ochia/coverage-care/insurance-options.page) . Mande èd pou ou enskriGetCoveredNYC (https://www1.nyc.gov/nyc-resources/get-covered.page) ede Rezidan New York yo enskri nan asirans sante. Gen espesyalisdevwe ki kapab ede ou nan lang ou an gratis. Mande pou yonkonseye rele ou Ranpli yonFòm Demann Èd pou Enskri nanAsirans Sante (https://nycdohmh.surveymonkey.com/r/7BB62M3) yon fason pou yon konseye nan kesyon enskripsyon rele ou. Gen èdgratis pou enskripsyon ki disponib kèlkeswa estati imigrasyon ouepi li nan plizyè lang. Yo ap kenbe enfòmasyon ou yokonfidansyèl.,Enskri nan asirans sante atravèNY State of Health (https://nystateofhealth.ny.gov/) .,QHP
\nیہ پروگرام کئی چیزوں کو دیکھ کر فیصلہ کرتا ہے کہ آیا آپ اہل ہیں یا نہیں۔ ان میں سے کچھ درج ذیل ہیں:آپ کتنے پیسے کماتے ہیں\nآپ کو مراعات سے کتنی رقم ملتی ہے\nآپ کے گھر میں کل کتنے افراد رہتے ہیں\nنقد رقم یا اکاؤنٹ کی چیکنگ جیسے وسائل,,311 پر کال کریں نقد اعانت کے بارے میں پوچھیں۔,ویب سائٹ ملاحظہ کریں اس پروگرام کے بارے میں مزید جاننے کے لیے نقد اعانت کی ویب سائٹ (http://www1.nyc.gov/site/hra/help/cash-assistance.page) وزٹ کریں۔,\n (https://a069-access.nyc.gov/accesshra/) ACCESS HRA (http://www1.nyc.gov/site/hra/locations/job-locations.page) پر درخواست دیں۔ آپ ایک ہی وقت میں نقد اعانت، SNAP، اور Medicaid کے لیے درخواست دے سکتے/سکتی ہیں۔\nاپنی درخواست کی پیش رفت کا جائزہ لینے یا دستاویزات جمع کروانے کے لیے ACCESS HRA موبائل ایپ استعمال کریں۔\nآپ سے فون انٹرویو کیلئے رابطہ کیا جائے گا۔ بالمشافہ انٹرویو کے لیے آپ HRA بینیفٹس ایکسس سینٹر بھی تشریف لا سکتے/سکتی ہیں۔,
"\nПрограммы Early Head Start Лучший способ узнать, соответствует ли ваша семья требованиям для участия в программе Early Head Start, — напрямую связаться с представителями программы. Ваша семья может соответствовать требованиям для участия в программе Early Head Start, если вы подпадаете хотя бы под одну из приведенных ниже категорий.Вы проживаете во временном жилище.\nВы получаете денежное пособие HRA.\nВы получаете дополнительный доход по социальному обеспечению (Supplemental Security Insurance, SSI).\nВы зачисляете в программу ребенка, который находится на патронажном воспитании.\nВы также можете претендовать на участие в программе, если доход вашей семьи не превышает суммы, указанные ниже:\n Количество членов семьи| Годовой доход\n 1| $14 580\n 2| $19 720\n 3| $24 860\n 4| $30 000\n 5| $35 140\n 6| $40 280\n 7| $45 420\n 8| $50 560\n За каждого дополнительного члена семьи добавляется:| $5140\n \n Программы, предназначенные для младенцев и детей ясельного возраста Вы также должны подпадать хотя бы под одну из одобренных ниже категорий «причин для ухода»:Вы работаете более 10 часов в неделю.\nВы являетесь участником программы общего или профессионально-технического образования.\nВы начинаете искать работу или искали ее на протяжении периода до 6 месяцев. Это включает в себя поиск работы во время получения пособия по безработице.\nВы проживаете во временном жилище.\nВам оказывают помощь как жертве домашнего насилия.\nВы проходите лечение от наркотической зависимости\nВы можете претендовать на участие в программе, если доход вашей семьи не превышает суммы, указанные ниже:\n Количество членов семьи| Ежемесячный доход| Годовой доход\n 1| $4,301| $51,610\n 2| $5,624| $67,490\n 3| $6,948| $83,370\n 4| $8,271| $99,250\n 5| $9,594| $115,130\n 6| $10,918| $131,010\n 7| $11,166| $133,987\n 8| $11,414| $136,965\n 9| $11,662| $139,942\n 10| $11,910| $142,920\n 11| $12,158| $145,897\n 12| $12,406| $148,875\n 13| $12,654| $151,852\n 14| $12,903| $154,830\n 15| $13,151| $157,807\n",,"Позвоните по номеру 311 Если вам требуется помощь с поиском программы, создайте запрос о программе ухода за детьми EarlyLearn.",Посетите веб-сайт Более подробную информацию об услугах по уходу за детьми можно найти на веб-странице NYCDOE (https://www.schools.nyc.gov/enrollment/enroll-grade-by-grade/earlylearn-nyc) .,Подайте заявление с помощью приложения MyCity (https://mycity.nyc.gov/s/childcarelanding?language=en_US&LanguageCode=en_US) .,
"您必須滿足以下條件才有資格獲得 2024 納稅年度的稅收抵免。\n您的勞動收入最多達 $200,000，已婚或合併申報者最多達 $400,000。\n您在報稅表申報符合以下條件的子女：\n16 歲或以下\n該子女必須有社會安全號碼 (SSN) 或收養稅務識別號碼 (ATIN)。 申報者可以使用 SSN 或個人納稅人識別號碼 (ITIN)。\n符合條件的兒童必須是您的兒子、女兒、繼子女、符合資格的收養子女、兄弟、姊妹、繼兄弟、繼姊妹、同父異母或同母異父的兄弟姊妹，或此類人士的後代（如（外）孫子/孫女、姪女/外甥女或侄子/外甥）\n您的子女或受撫養人跟您住在美國已逾半年，並且您將在報稅表上將他們列為受撫養人。\n您的子女無法為他們自己提供逾一半的經濟支援。",,致電 311 請求納稅籌劃協助。,瞭解您可以申領的稅額抵免。 (https://www1.nyc.gov/site/dca/consumers/get-tax-credit-information.page),造訪getyourrefund.org (https://www.getyourrefund.org/) 免費申報聯邦稅並申請子女稅額抵免。,CTC
"Extended Day & Year (EDY) Infant/Toddler programsFor EDY programs, children must have legal immigration status. Children are eligible for care regardless of the parents’ legal immigration status.You must have at least one of these approved “reasons for care”:\nYou work 10+ hours per week\nYou are in an educational or vocational training program\nYou are starting to look for work or have been looking for work for up to 6 months. This includes looking for work while receiving unemployment\nYou live in temporary housing\nYou are attending services for domestic violence\nYou are receiving treatment for substance abuse\nYou may qualify if your household income is at or below these amounts:\nFamily size|Monthly income|Yearly income\n2|$6,156|$73,869.56\n3|$7,604|$91,250.63\n4|$9,053|$108,631.70\n5|$10,501|$126,012.77\n6|$11,949|$143,393.84\n7|$12,221|$146,652.80\n8|$12,493|$149,911.75\n9|$12,764|$153,170.70\n10|$13,036|$156,429.65\n11|$13,307|$159.688.60\n12|$13,579|$162,947.55\n13|$13,851|$166,206.50\n14|$14,122|$169,465.45\n15|$14,394|$172,724.40\nEarly Head Start programsLegal immigration status is not a requirement for children or parents in Early Head Start programs.The best way to find out if your family is eligible for Early Head Start is to contact a program directly. Your family may qualify for Early Head Start if at least one of these categories applies to you:\nYou live in temporary housing\nYou receive HRA Cash Assistance\nYou receive SSI (Supplemental Security Insurance)\nYou receive SNAP benefits\nYou are enrolling a child who is in foster care\nYou may also qualify if your household income is at or below these amounts:\nFamily size|Yearly income\n1|$14,580\n2|$19,720\n3|$24,860\n4|$30,000\n5|$35,140\n6|$40,280\n7|$45,420\n8|$50,560\nFor each additional person, add:|$5,140\n",,,Visit the website Get more information about childcare from NYCDOE (https://www.schools.nyc.gov/enrollment/enroll-grade-by-grade/earlylearn-nyc) .,Apply using the MyCity app (https://mycity.nyc.gov/s/childcarelanding?language=en_US&LanguageCode=en_US) .,
لكي تكون مؤهلًا للحصول على SCHE، ينبغي أن تكون قادرًا على الإجابة بنعم عن كل هذه الأسئلة:\nهل جميع مالكي العقار يبلغون من العمر 65 عامًا أو أكثر؟  أو، إذا كنت تملك العقار مع زوج أو شقيق، فهل أحدكما يبلغ من العمر 65 عامًا أو أكبر؟\nهل العقار هو محل إقامتك الأساسي؟\nهل الدخل المجمع لجميع المالكين أقل من 58399$ دولار أو يساويه؟\nالدخل لا يشمل SSI أو مخصصات برنامج المساعدات النقدية.\nهل امتلكت عقارك لمدة 12 شهرًا متتابعًا على الأقل؟,,اتصل بالرقم 311اسأل عن برنامج برنامج إعفاء ملاك المنازل من كبار السن.,زيارة الموقع الإلكترونيقم بزيارة موقع برنامج إعفاء ملاك المنازل من كبار السن (SCHE) الإلكتروني (http://www1.nyc.gov/site/finance/benefits/landlords-sche.page) لمعرفة المزيد.,(https://a836-pts-efile.nyc.gov/SmartFile/Filing/FilingType/Info/NYC_SCHE) التقدم بطلب عبر الإنترنت (https://a836-pts-efile.nyc.gov/SmartFile/Filing/FilingType/Info/NYC_SCHE_COOP) بحلول 15 مارس للحصول على مخصصات تبدأ في 1 يوليو.إذا كنت تعيش في مجتمع تعاوني، فإنه يمكنك التقديم عبر الإنترنت باستخدام طلب SCHE للمجتمعات التعاونيةاستخدم عنوانك أو منطقتك الإدارية، والمربع السكني وقطعة الأرض (BBL) أو عنوان العقار للعثور على عقارك وبدء إكمال النموذج.,SCHE
"Вы имеете право на налоговый вычет по уходу за детьми и иждивенцами, если вы можете положительно ответить на все приведенные ниже вопросы.\nПлатили ли вы кому-либо за уход за иждивенцем, чтобы вы (и ваш(-а) супруг(-а), если вы подаете совместную декларацию) имели возможность работать или искать работу? Иждивенцы, соответствующие критериям:\nребенок в возрасте до 13 лет на момент получения услуг по уходу;\nсупруг(-а) или взрослый иждивенец, который в связи с ограниченными физическими или умственными возможностями не может позаботиться о себе.\nПроживал ли иждивенец с вами более чем полгода в 2024 году?\nИмели ли вы (и ваш(-а) супруг(-а), если вы подаете совместную налоговую декларацию) трудовой доход в налоговом году? Это может быть доход в виде заработной платы, окладов, чаевых или других налогооблагаемых средств или доход от индивидуальной трудовой деятельности.\nЕсли вы состоите в браке, вы и ваш(-а) супруг(-а) работаете вне дома?\nЕсли нет, работает ли один из вас вне дома, в то время как другой учится на дневной форме обучения, имеет инвалидность или ищет работу?",,,"Узнайте о налоговых вычетах (https://www1.nyc.gov/site/dca/consumers/get-tax-credit-information.page) , на которые вы можете претендовать.","Чтобы получить налоговую льготу, подайте федеральную налоговую декларацию бесплатно на веб-сайтеgetyourrefund.org (https://www.getyourrefund.org/) ‎.",
"Pour être admissible à la SCHE, vous devez pouvoir répondre « oui » à toutes les questions suivantes :\nTous les propriétaires du bien immobilier sont-ils âgés d’au moins 65 ans ?  Ou, si vous êtes propriétaire du bien immobilier avec un(e) conjoint(e), un frère ou une sœur, l’un(e) d’entre vous est-il (ou est-elle) âgé(e) d’au moins 65 ans ?\nLe bien immobilier constitue-il votre résidence principale ?\nLe revenu combiné de tous les propriétaires est-il inférieur ou égal à 58 399 $ ?\nLe revenu ne comprend PAS le Revenu de Sécurité Sociale ou les allocations d’aide financière en espèces.\nAvez-vous été propriétaire de votre bien immobilier pendant au moins 12 mois consécutifs ?",,Appelez le 311Demandez des renseignements sur l'Exonération des personnes âgées qui sont propriétaires.,Consultez le site webRendez-vous sur le site web de SCHE (http://www1.nyc.gov/site/finance/benefits/landlords-sche.page) pour en savoir plus.,"(https://a836-pts-efile.nyc.gov/SmartFile/Filing/FilingType/Info/NYC_SCHE) Déposez votre dossier en ligne (https://a836-pts-efile.nyc.gov/SmartFile/Filing/FilingType/Info/NYC_SCHE_COOP) au plus tard le 15 mars pour commencer à recevoir les prestations le 1er juillet.Si vous vivez en copropriété, vous pouvez déposer votre dossier en ligne à l’aide de la  (https://a836-pts-access.nyc.gov/care/search/commonsearch.aspx?mode=address) demande SCHE co-ops.Dans le cadre de votre demande, vous devrez indiquer l’arrondissement, le quartier et la parcelle de votre bien immobilier. Servez-vous de l’outil de recherche d’adresse de bien immobilier pour obtenir ces renseignements.",SCHE
"Eligibility for the Section 8/HCV programs is primarily based on how much your family earns and family size. \nHousehold Size|Annual Income\n1|$56,700\n2|$64,800\n3|$72,900\n4|$81,000\n5|$87,500\n6|$94,000\n7|$100,450\n8|$106,950\n",,,Visit the website (http://www1.nyc.gov/site/nycha/section-8/about-section-8.page) Learn more about Section 8 from NYCHA's website.,,HCV
要符合退伍軍人減免優惠的資格，以下全部問題均需回答「是」。\n您目前是否為契據所有權人、配偶或房地產所有權人的未再婚遺眷？\n該處房地產是否為您的主要住處？\n您是否為下列戰役之一服役於美國軍隊的退伍軍人？\n波斯灣戰爭（包括阿富汗戰爭和伊拉克戰爭）- 1990 年 8 月 2 日至今\n越戰 - 1955 年 11 月 1 日至 1975 年 5 月 7 日\n韓戰 - 1950 年 6 月 27 日至 1955 年 1 月 31 日\n二次世界大戰 - 1941 年 12 月 7 日至 1946 年 12 月 31 日\n一次世界大戰 - 1917 年 4 月 6 日至 1918 年 11 月 11 日,寄送電子郵件給財政部如果您對此計劃有疑問，請寄送電子郵件給 (http://www1.nyc.gov/site/finance/about/contact-by-email/contact-exemptions-inquiries.page) 財政部。,致電 311請詢問退伍軍人豁免。,造訪網站造訪 退伍軍人豁免」網站 (http://www1.nyc.gov/site/finance/benefits/landlords-veterans.page) 瞭解更多資訊。,"如果在 3 月 15 日前提出申請，即可自同年 7 月 1 日起領取福利。如果 3 月 15 日恰逢週末或假日，則截止期限順延至下一個工作日。 (https://a836-pts-efile.nyc.gov/SmartFile/Filing/FilingType/Info/NYC_VET) 填寫線上申請表 (https://a836-pts-efile.nyc.gov/SmartFile/Filing/FilingType/Info/NYC_VET_COOP) 。如果您住在合作公寓，請使用 (https://a836-pts-access.nyc.gov/care/search/commonsearch.aspx?mode=address) 合作公寓申請表提出申請。申請時，需提供住址所屬行政區、街區和地段 (Borough, Block and Lot, BBL) 等資訊。請使用房地產搜尋工具 (Property Address Search) 查詢此資訊。",
"8/HCV سیکشن پروگرام کی اہلیت بنیادی طور سے اس بات پر مبنی ہے کہ آپ کی فیمیلی کتنا کماتی ہے اور اس کا حجم کیا ہے۔\nگھرانے کا سائز|سالانہ آمدنی\n1|$56,700\n2|$64,800\n3|$72,900\n4|$81,000\n5|$87,500\n6|$94,000\n7|$100,450\n8|$106,950\n",,311 پر کال کریں سیکشن 8 مدد کے لئے پوچھیں,ویب سائٹ ملاحظہ کریں (http://www1.nyc.gov/site/nycha/section-8/about-section-8.page) NYCHA کی ویب سائٹ سےسیکشن 8 کے بارے میں مزید جانیں۔,,HCV
"要符合 SCHE 資格，以下全部問題均需回答「是」：\n是否房地產的全部所有權人均已年滿 65 歲？或者，如果您與配偶或兄弟姊妹為房地產的共同所有權人，是否有一人已年滿 65 歲？\n該處房地產是否為您的主要住處？\n全部所有權人的總收入是否等於或低於 $58,399？\n收入不包含 SSI 或現金援助福利。\n您持有該處房地產的時間是否至少連續 12 個月？",,致電 311請詢問 高齡公民房主豁免。,造訪網站造訪 SCHE 網站 (http://www1.nyc.gov/site/finance/benefits/landlords-sche.page) 以瞭解更多資訊。,"將從 7 月 1 日開始實施 3 月 15 日之前的線上申請福利如果您住在合作公寓，您可以使用 (https://a836-pts-efile.nyc.gov/SmartFile/Filing/FilingType/Info/NYC_SCHE) SCHE 合作公寓申請表 (SCHE co-ops application) (https://a836-pts-access.nyc.gov/care/search/commonsearch.aspx?mode=address) 在線上申請。申請時，需提供住址所屬行政區、街區和地段 (Borough, Block and Lot, BBL) 等資訊。請使用房地產搜尋工具 (Property Address Search) 查詢此資訊。",SCHE
"Ou dwe ranpli kondisyon ki anba yo pou w ka kalifye pou kredi pou ane fiskal 2024 la.\nOu te touche jiska $200,000 e jiska $400,000 si ou marye epi n ap ranpli ansanm.\nW ap deklare yon timoun nan taks sou revni ou an ki gen:\n16 zan oswa pi jèn\nTimoun nan dwe gen yon nimewo Sekirite sosyal (SSN) oswa Nimewo Idantifikasyon Fiskal pou Adopsyon (ATIN). Kontribyab la kapab itilize yon SSN oswa yon Nimewo Idantifikasyon Kontribyab Endividyèl (ITIN)\nTimoun ki kalifye yo dwe pitit gason ou, pitit fi, bèl pitit ou, pitit adoptif ki elijib, frè, sè, bèl frè, demi-sè, demi-frè, demi-sè, oswa yon desandan youn nan sa yo (pa egzanp, yon pitit pitit, nyès oswa neve)\nPitit ou oswa depandan ou dwe viv avèk ou pou plis pase mwatye nan ane a Ozetazini epi w ap reklame yo kòm yon depandan sou deklarasyon taks ou.\nTimoun ou an pa kapab bay tèt ou plis pase mwatye sipò finansye.",,Rele 311 Epi mande èd pou prepare taks ou.,Aprann sou kredi taks (https://www1.nyc.gov/site/dca/consumers/get-tax-credit-information.page) ke ou ka reklame.,Depoze taks federal ou gratis akgetyourrefund.org (https://www.getyourrefund.org/) pou reklame Kredi Taks Timoun.,CTC
"常規 HEAP 福利的資格判定標準為：\n有 6 歲以下、60 歲或以上或永久傷殘的家庭成員\n主要供暖來源\n收入及家庭人口數若符合下列條件，您的家庭則可能有資格獲得 常規 HEAP 福利：\n您家中的某位成員是美國公民或合格的非公民\n您已領取補充營養援助計畫 (Supplemental Nutrition Assistance Program, SNAP) 福利或\n您已領取臨時補助 (Temporary Assistance, TA) 或\n您已領取代碼 A 社會安全輔助收入（社會安全補助金 [Supplemental Security Income, SSI] 獨居）\n根據本表，您的家庭每月總收入處於或低於家庭人數的當前收入指南：\n家庭人口數|2024-2025 年每月總收入上限\n1|$3,322\n2|$4,345\n3|$5,367\n4|$6,390\n5|$7,412\n6|$8,434\n7|$8,626\n8|$8,818\n9|$9,010\n10|$9,201\n11|$9,393\n12|$9,585\n13|$9,952\n每增加一人，增加：|增加 $672\n如果對下列問題回答為是，那麼您的家庭可能有資格申請 HEAP 緊急福利：\n您是否符合以下任何情況？\n您的暖氣系統或恆溫裝置需要靠電力維持正常運轉，但您已經或即將被斷電。\n您的暖氣已經斷供或有斷供的危險。\n您的燃料用罄，或少於燃料槽的四分之一。\n暖氣或電費帳單是否在您的名下？\n家庭可用資源：\n如果家庭中包括 60 歲以上或 6 歲以下的成員，是否低於 $3,750？\n如果家庭中不包括 60 歲以上或 6 歲以下的成員，是否低於 $2,500？\n您是否符合下列收入要求之一？\n您正領取 SNAP 福利、臨時補助或代碼 A 社會安全補助金。\n您的家庭處於或低於上表所列家庭人口數對應的每月總收入線。",,致電 311 尋求與家庭能源補助計畫相關的協助。,造訪網站 造訪OTDA 網站的 HEAP 網頁 (https://otda.ny.gov/programs/heap/) ，深入瞭解此計畫的相關資訊。,2024-25 年 HEAP 常規福利申請已於 2025 年 4 月 7 日結束。\n在 (https://a069-access.nyc.gov/accesshra/) ACCESS HRA (https://apps.apple.com/us/app/nyc-access-hra/id1185595325) 線上申請。\n使用 ACCESS HRA 行動應用程式掃描您的文件，該程序可以在 (https://play.google.com/store/apps/details?id=gov.nyc.hra.SelfService) iTunes Store (https://a069-access.nyc.gov/accesshra/) （針對 iPhone 用戶）或 Google Play Store（針對 Android 用戶）上免費獲取。\n提交您的申請之後，您可能需要參加資格訪談。 您無須前往福利中心，透過電話就可以進行訪談。\n您可以透過 ACCESS HRA 確認申請狀態。,HEAP
"Para saber si su familia es elegible para Head Start, comuníquese directamente con el programa. Su familia puede calificar si una o varias de estas condiciones se aplican en su caso:\nVive en una vivienda temporal.\nRecibe (https://access.nyc.gov/es/programs/cash-assistance/) ayuda en efectivo de la HRA (https://access.nyc.gov/es/programs/supplemental-nutrition-assistance-program-snap/) .\nRecibe el SNAP\nRecibe SSI (Seguridad de Ingreso Suplementario)\nVa a inscribir a un niño que está en crianza temporal.\nSus ingresos familiares están por debajo de las siguientes cantidades:\nTamaño del grupo familiar|Ingreso anual\n2|$21,500\n3|$26,650\n4|$32,150\n5|$37,650\n6|$43,150\n7|$48,650\n8|$54,150\n9|$59,650\n10|$65,150\nPor cada persona adicional:|añadir $5,500\nHay algunas situaciones en las que su familia puede ser elegible para Head Start, incluso si usted gana por encima del límite de ingresos.\nPor ejemplo: si paga más del 30% de sus ingresos en concepto de vivienda, los programas Head Start pueden calcular si sus ingresos siguen calificando después de restar los gastos de vivienda. Debe presentar los documentos pertinentes para que los programas Head Start evalúen su situación.",,"\nLlame al 311 y pregunte por ""Head Start"" si necesita ayuda para encontrar un programa.",\nObtenga más información sobre Head Start en NYCDOE (https://www.schools.nyc.gov/enrollment/enroll-grade-by-grade/head-start) .,,
"Para ser elegible para DRIE, debe poder responder afirmativamente a todas estas preguntas:\n¿Tiene 18 años o más?\n¿Su nombre figura en el contrato de arrendamiento?\n¿Los ingresos totales de su unidad familiar son de $50,000 o menos en un año?\n¿Asigna más de un tercio de sus ingresos mensuales a la renta?\n¿Recibe ingresos por los siguientes beneficios?\nSupplemental Security Income, SSI (Ingresos de Seguro Suplementario)\nFederal Social Security Disability Insurance, SSDI (Seguro por Discapacidad del Seguro Social Federal)\nPensión o indemnización por discapacidad del Departamento de Asuntos de Veteranos de Guerra\nMedicaid relacionado con una discapacidad si ha recibido SSI o SSDI en el pasado\n¿Vive en NYC en uno de estos tipos de vivienda?\nun apartamento con renta estabilizada\nun apartamento con renta controlada\nun apartamento de Mitchell-Lama\nun apartamento de Dividendos Limitados\nun apartamento de compañía de reurbanización\nun urbanismo de la Cooperativa Compañía de Fondos de Desarrollo para Vivienda\nuna unidad de Cooperativa de la Sección 213\nun hotel o unidad de ocupación sencilla con renta regulada",Comuníquese con DRIE (http://www1.nyc.gov/site/finance/about/contact-by-email/contact-drie.page) Pida asistencia al Departamento de Finanzas.,Llame al 311Pregunte por los especialistas de DRIE.,Visite los sitios webVisite el sitio web del Programa de congelación de la renta de la Ciudad de Nueva York (http://www1.nyc.gov/site/rentfreeze/index.page) para obtener más información.Consulte las preguntas frecuentes (https://www1.nyc.gov/site/rentfreeze/help/covid-19-frequently-asked-questions.page) para el Programa de congelación de la renta durante el COVID-19.,"Presente la solicitud en líneaSi está solicitando DRIE por primera vez, puede hacerlo en línea (https://www1.nyc.gov/site/rentfreeze/tools/nyc-tap.page) .Presentar la solicitud durante una cita virtualPuede obtener ayuda para solicitar DRIE (https://www1.nyc.gov/assets/finance/jump/dof-appointments.html) programando una cita virtual. Cuando programe:\nDebajo de ""Select Service"" (Seleccionar servicio), elija Renter and Homeowner Exemption Programs (Programas de exención para inquilinos y propietarios de viviendas). Después, elija ""Rent Freeze (SCRIE or DRIE)"" (Solicitud inicial de congelamiento de la renta (SCRIE o DRIE).\nEn ""Select Location"" (Seleccionar lugar), elija ""Exemptions Virtual Appointments"" (Citas virtuales de exenciones).\nElija una fecha y hora. Después, complete su información de contacto para crear su cita.",DRIE
"أفضل طريقة لمعرفة ما إذا كانت أسرتك مؤهلة للالتحاق ببرنامج رأس يبدأ‏ أم لا هي التواصل مع البرنامج مباشرةً. قد تتأهل أسرتك لبرنامج رأس يبدأ‏ إذا انطبقت عليك فئة واحدة أو أكثر من الفئات التالية:\nتقيم في مسكن مؤقت\nتتلقى المساعدة النقدية من ‎‏ (https://access.nyc.gov/ar/programs/cash-assistance/) إدارة الموارد البشرية (‏Human Resource Administration, HRA‏)‏ (https://access.nyc.gov/ar/programs/supplemental-nutrition-assistance-program-snap/) \nأنت تحصل على SNAP\nتتلقى ‎دخل الضمان التكميلي (‏Supplemental Security Income, SSI‏)\nتسجل طفلًا خاضعًا للرعاية البديلة\nيقل دخل أسرتك عن المبالغ الموضحة أدناه:\nحجم الأسرة|الدخل السنوي\n2|‎$21,500\n3|‎$26,650\n4|‎$32,150\n5|37,650$\n6|‎$43,150\n7|‎$48,650\n8|‎$54,150\n9|$59,650\n10|‎$65,150\nلكل شخص إضافي:|أضف ‎$5,500\nهناك بعض المواقف التي قد تكون فيها عائلتك مؤهلة للحصول على برنامج رأس يبدأ‏، حتى لو كان دخلك أعلى من حد الدخل.\nعلى سبيل المثال: إذا كنت تدفع أكثر من 30% من دخلك مقابل السكن، فإن برامج رأس يبدأ‏ يمكنها حساب ما إذا كان دخلك لا يزال مؤهلاً بعد طرح تكاليف السكن. يجب عليك تقديم المستندات ذات الصلة لبرامج رأس يبدأ‏ لتقييم حالتك.",,"\nاتصل على الرقم 311 واسأل عن برامج ""Head Start (رأس يبدأ)‏"" إذا كنت بحاجة إلى مساعدة في العثور على برنامج.",\nتعرف على المزيد عن برامج رأس يبدأ‏ من موقع ‏NYCDOE (https://www.schools.nyc.gov/enrollment/enroll-grade-by-grade/head-start) ‏.,,
"要符合 DHE 資格，您必須能夠對以下所有問題都回答「是」：\n所有房主是否都是殘疾人士，或者房主是殘疾人士的配偶或兄弟姐妹？\n財產是否是您的主要居所？\n所有房主每年的總收入是否低於或等於 58,399 美元？\n收入不包括 SSI 或現金援助福利。如果您的房產為住房開發基金公司 (Housing Development Fund Corporation) 的開發項目，並屬於替代管理計畫部 (Division of Alternative Management Program)，則您可能符合資格。您的房產不得位於有限利潤住房公司 (Limited Profit Housing Company)、Mitchell-Lama、有限股息住房公司 (Limited Dividend Housing Company) 或重建公司所控制的住房開發區內。如果不確定，請聯絡您的房產管理者。",電子郵件 DHE如果您有問題，請 (http://www1.nyc.gov/site/finance/about/contact-by-email/contact-exemptions-inquiries.page) 寄送電子郵件給 DHE 以瞭解更多資訊。,致電 311請詢問 殘疾房主豁免。,造訪網站造訪 DHE 網站 (http://www1.nyc.gov/site/finance/benefits/landlords-dhe.page) 以瞭解更多資訊。,"\n將從 7 月 1 日開始實施 3 月 16 日之前的線上申請福利\n如果您住在合作公寓，您可以使用 (https://a836-pts-efile.nyc.gov/SmartFile/Filing/FilingType/Info/NYC_DHE_COOP) DHE 合作公寓申請表 (DHE co-ops application) 在線上申請\n使用您的地址或行政區、街區和地段 (BBL) 或房產所在地址，以尋找您的房產並開始填寫表單。""",DHE
"Uprawnienie do zwykłego świadczenia HEAP opiera się na:\nobecności w gospodarstwie domowym osoby poniżej 6. roku życia lub powyżej 60. roku życia albo osoby z niepełnosprawnością;\ngłównego źródła ogrzewania;\ndochodów i wielkości gospodarstwa domowego;Twoje gospodarstwo domowe może kwalifikować się do zwykłego świadczenia HEAP, jeżeli:\nCzłonek Twojego gospodarstwa domowego jest obywatelem Stanów Zjednoczonych lub kwalifikowanym nieobywatelem;\nOtrzymujesz świadczenia w ramach programu dodatkowej pomocy żywnościowej (Supplemental Nutrition Assistance Program, SNAP) lub\nOtrzymujesz pomoc tymczasową (Temporary Assistance, TA), lub\nOtrzymujesz dochód z ubezpieczenia społecznego Code A (SSI Living Alone);\nMiesięczny dochód brutto Twojego gospodarstwa domowego jest równy aktualnym wytycznym dotyczącym dochodu dla wielkości gospodarstwa domowego lub niższy na podstawie tej tabeli:\nWielkość gospodarstwa domowego|Maksymalny miesięczny dochód brutto w latach 2024–2025\n1|3,322$\n2|4,345$\n3|5,367$\n4|6,390$\n5|7,412$\n6|8,434$\n7|8,626$\n8|8,818$\n9|9,010$\n10|9,201$\n11|9,393$\n12|9,585$\n13|9,952$\nW przypadku każdej dodatkowej osoby należy dodać:|Dodaj 672$\nTwoje gospodarstwo domowe może kwalifikować się do otrzymywania świadczenia HEAP w sytuacji awaryjnej, jeśli jesteś w stanie odpowiedzieć twierdząco na poniższe pytania:\nCzy którekolwiek z poniższych stwierdzeń ma zastosowanie do Twojej sytuacji?\nEnergia elektryczna, która zasila system grzewczy lub termostat, jest wyłączona lub ma być wyłączona zgodnie z harmonogramem.\nOgrzewanie zostało wyłączone lub zagrożono wyłączeniem go.\nSkończyło się paliwo lub masz mniej niż ćwierć zbiornika paliwa.\nCzy rachunek za ogrzewanie lub prąd jest na Twoje nazwisko?\nCzy środki Twojego gospodarstwa domowego wynoszą:\nponiżej $3,750, jeśli obejmuje to osobę w wieku powyżej 60. roku życia lub poniżej 6. roku życia?\nponiżej $2,500, jeśli nie obejmuje to osoby powyżej 60. roku życia lub poniżej 6. roku życia?\nCzy spełniasz jeden z poniższych warunków dotyczących dochodu?\nOtrzymujesz świadczenia w ramach programu dodatkowej pomocy żywnościowej (Supplemental Nutrition Assistance Program, SNAP), pomoc tymczasową (Temporary Assistance) lub zapomogę uzupełniającą (Supplemental Security Income) (kod A).\nTwoja rodzina znajduje się na poziomie lub poniżej poziomu zamieszczonych poniżej wytycznych dotyczących miesięcznych dochodów brutto dla wielkości Twojego gospodarstwa domowego.",,Zadzwoń pod numer 311 Poproś o pomoc w związku z programem HEAP.,"Odwiedź stronę Odwiedźstronę internetową OTDA poświęconą HEAP (https://otda.ny.gov/programs/heap/) , aby dowiedzieć się więcej o tym programie.","Przyjmowanie wniosków o regularne świadczenie HEAP na okres 2024–2025 zakończono 7 kwietnia 2025 r.‎\nZłóż wniosek online w (https://a069-access.nyc.gov/accesshra/) ACCESS HRA (https://apps.apple.com/us/app/nyc-access-hra/id1185595325) .\nZeskanuj dokumenty za pomocą aplikacji mobilnej ACCESS HRA dostępnej bezpłatnie w (https://play.google.com/store/apps/details?id=gov.nyc.hra.SelfService) App Store (https://a069-access.nyc.gov/accesshra/) (dla iPhone’ów) lub w Sklepie Google Play (dla telefonów z systemem Android).\nPo wysłaniu wniosku możemy skontaktować się z kandydatem w celu przeprowadzenia rozmowy kwalifikacyjnej. Rozmowę można przeprowadzić telefonicznie, bez konieczności stawiania się w Centrum dostępu do świadczeń.\nStatus swojego wniosku można sprawdzić na ACCESS HRA.",HEAP
This program looks at several things to decide if you are eligible. They include:\nhow much money you earn\nhow much money you receive from benefits\nhow many people are in your household,,Call 311Ask for SNAP.,Visit the websiteVisit the SNAP website (https://www1.nyc.gov/site/hra/help/snap-benefits-food-program.page) to learn more about this program.,"\nApply online using (https://a069-access.nyc.gov/ACCESSNYC/application.do) ACCESS HRA (https://a069-access.nyc.gov/ACCESSNYC/application.do) . You can apply for Cash Assistance, SNAP, and Medicaid all at the same time.\nAfter you submit your application, you will need to do an eligibility interview. You can do your interview over the telephone without having to come into a SNAP center.\nCheck the status of your application by going to (https://a069-access.nyc.gov/ACCESSNYC/application.do) ACCESS HRA.\nYou will need to recertify for SNAP once every year. The SNAP office will mail you a recertification packet for you to complete and mail back to HRA. You can also recertify online on ACCESS HRA. Once you submit your recertification, call 718-SNAP-Now (718-762-7669) for an interview.",SNAP
"\nCe programme s’intéresse à différents éléments pour déterminer votre admissibilité, notamment :combien d’argent vous gagnez ;\ncombien d’argent vous percevez grâce aux allocations ;\nnombre de personnes composant votre foyer",,Appeler le 311 Demandez des allocations SNAP.,Consulter le site internet Consultez le site internet du SNAP (https://www1.nyc.gov/site/hra/help/snap-benefits-food-program.page) pour en savoir plus sur ce programme.,"\nFaites votre demande en ligne sur le site (https://a069-access.nyc.gov/ACCESSNYC/application.do) ACCESS HRA (https://appsto.re/us/9s9N_.i) . Vous pouvez déposer une demande globale d’aide financière en espèces, d’allocations SNAP et de Medicaid en même temps.\nNumérisez vos documents en utilisant l’application « NYC HRA Document Upload » disponible gratuitement sur (https://play.google.com/store/apps/details?id=gov.nyc.hra.DocUploads) iTunes Store (https://a069-access.nyc.gov/ACCESSNYC/application.do) (pour les iPhone) ou (https://a069-access.nyc.gov/ACCESSNYC/application.do) Google Play Store (pour les téléphones Android).\nAprès l’envoi de votre demande, vous devrez réaliser un entretien d’admissibilité. Vous pouvez réaliser cet entretien par téléphone sans devoir vous rendre dans un centre SNAP.\nVérifiez l’état d’avancement de votre demande en accédant à l’application ACCESS HRA.\nVous devrez renouveler votre certification pour le programme SNAP tous les ans. Le bureau SNAP vous enverra par voie postale un dossier de renouvellement de certification, que vous devrez remplir et renvoyer par courrier à la HRA. Vous aurez également la possibilité de renouveler en ligne à ACCESS HRA. Après avoir envoyé votre renouvellement de certification, appelez le 718-SNAP-Now (718 762 7669) pour un entretien.",SNAP
"Лучший способ узнать, соответствует ли ваша семья требованиям для участия в программе Head Start, — напрямую связаться с представителями программы. Ваша семья может претендовать на участие в программе, если к вам относится один или несколько пунктов:\nВы проживаете во временном жилище.\nВы получаете (https://access.nyc.gov/ru/programs/cash-assistance/) денежное пособие HRA (https://access.nyc.gov/ru/programs/supplemental-nutrition-assistance-program-snap/) \nВы получаете пособие по программе SNAP\nВы получаете дополнительный доход по социальному обеспечению (Supplemental Security Income, SSI).\nВы зачисляете в программу ребенка, который находится на патронажном воспитании.\nВаш семейный доход ниже указанных далее сумм.\nРазмер семьи|Годовой доход\n2|$21,500\n3|$26,650\n4|$32,150\n5|$37,650\n6|$43,150\n7|$48,650\n8|$54,150\n9|$59,650\n10|$65,150\nЗа каждого дополнительного человека:|Прибавьте $5,500\nВ некоторых случаях ваша семья может иметь право на участие в программе Head Start, даже если ваш доход превышает установленный лимит.\nНапример, если на оплату жилья у вас уходит более 30 % дохода, программа Head Start позволяет пересчитать ваш доход с учетом этих расходов, чтобы определить соответствие критериям. Вы должны представить соответствующие документы, чтобы сотрудники программы Head Start могли оценить вашу ситуацию.",,"\nЕсли вам нужна помощь с поиском программы, позвоните по номеру 311 и попросите рассказать о программе Head Start.",\nУзнайте больше о Head Start на веб-странице NYCDOE (https://www.schools.nyc.gov/enrollment/enroll-grade-by-grade/head-start) .,,
\nযে কেউ যোগ্য স্বাস্থ্য পরিকল্পনা বা কোয়ালিফাইড হেল্থ প্ল্যান -এনাম নথিভুক্ত করতে পারে।বেশিরভাগঅভিবাসী NY State of Health Marketplace নাম নথিভুক্ত করতে পারেন।সরকারী আর্থিক সহায়তা উপলভ্য।\nযে কেউ কোনোএকটি বীমা কোম্পানীকে কল করে বা তাদের ওয়েবসাইটে গিয়ে সরাসরি সেইবীমা কোম্পানি থেকে বেসরকারী স্বাস্থ্য বীমা কিনতে পারে।,,311 এ কল করুন স্বাস্থ্য বীমা সম্পর্কে সাধারণপ্রশ্নের জন্য একজন ব্যক্তিগত সহকারী খুঁজুন।,স্বাস্থ্য বীমার বিকল্প সম্পর্কে আরও জানুনHRA-এর শহরব্যাপীস্বাস্থ্য বীমা উপলভ্যতার (https://www1.nyc.gov/site/ochia/coverage-care/insurance-options.page) মাধ্যমে আপনার বিকল্পগুলি সম্পর্কে আরও জানুন। নথিভুক্তিরসাহায্যের জন্য অনুরোধ করুনGetCoveredNYC (https://www1.nyc.gov/nyc-resources/get-covered.page) নিউ ইয়র্কবাসীকে স্বাস্থ্য বীমাতে নথিভুক্ত করতে সাহায্য করে।নিবেদিত বিশেষজ্ঞরা আপনাকে বিনামূল্যে আপনার ভাষায় সহায়তা করতেপারেন। কাউন্সেলর কলের অনুরোধ করুন একজন নথিভুক্তিরপরামর্শদাতার কাছ থেকে একটি কল পেতে একটিস্বাস্থ্য বীমায় নথিভুক্তিরসহায়তা অনুসন্ধান ফর্মটি (https://nycdohmh.surveymonkey.com/r/7BB62M3) সম্পূর্ণ করুন৷ অভিবাসন অবস্থা নির্বিশেষে এবং অনেক ভাষায়বিনামূল্যে নথিভুক্তির সহায়তা পাওয়া যায়। আপনার তথ্য গোপন রাখাহবে।,NY State Of Health (https://nystateofhealth.ny.gov/) -এর মাধ্যমে স্বাস্থ্য বীমায় নাম নথিভুক্ত করুন।,QHP
"DRIE এর জন্য যোগ্য হতে, আপনাকে এইসব প্রশ্নের উত্তরে """"হ্যাঁ"""" বলতে হবে:\nআপনার বয়স কি 18 বছর বা তার বেশি?\nআপনার নাম কি লিজে রয়েছে?\nআপনার মোট পারিবারিক আয় কি বার্ষিক $50,000 বা তার চেয়ে কম?\nমাসিক পারিবারিক আয়ের প্রায় এক-তৃতীয়াংশের বেশি কি ঘর ভাড়া হিসাবে খরচ করেন।\nআপনার কি নিম্নলিখিত সুবিধাগুলি থেকে আয় হয়েছে?\nপরিপূরক নিরাপত্তা আয় (Supplemental Security Income, SSI)\nফেডারেল সোশ্যাল সিকিউরিটি ডিসেবিলিটি ইন্সুরেন্স (Federal Social Security Disability Insurance, SSDI)\nইউ.এস ডিপার্টমেন্ট অব্ ভেটারান্স ডিসাবিলিটি পেনশন বা কমপেনসেশন (U.S. Department of Veterans Affairs (VA) disability pension or compensation)\nযদি আপনি অতীতে SSI বা SSDI পেয়ে থাকেন তাহলে প্রতিবন্ধকতা সংক্রান্ত Medicaid\nআপনি কি NYC তে এই ধরনের আবাসনে বসবাস করেন?\nভাড়া স্থিতিশীল অ্যাপার্টমেন্ট\nভাড়া নিয়ন্ত্রিত অ্যাপার্টমেন্ট\nMitchell-Lama ডেভেলপমেন্ট\nলিমিটেড ডিভিডেন্ড ডেভেলপমেন্ট\nরিডেভেলপমেন্ট কোম্পানি ডেভেলপমেন্ট\nহাউজিং ডেভেলপমেন্ট ফান্ড কোম্পানি (Housing Development Fund Company, HDFC) সমবায় উন্নয়ন\nধারা 213 সমবায় ইউনিট\nভাড়া নিয়ন্ত্রিত হোটেল বা এক জনের থাকার রুমে",DRIE কে যোগাযোগ করুনঅর্থ বিভাগ এর (http://www1.nyc.gov/site/finance/about/contact-by-email/contact-drie.page) সহায়তার জন্য অনুরোধ করুন।,311 নম্বরে ফোন করুনDRIE Specialists (DRIE স্পেশালিস্টের) সঙ্গে কথা বলতে চান।,ওয়েবসাইটটি দেখুনআরও জানতে NYC DOE ওয়েবসাই (http://www1.nyc.gov/site/rentfreeze/index.page) দেখুন।রেন্ট ফ্রিজ প্রোগ্রাম (Rent Freeze Program) (SCRIE and DRIE) এবং COVID-19 সচরাচর জিজ্ঞাস্য প্রশ্নগুলি (COVID-19 frequently asked questions) (https://www1.nyc.gov/site/rentfreeze/help/covid-19-frequently-asked-questions.page) দেখুন।,"অনলাইনে আবেদন করুনআপনি যদি প্রথমবার DRIE-এর জন্য আবেদন করেন, তাহলে আপনি অনলাইনে (https://www1.nyc.gov/site/rentfreeze/tools/nyc-tap.page) আবেদন করতে পারেন। ভার্চুয়াল অ্যাপয়েন্টমেন্টের সময় আবেদন করুনআপনি (https://www1.nyc.gov/assets/finance/jump/dof-appointments.html) একটি ভার্চুয়াল অ্যাপয়েন্টমেন্টের সময় নির্ধারণ করে DRIE-তে আবেদন করার জন্য সাহায্য পেতে পারেন। সময় নির্ধারণ করার সময়:\n""পরিষেবা নির্বাচন করুন (Select Service)"" এর অধীনে, ভাড়াটিয়া ও বাড়ির মালিকের অব্যাহতি প্রোগ্রাম (Renter and Homeowner Exemption Programs) বেছে নিন। তারপরে, ""রেন্ট ফ্রিজ (SCRIE বা DRIE) প্রাথমিক আবেদন নির্বাচন করুন৷\n""অবস্থান নির্বাচন করুন (Select Location)"" এর অধীনে, ""অব্যহতি ভার্চুয়াল অ্যাপয়েন্টমেন্ট (Exemptions Virtual Appointments)"" নির্বাচন করুন।\nতারিখ এবং সময় বাছুন। তারপর, আপনার অ্যাপয়েন্টমেন্ট তৈরি করতে আপনার যোগাযোগের তথ্য পূরণ করুুন।",DRIE
"Najlepszym sposobem na uzyskanie informacji, czy Twoja rodzina jest uprawniona do udziału w programie Head Start, jest bezpośredni kontakt z biurem programu. Twoja rodzina może się kwalifikować w przypadku spełnienia co najmniej jednego z poniższych warunków:\nKorzystasz z tymczasowej pomocy mieszkaniowej\nOtrzymujesz (https://access.nyc.gov/pl/programs/cash-assistance/) pomoc finansową z HRA (https://access.nyc.gov/pl/programs/supplemental-nutrition-assistance-program-snap/) \nKorzysta Pan/Pani ze świadczeń programu SNAP\nOtrzymuje Pan/Pani świadczenie SSI (Supplemental Security Income)\nZapisuje Pan/Pani dziecko objęte opieką zastępczą\nDochody Pana/Pani rodziny nie przekraczają określonej kwoty:\nLiczba osób w gospodarstwie domowym|Dochód roczny\n2|$21,500\n3|$26,650\n4|$32,150\n5|$37,650\n6|$43,150\n7|$48,650\n8|$54,150\n9|$59,650\n10|$65,150\nZa każdą dodatkową osobę:|należy dodać $5,500\nIstnieją sytuacje, w których rodzina może kwalifikować się do programu Head Start, nawet jeśli dochód przekracza limit.\nNa przykład: jeśli płacisz więcej niż 30% swojego dochodu za mieszkanie, programy Head Start mogą obliczyć, czy Twój dochód nadal kwalifikuje się po odjęciu kosztów mieszkania. Musisz przedłożyć odpowiednie dokumenty, aby programy Head Start mogły ocenić Twoją sytuację.",,"\nJeżeli ma Pan/Pani problem ze znalezieniem programu, należy zadzwonić pod numer 311 i zapytać o program „Head Start”.",\nWięcej informacji na temat programu Head Start można uzyskać w NYCDOE (https://www.schools.nyc.gov/enrollment/enroll-grade-by-grade/head-start) .,,
,,311 এ কল করুন হোম এনার্জি সহায়তা কার্যক্রমের (Home Energy Assistance Program) থেকে সাহায্য চান।,ওয়েবসাইট ভিজিট করুন এই প্রোগ্রাম সম্পর্কে আরো জানতেHEAP এর OTDA ওয়েবসাইট (https://otda.ny.gov/programs/heap/) দেখুন।,"2024-25 HEAP নিয়মিত সুবিধার (Regular Benefit) আবেদন গ্রহণের শেষ তারিখ ছিল7 এপ্রিল 2025।\nঅনলাইনে (https://a069-access.nyc.gov/accesshra/) ACCESS HRA (https://apps.apple.com/us/app/nyc-access-hra/id1185595325) তে আবেদন করুন।\nACCESS HRA মোবাইল অ্যাপ ব্যবহার করে আপনার ডকুকেন্টগুলি স্ক্যান করুন যেটি (https://play.google.com/store/apps/details?id=gov.nyc.hra.SelfService) আইটিউনস স্টোর (https://a069-access.nyc.gov/accesshra/) (iPhones জন্য) বা গুগল প্লে স্টোর (Android ফোনের জন্য) বিনামূল্যে পাওয়া যায়।\nআপনি আপনার আবেদন জমা দেওয়ার পরে, একটি যোগ্যতা ইন্টারভিউ করার জন্য আপনার সাথে যোগাযোগ করা হতে পারে। বেনিফিট এক্সেস সেন্টারে না এসে আপনি টেলিফোনে আপনার ইন্টারভিউ দিতে পারেন।\nআপনি ACCESS HRAএতে গিয়ে আপনার আবেদনের স্থিতি পরীক্ষা করতে পারেন।",HEAP
"Pou w elijib pou Egzanpsyon Veteran, ou dwe an mezi pou w reponn wi pou tout kesyon sa yo.\nÈske ou se pwopriyetè, mari/madanm, oswa vèv/vèf ki vivan toujou ki pa remarye ki gen tit pwopriyete mèt pwopriyete a ba ou?\nÈske pwopriyete a se prensipal kote ou rete?\nÈske ou se yon veteran ki te sèvi nan fòs lame ameriken pandan youn nan konfli annapre yo?\nKonfli Gòlf Pès (ki gen ladan Konfli Afganistan ak Irak) - ki kòmanse 2 out 1990 rive jis kounye a\nGè Vyetnam - 1ye novanm 1955 rive 7 mas 1975\nGè Kore - 27 jen 1950 rive 31 janvye 1955\nDezyèm Gè Mondyal - 7 desanm 1941 rive 31 desanm 1946\nPremye Gè Mondyal - 6 avril 1917 rive 11 novanm 1918",Imèl Depatman FinansImèl  (http://www1.nyc.gov/site/finance/about/contact-by-email/contact-exemptions-inquiries.page) Depatman Finans si ou gen kesyon konsènan pwogram sa a.,Rele 311Mande pou Egzanpsyon Veteran.,Vizite sitwèb laVizite sitwèb Egzanpsyon Veteran (http://www1.nyc.gov/site/finance/benefits/landlords-veterans.page)  an pou plis enfòmasyon.,"Aplike anvan 15 mas pou avantaj yo kòmanse 1ye jiyè nan menm ane a. Si 15 mas tonbe nan wikenn oswa jou ferye, dat limit lan se pwochen jou ouvrab la. (https://a836-pts-efile.nyc.gov/SmartFile/Filing/FilingType/Info/NYC_VET) Ranpli aplikasyon anliy lan (https://a836-pts-efile.nyc.gov/SmartFile/Filing/FilingType/Info/NYC_VET_COOP) . Si w ap viv nan yon lojman koperativ, aplike gras ak (https://a836-pts-access.nyc.gov/care/search/commonsearch.aspx?mode=address) aplikasyon lojman koperativ la.Lè w ap aplike, ou ap bezwen minisipalite, blòk, ak pasèl (BBL) pou kay ou a. Itilize zouti Rechèch Adrès Pwopriyete a pou w jwenn enfòmasyon sa yo.",
"\nProgramy Early Head Start Najlepszym sposobem na uzyskanie informacji, czy Twoja rodzina jest uprawniona do udziału w programie Early Head Start, jest bezpośredni kontakt z pracownikami programu. Twoja rodzina może kwalifikować się do programu Early Head Start, jeżeli ma zastosowanie co najmniej jedna z poniższych kategorii:Korzystasz z tymczasowej pomocy mieszkaniowej\nOtrzymujesz pomoc finansową z HRA\nOtrzymujesz zapomogę uzupełniającą (Supplemental Security Income, SSI)\nZapisujesz dziecko objęte opieką zastępczą\nMożesz też się kwalifikować, jeśli dochód Twojego gospodarstwa domowego jest niższy niż podane kwoty:\n Wielkość rodziny| Dochód roczny\n 1| 14 580 USD\n 2| 19 720 USD\n 3| 24 860 USD\n 4| 30 000 USD\n 5| 35 140 USD\n 6| 40 280 USD\n 7| 45 420 USD\n 8| 50 560 USD\n W przypadku każdej dodatkowej osoby należy dodać:| 5140 USD\n \n Programy dla niemowląt / małych dzieci Konieczne jest występowanie jednego z poniższych „powodów do opieki”:Pracujesz ponad 10 godzin tygodniowo\nUczestniczysz w szkoleniu edukacyjnym lub zawodowym\nZaczynasz szukać pracy lub szukasz pracy od maksymalnie 6 miesięcy. Dotyczy to również poszukiwania pracy w czasie otrzymywania świadczeń z tytułu bezrobocia\nKorzystasz z tymczasowej pomocy mieszkaniowej\nKorzystasz z usług dla ofiar przemocy domowej\nLeczysz się w związku z nadużywaniem substancji\nMożesz się kwalifikować, jeśli dochód Twojego gospodarstwa domowego jest niższy niż podane kwoty:\n Wielkość rodziny| Dochód miesięczny| Dochód roczny\n 1| $4,301| $51,610\n 2| $5,624| $67,490\n 3| $6,948| $83,370\n 4| $8,271| $99,250\n 5| $9,594| $115,130\n 6| $10,918| $131,010\n 7| $11,166| $133,987\n 8| $11,414| $136,965\n 9| $11,662| $139,942\n 10| $11,910| $142,920\n 11| $12,158| $145,897\n 12| $12,406| $148,875\n 13| $12,654| $151,852\n 14| $12,903| $154,830\n 15| $13,151| $157,807\n",,"Zadzwoń pod numer 311 Jeżeli potrzebujesz pomocy w znalezieniu programu, zapytaj o program „EarlyLearn”.","Odwiedź stronę Więcej informacji na temat opieki nad dziećmi można uzyskać w Wydziale Edukacji miasta Nowy Jork (https://www.schools.nyc.gov/enrollment/enroll-grade-by-grade/earlylearn-nyc) (NYC Department of Education, NYCDOE).",Złóż wniosek w aplikacji MyCity (https://mycity.nyc.gov/s/childcarelanding?language=en_US&LanguageCode=en_US) .,
کوئی بھی ‏Qualified Health Plan‏ میں اندراج کروا سکتا ہے۔\nزیادہ ترتارکین وطن ‏NY State of Health Marketplace‏ میں اندراج کروا سکتےہیں۔ مالی مدد دستیاب ہے۔\nکوئی بھی شخصبیمہ کمپنی کو کال کر کے یا ان کی ویب سائٹ ملاحظہ کر کے کسی بیمہکمپنی سے براہ راست نجی صحت بیمہ خرید سکتا ہے۔,,311 پر کال کریں صحت بیمہ سے متعلق عمومی سوالاتکیلئے اور ذاتی معاون تلاش کرنے کے واسطے۔,صحت بیمہ کے اختیارات کے بارے میں مزید جانیںHRA کے پورے شہر میں صحتبیمہ تک رسائی (https://www1.nyc.gov/site/ochia/coverage-care/insurance-options.page) کے ذریعے اپنے اختیارات کے بارے میں مزید جانیں۔ اندراجمیں مدد کی درخواست کریںGetCoveredNYC (https://www1.nyc.gov/nyc-resources/get-covered.page) نیو یارک کے باشندوں کو صحت بیمہ کیلئے اندراج میں مدد کرتا ہے۔مختص ماہرین آپ کی زبان میں آپ کی مدد مفت کر سکتے ہیں۔ مشیرکی کال کی درخواست کریں اندراج کے مشیر کی جانب سے کال موصولکرنے کیلئے ایکہیلتھ انشورنس انرولمنٹ اسسٹنسانکوائری فارم (https://nycdohmh.surveymonkey.com/r/7BB62M3) مکمل کریں۔ اندراج میں مفت مدد ترک وطن کی حیثیت سے قطع نظر اوربہت سی زبانوں میں دستیاب ہے۔ آپ کی معلومات کو نجی رکھا جائے گا۔,NY State of Health (https://nystateofhealth.ny.gov/) ‏ کے ذریعے صحت بیمہ میں اندراج کروائیں۔,QHP
"Kwalifikowalność do programów w ramach « Section 8 »/HCV oceniana jest na podstawie ogólnego dochodu na rodzinę oraz tego, jak jest ona liczna.\nWielkość gospodarstwa domowego|Dochód roczny\n1|‎$56,700\n2|‎$64,800\n3|‎$72,900\n4|‎$81,000\n5|‎$87,500\n6|‎$94,000\n7|‎$100,450\n8|‎$106,950\n",,Zadzwoń pod numer 311 Poproś o pomoc w ramach Section 8,Odwiedź stronę (http://www1.nyc.gov/site/nycha/section-8/about-section-8.page) Więcej informacji na temat « Section 8 » można znaleźćna stronie internetowej NYCHA.,,HCV
Tous les enfants de la ville de New York nés en 2020 peuvent s’inscrire pour l’année scolaire 2024-2025. Les enfants qui souffrent d’un handicap (https://www.schools.nyc.gov/enrollment/enrollment-help/meeting-student-needs/students-with-disabilities) ou qui apprennent l’anglais (https://www.schools.nyc.gov/enrollment/enrollment-help/meeting-student-needs/students-learning-english) peuvent s’inscrire. Les enfants ne doivent pas nécessairement avoir acquis la propreté pour entrer en maternelle.,Appelez le service des admissions au programme Pre-K Vous pouvez envoyer un courrier électronique à l’adresse es_enrollment@schools.nyc.gov (mailto:ES_Enrollment@schools.nyc.gov) si vous avez des questions sur les inscriptions au programme Pre-K.,Appeler le 311 Dites « Pre-K for All » (Pre-K pour tous),Consulter le site internet Rendez-vous sur le site internet du programme Pre-K du DOE de la ville de New York (https://www.schools.nyc.gov/enrollment/enroll-grade-by-grade/pre-k) pour en savoir plus sur la procédure d’admission au programme.,"Faites une demande d’inscription sur MySchools (https://www.myschools.nyc/en/) entre le 10 janvier 2024 et le 1er mars 2024. Vous pouvez remplir votre demande en anglais, arabe, bengali/bangla, chinois, créole haïtien, français, coréen, russe, espagnol ou ourdou. Vous trouverez également des programmes Pre-K à la mi-journée dans MySchools.",Pre-K
"Pour être éligible à SCRIE, vous devez pouvoir répondre « Yes » (Oui) à toutes les questions suivantes :\nÊtes-vous âgé de 62 ans ou plus ?\nVotre nom est-il sur le bail ?\nLes revenus annuels totaux de votre foyer sont-ils de 50 000 $ US ou moins ?\nVotre loyer représente-t-il plus d'un tiers de vos revenus mensuels ?\nHabitez-vous dans la ville de New York dans l'un de ces types de logement ?\nun appartement dont le loyer est réglementé selon le système « rent stabilization »\nun appartement dont le loyer est réglementé selon le système « rent control »\nun appartement de type « Rent Regulated Hotels, Single Room Occupancy Unit (SRO) »\nun lotissement Mitchell-Lama\nune société immobilière de redéveloppement à dividendes limités\nun lotissement d'une société de redéveloppement\nun lotissement d'une Housing Development Fund Company (société de fonds de développement immobilier)","Contactez le SCRIE (http://www1.nyc.gov/site/finance/about/contact-by-email/contact-drie.page) Demandez une assistance (mailto:SCRIE@hpd.nyc.gov) au ministère des Finances.Envoyez un courriel au HPDPour toute question sur le SCRIE supervisé par le HPD, envoyez un courriel à l’adresse SCRIE@hpd.nyc.gov.",Appelez le 311Demandez à parler à un spécialiste SCRIE specialists.,"Rendez-vous sur les sites internetPour en savoir plus, consultez le site internet du programme de gel des loyers de la ville de New York (http://www1.nyc.gov/site/rentfreeze/index.page) .Consultez la foire aux questions (https://www1.nyc.gov/site/rentfreeze/help/covid-19-frequently-asked-questions.page) sur le programme de gel des loyers pendant l’épidémie de COVID-19.Si vous vivez dans un logement social du HPD, consultez le site internet du HPD (https://www1.nyc.gov/site/hpd/services-and-information/scrie-drie.page) pour en savoir plus sur le SCRIE supervisé par le HPD.","Déposez une demande en ligneSi vous déposez une demande pour le programme SCRIE pour la première fois, vous pouvez le faire en ligne (https://www1.nyc.gov/site/rentfreeze/tools/nyc-tap.page) .Déposez une demande pendant un rendez-vous virtuelVous pouvez obtenir de l’aide pour déposer une demande au programme SCRIE en (https://www1.nyc.gov/assets/finance/jump/dof-appointments.html) prenant un rendez-vous virtuel. Lors de la prise de rendez-vous :\nSous « Select Service » (Sélectionner le service), choisissez les Programmes d’exemption de propriétaire et de locataire. Ensuite, choisissez « Rent Freeze (SCRIE or DRIE) Initial application » (la demande initiale de gel de loyer SCRIE ou DRIE).\nSous « Select Location » (Sélectionner un lieu), choisissez « Exemptions Virtual Appointments » (Rendez-vous virtuels pour l’exemption).\nChoisissez une date et une heure. Ensuite, remplissez vos coordonnées pour créer votre rendez-vous.",SCRIE
,,,আপনি দাবি করতে পারেন এমন ট্যাক্স ক্রেডিটগুলি (https://www1.nyc.gov/site/dca/consumers/get-tax-credit-information.page) সম্বন্ধে জানুন।,ক্রেডিট ক্লেইম করতেgetyourrefund.org (https://www.getyourrefund.org/) -এ বিনামূল্যে আপনার ফেডারেল কর জমা দিন।,
কিন্ডারগার্টেন থেকে 12তম গ্রেডের সকল NYC শিক্ষার্থী COMPASS কার্যক্রমগুলিতে নথিভুক্ত হওয়ার যোগ্য।প্রতিটি প্রোগ্রামের ভিন্ন বয়স এবং যোগ্যতার প্রয়োজনীয়তা থাকতে পারে।,,"311-তে কল করুন""স্কুল ছুটির পরের ব্যাপক কার্যক্রমের সহায়তার"" ব্যাপারে জিজ্ঞাসা করুন।",অনলাইন (http://www1.nyc.gov/site/dycd/services/after-school/comprehensive-after-school-system-of-new-york-city-compass.page) DYCD থেকে COMPASS সম্পর্কে আরও জানুন।,"আপনার এলাকায় কর্মসূচি খুঁজতে Discover DYCD ব্যবহার করতে পারেন। শুরু করার জন্য:\nআবিষ্কার করুন DYCD (https://discoverdycd.dycdconnect.nyc/programme-public?categoryList=Afterschool%20Programs) ওয়েবসাইটে যান।\n""স্কুল ছুটির পরের কার্যক্রম"" বেছে নিয়ে ""অনুসন্ধান করুন"" এ ক্লিক করুন।",COMPASS NYC
\n이 프로그램에서는 자격 조건에 부합하는지 결정하기 위해 몇 가지 사항을 확인합니다. 그 중 몇 가지는 다음과 같습니다.소득 금액\n수혜 금액\n가구 구성원 수\n현금이나 당좌 예금 계좌와 같은 자금원,,311에 전화하세요 현금 보조금을 신청하세요.,웹사이트를 방문하십시오 현금 보조금 웹사이트 (http://www1.nyc.gov/site/hra/help/cash-assistance.page) 를 방문해 이 프로그램에 대해 자세히 알아보세요.,"\n (https://a069-access.nyc.gov/accesshra/) ACCESS HRA (http://www1.nyc.gov/site/hra/locations/job-locations.page) 에서 신청하세요. 현금 보조금, SNAP 및 Medicaid를 동시에 신청하실 수 있습니다.\nACCESS HRA 모바일 앱을 이용해 신청 진행 상황을 추적하거나 문서를 제출하실 수 있습니다.\n전화 인터뷰를 위해 연락을 받을 것입니다. 대면 인터뷰를 위해 HRA 혜택 접근 센터를 방문하실 수도 있습니다.",
"STAR 福利分為兩種類型：初級 STAR 和高級 STAR。要符合任意一種的資格，以下全部問題均需回答「是」：\n房產是否是至少一位業主的主要居所？\n您是否居住在以下類型的房屋中？\n獨棟房屋\n公寓\n合作公寓\n活動房屋\n農舍\n混合用途房產，包括公寓建築（僅業主自住部分具有資格）對於基本 STAR，您還應該能夠對這個附加問題回答「是」：\n家中同住的所有屋主及其配偶年度總收入不得高於 $500,000。\n如果您擁有不動產並在 2015 年至 2016 年間享有初級 STAR，但後來卻失去資格，則可以恢復豁免。若要恢復您的初級 STAR，您的收入必須為 $250,000 或以下。對於增強型 STAR，您還應該能夠對以下附加問題回答「是」：\n如果您目前享有初級 STAR，且在當年度申請時已年滿 65 歲或以上，則可能符合高級 STAR 的資格 (https://www1.nyc.gov/site/finance/benefits/landlords-star.page) 。所有屋主和同住配偶或註冊家庭夥伴的總收入不得超過 $92,000。",寄送電子郵件給 STAR如果您對 STAR 有疑問，請寄送電子郵件至 (http://www1.nyc.gov/site/finance/about/contact-by-email/contact-exemptions-inquiries.page) 紐約市財政部。,致電 311請詢問 學校稅收減免計劃 (STAR)。,造訪網站造訪 STAR 網站 (https://tax.ny.gov/pit/property/star/default.htm) 瞭解更多資訊。,"如果您擁有自己的財產並在 2015-16 年獲得了 STAR，但後來失去了福利並希望恢復它，您可以向財政部申請基本 STAR。\n (https://www1.nyc.gov/assets/finance/jump/smartfile-estar-star.html) STAR/ESTAR 在線初始申請 (https://www1.nyc.gov/assets/finance/jump/smartfile-star-estar-coop.html) \n (https://a836-pts-efile.nyc.gov/SmartFile/Filing/FilingType/Info/NYC_STAR) STAR/ESTAR 在線合作社初始申請 (https://www.tax.ny.gov/pit/property/star/) 您可以向財政部申請 Enhanced STAR (E-STAR) 在線\n如果您是有資格獲得增強型 STAR 的基本 STAR 接收者，\n如果您在申請的那一年年滿 65 歲，並且在 2015-16 年對您的財產獲得了 STAR 豁免。如果您的收入大於 250, 000 美元且小於或等於 500,000 美元，您可以 在線註冊紐約州 STAR 稅收抵免或致電 518-457-2036。",STAR
"Вы имеете право на получение льгот по программе SCRIE, если вы ответили «да» на все перечисленные ниже вопросы:\nВам 62 года или больше?\nВаше имя указано в договоре аренды?\nСовокупный доход вашего домохозяйства составляет не более $50 000?\nАрендная плата составляет более трети вашего месячного дохода?\nВы живете в городе Нью-Йорке в одном из указанных ниже типов жилья?\nКвартира со стабилизированной арендной платой\nКвартира с контролируемой арендной платой\nГостиничное помещение с регулируемой арендной платой или комната на одного человека (SRO)\nКвартира в жилом комплексе Mitchell-Lama\nКвартира по программе Limited Dividend\nКвартира, принадлежащая компании по реконструкции жилых районов\nКвартира в кооперативе собственников жилья (HDFC)","Свяжитесь с представителями SCRIE (http://www1.nyc.gov/site/finance/about/contact-by-email/contact-drie.page) Обратитесь за помощью (mailto:SCRIE@hpd.nyc.gov) в Департамент финансов.Отправьте письмо на электронную почту HPDПо вопросам о программе SCRIE, контролируемой HPD, напишите по адресу электронной почты SCRIE@hpd.nyc.gov.",Позвоните по телефону 311Попросите соединить вас со специалистом программы SCRIE.,"Посетите веб-сайтыЧтобы получить подробную информацию, посетите веб-сайт программы г. Нью-Йорка по освобождению от повышения арендной платы (http://www1.nyc.gov/site/rentfreeze/index.page) .Ознакомьтесь с часто задаваемыми вопросами (https://www1.nyc.gov/site/rentfreeze/help/covid-19-frequently-asked-questions.page) по Программе освобождения от повышения арендной платы на период пандемии COVID-19.Если вы живете в жилом комплексе HPD, посетите веб-сайт HPD (https://www1.nyc.gov/site/hpd/services-and-information/scrie-drie.page) , чтобы больше узнать о программе SCRIE, которую контролирует HPD.","Подайте онлайн-заявкуЕсли вы впервые рассматриваете возможность участия в программе SCRIE, то можете подать заявку онлайн (https://www1.nyc.gov/site/rentfreeze/tools/nyc-tap.page) .Подайте заявку во время виртуального собеседованияВы можете получить помощь при подаче заявки в SCRIE (https://www1.nyc.gov/assets/finance/jump/dof-appointments.html) во время назначенного виртуального собеседования. При назначении даты собеседования:\nВ разделе Select Service (Выбрать услугу) укажите Renter and Homeowner Exemption Programs (Программы освобождения для арендаторов и домовладельцев). Далее выберите первоначальную заявку Rent Freeze (SCRIE or DRIE) (Программы освобождения от повышения арендной платы SCRIE или DRIE).\nВ разделе Select Location (Выбрать местоположение) выберите Exemptions Virtual Appointments (Виртуальные консультации по освобождению от повышения арендной платы).\nВыберите дату и время. Потом заполните контактную информацию, чтобы создать заявку.",SCRIE
سابق فوجیوں کی چھوٹ کا اہل قرار پانے کے لیے، آپ کو ان تمام سوالات کا جواب ہاں میں دینے کے قابل ہونا چاہیے۔\nکیا آپ وثیقہ یافتہ موجودہ مالک، شریک حیات، یا پراپرٹی کے مالک کی غیر شادی شدہ بیوہ/رنڈوا ہیں؟\nکیا پراپرٹی آپ کی بنیادی رہائش ہے؟\nکیا آپ ایک سابق فوجی ہیں جس نے درج ذیل میں سے ایک تصادم میں امریکی مسلح افواج میں خدمت انجام دی ہے؟\nخلیج فارس کا تنازعہ (افغانستان اور عراق کے تنازعات کے بشمول) - 2 اگست 1990 سے لے کر اب تک\nویت نام کی جنگ - 1 نومبر 1955 سے 7 مئی 1975 تک\nکوریائی جنگ - 27 جون 1950 تا 31 جنوری 1955\nدوسری جنگ عظیم - 7 دسمبر 1941 سے 31 دسمبر 1946 تک\nپہلی جنگ عظیم - 6 اپریل 1917 سے 11 نومبر 1918 تک,شعبۂ مالیات کو ای میل کریںاگر اس پروگرام سے متعلق کوئی آپ کے سوالات ہیں، تو شعبۂ مالیات (D (http://www1.nyc.gov/site/finance/pay-now/person.page) (http://www1.nyc.gov/site/finance/about/contact-by-email/contact-exemptions-inquiries.page) epartment of Finance) کو ای میل کریں۔,311 پر کال کریںVeterans' Exemption (سابقہ فوجیوں کا استثناء) کے بارے میں پوچھیں.,ویب سائیٹ ملاحظہ کریںمزید معلومات کے لیے سابقہ فوجیوں کے استثناء کی ویب سائیٹ ملاحظہ کریں (http://www1.nyc.gov/site/finance/benefits/landlords-veterans.page) ۔,اسی سال 1 جولائی سے شروع ہونے والی مراعات کے لیے 15 مارچ تک درخواست دیں۔ اگر 15 مارچ سنیچر اتور کو یا چھٹی کے دن آتا ہے تو آخری تاریخ اگلا کاروباری دن ہے۔ (https://a836-pts-efile.nyc.gov/SmartFile/Filing/FilingType/Info/NYC_VET) آن لائن درخواست مکمل کریں (https://a836-pts-efile.nyc.gov/SmartFile/Filing/FilingType/Info/NYC_VET_COOP) ۔ اگر آپ کوآپ میں رہتے ہیں، تو (https://a836-pts-access.nyc.gov/care/search/commonsearch.aspx?mode=address) co-ops کی ایپلیکیشن کا استعمال کر کے درخواست دیں۔درخواست دیتے وقت، آپ کو اپنے گھر کے بورو، بلاک، اور لاٹ (BBL) کی ضرورت ہوگی۔یہ معلومات حاصل کرنے کے لیے پراپرٹی ایڈریس سرچ استعمال کریں۔,
"Il existe deux types d’allocations STAR : le service STAR de base et le service STAR amélioré. Pour être admissible à l’une ou l’autre de ces formules, vous devez pouvoir répondre « oui » à toutes les questions suivantes :\nLa propriété est-elle la résidence principale d'au moins un des propriétaires ?\nHabitez-vous dans l'un de ces types de logement ?\nune maison\nun appartement\nun appartement appartenant à une société coopérative\nune maison usinée\nune maison de campagne\nune propriété polyvalente, y compris des immeubles (seule la partie de l'immeuble occupée par le propriétaire est éligible)Pour Basic STAR, vous devriez aussi être en mesure de répondre « Yes » (Oui) à la question supplémentaire suivante:\nLe revenu annuel combiné de tous les propriétaires qui vivent dans le logement et leurs conjoints doit être inférieur ou égal à 500 000 $.\nSi vous étiez propriétaire et que vous avez bénéficié d’une exemption STAR de base en 2015-16 mais que vous l’avez perdue par la suite, vous pouvez rétablir l’exemption. Pour cela, le montant de vos revenus doit être inférieur ou égal à 250 000 $.Pour Enhanced STAR, vous devriez aussi être en mesure de répondre « Yes » (Oui) aux questions supplémentaires suivantes :\nSi vous bénéficiez actuellement d’une exemption STAR de base, vous pouvez être admissible au service STAR amélioré si vous avez 65 ans ou plus pendant l’année de demande (https://www1.nyc.gov/site/finance/benefits/landlords-star.page) . Le total des revenus de tous les propriétaires et les conjoints résidents ou les concubins déclarés ne peut pas dépasser 92 000 $.",Envoyez un email à STAREnvoyez un email au (http://www1.nyc.gov/site/finance/about/contact-by-email/contact-exemptions-inquiries.page) NYC Department of Finance (ministère des finances de la ville de New York) si vous avez des questions sur STAR.,Appelez le 311Demandez des renseignements sur le Programme d'allégement fiscal relatif à la taxe scolaire.,Consultez le site webRendez-vous sur le site web de STAR (https://tax.ny.gov/pit/property/star/default.htm) pour obtenir plus d'informations.,"Voit hakea Basic STAR -ohjelmaa valtiovarainministeriöltä, jos omistit kiinteistön ja sait STAR: n vuosina 2015-16, mutta menetit myöhemmin edun ja haluat saada sen takaisin.\n (https://www1.nyc.gov/assets/finance/jump/smartfile-estar-star.html) STAR/ESTAR Online Initial -sovellus (https://www1.nyc.gov/assets/finance/jump/smartfile-star-estar-coop.html) \n (https://a836-pts-efile.nyc.gov/SmartFile/Filing/FilingType/Info/NYC_STAR) STAR/ESTAR Online Initial Application for Co-ops (https://www.tax.ny.gov/pit/property/star/) Vous pouvez faire une demande pour Enhanced STAR (E-STAR) en ligne auprès du ministère des Finances\nsi vous êtes un bénéficiaire de Basic STAR admissible à Enhanced STAR,\nsi vous aurez 65 ans ou plus dans l'année où vous présentez votre demande et que vous avez bénéficié d'une exemption STAR sur votre propriété en 2015-2016.Si votre revenu est supérieur à 250 000 $ et inférieur ou égal à 500 000 $, vous pouvez vous inscrire en ligne pour le crédit d'impôt STAR de l'État de New York ou en appelant le 518-457-2036.",STAR
"تعتمد الأهلية للاستفادة من برامج المادة 8 / HCV بشكل أساسي على مقدار دخل أسرتك وعدد أفرادها.\nحجم الأسرة المعيشية|الدخل السنوي\n1|$56,700\n2|$64,800\n3|$72,900\n4|$81,000\n5|$87,500\n6|$94,000\n7|$100,450\n8|$106,950\n",,اتصل هاتفيًا بالرقم 311 اطلب مساعدة برنامج المادة 8.,تفضَّل بزيارة الموقع الإلكتروني (http://www1.nyc.gov/site/nycha/section-8/about-section-8.page) معرفة المزيد حول برنامج المادة 8من الموقع الإلكتروني لهيئة NYCHA.,,HCV
"Aby móc skorzystać ze zwolnienia dla weteranów, trzeba być w stanie odpowiedzieć twierdząco na wszystkie poniższe pytania.\nCzy jesteś obecnym właścicielem nieruchomości, małżonkiem lub wdową/wdowcem po właścicielu nieruchomości, który nie zawarł ponownie związku małżeńskiego?\nCzy nieruchomość jest Twoim głównym miejscem zamieszkania?\nCzy jesteś weteranem służb zbrojnych Stanów Zjednoczonych biorącym udział w jednym z poniższych konfliktów?\nKonflikt w Zatoce Perskiej (obejmuje konflikty w Afganistanie i Iraku) – od 2 sierpnia 1990 r. do chwili obecnej\nWojna w Wietnamie – od 1 listopada 1955 r. do 7 maja 1975 r.\nWojna w Korei – od 27 czerwca 1950 r. do 31 stycznia 1955 r.\nII wojna światowa – od 7 grudnia 1941 r. do 31 grudnia 1946 r.\nI wojna światowa – od 6 kwietnia 1917 r. do 11 listopada 1918 r.",Wyślij e-mail do Departamentu Finansów (Department of Finance)W razie pytań na temat programu wyślij e-mail do (http://www1.nyc.gov/site/finance/about/contact-by-email/contact-exemptions-inquiries.page) Departamentu Finansów (Department of Finance).,Zadzwoń pod numer 311Zapytaj o zwolnienie weteranów z podatku,Zapraszamy do odwiedzenia strony internetowejWięcej informacji można uzyskać na stronie internetowej poświęconej zwolnieniu z podatku dla weteranów (http://www1.nyc.gov/site/finance/benefits/landlords-veterans.page) .,"Wniosek należy złożyć do 15 marca, aby uzyskać świadczenia od 1 lipca tego samego roku. Jeśli 15 marca wypada w weekend lub święto, termin upływa następnego dnia roboczego. (https://a836-pts-efile.nyc.gov/SmartFile/Filing/FilingType/Info/NYC_VET) Należy wypełnić wniosek online (https://a836-pts-efile.nyc.gov/SmartFile/Filing/FilingType/Info/NYC_VET_COOP) . W przypadku mieszkania w mieszkaniu spółdzielczym wniosek można złożyć, korzystając z (https://a836-pts-access.nyc.gov/care/search/commonsearch.aspx?mode=address) wniosku dla mieszkań spółdzielczych.Przy składaniu wniosku należy podać dzielnicę, blok i działkę (BBL), w której znajduje się dom. Należy skorzystać z wyszukiwarki adresów nieruchomości, aby uzyskać te informacje.",
"재향군인 면제 자격 조건에 부합하려면 다음 모든 문항에 대한 답이 예여야 합니다.\n현재 증서를 소유한 소유주, 배우자 또는 재산 소유주의 재혼하지 않은 생존 배우자이십니까?\n재산이 주 거주지입니까?\n다음 분쟁 지역 중 한 곳에서 미군으로 복무한 경험이 있는 재향군인입니까?\n걸프 전쟁(아프가니스탄 및 이라크 분쟁 포함) - 1990년 8월 2일~현재\n베트남 전쟁 - 1955년 11월 1일~1975년 5월 7일\n한국 전쟁 - 1950년 6월 27일~1955년 1월 31일\n2차 대전 - 1941년 12월 7일~1946년 12월 31일\n1차 대전 - 1917년 4월 6일~1918년 11월 11일",재무부로 이메일 전송이 프로그램과 관련한 문의 사항은  (http://www1.nyc.gov/site/finance/about/contact-by-email/contact-exemptions-inquiries.page) 재무부로 이메일을 보내주십시오.,311번으로 전화재향 군인 면제에 대해 문의하십시오.,웹 사이트 방문자세한 내용은 재향 군인 면제 웹 사이트 (http://www1.nyc.gov/site/finance/benefits/landlords-veterans.page) 에서 확인할 수 있습니다.,"그해 7월 1일부터 혜택을 받으려면 3월 15일까지 신청하십시오. 3월 15일이 주말이나 공휴일인 경우 마감일은 다음 영업일입니다. (https://a836-pts-efile.nyc.gov/SmartFile/Filing/FilingType/Info/NYC_VET) 온라인 신청서 작성 (https://a836-pts-efile.nyc.gov/SmartFile/Filing/FilingType/Info/NYC_VET_COOP) . 공동조합에 거주할 경우, (https://a836-pts-access.nyc.gov/care/search/commonsearch.aspx?mode=address) 공동조합 신청서를 사용하여 신청하십시오.신청 시 집에 대한 자치구, 블록 및 로트(BBL)가 필요합니다. 재산 주소 검색을 사용하여 정보를 확인하십시오.",
"To be eligible for STAR, you should be a homeowner of one of these types of housing:\na house\na condo\na cooperative apartment\na manufactured home\na farmhouse\na mixed-use property, including apartment buildings (only the owner-occupied portion is eligible)\n|Basic STAR|Enhanced STAR\nAge|No age restriction|All owners must be 65 or older as of December 31 of the year of the exemption.However, only one owner needs to be 65 or older if the property is jointly owned by only a married couple or only siblings.\nPrimary residence|An owner must live on the property as their primary residence.|At least one owner who's 65 or older must live on the property as their primary residence.\nIncome|The total income of only the owners and their spouses who live at the property must be:\n$500,000 or less for the credit\n$250,000 or less for the exemption (you cannot apply for the exemption anymore but you can restore it if you got it in 2015-16 but lost the benefit later.)|Total income of all owners and resident spouses or registered domestic partners must be $98,700 or less.\n* Income eligibility for the 2024 STAR credit is based on your federal or state income tax return from the 2022 tax year.",Email STAREmail the (http://www1.nyc.gov/site/finance/about/contact-by-email/contact-exemptions-inquiries.page) NYC Department of Finance if you have question about STAR.,Call 311 Ask about the School Tax Relief Program (STAR).,Visit the website Visit the STAR website (https://tax.ny.gov/pit/property/star/default.htm) for more information.,"If you're a new homeowner:\nApply online for the New York State STAR tax credit (https://www.tax.ny.gov/pit/property/star/) .If you get the Basic STAR exemption (as of 2015-16) and are now eligible for Enhanced STAR:\nApply online through the Department of Finance with the (https://www1.nyc.gov/assets/finance/jump/smartfile-estar-star.html) STAR/ESTAR Online Initial Application (https://www1.nyc.gov/assets/finance/jump/smartfile-star-estar-coop.html) or (https://www1.nyc.gov/assets/finance/jump/smartfile-estar-star.html) STAR/ESTAR Online Initial Application for Co-ops (https://www1.nyc.gov/assets/finance/jump/smartfile-star-estar-coop.html) . \nApply by March 15 for the benefit to begin that year. If you want to restore your Basic STAR exemption:\nIf you got the Basic STAR exemption in 2015-16 but later lost the benefit, you can restore it through NYC Department of Finance. Apply online on the (https://www.tax.ny.gov/pit/property/star/) STAR/ESTAR Online Initial Application or STAR/ESTAR Online Initial Application for Co-ops. \nApply by March 15 for the benefit to begin that year.\nIf your combined income is $250,001-$500,000, you'll need to apply online for the New York State STAR tax credit instead.",STAR
"Requisitos para el EITC federal\nTener un Número de Seguro Social válido.\nSus ingresos, estado civil y situación parental en 2024 fueron uno de estos.\nCasado con hijos que califican y con ingresos de hasta $66,819\nCasado sin hijos que califican y con ingresos de hasta $25,511\nSoltero con hijos que califican y con ingresos de hasta $59,899\nSoltero sin hijos que califican y con ingresos de hasta $18,591\nTiene hijos que califican y que incluyen hijos biológicos, hijastros, hijos adoptivos y nietos.\nSi no tiene niños, el EITC solo está disponible para contribuyentes de entre 25 y 64 años.\nCasado que presenta una declaración por separado: un cónyuge que no está presentando una declaración conjunta puede reclamar el EITC si:\ntuvo un hijo que califica y que vivió con usted durante más de la mitad del año; y\nestaban legalmente separados según la ley estatal a fines de 2024 o vivió separado de su cónyuge durante los últimos 6 meses de 2024.\nTuvo ingresos por inversiones de menos de $11,600 en 2024.*Si aún no está seguro si califica, el IRS tiene unacalculadora que puede decirle si califica (https://www.irs.gov/credits-deductions/individuals/earned-income-tax-credit/use-the-eitc-assistant) . Requisitos para el EITC del estado de Nueva York\nno reclamó el crédito por ingresos del trabajo para padres sin custodia (https://www.tax.ny.gov/pit/credits/nceic.htm) y\nusted calificó y reclamó el EITC federal.Requisitos para el EITC de la ciudad de Nueva York\nfue residente de la ciudad de Nueva York durante todo el año o parte del año, y\nreclamó el crédito federal por ingresos del trabajo.",,,Obtenga más información sobre los créditos fiscales (https://www1.nyc.gov/site/dca/consumers/get-tax-credit-information.page) que puede reclamar.,Presente gratis sus impuestos federales congetyourrefund.org (https://www.getyourrefund.org/) para reclamar el EITC federal. También deberá presentar su reembolso de impuestos estatales por separado para obtener el EITC del estado y de la ciudad de Nueva York. También puede obtener ayuda gratis para la presentación de impuestos mediante los servicios deNYC Free Tax Prep (https://www1.nyc.gov/site/dca/consumers/file-your-taxes.page),EITC
"SCRIE এর জন্য যোগ্য হতে, আপনাকে এইসব প্রশ্নের উত্তরে """"হ্যাঁ"""" বলতে হবে:\nআপনার বয়স কি 62 বছর বা তার বেশি?\nআপনার নাম কি লিজে রয়েছে?\nআপনার মোট পারিবারিক আয় কি বার্ষিক $50,000 বা তার চেয়ে কম?\nমাসিক পারিবারিক আয়ের প্রায় এক-তৃতীয়াংশের বেশি কি ঘর ভাড়া হিসাবে খরচ করেন।\nআপনি কি NYC তে এই ধরনের আবাসনে বসবাস করেন?\nভাড়া স্থিতিশীল অ্যাপার্টমেন্ট\nভাড়া নিয়ন্ত্রিত অ্যাপার্টমেন্ট\nভাড়া নিয়ন্ত্রিত হোটেল বা এক জনের থাকার রুমে\nMitchell-Lama ডেভেলপমেন্ট\nলিমিটেড ডিভিডেন্ড হাউজিং কোম্পানি ডেভেলমেন্ট\nরিডেভেলপমেন্ট কোম্পানি ডেভেলপমেন্ট\nহাউজিং ডেভেলপমেন্ট ফান্ড কোম্পানি ডেভেলপমেন্ট",SCRIE এর সাথে যোগাযোগ করুনঅর্থ বিভাগ এর (http://www1.nyc.gov/site/finance/about/contact-by-email/contact-drie.page) সহায়তার জন্য অনুরোধ করুন (mailto:SCRIE@hpd.nyc.gov) ।HPD তে ইমেল করুনHPD-সুপারভাইজড সম্পর্কে প্রশ্নের জন্য ইমেল করুন SCRIE@hpd.nyc.gov।,311 নম্বরে ফোন করুনSCRIE Specialists (SCRIE স্পেশালিস্টের) সঙ্গে কথা বলতে চান।,"ওয়েবসাইটগুলি দেখুনআরও জানতে NYC DOE ওয়েবসাই (http://www1.nyc.gov/site/rentfreeze/index.page) দেখুন।রেন্ট ফ্রিজ প্রোগ্রাম (Rent Freeze Program) (SCRIE and DRIE) এবং COVID-19 সচরাচর জিজ্ঞাস্য প্রশ্নগুলি (COVID-19 frequently asked questions) (https://www1.nyc.gov/site/rentfreeze/help/covid-19-frequently-asked-questions.page) দেখুন।আপনি যদি একটি HPD ডেভেলপমেন্টে থাকেন, HPD-সুপারভাইজড্ SCRIE সম্পর্কে আরও জানতে HPD-এর ওয়েবসাইট (https://www1.nyc.gov/site/hpd/services-and-information/scrie-drie.page) দেখুন।ন।","অনলাইনে আবেদন করুনআপনি যদি প্রথমবার SCRIE-এর জন্য আবেদন করেন, তাহলে আপনি অনলাইনে (https://www1.nyc.gov/site/rentfreeze/tools/nyc-tap.page) আবেদন করতে পারেন।ভার্চুয়াল অ্যাপয়েন্টমেন্টের সময় আবেদন করুনআপনি একটি (https://www1.nyc.gov/assets/finance/jump/dof-appointments.html) ভার্চুয়াল অ্যাপয়েন্টমেন্টের সময় নির্ধারণ করে SCRIE-তে আবেদন করার জন্য সাহায্য পেতে পারেন। সময় নির্ধারণ করার সময়:\n ""পরিষেবা নির্বাচন করুন (Select Service)"" এর অধীনে, ভাড়াটিয়া ও বাড়ির মালিকের অব্যাহতি প্রোগ্রাম (Renter and Homeowner Exemption Programs) বেছে নিন। তারপরে, ""রেন্ট ফ্রিজ (SCRIE বা DRIE) প্রাথমিক আবেদন নির্বাচন করুন৷\n""অবস্থান নির্বাচন করুন (Select Location)"" এর অধীনে, ""অব্যহতি ভার্চুয়াল অ্যাপয়েন্টমেন্ট (Exemptions Virtual Appointments)"" নির্বাচন করুন।\nতারিখ এবং সময় বাছুন। তারপর, আপনার অ্যাপয়েন্টমেন্ট তৈরি করতে আপনার যোগাযোগের তথ্য পূরণ করুন।",SCRIE
\nيبحث هذا البرنامج في عدة أشياء لتحديد إذا ما كنت مؤهلًا أم لا. تشمل بعض هذه الأشياء ما يلي:مقدار ما تجنيه من المال\nمقدار المال الذي تحصل عليه من المخصصات\nعدد الأفراد المقيمين معك في المنزل\nالموارد مثل حساب النقدي أو الحساب الجاري,,اتصل هاتفيًا بالرقم 311 اطلب الحصول على المساعدة النقدية.,"تفضَّل بزيارة الموقع الإلكتروني تفضل بزيارة موقع ""المساعدة النقدية"" الإلكتروني (http://www1.nyc.gov/site/hra/help/cash-assistance.page) لمعرفة المزيد عن هذا البرنامج.",\nقم بالتقديم على (https://a069-access.nyc.gov/accesshra/) ACCESS HRA (http://www1.nyc.gov/site/hra/locations/job-locations.page) . يمكنك التقدم بطلب للحصول على المساعدة النقدية ومخصصات برنامج SNAP وMedicaid في الوقت نفسه.\nاستخدم تطبيق الأجهزة المحمولة ACCESS HRA لتتبع مدى تقدم طلبك أو لتقديم المستندات.\nسيتم التواصل معك لإجراء مقابلة هاتفية. يمكنك أيضًا زيارة مركز الوصول إلى مخصصات HRA لإجراء مقابلة شخصية.,
"申請第 8 節/NCV 計畫的資格主要取決於您的家庭收入和家庭人口。\n家庭人口數|年收入\n1|$56,700\n2|$64,800\n3|$72,900\n4|$81,000\n5|$87,500\n6|$94,000\n7|$100,450\n8|$106,950\n",,致電 311 申請第 8 節的援助。,造訪網站 造訪 NYCHA 的網站 (http://www1.nyc.gov/site/nycha/section-8/about-section-8.page) 詳細瞭解第 8 節。,,HCV
"Вы соответствуете критериям получения льгот по программе SCHE, только если можете утвердительно ответить на все приведенные ниже вопросы.\nВсе ли владельцы недвижимости в возрасте 65 лет и старше?  Или если вы владеете недвижимостью совместно с супругом (супругой), родными братом или сестрой, есть ли среди вас кто-нибудь в возрасте 65 лет и старше?\nЯвляется ли недвижимость вашим основным местом жительства?\nСовокупный доход всех владельцев меньше или равен 58 399 $?\nДоход НЕ включает пособия SSI или денежные пособия.\nВладеете ли вы недвижимостью не менее 12 месяцев?",,Позвоните по телефону 311Попросите соединить вас с Программа освобождения от налогов пожилых домовладельцев.,Посетите веб-сайтПодробную информацию можно получить на сайте программы SCHE. (http://www1.nyc.gov/site/finance/benefits/landlords-sche.page),"(https://a836-pts-efile.nyc.gov/SmartFile/Filing/FilingType/Info/NYC_SCHE) Подайте заявку онлайн (https://a836-pts-efile.nyc.gov/SmartFile/Filing/FilingType/Info/NYC_SCHE_COOP) до 15 марта, чтобы начать пользоваться льготами с 1 июля.Если вы живете в кооперативе, то можете подать заявку онлайн, используя (https://a836-pts-access.nyc.gov/care/search/commonsearch.aspx?mode=address) форму заявления SCHE для кооперативов.При подаче заявления вам понадобится информация о районе, блоке и лоте (Borough-Block-Lot, BBL) вашего дома.Для получения этой информации воспользуйтесь поиском по адресу недвижимости.",SCHE
"Pou kalifye pou jwenn Kredi Enpo Resposanblite Timoun ak Depandan, ou ta dwe kapab reponn wi pou kesyon sa yo:\nÈske w te peye yon moun pou l pran swen moun ki sou responsablite w lan yon fason pou ou menm (ak konjwen ou, si nou ranpli yon deklarasyon ansanm) t a kapab travay oswa chèche travay? Depandan ki kalifye yo se:\nyon timoun ki poko gen 13 zan nan moman swen an;\nyon konjwen oswa yon adilt depandan ki pa ka pran swen tèt li fizikman oswa mantalman.\nÈske depandan an te viv avèk ou pou plis pase mwatye ane 2024?\nÈske ou (ak konjwen ou si nou ranpli taks ansanm) touche lajan? Sa yo ka soti nan pèman, salè, tep, lòt lajan yo ka pran taks sou anplwaye a, oswa revni sou travay endepandan yo.\nSi ou marye, èske ou menm ak konjwen ou ap travay deyò?\nSi se pa sa, èske youn nan nou travay andeyò kay la pandan lòt la se yon etidyan aplentan, li gen yon andikap, oswa ap chèche travay?",,,Aprann sou kredi taks (https://www1.nyc.gov/site/dca/consumers/get-tax-credit-information.page) ke ou ka reklame.,Depoze taks federal ou gratis akgetyourrefund.org (https://www.getyourrefund.org/) pou reklame kredi a.,
"لتصبح مؤهلاً للحصول على برنامج إعفاء أصحاب المنازل من ذوي الاحتياجات الخاصة (DHE)، يجب أن تتوافر بك هذه الشروط:\nهل جميع المُلاك من ذوي الاحتياجات الخاصة، أو المُلاك الآخرين أزواج أو أشقاء لأشخاص من ذوي الاحتياجات الخاصة؟\nهل العقار هو محل إقامتك الأساسي؟\nهل الدخل المُجمع لجميع المُلاك أقل من أو يساوي 58,399 دولاراً أمريكياً سنوياً؟\nألا يشتمل الدخل على دخل تأميني إضافي (SSI) أو منح المساعدات المالية.قد تكون مؤهلاً إذا كان عقارك قيد التطوير ضمن مشروع سكني تابع لمؤسسة صندوق تنمية الإسكان (Housing Development Fund Corporation) وكان ضمن قسم برنامج الإدارة البديلة (Division of Alternative Management Program). لا يمكن أن يكون عقارك قيد التطوير ضمن مشروع سكني يتم التحكم فيه بواسطة شركة Limited Profit Housing Company أو Mitchell-Lama أو Limited Lividend Housing Company أو شركة لإعادة التطوير. اتصل بمدير عقارك إذا كنت غير متأكد.",البريد الإلكتروني DHEإذا كان لديك أسئلة، (http://www1.nyc.gov/site/finance/about/contact-by-email/contact-exemptions-inquiries.page) أرسل رسالة بريد إلكتروني إلى DHE للمزيد من المعلومات.,اتصل بالرقم 311اسأل عن برنامج برنامج إعفاء أصحاب المنازل ذوي الاحتياجات الخاصة,زيارة الموقع الإلكترونيقم بزيارة موقع DHE الإلكتروني (http://www1.nyc.gov/site/finance/benefits/landlords-dhe.page)  لمعرفة المزيد.,\n (https://a836-pts-efile.nyc.gov/SmartFile/Filing/FilingType/Info/NYC_DHE) التقدم بطلب عبر الإنترنت (https://a836-pts-efile.nyc.gov/SmartFile/Filing/FilingType/Info/NYC_DHE_COOP) بحلول 16 مارس للحصول على مخصصات تبدأ في 1 يوليو.\nإذا كنت تعيش في مجتمع تعاوني، فإنه يمكنك التقديم عبر الإنترنت باستخدام طلب DHE للمجتمعات التعاونية.\nاستخدم عنوانك أو منطقتك الإدارية، والمربع السكني وقطعة الأرض (BBL) أو عنوان العقار للعثور على عقارك وبدء إكمال النموذج.,DHE
"Genyen de (2) kalite avantaj STAR: STAR debaz ak STAR Amelyore. Pou w elijib pou youn oswa lòt, ou ta dwe an mezi pou reponn wi pou tout kesyon sa yo:\nÈske pwopriyete a se kay prensipal omwen youn nan pwopriyetè yo?\nÈske w ap viv youn nan kalite lojman sa yo?\nyon kay\nyon kondominyòm\nyon apatman koperativ\nyon kay fabrike\nyon kay nan fèm\nyon pwopriyete ak plizyè moun k ap itilize li, tankou batiman apatman (sèlman pati pwopriyetè a abite a kalifye)Pou STAR Debaz, ou sipoze kapab reponn wi pou kesyon adisyonèl sa a:\nFòk revni konbine tout pwopriyetè ki ap viv nan kay la ak mari oswa madanm yo se $500,000 dola pa ane oswa mwens.\nSi ou te posede pwopriyete ou a epi ou te resevwa Basic STAR an 2015-16 men apre sa ou te pèdi avantaj la, ou ka retabli egzansyon an. Pou retabli Basic STAR ou, revni ou dwe $250,000 oswa pi piti.Pou STAR Amelyore, ou sipoze kapab reponn wi pou kesyon adisyonèl sa yo:\nSi ou resevwa Basic STAR aktyèlman, ou gendwa kalifye pou Enhanced STAR si ou pral gen 65 lane oswa plis nan ane ou aplike a (https://www1.nyc.gov/site/finance/benefits/landlords-star.page) . Revni total tout pwopriyetè yo ak mari/madanm oswa patnè nan kay anrejistre rezidan yo pa kapab depase $92,000.",Imèl STARImèl (http://www1.nyc.gov/site/finance/about/contact-by-email/contact-exemptions-inquiries.page) Depatman Finans NYC si ou gen kesyon konsènan STAR.,Rele 311Mande pou Pwogram Rediksyon Taks Pou Lekòl (STAR).,Vizite sitwèb laVizite sitwèb STAR (https://tax.ny.gov/pit/property/star/default.htm)  a pou plis enfòmasyon.,"Ou ka aplike pou Debaz STAR ak Depatman Finans si ou posede pwopriyete w epi ou resevwa STAR nan 2015-16 men pita pèdi benefis la epi ou ta renmen fè li retabli.\n (https://www1.nyc.gov/assets/finance/jump/smartfile-estar-star.html) STAR / ESTAR Sou entènèt Premye Aplikasyon (https://www1.nyc.gov/assets/finance/jump/smartfile-star-estar-coop.html) \n (https://a836-pts-efile.nyc.gov/SmartFile/Filing/FilingType/Info/NYC_STAR) STAR / ESTAR Sou entènèt Premye Aplikasyon pou Co-ops (https://www.tax.ny.gov/pit/property/star/) Ou ka aplike pou Enhanced STAR (E-STAR) sou entènèt ak Depatman Finans\nsi ou se yon benefisyè STAR Debaz ki kalifye pou Enhanced STAR,\nsi w ap gen 65 an oswa plis nan ane ou aplike a epi ou te gen yon egzanpsyon STAR sou pwopriyete w la nan 2015-16.Si revni ou pi gran pase $ 250, 000 ak mwens pase oswa egal a $ 500,000, ou ka enskri sou entènèt pou kredi taks STAR Eta New York oswa lè w rele 518-457-2036.",STAR
任何人都可以投保 Qualified Health Plan。\n大多數移民都可以在紐約州健康市場 (NY State of Health Marketplace) 進行投保。我們可以提供經濟援助。\n任何人都可以透過致電保險公司或造訪其網站，直接向保險公司購買私人健康保險。,,致電 311 瞭解關於健康保險的一般問題，以及尋找現場協助員。,瞭解有關健康保險選項的更多資訊 透過HRA 全市健康保險管道 (https://www1.nyc.gov/site/ochia/coverage-care/insurance-options.page) 瞭解關於您的選項的更多資訊。 請求提供投保幫助GetCoveredNYC (https://www1.nyc.gov/nyc-resources/get-covered.page) 幫助紐約居民投保健康保險。 敬業的專員可以使用您的語言，免費為您提供協助。 請求與顧問通話填寫健康保險投保協助問詢表 (https://nycdohmh.surveymonkey.com/r/7BB62M3) ，即可接聽投保顧問的來電。 免費提供多種語言的投保協助，無論您的移民身分為何。 您的資訊會予以保密。,透過NY State of Health (https://nystateofhealth.ny.gov/) 投保健康保險。,QHP
\n이 프로그램에서는 자격 조건에 부합하는지 결정하기 위해 몇 가지 사항을 확인합니다. 확인하는 사항은 다음과 같습니다.소득 금액\n수혜 금액\n가구 구성원 수,,311에 전화하세요 SNAP를 요청하십시오.,웹사이트를 방문하십시오 이 프로그램에 대해 자세히 알아보려면 SNAP 웹사이트 (https://www1.nyc.gov/site/hra/help/snap-benefits-food-program.page) 를 방문하십시오.,"\n (https://a069-access.nyc.gov/ACCESSNYC/application.do) ACCESS HRA (https://appsto.re/us/9s9N_.i) 를 사용하여 온라인으로 신청합니다. 현금 보조금, SNAP 및 Medicaid를 모두 동시에 신청하실 수 있습니다.\nNYC HRA 서류 업로드(NYC HRA Document Upload) 앱을 사용하여 서류를 스캔하십시오. 앱은 (https://play.google.com/store/apps/details?id=gov.nyc.hra.DocUploads) iTunes Store (https://a069-access.nyc.gov/ACCESSNYC/application.do) (iPhone) 또는 (https://a069-access.nyc.gov/ACCESSNYC/application.do) Google Play 스토어(Android)에서 무료로 이용할 수 있습니다.\n신청서를 제출한 후에는 자격 조건 인터뷰에 응해야 합니다. SNAP 센터에 직접 방문하지 않고 전화로 자격 조건 인터뷰를 받을 수 있습니다.\n신청서 상태는 ACCESS HRA에서 확인할 수 있습니다.\n1년에 한 번씩 SNAP를 재인증해야 합니다. SNAP 사무실에서 재인증 패킷을 우편으로 발송해드리면 작성 후 HRA로 반송하십시오. ACCESS HRA에서 온라인으로 재인증하셔도 됩니다. 재인증서 제출 후 인터뷰를 위해 718-SNAP-Now (718-762-7669)로 전화하십시오.",SNAP
"وفاقی ‏EITC‏ کی لیاقتیں\nآپ کے پاس درست سوشل سیکیورٹی نمبر ہو۔\n2024 میں آپ کی آمدنی، ازدواجی اور والدینی حیثیت ان میں سے ایک تھی۔\nشادی شدہ ہوں نیز اہل قرار پانے والے بچے ہوں اور ‏‎$$66,819‏ تک کما رہے ہوں\nشادی شدہ ہوں نیز اہل قرار پانے والا کوئی بچہ نہ ہو اور ‏‎$25,511‏ تک کما رہے ہوں\nغیر شادی شدہ ہوں نیز اہل قرار پانے والے بچے ہوں اور ‏‎$59,899‏ تک کما رہے ہوں\nغیر شادی شدہ ہوں نیز اہل قرار پانے والا کوئی بچہ نہ ہو اور ‏‎$18,591‏ تک کما رہے ہوں\nاہل بچوں میں آپ کی سگی اولاد، سوتیلے بچے، رضاعی بچے اور پوتا/پوتی/نواسا/نواسی شامل ہیں۔\nاگر آپ کی کوئی اولاد نہیں ہے، تو EITC صرف 25 اور 64 سال کی عمروں کے درمیان کے فائلرز کے لیے دستیاب ہے۔\nشادی شدہ علیحدہ فائل کر رہے ہیں: جو شریک حیات مشترک ریٹرن فائل نہيں کر رہے ہوں وہ ‏EITC‏ کا دعوی کر سکتے ہیں اگر:\nآپ کے پاس اہل قرار پانے والا ایسا بچہ ہو جو آدھے سال سے زائد مدت تک آپ کے ساتھ رہا ہو؛ اور\nآپ 2024 کے آخر میں ریاستی قانون کے مطابق قانونی طور پر علیحدہ ہوئے ہوں یا آپ 2024 کے کم از کم 6 تک اپنے/اپنی شریک حیات سے علیحدہ رہے ہوں۔\n2024 میں آپ کی سرمایہ کاری سے ہونے والی آمدنی ‏‎$11,600‏ سے کم ہو۔*اگر آپ اب بھی پریقین نہیں ہیں کہ آیا آپ اہل قرار پاتے ہیں تو، ‏IRS‏ کے پاس ایککیلکولیٹر ہے جو آپ کو بتا سکتا ہے کہ آیا آپ اہل قرار پاتے ہیں (https://www.irs.gov/credits-deductions/individuals/earned-income-tax-credit/use-the-eitc-assistant) ۔ نیو یارک اسٹیٹ کی ‏EITC‏ کی لیاقتیں\nآپ نے ‎‏غیر تولیتی والدین کی کمائی گئی آمدنی کے کریڈٹ (https://www.tax.ny.gov/pit/credits/nceic.htm) کا دعوی نہیں کیا، ‎ ‏اور\nآپ EITC‏ کے لیے اہل قرار پائے اور آپ نے اس کا دعوی کیا۔نیو یارک سٹی کی ‏EITC‏ کی لیاقتیں\nکل وقتی یا جز وقتی نیو یارک کا باشندہ تھے، اور\nوفاقی کمائی گئی آمدنی پر کریڈٹ کا دعوی کیا",,,ٹیکس کریڈٹس کے بارے میں جانیں (https://www1.nyc.gov/site/dca/consumers/get-tax-credit-information.page) جن کا آپ دعوی کر سکتے ہیں۔,وفاقی ‏EITC‏ کا دعوی کرنے کے لیے اپنے وفاقی ٹیکس مفت میں ‏getyourrefund.org (https://www.getyourrefund.org/) ‏ کے ساتھ فائل کریں۔ آپ کو نیو یارک اسٹیٹ اور سٹی کا ‏EITC‏ پانے کے لیے اپنا ریاستی ٹیکس ریفنڈ الگ سے فائل کرنے کی بھی ضرورت ہوگی۔ آپNYC‏ فری ٹیکس پریپ (https://www1.nyc.gov/site/dca/consumers/file-your-taxes.page) کی خدمات کے ذریعے ٹیکس فائل کرنے میں مفت مدد بھی حاصل کر سکتے ہیں۔,EITC
"DHE এর জন্য যোগ্য হতে, আপনাকে এইসব প্রশ্নের উত্তরে """"হ্যাঁ"""" বলতে হবে:\nসমস্ত মালিকই কি প্রতিবন্ধী অথবা ব্যক্তির স্বামী বা স্ত্রী অথবা ভাই বা বোন প্রতিবন্ধী?\nসম্পত্তিটি কি আপনার প্রাথমিক বাসস্থান?\nসমস্ত মালিকের একত্রিত আয় কি বার্ষিক $58,399 এর কম বা সমান?\nআয়ের মধ্যে SSI বা নগদ সহায়তার সুযোগ অন্তর্ভুক্ত নয়।আপনার সম্পত্তি যদি হাউজিং ডেভেলপমেন্ট ফান্ড কর্পোরেশন বিকাশে (Housing Development Fund Corporation development) থাকে এবং বিকল্প ব্যবস্থাপনার প্রকল্পের বিভাগে (Division of Alternative Management Program) থাকে তাহলে আপনি যোগ্য হতে পারেন। আপনার সম্পত্তিটি কোনও লিমিটেড প্রফিট হাউজিং সংস্থা, মিশেল-লামা (Mitchell-Lama), লিমিটেড ডিভিডেন্ড হাউজিং সংস্থা, বা পুনর্নির্মাণ সংস্থা দ্বারা নিয়ন্ত্রিত কোনও আবাসন উন্নয়নের মধ্যে হওয়া চলবে না। আপনি নিশ্চিত না হলে আপনার সম্পত্তি পরিচালকের সাথে যোগাযোগ করুন।","DHE তে ইমেল করুনযদি আপনার প্রশ্ন থাকে তাহলে, আরো তথ্যের জন্য  (http://www1.nyc.gov/site/finance/about/contact-by-email/contact-exemptions-inquiries.page) DHE তে ইমেল করুন।","311 নম্বরে ফোন করুনযদি কোনো প্রোগ্রাম খুঁজতে সহায়তার প্রয়োজন হয় তাহলে ""Disabled Homeowners Exemption"" (প্রতিবন্ধী মালিকদের ছাড়) এর জন্য বলুন।",ওয়েবসাইটটি দেখুনআরো জানতে DHE ওয়েবসাইট (http://www1.nyc.gov/site/finance/benefits/landlords-dhe.page) দেখুন।,"\nজুলাই 1 থেকে শুরু হওয়া সুবিধার জন্য মার্চ 16 এর মধ্যে অনলাইনে আবেদন করুন।\nযদি আপনি কো-অপে থাকেন, তাহলে আপনি (https://a836-pts-efile.nyc.gov/SmartFile/Filing/FilingType/Info/NYC_DHE_COOP) DHE-এর কো-অপ অ্যাপ্লিকেশন ব্যবহার করে অনলাইনে আবেদন করতে পারেন।\nআপনার সম্পত্তি খুঁজতে এবং ফরম পূরণ শুরু করতে আপনার ঠিকানা বা বরো, ব্লক এবং লট (BBL) বা সম্পত্তির ঠিকানা ব্যবহার করুন।",DHE
