brief_excerpt,age_group,how_to_apply_or_enroll_by,apply_online_call_to_action,program_category,population_served,updated_at
Niższe podatki od nieruchomości dla właścicieli domów z niepełnosprawnościami.,,"\nPobierz początkowy wniosek o wyłączenie i wypełnij go. Można również zadzwonić pod numer 311 (http://webapps.nyc.gov:8084/CICS/fin1/find001I) , aby otrzymać wniosek drogą mailową.\nKonieczne będzie podanie nazwy dzielnicy, przecznicy i działki, na której znajduje się dom (borough, block, lot (BBL). Informacje te można znaleźć dzięki Property Address Search (wyszukiwarka adresów nieruchomości).\nNależy zebrać wymagane dokumenty i dołączyć je do wniosku. Wniosek bez dołączonych dokumentów nie zostanie rozpatrzony.\nWypełniony wniosek i wymagane dokumenty należy wysłać do:New York City Department of Finance P.O.BOX 311 Maplewood, NJ 07040-0311\nAby świadczenia mogły zostać wypłacone w dniu 1-go lipca tego samego roku, data na stemplu pocztowym na wniosku nie może być późniejsza niż 16 marca.",Złóż wniosek online,Cash & Expenses,"People with disabilities,Homeowners",2024-10-23T11:01:24.000
Obtenez un remboursement si vous avez payé des frais de garde d’enfants ou d’adultes à charge pendant que vous travailliez ou cherchiez un emploi.,,"Remplissez leformulaire 1040 (https://www.irs.gov/pub/irs-pdf/f1040.pdf) ou le (https://www.irs.gov/forms-pubs/about-form-1040-nr) formulaire 1040NR (https://www.irs.gov/pub/irs-pdf/f2441.pdf) , et joignez-y leformulaire 2441‎.",Déposez une demande en ligne,Cash & Expenses,,2025-02-11T11:02:04.000
"Les programmes Head Start sont gratuits, sont fournis tout au long de l’année et ce pendant au moins huit heures par jour.",,,,Child Care,NYCHA residents,2025-04-02T11:01:16.000
COMPASS NYC propose des centaines de programmes pour les jeunes élèves de maternelle jusqu'à ceux qui sont en douzième année d'étude.,,,Trouver un programme parascolaire,Enrichment,"Children (0-13),Students,Youth (10+)",2022-03-23T11:01:55.000
"符合條件的家庭、非監護父母以及全職、兼職或自雇人員可獲得最高 $11,000 的稅額抵免。",,如果您要透過郵寄報稅，您將需要填寫以下表格：\n表格 1040 (https://www.irs.gov/pub/irs-pdf/f1040.pdf) 或 (https://www.irs.gov/forms-pubs/about-form-1040-nr) 表格 1040NR (https://www.irs.gov/pub/irs-pdf/f1040sei.pdf) （適用於聯邦 EITC）\n附表 EIC (https://www.tax.ny.gov/pdf/current_forms/it/it215_fill_in.pdf) （適用於聯邦報稅），如果您有子女\n表單 IT-215 (https://www.tax.ny.gov/pdf/current_forms/it/it215i.pdf) （適用於紐約州抵免）\nIT-215 說明表單中的工作表 C（適用於紐約市抵免）,線上申報,Cash & expenses,,2025-05-24T11:01:48.000
برنامج تجميد الإيجارات لمساعدة سكان نيويورك المؤهلين على البقاء في منازلهم,,"\nاطبع (https://www1.nyc.gov/assets/rentfreeze/downloads/pdf/drie/drie-initial-application-only.pdf) طلبًا مبدئيًا وقم بإكماله. كما يمكنك أيضًا استلام طلب من أحد مراكز المساعدة لدى SCRIE أو الاتصال على الرقم 311 لطلب إرسال طلب إليك عبر البريد العادي.\nأرسل طلبك المكتمل والموقع عليه عبر البريد مع إرفاق المستندات الداعمة معه إلى العنوان: Rent Freeze Program – DRIE P.O. Box 3179 Union, NJ 07083",التقديم عبر الإنترنت,Housing,"Immigrants,Seniors,Veterans",2022-03-23T11:02:08.000
Head Start programs are free and run year-round for at least eight hours a day.,"Toddler,Pre-Schooler",,,Child Care,Families with children,2025-03-27T11:00:57.000
"La asistencia en efectivo puede ayudarlo a pagar el alquiler, los servicios públicos y otros gastos de emergencia.",Everyone,\n (https://otda.ny.gov/programs/applications/2921-SP.pdf) Imprima la solicitud (http://www1.nyc.gov/site/hra/locations/job-locations.page) y complétela.\nEnvíela por correo o déjela en el buzón de entrega en un Centro de acceso a los beneficios de la HRA (http://www1.nyc.gov/site/hra/locations/job-locations.page) .\nLo contactarán para tener una entrevista por teléfono. También puede visitar un Centro de acceso a los beneficios de la HRA para tener una entrevista en persona.,Presente una solicitud o recertifique en línea,Cash & expenses,Everyone,2024-07-11T11:00:27.000
"Zapisz swoje dziecko do Pre-K: jest to bezpłatny, całodniowy, wysokiej jakości program wczesnej edukacji.",,,Złóż wniosek o przyjęcie do programu Pre-K,Education,"Children (0-13),Families,Immigrants,NYCHA residents,Students",2024-08-09T11:01:42.000
"Families can claim this tax credit worth up to $2,000 for each qualifying child under 17 years old.",Everyone,"If mailing your tax return, complete Form 1040 (https://www.irs.gov/pub/irs-pdf/f1040.pdf) and Schedule 8812 (https://www.irs.gov/pub/irs-pdf/f1040s8.pdf) .",,Cash & expenses,"Families with children,Pregnant & new parents",2025-02-06T11:00:51.000
SNAP-এর সুবিধাগুলি আপনার পরিবারকে তাজা এবং স্বাস্থ্যকর রসদের খাবার খাওয়াতে আপনাকে সহায়তা করতে পারে।,,"\nএকটি (https://otda.ny.gov/programs/applications/4826-BE.pdf) কাগজের আবেদনপত্র (https://www1.nyc.gov/site/hra/locations/snap-locations.page) প্রিন্ট করুন, কোনো SNAP কেন্দ্র থেকে একটি সংগ্রহ করুন, অথবা আপনাকে একটি কাগজের আবেদনপত্র পাঠানোর জন্য 718-557-1399 নম্বরে HRA Infoline-এ কল করুন।\nআপনার আবেদন এবং নথির কপি নিম্নোক্ত ঠিকানায় মেল করুন:SNAP পরিষেবা বিভাগ, মেল অ্যাপ্লিকেশন এবং রেফারেল ইউনিট (MARU) P.O.BOX 24510 Brooklyn, NY 11201",অনলাইনে আবেদন করুন,Food,Everyone,2024-08-09T11:01:32.000
نیو یارک کے اہل باشندوں کو ان کے گھر میں رہنے میں مدد کے لیے رینٹ فریز پروگرام,,"\nایک (https://www1.nyc.gov/assets/rentfreeze/downloads/pdf/drie/drie-initial-application-only.pdf) ابتدائی درخواست پرنٹ کریں اور اسے پُر کریں۔ آپ DRIE اسسٹنس سنٹر جا کر بھی ایک اپلیکیشن لے سکتے ہیں یا 311 پر کال کر کے درخواست کر سکتے ہیں کہ آپ کو ایک ایپلیکیشن بھیج دی جائے۔\nمعاون دستاویزات کے ساتھ اپنی مکمل اور دستخط شدہ درخواست بذریعہ ڈاک بھیجیں:\nRent Freeze Program – DRIEP.O. Box 3179Union, NJ 07083",آن لائن درخواست دیں,Housing,"Immigrants,People with disabilities,Seniors,Veterans",2022-03-23T11:01:44.000
"COMPASS NYC proponuje setki programów dla dzieci i młodzieży, od klasy przedszkolnej do 12.",,,Jak znaleźć program pozalekcyjny,Enrichment,"Children (0-13),Students,Youth (10+)",2022-03-23T11:01:54.000
Pwogram “Premye Kòmansman” (Head Start) yo gratis epi yo fonksyone tout ane a pandan omwen 8 èdtan chak jou.,,,,Child care,NYCHA residents,2025-04-02T11:01:16.000
주택 소유주는 학교 재산세에 대해 일부 면제를 받을 수 있습니다.,,"신청하는 연도에 65세 이상이고 2015-16년에 귀하의 재산에 대해 STAR 면제를 받은 적이 있는 경우 Enhanced STAR(E-STAR)를 신청할 수 있습니다. (https://www1.nyc.gov/assets/finance/downloads/pdf/payment_operations/2020/star-to-estar.pdf) “기본 STAR에서 상위 STAR로 변경(STAR to ESTAR)"" (https://www1.nyc.gov/site/finance/benefits/landlords-star.page) 신청서를 작성해 NYC 재무국(Department of Finance (https://www1.nyc.gov/assets/finance/downloads/pdf/payment_operations/2020/star_appl.pdf) )에 접수하시기 바랍니다.2015년 이후 또는 그 이전에 귀하의 재산에 대해 기본 STAR(Basic STAR) 면제를 받았는데 이후에 분실했을 경우에는 STAR 혜택 회복(STAR Benefit Restoration) 신청서를 작성하여 STAR 면제 회복을 신청하실 수 있습니다.",온라인으로 신청,Cash & expenses,Homeowners,2024-10-23T11:01:13.000
برنامج تجميد الإيجارات لمساعدة سكان نيويورك المؤهلين على البقاء في منازلهم,,"\nاطبع (https://www1.nyc.gov/assets/rentfreeze/downloads/pdf/scrie/scrie-initial-application-only.pdf) طلبًا مبدئيًا (https://www1.nyc.gov/assets/hpd/downloads/pdfs/services/scrie-application.pdf) وقم بتعبئته. كما يمكنك أيضًا استلام طلب من أحد مراكز المساعدة لدى SCRIE أو الاتصال على الرقم 311 (mailto:SCRIE@hpd.nyc.gov) لطلب إرسال طلب إليك عبر البريد العادي.\nقم بإرسال طلبك المكتمل والموقع عليه عبر البريد مع إرفاق المستندات الداعمة معه إلى:Rent Freeze Program – SCRIEP.O. Box 3179Union, NJ 07083إذا كنت تعيش في إسكان يقع في نطاق مجتمعات التطوير الخاصة بشركة Mitchell Lama أو Redevelopment Company:قم بتنزيل طلب HPD SCRIE وإرساله عبر البريد العادي إلى:HPD SCRIE UnitOne Hundred Gold Street. 7th floor New York, New York, 10038كما يمكنك أيضًا إرسال طلبك المكتمل عبر البريد الإلكتروني إلى SCRIE@hpd.nyc.gov.",التقديم عبر الإنترنت,Housing,"Immigrants,People with disabilities ,Seniors,Veterans",2022-03-23T11:02:59.000
A rent freeze program to help eligible New Yorkers stay in their home.,Caregiver,"\nPrint and complete the (https://www1.nyc.gov/assets/rentfreeze/downloads/pdf/drie/drie-initial-application-only.pdf) initial application (or call 311 for an application).\nMail your completed and signed application along with supporting documents to: Rent Freeze Program – DRIE P.O. Box 3179 Union, NJ 07083",,Housing,People with disabilities,2025-02-19T11:01:04.000
يمكن للطلاب في مدينة نيويورك الاستمتاع بوجبتي الإفطار والغداء مجانًا في كل يوم دراسي.,,,,Food,"Children (0-13),Immigrants,Students,Youth (10+)",2022-03-23T11:02:54.000
早期托兒服務與教育服務每天可提供服務長達 10 小時。,,\n (https://www1.nyc.gov/site/acs/early-care/forms.page) 下載您所用語言版本的申請表。 (http://www.nyc.gov/html/hra/html/services/job_centers.shtml) \n填寫申請表並將其郵寄至： NYC DOE Family Welcome Center 333 7th Ave 12th floor New York NY 10001如果您已經在領取 HRA 福利，請到指定的 HRA 福利領取中心 (Benefits Access Center) 申請。,在線申請,Child care,"Children (0-13),Families,Pregnant & new parents",2024-08-13T11:01:27.000
দিনে 10 ঘণ্টা পর্যন্ত আর্লি শিশু পরিচর্যা ও শিক্ষা পরিষেবা।,,"\n (https://www1.nyc.gov/site/acs/early-care/forms.page) আপনার ভাষায় অ্যাপ্লিকেশনটি ডাউনলোড করুন। (http://www.nyc.gov/html/hra/html/services/job_centers.shtml) \nসম্পূর্ণ করুন এবং এটিতে মেল করুন: NYC DOE পরিবার অভ্যর্থনা কেন্দ্র 333 7th Ave 12th Floor New York NY 10001আপনি যদি ইতিমধ্যে HRA-এর সুবিধা লাভ করে থাকেন, তাহলে এর পরিবর্তে আপনার নির্ধারিত HRA সুবিধা অর্জন কেন্দ্রে আবেদন করুন।",অনলাইনে আবেদন করুন,Child Care,"Children (0-13),Families,Pregnant & new parents",2024-08-13T11:01:04.000
무료로 하루 종일 수준 높은 교육을 받는 Pre-K 프로그램에 자녀를 등록하세요,,,Pre-K 신청,Education,"Children (0-13),Families,Immigrants,NYCHA residents,Students",2024-08-13T11:01:11.000
"باستطاعة الأسر، عند تقديم الإقرارات الضريبية لعام 2024، المطالبة بهذا الخصم الضريبي بقيمة تبلغ 2,000 دولار بحد أقصى عن كل طفل مؤهل يقل عمره عن 17 عامًا.",,إذا كنت ترسل الإقرار الضريبي بالبريد، فأكملالنموذج 1040 (https://www.irs.gov/pub/irs-pdf/f1040.pdf) وجدول 8812 (https://www.irs.gov/pub/irs-pdf/f1040s8.pdf) .,,Cash & expenses,Pregnant & new parents,2025-02-06T11:01:20.000
بزرگ افراد کو جائیداد پر ٹیکسوں سے جزوی استثناء مل سکتا ہے۔,,"اسی سال 1 جولائی سے شروع ہونے والی آپ کی مراعات کے لیے درخواستوں پر 15 مارچ تک ڈاک کی مہر لازمی طور پر لگ جانی چاہیے۔\n (https://www1.nyc.gov/assets/finance/downloads/pdf/translations/sche_initial/sche-initial-urdu.pdf) ابتدائی چھوٹ کی درخواست ڈاؤن لوڈ کریں کر کے پرنٹ کریں (https://a836-pts-access.nyc.gov/care/search/commonsearch.aspx?mode=address) اور اسے پُر کریں۔ آپ 311 پر کال کر کے بھی کہہ سکتے ہیں کہ آپ کو ایک ایپلیکیشن ڈاک سے بھیج دی جائے۔\nدرخواست دیتے وقت، آپ کو اپنے گھر کے بورو، بلاک، اور لاٹ (BBL) کی ضرورت ہوگی۔یہ معلومات حاصل کرنے کے لیے پراپرٹی ایڈریس سرچ استعمال کریں۔\nاپنی مطلوبہ دستاویزات اکٹھی کریں اور انہیں اپنی درخواست کے ساتھ شامل کریں۔ ان کے بغیر آپ کی درخواست پر کارروائی نہیں کی جائے گی۔\nاپنی درخواست اور مطلوبہ دستاویزات کو مکمل کر کے اس پتہ پر ڈاک سے بھیج دیں: New York City Department of Finance Homeowner Tax Benefits P.O. Box 311 Maplewood, NJ 07040-0311",آن لائن درخواست دیں,Cash & Expenses,"Older adults,Homeowners",2024-10-23T11:01:15.000
يمكنك استعادة أموالك إذا كنت أحد العاملين أو الباحثين عن عمل وتُسدِّد مقابل رعاية الأطفال أو خدمات رعاية البالغين المعولين في الوقت نفسه.,,أكملالنموذج 1040 (https://www.irs.gov/pub/irs-pdf/f1040.pdf) أو (https://www.irs.gov/forms-pubs/about-form-1040-nr) النموذج 1040NR (https://www.irs.gov/pub/irs-pdf/f2441.pdf) ، وقم بتضمينالنموذج 2441.,التقدم بطلب عبر الإنترنت,Cash & expenses,,2025-02-11T11:02:03.000
Пособия в рамках программы SNAP помогут вам обеспечить вашу семью свежими и полезными продуктами питания.,,"\nРаспечатайте (https://otda.ny.gov/programs/applications/4826-RU.pdf) бумажное заявление (https://www1.nyc.gov/site/hra/locations/snap-locations.page) , заберите его в центре SNAP или позвоните в справочную службу HRA по номеру 718-557-1399, чтобы получить бумажное заявление по почте.\nВышлите заявление и копии своих документов по почте на адрес: Division of SNAP Services, Mail Application & Referral Unit (MARU) P.O. Box 24510 Brooklyn, NY, 11201",Подать заявление онлайн,Food,Everyone,2024-08-09T11:01:31.000
Lowered property taxes for senior homeowners who earn up to a certain income.,Caregiver,"Applications must be postmarked by March 15 for your benefit to begin on July 1 of the same year.\n (https://www1.nyc.gov/assets/finance/downloads/pdf/payment_operations/2020/sche-initial.pdf) Download and print the initial exemption application (https://a836-pts-access.nyc.gov/care/search/commonsearch.aspx?mode=address) and fill it in. You can also call 311 to get one mailed to you.\nWhen applying, you will need the borough, block, and lot (BBL) for your home. Use the Property Address Search to get this information.\nGather your required documents and include copies of them with your application. Your application will not be processed without them.\nMail your completed application and required documents to: New York City Department of Finance Homeowner Tax Benefits P.O. Box 311 Maplewood, NJ 07040-0311",Apply online,Cash & expenses,"Homeowners,Older Adults",2025-05-07T11:01:17.000
임대료 동결 프로그램으로 자격에 부합하는 뉴욕 시민들이 살고 있는 집을 지키도록 도울 수 있습니다,,"\n (https://www1.nyc.gov/assets/rentfreeze/downloads/pdf/scrie/scrie-initial-application-only.pdf) 최초 신청서 (https://www1.nyc.gov/assets/hpd/downloads/pdfs/services/scrie-application.pdf) 를 인쇄하여 작성해주십시오. SCRIE 지원 센터에서 신청서를 수령하거나 311 (mailto:SCRIE@hpd.nyc.gov) 번으로 전화하여 신청서를 우편으로 받을 수 있도록 요청할 수 있습니다.\n작성을 완료하고 서명한 신청서를 증빙 서류와 함께 다음으로 보내주십시오:Rent Freeze Program – SCRIEP.O. Box 3179Union, NJ 07083Mitchell-Lama 또는 재개발 기업(Redevelopment Company) 개발 구역에 거주하시는 경우,\nHPD SCRIE 신청서를 작성하여 다음으로 보내주십시오.HPD SCRIE Unit100 Gold Street, 7th floor New York, New York, 10038\n작성한 신청서를 이메일 SCRIE@hpd.nyc.gov로 보내주셔도 됩니다.",온라인 신청,Housing,"Immigrants,People with disabilities ,Seniors,Veterans",2022-03-23T11:02:18.000
Un programa de congelamiento de la renta para ayudar a los neoyorquinos elegibles a conservar sus hogares,,"\nImprima una (https://www1.nyc.gov/assets/rentfreeze/downloads/pdf/scrie/scrie-initial-application-only.pdf) solicitud inicial (https://www1.nyc.gov/assets/hpd/downloads/pdfs/services/scrie-application.pdf) y complétela. También puede recoger una en el Centro de Asistencia de SCRIE o llamar al 311 para pedir que se le envíe una solicitud por correo.\nEnvíe por correo la solicitud completa y firmada con los documentos de respaldo a:Rent Freeze Program – SCRIEP.O. Box 3179Union, NJ 07083Si vive en los complejos de viviendas de Redevelopment Company o Mitchell-Lama:\nDescargue la (mailto:SCRIE@hpd.nyc.gov) solicitud de HPD SCRIEl y envíela por correo a:HPD SCRIE Unit100 Gold Street, 7th floor New York, New York, 10038\nTambién puede enviar su solicitud completa por correo electrónico a SCRIE@hpd.nyc.gov.",Presente la solicitud en línea,Housing,"Immigrants,People with disabilities ,Seniors,Veterans",2022-03-23T11:03:03.000
섹션 8은 민간 시장에서 임대하기를 원하는 중저소득층 가정을 위해 임대료 일부를 지급합니다.,,,,Housing,,2025-05-28T11:01:56.000
Un programme de gel des loyers visant à aider les New-Yorkais admissibles à conserver leur logement,,"\nImprimez une (https://www1.nyc.gov/assets/rentfreeze/downloads/pdf/drie/drie-initial-application-only.pdf) demande initiale et remplissez-la. Vous pouvez aussi en prendre une au Centre d’assistance DRIE ou appeler le 311 pour demander à ce qu’une demande vous soit envoyée par courrier postal.\nEnvoyez votre demande dûment remplie et signée par courrier postal accompagnée des pièces justificatives à l’adresse :Rent Freeze Program – DRIEP.O. Box 3179Union, NJ 07083",Déposez une demande en ligne,Housing,"Immigrants,People with disabilities,Veterans",2022-03-23T11:01:58.000
HEAP ede moun nan fanmi ki elijib yo peye depans chofaj lakay yo.,,"Aplikasyon pou Avantaj Regilye HEAP 2024-25 yo fini 7 Avril 2025. (https://access-nyc-s3-uploads.s3.amazonaws.com/uploads/2023/11/LDSS-3421-Rev.-5-23.pdf) Telechajeaplikasyon an epi ranpli li. Pou soumèt aplikasyon ou a, ou kapab swa:\nVoye aplikasyon ou an pa lapòs nan: New York City Home Energy Assistance Program P.O. Box 1401, Church Street Station New York, NY, 10008\nVoye aplikasyon ou an nan faks bay 917-639-2900.",Aplike anliy,Cash & expenses,,2025-05-28T11:03:08.000
"Pomoc pieniężna (Cash Assistance) jest w stanie zapewnić pomoc w opłacaniu rachunków za czynsz, media i pokrywaniu innych pilnych wydatków.",,\n (https://otda.ny.gov/programs/applications/2921.pdf) Wydrukuj i wypełnij wniosek (http://www1.nyc.gov/site/hra/locations/job-locations.page) .\nWniosek należy przesłać pocztą lub na skrzynkę pocztową Centrum dostępu do świadczeń HRA (http://www1.nyc.gov/site/hra/locations/job-locations.page) .\nSkontaktujemy się z Panem/Panią w celu umówienia się na rozmowę telefoniczną. Można również udać się do Centrum dostępu do świadczeń HRA na osobistą rozmowę.,Złóż wniosek lub odnów uprawnienia online,Cash & Expenses,Everyone,2024-08-13T11:01:14.000
La Sección 8 paga parte del alquiler para familias de ingresos bajos y moderados que quieran alquilar en el mercado privado.,Everyone,,,Housing,,2025-05-28T11:02:20.000
A Qualified Health Plan is health insurance with a fixed monthly payment.,Everyone,,Enroll online,Health,"All New Yorkers, regardless of immigration status",2025-11-22T11:01:08.000
적격 건강 플랜은 매달 일정 금액을 지불하고 보장을 받는 건강 보험 플랜입니다.,,"다음 사항에 해당하는 경우 우편으로 Medicaid를 신청하십시오.\n65세 이상\n시각장애인으로 판정 받음\n장애인으로 판정 받음\n입원 중이며 요양원 보장을 신청하고자 함신청서 (https://www.health.ny.gov/forms/doh-4220.pdf) 와보충 A 양식 (https://www.health.ny.gov/forms/doh-5178a.pdf) 을 작성하십시오. 작성한 신청서를 다음 주소로 보내주십시오. MAP InitialEligibility Unit PO Box 24390, Brooklyn, NY 11202",온라인 등록,Health,"Everyone,Immigrants",2024-10-04T11:01:07.000
COMPASS NYC has hundreds of programs for young people in kindergarten through 12th grade.,"Grade-Schooler,Pre-Teen,Teen",,Find an afterschool program,Enrichment,"Families with children,Students",2024-10-12T11:01:09.000
"L’aide financière en espèces (Cash Assistance) en espèces peut vous aider à payer le loyer, les charges (électricité, eau, gaz, téléphone, etc.) et d’autres dépenses d’urgence.",,"\n (https://otda.ny.gov/programs/applications/2921.pdf) Imprimez le formulaire de demande (http://www1.nyc.gov/site/hra/locations/job-locations.page) , puis remplissez-le.\nEnvoyez-le par courrier postal ou déposez-le dans un Centre d’accès aux allocations de la HRA (http://www1.nyc.gov/site/hra/locations/job-locations.page) .\nVous serez contacté pour un rendez-vous téléphonique. Vous pouvez également vous rendre dans un Centre d’accès aux allocations de la HRA pour un rendez-vous en personne.",Déposez votre demande ou faites votre renouvellement en ligne,Cash & Expenses,Everyone,2024-07-11T11:01:29.000
房租凍結計畫可協助符合資格的紐約市民住在自己的家中,,"\n請列印 (https://www1.nyc.gov/assets/rentfreeze/downloads/pdf/scrie/scrie-initial-application-only.pdf) 首次申請表 (https://www1.nyc.gov/assets/hpd/downloads/pdfs/services/scrie-application.pdf) 並填寫完成。您也可以從 SCRIE 援助中心領取一份申請表，或致電 311 (mailto:SCRIE@hpd.nyc.gov) 要求將申請表郵寄給您。\n將您填妥並簽名的申請表以及證明文件郵寄至：Rent Freeze Program – SCRIEP.O. Box 3179Union, NJ 07083如果您住在 Mitchell-Lama 或 Redevelopment Company 開發住宅：\n請下載 HPD SCRIE 申請表並將其郵寄至：HPD SCRIE Unit100 Gold Street, 7th floorNew York, New York, 10038\n您也可以將填妥的申請表以電子郵件寄至 SCRIE@hpd.nyc.gov。",線上申請,Housing,"Immigrants,People with disabilities ,Seniors,Veterans",2022-03-23T11:02:54.000
Pi piti taks sou pwopriyete pou pwopriyetè kay ki andikap,,"\nTelechaje aplikasyon pou premye egzanpsyon an (initial exemption) epi ranpli li. Ou ka kontakte 311 (http://webapps.nyc.gov:8084/CICS/fin1/find001I) tou pou yo poste yon aplikasyon ba ou.\nYo pral mande pou ou bay minisipalite, blòk, ak lo (BBL) lakay ou. Ou kapab itilize zouti Rechèch Adrès Pwopriyete a pou konnen sa.\nSanble tout dokiman ou ki nesesè yo epi mete yo ansanm ak aplikasyon ou a. Nou p ap trete aplikasyon ou a san yo.\nPoste aplikasyon ou ranpli ak dokiman ki nesesè yo bay:New York City Department of Finance P.O.BOX 311 Maplewood, NJ 07040-0311\nAplikasyon yo dwe gen yon tenb dat la avan 16 mas pou avantaj yo kapab kòmanse 1ye jiyè menm ane a.",Aplike sou entènèt,Cash & expenses,"People with disabilities ,Homeowners",2024-10-22T11:01:24.000
"Tax credit worth up to $11,000 for qualifying families, noncustodial parents, and individuals who work full time or part time or are self-employed.",Caregiver,"If filing your taxes by mail, you will need these forms:\nForm 1040 (https://www.irs.gov/pub/irs-pdf/f1040.pdf) or (https://www.irs.gov/forms-pubs/about-form-1040-nr) Form 1040NR (https://www.irs.gov/pub/irs-pdf/f1040sei.pdf) for the federal EITC\nSchedule EIC (https://www.tax.ny.gov/pdf/current_forms/it/it215_fill_in.pdf) for the federal return, if you have a child\nForm IT-215 (https://www.tax.ny.gov/pdf/current_forms/it/it215i.pdf) for the New York State credit\nWorksheet C in the Instructions Form for IT-215 for the New York City credit",File online,Cash & expenses,Families with children,2025-08-12T11:01:08.000
COMPASS NYC tiene cientos de programas para jóvenes desde el kínder hasta el 12º grado.,"Grade-Schooler,Pre-Teen,Teen",,Encuentre un programa extracurricular,Enrichment,Students,2024-10-29T11:01:03.000
"Przy wypełnianiu zeznań podatkowych za 2024 rok rodziny mogą ubiegać się o tę ulgę podatkową o wartości do $2,000 za każde kwalifikujące się dziecko w wieku poniżej 17 lat.",,W przypadku wysłania zeznania podatkowego pocztą wypełnijformularz 1040 (https://www.irs.gov/pub/irs-pdf/f1040.pdf) iwykaz 8812 (https://www.irs.gov/pub/irs-pdf/f1040s8.pdf) .,,Cash & Expenses,Pregnant & new parents,2025-02-06T11:01:17.000
如果您在工作或求職期間有支付托兒費用或成人受撫養人照護費用，您可以獲得退稅。,,填寫表格 1040 (https://www.irs.gov/pub/irs-pdf/f1040.pdf) 或 (https://www.irs.gov/forms-pubs/about-form-1040-nr) 表格 1040Nr，並附上表格 (https://www.irs.gov/pub/irs-pdf/f2441.pdf) ，並附上表格 2441。,線上申報,Cash & expenses,,2025-02-11T11:02:06.000
SNAP 福利可以幫助您為家人提供新鮮健康的食品。,,"\n列印 (http://otda.ny.gov/programs/applications/4826-CH.pdf) 紙本申請表 (https://www1.nyc.gov/site/hra/locations/snap-locations.page) ，從 SNAP 中心領取表格，或者撥打 HRA 資訊熱線 718-557-1399 要求郵寄紙本申請表。\n將申請表和文件副本郵寄至： Division of SNAP Services, Mail Application & Referral Unit (MARU) P.O.Box 24510 Brooklyn, NY 11201",在線申請,Food,Everyone,2024-08-09T11:01:56.000
"Enroll your child in a free, full-day, high-quality Pre-K program.","Toddler,Pre-Schooler",,Apply for Pre-K,Education,"All New Yorkers, regardless of immigration status,Families with children",2025-01-15T11:01:30.000
"Программа выплаты денежного пособия (Cash Assistance) поможет Вам оплатить аренду, коммунальные услуги и другие непредвиденные расходы.",,"\n (https://otda.ny.gov/programs/applications/2921-RU.pdf) Распечатайте заявление (http://www1.nyc.gov/site/hra/locations/job-locations.page) и заполните его.\nОтправьте заявление по почте или бросьте его в почтовый ящик в Центре получения пособий HRA (http://www1.nyc.gov/site/hra/locations/job-locations.page) .\nС вами свяжется представитель указанной ниже программы, чтобы провести собеседование по телефону. Вы также можете посетить Центр получения пособий HRA и пройти собеседование с личным присутствием.",Подайте заявление или пройдите переосвидетельствование онлайн,Cash & expenses,Everyone,2024-07-11T11:01:07.000
"যোগ্য পরিবারগুলি, নন-কাস্টোডিয়াল পিতামাতা এবং যারা সম্পূর্ণ সময় বা আংশিক সময়ের কাজ করেন বা স্ব-নিযুক্ত ব্যক্তিদের জন্য $11,000 পর্যন্ত মূল্যের কর ক্রেডিট।",,"ডাক মারফৎ আপনার ট্যাক্স জমা দিলে, আপনার এই ফর্মগুলির প্রয়োজন হবে:\nফেডারেল EITC-এর জন্য ফর্ম 1040 (https://www.irs.gov/pub/irs-pdf/f1040.pdf) বা (https://www.irs.gov/forms-pubs/about-form-1040-nr) ফর্ম 1040NR (https://www.irs.gov/pub/irs-pdf/f1040sei.pdf) \nফেডারেল রিটার্নের জন্য, অনুসূচি EIC (Schedule EIC) (https://www.tax.ny.gov/pdf/current_forms/it/it215_fill_in.pdf) , যদি আপনার একটি সন্তান থাকে\nনিউ ইয়র্ক স্টেট ক্রেডিটের জন্য,ফর্ম IT-215 (Form IT-215) (https://www.tax.ny.gov/pdf/current_forms/it/it215i.pdf) নিউ ইয়র্ক সিটি ক্রেডিটের জন্য, IT-215-এ (https://www.tax.ny.gov/pdf/current_forms/it/it215i.pdf) জন্য নির্দেশাবলীর ফর্মের ওয়ার্কশীট Cর",অনলাইন ফাইল করুন (File online),Cash & Expenses,,2025-05-24T11:01:24.000
"Program zamrożenia czynszów, który umożliwi uprawnionym mieszkańcom Nowego Jorku pozostanie w ich domach",,"\nWydrukuj (https://www1.nyc.gov/assets/rentfreeze/downloads/pdf/scrie/scrie-initial-application-only.pdf) wstępny wniosek (https://www1.nyc.gov/assets/hpd/downloads/pdfs/services/scrie-application.pdf) i wypełnij go. Możesz również pobrać wniosek z Centrum Pomocy SCRIE lub zadzwonić pod numer 311 (mailto:SCRIE@hpd.nyc.gov) , aby poprosić o przesłanie wniosku.\nPrześlij wypełniony i podpisany wniosek wraz z dokumentacją uzupełniającą na adres:Rent Freeze Program – SCRIEP.O. Box 3179 Union, NJ 07083Mieszkańcy budynków Mitchell-Lama lub Redevelopment Company:\nPobierz wniosek HPD SCRIE i wyślij go na adres:HPD SCRIE Unit100 Gold Street, 7th floor New York, New York, 10038\nWypełniony wniosek można również przesłać e-mailem na adres SCRIE@hpd.nyc.gov.",Złóż wniosek online,Housing,"Immigrants,People with disabilities,Seniors,Veterans",2022-03-23T11:02:42.000
Reducción de impuestos sobre la propiedad para los veteranos que califiquen y hayan prestado servicio en ciertos conflictos.,,"Las solicitudes deben franquearse a más tardar del 15 de marzo para que sus beneficios comiencen el 1 de julio de ese mismo año.\n (https://www1.nyc.gov/assets/finance/downloads/pdf/payment_operations/2020/veterans.pdf) Descargue la solicitud de exención inicial (https://a836-pts-access.nyc.gov/care/search/commonsearch.aspx?mode=address) y complétela. También puede llamar al 311 para que le envíen una por correo.\nCuando haga la solicitud, deberá dar el distrito, la manzana y el lote (BBL) de su casa. Use la herramienta de búsqueda de direcciones de viviendas para obtener esta información.\nReúna los documentos necesarios e inclúyalos en su solicitud. Su solicitud no se procesará sin ellos.\nEnvíe por correo su solicitud completada y los documentos necesarios a: New York City Department of Finance P.O. BOX 311 Maplewood, NJ 07040-0311",Presente su solicitud en línea,Cash & expenses,"Veterans,Homeowners",2024-10-22T11:02:05.000
Get money back if you paid for childcare or adult dependent care while working or looking for work.,Everyone,"Complete Form 1040 (https://www.irs.gov/pub/irs-pdf/f1040.pdf) or (https://www.irs.gov/forms-pubs/about-form-1040-nr) Form 1040NR (https://www.irs.gov/pub/irs-pdf/f2441.pdf) , and include Form 2441.",File online,Cash & expenses,"Families with children,Pregnant & new parents",2025-01-22T11:00:49.000
Disminución de impuestos inmobiliarios para propietarios con discapacidades,,"\nDescargue la solicitud de exención inicial y complétela. También puede llamar al 311 (https://a836-pts-access.nyc.gov/care/Search/Disclaimer.aspx?FromUrl=../search/commonsearch.aspx?mode=address) para pedir que le envíen una solicitud por correo\nSe le pedirá que indique el distrito, bloque y solar de su hogar. Puede usar la búsqueda de dirección de propiedades para determinar estos datos.\nRecopile los documentos necesarios e inclúyalos en su solicitud. Sin ellos, su solicitud no se procesará.\n Envíe por correo su solicitud completa y los documentos requeridos a: New York City Department of Finance P.O.BOX 311 Maplewood, NJ 07040-0311\nLas solicitudes deben matasellarse a más tardar el 16 de marzo para comenzar a percibir los beneficios el 1 de julio del mismo año.",Presente su solicitud en línea,Cash & expenses,"People with disabilities ,Homeowners",2024-10-22T11:01:11.000
"Налоговый кредит в сумме до $11,000 для соответствующих критериям семей, родителям, которым после развода суд не предписал осуществлять опеку над ребенком, а также лиц с полной или неполной занятостью или являющихся индивидуальными предпринимателями.",,"Если вы подаете декларацию по почте, вам понадобятся такие формы:\nФорма 1040 (https://www.irs.gov/pub/irs-pdf/f1040.pdf) или (https://www.irs.gov/forms-pubs/about-form-1040-nr) форма 1040НР (https://www.irs.gov/pub/irs-pdf/f1040sei.pdf) для EITC федерального уровня\nПриложение «Вычеты за трудовой доход» (Schedule EIC) (https://www.tax.ny.gov/pdf/current_forms/it/it215_fill_in.pdf) к налоговой декларации федерального уровня, если у вас есть ребенок\nФорма IT-215 (https://www.tax.ny.gov/pdf/current_forms/it/it215i.pdf) для получения налогового вычета от штата Нью-Йорк\nВедомость C из формы инструкций к IT-215 для получения налогового вычета от г. Нью-Йорка",Подать в Интернете,Cash & expenses,,2025-08-12T11:01:38.000
"নগদ সহায়তা আপনাকে ভাড়া, ইউটিলিটি এবং অন্যান্য জরুরি খরচগুলি দিতে সাহায্য করতে পারে।",,\n (https://otda.ny.gov/programs/applications/2921-BE.pdf) আবেদনপত্রটি প্রিন্ট করে (http://www1.nyc.gov/site/hra/locations/job-locations.page) প্রিন্ট করে সম্পূর্ণ করুন।\nএটি HRA বেনিফিট অ্যাক্সেস সেন্টারে (http://www1.nyc.gov/site/hra/locations/job-locations.page) ডাকযোগে পাঠান বা সেখানকার ড্রপ বক্সে রেখে আসুন।\nআপনাকে ফোন ইন্টারভিউয়ের জন্য যোগাযোগ করা হবে। এছাড়াও আপনি সশরীরে উপস্থিত হয়ে ইন্টারভিউ দেওয়ার জন্য এHRA বেনিফিট অ্যাক্সেস সেন্টারে যেতে পারেন।কটি,আবেদন করুন অথবা অনলাইনে পুনরায় প্রত্যয়ন করুন,Cash & Expenses,Everyone,2024-07-11T11:01:07.000
Head Start 프로그램은 연중무휴로 하루 최소 8시간의 무료 서비스를 제공합니다.,,,,Child care,NYCHA residents,2025-04-02T11:00:51.000
하루 최대 10시간의 조기 보육 및 교육 서비스.,,"\n (https://www1.nyc.gov/site/acs/early-care/forms.page) 귀하의 언어로 된 신청서를 다운로드하십시오. (http://www.nyc.gov/html/hra/html/services/job_centers.shtml) \n작성 후 보낼 우편 주소: NYC DOE Family Welcome Center 333 7th Ave 12th floor New York NY 10001이미 HRA 혜택을 받는 경우, 할당된 HRA 혜택 이용 센터(Benefits Access Center)에서 신청하세요.",온라인 신청,Child care,"Children (0-13),Families,Pregnant & new parents",2024-08-13T11:00:59.000
장애인 주택 소유주의 경우 재산세가 감면됩니다.,,"\n최초 면제 신청서를 다운로드하여 작성하십시오. 신청서를 우편으로 받으려면 311 (http://webapps.nyc.gov:8084/CICS/fin1/find001I) 번에 연락하시면 됩니다.\n문의 시 귀댁의 보로, 블록 및 로트(BBL)에 대한 질문을 받으시게 됩니다. 자산 주소 검색을 사용하여 주소 정보를 확인하실 수 있습니다. \n필수 서류를 준비하여 신청서와 함께 제출해 주십시오. 필수 서류가 없는 경우 신청서가 처리되지 않습니다.\n작성한 신청서와 필수 서류를 다음 주소로 우송해 주십시오.New York City Department of FinanceP.O.BOX 311Maplewood, NJ 07040-0311\n 해당연도의 7월 1일부터 혜택을 받으려면 신청서에 3월 16일까지의 소인이 찍혀야 합니다.",온라인 신청,Cash & expenses,"People with disabilities ,Homeowners",2024-10-23T11:00:57.000
COMPASS NYC에는 유치원에서 12학년까지의 학생들을 대상으로 수백 가지의 프로그램을 제공하고 있습니다.,,,방과후 프로그램(afterschool program) 찾기,Enrichment,"Children (0-13),Students,Youth (10+)",2022-03-23T11:01:30.000
Właściciele domów mogą uzyskać częściowe zwolnienie z podatku od nieruchomości w okręgu szkolnym.,,"Jeśli w roku, w którym składasz wniosek, będziesz mieć ukończone 65 lat i otrzymałeś zwolnienie z tytułu STAR w swojej nieruchomości w latach 2015-16, możesz ubiegać się o Enhanced STAR (E-STAR). Należy złożyć wniosek do Wydziału Finansów NYC (https://www1.nyc.gov/site/finance/benefits/landlords-star.page) , wypełniając formularz (https://www1.nyc.gov/assets/finance/downloads/pdf/payment_operations/2020/star-to-estar.pdf) „STAR to ESTAR” (https://www1.nyc.gov/assets/finance/downloads/pdf/payment_operations/2020/star_appl.pdf) .Osoby posiadające zwolnienie w Podstawowym Programie Świadczenia STAR dotyczące swojej nieruchomości od 2015 roku lub wcześniej mogą złożyć wniosek o przywrócenie zwolnienia w Programie STAR, wypełniając wniosek o Przywrócenie Świadczenia STAR.",Złóż wniosek online,Cash & Expenses,Homeowners,2024-10-23T11:01:40.000
Снижение налога на недвижимость для нетрудоспособных домовладельцев.,,"\nЗагрузите заявление об освобождении и заполните его. Вы также можете позвонить по номеру 311 (https://a836-pts-access.nyc.gov/care/Search/Disclaimer.aspx?FromUrl=../search/commonsearch.aspx?mode=address) , чтобы попросить прислать вам заявление по почте.\nВам нужно будет сообщить номер района, квартала и участка (BBL) для вашего жилья. Чтобы узнать эти данные, можно использовать функцию поиска по адресу недвижимости.\nСоберите необходимые документы и приложите их к своему заявлению. Заявления без сопроводительных документов не обрабатываются.\nОтправьте заполненное заявление и все необходимые документы почтой по адресу:New York City Department of FinanceP.O.BOX 311Maplewood, NJ 07040-0311\nДля получения льгот, выплачиваемых начиная с 1 июля каждого года, заявление должно быть отправлено не позднее 16 марта (по почтовому штемпелю).",Подача заявки онлайн,Cash & expenses,"People with disabilities ,Homeowners",2024-10-23T11:00:58.000
"Enskri pitit ou nan yon pwogram preskolè gratis, bon kalite pou tout jounen.",,,Aplike pou Pwogram Pre-K,Education,"Children (0-13),Families,Immigrants,NYCHA residents,Students",2024-08-09T11:01:42.000
"Программа освобождения от повышения арендной платы помогает жителям г. Нью-Йорка, которые соответствуют установленным критериям, избежать выселения",,"\nРаспечатайте (https://www1.nyc.gov/assets/rentfreeze/downloads/pdf/drie/drie-initial-application-only.pdf) первоначальную заявку и заполните ее. Вы также можете получить форму в центре помощи DRIE или позвонить по номеру 311, чтобы форму заявки выслали по почте.\nОтправьте по почте заполненную и подписанную заявку с подтверждающими документами по адресу:Rent Freeze Program – DRIEP.O. Box 3179Union, NJ 07083",Подайте онлайн-заявку,Housing,"Immigrants,People with disabilities ,Seniors,Veterans",2022-03-23T11:01:36.000
HEAP는 자격에 부합하는 가구에 주택 난방비를 지원하는 제도입니다.,,"2024~2025년 HEAP 일반 혜택 신청은 2025년 4월 7일에 마감되었습니다. 신청서를 (https://access-nyc-s3-uploads.s3.amazonaws.com/uploads/2023/11/LDSS-3421-Rev.-5-23.pdf) 다운로드하여 작성하십시오. 신청서를 제출하려면 다음 중 하나를 수행하시면 됩니다.\n작성한 신청서를 다음 주소로 보내주십시오. New York City Home Energy Assistance Program P.O. Box 1401, Church Street Station New York, NY, 10008\n작성한 신청서를 917-639-2900번으로 팩스로 발송하십시오.",온라인 신청,Cash & expenses,,2025-05-28T11:02:54.000
COMPASS NYC 為從幼兒園到 12 年級的青少年提供了數百個課程。,,,尋找課後計畫,Enrichment,"Children (0-13),Students,Youth (10+)",2022-03-23T11:02:06.000
Lower property taxes for qualifying veterans who served in certain conflicts.,Caregiver,"Applications must be postmarked by March 15th for your benefit to begin on July 1st of the same year.\n (https://www1.nyc.gov/assets/finance/downloads/pdf/payment_operations/2020/veterans.pdf) Download the initial exemption application (https://a836-pts-access.nyc.gov/care/search/commonsearch.aspx?mode=address) and fill it in. You can also call 311 to get one mailed to you.\nWhen applying, you will need the borough, block, and lot (BBL) for your home. Use the Property Address Search to get this information.\nGather your required documents and include them with your application. Your application will not be processed without them.\nMail your completed application and required documents to:New York City Department of FinanceP.O.BOX 311Maplewood, NJ 07040-0311",Apply online,Cash & expenses,Veterans,2024-09-24T11:03:04.000
"2024‏ کے لیے ٹیکس فائل کرتے وقت، فیملیز 17 سال سے کم عمر کے اہل قرار پانے والے ہر بچے کے لیے ‏‎$2,000‏ تک کی مالیت کے اس ٹیکس کریڈٹ کا دعوی کر سکتی ہیں۔",,اپنا ٹیکس ریٹرن میل کرنے میں،فارم ‎1040‏ (https://www.irs.gov/pub/irs-pdf/f1040.pdf) اورشیڈول ‎8812‏ (https://www.irs.gov/pub/irs-pdf/f1040s8.pdf) مکمل کریں۔,,Cash & Expenses,Pregnant & new parents,2025-02-06T11:00:53.000
হেড স্টার্ট (Head Start) প্রোগ্রামগুলি বিনামূল্যের হয় এবং দিনে অন্তত আট ঘণ্টা করে সারাবছর ধরে চলে।,,,,Child Care,NYCHA residents,2025-04-02T11:00:52.000
На портале COMPASS NYC представлены сотни различных программ для детей и подростков от детского сада до 12-го класса.,,,Найти внеклассную программу,Enrichment,"Children (0-13),Students,Youth (10+)",2022-03-23T11:01:32.000
نیو یارک کے اہل باشندوں کو ان کے گھر میں رہنے میں مدد کے لیے رینٹ فریز پروگرام,,"\nایک (https://www1.nyc.gov/assets/rentfreeze/downloads/pdf/scrie/scrie-initial-application-only.pdf) ابتدائی درخواست (https://www1.nyc.gov/assets/hpd/downloads/pdfs/services/scrie-application.pdf) پرنٹ کریں اور اسے پُر کریں۔ آپ SCRIE اسسٹنس سنٹر جا کر بھی لے سکتے ہیں یا ایپلیکیشن بھیجنے کی درخواست کرنے کیلئے 311 (mailto:SCRIE@hpd.nyc.gov) پر کال بھی کر سکتے ہیں۔\nمعاون دستاویزات کے ساتھ اپنی مکمل اور دستخط شدہ درخواست بذریعہ ڈاک اس پتہ پر بھیجیں:Rent Freeze Program – SCRIEP.O. Box 3179 Union, NJ 07083اگر آپ Mitchell-Lama یا Redevelopment کمپنی ڈویلپمنٹ ہاؤسنگ میں رہتے ہیں:HPD SCRIE ایپلیکیشن ڈاؤن لوڈ کریں اور اسے اس پتہ پر ڈاک سے بھیج دیں:HPD SCRIE UnitOne Hundred Gold Street. 7th floor New York, New York, 10038 \nآپ اپنی مکمل شدہ درخواست SCRIE@hpd.nyc.gov پر ای میل بھی کر سکتے ہیں۔",آن لائن درخواست دیں,Housing,"Immigrants,People with disabilities,Seniors,Veterans",2022-03-23T11:02:24.000
Yon pwogram estabilizasyon pri lwaye pou ede Moun Vil New York ki kalifye yo rete lakay yo,,"\nEnprime yon (https://www1.nyc.gov/assets/rentfreeze/downloads/pdf/scrie/scrie-initial-application-only.pdf) premye aplikasyon (https://www1.nyc.gov/assets/hpd/downloads/pdfs/services/scrie-application.pdf) epi ranpli li. Ou ka pran youn nan Sant Èd SCRIE a tou oswa rele 311 (mailto:SCRIE@hpd.nyc.gov) pou mande pou yo voye yon aplikasyon ba ou nan lapòs.\nVoye aplikasyon ou ranpli ak siyen an nan lapòs ansanm ak dokiman sipò yo nanRent Freeze Program – SCRIEP.O. Box 3179Union, NJ 07083Si w ap viv nan yon lojman devlopman Mitchell-Lama oswa nan Konpayi Redevlopman:\nTelechaje aplikasyon HPD SCRIE a epi voye l nan lapòs bay:HPD SCRIE Unit100 Gold Street, 7th floor New York, New York, 10038\nEpitou ou ka voye aplikasyon ou fin ranpli a nan imèl bay SCRIE@hpd.nyc.gov.",Aplike sou entènèt,Housing,"Immigrants,People with disabilities ,Seniors,Veterans",2022-03-23T11:02:40.000
現金援助可以幫助您支付租金、公用事業費用和其他緊急費用。,,\n (https://otda.ny.gov/programs/applications/2921-CH.pdf) 下載本申請 (http://www1.nyc.gov/site/hra/locations/job-locations.page) 並完成填寫。\n將其郵寄至 HRA 福利領取中心 (http://www1.nyc.gov/site/hra/locations/job-locations.page) 或直接放入投遞箱。\n相關機構可能會聯絡您安排電話約談。 您也可以前往 HRA 福利領取中心進行面談。,線上申請或重新認證,Cash & expenses,Everyone,2024-07-11T11:01:30.000
Un programme de gel des loyers visant à aider les New-Yorkais à conserver leur logement,,"\nImprimez une (https://www1.nyc.gov/assets/rentfreeze/downloads/pdf/scrie/scrie-initial-application-only.pdf) demande initiale (https://www1.nyc.gov/assets/hpd/downloads/pdfs/services/scrie-application.pdf) et remplissez-la. Vous pouvez aussi en prendre une au Centre d’assistance SCRIE ou appeler le 311 (mailto:SCRIE@hpd.nyc.gov) pour demander à ce qu’une demande vous soit envoyée par courrier postal.\nEnvoyez votre demande dûment remplie et signée accompagnée des pièces justificatives à l’adresse :Rent Freeze Program – SCRIEP.O. Box 3179Union, NJ 07083Si vous vivez dans un logement social Mitchell-Lama ou Redevelopment Company :\nTéléchargez la demande HPD SCRIE et envoyez-la par courrier postal à l’adresse :HPD SCRIE Unit100 Gold Street, 7th floor New York, New York, 10038\nVous pouvez également envoyer par courriel votre demande dûment remplie par courriel à l’adresse SCRIE@hpd.nyc.gov.",Déposez une demande en ligne,Housing,"Immigrants,People with disabilities,Seniors,Veterans",2022-03-23T11:02:42.000
مالک مکان اسکول پراپرٹی ٹیکسوں سے جزوی استثناء حاصل کر سکتے ہیں۔,,"اگر آپ کی عمر 65 سال یا اس سے زیادہ ہو گی جس کے لیے آپ درخواست دیتے ہیں اور 2015-16 میں آپ کی جائیداد پر STAR چھوٹ تھی ، تو آپ بہتر سٹار (E-STAR) کے لیے درخواست دے سکتے ہیں۔ (https://www1.nyc.gov/assets/finance/downloads/pdf/payment_operations/2020/star-to-estar.pdf) """"STAR‏ برائے ‏ESTAR‏"""" ‏(‏STAR to ESTAR‏) (https://www1.nyc.gov/site/finance/benefits/landlords-star.page) ‏ کی درخواست مکمل کرکے ‏NYC‏ محکمۂ مالیات میں درخواست دیں (https://www1.nyc.gov/assets/finance/downloads/pdf/payment_operations/2020/star_appl.pdf) ۔اگر آپ کے پاس اپنی جائیداد پر 2015 یا اس سے پہلے سے بنیادی ‏STAR‏ کا استثناء تھا اور تبھی سے اس سے محروم ہو گئے ہیں تو آپ ‏STAR‏ مراعات کی بحالی کی درخواست مکمل کرکے ‏STAR‏ کا اپنا استثنا بحال کرنے کی درخواست دے سکتے ہیں۔",آن لائن درخواست دیں,Cash & Expenses,Homeowners,2024-10-23T11:01:13.000
"자격을 갖춘 가족, 비양육 부모, 풀타임 근로자, 파트타임 근로자, 자영업자는 최대 $11,000의 세금 공제를 받을 수 있습니다.",,"우편으로 세금 신고를 하는 경우 다음과 같은 양식이 필요합니다.\n연방 EITC를 위한 양식 1040 (https://www.irs.gov/pub/irs-pdf/f1040.pdf) 또는 (https://www.irs.gov/forms-pubs/about-form-1040-nr) 양식 1040NR (https://www.irs.gov/pub/irs-pdf/f1040sei.pdf) \n자녀가 있는 경우, 연방세 환급용 표 EIC (https://www.tax.ny.gov/pdf/current_forms/it/it215_fill_in.pdf) \n뉴욕주 공제용 양식 IT-215 (https://www.tax.ny.gov/pdf/current_forms/it/it215i.pdf) \n뉴욕시 공제용 IT-215용 지침서 양식의 워크시트 C",온라인 접수,Cash & expenses,,2025-02-06T11:01:55.000
讓您的孩子參加免費、全天、高品質的 Pre-K 課程。,,,申請 Pre-K,Education,"Children (0-13),Families,Immigrants,NYCHA residents,Students",2024-08-09T11:01:44.000
معذوریوں کے حامل مالک مکانوں کے لیے جائیداد پر کم ٹیکس۔,,"\nابتدائی استثنا فارم ڈاؤن لوڈ کریں اور اسے پُر کریں۔ آپ ایک درخواست خود کو ڈاک سے بھجوانے کے لیے 311 پر بھی رابطہ کر سکتے ہیں۔\n آپ کو اپنے گھر کی برو، بلاک اور لاٹ (BBL) فراہم کرنے کا کہا جائے گا۔ آپ اس کا تعین کرنے کے لیے پرپرٹی ایڈریس سرچ استعمال (http://webapps.nyc.gov:8084/CICS/fin1/find001I)   کر سکتے/سکتی ہیں۔\nاپنی مطلوبہ دستاویزات جمع کریں اور انہیں اپنی درخواست کے ساتھ شامل کریں۔ آپ کی درخواست پر ان کے بغیر عمل درآمد نہیں کیا جائے گا۔\nاپنی مکمل شدہ درخواست اور مطلوبہ دستاویزات کو بذریعہ ڈاک یہاں بھیجیں: New York City Department of Finance P.O.BOX 311 Maplewood, NJ 07040-0311\nاسی سال 1 جولائی سے آپ کے بینیفٹس کو شروع کرنے کے لیے درخواستوں کو 16 مارچ سے پہلے بذریعہ ڈاک بھیج دیا جانا چاہیئے۔",آن لائن درخواست دیں,Cash & Expenses,"People with disabilities,Homeowners",2024-10-23T11:00:56.000
Le programme HEAP aide les foyers admissibles à couvrir les frais de chauffage de leur logement.,,"Les demandes d’allocations HEAP ordinaires 2024-2025 ont été clôturées le 7 avril 2025. (https://access-nyc-s3-uploads.s3.amazonaws.com/uploads/2023/11/LDSS-3421-Rev.-5-23.pdf) Téléchargezet remplissez le formulaire. Pour déposer votre demande, vous avez deux possibilités :\nEnvoyez votre demande par courrier à : New York City Home Energy Assistance Program P.O. Box 1401, Church Street Station New York, NY, 10008\nEnvoyez votre demande par télécopie au 917 639 2900.",Déposer une demande en ligne,Cash & Expenses,,2025-05-28T11:01:59.000
HEAP helps eligible households meet the cost of heating their homes.,"Everyone,Caregiver,Baby,Toddler,Pre-Schooler,Grade-Schooler,Pre-Teen,Teen,Young Adult","Applications for the 2024-25 HEAP Regular Benefit closed on April 7, 2025. (https://access-nyc-s3-uploads.s3.amazonaws.com/uploads/2023/11/LDSS-3421-Rev.-5-23.pdf) Download and complete the application. To submit your application, you can either:\nMail your application to:New York City Home Energy Assistance ProgramP.O. Box 1401, Church Street StationNew York, NY, 10008\nFax your application to 917-639-2900.",Apply online,Cash & expenses,"Families with children,Homeowners,People with disabilities,Older Adults",2025-12-02T11:01:12.000
"خصم ضريبي تبلغ قيمته 11,000 دولار، بحد أقصى، للمستحقين من العائلات، وأولياء الأمور من غير ذوي الحضانة، والعاملين بدوام كامل أو جزئي، أو أصحاب المهن الحرة.",,إذا كنت تقدم إقراراتك الضريبية عبر البريد، فسوف تحتاج إلى هذه النماذج:\nالنموذج 1040 (https://www.irs.gov/pub/irs-pdf/f1040.pdf) أو (https://www.irs.gov/forms-pubs/about-form-1040-nr) النموذج 1040NR (https://www.irs.gov/pub/irs-pdf/f1040sei.pdf) للخصم الضريبي على الدخل المكتسب (EITC) الفيدرالي.\nملحق الائتمان الضريبي على الدخل المكتسب (Schedule EIC) (https://www.tax.ny.gov/pdf/current_forms/it/it215_fill_in.pdf) للإقرار الضريبي الفيدرالي إذا كان لديك طفل\nالنموذج IT-215 (https://www.tax.ny.gov/pdf/current_forms/it/it215i.pdf) للائتمان الضريبي لولاية نيويورك\nورقة العمل C في نموذج التعليمات للنموذج IT-215 للائتمان الضريبي لمدينة نيويورك.,التقدم بطلب عبر الإنترنت,Cash & expenses,,2025-05-24T11:01:50.000
"Program zamrożenia czynszów, który umożliwi uprawnionym mieszkańcom Nowego Jorku pozostanie w swoim dotychczasowym miejscu zamieszkania",,"\nWydrukuj (https://www1.nyc.gov/assets/rentfreeze/downloads/pdf/drie/drie-initial-application-only.pdf) wstępny wniosek i wypełnij go. Możesz również pobrać wniosek z Centrum Pomocy DRIE lub zadzwonić pod numer 311, aby poprosić o przesłanie wniosku.\nPrześlij wypełniony i podpisany wniosek wraz z dokumentacją uzupełniającą na adres:Rent Freeze Program – SCRIEP.O. Box 3179 Union, NJ 07083",Złóż wniosek online,Housing,"Immigrants,People with disabilities,Seniors,Veterans",2022-03-23T11:01:57.000
Les régimes d’assurance privée (Qualified Health Plans) sont desrégimes d’assurance maladie pour lesquels vous payez un certainmontant chaque mois pour être couvert(e).,,"Déposez votre demande d’inscription à Medicaid par courriersi :\nvous avez au moins 65 ans ;\nvous êtes reconnu(e) officiellement aveugle ;\nvous êtes reconnu(e) officiellement handicapé(e) ;\nvous vivez dans une maison de repos et déposez une demande decouverture de vos soins.Remplissez lademande (https://www.health.ny.gov/forms/doh-4220.pdf) et leformulaire del’Annexe A (https://www.health.ny.gov/forms/doh-5178a.pdf) . Envoyez votre demande à : MAP Initial EligibilityUnit PO Box 24390, Brooklyn, NY 11202",Inscription en ligne,Health,"Everyone,Immigrants",2024-10-04T11:01:29.000
অনুচ্ছেদ 8 নিম্ন- এবং মধ্যম আয়ের পরিবারের জন্য ভাড়ার অংশ প্রদান করে যারা প্রাইভেট মার্কেটে ভাড়া নিতে চান।,,,,Housing,,2025-05-28T11:01:52.000
"Cash assistance can help you pay rent, utilities, and other emergency expenses.",Everyone,\n (https://otda.ny.gov/programs/applications/2921.pdf) Print the application (http://www1.nyc.gov/site/hra/locations/job-locations.page) and complete it.\nMail it to or drop it off at an HRA Benefits Access Center (http://www1.nyc.gov/site/hra/locations/job-locations.page) .\nYou will get a letter with the phone number to call for your phone interview. You can also visit an HRA Benefits Access Center for an in-center interview.,Apply or recertify online,Cash & expenses,,2025-06-18T11:00:50.000
COMPASS NYC gen plizyè santèn pwogram pou jèn moun kòmanse nan klas matènèl jouk nan klas 12yèm ane.,,,Jwenn yon pwogram aprè klas.,Enrichment,"Children (0-13),Students,Youth (10+)",2022-03-23T11:01:56.000
Yon pwogram pou bloke pri lwaye pou ede Moun Vil New York ki kalifye yo rete lakay yo,,"\nEnprime yon (https://www1.nyc.gov/assets/rentfreeze/downloads/pdf/drie/drie-initial-application-only.pdf) premye aplikasyon epi ranpli li. Ou ka pran youn nan Sant Èd DRIE a tou oswa rele 311 pou mande pou yo voye yon aplikasyon ba ou nan lapòs.\nVoye aplikasyon ou ranpli ak siyen an nan lapòs ansanm ak dokiman sipò yo bay:Rent Freeze Program – DRIEP.O. Box 3179Union, NJ 07083",Aplike sou entènèt,Housing,"Immigrants,People with disabilities ,Seniors,Veterans",2022-03-23T11:01:59.000
SNAP کی مراعات تازہ اور صحت بخش گروسریز کے ساتھ آپ کے خاندان کی غذائی ضروریات پوری کرنے میں مدد کر سکتی ہیں۔,,"\n (http://otda.ny.gov/programs/applications/4826.pdf) کاغذی درخواست (https://www1.nyc.gov/site/hra/locations/snap-locations.page) کو پرنٹ کریں، SNAP سینٹر جا کر ایک حاصل کریں، یا 718-557-1399 پر HRA معلوماتی لائن کو کال کر کے کہیں کہ وہ آپ کو کاغذی درخواست میل کر دے۔\nدرخواست اور اپنی دستاویزات کی نقول درج ذیل پر میل کریں: Division of SNAP Services, Mail Application & Referral Unit (MARU) P.O.BOX 24510 Brooklyn, NY 11201",آن لائن درخواست دیں,Food,Everyone,2024-08-09T11:01:31.000
"Certyfikowany plan zdrowotny (Qualified Health Plan) toubezpieczenie zdrowotne, w ramach którego płacona jest określonamiesięczna składka na ubezpieczenie.",,"Złożyć wniosek do Medicaid pocztą zwykłą, jeżeli są spełnioneponiższe warunki:\nco najmniej 65 lat\nosoba niewidoma\nosoba z niepełnosprawnością\npobyt w placówce opiekuńczej i wniosek o ochronęobejmującą pobyt w domu opiekiWypełnijwniosek (https://www.health.ny.gov/forms/doh-4220.pdf) iformularz Dodatku A (https://www.health.ny.gov/forms/doh-5178a.pdf) . Call Wniosek należy przesłać na adres: MAP InitialEligibility Unit PO Box 24390, Brooklyn, NY 11202",Zapisz się online,Health,"Everyone,Immigrants",2024-10-04T11:01:27.000
Avantaj SNAP kapab ede ou bay fanmi w manje ki fre e ki bon pou lasante.,,"\nEnprime yon (http://otda.ny.gov/programs/applications/4826-HA.pdf) aplikasyon papye (https://www1.nyc.gov/site/hra/locations/snap-locations.page) , pase pran youn nan yon Bwo SNAP oswa rele Liy enfòmasyon HRA nan 718-557-1399 pou mande yo voye aplikasyon papye a nan adrès postal lakay ou.\nVoye aplikasyon an ak kopi dokiman ou yo nan mèl bay: Division of SNAP Services, Mail Application & Referral Unit (MARU) P.O.Box 24510 Brooklyn, NY, 11201",Aplike anliy,Food,Everyone,2024-08-13T11:01:48.000
"Домовладельцы могут получить частичное освобождение от уплаты налогов на недвижимость, идущих на средние школы.",,"Если вам будет 65 лет или больше в год, в который вы подаете заявление, и у вас было освобождение от налога на STAR на вашей собственности в 2015–2016 годах, вы можете подать заявление на получение Enhanced STAR (E-STAR). Подать заявку можно в Департаменте финансов г (https://www1.nyc.gov/site/finance/benefits/landlords-star.page) . Нью-Йорка, заполнив анкету « (https://www1.nyc.gov/assets/finance/downloads/pdf/payment_operations/2020/star-to-estar.pdf) STAR to ESTAR (https://www1.nyc.gov/assets/finance/downloads/pdf/payment_operations/2020/star_appl.pdf) ».Если вы пользовались налоговыми льготами на собственность по программе Basic STAR с 2015 г. или ранее, но затем утратили право на участие, вы можете подать заявление на возобновление налоговых льгот по программе STAR.",Подать заявку через Интернет,Cash & expenses,Homeowners,2024-10-23T11:01:14.000
يمكن لمخصصات برنامج SNAP أن تساعدك على إمداد عائلتك بأطعمة طازجة وصحية.,,"\nاطبع (http://otda.ny.gov/programs/applications/4826-AR.pdf) طلبًا ورقيًا، أو (https://www1.nyc.gov/site/hra/locations/snap-locations.page) احصل عليه من أحد مراكز برنامج SNAP أو اتصل بخط المعلومات التابع لإدارة الموارد البشرية من خلال الرقم 1399-557-718 لإرسال طلب ورقي إليك عبر البريد.\nأرسل الطلب ونسخًا من مستنداتك إلى: Division of SNAP Services, Mail Application & Referral Unit (MARU) P.O.Box 24510 Brooklyn, NY, 11201",التقدم بطلب عبر الإنترنت,Food,Everyone,2024-08-09T11:01:57.000
Les services de garde de jeunes enfants et d’éducation sont disponibles jusqu’à dix heures par jour.,,"\n (https://www1.nyc.gov/site/acs/early-care/forms.page) Téléchargez le formulaire de demande dans votre langue. (http://www.nyc.gov/html/hra/html/services/job_centers.shtml) \nRemplissez-le et envoyez-le à l’adresse suivante : NYC DOE Family Welcome Center 333 7th Ave 12th floor New York NY 10001Si vous bénéficiez déjà de prestations de la HRA, vous devez déposer votre demande auprès de votre HRA Benefits Access Center.",Déposer une demande en ligne,Child Care,"Children (0-13),Families,Pregnant & new parents",2024-08-13T11:01:25.000
Зарегистрируйте своего ребенка в бесплатной высококачественной программе Pre-K на полный день.,,,Подача заявления на участие в программе Pre-K,Education,"Children (0-13),Families,Immigrants,NYCHA residents,Students",2024-08-09T11:01:19.000
El HEAP ayuda a los grupos familiares elegibles a cubrir los costos de calefacción de sus casas.,,"Las solicitudes para el beneficio regular del HEAP 2024-25 cerraron el 7 de abril de 2025. (https://access-nyc-s3-uploads.s3.amazonaws.com/uploads/2023/11/LDSS-3421-Rev.-5-23.pdf) Descarguey complete la solicitud. Para enviar su solicitud, puede:\nEnvíe por correo su solicitud a: New York City Home Energy Assistance Program P.O. Box 1401, Church Street Station New York, NY, 10008\nEnvíe su solicitud por fax al 917-639-2900.",Envíe una solicitud en línea,Cash & expenses,,2025-05-28T11:02:44.000
Diminution des impôts fonciers pour les propriétaires souffrant d'un handicap,,"\nTéléchargez et remplissez la demande initiale d'exemption. Vous pouvez également demander qu'un formulaire vous soit transmis par la poste en appelant le 311 (http://webapps.nyc.gov:8084/CICS/fin1/find001I) .\nVous serez invité à fournir l'arrondissement, le bloc, et le lot (BBL) de votre domicile. Vous pouvez utiliser la Recherche d'adresses de propriétés pour trouver ces informations.\nRéunissez vos documents requis et incluez-les dans votre demande. Votre demande ne sera pas traitée sans ces documents.\nEnvoyez votre demande complète et documents requis par la poste à : New York City Department of Finance P.O.BOX 311Maplewood, NJ 07040-0311\nLes demandes doivent être envoyées au plus tard le 16 mars, le cachet de la poste faisant foi, pour que votre avantage social commence le 1er juillet de la même année.",Déposez votre dossier en ligne,Cash & Expenses,"People with disabilities,Homeowners",2024-10-22T11:01:22.000
"Inscriba a su hijo en un programa de prekínder gratis, de día completo y de alta calidad.","Toddler,Pre-Schooler",,Cómo enviar una solicitud para los programas de prekínder,Education,"NYCHA residents,Students",2025-02-07T11:01:30.000
ابتدائی نگہداشت اطفال اور تعلیمی خدمات روزانہ 10 گھنٹے تک کے لیے ہیں۔,,\n (https://www1.nyc.gov/site/acs/early-care/forms.page) اپنی زبان میں ایپلیکیشن ڈاؤن لوڈ کریں۔ (http://www.nyc.gov/html/hra/html/services/job_centers.shtml) \nاسے مکمل کر کے اس پتہ پر ڈاک سے بھیج دیں: NYC DOE Family Welcome Center 333‎ 7th Ave 12th floor New York NY 10001اگر آپ پہلے سے ہی HRA کی مراعات حاصل کر رہے ہیں، تو آپ اس کی بجائے اپنے تفویض کردہ HRA بینیفٹس ایکسیس سنٹر میں درخواست دیں۔,آن لائن درخواست دیں,Child Care,"Children (0-13),Families,Pregnant & new parents",2024-08-13T11:01:02.000
"2024-এর জন্য ট্যাক্স ফাইল করার সময়, পরিবারগুলি 17 বছরের কম বয়সী প্রত্যেক যোগ্য শিশুর জন্য $2,000 পর্যন্ত মূল্যের এই ট্যাক্স ক্রেডিট দাবি করতে পারেন।",,"আপনার ট্যাক্স রিটার্ন ডাকে পাঠালে,ফর্ম 1040 (https://www.irs.gov/pub/irs-pdf/f1040.pdf) এবংশিডিউল 8812 (https://www.irs.gov/pub/irs-pdf/f1040s8.pdf) পূরণ করুন।",,Cash & Expenses,Pregnant & new parents,2025-02-06T11:00:53.000
"Cuando presenten su declaración de impuestos de 2024, las familias pueden reclamar este crédito fiscal por un valor de hasta $2,000 para cada hijo menor de 17 años que califique.",Everyone,"Si envía su declaración de impuestos por correo, complete elFormulario 1040 (https://www.irs.gov/pub/irs-pdf/f1040.pdf) y elAnexo 8812 (https://www.irs.gov/pub/irs-pdf/f1040s8.pdf) .",,Cash & expenses,"Pregnant & new parents,Families with children",2025-02-06T11:00:56.000
房租凍結計畫可協助符合資格的紐約市民住在自己的家中,,"\n請列印 (https://www1.nyc.gov/assets/rentfreeze/downloads/pdf/drie/drie-initial-application-only.pdf) 首次申請表並填寫完成。您也可以從 DRIE 援助中心領取一份申請表，或致電 311 要求將申請表郵寄給您。\n將您填妥並簽名的申請表以及證明文件郵寄至：Rent Freeze Program – DRIEP.O. Box 3179Union, NJ 07083",線上申請,Housing,"Immigrants,People with disabilities ,Seniors,Veterans",2022-03-23T11:02:10.000
« Section 8 » verse une partie du loyer pour les familles à revenus faibles et modérés qui souhaitent louer sur le marché privé.,,,,Housing,,2025-05-28T11:01:30.000
啟蒙教育 (Head Start) 計畫不收取任何費用，全年每天至少提供八小時的服務。,,,,Child care,NYCHA residents,2025-04-02T11:01:16.000
"Благодаря программе HEAP семьи, имеющие право на участие в ней, могут покрывать стоимость отопления своих домов.",,"Прием заявлений на получение стандартного пособия по программе HEAP на 2024–2025 гг. закрыт 7 апреля 2025 года. (https://access-nyc-s3-uploads.s3.amazonaws.com/uploads/2023/11/LDSS-3421-Rev.-5-23.pdf) Загрузитеи заполните бланк заявления. Способы подачи заявления:\nОтправьте заявление по адресу: New York City Home Energy Assistance Program P.O. Box 1401, Church Street Station New York, NY, 10008\nОтправьте заявление по факсу на номер 917-639-2900.",Подать заявление онлайн,Cash & expenses,,2025-05-28T11:02:50.000
"В рамках программы «Section 8» оплачивается часть арендной платы для семей с низким и средним уровнями дохода, которые хотят арендовать жилье на частном рынке.",,,,Housing,,2025-05-28T11:01:54.000
Seniorzy mogą uzyskać częściowe zwolnienie z podatku od nieruchomości.,,"Wnioski należy przesłać pocztą do 15 marca, aby świadczenie zaczęło przysługiwać od 1 lipca tego samego roku.\n (https://www1.nyc.gov/assets/finance/downloads/pdf/translations/sche_initial/sche-initial-poli.pdf) Należy pobrać i wydrukować wstępny wniosek o zwolnienie (https://a836-pts-access.nyc.gov/care/search/commonsearch.aspx?mode=address) i wypełnić go. Można również zadzwonić pod numer 311, aby otrzymać wniosek pocztą.\nPrzy składaniu wniosku należy podać dzielnicę, blok i działkę (BBL), w której znajduje się dom. Należy skorzystać z wyszukiwarki adresów nieruchomości, aby uzyskać te informacje.\nNależy zebrać wymagane dokumenty i dołączyć je do wniosku. Bez nich Twój wniosek nie zostanie rozpatrzony.\nWypełniony wniosek oraz wymagane dokumenty należy wysłać na adres: New York City Department of Finance Homeowner Tax Benefits P.O. Box 311 Maplewood, NJ 07040-0311",Złóż wniosek online,Cash & Expenses,"Older adults,Homeowners",2024-10-23T11:01:42.000
COMPASS NYC کے پاس کنڈرگارٹن کے چھوٹے بچوں سے لے کر 12ویں گریڈ تک کے نوجوانوں کے لیے سینکڑوں پروگرام موجود ہیں۔,,,آفٹر اسکول پروگرام تلاش کریں,Enrichment,"Children (0-13),Students,Youth (10+)",2022-03-23T11:01:40.000
고령자는 재산세에 대해 일부 면제를 받을 수 있습니다.,,"그해 7월 1일부터 혜택을 받으려면 3월 15일까지 신청서에 소인이 찍혀 있어야 합니다.\n (https://www1.nyc.gov/assets/finance/downloads/pdf/translations/sche_initial/sche-initial-kor.pdf) 최초 면제 신청서를 다운로드하여 출력 (https://a836-pts-access.nyc.gov/care/search/commonsearch.aspx?mode=address) 하고 작성하십시오. 311번으로 전화를 걸어 우편으로 받을 수도 있습니다.\n신청 시 집에 대한 자치구, 블록 및 로트(BBL)가 필요합니다. 재산 주소 검색을 사용하여 정보를 확인하십시오.\n필수 제출 서류를 준비하고 신청서에 동봉하십시오. 서류가 없으면 신청서가 처리되지 않습니다.\n작성된 신청서와 필수 제출 서류를 우편으로 다음 주소로 보내십시오. New York City Department of Finance Homeowner Tax Benefits P.O. Box 311 Maplewood, NJ 07040-0311",온라인 신청,Cash & expenses,"Older adults,Homeowners",2024-10-23T11:01:14.000
HEAP‏ اہل گھرانوں کو اپنے گھروں میں حرارت پیدا کرنے کے اخراجات کو پورا کرنے میں مدد کرتا ہے۔,,"2024-25‏ کی ‏HEAP‏ کی باقاعدہ مراعات ‏(‏HEAP Regular Benefit‏)‎‏ کے لیے درخواستیں 7 اپریل 2025 کو بند ہو گئیں۔ درخواست ‎‏ (https://access-nyc-s3-uploads.s3.amazonaws.com/uploads/2023/11/LDSS-3421-Rev.-5-23.pdf) ڈاؤن لوڈکریں اور اسے مکمل کریں۔ اپنی درخواست جمع کرانے کے لیے آپ یوں کر سکتے ہیں کہ:\nاپنی درخواست اس پتے پر بذریعہ ڈاک بھیجیں: New York City Home Energy Assistance Program P.O. Box 1401, Church Street Station New York, NY, 10008\nاپنی درخواست 2900-639-917 پر فیکس کریں۔",آن لائن درخواست دیں,Cash & Expenses,,2025-05-28T11:02:38.000
خدمات تعليم ورعاية للأطفال في عمر مبكر لمدة تصل إلى 10 ساعات في اليوم.,,\n (https://www1.nyc.gov/site/acs/early-care/forms.page) قم بتنزيل الطلب بلغتك. (http://www.nyc.gov/html/hra/html/services/job_centers.shtml) \nأكمله وأرسله بالبريد إلى: مركز الترحيب بالأسرة التابع لإدارة التعليم بمدينة نيويورك (DOE) 333 7th Ave 12th floor New York NY 10001إذا كنت تحصل على مخصصات HRA بالفعل، فتقدّم بطلب إلى مركز الوصول إلى المخصصات (Benefits Access Center) التابع لإدارة HRA المحدد لك بدلًا من ذلك.,التقدم بطلب عبر الإنترنت,Child care,"Children (0-13),Families,Pregnant & new parents",2024-08-13T11:01:29.000
Recupere su dinero si pagó por la guardería o el cuidado de dependientes adultos mientras trabajaba o buscaba trabajo.,,"Complete elFormulario 1040 (https://www.irs.gov/pub/irs-pdf/f1040.pdf) o el (https://www.irs.gov/forms-pubs/about-form-1040-nr) Formulario 1040NR (https://www.irs.gov/pub/irs-pdf/f2441.pdf) , e incluya elFormulario 2441.",Declaración en línea,Cash & expenses,,2025-02-11T11:01:42.000
يوفر نظام COMPASS NYC مئات البرامج للصغار من سن الحضانة حتى المرحلة الثانية عشر,,,العثور على برنامج ما بعد الدوام المدرسي,Enrichment,Students,2024-10-29T11:01:18.000
ہیڈ اسٹارٹ (Head Start) پروگرامز مفت ہیں اور پورے سال روزانہ کم از کم آٹھ گھنٹے چلتے ہیں۔,,,,Child Care,NYCHA residents,2025-04-02T11:00:51.000
"Uzyskaj zwrot pieniędzy, jeśli płaciłeś(-aś) za opiekę nad dzieckiem lub osobą dorosłą będącą na utrzymaniu, aby umożliwić sobie wykonywanie pracy lub poszukiwanie jej.",,Wypełnijformularz 1040 (https://www.irs.gov/pub/irs-pdf/f1040.pdf) lub (https://www.irs.gov/forms-pubs/about-form-1040-nr) 1040NR (https://www.irs.gov/pub/irs-pdf/f2441.pdf) i dołączformularz 2441.,Złóż zeznanie podatkowe online,Cash & Expenses,,2025-02-11T11:02:03.000
Servicios de cuidado y educación para niños en la primera infancia hasta 10 horas al día.,"Baby,Toddler","\n (https://www1.nyc.gov/site/acs/early-care/forms.page) Descargue la solicitud en su idioma. (http://www.nyc.gov/html/hra/html/services/job_centers.shtml) \nComplételo y envíelo por correo a: Centro de Bienvenida a las Familias del DOE de la ciudad de Nueva York 333 7th Ave 12th floor New York NY 10001Si ya recibe beneficios de la HRA, solicítelos en su Centro de acceso a los beneficios de la Administración de Recursos Humanos (HRA) asignado.",Envíe una solicitud en línea,Child Care,"Children (0-13),Families,Pregnant & new parents",2024-08-13T11:01:08.000
"আপনার শিশুকে একটি বিনামূল্যের, পূর্ণ-দিনের, উচ্চমানের প্রি-K কর্মসূচিতে নথিভুক্ত করুন।",,,প্রি-K এর জন্য আবেদন করুন,Education,"Children (0-13),Families,Immigrants,NYCHA residents,Students",2024-08-09T11:01:21.000
Los beneficios de SNAP pueden ayudar a alimentar a su familia con comida fresca y saludable.,,"\nImprima una solicitud (http://otda.state.nyenet/ldss_eforms/eforms/4826-SP.pdf) , pida una en un centro de SNAP (https://www1.nyc.gov/site/hra/locations/snap-locations.page) , o llame a la línea de información de la HRA al 718-557-1399 para que le envíen una solicitud impresa por correo.\nEnvíe por correo la solicitud y copias de sus documentos a: Division of SNAP Services, Mail Application & Referral Unit (MARU) P.O.Box 24510 Brooklyn, NY, 11201",Envíe una solicitud en línea,Food,Everyone,2024-08-09T11:01:55.000
"Kredi taks ki gen yon valè ki ale jiska $11,000 pou fanmi ki kalifye yo, paran ki pa gen gad timoun yo, epi moun ki travay aplentan oswa a tan pasyèl oswa ki ap travay ak pwòp tèt yo.",,"Si w ranpli taks ou pa lapòs, w ap bezwen fòm sa yo:\nFòm 1040 (https://www.irs.gov/pub/irs-pdf/f1040.pdf) oswa (https://www.irs.gov/forms-pubs/about-form-1040-nr) Fòm 1040NR (https://www.irs.gov/pub/irs-pdf/f1040sei.pdf) pou EITC federal la\nSchedule EIC (https://www.tax.ny.gov/pdf/current_forms/it/it215_fill_in.pdf) pou taks sou revni federal, si ou gen yon timoun\nFòmilè IT-215 (https://www.tax.ny.gov/pdf/current_forms/it/it215i.pdf) pou kredi nan Eta New York\nFich kalkil C nan Fòmilè enstriksyon pou IT-215 pou kredi nan Vil New York",Ranpli anliy,Cash & expenses,,2025-07-02T11:01:50.000
اکر آپ نے کام کرتے ہوئے ‎یا کام کی تلاش کرتے ہوئے امداد اطفال یا بالغ زیر کفالت کی نگہداشت کے لیے ادائیگی کی تو پیسہ واپس پائیں۔,,فارم ‎1040‏ (https://www.irs.gov/pub/irs-pdf/f1040.pdf) یا (https://www.irs.gov/forms-pubs/about-form-1040-nr) فارم ‎1040NR (https://www.irs.gov/pub/irs-pdf/f2441.pdf) ‏ مکمل کریں، اورفارم ‎2441‏شامل کریں۔,آن لائن فائل کریں,Cash & Expenses,,2025-02-11T11:01:42.000
일을 하거나 일자리를 찾는 동안 자녀 또는 성인 부양가족의 돌봄을 위해 비용을 지불했다면 환급을 받으십시오.,,양식 1040 (https://www.irs.gov/pub/irs-pdf/f1040.pdf) 또는 (https://www.irs.gov/forms-pubs/about-form-1040-nr) 양식 1040NR (https://www.irs.gov/pub/irs-pdf/f2441.pdf) 을 작성하고양식 2441도 포함하십시오.,온라인 접수,Cash & expenses,,2025-02-11T11:01:42.000
"Crédit d’impôt pouvant atteindre $11,000 pour les familles admissibles, les parents non gardiens, et les personnes qui travaillent à temps plein ou partiel ou les travailleurs indépendants.",,"Si vous envoyez vos impôts par la poste, vous aurez besoin de ces formulaires :\nFormulaire 1040 (https://www.irs.gov/pub/irs-pdf/f1040.pdf) ou (https://www.irs.gov/forms-pubs/about-form-1040-nr) 1040NR (https://www.irs.gov/pub/irs-pdf/f1040sei.pdf) pour l’EITC fédéral\nAnnexe Crédit de l’impôt sur le revenu (Schedule EIC) (https://www.tax.ny.gov/pdf/current_forms/it/it215_fill_in.pdf) pour la déclaration de revenus fédérale, si vous avez un enfant ;\nFormulaire IT-215 (https://www.tax.ny.gov/pdf/current_forms/it/it215i.pdf) pour le crédit d’impôt de l’État de New York ;\nFeuille de calcul C dans le formulaire des consignes pour le formulaire IT-215 pour le crédit d’impôt de la ville de New York.",Déposez une demande en ligne,Cash & Expenses,,2025-02-06T11:02:15.000
اپنے بچے کا ایک مفت، پورے دن کے لیے، اور اعلیٰ معیار کے حامل Pre-K پروگرام میں اندراج کروائیں۔,,,Pre-K کے لیے درخواست دیں,Education,"Children (0-13),Families,Immigrants,NYCHA residents,Students",2024-08-09T11:01:19.000
Lowered property tax for homeowners with disabilities who earn up to a certain income.,Caregiver,"Applications must be postmarked by March 15th for your benefit to begin on July 1st of the same year.\n (https://www1.nyc.gov/assets/finance/downloads/pdf/payment_operations/2020/dhe-initial.pdf) Download the initial exemption application (https://a836-pts-access.nyc.gov/care/search/commonsearch.aspx?mode=address) and fill it in. You can also call 311 to get one mailed to you.\nWhen applying, you will need the borough, block, and lot (BBL) for your home. Use the Property Address Search to get this information.\nGather your required documents and include them with your application. Your application will not be processed without them.\nMail your completed application and required documents to: New York City Department of Finance Homeowner Tax Benefits P.O.BOX 311 Maplewood, NJ 07040-0311",Apply Online,Cash & expenses,"Homeowners,People with disabilities",2025-05-15T11:00:57.000
Los planes médicos calificados son planes de seguro médico enlos que usted paga una determinada cantidad cada mes por lacobertura.,Everyone,"Presente la solicitud para Medicaid por correo postal si:\nmayor de 65 años\nciego certificado\ncon discapacidades certificado\nEstá institucionalizado y solicitando la cobertura de atenciónde la residencia de atención de largo plazo.Complete lasolicitud (https://www.health.ny.gov/forms/doh-4220.pdf) y elformulario del Suplemento A (https://www.health.ny.gov/forms/doh-5178a.pdf) . Envíe por correo su solicitud a: Unidad deelegibilidad inicial del MAP PO Box 24390, Brooklyn, NY11202",Inscríbase en línea,Health,,2024-10-24T11:01:19.000
Seksyon 8 la peye yon pati nan lwaye a pou fanmi ki gen revni ba ak modere ki vle lwe nan mache prive a.,,,,Housing,,2025-05-28T11:02:14.000
يمكن لملاك المنازل الحصول على إعفاء جزئي من ضرائب أملاك المدارس.,,"إذا كان عمرك 65 عامًا أو أكثر في العام الذي تقدمت فيه وحصلت على إعفاء STAR على الممتلكات الخاصة بك في 2015-16 ، فيمكنك التقدم بطلب للحصول على Enhanced STAR (E-STAR). تقدّم بطلب إلى إدارة المالية في مدينة نيويورك من خلال استكمال (https://www1.nyc.gov/site/finance/benefits/landlords-star.page) طلب """" (https://www1.nyc.gov/assets/finance/downloads/pdf/payment_operations/2020/star-to-estar.pdf) STAR to ESTAR (https://www1.nyc.gov/assets/finance/downloads/pdf/payment_operations/2020/star_appl.pdf) """".إذا كان لديك إعفاء STAR أساسي على ممتلكاتك منذ عام 2015 أو قبل ذلك، وفقدته منذ ذلك الحين، يمكنك التقدم بطلب لاستعادة إعفاء STAR من خلال إكمال طلب استعادة مخصص STAR.",تقديم الطلب عبر الإنترنت,Cash & expenses,Homeowners,2024-10-22T11:01:44.000
"Ulga podatkowa o wartości do $11,000 dla kwalifikujących się rodzin, rodziców pozbawionych opieki prawnej oraz osób fizycznych pracujących na pełny etat, część etatu lub w ramach samozatrudnienia.",,W przypadku składania zeznania podatkowego drogą pocztową potrzebne będą następujące formularze:\nFormularz 1040 (https://www.irs.gov/pub/irs-pdf/f1040.pdf) lub (https://www.irs.gov/forms-pubs/about-form-1040-nr) formularz 1040NR (https://www.irs.gov/pub/irs-pdf/f1040sei.pdf) dotyczący federalnej ulgi EITC\nWykaz ulg od dochodów (Schedule EIC) (https://www.tax.ny.gov/pdf/current_forms/it/it215_fill_in.pdf) do zeznania federalnego w przypadku posiadania dziecka\nFormularz IT-215 (https://www.tax.ny.gov/pdf/current_forms/it/it215i.pdf) dotyczący ulgi podatkowej stanu Nowy Jork\nArkusz roboczy C w instrukcji do formularza IT-215 w przypadku ulgi podatkowej miasta Nowy Jork,Złóż zeznanie podatkowe online,Cash & Expenses,,2025-02-06T11:02:13.000
Sèvis gadri ak edikasyon pou timoun piti jiska 10 èdtan pa jou.,,"\n (https://www1.nyc.gov/site/acs/early-care/forms.page) Telechaje aplikasyon an nan lang ou. (http://www.nyc.gov/html/hra/html/services/job_centers.shtml) \nRanpli epi voye l pa lapòs nan: NYC DOE Family Welcome Center 333 7th Ave 12th floor New York NY 10001Si ou deja gen avantaj HRA, fè demann ou an nan Sant Aksè pou Avantaj HRA yo asiyen w lan pito.",Aplike anliy,Child care,"Children (0-13),Families,Pregnant & new parents",2024-08-13T11:01:25.000
"Qualified Health Plans — это планы медицинскогострахования, по условиям которых вам необходимо ежемесячно вноситьопределенную сумму за страховое покрытие.",,"Подайте заявление на Medicaid по почте, если вы:\nстарше 65 лет;\nимеете слепоту, подтвержденную документально;\nимеете инвалидность, подтвержденную документально;\nнаходитесь в доме престарелых и подаете заявление насоответствующее страхование.Заполнитезаявление (https://www.health.ny.gov/forms/doh-4220.pdf) идополнительную форму А (https://www.health.ny.gov/forms/doh-5178a.pdf) . Отправьте заявление по такому адресу: MAP InitialEligibility Unit PO Box 24390, Brooklyn, NY 11202",Подать заявку онлайн,Health,"Everyone,Immigrants",2024-10-04T11:01:07.000
يسهم برنامج مساعدات الطاقة المنزلية (HEAP) في إعانة الأسر المعيشية المؤهلة من أجل تغطية النفقات المتعلقة بتدفئة منازلهم.,,"أُغلقت مدة تقديم الطلبات لعام 2024-25 للحصول على المخصصات المنتظمة من برنامج المساعدة في دفع نفقات الطاقة المنزلية HEAP‏ وذلك في 7 أبريل 2025.‏ (https://access-nyc-s3-uploads.s3.amazonaws.com/uploads/2023/11/LDSS-3421-Rev.-5-23.pdf) قم بتنزيلالطلب وإكماله. لتقديم طلبك، يمكنك:\nأرسل طلبك بالبريد إلى العنوان: New York City Home Energy Assistance Program P.O. Box 1401, Church Street Station New York, NY, 10008\nأرسل طلبك بالفاكس إلى الرقم 2900-639-917.",التقدم بطلب عبر الإنترنت,Cash & expenses,,2025-05-28T11:02:01.000
Los propietarios pueden recibir una exención parcial de los impuestos inmobiliarios escolares.,Caregiver,"Si tendrá 65 años o más en el año en que presente la solicitud y ha tenido una exención STAR en su propiedad en 2015-16, puede solicitar Enhanced STAR (E-STAR). Solicítelo en el Departamento de Finanzas de la Ciudad de Nueva York (https://www1.nyc.gov/site/finance/benefits/landlords-star.page) completando la solicitud “ (https://www1.nyc.gov/assets/finance/downloads/pdf/payment_operations/2020/star-to-estar.pdf) STAR to ESTAR (https://www1.nyc.gov/assets/finance/downloads/pdf/payment_operations/2020/star_appl.pdf) ”.Si tenía una exención STAR básica en su propiedad desde 2015 o anterior, y desde entonces la ha perdido, puede solicitar restaurar su exención STAR completando la solicitud de restauración de beneficios STAR.",Postularse en línea,Cash & expenses,Homeowners,2024-10-22T11:01:49.000
A rent freeze program to help seniors 62 and older stay in their home.,Caregiver,"\nPrint and complete the (https://www1.nyc.gov/assets/rentfreeze/downloads/pdf/scrie/scrie-initial-application-only.pdf) initial application (https://www1.nyc.gov/assets/hpd/downloads/pdfs/services/scrie-application.pdf) (or call 311 for an application).\nMail your completed and signed application along with supporting documents to: Rent Freeze Program – SCRIEP.O. Box 3179Union, NJ 07083If you live in Mitchell-Lama or Redevelopment Company development housing:\n (mailto:SCRIE@hpd.nyc.gov) Download the HPD SCRIE application and complete it.\nEmail your completed application to SCRIE@hpd.nyc.gov or mail it to: HPD SCRIE Unit100 Gold Street, 7th floor New York, New York, 10038",,Housing,Older Adults,2025-02-19T11:01:36.000
"Подавая налоговую декларацию за 2024 год, семьи могут потребовать предоставления налогового вычета в сумме до $2,000 на каждого соответствующего критериям ребенка возрастом до 17 лет.",,"Если вы отправляете налоговую декларацию по почте, заполнитеформу 1040 (https://www.irs.gov/pub/irs-pdf/f1040.pdf) иприложение 8812 (https://www.irs.gov/pub/irs-pdf/f1040s8.pdf) ‎.",,Cash & expenses,Pregnant & new parents,2025-02-06T11:00:54.000
الخطط الصحية المؤهلة عبارة عن خطط تأمين صحي تدفع فيها مبلغًامحددًا كل شهر مقابل التغطية.,,"تقدم بطلب إلى برنامج Medicaid عن طريق البريد إذا كنت:\n65 عامًا أو أكثر\nأعمى موثق\nمعاق موثق\nداخل مؤسسة وتتقدم للحصول على تغطية الرعاية التمريضية فيالمنزلأكملالطلب (https://www.health.ny.gov/forms/doh-4220.pdf) ونموذج الملحق أ (https://www.health.ny.gov/forms/doh-5178a.pdf) . أرسِل طلبك إلى: MAP Initial Eligibility UnitPO Box 24390, Brooklyn, NY 11202",التسجيل عبر الإنترنت,Health,"Everyone,Immigrants",2024-10-04T11:01:32.000
تخفض الضرائب العقارية على المحاربين القدامى المؤهلين الذين خدموا في نزاعات معينة.,,"يجب أن تكون الطلبات مختومة بختم بريدي بحلول 15 مارس حتى تبدأ مخصصاتك في الأول من يوليو من نفس العام.\n (https://www1.nyc.gov/assets/finance/downloads/pdf/payment_operations/2020/veterans.pdf) قم بتنزيل طلب الإعفاء الأولي (https://a836-pts-access.nyc.gov/care/search/commonsearch.aspx?mode=address) واملأه. يمكنك أيضًا الاتصال على الرقم 311 لإرسال ختم عبر البريد.\nعند التقديم، سوف تحتاج إلى منطقتك الإدارية والمربع السكني وقطعة الأرض (BBL) لمنزلك. استخدم البحث عن عنوان العقار (Property Address Search) للحصول على هذه المعلومات.\nاجمع المستندات المطلوبة وقم بتضمينها مع طلبك. لن يتم معالجة طلبك دونها.\nأرسل طلبك المكتمل والمستندات المطلوبة بالبريد إلى:New York City Department of FinanceP.O.BOX 311 Maplewood, NJ 07040-0311",التقدم بطلب عبر الإنترنت,Cash & expenses,"Veterans,Homeowners",2024-10-22T11:01:54.000
যোগ্য প্রাক্তন সমরকর্মীদের জন্য নিম্ন সম্পত্তি কর যারা নির্দিষ্ট কিছু সংঘাতে কাজ করেছেন।,,"একই বছরের 1লা জুলাই থেকে শুরু হওয়া আপনার সুবিধার জন্য আবেদনপত্রগুলিকে 15ই মার্চের মধ্যে পোস্টমার্ক করতে হবে।\n (https://www1.nyc.gov/assets/finance/downloads/pdf/payment_operations/2020/veterans.pdf) প্রাথমিক ছাড়ের আবেদন পত্র ডাউনলোড করুন (https://a836-pts-access.nyc.gov/care/search/commonsearch.aspx?mode=address) এবং সেটিকে পূরণ করুন। আপনাকে মেল করে একটি পাঠানোর জন্য আপনি 311 নম্বরে কল করতে পারেন।\nআবেদন করার সময়, আপনার বাড়ির বরো, ব্লক এবং লট (BBL) প্রয়োজন হবে। (https://a836-pts-access.nyc.gov/care/Search/Disclaimer.aspx?FromUrl=../search/commonsearch.aspx?mode=address) এই তথ্য পেতে সম্পত্তি ঠিকানা অনুসন্ধান (Property Address Search) ব্যবহার করুন।\nআপনার প্রয়োজনীয় নথি সংগ্রহ করুন এবং আপনার আবেদনের সাথে অন্তর্ভুক্ত করুন। আপনার আবেদনপত্র এগুলি ছাড়া প্রক্রিয়া করা হবে না।\nআপনার সম্পূর্ণ করা আবেদনপত্র এবং প্রয়োজনীয় নথিপত্র ডাকযোগে পাঠান এই ঠিকানায়:New York City Department of Finance P.O.BOX 311 Maplewood, NJ 07040-0311",অনলাইনে আবেদন করুন,Cash & Expenses,"Veterans,Homeowners",2024-10-22T11:01:29.000
Las personas de la tercera edad pueden recibir una exención parcial de los impuestos inmobiliarios.,,"Las solicitudes deben franquearse a más tardar del 15 de marzo para que sus beneficios comiencen el 1 de julio de ese mismo año.\n (https://www1.nyc.gov/assets/finance/downloads/pdf/translations/sche_initial/sche-initial-span.pdf) Descargue e imprima la solicitud de exención inicial (https://a836-pts-access.nyc.gov/care/search/commonsearch.aspx?mode=address) y complétela. También puede llamar al 311 para que le envíen una por correo.\nCuando haga la solicitud, deberá dar el distrito, la manzana y el lote (BBL) de su casa. Use la herramienta de búsqueda de direcciones de viviendas para obtener esta información.\nReúna los documentos necesarios e inclúyalos en su solicitud. Su solicitud no se procesará sin ellos.\nEnvíe por correo su solicitud completada y los documentos necesarios a: New York City Department of Finance Homeowner Tax Benefits P.O. Box 311 Maplewood, NJ 07040-0311",Presente su solicitud en línea,Cash & expenses,"Older adults,Homeowners",2024-10-22T11:01:51.000
"Lors du dépôt de leur déclaration fiscale pour l’année 2024, les familles peuvent demander ce crédit d’impôt pouvant s’élever à $2,000 par enfant admissible de moins de 17 ans.",,"Si vous envoyez votre déclaration de revenus par la poste, remplissez leformulaire 1040 (https://www.irs.gov/pub/irs-pdf/f1040.pdf) et l’annexe 8812 (https://www.irs.gov/pub/irs-pdf/f1040s8.pdf) ‎.",,Cash & Expenses,Pregnant & new parents,2025-02-06T11:01:17.000
지원 대상 뉴욕 주민들이 거주 중인 주택에서 계속 거주할 수 있도록 지원하는 임대료 동결 프로그램,,"\n (https://www1.nyc.gov/assets/rentfreeze/downloads/pdf/drie/drie-initial-application-only.pdf) 최초 신청서를 인쇄하여 작성해주십시오. DRIE 지원 센터에서 신청서를 수령하거나 311번으로 전화하여 신청서를 우편으로 받을 수 있도록 요청할 수 있습니다.\n작성을 완료하고 서명한 신청서를 증빙 서류와 함께 다음으로 보내주십시오:Rent Freeze Program – DRIEP.O. Box 3179Union, NJ 07083",온라인 신청,Housing,"Immigrants,People with disabilities ,Seniors,Veterans",2022-03-23T11:01:33.000
বাড়ির মালিকেরা স্কুলের সম্পত্তি কর থেকে আংশিক ছাড় পেতে পারেন।,,"আপনি যদি আবেদন করেন সে বছর আপনার বয়স 65 বা তার বেশি হবে এবং 2015-16 সালে আপনার সম্পত্তিতে স্টার ছাড় পেয়েছেন, আপনি বর্ধিত স্টার (ই-স্টার) এর জন্য আবেদন করতে পারেন। এর জন্য আবেদন করতে পারে (https://www1.nyc.gov/assets/finance/downloads/pdf/payment_operations/2020/star-to-estar.pdf) STAR থেকে ESTAR (https://www1.nyc.gov/site/finance/benefits/landlords-star.page) ""-এর আবেদনপত্র সম্পূর্ণ করার মাধ্যমে NYC অর্থ দপ্তর (NYC Department of Finance (https://www1.nyc.gov/assets/finance/downloads/pdf/payment_operations/2020/star_appl.pdf) )-এ আবেদন করুন।আপনি যদি 2015 সাল বা তার আগে থেকে আপনার সম্পত্তির উপর মৌলিক STAR ছাড় পেয়ে থাকেন এবং তার পর থেকে যদি তা আর না পেয়ে থাকেন, তাহলে আপনি STAR সুবিধা ফিরে পাওয়ার আবেদন সম্পূর্ণ করে আপনার STAR ছাড় ফিরে পাওয়ার আবেদন করতে পান।রেন।",অনলাইনে আবেদন করুন,Cash & Expenses,Homeowners,2024-10-22T11:01:19.000
"Снижение налогов на недвижимость для ветеранов, участвовавших в определенных военных операциях.",,"Заявления должны быть отправлены по почте (по дате на почтовом штемпеле) до 15 марта, чтобы выплата пособия началась с 1 июля того же года.\n (https://www1.nyc.gov/assets/finance/downloads/pdf/payment_operations/2020/veterans.pdf) Загрузите заявление об освобождении (https://a836-pts-access.nyc.gov/care/search/commonsearch.aspx?mode=address) и заполните его. Также вы можете позвонить по номеру 311, чтобы запросить отправку бумажной копии вам на адрес.\nПри подаче заявления вам понадобится информация о районе, блоке и лоте (Borough-Block-Lot, BBL) вашего дома.Для получения этой информации воспользуйтесь поиском по адресу недвижимости.\nСоберите необходимые документы и приложите их к заявлению. Ваше заявление не будет рассмотрено без них.\nОтправьте заполненное заявление и необходимые документы на адрес: New York City Department of Finance P.O.BOX 311 Maplewood, NJ 07040-0311",Подать заявку онлайн,Cash & expenses,"Veterans,Homeowners",2024-10-23T11:01:24.000
Zasiłek SNAP pomoże Ci wyżywić rodzinę świeżymi i zdrowymi artykułami spożywczymi.,,"\nWydrukuj (http://otda.ny.gov/programs/applications/4826.pdf) wniosek w formie papierowej (https://www1.nyc.gov/site/hra/locations/snap-locations.page) , wybierz jedno z centrów SNAP lub zadzwoń na infolinię HRA pod numer 718-557-1399, aby otrzymać wniosek pocztą.\nWniosek i kopie swoich dokumentów wyślij na adres: Division of SNAP Services, Mail Application & Referral Unit (MARU) P.O. Box 24510 Brooklyn, NY, 11201",Złóż wniosek online,Food,Everyone,2024-08-09T11:01:53.000
প্রবীণরা সম্পত্তি কর থেকে আংশিক ছাড় পেতে পারেন।,,"একই বছরের 1লা জুলাই থেকে শুরু হওয়া আপনার সুবিধার জন্য আবেদনপত্রগুলিকে 15ই মার্চের মধ্যে পোস্টমার্ক করতে হবে।\n (https://access.nyc.gov/wp-content/uploads/2017/12/SCHE-InitialAppl_BE.pdf) প্রাথমিক ছাড়ের আবেদনপত্রটি ডাউনলোড করে প্রিন্ট করুন (https://a836-pts-access.nyc.gov/care/search/commonsearch.aspx?mode=address) এবং সেটি পূরণ করুন। আপনাকে মেল করে একটি পাঠানোর জন্য আপনি 311 নম্বরে কল করতে পারেন।\nআবেদন করার সময়, আপনার বাড়ির বরো, ব্লক এবং লট (BBL) প্রয়োজন হবে। এই তথ্য পেতে সম্পত্তি ঠিকানা অনুসন্ধান (Property Address Search) ব্যবহার করুন।\nআপনার প্রয়োজনীয় নথি সংগ্রহ করুন এবং আপনার আবেদনের সাথে অন্তর্ভুক্ত করুন। আপনার আবেদনপত্র এগুলি ছাড়া প্রক্রিয়া করা হবে না।\nআপনার সম্পূর্ণ করা আবেদনপত্র এবং প্রয়োজনীয় নথিপত্র ডাকযোগে পাঠান এই ঠিকানায়: New York City Department of Finance Homeowner Tax Benefits P.O.BOX 311 Maplewood, NJ 07040-0311",অনলাইনে আবেদন করুন,Cash & Expenses,"Older adults,Homeowners",2024-10-22T11:01:21.000
Granmoun aje yo kapab jwenn yon egzanpsyon pasyèl nan taks sou pwopriyete yo.,,"Aplikasyon yo dwe gen so lapòs sou yo anvan 15 mas pou avantaj ou an kòmanse 1ye jiyè nan menm ane a.\n (https://www1.nyc.gov/assets/finance/downloads/pdf/translations/sche_initial/sche-initial-creo.pdf) Telechaje epi enprime premye aplikasyon egzanpsyon an (https://a836-pts-access.nyc.gov/care/search/commonsearch.aspx?mode=address) epi ranpli li. Ou kapab rele 311 tou pou w fè yo voye youn ba ou pa lapòs.\nLè w ap aplike, ou ap bezwen minisipalite, blòk, ak pasèl (BBL) pou kay ou a. Itilize zouti Rechèch Adrès Pwopriyete a pou w jwenn enfòmasyon sa yo.\nRasanble dokiman ki obligatwa yo epi mete yo nan aplikasyon w lan. Nou pa p travay sou aplikasyon w lan san yo.\nVoye aplikasyon ou ranpli a ak dokiman obligatwa yo nan: New York City Department of Finance Homeowner Tax Benefits P.O. Box 311 Maplewood, NJ 07040-0311",Aplike sou entènèt,Cash & expenses,"Older adults,Homeowners",2024-10-22T11:01:41.000
"Asistans Kach la ka ede w peye lwaye, peye bil ak lòt depans ki ijan yo.",,\n (https://otda.ny.gov/programs/applications/2921-HA.pdf) Enprime aplikasyon an (http://www1.nyc.gov/site/hra/locations/job-locations.page) epi ranpli li.\nPoste l oswa mete li nan Bwat Depo yon Sant Benefis Access HRA (http://www1.nyc.gov/site/hra/locations/job-locations.page) .\nN ap kontakte ou pou yon entèvyou nan telefòn. Ou kapab vizite tou yon Sant Benefis Access HRA pou yon entèvyou an pèsòn.,Aplike oswa renouvle sou entènèt,Cash & expenses,Everyone,2024-07-11T11:01:30.000
Réduction des impôts fonciers pour les anciens combattants admissibles ayant pris part à certains conflits.,,"Les demandes doivent être envoyées par courrier au plus tard le 15 mars pour commencer à recevoir les prestations le 1er juillet de la même année, le cachet de la poste faisant foi.\n (https://www1.nyc.gov/assets/finance/downloads/pdf/payment_operations/2020/veterans.pdf) Téléchargez la demande d’exemption initiale (https://a836-pts-access.nyc.gov/care/search/commonsearch.aspx?mode=address) et remplissez-la. Vous pouvez également appeler le 311 pour demander l’envoi de ce formulaire.\nDans le cadre de votre demande, vous devrez indiquer l’arrondissement, le quartier et la parcelle de votre bien immobilier. Servez-vous de l’outil de recherche d’adresse de bien immobilier pour obtenir ces renseignements.\nRéunissez les documents demandés et joignez-les à votre demande. Votre demande ne sera pas traitée en l’absence de ces documents.\nRenvoyez votre formulaire dûment rempli et les documents demandés à l’adresse suivante : New York City Department of Finance P.O. Box 311 Maplewood, NJ 07040-0311",Déposez votre dossier en ligne,Cash & Expenses,"Veterans,Homeowners",2024-10-22T11:01:47.000
سجِّل لطفلك في برنامج صف ما قبل الروضة المجاني ذي نظام اليوم الكامل العالي الجودة.,,,التقدُّم لبرامج صف ما قبل الروضة,Education,"Children (0-13),Families,Immigrants,NYCHA residents,Students",2024-08-09T11:01:46.000
"2024년도 세금 신고 시 가족은 자격을 충족하는 만 17세 미만 자녀 한 명당 최대 $2,000의 해당 세금 공제를 신청할 수 있습니다.",,"세금 신고서를 우편으로 보내는 경우,양식 1040 (https://www.irs.gov/pub/irs-pdf/f1040.pdf) 및표 8812 (https://www.irs.gov/pub/irs-pdf/f1040s8.pdf) 를 작성하십시오.",,Cash & expenses,Pregnant & new parents,2025-02-06T11:00:53.000
Plan Sante Kalifye (Qualified Health Plans) se plan asiranssante ki mande pou ou peye yon kantite lajan chak mwa pou kouvètiasirans.,,"Aplike nan Medicaid atravè lapòs si ou se youn nan moun sayo:\nou gen 65 lane oswa plis\nou se yon avèg ki sètifye\nou se yon moun yo sètifye ki gen andikap\nou se yon moun ki nan yon enstitisyon epi ki aplike poupwoteksyon swen nan mezon retrèt.Ranpliaplikasyon (https://www.health.ny.gov/forms/doh-4220.pdf) an akfòm Sipleman A (https://www.health.ny.gov/forms/doh-5178a.pdf) a. Voye demann ou an pa lapòs nan: MAP InitialEligibility Unit PO Box 24390, Brooklyn, NY 11202",Enskri anliy,Health,"Everyone,Immigrants",2024-10-04T11:01:29.000
نقد اعانت سے آپ کو کرائے کی ادائیگی، یوٹیلیٹیز، اور دیگر ہنگامی اخراجات کی ادائیگی میں مدد مل سکتی ہے۔,,\n (https://otda.ny.gov/programs/applications/2921.pdf) درخواست پرنٹ کریں (http://www1.nyc.gov/site/hra/locations/job-locations.page) اور اسے مکمل کریں۔\nاس کو ایک HRA بینیفٹس ایکسس سینٹر (http://www1.nyc.gov/site/hra/locations/job-locations.page) میں بذریعہ ڈاک ارسال کروائیں یا ڈراپ باکس میں ڈال دیں۔\nآپ سے فون انٹرویو کیلئے رابطہ کیا جائے گا۔ بالمشافہ انٹرویو کے لیے آپ HRA بینیفٹس ایکسس سینٹر بھی تشریف لا سکتے ہیں۔,آن لائن اپلائی یا دوبارہ تصدیق کریں,Cash & Expenses,Everyone,2024-07-11T11:01:06.000
Услуги по обучению и уходу за детьми раннего возраста — до 10 часов в день.,,"\n (https://www1.nyc.gov/site/acs/early-care/forms.page) Загрузите бланк заявления на своем родном языке. (http://www.nyc.gov/html/hra/html/services/job_centers.shtml) \nЗаполните его и отправьте по следующему адресу: NYC DOE Family Welcome Center 333 7th Ave 12th floor New York NY 10001Если вы уже получаете пособия HRA, можете также подать заявление в Центре выдачи пособий HRA, в который вас направили.",Подать заявление онлайн,Child care,"Children (0-13),Families,Pregnant & new parents",2024-08-13T11:01:04.000
"2024 年報稅時，家庭可以為每名符合條件的未滿 17 歲子女申請該項最高達 $2,000 的稅額抵免。",,如果您將郵寄報稅表，請填妥表格 1040 (https://www.irs.gov/pub/irs-pdf/f1040.pdf) 和附表 8812 (https://www.irs.gov/pub/irs-pdf/f1040s8.pdf) 。,,Cash & expenses,Pregnant & new parents,2025-02-05T21:16:14.000
Early child care and education services for up to 10 hours a day.,"Baby,Toddler","\n (https://www1.nyc.gov/site/acs/early-care/forms.page) Download the application in your language. (http://www.nyc.gov/html/hra/html/services/job_centers.shtml) \nComplete and mail it to:NYC DOE Family Welcome Center333 7th Ave12th floorNew York NY 10001If you already get HRA benefits, apply at your assigned HRA Benefits Access Center instead.",Apply online,Child Care,"Families with children,Pregnant & new parents",2024-10-12T11:01:18.000
يمكن لملاك المنازل الحصول على إعفاء جزئي على ضرائب الأملاك.,,"يجب أن تكون الطلبات مختومة بختم بريدي بحلول 15 مارس حتى تبدأ مخصصاتك في الأول من يوليو من نفس العام.\n (https://access.nyc.gov/wp-content/uploads/2017/12/SCHE-InitialAppl_AR.pdf) قم بتنزيل وطباعة طلب الإعفاء الأولي (https://a836-pts-access.nyc.gov/care/search/commonsearch.aspx?mode=address) واملأه. يمكنك أيضًا الاتصال على الرقم 311 لإرسال ختم عبر البريد.\nعند التقديم، سوف تحتاج إلى منطقتك الإدارية والمربع السكني وقطعة الأرض (BBL) لمنزلك. استخدم البحث عن عنوان العقار (Property Address Search) للحصول على هذه المعلومات.\nاجمع المستندات المطلوبة وقم بتضمينها مع طلبك. لن يتم معالجة طلبك دونها.\nأرسل طلبك المكتمل والمستندات المطلوبة بالبريد إلى: New York City Department of Finance Homeowner Tax Benefits P.O. Box 311 Maplewood, NJ 07040-0311",التقدم بطلب عبر الإنترنت,Cash & expenses,"Older adults,Homeowners",2024-10-22T11:01:46.000
"Получите денежную компенсацию, если вы платили за уход о ребенке или взрослом иждивенце, пока работали или искали работу.",,Заполнитеформу 1040 (https://www.irs.gov/pub/irs-pdf/f1040.pdf) или (https://www.irs.gov/forms-pubs/about-form-1040-nr) форму 1040NR (https://www.irs.gov/pub/irs-pdf/f2441.pdf) и приложитеформу 2441‎.,Подать в Интернете,Cash & expenses,,2025-02-11T11:01:42.000
Les personnes âgées peuvent obtenir une exonération partielle de leurs impôts fonciers.,,"Les demandes doivent être envoyées par courrier au plus tard le 15 mars pour commencer à recevoir les prestations le 1er juillet de la même année, le cachet de la poste faisant foi.\n (https://www1.nyc.gov/assets/finance/downloads/pdf/payment_operations/2020/sche-initial.pdf) Téléchargez la demande d’exemption initiale, imprimez-la (https://a836-pts-access.nyc.gov/care/search/commonsearch.aspx?mode=address) et remplissez-la. Vous pouvez également appeler le 311 pour demander l’envoi de ce formulaire.\nDans le cadre de votre demande, vous devrez indiquer l’arrondissement, le quartier et la parcelle de votre bien immobilier. Servez-vous de l’outil de recherche d’adresse de bien immobilier pour obtenir ces renseignements.\nRéunissez les documents demandés et joignez-les à votre demande. Votre demande ne sera pas traitée en l’absence de ces documents.\nRenvoyez votre formulaire dûment rempli et les documents demandés à l’adresse suivante : New York City Department of Finance Homeowner Tax Benefits P.O. Box 311 Maplewood, NJ 07040-0311",Déposez votre dossier en ligne,Cash & Expenses,"Older adults,Homeowners",2024-10-22T11:01:39.000
Section 8 pays part of the rent for low- and moderate-income families who want to rent in the private market.,Everyone,,,Housing,,2025-05-06T11:02:58.000
曾在特定衝突戰事中服役且符合資格的退伍軍人可享房地產稅減免優惠。,,"申請表以郵戳為憑，如果在 3 月 15 日前提出申請，則可自同年 7 月 1 日起領取福利。\n (https://www1.nyc.gov/assets/finance/downloads/pdf/payment_operations/2020/veterans.pdf) 下載初次減免申請表 (https://a836-pts-access.nyc.gov/care/search/commonsearch.aspx?mode=address) 並填妥。您也可以撥打 311 索取郵寄申請表。\n申請時，需提供住址所屬行政區、街區和地段 (Borough, Block and Lot, BBL) 等資訊。請使用房地產搜尋工具 (Property Address Search) 查詢此資訊。\n備齊必要文件並與申請表一併繳交。如果資料不齊，申請將不予不受理。請將填妥的申請表和必要文件郵寄至：New York City Department of Finance P.O.BOX 311 Maplewood, NJ 07040-0311",線上申請,Cash & expenses,"Veterans,Homeowners",2024-10-22T11:01:49.000
سیکشن 8 کم اور متوسط آمدنی والے ان خاندانوں کیلئے کرایے کا کچھ حصہ ادا کرتا ہے جو نجی مارکیٹ میں کرایے پر لینا چاہتے ہیں۔,,,,Housing,,2025-05-28T11:01:43.000
高齡房主可以獲得財產稅的部分免除。,,"申請表以郵戳為憑，如果在 3 月 15 日前提出申請，則可自同年 7 月 1 日起領取福利。\n (https://access-nyc-s3-uploads.s3.amazonaws.com/uploads/2020/10/SCHE-InitialAppl_CH.pdf) 下載並列印初次減免申請表 (https://a836-pts-access.nyc.gov/care/search/commonsearch.aspx?mode=address) 並填妥。您也可以撥打 311 索取郵寄申請表。\n申請時，需提供住址所屬行政區、街區和地段 (Borough, Block and Lot, BBL) 等資訊。請使用房地產搜尋工具 (Property Address Search) 查詢此資訊。\n備齊必要文件並與申請表一併繳交。如果資料不齊，申請將不予不受理。\n請將填妥的申請表和必要文件郵寄至：New York City Department of Finance Homeowner Tax Benefits P.O.Box 311 Maplewood, NJ 07040-0311",線上申請,Cash & expenses,"Older adults,Homeowners",2024-10-22T11:01:40.000
"Lè y ap deklare taks yo pou 2024, fanmi yo ka reklame kredi taks sa ki gen yon valè ki ale jiska $2,000 pou chak timoun ki kalifye ki gen mwens pase 17 lane.",,"Si w ap voye deklarasyon taks ou pa lapòs, ranpliFòm 1040 (https://www.irs.gov/pub/irs-pdf/f1040.pdf) epiOrè 8812 (https://www.irs.gov/pub/irs-pdf/f1040s8.pdf) .",,Cash & expenses,Pregnant & new parents,2025-02-06T11:01:16.000
HEAP 協助符合資格的家庭支付住房供暖費用。,,"2024-25 年 HEAP 常規福利申請已於 2025 年 4 月 7 日結束。 (https://access-nyc-s3-uploads.s3.amazonaws.com/uploads/2023/11/LDSS-3421-Rev.-5-23.pdf) 下載並填寫申請表。 您可以透過以下方式提交您的申請：\n將申請表郵寄至： New York City Home Energy Assistance Program P.O. Box 1401, Church Street Station New York, NY, 10008\n請將您的申請表傳真至 917-639-2900。",線上申請,Cash & expenses,,2025-05-28T11:02:02.000
Los programas Head Start son gratis y duran un año hasta ocho horas por día.,"Toddler,Pre-Schooler",,,Child Care,NYCHA residents,2025-04-02T11:01:00.000
Un programa de congelamiento de la renta para ayudar a los neoyorquinos elegibles a conservar sus viviendas,,"\nImprima una (https://www1.nyc.gov/assets/rentfreeze/downloads/pdf/drie/drie-initial-application-only.pdf) solicitud inicial y complétela. También puede recoger uno en el Centro de Asistencia de DRIE o llamar al 311 para pedir que se le envíe una solicitud por correo.\nEnvíe por correo la solicitud completa y firmada con los documentos de respaldo a:Rent Freeze Program – DRIEP.O. Box 3179Union, NJ 07083",Presente la solicitud en línea,Housing,"Immigrants,People with disabilities ,Seniors,Veterans",2022-03-23T11:01:50.000
برامج Head Start‏ مجانية وتعمل على مدار العام لمدة ثماني ساعات على الأقل في اليوم.,,,,Child care,NYCHA residents,2025-04-02T11:01:16.000
降低殘疾房主的財產稅。,,"\n 下載初始豁免申請表並進行填寫。您也可以撥打 311 (https://a836-pts-access.nyc.gov/care/Search/Disclaimer.aspx?FromUrl=../search/commonsearch.aspx?mode=address) 以取得郵寄的申請表。\n您會被要求提供您的房屋所在的區、街區和地段 (BBL)。您可以使用財產地址搜尋來確定此資訊。\n收集您所需的文件，並將其包括在您的申請中。如果沒有它們，我們將不會處理您的申請。\n將填寫完的申請和所需文件寄送至： New York City Department of Finance P.O.BOX 311 Maplewood, NJ 07040-0311\n申請的郵戳時間必須在 3 月 16 日之前，以便您的福利能從當年 7 月 1 日開始。",線上申請,Cash & expenses,"People with disabilities ,Homeowners",2024-10-22T11:01:23.000
HEAP pomaga kwalifikującym się gospodarstwom domowym pokrywać koszty ogrzewania ich domów.,,"Przyjmowanie wniosków o regularne świadczenie HEAP na okres 2024–2025 zakończono 7 kwietnia 2025 r.‎ (https://access-nyc-s3-uploads.s3.amazonaws.com/uploads/2023/11/LDSS-3421-Rev.-5-23.pdf) Pobierzi wypełnij wniosek. Aby złożyć wniosek, można:\nWniosek należy przesłać na adres: New York City Home Energy Assistance Program P.O. Box 1401, Church Street Station New York, NY, 10008\nPrześlij wniosek faksem pod numer 917-639-2900.",Złóż wniosek online,Cash & Expenses,,2025-05-28T11:03:08.000
SNAP benefits can help you feed your family with fresh and healthy groceries.,Everyone,"\nPrint a (http://otda.ny.gov/programs/applications/4826.pdf) paper application (https://www1.nyc.gov/site/hra/locations/snap-locations.page) , pick one up from a SNAP Center, or call the HRA Infoline at 718-557-1399 to have a paper application mailed to you.\nMail the application and copies of your documents to:Division of SNAP Services, Mail Application & Referral Unit (MARU) P.O.Box 24510Brooklyn, NY, 11201",Apply online,Food,,2024-09-25T11:01:38.000
Les allocations SNAP peuvent vous aider à nourrir votre famille avec des aliments frais et sains.,,"\nImprimez un (http://otda.ny.gov/programs/applications/4826.pdf) formulaire de demande papier (https://www1.nyc.gov/site/hra/locations/snap-locations.page) , récupérez-en un dans un centre SNAP, ou appelez la permanence téléphonique de la HRA au 718 557 1399 pour demander l’envoi d’un formulaire de demande par voie postale.\nEnvoyez les demandes et les copies de vos documents par courrier postal à : Division of SNAP Services, Mail Application & Referral Unit (MARU) P.O. Box 24510 Brooklyn, NY, 11201",Déposer une demande en ligne,Food,Everyone,2024-08-09T11:01:56.000
Услуги в рамках программ Head Start предоставляются бесплатно и круглый год (по крайней мере восемь часов в день).,,,,Child care,NYCHA residents,2025-04-02T11:00:51.000
যোগ্য স্বাস্থ্য পরিকল্পনা Qualified Health Plan হল এমন এক ধরনেরস্বাস্থ্য বীমা পরিকল্পনা যেটিতে আপনি কভারেজ পাওয়ার জন্য প্রতি মাসেএকটি নির্দিষ্ট পরিমাণ অর্থ প্রদান করে থাকেন।,,"Medicaid এর কাছে মেইলের মাধ্যমে আবেদন করুন যদি আপনি হন:\n65 বছর বা তার বেশি বয়সী\nপ্রত্যয়িত অন্ধ\nপ্রত্যয়িত অক্ষম\nপ্রাতিষ্ঠানিক এবং নার্সিং হোম কেয়ার কভারেজ জন্য আবেদনকরেনআবেদনপত্র (https://www.health.ny.gov/forms/doh-4220.pdf) এবংসম্পূরক A ফর্মটি (https://www.health.ny.gov/forms/doh-5178a.pdf) সম্পূর্ণ করুন। আপনার আবেদন নিম্নলিখিত ঠিকানায় ডাকযোগে পাঠানMAP Initial Eligibility Unit PO Box 24390,Brooklyn, NY 11202:",অনলাইনে নথিভুক্ত করুন,Health,"Everyone,Immigrants",2024-10-04T11:01:07.000
ভাড়া সুস্থিত কর্মসূচি যোগ্য নিউ ইয়র্কবাসীদের নিজের বাড়িতে থাকতে সাহায্য করে,,"\n (https://www1.nyc.gov/assets/rentfreeze/downloads/pdf/drie/drie-initial-application-only.pdf) প্রাথমিক আবেদন প্রিন্ট করুন এবং এটিকে পূরণ করুন। এছাড়াও আপনি DRIE সহায়তা কেন্দ্র থেকে একটি বাছাই করতে পারেন বা 311 নম্বরে ফোন করে আপনার কাছে একটি আবেদন পাঠানোর অনুরোধ করতে পারেন।\nসহায়ক নথি সহ আপনার সম্পূর্ণ করা ও সই করা নথি ডাকযোগে পাঠান এই ঠিকানায়:Rent Freeze Program – DRIEP.O. Box 3179Union, NJ 07083",অনলাইনে আবেদন করুন,Housing,"Immigrants,People with disabilities, Seniors,Veterans",2022-03-23T11:01:35.000
Programy Head Start są bezpłatne i działają przez cały rok przez co najmniej osiem godzin dziennie.,,,,Child Care,NYCHA residents,2025-04-02T11:01:15.000
HEAP উপযুক্ত পরিবারগুলিকে তাঁদের গৃহগুলির উত্তাপ ব্যবস্থার মূল্য চোকাতে সাহায্য করে৷,,"2024-25 HEAP নিয়মিত সুবিধার (Regular Benefit) আবেদন গ্রহণের শেষ তারিখ ছিল7 এপ্রিল 2025। আবেদনপত্রটি (https://access-nyc-s3-uploads.s3.amazonaws.com/uploads/2023/11/LDSS-3421-Rev.-5-23.pdf) ডাউনলোডএবং সম্পূর্ণ করুন৷ আপনার আবেদন জমা দিতে, আপনি নিম্নলিখিতগুলির মধ্যে কোনো একটি করতে পারেন:\nআপনার আবেদন নিম্নলিখিত ঠিকানায় ডাকযোগে পাঠান:New York City Home Energy Assistance Program P.O. Box 1401, Church Street Station New York, NY, 10008\nআপনার আবেদনপত্রটি 917-639-2900 নম্বরে ফ্যাক্স করুন৷",অনলাইনে আবেদন করুন,Cash & Expenses,,2025-05-28T11:02:44.000
Rediksyon taks sou pwopriyete pou veteran ki kalifye ki te sèvi nan kèk konfli.,,"Aplikasyon yo dwe gen so lapòs sou yo anvan 15 mas pou avantaj ou an kòmanse 1ye jiyè nan menm ane a.\n (https://www1.nyc.gov/assets/finance/downloads/pdf/payment_operations/2020/veterans.pdf) Telechaje premye aplikasyon egzanpsyon an (https://a836-pts-access.nyc.gov/care/search/commonsearch.aspx?mode=address) epi ranpli li. Ou kapab rele 311 tou pou w fè yo voye youn ba ou pa lapòs.\nLè w ap aplike, ou ap bezwen minisipalite, blòk, ak pasèl (BBL) pou kay ou a. Itilize zouti Rechèch Adrès Pwopriyete a pou w jwenn enfòmasyon sa yo.\nRasanble dokiman ki obligatwa yo epi mete yo nan aplikasyon w lan. Nou pa p travay sou aplikasyon w lan san yo.\nVoye aplikasyon ou ranpli a ak dokiman obligatwa yo nan: New York City Department of Finance P.O.BOX 311 Maplewood, NJ 07040-0311",Aplike sou entènèt,Cash & expenses,"Veterans,Homeowners",2024-10-22T11:01:49.000
Usługi opieki nad dzieckiem i edukacji do 10 godzin dziennie.,,"\n (https://www1.nyc.gov/site/acs/early-care/forms.page) Pobierz wniosek w swoim języku. (http://www.nyc.gov/html/hra/html/services/job_centers.shtml) \nWypełnij go i odeślij pod adresem: NYC DOE Family Welcome Center 333 7th Ave 12th floor New York NY 10001Jeżeli otrzymujesz już świadczenia z Wydziału Zasobów Ludzkich (Human Resources Administration, HRA), możesz również złożyć wniosek we właściwym Centrum Dostępu do Świadczeń HRA (HRA Benefits Access Center).",Złóż wniosek online,Child Care,"Children (0-13),Families,Pregnant & new parents",2024-08-13T11:01:22.000
Qualified Health Plans صحت بیمہ کے ایسے منصوبے ہیں جن میں آپکوریج کے لیے ہر ماہ ایک مخصوص رقم ادا کرتے ہیں۔,,"اگر آپ ان میں سے ایک ہیں تو، ‏Medicaid‏ کے پاس بذریعہ ڈاکدرخواست دیں:\n65 سال یا اس سے زیادہ عمر کے\nسند یافتہ نابینا\nسند یافتہ معذور\nادارہ جاتی حیثیت رکھتے ہیں اور نرسنگ ہوم کیئر کی کوریج کیلئےدرخواست دے رہے ہیںدرخواست (https://www.health.ny.gov/forms/doh-4220.pdf) اورضمیمہ A فارم (https://www.health.ny.gov/forms/doh-5178a.pdf) مکمل کریں۔ اپنی درخواست اس پتے پر ڈاک سے بھیجیں: MAPInitial Eligibility Unit ,PO Box 24390 Brooklyn, NY11202",آن لائن اندراج کرائیں,Health,,2024-11-02T11:01:11.000
"« Section 8 » opłaca część czynszu dla rodzin o niskich i umiarkowanych dochodach, które chcą wynająć mieszkanie na rynku prywatnym.",,,,Housing,,2025-05-28T11:02:13.000
Inscrivez votre enfant à un programme Pre-K gratuit et à plein temps de qualité.,,,Faire une demande d’inscription au programme Pre-K,Education,"Children (0-13),Families,Immigrants,NYCHA residents,Students",2024-08-09T11:01:45.000
Un programme de gel des loyers visant à aider les New-Yorkais à conserver leur logement,,"\nImprimez une (https://www1.nyc.gov/assets/rentfreeze/downloads/pdf/scrie/scrie-initial-application-only.pdf) demande initiale (https://www1.nyc.gov/assets/hpd/downloads/pdfs/services/scrie-application.pdf) et remplissez-la. Vous pouvez aussi en prendre une au Centre d’assistance SCRIE ou appeler le 311 (mailto:SCRIE@hpd.nyc.gov) pour demander à ce qu’une demande vous soit envoyée par courrier postal.\nEnvoyez votre demande dûment remplie et signée accompagnée des pièces justificatives à l’adresse :Rent Freeze Program – SCRIEP.O. Box 3179Union, NJ 07083Si vous vivez dans un logement social Mitchell-Lama ou Redevelopment Company :\nTéléchargez la demande HPD SCRIE et envoyez-la par courrier postal à l’adresse :HPD SCRIE Unit100 Gold Street, 7th floor New York, New York, 10038\nVous pouvez également envoyer par courriel votre demande dûment remplie par courriel à l’adresse SCRIE@hpd.nyc.gov.",Déposez une demande en ligne,Housing,"People with disabilities,Older adults,Veterans",2024-11-01T11:01:37.000
আপনি কাজ করার সময় বা কাজের সন্ধান করার সময় শিশু পরিচর্যা বা প্রাপ্তবয়স্কদের নির্ভরশীল পরিচর্যার জন্য অর্থ প্রদান করে থাকলে টাকা ফেরত পান।,,"ফর্ম 1040 (https://www.irs.gov/pub/irs-pdf/f1040.pdf) অথবা (https://www.irs.gov/forms-pubs/about-form-1040-nr) ফর্ম 1040NR (https://www.irs.gov/pub/irs-pdf/f2441.pdf) পূরণ করুন, এবংফর্ম 2441অন্তর্ভুক্ত করুন।",অনলাইন ফাইল করুন (File online),Cash & Expenses,,2025-02-11T11:01:42.000
COMPASS NYC এর কিন্ডারগার্টেন থেকে শুরু করে 12 গ্রেডের শিক্ষার্থীদের জন্য শতাধিক কর্মসূচি আছে।,,,একটি স্কুল ছুটির পরের কার্যক্রম খুজুন,Enrichment,"Children (0-13),Students,Youth (10+)",2022-03-23T11:01:32.000
"현금 보조금은 임대료, 공과금 및 기타 비상 지출 비용 지불에 도움이 될 수 있습니다.",,\n (https://otda.ny.gov/programs/applications/2921-KO.pdf) 신청서를 인쇄 (http://www1.nyc.gov/site/hra/locations/job-locations.page) 해 작성하십시오.\n신청서를 HRA 혜택 접근 센터 (http://www1.nyc.gov/site/hra/locations/job-locations.page) 로 우편 발송하거나 서류 투입함(Drop Box)에 넣습니다.\n전화 인터뷰를 위해 연락을 받을 것입니다. 대면 인터뷰를 위해 HRA 혜택 접근 센터를 방문하실 수도 있습니다.,온라인 신청 또는 재인증,Cash & expenses,Everyone,2024-07-11T11:01:06.000
房主可以獲得學校財產稅的部分免除。,,如果您在申請的那一年年滿 65 歲，並且在 2015-16 年對您的財產獲得了 STAR 豁免，您可以申請 Enhanced STAR (E-STAR)。填妥「 (https://www1.nyc.gov/assets/finance/downloads/pdf/payment_operations/2020/star-to-estar.pdf) STAR 至 ESTAR」申請表 (https://www1.nyc.gov/site/finance/benefits/landlords-star.page) ，即可向紐約市財政局 (Department of Finance (https://www1.nyc.gov/assets/finance/downloads/pdf/payment_operations/2020/star_appl.pdf) ) 申請。如果您從 2015 年或之前就開始享有不動產的初級 STAR 豁免，並且已失去資格，您可以填寫 STAR 福利恢復 (STAR Benefit Restoration) 申請表來恢復 STAR 豁免。,線上申請,Cash & expenses,Homeowners,2024-10-22T11:01:38.000
"Программа освобождения от повышения арендной платы помогает жителям г. Нью-Йорка, которые соответствуют установленным критериям, избежать выселения",,"\nРаспечатайте (https://www1.nyc.gov/assets/rentfreeze/downloads/pdf/scrie/scrie-initial-application-only.pdf) первоначальную заявку (https://www1.nyc.gov/assets/hpd/downloads/pdfs/services/scrie-application.pdf) и заполните ее. Вы также можете получить форму в центре помощи SCRIE или позвонить по номеру 311, чтобы форму заявки выслали вам по почте.\nОтправьте заполненную и подписанную заявку с подтверждающими документами по адресу:Rent Freeze Program – SCRIEP.O. Box 3179Union, NJ 07083Если вы живете в домах программы Mitchell-Lama или компании по реконструкции жилых районов:\nСкачайте (mailto:SCRIE@hpd.nyc.gov) форму заявки HPD SCRIE и отправьте ее по адресу:HPD SCRIE Unit100 Gold Street, 7th floorNew York, New York, 10038\nВы также можете отправить заполненную заявку по адресу электронной почты: SCRIE@hpd.nyc.gov.",Подайте онлайн-заявку,Housing,"Immigrants,People with disabilities ,Seniors,Veterans",2022-03-23T11:02:22.000
اہل قرار یافتہ ان سابق فوجیوں کے لیے پراپرٹی ٹیکس کو کم کریں جنہوں نے مخصوص تصادم کے وقت خدمات انجام دیں۔,,"اسی سال 1 جولائی سے شروع ہونے والی آپ کی مراعات کے لیے درخواستوں پر 15 مارچ تک ڈاک کی مہر لازمی طور پر لگ جانی چاہیے۔\n (https://www1.nyc.gov/assets/finance/downloads/pdf/payment_operations/2020/veterans.pdf) ابتدائی چھوٹ کی ایپلیکیشن ڈاؤن لوڈ کریں (https://a836-pts-access.nyc.gov/care/search/commonsearch.aspx?mode=address) اور اسے پُر کریں۔ آپ 311 پر کال کر کے بھی کہہ سکتے ہیں کہ آپ کو ایک ایپلیکیشن ڈاک سے بھیج دی جائے۔\nدرخواست دیتے وقت، آپ کو اپنے گھر کے بورو، بلاک، اور لاٹ (BBL) کی ضرورت ہوگی۔یہ معلومات حاصل کرنے کے لیے پراپرٹی ایڈریس سرچ استعمال کریں۔\nاپنی مطلوبہ دستاویزات اکٹھی کریں اور انہیں اپنی درخواست کے ساتھ شامل کریں۔ ان کے بغیر آپ کی درخواست پر کارروائی نہیں کی جائے گی۔\nاپنی درخواست اور مطلوبہ دستاویزات کو مکمل کر کے اس پتہ پر ڈاک سے بھیج دیں:New York City Department of Finance P.O. BOX 311 Maplewood, NJ 07040-0311",آن لائن درخواست دیں,Cash & Expenses,"Veterans,Homeowners",2024-10-23T11:01:22.000
Les propriétaires peuvent obtenir une exonération partielle de leurs impôts fonciers scolaires.,,"Si vous avez 65 ans ou plus l'année de votre demande et que vous avez bénéficié d'une exemption STAR sur votre propriété en 2015-2016, vous pouvez demander une STAR améliorée (E-STAR). Postulez auprès du ministère des Finances de New York (https://www1.nyc.gov/site/finance/benefits/landlords-star.page) en remplissant le formulaire « (https://www1.nyc.gov/assets/finance/downloads/pdf/payment_operations/2020/star-to-estar.pdf) STAR to ESTAR (https://www1.nyc.gov/assets/finance/downloads/pdf/payment_operations/2020/star_appl.pdf) ».Si vous avez bénéficié d’une exemption STAR de base sur votre propriété depuis 2015 ou avant et que vous l’avez perdue, vous pouvez demander à la rétablir en remplissant la demande de rétablissement des prestations STAR.",Faire une demande en ligne,Cash & Expenses,Homeowners,2024-10-22T11:01:38.000
يسدد برنامج المادة 8 جزءًا من الإيجار للعائلات منخفضة الدخل ومتوسطة الدخل الراغبة في الاستئجار من سوق القطاع الخاص.,,,,Housing,,2025-05-28T11:01:32.000
"Obniżają podatki od nieruchomości dla kwalifikujących się weteranów, którzy służyli w określonych konfliktach zbrojnych.",,"Wnioski należy przesłać pocztą do 15 marca, aby świadczenie zaczęło przysługiwać od 1 lipca tego samego roku.\n (https://www1.nyc.gov/assets/finance/downloads/pdf/payment_operations/2020/veterans.pdf) Należy pobrać wstępny wniosek o zwolnienie (https://a836-pts-access.nyc.gov/care/search/commonsearch.aspx?mode=address) i wypełnić go. Można również zadzwonić pod numer 311, aby otrzymać wniosek pocztą.\nPrzy składaniu wniosku należy podać dzielnicę, blok i działkę (BBL), w której znajduje się dom. Należy skorzystać z wyszukiwarki adresów nieruchomości, aby uzyskać te informacje.\nNależy zebrać wymagane dokumenty i dołączyć je do wniosku. Bez nich Twój wniosek nie zostanie rozpatrzony.\nWypełniony wniosek oraz wymagane dokumenty należy wysłać na adres: New York City Department of Finance P.O.BOX 311 Maplewood, NJ 07040-0311",Złóż wniosek online,Cash & Expenses,"Veterans,Homeowners",2024-10-23T11:01:50.000
특정 분쟁 지역에서 복무한 자격 획득 재향군인의 재산세를 낮춰 드립니다.,,"그해 7월 1일부터 혜택을 받으려면 3월 15일까지 신청서에 소인이 찍혀 있어야 합니다.\n (https://www1.nyc.gov/assets/finance/downloads/pdf/payment_operations/2020/veterans.pdf) 최초 면제 신청서를 다운로드 (https://a836-pts-access.nyc.gov/care/search/commonsearch.aspx?mode=address) 하여 작성하십시오. 311번으로 전화를 걸어 우편으로 받을 수도 있습니다.\n신청 시 집에 대한 자치구, 블록 및 로트(BBL)가 필요합니다. 재산 주소 검색을 사용하여 정보를 확인하십시오.\n필수 제출 서류를 준비하고 신청서에 동봉하십시오. 서류가 없으면 신청서가 처리되지 않습니다.\n작성된 신청서와 필수 제출 서류를 우편으로 다음 주소로 보내주십시오. New York City Department of Finance P.O.BOX 311 Maplewood, NJ 07040-0311",온라인 신청,Cash & expenses,"Veterans,Homeowners",2024-10-23T11:01:22.000
Homeowners can get a partial exemption from school property taxes.,Caregiver,"If you get the Basic STAR exemption (as of 2015-16) and are now eligible for Enhanced STAR:\nIf you get the Basic STAR exemption as of 2015-16 and are now eligible for Enhanced STAR (E-STAR), you can apply through the Department of Finance with the (https://www1.nyc.gov/assets/finance/downloads/pdf/payment_operations/2020/star-to-estar.pdf) ""STAR to ESTAR"" application (https://www1.nyc.gov/assets/finance/downloads/pdf/payment_operations/2020/star_appl.pdf) \nApply by March 15 for the benefit to begin that year.If you want to restore your Basic STAR exemption:\nIf you got the Basic STAR exemption in 2015-16 but later lost the benefit, you can restore it through NYC Department of Finance. \nComplete the (https://www.tax.ny.gov/pit/property/star/) STAR Benefit Restoration application. Apply by March 15 for the benefit to begin that year.\nIf your combined income is $250,001-$500,000, you'll need to apply for the New York State STAR tax credit instead.",,Cash & expenses,Homeowners,2024-10-12T11:02:01.000
"Crédito fiscal con un valor de hasta $11,000 para las familias que califiquen, el padre/madre sin custodia y las personas que trabajan tiempo completo, tiempo parcial o de forma independiente.",,"Si presenta su declaración de impuestos por correo, necesitará estos formularios:\nFormulario 1040 (https://www.irs.gov/pub/irs-pdf/f1040.pdf) o (https://www.irs.gov/forms-pubs/about-form-1040-nr) Formulario 1040NR (https://www.irs.gov/pub/irs-pdf/f1040sei.pdf) para el EITC federal\nAnexo EIC (https://www.tax.ny.gov/pdf/current_forms/it/it215_fill_in.pdf) para la declaración federal, si tiene un hijo\nFormulario IT-215 (https://www.tax.ny.gov/pdf/current_forms/it/it215i.pdf) para el crédito del estado de Nueva York\nHoja de trabajo C en el formulario de instrucciones para IT-215 para el crédito del estado de Nueva York",Declaración en línea,Cash & expenses,,2025-02-06T11:01:52.000
ভাড়া স্থিরীকরণ কর্মসূচি যোগ্য নিউ ইয়র্কবাসীদের নিজের বাড়িতে থাকতে সাহায্য করে,,"\n (https://www1.nyc.gov/assets/rentfreeze/downloads/pdf/scrie/scrie-initial-application-only.pdf) প্রাথমিক আবেদন (https://www1.nyc.gov/assets/rentfreeze/downloads/pdf/scrie/translations/scrie-initial-packet_beng.pdf) প্রিন্ট করুন এবং এটিকে পূরণ করুন। এছাড়াও আপনি SCRIE সহায়তা কেন্দ্র থেকে একটি বাছাই করতে পারেন বা 311 (https://www1.nyc.gov/assets/rentfreeze/downloads/pdf/scrie/translations/scrie-initial-packet_beng.pdf) নম্বরে ফোন করে আপনার কাছে একটি আবেদন পাঠানোর অনুরোধ করতে পারেন।\nসহায়ক নথি সহ আপনার সম্পূর্ণ করা ও সই করা নথি ডাকযোগে পাঠান: (https://www1.nyc.gov/assets/rentfreeze/downloads/pdf/scrie/translations/scrie-initial-packet_beng.pdf) (https://www1.nyc.gov/assets/hpd/downloads/pdfs/services/scrie-application.pdf) Rent Freeze Program – SCRIEP.O. Box 3179Union, NJ 07083যদি আপনি Mitchell-Lama বা রিডেভেলপমেন্ট কোম্পানি ডেভেলপমেন্ট আবাসনে বাস করেন:\nHPD SCRIE আবেদন সম্পুর্ণ করুন এবং ইমেল করুন:HPD SCRIE Unit100 Gold Street, 7th floorNew York, New York, 10038\nএছাড়াও আপনি সম্পূর্ণ করা আবেদনটি এখানে পাঠাSCRIE@hpd.nyc.gov।ন",অনলাইনে আবেদন করুন,Housing,"Immigrants,People with disabilities, Seniors,Veterans",2022-03-23T11:02:17.000
يمكن للمساعدة النقدية مساعدتك في دفع الإيجار ومستحقات المرافق ونفقات الطوارئ الأخرى.,,\n (https://otda.ny.gov/programs/applications/2921-AR.pdf) اطبع الطلب (http://www1.nyc.gov/site/hra/locations/job-locations.page) وأكمله.\nأرسله بالبريد أو اتركه في صندوق الإيداع في مركز الوصول إلى مخصصات HRA. (http://www1.nyc.gov/site/hra/locations/job-locations.page) .\nسيتم التواصل معك لإجراء مقابلة هاتفية. يمكنك أيضًا زيارة مركز الوصول إلى مخصصات HRA لإجراء مقابلة شخصية.,تقدّم بطلب أو أعد إثبات أهليتك عبر الإنترنت,Cash & expenses,Everyone,2024-08-13T11:01:18.000
第 8 節為想要透過自由市場租屋的中低收入家庭補助部分租金。,,,,Housing,,2025-05-28T11:01:32.000
Пожилые люди могут получить частичное освобождение от уплаты налогов на недвижимость.,,"Заявления должны быть отправлены по почте (по дате на почтовом штемпеле) до 15 марта, чтобы выплата пособия началась с 1 июля того же года.\n (https://www1.nyc.gov/assets/finance/downloads/pdf/translations/sche_initial/sche-initial-rus.pdf) Загрузите и распечатайте заявление об освобождении (https://a836-pts-access.nyc.gov/care/search/commonsearch.aspx?mode=address) и заполните его. Также вы можете позвонить по номеру 311, чтобы запросить отправку бумажной копии вам на адрес.\nПри подаче заявления вам понадобится информация о районе, блоке и лоте (Borough-Block-Lot, BBL) вашего дома.Для получения этой информации воспользуйтесь поиском по адресу недвижимости.\nСоберите необходимые документы и приложите их к заявлению. Ваше заявление не будет рассмотрено без них.\nОтправьте заполненное заявление и необходимые документы на адрес: New York City Department of Finance Homeowner Tax Benefits P.O. Box 311 Maplewood, NJ 07040-0311",Подача заявки онлайн,Cash & expenses,"Older adults,Homeowners",2024-10-23T11:01:16.000
Jwenn yon ranbousman si w te peye pou gad timoun oswa pou gad adilt ki depandan pandan w ap travay oswa pandan w ap chèche travay.,,"RanpliFòm 1040 (https://www.irs.gov/pub/irs-pdf/f1040.pdf) oswa (https://www.irs.gov/forms-pubs/about-form-1040-nr) Fòm 1040NR (https://www.irs.gov/pub/irs-pdf/f2441.pdf) , epi enkliFòm 2441.",Ranpli anliy,Cash & expenses,,2025-02-11T11:02:03.000
ضريبة عقارية مخفضة لأصحاب المنازل من ذوي الاحتياجات الخاصة,,"\nقم بتنزيل طلب الإعفاء الأولي واملأه. يمكنك أيضًا الاتصال بالرقم 311 (http://webapps.nyc.gov:8084/CICS/fin1/find001I) لإرسال الطلب إليك بالبريد. سيُطلب منك تقديم المنطقة الإدارية والمجموعة وقطعة الأرض (BBL) الخاصة بمنزلك. يُمكنك استخدام بحث عنوان العقار(Property Address)  للإجابة على هذا السؤ\nال.اجمع المستندات اللازمة وقم بإرفاقها مع الطلب. لن يتم النظر في طلبك بدون هذه المستندات.\nأرسل طلبك مكتملاً والمستندات اللازمة إلى: New York City Department of Finance P.O.BOX 311 Maplewood, NJ 07040-0311\nيجب ختم الطلبات بختم البريد بحلول يوم 16 مارس للحصول على المزايا اعتباراً من يوم 1 يوليو من نفس العام.",التقدم بطلب عبر الإنترنت,Cash & expenses,"People with disabilities ,Homeowners",2024-10-22T11:01:28.000
Pwopriyetè kay yo kapab jwenn yon egzanpsyon sou taks pasyèl nan pwopriyete lekòl yo.,,"Si w ap gen 65 an oswa plis nan ane ou aplike a epi ou te gen yon egzanpsyon STAR sou pwopriyete w la nan 2015-16, ou ka aplike pou Enhanced STAR (E-STAR). Pou aplike nan Depatman Finans Vil New York (https://www1.nyc.gov/site/finance/benefits/landlords-star.page) , ranpli aplikasyon "" (https://www1.nyc.gov/assets/finance/downloads/pdf/payment_operations/2020/star-to-estar.pdf) STAR to ESTAR (https://www1.nyc.gov/assets/finance/downloads/pdf/payment_operations/2020/star_appl.pdf) "" la.Si ou te gen yon egzansyon Basic STAR sou pwopriyete ou a depi 2015 oswa anvan, epi ou te pèdi li depi lè sa a, ou ka ranpli aplikasyon STAR Benefit Restoration an pou aplike pou retabli egzansyon STAR lan.",Aplike sou entènèt,Cash & expenses,Homeowners,2024-10-22T11:01:39.000
Qualified Health Plan 是一項健康保險計畫，您每月須支付一定金額的保費。,,"如果您符合以下情況，則您可透過郵寄申請 Medicaid：\n年滿 65 歲\n經認定為眼盲\n經認定為殘障\n居住在照護機構中，並且正在申請療養院照護保險。填妥申請表 (https://www.health.ny.gov/forms/doh-4220.pdf) 和附表 A (https://www.health.ny.gov/forms/doh-5178a.pdf) 。 將申請表郵寄至： MAP Initial Eligibility Unit PO Box24390, Brooklyn, NY 11202",在線投保,Health,"Everyone,Immigrants",2024-10-04T11:01:28.000
SNAP 혜택은 신선하고 건강한 식료품을 가족에게 제공하는 데 도움을 줍니다.,,"\n (http://otda.ny.gov/programs/applications/4826-KO.pdf) 서면 신청서 (https://www1.nyc.gov/site/hra/locations/snap-locations.page) 를 인쇄하거나, SNAP 센터에서 가져가거나, HRA 인포라인(718-557-1399)에 연락해 서면 신청서를 우편으로 받으십시오.\n신청서 및 문서 사본을 우편으로 다음 주소에 보내십시오: Division of SNAP Services, Mail Application & Referral Unit (MARU) P.O. Box 24510 Brooklyn, NY 11201",온라인 신청,Food,Everyone,2024-08-09T11:01:28.000
"اہل قرار پانے والی فیملیز، غیر تولیتی والدین، اور ان افراد کے لیے ‎$11,000‏ تک کی مالیت کا ٹیکس کریڈٹ جو کل وقتی یا جز وقتی کام کرتے ہیں یا خود کا روزگار کرتے ہیں۔",,اگر اپنے ٹیکس میل کے ذریعے فائل کر رہے ہیں تو، آپ کو ان فارموں کی ضرورت ہوگی:\nوفاقی ‏EITC‏ کے لیے فارم ‎1040‏ (https://www.irs.gov/pub/irs-pdf/f1040.pdf) یا (https://www.irs.gov/forms-pubs/about-form-1040-nr) فارم ‎1040NR (https://www.irs.gov/pub/irs-pdf/f1040sei.pdf) \nاگر آپ کے پاس کوئی بچہ ہے، تو وفاقی ریٹرن کے لیے EIC شیڈول (https://www.tax.ny.gov/pdf/current_forms/it/it215_fill_in.pdf) کریں\nفارم IT-215 (https://www.tax.ny.gov/pdf/current_forms/it/it215i.pdf) برائے نیو یارک اسٹیٹ کریڈٹ\nنیو یارک سٹی کریڈٹ کے لیے IT-215 کی ہدایات کے فارم میں ورک شیٹ C۔,آن لائن فائل کریں,Cash & Expenses,,2025-02-06T11:01:55.000
প্রতিবন্ধী বাড়িমালিকদের জন্য কম সম্পত্তি কর,,"\n প্রাথমিক ছাড়ের আবেদন পত্র ডাউনলোড করু এবং সেটিকে পূরণ করুন। এছাড়াও আপনাকে আবেদন পত্র ডাকযোগে পাঠানোর জন্য 311 (https://a836-pts-access.nyc.gov/care/Search/Disclaimer.aspx?FromUrl=../search/commonsearch.aspx?mode=address) নম্বরে ফোন করতে পারেন।\nআপনার বাড়ির জন্য আপনাকে বরো, ব্লক, হোম এবং লট (BBL) প্রদান করতে বলা হবে। এটা নির্ধারণ করার জন্য আপনি সম (https://access.nyc.gov/wp-content/uploads/2017/12/DHE-InitialAppl_BE.pdf) পত্তি ঠিকানার অনুসন্ধান (https://access.nyc.gov/wp-content/uploads/2017/12/DHE-InitialAppl_BE.pdf) ব্যবহার করতে পারেন।\nআপনার প্রয়োজনীয় নথি একত্রিত করুন এবং আপনার আবেদনের সঙ্গে যুক্ত করুন। এগুলি ছাড়া আপনার আবেদন প্রক্রিয়া করা যাবে না।পূরণ করা আবেদনটি এবং সমস্ত প্রয়োজনীয় নথিপত্র এই ঠিকানায় ডাকে পাঠান: (https://access.nyc.gov/wp-content/uploads/2017/12/DHE-InitialAppl_BE.pdf) (http://www1.nyc.gov/site/finance/pay-now/person.page) New York City Department of FinanceP.O.BOX 311Maplewood, NJ 07040-0311\nসেই বছরের জুলাই 1লা থেকে সুবিধা পেতে আবেদন অবশ্যই 16ই মার্চের পোস্টমার্ক দিতে হবে।\nএছাড়াও আপনি ফাইন্যান্স বিজনেস সেন্টার বিভাগে সশরীরে এসে আবেদন করতে পারেন।",অনলাইনে আবেদন করুন,Cash & Expenses,"People with disabilities,Homeowners",2024-10-22T11:01:03.000
