program_description,how_to_apply_or_enroll_in,get_help_in_person,url_of_online_application,required_documents_summary,page_type,program_name
"Osoby niepełnosprawne będące właścicielami jednego do trzech domów, apartamentów, mieszkań spółdzielczych mogą dzięki DHE obniżyć podatek od nieruchomości dotyczący ich głównego miejsca zamieszkania. DHE zmniejsza podatek od nieruchomości o od pięciu do pięćdziesięciu procent. Obniżenie podatku od nieruchomości zależy od dochodów rodziny.",Wniosek można złożyć osobiście w Department of Finance Business Center (Centrum biznesowe Departamentu Finansów).,"Odwiedź biuroPomoc można uzyskać osobiście w Department of Finance Business Center (http://www1.nyc.gov/site/finance/pay-now/person.page) (Centrum biznesowe Departamentu Finansów) (poniedziałek - piątek, 08:30 - 16:30).",,"Osoby, które zechcą ubiegać się o DHE będą musiały udokumentować:\nStatus niepełnosprawności: jedna z poniższych pozycji dla właściciela:\nKopia dokumentu stwierdzającego niepełnosprawność z Social Security Administration;\nKopia dokumentu stwierdzającego niepełnosprawność z Railroad Retirement Board lub Amerykańskiego Urzędu Pocztowego\nKopia zaświadczenia z Komisji ds. osób niewidomych stanu Nowy Jork lub list z Urzędu Weteranów stwierdzający posiadanie uprawnień do renty dla weteranów.\nDochody: kopie federalnych zeznań podatkowych oraz harmonogramy/załączniki dla wszystkich właścicieli. Jeśli dowolny z właścicieli nie składa zeznania podatkowego, poświadczenie rocznych zarobków.\nPotrącenia: \nkopie pokwitowań zapłaconych, niezwróconych rachunków za usługi medyczne w roku, dla którego składana jest dokumentacja dotycząca dochodu lub\n \tkopia Harmonogramu A.",Program,Zwolnienie niepełnosprawnych właścicieli domów
"Le Crédit d’impôt pour la garde d’enfants et de personnes à charge vous rembourse jusqu’à 50 % des frais de garde d’un enfant ou d’un adulte à charge. Sur votre déclaration de revenus 2024, vous pouvez demander jusqu’à $3,000 pour le remboursement des frais de prestations de garde pour une personne admissible et $6,000 pour des prestations de garde de deux personnes admissibles ou plus.",Obtenez de l’aide gratuite pour remplir votre déclaration d’impôts en personne avecNYC Free Tax Prep (https://www1.nyc.gov/site/dca/consumers/file-your-taxes.page) ‎.,,{'url': 'https://www.getyourrefund.org/'},,Benefit,"Formulaire Crédit d’impôt pour la garde d’enfants et de personnes à charge (Child and Dependent Care Tax Credit, CDCC)"
"Les programmes Head Start offrent aux enfants de 3 à 4 ans un environnement sûr et positif pour apprendre, jouer et développer des compétences qui les préparent pour la maternelle et au-delà. Head Start fournit également des services de santé, de nutrition et autres aux enfants et à leurs familles.",Pour trouver un programme Head Start et déposer une demande d’inscription :\nRendez-vous sur MySchools (3-K) (https://www.myschools.nyc/en/schools/3k/) ou MySchools (Pre-K) (https://www.myschools.nyc/en/schools/pre-k/) .\nCliquez sur « More Filters » (plus de filtres). Sélectionnez la case « Head Start » dans « Year-Round 3-K / Pre-K Programs ».\nSaisissez l’adresse de votre domicile pour trouver des programmes proches de chez vous.\nContactez un programme susceptible de vous intéresser.,,,,Service,Head Start
"Les étudiants peuvent se joindre à des centaines de programmes extrascolaires gratuits à New York dans le cadre de COMPASS NYC. Les programmes COMPASS offrent de l'aide aux devoirs, des activités sportives, artistiques et bien plus encore. Ils sont gratuits et se trouvent partout en ville.","Pour inscrire votre enfant à un programme COMPASS NYC, contactez les membres du personnel des programmes extrascolaires de l'établissement scolaire de votre enfant.","En vous rendant dans l’établissement scolaire de votre enfantPour plus d’informations, venez rencontrer le personnel du programme périscolaire de l’établissement de votre enfant.",{'url': 'https://discoverdycd.dycdconnect.nyc/'},"Pour postuler, vous devrez fournir l'une des pièces d'identité suivantes pour votre enfant :\nCertificat de naissance\nCertificat de naturalisation\nActes de naissance officiels\nDossiers scolaires officiels\nPasseport\nIDNYC\nDossiers d'adoption\nBaptême ou autre certificat religieux",Program,NYC Ministère du développement de la jeunesse et de la communauté
EITC 為符合條件的家庭、非監護父母以及全職、兼職或自雇人員提供稅額抵免。 EITC 有聯邦、州和紐約市版本。,可透過紐約市免費報稅服務 (NYC Free Tax Prep) (https://www1.nyc.gov/site/dca/consumers/file-your-taxes.page) 獲得面對面的報稅協助。 國稅局 (IRS) 認證的 VITA/TCE 報稅志工可透過線上、面對面方式或者在您提交文件後協助您報稅。,,{'url': 'https://www.getyourrefund.org/'},,,所得稅抵免
يساعد DRIE المستأجرين المؤهلين من ذوي الإعاقة على البقاء في مساكن بأسعار ميسورة التكلفة من خلال تجميد قيمة الإيجار. ويدفع المستأجرون قيمة الإيجار المُجمَّدة. تتم تغطية الفرق بين قيمة الإيجار الفعلية وقيمة الإيجار المجمَّدة من خلال خصمٍ على الضرائب العقارية.,اعثر على مركز مساعدة لدى إدارة الشؤون المالية (https://www1.nyc.gov/site/rentfreeze/help/help-temporary-centers.page) بالقرب منك لتقديم طلبك. قد تحتاج إلى تحديد موعد لزيارة أحد المراكز.,,,لتقديم الطلب إلى DRIE، ستكون بحاجة لإثبات ما يلي:\nأنك تتلقى إعانة عجز مقبولة (وخطاب موافقة)\nعُمرك\nإيجارك\nدخلك ودخل جميع أفراد الأسرة الذين عاشوا في شقتك في السنة التقويمية قبل تقديم طلبك. على سبيل المثال، سيحتاج الطلب المقدم في 2018 إلى تضمين معلومات دخل الأسرة لعام 2017. يمكن أن يشمل إثبات الدخل، ضمن وثائق أخرى:\nالإقرارات الضريبية\nمخصصات الضمان الاجتماعي\nبيان 1099/W2,Program,إعفاء ذوي الإعاقة من زيادة الإيجار
"Head Start programs provide safe and positive environments for children age 3-4 to learn, play, and build the skills that get them ready for kindergarten and beyond. Head Start also provides health, nutrition, and other services to children and their families.",To find and apply to a Head Start program:\nGo to MySchools (3-k) (https://www.myschools.nyc/en/schools/3k/) or MySchools (Pre-K) (https://www.myschools.nyc/en/schools/pre-k/) .\nClick “More Filters”. Select the “Head Start” checkbox under “Year-Round 3-K / Pre-K Programs”.\nType in your home address to search for a program.\nContact a program that you're interested in.,,,,Service,Head Start
Su familia puede obtener dinero en efectivo si lo necesita. Muchas familias obtendrán los fondos en una tarjeta de débito que se puede usar en cualquier cajero automático o tienda donde se acepten tarjetas EBT. Es posible que algunas familias solo califiquen para recibir fondos directamente al arrendador.,"Visite un Centro de acceso a los beneficios de la HRA abierto (http://www1.nyc.gov/site/hra/locations/job-locations.page) para presentar una solicitud. Será de ayuda si trae una prueba de su identidad, de dónde vive, las personas que viven con usted y sus ingresos. Un empleado le dirá qué datos debe probar.",,{'url': 'https://a069-access.nyc.gov/ACCESSNYC/application.do'},"Para solicitar Asistencia en Efectivo deberá demostrar lo siguiente:\nSu identidad: una identificación con fotografía, licencia de conducir, pasaporte, certificado de naturalización o registros hospitalarios.\nDónde vive: una carta de su arrendador, un recibo de arrendamiento actual, alquiler o documentos de hipoteca.\nSus ingresos (de haberlos): recibos de pago actuales, registros comerciales, declaración de impuestos actual o una declaración de beneficios por desempleo.\nEstatus de ciudadanía o inmigración: su certificado de nacimiento, pasaporte estadounidense o registros del servicio militar.Revise la guía de (https://www1.nyc.gov/assets/hra/downloads/pdf/fia-1227a-spanish.pdf) documentos para Asistencia en Efectivo para saber qué más puede usar como comprobante.",Benefit,Ayuda económica
"Udział w programie Pre-K pomaga dzieciom w dobrym starcie w szkole i w życiu. Dzieci uczą się rozwiązywać problemy, zadawać pytania i poznawać otaczający świat, w bezpiecznej i troskliwej społeczności edukacyjnej.",Złóż wniosek w ośrodku pierwszego kontaktu dla nowo przybyłych rodzin (https://www.schools.nyc.gov/enrollment/enrollment-help/family-welcome-centers) (Family Welcome Center) w terminie od 10 stycznia do 1 marca 2024 roku.,"Odwiedź ośrodek pierwszego kontaktu dla nowo przybyłych rodzin Odwiedź ośrodek pierwszego kontaktu dla nowo przybyłych rodzin (http://nyc.gov/schools/welcomecenters) , aby dowiedzieć się więcej o programach przedszkolnych.",{'url': 'https://www.myschools.nyc/'},"Zobacz lista kontrolna rejestracji wstępnej (https://www.schools.nyc.gov/docs/default-source/default-document-library/pre-registration-checklist) aby dowiedzieć się więcej o dokumentach potrzebnych do wstępnej rejestracji dziecka i zaakceptowania jego oferty Pre-K. Aby zapoznać się z przetłumaczonymi kopiami listy kontrolnej, przejrzyj sekcję Dokumenty w Strona rejestracji Pre-K for All (https://www.schools.nyc.gov/enrollment/enroll-grade-by-grade/pre-k) .",Program,Pre-K dla wszystkich
"When filing taxes for 2024, families can claim this tax credit worth up to $2,000 for each qualifying child under 17 years old. Up to $1,700 is refundable, meaning you can get the money even if you don't owe any tax.",Get free tax filing help in person with NYC Free Tax Prep (https://www1.nyc.gov/site/dca/consumers/file-your-taxes.page) .,,{'url': 'https://www.getyourrefund.org/'},See a list of documents (https://www.nyc.gov/site/dca/consumers/file-your-taxes-documents.page) you'll need to file your taxes and claim the CTC.,Benefit,Child Tax Credit
"SNAP-এর মাধ্যমে মুদির জন্য অর্থ প্রদানে সহায়তা পান, যা আগে ফুড স্ট্যাম্প নামে পরিচিত ছিল। আপনি একটি ডেবিট কার্ডে অর্থ পাবেন যা অনেক মুদি দোকান ও কৃষকের বাজারে ব্যবহার করা যেতে পারে।","\nএকটি (https://otda.ny.gov/programs/applications/4826-BE.pdf) কাগজের আবেদনপত্র (https://www1.nyc.gov/site/hra/locations/snap-locations.page) প্রিন্ট করুন, কোনো SNAP কেন্দ্র (https://www1.nyc.gov/site/hra/locations/snap-locations.page) থেকে একটি সংগ্রহ করুন, অথবা আপনাকে একটি কাগজের আবেদনপত্র পাঠানোর জন্য 718-557-1399 (https://www1.nyc.gov/site/hra/partners/find-a-partner-organization.page) নম্বরে HRA Infoline-এ কল করুন।\nআপনার আবেদনপত্রের সাথে আপনাকে যে নথিগুলি অন্তর্ভুক্ত করতে হবে তা একত্রিত করুন।\nআপনার কাছাকাছির কোনো SNAP কেন্দ্রে আপনার সম্পূর্ণ করা আবেদনটি জমা করুন। আপনি সেই কেন্দ্রে আপনার নথিগুলির কপি তৈরি করতে পারেন।\nএছাড়াও আপনি আপনার আশেপাশের কোনো কমিউনিটি-ভিত্তিক সংস্থাতে (CBO) SNAP-এর জন্য আবেদন করতে পারেন। বিশেষজ্ঞরা আপনাকে আপনার আবেদনপত্র ও প্রয়োজনীয় নথিগুলি জমা দিতে সাহায্য করতে পারেন।",একটি SNAP সেন্টার বা কমিউনিটি অর্গানাইজেশনে যান ব্যক্তিগতভাবে সাহায্য পেতে কোনো SNAP কেন্দ্র (https://www1.nyc.gov/site/hra/locations/snap-locations.page) বা আপনার স্থানীয় কমিউনিটি-ভিত্তিক সংস্থাতে (https://www1.nyc.gov/site/hra/partners/find-a-partner-organization.page) (CBO) যান।,{'url': 'https://a069-access.nyc.gov/ACCESSNYC/application.do'},প্রমাণপত্র হিসেবে কি কি ব্যবহার করা যাবে তার বিশদ বিবরণের জন্য (https://www1.nyc.gov/assets/hra/downloads/pdf/fia-1227a-bengali.pdf) SNAP নথি নির্দেশিকা দেখুন।,Benefit,Supplemental Nutrition Assistance Program (পরিপূরক পুষ্টি সহায়তা প্রোগ্রাম)
DRIE معذور اہل قرار پانے والے کرایہ داروں کا کرایہ منجمد کر کے سستی رہائش میں رہنے میں مدد کرتا ہے۔ کرایہ دار منجمد کرایہ ادا کرتے ہیں۔ پراپرٹی ٹیکس کریڈٹ اصل کرایہ کی رقم اور منجمد کرایے کے درمیان فرق کا احاطہ کرتا ہے۔,درخواست دینے کیلئے اپنے نزدیک ایک محکمہ مالیات کا امدادی مرکز (https://www1.nyc.gov/site/rentfreeze/help/help-temporary-centers.page) تلاش کریں۔ آپ کو کسی سنٹر میں جانے کیلئے اپائنٹمنٹ لینا پڑ سکتا ہے۔,,,DRIE کے لیے درخواست دینے کے لیے آپ کو درج ذیل چیزوں کو ثابت کرنا ہو گا:\nآپ کو اہلیت کی بنیاد پر معذوری کا بینیفٹ (اور ایوارڈ لیٹر) موصول ہو رہا ہے\nآپ کی عمر\nآپ کا کرایہ \nاپنی درخواست جمع کرنے سے پہلے کیلینڈر سال میں آپ کی آمدنی اور آپ کے اپارٹمنٹ میں رہنے والے گھر کے تمام اراکین کی آمدنی۔ مثال کے طور پر، 2018 میں جمع کردہ درخواست کے لیے 2017 کی گھریلو آمدنی کی معلومات شامل کرنے کی ضرورت ہوگی۔ آمدنی کے ثبوت میں، دوسرے دستاویزات کے ساتھ درج ذیل شامل ہوسکتی ہیں:\nٹیکس ریٹرنس\nسوشل سیکیورٹی بینفٹس\n1099/W2 اسٹیٹمنٹ,Benefit,معذوری کی وجہ سے کرایہ میں اضافہ سے استثناء
"Uczniowie mogą przystąpić do jednego z setek bezpłatnych programów pozaszkolnych w Nowym Jorku poprzez program COMPASS NYC. Programy COMPASS oferują pomoc w pracach domowych, zajęcia sportowe, artystyczne i wiele innych. Programy są zapewniane bezpłatnie, a zajęcia odbywają się na terenie całego miasta.","Aby zapisać dziecko do programu COMPASS NYC, należy skontaktować się z personelem zajmującym się programem w szkole swojego dziecka.","Należy odwiedzić szkołę dzieckaNależy porozmawiać z pracownikami odpowiedzialnymi za program pozalekcyjny, aby dowiedzieć się więcej.",{'url': 'https://discoverdycd.dycdconnect.nyc/'},"Aby złożyć wniosek, musisz przedstawić jeden z następujących dowodów tożsamości dla swojego dziecka:\nAkt urodzenia\nCertyfikat naturalizacji\nOficjalne akta urodzenia\nOficjalne zapisy szkolne\nPaszport\nIDNYC\nEwidencja adopcyjna\nŚwiadectwo chrztu lub inne świadectwo religijne",Program,Kompleksowy system zajęć pozaszkolnych w Nowym Jorku
"Pwogram Premye Kòmansman yo ofri anviwònman san danje e pozitif pou timoun ki gen 3 a 4 lane yo aprann, jwe epi devlope konpetans k ap prepare yo pou kindègadenn e pou pi lwen. Premye Kòmansman ofri tou sèvis sante, nitrisyon, ak lòt sipò pou timoun yo ak fanmi yo.",Pou w jwenn yon pwogram Premye Kòmansman ak aplike pou li:\nAle sou MySchools (3-k) (https://www.myschools.nyc/en/schools/3k/) oswaMySchools (Pre-K) (https://www.myschools.nyc/en/schools/pre-k/) (sit entènèt lekòl).\nKlike sou “More Filters” (Plis filtè). Chwazi “Premye Kòmansman” ki anba “Year-Round 3-K / Pre-K Programs” (Pwogram 3-K / Pre-K pou tout ane).\nTape nan adrès akèy la pou chache yon pwogram.\nKontakte yon pwogram ou enterese ak li.,,,,Service,Premye Kòmansman
STAR는 뉴욕주 학군에 거주하며 자격 조건에 부합하는 주택 소유자의 재산세를 낮춰 드립니다.,,센터 방문내방하여 지원을 받으려면  (http://www1.nyc.gov/site/finance/about/contact-us.page) 센터를 찾으십시오.,{'url': 'https://a836-pts-efile.nyc.gov/SmartFile/Filing/FilingType/Info/NYC_STAR'},,Benefit,학교 세금 경감 프로그램
يساعد برنامج SCRIE المواطنين كبار السن المؤهلين (الذين لا تقل أعمارهم عن 62 عامًا على البقاء في مساكن ميسورة التكلفة عن طريق تجميد قيمة إيجاراتهم. ويدفع المستأجرون قيمة الإيجار المُجمَّدة. تتم تغطية الفرق بين قيمة الإيجار الفعلية وقيمة الإيجار المجمَّدة من خلال خصمٍ على الضرائب العقارية.,اعثر على مركز مساعدة لدى إدارة الشؤون المالية (https://www1.nyc.gov/site/rentfreeze/help/help-temporary-centers.page) بالقرب منك لتقديم طلبك. قد تحتاج إلى تحديد موعد لزيارة أحد المراكز.,,{'url': 'https://www1.nyc.gov/site/rentfreeze/tools/nyc-tap.page'},"للتقدم بطلب لـ SCRIE، يجب عليك إثبات ما يلي:\nعمرك,\nالإيجار (وثائق الإيجار السابقة والحالية - مثل عقود الإيجار، إلخ),\nدخلك ودخل جميع أفراد الأسرة الذين عاشوا في شقتك في السنة التقويمية قبل تقديم طلبك. على سبيل المثال، سيحتاج الطلب المقدم في 2018 إلى تضمين معلومات دخل الأسرة لعام 2017. يمكن أن يشمل إثبات الدخل، ضمن وثائق أخرى:\nالإقرارات الضريبية\nمخصصات الضمان الاجتماعي\nبيان\t1099/W2",Program,برنامج الإعفاء من زيادة الإيجار للمواطنين كبار السن
DRIE helps eligible tenants with disabilities stay in affordable housing by freezing their rent. This means tenants can keep paying what they were paying even if the landlord increases the rent. The landlord will get a property tax credit that covers the difference between the new and original rent amount.,Apply at a Department of Finance Assistance Center (https://www1.nyc.gov/site/rentfreeze/help/help-temporary-centers.page) . You may need to schedule an appointment.,,,"To apply for DRIE, you will need copies of documents that prove:\nWho you are (and your age)\nWhere you live (with rental amount)\nIncome - This includes your income and the income of all household members who lived in your apartment the year before you submit your application.\nThat you receive a qualifying disability benefit (and award letter)",Program,Disability Rent Increase Exemption
يسر إدارة التعليم في مدينة نيويورك أن تعلن أن الإفطار والغداء مجانيان تمامًا لجميع الطلاب في كل مدرسة عامة في مدينة نيويورك.,تحدث إلى منسق أولياء الأمور في مدرسة طفلك للحصول على مزيد من المعلومات.,,,,Program,SchoolFood
早期學習計畫提供免費或平價的托兒和教育服務，適用於六週至兩歲的兒童。 紐約市內有數百項計畫，為兒童提供安全且正向的學習環境。,\n透過 MySchools (https://www.myschools.nyc/en/schools/3k/) 尋找計畫。\n按一下「More Filters」（更多篩選器），並查看「EarlyLearn」（早期學習）下方的任何選項。\n然後，輸入您的住家地址，以尋找您附近的計畫。\n查閱計畫 工作人員會協助您完成申請。如果您已經在領取 HRA 福利，請到指定的 HRA 福利領取中心 (Benefits Access Center) (http://www.nyc.gov/html/hra/html/services/job_centers.shtml) 申請。,,,,Program,嬰幼兒
EarlyLearn প্রোগ্রাম ছয় সপ্তাহ থেকে দুই বছর বয়সী বাচ্চাদের জন্য নিখরচার বা স্বল্প মূল্যের শিশু পরিচর্যা এবং শিক্ষা প্রদান করে। নিউ ইয়র্ক সিটি জুড়ে শত শত প্রোগ্রাম রয়েছে যেগুলি নিরাপদ ও ইতিবাচক শিক্ষণের পরিবেশ প্রদান করে।,"\nMySchools (https://www.myschools.nyc/en/schools/3k/) -এ একটি প্রোগ্রাম খুঁজুন।\n""মোর ফিল্টার"" এ ক্লিক করুন এবং ""EarlyLearn"" -এরঅধীনে যেকোনও একটি বিকল্পে টিক চিহ্ন দিন।\nতারপর, আপনার নিকটবর্তী একটি প্রোগ্রাম খুঁজতে আপনার বাড়ির ঠিকানা টাইপ করুন।একটি প্রোগ্রাম দেখুন। কর্মীরা আপনাকে আবেদনটি সম্পূর্ণ করতে সাহায্য করবে।আপনি যদি ইতিমধ্যে HRA-এর সুবিধা লাভ করে থাকেন, তাহলে এর পরিবর্তে আপনার নির্ধারিত HRA সুবিধা অর্জন কেন্দ্রে (http://www.nyc.gov/html/hra/html/services/job_centers.shtml) আবেদন করুন।",,,,Program,শিশু এবং ছোট
Pre-K 프로그램은 아이들이 학교와 일상을 힘차게 시작하도록 지원합니다. 자녀는 안전하고 성장을 돕는 학습 커뮤니티에서 문제를 해결하고 질문하며 세상에 대해 알아가는 법을 배울 수 있습니다.,2024년 1월 10일부터 2024년 3월 1 일까지 패밀리 웰컴 센터 (https://www.schools.nyc.gov/enrollment/enrollment-help/family-welcome-centers) 에서 신청하십시오.,패밀리 웰컴 센터를 방문해주십시오 Pre-K 프로그램에 대한 자세한 정보를 원하시면 패밀리 웰컴 센터 (http://nyc.gov/schools/welcomecenters) 에 방문해주십시오.,{'url': 'https://www.myschools.nyc/ko/'},보기 사전 등록 체크리스트 (https://www.schools.nyc.gov/docs/default-source/default-document-library/pre-registration-checklist) 자녀를 사전 등록하고 유아원 제안을 수락하는 데 필요한 문서에 대해 자세히 알아보려면 체크리스트의 번역본은 문서 섹션을 참조하십시오. Pre-K for All 등록 페이지 (https://www.schools.nyc.gov/enrollment/enroll-grade-by-grade/pre-k) .,Program,Pre-K for All
"باستطاعة الأسر، عند تقديم الإقرارات الضريبية لعام 2024، المطالبة بهذا الخصم الضريبي بقيمة تبلغ 2,000 دولار بحد أقصى عن كل طفل مؤهل يقل عمره عن 17 عامًا. يمكن استرداد ما يصل إلى 1,700 دولار أمريكي، ويعني ذلك أنك يمكنك الحصول على المال حتى إذا لم تكن مطالبًا بسداد أي ضرائب.",يمكنك الحصول على مساعدة مجانية في تقديم الإقرار الضريبي بصورة شخصية من خلالالخدمة المجانية لإعداد الإقرارات الضريبية بمدينة نيويورك (NYC Free Tax Prep) (https://www1.nyc.gov/site/dca/consumers/file-your-taxes.page) .,,{'url': 'https://www.getyourrefund.org/'},راجع قائمة الوثائق (https://www.nyc.gov/site/dca/consumers/file-your-taxes-documents.page) التي ستحتاجها عند تقديم إقراراتك الضريبية والمطالبة بالائتمان الضريبي للطفل.,Benefit,الائتمان الضريبي للطفل:
SCHE بزرگوں کے پراپرٹی ٹیکس میں کمی کرتا ہے جو ایک سے تین گھروں، کونڈوز، یا کوپ اپارٹمنٹس کے مالک ہیں اور آمدنی کے تقاضوں کو پورا کرتے ہیں۔,محکمہ مالیات کے بزنس سنٹر (http://www1.nyc.gov/site/finance/pay-now/person.page) میں ذاتی طور پر جا کر درخواست دیں۔,,{'url': 'https://a836-pts-efile.nyc.gov/SmartFile/Filing/FilingType/Info/NYC_SCHE'},SCHE کے لیے درخواست دینے کے لیے آپ کو درج ذیل چیزوں کو ثابت کرنا ہو گا:\nآپ کی عمر: آپ کو سرکاری طور پر جاری شدہ آئی ڈی کی نقل کی ضرورت ہے\nآپ کی آمدنی: آپ کے وفاقی ٹیکس ریٹرنز اور تمام مالکان کے شیڈولز/اٹیچمنٹس کی نقول۔ \n آپ کی کٹوتیاں: \nجس سال کے لیے آپ آمدنی کا تعین جمع کروا رہے ہیں یا جب آپ نے اپنے شیڈول A کی نقل جمع کروائی اس سال سے آپ کے ادا کردہ، باز ادائیگی شدہ طبی بلوں کی رسیدوں کی نقول۔\nآپ کی درخواست پر منحصر ہے، آپ کو اعتماد کے معاہدے، وصیت یا دیگر قانونی دستاویزات کی ضرورت ہو سکتی ہے۔,Program,سینئر سٹیزن ہوم اونرز اگزیمپشن
"يرد إليك الائتمان الضريبي لرعاية الأطفال والمعالين ما يصل إلى 50% من تكلفة رعاية الطفل أو المعول البالغ. يمكنكم، عند تقديم إقراركم الضريبي لعام 2024، المطالبة بمبلغ يصل إلى 3,000$ مقابل نفقات الرعاية لفرد واحد من المستحقين و6,000$ عن كل فردين أو أكثر من المستحقين.",يمكنك الحصول على مساعدة مجانية في تقديم الإقرار الضريبي بصورة شخصية من خلالالخدمة المجانية لإعداد الإقرارات الضريبية بمدينة نيويورك (NYC Free Tax Prep) (https://www1.nyc.gov/site/dca/consumers/file-your-taxes.page) .,,{'url': 'https://www.getyourrefund.org/'},,Benefit,الائتمان الضريبي لرعاية الأطفال والمعالين
"Получите помощь в оплате продуктов питания от программы SNAP, ранее известной как программа выдачи продовольственных талонов. Средства зачисляются на дебетовую карту, которую можно использовать во многих продуктовых магазинах и на фермерских рынках.","\nРаспечатайте (https://otda.ny.gov/programs/applications/4826-RU.pdf) бумажное заявление (https://www1.nyc.gov/site/hra/locations/snap-locations.page) , заберите его в центре SNAP (https://www1.nyc.gov/site/hra/locations/snap-locations.page) или позвоните в справочную службу HRA по номеру 718-557-1399 (https://www1.nyc.gov/site/hra/partners/find-a-partner-organization.page) , чтобы получить бумажное заявление по почте.\nСоберите документы, которые вам нужно будет приложить к вашему заявлению.\nОтправьте заполненное заявление в ближайший центр SNAP. Вы можете сделать копии своих документов в центре.\nВы также можете подать заявление на участие в программе SNAP в офисе местной общественной организации (Community-Based Organization, CBO). Специалисты помогут вам подать заявление и собрать необходимые документы.","Посетите центр SNAP или офис местной общественной организации Посетите центр SNAP (https://www1.nyc.gov/site/hra/locations/snap-locations.page) или офис местной общественной организации (https://www1.nyc.gov/site/hra/partners/find-a-partner-organization.page) (Community-Based Organization, CBO), чтобы получить помощь лично.",{'url': 'https://a069-access.nyc.gov/ACCESSNYC/application.do'},"В (https://www1.nyc.gov/assets/hra/downloads/pdf/fia-1227a-russian.pdf) инструкциях по документам для программы SNAP описано, какие еще документы можно представить в качестве подтверждения.",Benefit,Supplemental Nutrition Assistance Program
SCHE lowers the property taxes of eligible seniors. You may be able to reduce your home's assessed value by 5-50% depending on your income.,Apply in person at aDepartment of Finance Business Center (http://www1.nyc.gov/site/finance/pay-now/person.page) .,,{'url': 'https://a836-pts-efile.nyc.gov/SmartFile/Filing/FilingType/Info/NYC_SCHE'},"To apply for SCHE you will need to prove the following:\nYour age: you need a copy of a government-issued ID\nYour income: copies of federal tax returns and additional forms (schedules) for all owners. If any owners do not file a tax return, provide proof of yearly earnings.\nYour deductions:\nCopies of receipts for your paid medical bills not covered by insurance for your income documentation year, OR\nCopy of your Schedule A\nDepending on your application, you may need a trust agreement, will, or other legal documents.",Program,Senior Citizen Homeowners' Exemption
SCRIE는 자격이 있는 62세 이상 고령자가 임대료 동결을 통해 저렴한 거주지에 머물 수 있도록 돕습니다. 세입자는 동결된 임대료를 지급합니다. 부동산 세금 공제액을 통해 실제 임대료와 동결된 임대료의 차액을 해결합니다.,신청을 위해 가까운재무 지원 센터 부서(Department of Finance Assistance Center) (https://www1.nyc.gov/site/rentfreeze/help/help-temporary-centers.page) 를 찾아보십시오. 센터 방문 예약을 해야 할 수 있습니다.,,{'url': 'https://www1.nyc.gov/site/rentfreeze/tools/nyc-tap.page'},"SCRIE를 신청하려면 다음 내용을 증빙해야 합니다.\n자신의 연령,\n자신의 임대료(과거 및 현재 임대료 문서, 예: 임대 계약서 등),\n신청서를 제출하기 전년도(역년 기준)에 해당하는 본인(신청자)의 소득과 신청자 아파트에 거주한 가족 구성원 전원의 소득입니다. 예를 들어, 2018년에 대하여 신청서를 제출하는 경우 2017년의 가계 소득 정보를 포함해야 합니다. 소득 증빙 자료에는 다양한 서류가 포함될 수 있으며, 대표적인 예를 들면 다음과 같습니다.\n소득 신고서\n사회보장 수당\n1099/W2 명세서",Program,노령자 임대료 인상 면제
SCRIE ayuda a los ciudadanos elegibles mayores de 62 años a permanecer en viviendas económicas congelando su renta. Los inquilinos pagan la renta congelada. Un crédito de impuesto inmobiliario cubre la diferencia entre la renta real y la congelada.,Encuentre un Centro de Asistencia del Departamento de Finanzas (Department of Finance Assistance Center) (https://www1.nyc.gov/site/rentfreeze/help/help-temporary-centers.page) cerca de usted para presentar su solicitud. Deberá programar una cita en un centro.,,{'url': 'https://www1.nyc.gov/site/rentfreeze/tools/nyc-tap.page'},"Para solicitar la SCRIE, deberá comprobar lo siguiente:\nSu edad,\nSu renta (documentos de renta actuales y anteriores; p. ej. contratos de renta, etc.),\nSus ingresos y los de todos los integrantes del hogar que vivieron en su apartamento durante el año calendario anterior a la presentación de su solicitud. Por ejemplo, una solicitud presentada en 2018 deberá incluir información de los ingresos del hogar durante el año 2017. La prueba de ingresos puede incluir, entre otros documentos:\nDeclaraciones de impuestos\nBeneficios de Seguro Social\nDeclaración 1099/W2",Program,Exención del Aumento del Alquiler para Ciudadanos de Edad Avanzada
섹션 8은 민간 시장에서 임대하기를 원하는 중저소득층 가정을 위해 임대료 일부를 지급합니다. 이 프로그램의 수혜 자격은 가족의 소득과 가족 규모를 기준으로 선정합니다. 일반적으로 가족은 월 소득의 40% 이상을 임대료로 지급하지 않습니다. NYCHA는 재산 소유주에게 나머지 금액을 지급합니다.,,사무소를 방문해주십시오 고객 문의 센터를 방문해일정을 예약해 주십시오. (https://wb-nycha.qmatic.cloud/),,,,섹션 8 - 주택 선택 바우처 프로그램
Le DRIE aide les locataires en situation de handicap admissibles à rester dans un logement abordable avec un gel des loyers. Les locataires paient le montant gelé du loyer. Un crédit d’impôt immobilier couvre la différence entre le montant réel du loyer et le montant gelé du loyer.,Trouvez un Centre d’assistance du ministère des Finances (Department of Finance Assistance Center) (https://www1.nyc.gov/site/rentfreeze/help/help-temporary-centers.page) près de chez vous pour déposer une demande. Vous pouvez avoir besoin de prendre rendez-vous pour vous rendre dans un centre.,,,"Pour déposer votre demande auprès de DRIE, vous aurez besoin de prouver les éléments suivants :\nVous recevez des prestations d'invalidité admissibles (copie de l'avis d'octroi)\nVotre âge\nVotre loyer\nVos revenus ainsi que les revenus de tous les membres du foyer vivant dans votre appartement au cours de l’année calendaire précédant votre demande. Par exemple, une demande soumise en 2018 devrait inclure les renseignements sur les revenus du foyer pour 2017. Justificatifs de revenus possibles :\nDéclarations de revenus\nAllocations de Sécurité sociale\nDéclaration 1099/W2",Program,Exemption à l’augmentation des loyers des personnes handicapées
"HEAP ede fwaye ki pa gen anpil revni yo konble depans pou chofaj lakay yo. Avantaj la kapab peye pou gaz, sous sèvis piblik ou yo, ak ranplasman epi reparasyon ekipman chofaj. Nou peye founisè chofaj oswa konpayi sèvis piblik la avantaj la dirèkman. Ou kapab jwenn HEAP menmsi chofaj ou a antre nan lwaye w.",Ou ka aplike an pèsòn pou tout konpozan HEAP yo lè w vizite yonBiwo HEAP la (https://otda.ny.gov/programs/heap/contacts/default.asp?county=New%20York%20City#result) .,,{'url': 'https://a069-access.nyc.gov/accesshra/'},,,Pwogram Èd pou Enèji nan Kay
"Twoja rodzina może otrzymać pieniądze, gdy znajdzie się w potrzebie. Wiele rodzin otrzyma środki na kartę debetową, której będzie można używać w dowolnym bankomacie lub sklepie przyjmującym karty EBT. Niektóre rodziny mogą kwalifikować się tylko do bezpośredniej zapłaty na rzecz właściciela nieruchomości.","Aby złożyć wniosek, odwiedź otwarte Centrum dostępu do świadczeń HRA (http://www1.nyc.gov/site/hra/locations/job-locations.page) . W celu ułatwienia można przynieść swój dowód osobisty, przekazać informacje na temat miejsca zamieszkania, osób w gospodarstwie domowym oraz swoich dochodów. Pracownik wyjaśni, które dowody są wymagane.",,{'url': 'https://a069-access.nyc.gov/ACCESSNYC/application.do'},"Osoby, które zechcą ubiegać się o pomoc pieniężną będą musiały udokumentować:\nswoją tożsamość, okazując np. dokument tożsamości ze zdjęciem, prawo jazdy, paszport, świadectwo naturalizacji lub dokumentację ze szpitala;\nmiejsce zamieszkania, okazując np. oświadczenie właściciela lokalu, aktualny rachunek za czynsz, dokument najmu lub kredytu hipotecznego;\ndochody (jeśli są), okazując np. ostatni odcinek wypłaty, dokumentację działalności gospodarczej, aktualne zeznanie podatkowe lub oświadczenie o świadczeniach z tytułu ubezpieczenia od bezrobocia;\nobywatelstwo lub status imigracyjny, okazując np. akt urodzenia, paszport amerykański lub dokumentację służby wojskowej.Dalsze informacje o innych dokumentach potwierdzających, jakie można przedstawić są dostępne w (https://www1.nyc.gov/assets/hra/downloads/pdf/fia-1227a-polish.pdf) poradniku dotyczącym dokumentów do pomocy pieniężnej.",Benefit,Pomoc pieniężna (Cash Assistance)
"La Sección 8 paga parte del alquiler para familias de ingresos bajos y moderados que quieran alquilar en el mercado privado. La elegibilidad para este programa se basa en los ingresos y el tamaño de la familia. Por lo general, las familias no pagarán más del 40% de sus ingresos mensuales como parte del alquiler. La NYCHA paga el resto al dueño de la propiedad.",,"Visite una sedeAgende una cita (https://wb-nycha.qmatic.cloud/) para visitar un Centro de atención al cliente (Customer Contact Center, CCC).",,,,Sección 8: Vales de elección de vivienda
"Enrollment for 2026 Qualified Health Plans are open now until January 31, 2026 through NY State of Health",Get help enrolling through a (https://nystateofhealth.ny.gov/agent/hx_brokerSearch?fromPage=INDIVIDUAL) health insurance assistor.,,{'url': 'https://nystateofhealth.ny.gov/'},,Program,Qualified Health Plans
"적격 건강 플랜은 매달 일정 금액을 지불하고 보장을 받는 민간 건강 보험 플랜입니다.본인부담금,공제금, 공동보험료 (https://www.nyc.gov/site/ochia/coverage-care/insurance-a-z.page#C) 등 본인이 부담해야 하는 비용도 있습니다.",(https://nystateofhealth.ny.gov/agent/hx_brokerSearch?fromPage=INDIVIDUAL) 건강 보험 상담원을 통해 가입하는 데 도움을 받으십시오.,,{'url': 'https://nystateofhealth.ny.gov/'},"공공 건강보험 플랜에 가입하려면 다음이 필요합니다.\n적법한 이민 상태를 나타내는 시민권/이민 서류\n소셜 시큐리티 번호(Social Security Number, SSN)\n신청하는 모든 가구 구성원의 생년월일\n현재 고용 정보\n가구 소득",Benefit,Qualified Health Plans
"New York City students can join free afterschool programs that offer homework help, sports, arts, and more. Hundreds of programs are located all over the City.","To enroll your child in a COMPASS NYC program, contact the afterschool program staff at your child’s school.",Visit your child's school Speak with an afterschool program staff person at your child's school for more information.,{'url': 'https://discoverdycd.dycdconnect.nyc/'},"To apply, you will need to provide one of the following proofs of identity for your child:\nBirth certificate\nNaturalization certificate\nOfficial birth records\nOfficial school records\nPassport\nIDNYC\nAdoption records\nBaptismal or another religious certificate",Program,Comprehensive After School System of NYC
Votre famille peut recevoir de l’argent si vous êtes dans le besoin. De nombreuses familles recevront les fonds sur une carte de débit qui peut être utilisée dans n’importe quel distributeur automatique ou magasin acceptant les cartes de transfert électronique des prestations sociales (EBT). Certaines familles ne sont admissibles qu’au versement direct des fonds à leur propriétaire.,"Rendez-vous dans un Centre d’accès aux allocations de la HRA (http://www1.nyc.gov/site/hra/locations/job-locations.page) ouvert pour déposer une demande. Il serait utile que vous fournissiez des justificatifs concernant votre identité, votre lieu de domicile, les personnes avec lesquelles vous partagez votre foyer et vos revenus. Un⸱e conseiller⸱ère vous précisera quels justificatifs vous devez présenter.",,{'url': 'https://a069-access.nyc.gov/ACCESSNYC/application.do'},"Pour faire une demande d'Aide financière, vous aure besoin de prouver les éléments suivants :\nVotre identité : il peut s'agir d'une pièce d'identité avec photo, de votre permis de conduire, de votre passeport, d'un certificat de naturalisation ou de dossiers médiaux d'hôpital.\nVotre logement : il peut s'agir d'une déclaration de votre propriétaire, d'un reçu de loyer actuel, d'un bail ou de dossiers d'hypothèque.\nVotre revenu (le cas échéant) : il peut s'agir d'un talon de paie, de documents professionnels, d'une déclaration de revenus actuelle ou d'une déclaration de Régime d'assurance chômage.\nVotre statut de citoyenneté ou d'immigration : il peut s'agir d'un certificat de naissance, d'un passeport américain ou de dossiers de service militaire.Consultez le document guide de l' (https://www1.nyc.gov/assets/hra/downloads/pdf/fia-1227a-french.pdf) Aide financière pour voir les autres types de documents que vous pouvez utiliser à titre de justificatifs.",Benefit,Aide financière en espèces (Cash Assistance)
SCRIE 計畫藉由凍結租金，協助符合資格的 62 歲及以上的年長公民居住於可負擔的住宅。承租人支付凍結租金。不動產抵減稅額負擔實際租金以及凍結租金之間的差額。,尋找離您最近的財政部協助中心 (https://www1.nyc.gov/site/rentfreeze/help/help-temporary-centers.page) 以進行申請。您可能需要預約才能造訪中心。,,{'url': 'https://www1.nyc.gov/site/rentfreeze/tools/nyc-tap.page'},若要申請 SCRIE，您需要提供以下資訊：\n您的年齡\n您的房租金額 (先前及目前的租屋文件 - 例如租約等)\n 提交申請之前，您必須列出您的收入以及在日曆年度期間與您一同居住的所有家庭成員的收入。例如，在 2018 年提交的申請可能需要包含 2017 年的家庭收入資訊。收入證明可能包含其他文件：\n報稅表\n社會安全福利金\n1099/W2 聲明,Program,老年公民租金上漲豁免
"Andikape ki gen youn (1) a twa (3) kay, apatman prive, oswa apatman an komen, kapab jwi yon diminisyon enpo fonsye sou rezidans prensipal yo a gras ak Egzansyon pou Pwopriyetè Andikape (Disabled Homeowners Exemption (DHE)). Egzansyon pou Pwopriyetè Andikape (Disabled Homeowners Exemption (DHE)) fè yon rediksyon ant senk (5) a senkant (50) pousan sou enpo fonsye. Rediksyon sou enpo fonsye a depann de revni fanmi an.",Aplike fas-a-fas nan yon Sant Biznis Department of Finance.,Vizite yon biwoVizite yon Sant Biznis (https://access.nyc.gov/locations/?lat=6864) Department of Finance (lendi jiska vandredi 8:30 a.m. Jiska 4:30 p.m.) pou jwenn èd fas-a-fas.,{'url': 'https://a836-pts-efile.nyc.gov/SmartFile/Filing/FilingType/Info/NYC_DHE'},"Pou aplike pou DHE w ap bezwen pwouve bagay sa yo:\nSitiyasyon andikap ou: Youn nan bagay sa yo:\nKopi lèt Atribisyon Avantaj Andikap nan Administrasyon Sekirite Sosyal (Social Security Administration) la\nKopi lèt Atribisyon Avantaj Andikap nan Komisyon Konsèy Retrèt Chemennfè (Railroad Retirement Board) an oswa nan Sèvis Lapòs Etazini (U.S Postal Service)\nKopi Sètifika nan Komisyon Eta New York pou Avèg yo, oswa yon lèt Administrasyon Veteran (Veterans Administration) ki deklare ke ou gen dwa pou yon pansyon pou enfimite veteran.\nRevni ou: kopi deklarasyon taks federal ou ak rejim fiskal/atachman pou tout pwopriyetè. Si tout pwopriyetè pa depoze deklarasyon sou taks, prèv kantite revni yo fè chak ane.\nDediksyon ou yo: \nKopi resi bòdwo yo ou peye, bòdwo medikal ki pa ranbouse nan ane ke ou ap soumèt dokiman revni oswa \nsoumèt yon kopi Anèks A ou.",Program,Egzanpsyon Pwopriyetè Kay Andikape
"The EITC is a tax credit for qualifying families, noncustodial parents, and individuals who work full time or part time or are self-employed. There are federal, state, and New York City versions of the EITC.","Get in-person tax filing help throughNYC Free Tax Prep (https://www1.nyc.gov/site/dca/consumers/file-your-taxes.page) . IRS-certified VITA/TCE volunteer preparers can help you file in person, or after you drop off your documents.",,{'url': 'https://www.getyourrefund.org/'},See a list of documents (https://www.nyc.gov/site/dca/consumers/file-your-taxes-documents.page) you'll need to file your taxes and claim the EITC.,Benefit,Earned Income Tax Credit
"Los estudiantes pueden unirse a uno de los cientos de programas extracurriculares gratuitos de la Ciudad de New York a través de COMPASS NYC. Los programas de COMPASS pueden ofrecer ayuda con las tareas, así como deportes, artes y más. Son gratuitos y están ubicados en toda la ciudad.","Para inscribir a su hijo en un programa de COMPASS NYC, comuníquese con el personal del programa de la escuela de su hijo.",Visite la escuela de su hijoHable con el personal del programa extracurricular de la escuela de su hijo para obtener más información.,{'url': 'https://discoverdycd.dycdconnect.nyc/'},"Para presentar una solicitud, deberá proporcionar una de las siguientes pruebas de identidad de su hijo:\nCertificado de nacimiento\nCertificado de naturalización\nRegistros oficiales de nacimiento\nRegistros oficiales de la escuela\nPasaporte\nIDNYC\nRegistros de adopción\nCertificado de bautismo u otro certificado religioso",Program,Sistema Integral Extracurricular de la Ciudad de Nueva York
"Przy wypełnianiu zeznań podatkowych za 2024 rok rodziny mogą ubiegać się o tę ulgę podatkową o wartości do $2,000 za każde kwalifikujące się dziecko w wieku poniżej 17 lat. Kwota do $1,700 podlega zwrotowi, co oznacza, że możesz otrzymać pieniądze, nawet jeśli podatek nie jest należny.",Uzyskaj bezpłatnie osobistą pomoc w wypełnieniu zeznania podatkowego w ramachbezpłatnego sporządzania deklaracji podatkowych (Free Tax Prep) w mieście Nowy Jork (https://www1.nyc.gov/site/dca/consumers/file-your-taxes.page) .,,{'url': 'https://www.getyourrefund.org/'},"Zapoznaj się z listą dokumentów (https://www.nyc.gov/site/dca/consumers/file-your-taxes-documents.page) , których będziesz potrzebować do złożenia zeznania podatkowego lub ubiegania się o CTC.",Benefit,"Świadczenie z tytułu ulgi podatkowej na dziecko (Child Tax Credit, CTC)"
"兒童和受撫養人照護稅額抵免可報銷照顧兒童或成年受撫養人之該費用的 50%。 在您的 2024 年報稅表上，您可以為一名合資格人員的護理費用申報最高 $3,000 的照護費用，兩名以上合資格人員的照護費用最高可申報 $6,000。",可透過紐約市免費報稅服務 (NYC Free Tax Prep) (https://www1.nyc.gov/site/dca/consumers/file-your-taxes.page) 獲得免費的面對面報稅協助。,,{'url': 'https://www.getyourrefund.org/'},,Benefit,子女及受撫養人照護稅額抵免
使用 SNAP（以前被稱為食物券）來幫助支付食品雜貨 您將通過借記卡獲得資金，该借記卡可在許多雜貨店和農貿市場使用。,"\n列印 (http://otda.ny.gov/programs/applications/4826-CH.pdf) 紙本申請表 (https://www1.nyc.gov/site/hra/locations/snap-locations.page) ，從 SNAP 中心 (https://www1.nyc.gov/site/hra/locations/snap-locations.page) 領取表格，或者撥打 HRA 資訊熱線 718-557-1399 (https://www1.nyc.gov/site/hra/partners/find-a-partner-organization.page) 要求郵寄紙本申請表。\n備齊需附於申請表一併繳交的文件。\n前往您附近的 SNAP 中心提交填妥的申請表。 您可以在 SNAP 中心影印文件。\n您也可以在附近的社區型組織 (Community-based Organization, CBO) 申請 SNAP。 屆時將有專員協助您繳交申請表及必要文件。","前往 SNAP 中心或社區組織 親自前往 SNAP 中心 (https://www1.nyc.gov/site/hra/locations/snap-locations.page) 或當地社區型組織 (https://www1.nyc.gov/site/hra/partners/find-a-partner-organization.page) (Community-Based Organization, CBO) 尋求協助。",{'url': 'https://a069-access.nyc.gov/ACCESSNYC/application.do'},使用 (https://www1.nyc.gov/assets/hra/downloads/pdf/fia-1227a-chinese-traditional.pdf) SNAP 文件指南瞭解您可以使用哪些證明文件。,Benefit,Supplemental Nutrition Assistance Program
"Pre-K programs help children get a strong start in school and life. Your child can learn to problem-solve, ask questions, and explore the world around them in a safe, nurturing learning community.","Apply at a Family Welcome Center (https://www.schools.nyc.gov/enrollment/enrollment-help/family-welcome-centers) from January 15, 2025 to February 28, 2025.",,{'url': 'https://www.myschools.nyc/'},View the pre-registration checklist (https://www.schools.nyc.gov/docs/default-source/default-document-library/pre-registration-checklist) to learn more about the documents you need to pre-register your child and accept their Pre-K offer.,Program,Pre-K
"Ваша семья может получить денежную помощь, если Вы в ней нуждаетесь. Многим семьям средства зачисляются на дебетовую карту, которой можно воспользоваться в любом банкомате или магазине, где принимают карты EBT. Некоторые семьи могут претендовать только на выплату средств непосредственно их арендодателю.","Для подачи заявления посетите Центр получения пособий HRA (http://www1.nyc.gov/site/hra/locations/job-locations.page) . Подать заявление будет легче, если вы возьмете с собой удостоверение личности, документ, подтверждающий место жительства, сведения о проживающих с вами лицах, а также справку о доходах. Сотрудник учреждения сообщит вам, что именно вы должны подтвердить.",,{'url': 'https://a069-access.nyc.gov/ACCESSNYC/application.do'},"Чтобы подать заявление на получение денежного пособия, вы должны подтвердить следующее:\nВашу личность: предъявите, например, удостоверение личности с фотографией, водительское удостоверение, паспорт, свидетельство о натурализации или документы о госпитализации.\nВаше место жительства: предъявите, например, заявление от вашего домовладельца, текущую квитанцию об оплате арендной платы, договор аренды или документы об ипотечном кредитовании.\nВаш доход (если имеется): предъявите, например, недавнюю квитанцию о начислении заработной платы, документы о деловых операциях, текущую налоговую декларацию или справку о выплате пособия по безработице.\nГражданство или иммиграционный статус: предъявите, например, ваше свидетельство о рождении, паспорт гражданина США или документы о военной службе.В (https://www1.nyc.gov/assets/hra/downloads/pdf/fia-1227a-russian.pdf) инструкциях по документам для получения денежного пособия описано, какие еще документы можно представить в качестве подтверждения.",Benefit,Денежное пособие (Cash Assistance)
"EITC হল যোগ্য পরিবার, নন-কাস্টোডিয়াল পিতামাতা এবং যারা পূর্ণ সময় বা আংশিক সময়ের জন্য কাজ করে বা স্ব-নিযুক্ত ব্যক্তিদের জন্য একটি ট্যাক্স ক্রেডিট। EITC-এর ফেডারেল, স্টেট এবং নিউ ইয়র্ক সিটি সংস্করণ রয়েছে।","নিউ ইযর্ক সিটির বিনামূল্যে ট্যাক্স প্রস্তুতি (NYC Free Tax Prep) (https://www1.nyc.gov/site/dca/consumers/file-your-taxes.page) -এর মাধ্যমে ব্যক্তিগতভাবে উপস্থিত হয়ে ট্যাক্স ফাইল করার সহায়তা পান। IRS -প্রত্যয়িত VITA/TCE স্বেচ্ছাসেবক প্রস্তুতকারীরা আপনাকে অনলাইনে, ব্যক্তিগতভাবে বা আপনি আপনার নথিগুলি জমা দেওয়ার পরে ফাইল করতে সহায়তা করতে পারেন।",,{'url': 'https://www.getyourrefund.org/'},,,উপার্জিত আয়কর ক্রেডিট (Earned Income Tax Credit)
Dzięki zamrożeniu czynszu program SCRIE pomaga uprawnionym starszym obywatelom w wieku od 62 lat zachować korzystny cenowo najem mieszkania. Najemcy płacą zamrożony czynsz. W ramach tego programu ulga podatkowa w podatku od nieruchomości pokrywa różnicę między rzeczywistą wysokością czynszu a jego zamrożoną stawką.,"Znajdź Centrum Pomocy Departamentu Finansów (https://www1.nyc.gov/site/rentfreeze/help/help-temporary-centers.page) w pobliżu, aby złożyć wniosek. Aby udać się do centrum, konieczne może być umówienie się na wizytę.",,{'url': 'https://www1.nyc.gov/site/rentfreeze/tools/nyc-tap.page'},"Aby złożyć wniosek o przystąpienie do programu SCRIE, musisz potwierdzić następujące dane:\nWiek\nWysokość czynszu (wcześniejsze i aktualne dokumenty dotyczące wynajmu, np. umowy itp\nPana.Pani dochód oraz dochód wszystkich członków gospodarstwa domowego, którzy mieszkali w Pana/Pani mieszkaniu w roku kalendarzowym poprzedzającym złożenie wniosku. Na przykład wniosek złożony w 2018 r. musi zawierać informacje o dochodach gospodarstwa domowego za rok 2017. Jako dowód dochodu mogą służyć między innymi następujące dokumenty:\nZeznania podatkowe\nZasiłki z pomocy społecznej\nOświadczenie 1099/W2",Program,Zwolnienie osób starszych z podwyżek czynszu za wynajem
"Las exenciones para veteranos reducen los impuestos sobre la propiedad para los veteranos que califiquen, sus cónyuges o cónyuges sobrevivientes que no se hayan vuelto a casar y para los padres de soldados que hayan fallecido en el cumplimiento de su deber (padres con Estrella de Oro).",Visite un centro comercial del Departamento de Finanzas (http://www1.nyc.gov/site/finance/pay-now/person.page) .,,{'url': 'https://a836-pts-efile.nyc.gov/SmartFile/Filing/FilingType/Info/NYC_VET'},"Para solicitar la Exención de Veteranos, tendrá que demostrar lo siguiente:\nSu estatus de veterano: Copia de un formulario DD-214 (DD-214) que es el certificado de baja o exención del servicio militar activo o documentos de separación para cada veterano. \nPor cada uno de los veteranos discapacitados, una copia de la carta de la Administración de Veteranos (Veterans' Administration) en la que se documenta la calificación de discapacidad",Program,Exención de veteranos de guerra
"The Child and Dependent Care Tax Credit reimburses you up to 50% of the cost for caring for a child or adult dependent. On your 2024 tax return, you can claim up to $3,000 for the cost of care for one qualifying person and $6,000 for care for two or more qualifying persons.",Get free tax filing help in person with NYC Free Tax Prep (https://www1.nyc.gov/site/dca/consumers/file-your-taxes.page) .,,{'url': 'https://www.getyourrefund.org/'},"To claim the credit, you will need the following for everyone listed on your tax return:\nIdentity and age: such as photo ID, driver’s license, IDNYC, passport, or naturalization certificate.\nCitizenship or immigration status: such as your birth certificate or a U.S. passport.\nYour earned and unearned income (if any): such as a recent pay stub or unemployment benefits statement, pension correspondence, Supplemental Security Income (SSI), or Social Security Disability Insurance (SSDI).\nDependent care cost: Amount of money you paid for your child or dependent's care.",Benefit,Child and Dependent Care Tax Credit
"Las personas con discapacidades que tengan entre una y tres viviendas, condominios o apartamentos cooperativos pueden reducir su impuesto a la propiedad en su residencia principal a través de la DHE. La DHE reduce el impuesto a la propiedad entre cinco y cincuenta por ciento. La reducción del impuesto a la propiedad depende de los ingresos familiares.",Realice la solicitud en persona en el Centro de Negocios del Departamento de Finanzas.,"Visite una oficinaVisite un (https://access.nyc.gov/locations/?lat=6864) Centro de Negocios del Departamento de Finanzas (lunes a viernes, 8:30 a.m. - 4:30 p.m.) para recibir ayuda en persona.",{'url': 'https://a836-pts-efile.nyc.gov/SmartFile/Filing/FilingType/Info/NYC_DHE'},"Para solicitar DHE deberá demostrar lo siguiente:\nSu estado de discapacidad: Uno de estos documentos del propietario:\nCopia de la carta de adjudicación de la discapacidad (Disability Award) de la Administración del Seguro Social\nCopia de la carta de adjudicación de la discapacidad (Disability Award) de la Junta de Jubilación para empleados ferroviarios o el Servicio Postal de EE. UU.\nCopia del certificado de la Comisión Estatal de Nueva York para los Ciegos, o una carta de la Administración de Veteranos, indicando que usted tiene derecho a una pensión de veteranos por discapacidad.\nSus ingresos: copias de sus declaraciones de impuesto federal y los formularios/anexos de todos los propietarios. Si los propietarios no presentan una declaración de impuestos, certificación de ingresos anuales.\nSus deducciones:  \nCopias de los recibos de sus facturas médicas pagadas y no reembolsadas del año para el cual está presentando la documentación de ingresos o\n presentar una copia de su Anexo A (Schedule A).",Program,Exención de Propietarios Discapacitados
"abcde EITC — налоговый вычет для соответствующих критериям семей, родителей, которым после развода суд не предписал осуществлять опеку над ребенком, а также лиц с полной или неполной занятостью или являющихся индивидуальными предпринимателями. Существует EITC федерального уровня, EITC уровня штата и EITC г. Нью Йорка.","Получите личную помощь в подготовке налоговых деклараций черезNYC Free Tax Prep (https://www1.nyc.gov/site/dca/consumers/file-your-taxes.page) ‎. Добровольцы-консультанты программ VITA/TCE, сертифицированные IRS, могут помочь вам подать документы лично или подать их от вашего имени.",,{'url': 'https://www.getyourrefund.org/'},,,"Налоговый вычет за трудовой доход (Earned Income Tax Credit, EITC)"
আপনার প্রয়োজন হলে আপনার পরিবার নগদ টাকা পেতে পারেন। অনেক পরিবার অর্থটি একটি ডেবিট কার্ডে পাবেন যা যেকোনো এটিএম বা দোকানে ব্যবহার করা যেতে পারে যেখানে EBT কার্ড গ্রহণ করা হয়। কিছু পরিবার শুধুমাত্র তাদের বাড়িওয়ালাকে সরাসরি অর্থ প্রদান করার যোগ্যতা অর্জন করতে পারেন।,"আবেদন করার জন্য একটি খোলা থাকা HRA বেনিফিট অ্যাক্সেস সেন্টারে (http://www1.nyc.gov/site/hra/locations/job-locations.page) যান। যদি আপনি আপনার পরিচয়পত্র, বাসস্থান, কারা আপনার সঙ্গে বসবাস করেন এবং আপনার আয় সম্পর্কিত প্রমাণ সঙ্গে নিয়ে আসেন তাহলে আপনার সুবিধা হবে। এই বিষয়গুলির কোনটি আপনাকে প্রমাণ করতে হবে তা একজন কর্মী বলে দেবেন।",,{'url': 'https://a069-access.nyc.gov/ACCESSNYC/application.do'},"নগদ সহয়তার জন্য আবেদন করতে, আপনাকে নিম্নলিখিতটি পূরণ করতে হবে:\nআপনার পরিচয়: যেমন আপনার সচিত্র পরিচয়পত্র, ড্রাইভার'স লাইসেন্স, পাসপোর্ট, ন্যাচারাইলাজেশন সার্টিফিকেট বা হাসপাতালের রেকর্ড।\nআপনি কোথায় থাকেন: যেমন আপনার বাড়িওয়ালার থেকে বিবৃতি, বর্তমান ভাড়ার রসিদ, লিজ বা মটগেজের রেকর্ড।\nআপনার আয় (যদি থাকে): যেমন বর্তমান বেতনের স্লিপ, ব্যবসার রেকর্ড, বর্তমান আয়কর রিটার্ন বা একটিবেকারত্ব বীমা সুবিধার বিবৃতি।\nনাগরিকত্ব বা অভিবাসন স্থিতি: যেমন বার্থ সার্টিফিকেট, মার্কিন পাসপোর্ট বা মিলিটারি সার্ভিসের রেকর্ড।প্রমাণপত্র হিসেবে কি কি ব্যবহার করা যাবে তার বিশদ বিবরণের জন্য (https://www1.nyc.gov/assets/hra/downloads/pdf/fia-1227a-bengali.pdf) নগদ সহায়তার নথি নির্দেশিকা দেখুন।",Benefit,নগদ সহায়তা
"Head Start 프로그램은 3~4세의 아이들이 배우고, 놀며, 유치원 이상의 교육 과정을 대비할 기량을 쌓을 수 있는 안전하고 편안한 환경을 제공합니다. 이와 더불어 아이들과 가족에게 건강, 영양 및 기타 서비스 또한 제공합니다.",Head Start 프로그램 찾기 및 신청:\nMySchools (3-k) (https://www.myschools.nyc/en/schools/3k/) 또는 MySchools (Pre-K) (https://www.myschools.nyc/en/schools/pre-k/) 로 이동하십시오.\n“More Filters(필터 상세)”를 클릭하십시오. “Year-Round 3-K / Pre-K Programs(연중무휴 3-K/Pre-K 프로그램)” 아래의 “Head Start” 확인란을 선택하십시오.\n프로그램을 검색하려면 자택 주소를 입력하십시오.\n관심이 있는 프로그램에 연락하십시오.,,,,Service,Head Start
EarlyLearn은 생후 6주부터 2세 사이의 어린이를 대상으로 무료 또는 저비용 보육 및 교육을 제공합니다. 뉴욕시의 수백 개 프로그램이 아이들을 위한 안전하고 쾌적한 학습 환경을 제공하고 있습니다.,"\nMySchools (https://www.myschools.nyc/en/schools/3k/) 에서 프로그램을 찾으세요.\n“More Filters(추가 필터)”를 클릭하고 “EarlyLearn”에서 해당하는 옵션을 체크 표시합니다.\n가까운 곳에 운영되는 프로그램을 찾으려면 자택 주소를 입력하세요.\n프로그램에 방문하세요. 직원으로부터 신청서 작성에 도움을 받을 수 있습니다.이미 HRA 혜택을 받는 경우, 할당된 HRA 혜택 이용 센터(Benefits Access Center) (http://www.nyc.gov/html/hra/html/services/job_centers.shtml) 에서 신청하세요.",,,,Program,영유아
"1~3개 주택, 콘도 또는 공동 아파트를 소유한 장애인은 DHE를 통해 주 거주 주택에 대한 재산세를 인하 받을 수 있습니다. DHE는 재산세를 5 ~ 50% 인하해 드립니다. 재산세 인하율은 가구소득에 따라 달라집니다.",비즈니스 센터에 내방하여 신청하십시오.,"사무실 방문내방하여 도움을 받으시려면 Department of Finance 비즈니스 센터 (http://www1.nyc.gov/site/finance/pay-now/person.page) (월요일~금요일, 오전 8시 30분~오후 4시 30분)에 방문해 주십시오.",{'url': 'https://a836-pts-efile.nyc.gov/SmartFile/Filing/FilingType/Info/NYC_DHE'},"DHE를 신청하려면 다음을 증명해야 합니다.\n귀하의 장애 상태: 소유자가 다음 중 하나에 해당될 경우:\n사회보장국(Social Security Administration)에서 발급한 장애 수급(Disability Award) 증명서 사본\n철도 퇴직위원회(Railroad Retirement Board) 또는 미국 우편 서비스(U.S Postal Service)에서 발급한 장애 수급 증명서 사본\n재향군인 장애 연금 수급 자격이 있다는 뉴욕주 맹인 위원회(New York State Commission for the Blind)에서 발급한 증명서 사본 또는 재향군인회(Veterans Administration) 서한.\n소득: 모든 소유주의 연방 소득 신고서 및 명세서/첨부 문서. 소유주가 소득 신고서를 제출하지 않은 경우 연간 소득 증빙 서류를 제출해야 함.\n공제:\n소득 신고 연도에 상환되지 않은 지불된 의료비 영수증 사본, 또는\n스케줄 A의 사본.",Program,장애인 주택 소유주 면제
"학생들은 COMPASS NYC 통해 수백 가지의 뉴욕 시 무료 방과 후 프로그램 중 하나에 참여할 수 있습니다. COMPASS 프로그램은 숙제 도움, 스포츠, 예술 등 많은 활동을 제공합니다. 이 프로그램은 무료이며 뉴욕 시 어느 곳에서나 이용할 수 있습니다.","자녀를 COMPASS NYC 프로그램에 등록하려면, 자녀의 학교에서 프로그램 담당자에게 문의하십시오.",자녀 학교 방문자세한 사항은 자녀가 다니는 학교의 방과후 프로그램 담당 직원에게 문의하십시오.,{'url': 'https://discoverdycd.dycdconnect.nyc/'},신청하려면 자녀의 다음 신원 증명 중 하나를 제공해야 합니다.\n출생 증명서\n귀화 증명서\n공식 출생 기록\n공식 학교 기록\n여권\nIDNYC\n입양 기록\n세례 또는 기타 종교 증명서,Program,뉴욕 시 종합 방과 후 시스템
"Program STAR obniża podatki od nieruchomości dla kwalifikujących się właścicieli domów, którzy mieszkają w okręgach szkolnych stanu Nowy Jork.",,"Zapraszamy do odwiedzenia ośrodkaZnajdź (http://www1.nyc.gov/site/finance/about/contact-us.page) ośrodek, aby uzyskać pomoc osobiście.",{'url': 'https://a836-pts-efile.nyc.gov/SmartFile/Filing/FilingType/Info/NYC_STAR'},,Benefit,Program ulgi podatkowej w okręgach szkolnych
"С помощью Программы льгот для домовладельцев-инвалидов (Disability Homeowners’ Exemption, DHE) люди с ограниченными физическими возможностями, владеющие недвижимостью (домом на одну, две или три семьи, кооперативным многоквартирным домом или кооперативной квартирой), могут снизить сумму налога на недвижимое имущество по своему основному месту жительства. Программа DHE позволяет снизить налог на недвижимость на 5–50 %. Сумма снижения налога на недвижимость зависит от дохода семьи.",Подайте заявление лично в бизнес-центре Департамента финансов.,"Посетите офисЧтобы получить помощь лично, посетите один из бизнес-центров Департамента финансов (http://www1.nyc.gov/site/finance/pay-now/person.page) (часы работы: с понедельника по пятницу, с 8:30 до 16:30).",{'url': 'https://a836-pts-efile.nyc.gov/SmartFile/Filing/FilingType/Info/NYC_dhe'},"Чтобы подать заявление на участие в программе DHE, вы должны подтвердить следующее:\nПодтверждение вашего статуса инвалида — один из перечисленных далее документов для владельца:\nКопия письма о назначении пособия по инвалидности от Администрации социального обеспечения (Social Security Administration)\nКопия письма о назначении пособия по инвалидности от Пенсионного совета железной дороги (Railroad Retirement Board) или Почтовой службы США (U.S Postal Service).\nКопия справки из Комиссии штата Нью-Йорк по делам слепых (New York State Commission for the Blind) или письмо от Администрации ветеранов (Veterans Administration), подтверждающее, что вы имеете право на пенсию по инвалидности для ветеранов.\nВаш доход: предъявите копии деклараций по федеральному подоходному налогу и таблицы налоговых ставок/приложения для всех владельцев. Если кто-либо из владельцев не подает налоговую декларацию, необходимо представить подтверждение годового дохода.\nВаши вычеты:  \nКопии квитанций по вашим оплаченным и неоплаченным счетам за медицинские услуги за год, за который вы подаете документацию о\n доходах, или копия Приложения A (Schedule A).",Program,Льготы для нетрудоспособных домовладельцев
"Pwogram Pre-K yo ede timoun yo pi byen kòmanse nan lekòl ak nan lavi a. Pitit ou kapab aprann kijan pou rezoud pwoblèm, poze kesyon epi eksplore monn ki toutotan nan yon kominote aprantisaj sekirize e kote gen bonjan motivasyon.",Aplike nan yon Sant Akèy pou Fanmi (https://www.schools.nyc.gov/enrollment/enrollment-help/family-welcome-centers) soti 10 Janvye 2024 pou rive 1ye Mas 2024.,Vizite yon Sant Akèy Familyal Ale nan yon Sant Akèy pou Fanmi (http://nyc.gov/schools/welcomecenters) pou w jwenn plis enfòmasyon sou pwogram pre-K yo.,{'url': 'https://www.myschools.nyc/ht/'},"Gade la lis verifikasyon pre-enskripsyon an (https://www.schools.nyc.gov/docs/default-source/default-document-library/pre-registration-checklist) pou aprann plis sou dokiman ou bezwen pou pre-enskri pitit ou a epi aksepte òf Pre-K yo. Pou tradui kopi lis verifikasyon an, gade seksyon Dokiman nan Paj enskripsyon Pre-K for All (https://www.schools.nyc.gov/enrollment/enroll-grade-by-grade/pre-k) .",Program,Pre-K for All
"Программа DRIE позволяет арендаторам с ограниченными физическими возможностями, которые соответствуют критериям участия, оставаться в доступном жилье без повышения арендной платы. Жильцы платят ту же арендную плату. Налоговый вычет на недвижимость покрывает разницу между фактической суммой арендной платы и фиксированным платежом арендатора.","Для подачи заявки обратитесь в ближайший центр помощи Департамента финансов (https://www1.nyc.gov/site/rentfreeze/help/help-temporary-centers.page) . Возможно, вам нужно будет записаться для визита в центр.",,,"Чтобы подать заявление на участие в программе DRIE, вы должны подтвердить следующее:\nВы получаете соответствующее пособие по нетрудоспособности (и у вас есть официальное письмо о назначении пособия)\nВаш возраст\nВашу арендную плату\nВам нужно указать свой доход и доход всех членов вашей семьи, которые проживали в вашей квартире в течение календарного года до подачи заявки. Например, при подаче заявки в 2018 году нужно указать сведения о доходах членов семьи за 2017 год. В качестве справки о доходах можно предоставить такие документы (список не является исчерпывающим):\nНалоговые декларации\nЧеки выплат по социальному обеспечению\nФорма 1099/W2",Program,Программа субсидирования нетрудоспособных граждан для компенсации роста арендной платы
"HEAP는 저소득층 가구에 주택 난방비를 지원하는 제도입니다. 이 제도에 따른 혜택으로 연료, 공과금, 난방 장비 교체 및 수리 비용을 지불할 수 있습니다. 이 혜택의 비용은 난방 업체 또는 유틸리티 회사에 직접 납부됩니다. 난방비가 임대료에 포함된 경우라도 HEAP을 받을 수 있습니다.",HEAP 사무소 (https://otda.ny.gov/programs/heap/contacts/default.asp?county=New%20York%20City#result) 에 방문하셔서 모든 HEAP 요소를 직접 신청하실 수 있습니다.,,{'url': 'https://a069-access.nyc.gov/accesshra/'},,,가정용 에너지 지원 프로그램
學生可以透過 COMPASS NYC 參加紐約的數百個免費課後計劃之一。COMPASS 計劃可以提供家庭作業幫助、體育、美術等。他們都是免費的且遍佈整個城市。,要為您的孩子註冊參加 COMPASS NYC 計劃，請聯繫您孩子學校的課後計劃工作人員。,前往您子女就讀的學校與您子女就讀學校的課後計畫工作人員交談，以瞭解更多資訊。,{'url': 'https://discoverdycd.dycdconnect.nyc/'},要申請，您需要為您的孩子提供以下身份證明之一：\n出生證明\n入籍證書\n官方出生記錄\n官方學校記錄\n護照\n紐約市\n收養記錄\n洗禮或其他宗教證書,Program,紐約市綜合課後系統
"Veterans exemptions lower the property taxes of qualified veterans, their spouses or un-remarried surviving spouses, and parents of soldiers who died in the line of duty (Gold Star parent).",Apply in person at a Department of Finance Business Center (http://www1.nyc.gov/site/finance/pay-now/person.page) .,,{'url': 'https://a836-pts-efile.nyc.gov/SmartFile/Filing/FilingType/Info/NYC_VET'},"To apply for Veteran's Exemption, you will need to prove the following:\nYour Veteran status: A copy of your DD Form 214 ( DD-214) which is the Certificate of Release or Discharge from Active Duty form or separation papers for each veteran. \nFor each disabled veteran, a copy of your Veterans' Administration letter documenting the disability rating",Program,Veterans' Property Tax Exemption
"2024‏ کے لیے ٹیکس فائل کرتے وقت، فیملیز 17 سال سے کم عمر کے اہل قرار پانے والے ہر بچے کے لیے ‏‎$2,000‏ تک کی مالیت کے اس ٹیکس کریڈٹ کا دعوی کر سکتی ہیں۔ $1,700‏ تک قابل واپسی ہے، مطلب اگر آپ پر کوئی ٹیکس واجب نہیں ہے تو بھی آپ پیسہ واپس لے سکتے ہیں۔",NYC‏ فری ٹیکس پریپ (https://www1.nyc.gov/site/dca/consumers/file-your-taxes.page) کے ساتھ ٹیکس فائل کرنے میں بذات خود مفت مد حاصل کریں۔,,{'url': 'https://www.getyourrefund.org/'},ان دستاویزات کی فہرست ملاحظہ کریں (https://www.nyc.gov/site/dca/consumers/file-your-taxes-documents.page) جنہیں آپ کو اپنے ٹیکس فائل کروانے اور CTC کا دعویٰ کرنے کے سلسلے میں ضرورت پیش آئے گی۔,Benefit,چائلڈ ٹیکس کریڈٹ
"হেড স্টার্ট প্রোগ্রামগুলি 3-4 বছর বয়সী শিশুদের শিখতে, খেলতে এবং দক্ষতা তৈরি করার জন্য নিরাপদ এবং ইতিবাচক পরিবেশ তৈরি করে যা তাদের কিন্ডারগার্টেন এবং তার পরবর্তীর জন্য তৈরি করে। প্রোগ্রামগুলি শিশু এবং তাদের পরিবারকে স্বাস্থ্য, পুষ্টি এবং অন্যান্য পরিষেবাও প্রদান করে।","একটি হেড স্টার্ট প্রোগ্রাম খুঁজে পেতে এবং আবেদন করতে:\nMySchools (3-k) (https://www.myschools.nyc/en/schools/3k/) বা MySchools (প্রি-কে) (https://www.myschools.nyc/en/schools/pre-k/) -এ দেখুন।\n“অধিক ফিল্টার (More Filters)”-এ ক্লিক করুন। ""ইয়ার-রাউন্ড 3-K / প্রি-কে প্রোগ্রাম"" এর অধীনে ""হেড স্টার্ট"" বক্সে টিক দিন৷\nআপনার নিকটবর্তী প্রোগ্রাম খুঁজতে আপনার বাড়ির ঠিকানা লিখুন।আপনি আগ্রহী এমন একটি প্রোগ্রামের সাথে যোগাযোগ করুন।",,,,Service,হেড স্টার্ট
"Учащиеся могут записаться на одну из сотен различных программ послешкольных занятий в городе Нью-Йорке на портале COMPASS NYC. В рамках программ COMPASS предлагается помощь в выполнении домашних заданий, занятия спортом, искусством и многое другое. Занятия проводятся бесплатно в разных районах города.","Чтобы записать вашего ребенка в программу COMPASS NYC, свяжитесь с персоналом программы в школе вашего ребенка.","Обратитесь в школу, которую посещает ваш ребенокЧтобы получить дополнительную информацию, поговорите с представителем внеклассной программы в школе, которую посещает ваш ребенок.",{'url': 'http://www.dycdportal.nyc/discoverdycd/home'},"Чтобы подать заявку, вам необходимо предоставить одно из следующих документов, удостоверяющих личность вашего ребенка:\nСвидетельство о рождении\nСвидетельство о натурализации\nОфициальные записи о рождении\nОфициальные школьные записи\nПаспорт\nIDNYC\nЗаписи об усыновлении\nКрестильный или другой религиозный сертификат",Program,Комплексная система послешкольных занятий города Нью-Йорка
SCRIE اہل قرار پانے والے ان بزرگ شہریوں کا کرایہ منجمد کر کے سستی رہائش گاہ میں رہنے میں مدد کرتا ہے جن کی عمر 62 سال اور اس سے زیادہ ہے۔ کرایہ دار منجمد کرایہ ادا کرتے ہیں۔ پراپرٹی ٹیکس کریڈٹ اصل کرایہ کی رقم اور منجمد کرایے کے درمیان فرق کا احاطہ کرتا ہے۔,درخواست دینے کیلئے اپنے نزدیک ایک محکمہ مالیات کا امدادی مرکز (https://www1.nyc.gov/site/rentfreeze/help/help-temporary-centers.page) تلاش کریں۔ آپ کو کسی سنٹر میں جانے کیلئے اپائنٹمنٹ لینا پڑ سکتا ہے۔,,{'url': 'https://www1.nyc.gov/site/rentfreeze/tools/nyc-tap.page'},"SCRIE کے لیے درخواست دینے کے لیے، آپ کو درج ذیل کو ثابت کرنا ہوگا:\nآپ کی عمر,\nآپ کا کرایہ (سابق اور موجودہ رینٹل دستاویزات - جیسے لیز، وغیرہ),\nاپنی درخواست جمع کرنے سے پہلے کیلینڈر سال میں آپ کی آمدنی اور آپ کے اپارٹمنٹ میں رہنے والے گھر کے تمام اراکین کی آمدنی۔ مثال کے طور پر، 2018 میں جمع کردہ درخواست کے لیے 2017 کی گھریلو آمدنی کی معلومات شامل کرنے کی ضرورت ہوگی۔ آمدنی کے ثبوت میں، دوسرے دستاویزات کے ساتھ درج ذیل شامل ہوسکتی ہیں:\nٹیکس ریٹرنس\nسوشل سیکیورٹی بینفٹس\n1099/W2 اسٹیٹمنٹ",Program,سینئر سٹیزنز کا کرایہ میں اضافہ سے استثناء
SCRIE ede granmoun aje ki kalifye ki gen 62 lane oswa plis rete nan lojman bon mache kote yo bloke pri lwaye yo. Lokatè yo peye pri lwaye ki bloke a. Yon kredi sou taks sou pwopriyete peye pou diferans lan ant pri lwaye aktyèl la ak pri lwaye ki bloke a.,Jwenn yon Sant Èd Depatman Finans (https://www1.nyc.gov/site/rentfreeze/help/help-temporary-centers.page) tou pre kote w rete a pou aplike. Ou ka bezwen pran yon randevou pou vizite yon sant.,,{'url': 'https://www1.nyc.gov/site/rentfreeze/tools/nyc-tap.page'},"Pou ou kapab aplike pou SCRIE, w ap gen pou bay prèv bagay sa yo:\nLaj ou,\nLwaye ou (dokiman sou lwaye ou avan ak kounye a - pa egzanp, kontra lwaye, elatriye),\nRevni ou ak revni tout manm nan kay la ki te rete nan apatman w lan nan ane anvan ou te soumèt aplikasyon w lan. Pa egzanp, yon aplikasyon ou te soumèt an 2018 ta dwe gen ladan enfòmasyon sou revni kay la pou 2017. Prèv revni ka gen ladan, pami lòt dokiman:\nDeklarasyon taks sou revni\nAvantaj Sekirite Sosyal\nDeklarasyon 1099/W2",Program,Egzanpsyon nan Ogmantasyon Pri Lwaye Granmoun Aje
如果您有需要，您的家人可以獲得現金。 許多家庭將通過借記卡獲得資金，這種借記卡可以在任何接受 EBT 卡的 ATM 或商店使用。 一些家庭可能只有資格獲得直接支付給房東的資金。,請前往營業的 HRA 福利領取中心 (http://www1.nyc.gov/site/hra/locations/job-locations.page) 進行申請。 如果您提交身分證明、居住證明、同住人士證明和您的收入證明，將會有助於申請進度。 工作人員將會告訴您必須證明的事項。,,{'url': 'https://a069-access.nyc.gov/ACCESSNYC/application.do'},要申請「現金援助」，您需要提供以下證明：\n您的身份：例如帶照片的身份證、駕駛執照、護照、入籍證明或醫院記錄。\n您的居住地址：例如您的房東的聲明、當前租金收據、租約或抵押貸款記錄。\n您的收入（如果有）：例如最近的工資單、業務記錄、當前所得稅申報表或失業保險福利報表。\n公民或移民身份：例如您的出生證明、美國護照或服役記錄。查看 (https://www1.nyc.gov/assets/hra/downloads/pdf/fia-1227a-chinese-traditional.pdf) 「現金援助」文件指南 ，瞭解您還可以使用哪些證明文件。,Benefit,現金援助
Le programme SCRIE aide les citoyens seniors (d’au moins 62 ans) admissibles à conserver leur logement à loyer modéré en gelant le loyer. Les locataires paient le montant gelé du loyer. Un crédit d’impôt immobilier couvre la différence entre le montant réel du loyer et le montant gelé du loyer.,Trouvez un Centre d’assistance du ministère des Finances (Department of Finance Assistance Center) (https://www1.nyc.gov/site/rentfreeze/help/help-temporary-centers.page) près de chez vous pour déposer une demande. Vous pouvez avoir besoin de prendre rendez-vous pour vous rendre dans un centre.,,{'url': 'https://www1.nyc.gov/site/rentfreeze/tools/nyc-tap.page'},"Pour demander à bénéficier du programme SCRIE, vous devrez prouver les éléments suivants :\nvotre âge ;\nvotre loyer (documents relatifs à la location antérieurs et actuels, comme les contrats de location, etc.) ;\nvos revenus ainsi que les revenus de tous les membres du foyer vivant dans votre appartement au cours de l’année calendaire précédant votre demande. Par exemple, une demande soumise en 2018 devrait inclure les renseignements sur les revenus du foyer pour 2017. Justificatifs de revenus possibles :\ndéclarations d’impôts ;\nallocations de Sécurité sociale ;\ndéclaration 1099/W2.",Program,Exemption à l'augmentation des loyers des citoyens seniors
STAR اہل مکان مالکوں کے لیے پراپرٹی ٹیکس کو کم کرتا ہے جو نیو یارک ریاست کے اسکولی اضلاع میں رہتے ہیں۔,,کسی مرکز کا دورہ کریںذاتی طور پر مدد حاصل کرنے کے لیے (http://www1.nyc.gov/site/finance/about/contact-us.page) مرکز تلاش کریں۔,{'url': 'https://a836-pts-efile.nyc.gov/SmartFile/Filing/FilingType/Info/NYC_STAR'},,Benefit,اسکول ٹیکس ریلیف پروگرام
"EITC는 자격을 갖춘 가족, 비양육 부모, 풀타임 근로자, 파트타임 근로자, 자영업자를 위한 세금 공제입니다. EITC에는 연방, 주, 뉴욕시 버전이 있습니다.",NYC 무료 세금 신고 (https://www1.nyc.gov/site/dca/consumers/file-your-taxes.page) 를 통해 직접 무료 세금 신고에 대한 도움을 받으십시오. IRS 공인 VITA/TCE 자원봉사자가 대면 신고 또는 서류를 제출한 후에 신고를 도와드릴 수 있습니다.,,{'url': 'https://www.getyourrefund.org/'},세금 신고 및 EITC 신청에 필요한 문서 목록을 참고하십시오. (https://www.nyc.gov/site/dca/consumers/file-your-taxes-documents.page),Benefit,근로소득 세액 공제
Pre-K 計畫可幫助兒童順利入學和生活。 您的孩子可以在一個安全、有教養的學習環境中學習解決問題、提出問題和探索周圍的世界。,2024 年 1 月 10 日至 2024 年 3 月 1 日前往家庭歡迎中心 (https://www.schools.nyc.gov/enrollment/enrollment-help/family-welcome-centers) 申請。,請造訪家庭歡迎中心 造訪家庭歡迎中心 (http://nyc.gov/schools/welcomecenters) ，深入瞭解 Pre-K 計畫。,{'url': 'https://www.myschools.nyc/zh-hant/'},查看 預註冊清單 (https://www.schools.nyc.gov/docs/default-source/default-document-library/pre-registration-checklist) 詳細了解您為孩子預先註冊並接受他們的 Pre-K 報價所需的文件。如需核對錶的翻譯副本，請查看 Pre-K for All 註冊頁面 (https://www.schools.nyc.gov/enrollment/enroll-grade-by-grade/pre-k) 。,Program,全體孩童學前班
ایک تا تین گھروں، کنڈوز، یا کو آپ اپارٹمنٹ کی ملکیت رکھنے والے معذور افراد اپنی بنیادی رہائش پر DHE کے ذریعہ اپنے جائیداد ٹیکس کو کم کروا سکتے ہیں۔ DHE جائیداد ٹیکس کو پانچ اور پندرہ فیصد کے بیچ کم کرتا ہے۔ جائیداد ٹیکس میں کمی کا انحصار اس امر پر ہوتا ہے کہ خاندان کی کمائی کتنی ہے۔,آپ ڈیپارٹمنٹ آف فنانس بزنس سنٹر پر بذات خود آ کر درخواست دیں۔,کسی دفتر میں تشریف لے جائیںبالمشافہ مدد حاصل کرنے کے لیے Department of Finance (ڈیپارٹمنٹ آف فنانس) بزنس سنٹر (http://www1.nyc.gov/site/finance/pay-now/person.page) (پیر سے جمعہ، صبح 8:30 سے شام 4:30) میں تشریف لے جائیں۔,{'url': 'https://a836-pts-efile.nyc.gov/SmartFile/Filing/FilingType/Info/NYC_DHE'},DHE کے لیے درخواست دینے کے لیے آپ کو درج ذیل چیزوں کو ثابت کرنا ہو گا:\nآپ کی معذوری کی حالت: مالک کے لیے درج ذیل میں سے ایک:\nسوشل سیکیورٹی انتظامیہ کی جانب سے معذوری کی منظوری کے خط کی نقل\nریل روڈ ریٹائرمنٹ بورڈ یا امریکی ڈاک سروس کی جانب سے معذوری کی منظوری کے خط کی نقل\nنیو یارک اسٹیٹ کے کمیشن برائے نابینا افراد (Commission for the Blind) کی جانب سے تصدیق کی نقل یا سابق فوجیوں کی انتظامیہ کا خط جس میں یہ درج ہو کہ آپ آپ سابق فوجیوں کی معذوری سے متعلق پنشن کے مستحق ہیں۔\nآپ کی آمدنی: آپ کے وفاقی ٹیکس ریٹرنز اور تمام مالکان کے شیڈولز/اٹیچمنٹس کی نقول۔ اگر کوئی مالک ٹیکس ریٹرن فائل نہیں کرتا، تو سالانہ آمدنی کا ثبوت۔\nآپ کی کٹوتیاں:\nآمدنی کو ضبط تحریر کرنے والے سال کے لیے بیمہ کے ذریعے غیر محیط شدہ آپ کے ادا کردہ طبی بلوں کی رسیدوں کی نقول، یا\nآپ کے شیڈول A کی نقل,Program,معذورمالک مکانوں کواستثناء
"Le programme HEAP aide les foyers à faibles revenus à couvrir les frais de chauffage de leur logement. Les allocations peuvent être utilisées pour payer le combustible, votre source de chauffage, ainsi que le remplacement et les réparations du matériel de chauffage. Les allocations sont versées directement au fournisseur de chauffage ou à la société de services publics (électricité, eau, gaz, téléphone, etc.). Vous pouvez bénéficier des allocations HEAP même si votre chauffage est inclus dans votre loyer.",Vous pouvez faire une demande en personne pour tous les volets du programme HEAP en vous rendant dans unbureau HEAP (https://otda.ny.gov/programs/heap/contacts/default.asp?county=New%20York%20City#result) ‎.,,{'url': 'https://a069-access.nyc.gov/accesshra/'},,,"Programme d’aide énergétique à domicile (Home Energy Assistance Program, HEAP)"
The Home Energy Assistance Program (HEAP) helps cover heating and cooling costs and prevents utility shutoffs.,You can apply in person for all HEAP components by visiting a HEAP office (https://otda.ny.gov/programs/heap/contacts/default.asp?county=New%20York%20City#result) .,,{'url': 'https://a069-access.nyc.gov/accesshra/'},"To apply for HEAP, at least one household member will need a valid Social Security Number (SSN).You will also need to give documents that show:\nthe identity of the people who live with you: such as a birth certificate, driver's license, US passport, or naturalization certificate\nwhere you live: such as current rent receipt or lease\nyour income: such as pay stubs\nyour fuel or utility expenses: such as a recent bill or statement from your landlord stating that utilities are included in your rent.\ndisability status: if someone in your household has a disability.",Program,Home Energy Assistance Program
يُقصَد بالخصم الضريبي عن الدخل المكتسب ذلك الخصم الضريبي الذي يتلقاه المستحقون من العائلات، وأولياء الأمور من غير ذوي الحضانة، والعاملين بدوام كامل أو جزئي، أو أصحاب المهن الحرة. توجد إصدارات فيدرالية وإصدارات تابعة للولاية ولمدينة نيويورك من الخصم الضريبي على الدخل المكتسب.,يمكنك الحصول على المساعدة في تقديم الإقرار الضريبي بصورة شخصية من خلالالخدمة المجانية لإعداد الإقرارات الضريبية بمدينة نيويورك (NYC Free Tax Prep) (https://www1.nyc.gov/site/dca/consumers/file-your-taxes.page) . يمكن لمعدي الضرائب المتطوعين في برنامجَي VITA/TCE والمعتمدين من قِبل دائرة الإيرادات الداخلية (IRS) مساعدتكم عند تقديم إقراراتكم بصورة شخصية أو بعد تسليم مستنداتكم.,,{'url': 'https://www.getyourrefund.org/'},,,الائتمان الضريبي على الدخل المكتسب
Dzięki zamrożeniu czynszu program DRIE pomaga uprawnionym lokatorom z niepełnosprawnością zachować przystępny cenowo najem mieszkania. Najemcy płacą zamrożony czynsz. W ramach tego programu ulga podatkowa w podatku od nieruchomości pokrywa różnicę między rzeczywistą wysokością czynszu a jego zamrożoną stawką.,"Znajdź Centrum Pomocy Departamentu Finansów (https://www1.nyc.gov/site/rentfreeze/help/help-temporary-centers.page) w pobliżu, aby złożyć wniosek. Aby udać się do centrum, konieczne może być umówienie się na wizytę.",,,"Osoby, które zechcą ubiegać się o DRIE będą musiały udokumentować:\nże otrzymują uprawniające świadczenie z tytułu niepełnosprawności (i pismo o przyznaniu świadczeń)\nwiek\nczynsz\nPana/Pani dochód oraz dochód wszystkich członków gospodarstwa domowego, którzy mieszkali w Pana/Pani mieszkaniu w roku kalendarzowym poprzedzającym złożenie wniosku. Na przykład wniosek złożony w 2018 r. musi zawierać informacje o dochodach gospodarstwa domowego za rok 2017. Jako dowód dochodu mogą służyć między innymi następujące dokumenty:\nZeznania podatkowe\nZasiłki z pomocy społecznej\nOświadczenie 1099/W2",Program,Program wyłączenia z podwyższania czynszu ze względu na niepełnosprawność
"Les régimes d’assurance maladie privée sont des régimes pourlesquels vous payez un certain montant mensuel pour êtrecouvert(e). Il y a également des dépenses qui restent à votrecharge, dontleticket modérateur, la franchise et la coassurance (https://www.nyc.gov/site/ochia/coverage-care/insurance-a-z.page#C) .",Un(e) (https://nystateofhealth.ny.gov/agent/hx_brokerSearch?fromPage=INDIVIDUAL) assistant(e)en matière d’assurance maladiepeut vous aider à vous inscrire.,,{'url': 'https://nystateofhealth.ny.gov/'},"Pour vous inscrire aux régimes publics d’assurance maladie, vousavez besoin des informations et documents suivants :\ndocuments de citoyenneté/d’immigration indiquant votre statutd’immigration ;\nnuméro de Sécurité sociale ;\ndate de naissance de tous les membres du foyer concernés par lademande ;\ninformations relatives à l’emploi actuel ;\nrevenus du foyer.",Benefit,Régime de soins qualifiés
"অনুচ্ছেদ 8 নিম্ন- এবং মধ্যম আয়ের পরিবারের জন্য ভাড়ার অংশ প্রদান করে যারা প্রাইভেট মার্কেটে ভাড়া নিতে চান। পরিবারের আয় এবং পরিবারের আকারের উপর ভিত্তি করে এই প্রোগ্রামের যোগ্যতা নির্ধারিত হয়। সাধারণভাবে, পরিবারগুলি তাদের মাসিক আয়ের 40 শতাংশের বেশি প্রদান করবেন না। NYCHA সম্পত্তির মালিককে বাকি অর্থ প্রদান করে।",,অফিসে আসুন একটি কাস্টমার কন্টাক্ট সেন্টারে যাওয়ার জন্যএকটি অ্যাপয়েন্টমেন্ট নিন (https://wb-nycha.qmatic.cloud/) ।,,,,বিভাগ 8 / হাউজিং চয়েস ভাউচার প্রোগ্রাম (Housing Choice Voucher Program)
Your family can get cash if you're in need. Many families will get the funds on a debit card that can be used at any ATM or store where EBT cards are accepted. Some families may only qualify to get funds paid directly to their landlord.,"Visit an open HRA Benefits Access Center (http://www1.nyc.gov/site/hra/locations/job-locations.page) to apply. It will help if you bring proof of your identity, where you live, who lives with you, and your income. A worker will tell you which of these things you must prove.",,{'url': 'https://a069-access.nyc.gov/ACCESSNYC/application.do'},"To apply for Cash Assistance you will need to prove the following:\nYour identity: such as a photo ID, driver’s license, passport, naturalization certificate, or hospital records.\nWhere you live: such as a statement from your landlord, current rent receipt, lease, or mortgage records.\nYour income (if any): such as a current pay stub, business records, current income tax return, or an Unemployment Insurance Benefit statement.Check the (https://www1.nyc.gov/assets/hra/downloads/pdf/fia-1227a.pdf) Cash Assistance document guide to see what else you can use as proof.",Benefit,Cash Assistance
"Elèv yo kapab enskri nan plizyè santèn pwogram apre lekòl nan NYC atravè COMPAS NYC. Pwogram COMPASS yo kapab ede elèv yo ak devwa, aktivite espòtif, atistik, ak plis toujou. Yo gratis epi w ap jwenn yo toupatou nan vil la.","Pou enskri pitit ou nan yon pwogram COMPASS NYC, kontakte ekip pwogram nan lekòl pitit ou a.",Pase nan lekòl pitit ou aPale avèk anplwaye pwogram aprè klas nan lekòl pitit ou a pou plis enfòmasyon.,{'url': 'https://discoverdycd.dycdconnect.nyc/'},"Pou aplike, w ap bezwen bay youn nan prèv idantite sa yo pou pitit ou a:\nAk de nesans\nSètifika natiralizasyon\nDosye nesans ofisyèl yo\nDosye ofisyèl lekòl yo\nPaspò\nIDNYC\nDosye adopsyon yo\nBatèm oswa yon lòt sètifika relijye",Program,Sistèm Konplè Pou Pwogram Apre Lekòl NYC
DRIE ede lokatè ki kalifye ki gen andikap yo rete nan lojman bon mache lè li bloke lwaye yo. Lokatè yo peye pri lwaye ki bloke a. Yon kredi sou taks sou pwopriyete peye pou diferans lan ant pri lwaye aktyèl la ak pri lwaye ki bloke a.,Jwenn yon Sant Èd Depatman Finans (https://www1.nyc.gov/site/rentfreeze/help/help-temporary-centers.page) tou pre kote w rete a pou aplike. Ou ka bezwen pran yon randevou pou vizite yon sant.,,,"Pou aplike pou DRIE w ap bezwen pwouve bagay sa yo:\nW ap resevwa yon avantaj pou yon andikap kalifye (yon lèt rekonpans)\nLaj ou\nPri lwaye ou\nRevni ou ak revni tout manm nan kay la ki te rete nan apatman w lan nan ane anvan ou soumèt aplikasyon w lan. Pa egzanp, yon aplikasyon ou soumèt an 2018 bezwen gen ladan enfòmasyon sou revni kay la pou 2017. Prèv revni ka gen ladan, pami lòt dokiman:\nDeklarasyon Taks sou Revni\nAvantaj Sekirite Sosyal\nEtadkont 1099 / W2",Program,Egzanpsyon nan Ogmantasyon Pri Lwaye pou Moun ki Gen Andikap
SNAP کے ساتھ گروسریز کے لیے ادائیگی میں مدد حاصل کریں، جن کو پہلے فوڈ اسٹامپ کہا جاتا تھا۔ آپ کو ڈیبٹ کارڈ میں رقم ملے گی جو کہ بہت سے گروسری اسٹورز اور فارمز مارکیٹس میں استعمال کی جا سکتی ہے۔,\n (http://otda.ny.gov/programs/applications/4826.pdf) کاغذی درخواست (https://www1.nyc.gov/site/hra/locations/snap-locations.page) کو پرنٹ کریں، SNAP سینٹر (https://www1.nyc.gov/site/hra/locations/snap-locations.page) جا کر ایک حاصل کریں، یا 718-557-1399 (https://www1.nyc.gov/site/hra/partners/find-a-partner-organization.page) پر HRA معلوماتی لائن کو کال کر کے کہیں کہ وہ آپ کو کاغذی درخواست میل کر دے۔\nان دستاویزات کو اکٹھا کریں جن کی آپ کو اپنی درخواست کے ساتھ شامل کرنے کی ضرورت پڑے گی۔\nاپنی مکمل کردہ درخواست اپنے نزدیک ایک SNAP سنٹر پر جا کر دے دیں۔ آپ سنٹر میں اپنی دستاویزات کی کاپیاں نکال سکتے ہیں۔\nآپ SNAP کے لیے اپنے علاقے میں کمیونٹی پر مبنی تنظیم (CBO) میں بھی درخواست دے سکتے ہیں۔ ماہرین آپ کی درخواست اور ضروری دستاویزات جمع کرانے میں آپ کی مدد کر سکتے ہیں۔,SNAP سینٹر یا کمیونٹی تنظیم پر جائیں ذاتی طور پر مدد حاصل کرنے کے لیے SNAP سینٹر (https://www1.nyc.gov/site/hra/locations/snap-locations.page) یا اپنی مقامی کمیونٹی پر مبنی تنظیم (https://www1.nyc.gov/site/hra/partners/find-a-partner-organization.page) (CBO) میں جائیں۔,{'url': 'https://a069-access.nyc.gov/ACCESSNYC/application.do'},آپ ثبوت کے طور پر مزید کیا کچھ استعمال کر سکتے/سکتی ہیں، یہ جاننے کے لیے SNAP کی (https://www1.nyc.gov/assets/hra/downloads/pdf/fia-1227-urdu.pdf) رہنما دستاویز ملاحظہ کریں۔,Benefit,Supplemental Nutrition Assistance Program
"Certyfikowany plan zdrowotny (Qualified Health Plan) toubezpieczenie zdrowotne, w ramach którego miesięcznie uiszczanajest określona kwota na ubezpieczenie. Należy także ponieść wydatkiwłasne, takie jakdopłaty,franszyzy i współubezpieczenia (https://www.nyc.gov/site/ochia/coverage-care/insurance-a-z.page#C) .",Uzyskaj pomoc w rejestracji za pośrednictwem (https://nystateofhealth.ny.gov/agent/hx_brokerSearch?fromPage=INDIVIDUAL) doradcyds. ubezpieczenia zdrowotnego.,,{'url': 'https://nystateofhealth.ny.gov/'},"Aby zarejestrować się w planie powszechnego ubezpieczeniazdrowotnego, potrzebujesz następujących dokumentów:\nDokumenty potwierdzające obywatelstwo / dokumenty imigracyjne,wskazujące na prawny status imigracyjny\nNumery ubezpieczenia społecznego (SSN)\nData urodzenia wszystkich wnioskodawców w gospodarstwiedomowym\nAktualne informacje o zatrudnieniu\nDochód gospodarstwa domowego",Benefit,Certyfikowany plan zdrowotny (Qualified Health Plan)
"Jwenn èd pou achte pwovizyon ak SNAP, sa n te konn rele food stamp avan. W ap jwenn lajan an sou yon kat debi ke w kapab itilize nan plizyè makèt oubyen mache.","\nEnprime yon (http://otda.ny.gov/programs/applications/4826-HA.pdf) aplikasyon papye (https://www1.nyc.gov/site/hra/locations/snap-locations.page) , pase pran youn nan yon Bwo SNAP (https://www1.nyc.gov/site/hra/locations/snap-locations.page) oswa rele Liy enfòmasyon HRA nan 718-557-1399 (https://www1.nyc.gov/site/hra/partners/find-a-partner-organization.page) pou mande yo voye aplikasyon papye a nan adrès postal lakay ou.\nRasanble dokiman ou ap bezwen yo pou w mete avèk aplikasyon w lan.\nDepoze aplikasyon w lan apre ou fin ranpli li nan yon Biwo SNAP toupre ou. Ou kapab fè kopi dokiman ou yo nan sant lan.\nOu kapab aplike pou SNAP tou nan yon òganizasyon kominotè (CBO) nan zòn ou an. Ekspè yo kapab ede w soumèt aplikasyon ou an ak dokiman ki nesesè yo.",Vizite yon Biwo SNAP oswa yon Òganizasyon Kominotè Vizite yon biwo SNAP (https://www1.nyc.gov/site/hra/locations/snap-locations.page) oswa Òganizasyon Kominotè (https://www1.nyc.gov/site/hra/partners/find-a-partner-organization.page) (CBO) nan zòn ou pou jwenn èd fas a fas.,{'url': 'https://a069-access.nyc.gov/ACCESSNYC/application.do'},Gade nan gid dokiman (https://www1.nyc.gov/assets/hra/downloads/pdf/fia-1227a-haitian-creole.pdf) SNAP la pou wè ki lòt bagay ou ka itilize kòm prèv.,Benefit,Pwogram Asistans Nitrisyonèl Siplemantè (Supplemental Nutrition Assistance Program)
"Программа STAR снижает налоги на недвижимость для соответствующих критериям домовладельцев, проживающих в школьных округах штата Нью-Йорк.",,"Посетите центрНайдите (http://www1.nyc.gov/site/finance/about/contact-us.page) центр, получите помощь лично.",{'url': 'https://a836-pts-efile.nyc.gov/SmartFile/Filing/FilingType/Info/NYC_STAR'},,Benefit,Программа освобождения от уплаты школьного налога
احصل على مساعدة في دفع ثمن مشتريات البقالة من خلال برنامج SNAP، المعروف سابقًا باسم كوبونات المعونات الغذائية. ستحصل على أموال مضافة لبطاقة الخصم التي يمكن استخدامها في العديد من محلات البقالة وأسواق المزارعين.,\nاطبع (http://otda.ny.gov/programs/applications/4826-AR.pdf) طلبًا ورقيًا، أو (https://www1.nyc.gov/site/hra/locations/snap-locations.page) احصل عليه من أحد مراكز برنامج SNAP (https://www1.nyc.gov/site/hra/locations/snap-locations.page) أو اتصل بخط المعلومات التابع لإدارة الموارد البشرية من خلال الرقم 1399-557-718 (https://www1.nyc.gov/site/hra/partners/find-a-partner-organization.page) لإرسال طلب ورقي إليك عبر البريد.\nاجمع المستندات التي ستحتاج إلى تضمينها مع طلبك.\nسلِّم طلبك المكتمل لدى أحد مراكز برنامج SNAP القريبة منك. يمكنك عمل نسخ من المستندات الخاصة بك في المركز.\nيمكنك أيضًا التقدم بطلب للحصول على مخصصات برنامج SNAP في إحدى المنظمات المجتمعية في الحي الذي تقطن به. يمكن للخبراء مساعدتك في تقديم طلبك والمستندات اللازمة.,تفضل بزيارة أحد مراكز برنامج SNAP أو إحدى المنظمات المجتمعية. تفضَّل بزيارة أحد مراكز برنامج SNAP (https://www1.nyc.gov/site/hra/locations/snap-locations.page) أو منظمتك المجتمعية المحلية (https://www1.nyc.gov/site/hra/partners/find-a-partner-organization.page) للحصول على المساعدة شخصيًا.,{'url': 'https://a069-access.nyc.gov/ACCESSNYC/application.do'},اطلع على (https://www1.nyc.gov/assets/hra/downloads/pdf/fia-1227a-arabic.pdf) دليل مستندات برنامج المساعدات الغذائية التكميلية (SNAP) لمعرفة المستتدات الأخرى التي يُمكن استخدامها كإثبات.,Benefit,Supplemental Nutrition Assistance Program
Les programmes EarlyLearn sont des programmes de garde et d’éducation à un prix abordable pour les enfants de six semaines à deux ans. Des centaines de programmes dans la ville de New York proposent ces services dans des environnements sûrs et favorables à l’apprentissage pour les enfants.,"\nTrouvez un programme sur MySchools (https://www.myschools.nyc/en/schools/3k/) .\nCliquez sur « Plus de filtres » et cochez l’une des options sous « Early Learn ».\nSaisissez ensuite votre adresse pour trouver des programmes près de chez vous.\nVisitez un programme. Le personnel vous aidera à remplir la demande.Si vous bénéficiez déjà de prestations de la HRA, vous devez déposer votre demande auprès de votre HRA Benefits Access Center (http://www.nyc.gov/html/hra/html/services/job_centers.shtml) .",,,,Service,Nourrissons et enfants en bas âge
"Программы Pre-K помогают детям получить хороший старт как в школе, так и в жизни. Ваш ребенок может приобрести навыки решения проблем, учатся задавать вопросы, а также изучают мир вокруг себя в безопасной и заботливой среде для обучения.",Подайте заявление в Центр приема семей (Family Welcome Center) (https://www.schools.nyc.gov/enrollment/enrollment-help/family-welcome-centers) с 10 января по 1 марта 2024 г.,"Посетите Центр приема семей Чтобы узнать больше о программах Pre-K, посетите Центр приема семей (http://nyc.gov/schools/welcomecenters) .",{'url': 'https://www.myschools.nyc/ru/'},"Посмотреть контрольный список перед регистрацией (https://www.schools.nyc.gov/docs/default-source/default-document-library/pre-registration-checklist) чтобы узнать больше о документах, необходимых для предварительной регистрации вашего ребенка и принятия его предложения Pre-K. Переведенные копии контрольного списка см. в разделе «Документы» Страница регистрации Pre-K для всех (https://www.schools.nyc.gov/enrollment/enroll-grade-by-grade/pre-k) .",Program,Программа дошкольного образования «Pre-K для всех»
"HEAP ayuda a los grupos familiares de bajos ingresos a cubrir el costo de la calefacción de sus casas. El beneficio puede pagar el combustible, su fuente de servicios públicos, el reemplazo del equipo de calefacción y las reparaciones. El beneficio se paga directamente al proveedor de calefacción o a la compañía de servicios públicos. Aún puede recibir el HEAP incluso si la calefacción está incluida en su alquiler.",Puede presentar su solicitud en persona para todos los componentes de HEAP en unaOficina de HEAP (https://otda.ny.gov/programs/heap/contacts/default.asp?county=New%20York%20City#result) .,,{'url': 'https://a069-access.nyc.gov/accesshra/'},,,Programa de Asistencia de Energía a los Hogares
"Le DHE permet aux personnes en situation de handicap possédant des maisons, des copropriétés ou des appartements coopératifs mono-, bi- ou tri-familles de bénéficier d’un allègement de l’impôt foncier sur leur résidence principale. Le DHE permet un allègement de cinq à cinquante pour cent de l’impôt foncier. L’allègement de l’impôt foncier dépend des revenus du foyer.",Déposez votre demande en personne dans un Department of Finance Business Center (Centre commercial du ministère des finances).,Présentez-vous dans un bureauPrésentez-vous dans un bureau du Centre commercial du ministère des finances (http://www1.nyc.gov/site/finance/pay-now/person.page) (ouvert du lundi au vendredi de 8h30 à 16h30) pour obtenir de l'aide en personne.,{'url': 'https://a836-pts-efile.nyc.gov/SmartFile/Filing/FilingType/Info/NYC_dhe'},"Pour déposer votre demande auprès de DHE, vous aurez besoin de prouver les éléments suivants :\nStatut de votre handicap : un des documents suivants pour un propriétaire :\nCopie de la lettre d’octroi de prestations d’invalidité de l’Administration de la Sécurité sociale\nCopie de la lettre d’octroi de prestations d’invalidité du Conseil de retraite des chemins de fer (Railroad Retirement Board) ou du service postal américain (U.S Postal Service)\nCopie du certificat de la Commission de l’État de New York pour les non-voyants (New York State Commission for the Blind) ou une lettre de l’Administration des anciens combattants indiquant que vous avez droit à une pension d’invalidité pour les anciens combattants.\nVotre revenu : copies de vos déclarations fiscales fédérales et échéanciers/pièces jointes pour tous les propriétaires. Si les propriétaires ne produisent pas de déclaration de revenu, veuillez fournir un justificatif de revenus annuels.\nVos déductions :  \ncopies des reçus de vos factures médicales payées mais non remboursées de l’année pour laquelle vous soumettez la documentation de vos revenus ou\nune copie de votre feuillet A (Schedule A).",Program,Exonération des propriétaires souffrant d'un handicap
"Los programas de prekínder ayudan a los niños a tener un comienzo sólido en la escuela y en la vida. Su hijo puede aprender a resolver problemas, hacer preguntas y explorar el mundo que lo rodea en una comunidad de aprendizaje segura y enriquecedora.",Envíe su solicitud en un Family Welcome Center (https://www.schools.nyc.gov/enrollment/enrollment-help/family-welcome-centers) del 10 de enero al 1 de marzo de 2024.,"Visite un Centro de Bienvenida a las Familias (Family Welcome Center) Para obtener más información sobre los programas Pre-K, visite el Centro de Bienvenida a las Familias (Family Welcome Center) (http://nyc.gov/schools/welcomecenters) .",{'url': 'https://www.myschools.nyc/es/'},"Ver el lista de verificación de preinscripción (https://www.schools.nyc.gov/docs/default-source/default-document-library/pre-registration-checklist) para obtener más información sobre los documentos que necesita para preinscribir a su hijo y aceptar su oferta de Pre-K. Para obtener copias traducidas de la lista de verificación, consulte la sección Documentos del Página de inscripción de Prekínder para Todos (https://www.schools.nyc.gov/enrollment/enroll-grade-by-grade/pre-k) .",Program,Prekínder para todos (Pre-K for All)
EarlyLearn پروگرام چھ ہفتے سے دو سال تک کے بچوں کیلئے مفت یا کم لاگت بچوں کی دیکھ بھال اور تعلیم فراہم کرتے ہیں۔ نیو یارک سٹی میں سینکڑوں پروگرام ہیں جو بچوں کیلئے محفوظ اور مثبت سیکھنے کا ماحول پیش کرتے ہیں۔,"\nMySchools (https://www.myschools.nyc/en/schools/3k/) پر پروگرام تلاش کریں۔\n""مزید فلٹرز"" پر کلک کریں اور ""EarlyLearn"" کے تحت کسی بھی آپشن کو نشان زد کریں۔\nپھر، اپنے نزدیک پروگرام تلاش کرنے کیلئے اپنے گھر کا پتہ ٹائپ کریں۔\nپروگرام کا دورہ کریں۔ عملہ درخواست مکمل کرنے میں آپ کی مدد کرے گا۔اگر آپ پہلے سے ہی HRA کی مراعات حاصل کر رہے ہیں، تو آپ اس کی بجائے اپنے تفویض کردہ HRA بینیفٹس ایکسیس سنٹر (http://www.nyc.gov/html/hra/html/services/job_centers.shtml) میں درخواست دیں۔",,,,Program,شیرخوار اور نونہال
"2024-এর জন্য ট্যাক্স ফাইল করার সময়, পরিবারগুলি 17 বছরের কম বয়সী প্রত্যেক যোগ্য শিশুর জন্য $2,000 পর্যন্ত মূল্যের এই ট্যাক্স ক্রেডিট দাবি করতে পারেন। $1,700 পর্যন্ত ফেরতযোগ্য, অর্থাৎ আপনাকে কোনো ট্যাক্স না দিতে হয় তবুও টাকা পেতে পারেন।",নিউ ইয়র্ক সিটির বিনামূল্যে ট্যাক্স প্রস্তুতি (NYC Free Tax Prep) (https://www1.nyc.gov/site/dca/consumers/file-your-taxes.page) -এর সাথে ব্যক্তিগতভাবে উপস্থিত হয়ে বিনামূল্যে ট্যাক্স ফাইল করার সহায়তা পান৷,,{'url': 'https://www.getyourrefund.org/'},আপনার কর দাখিল (https://www.nyc.gov/site/dca/consumers/file-your-taxes-documents.page) করার জন্য এবং CTC দাবি করার জন্য আপনার যেসমস্ত নথিপত্রের প্রয়োজন হবে তার একটি তালিকা দেখুন।,Benefit,চাইল্ড ট্যাক্স ক্রেডিট
"Cuando presenten su declaración de impuestos de 2024, las familias pueden reclamar este crédito fiscal por un valor de hasta $2,000 para cada hijo menor de 17 años que califique. Se pueden reembolsar hasta $1,700, lo que significa que puede obtener el dinero incluso si no debe ningún impuesto.",Obtenga ayuda en persona y gratis con la presentación de la declaración de impuestos medianteNYC Free Tax Prep (https://www1.nyc.gov/site/dca/consumers/file-your-taxes.page) .,,{'url': 'https://www.getyourrefund.org/'},Consulte una lista de documentos (https://www.nyc.gov/site/dca/consumers/file-your-taxes-documents.page) que necesita cuando presente sus impuestos y reclame el CTC.,Benefit,Crédito Tributario por Hijos
DRIE 藉由凍結租金，協助符合資格的殘障居民居住於可負擔的住宅。承租人支付凍結租金。不動產抵減稅額負擔實際租金以及凍結租金之間的差額。,尋找離您最近的財政部協助中心 (https://www1.nyc.gov/site/rentfreeze/help/help-temporary-centers.page) 以進行申請。您可能需要預約才能造訪中心。,,,要申請 DRIE，您需要提供以下證明：\n您正在領取符合條件的殘疾福利（和授與函）\n您的年齡\n您的租金\n在您提交申請之前的日曆年度中，您與住在您公寓中所有家庭成員的收入。例如，在 2018 年提交的申請需要包含 2017 年的家庭收入資訊。收入證明可包含以下單據：\n報稅表\n社會安全福利金\n1099/W2 說明書,Program,殘障人士免加租
"« Section 8 » verse une partie du loyer pour les familles à revenus faibles et modérés qui souhaitent louer sur le marché privé. L'admissibilité à ce programme est basée sur le revenu et la taille de la famille. En règle générale, les familles consacrent au plus 40 % de leurs revenus mensuels pour régler leur loyer. La Commission du logement de la ville de New York (NYC Housing Authority, NYCHA) verse la somme restante au propriétaire.",,Trouver un bureauPrenez rendez-vous (https://wb-nycha.qmatic.cloud/) pour vous rendre dans un centre de contact clientèle.,,,,"Section 8 / Programme d’aide au choix du logement (Housing Choice Voucher, HCV)"
啟蒙教育計畫為 3 至 4 歲的兒童提供安全且正向的環境，供其學習、玩耍和培養技能，準備好迎接幼稚園和之後的學校生活。 該計畫也為兒童及其家庭提供健康、營養及其他服務。,若要尋找並申請啟蒙教育計畫，請：\n前往 MySchools (3-k) (https://www.myschools.nyc/en/schools/3k/) 或 MySchools (Pre-K) (https://www.myschools.nyc/en/schools/pre-k/) 。\n按一下「More Filters」（更多篩選器）。 選中「Year-Round 3-K / Pre-K Programs（全年 3-K / Pre-K 計畫）」下方的「Head Start」（啟蒙教育）核取方塊。\n輸入您的住家地址，以搜尋計畫。\n與您感興趣的計畫聯絡。,,,,Service,啟蒙教育計畫
"Благодаря программе HEAP семьи с низким доходом могут покрывать стоимость отопление своих домов. Пособие можно использовать для оплаты отопления, коммунальных услуг, ремонта и замены отопительного оборудования. Сумма пособия перечисляется непосредственно поставщику коммунальных или отопительных услуг. Вы можете получать пособие HEAP, даже если стоимость отопления включена в вашу арендную плату.","Вы можете лично подать заявление на все компоненты HEAP, посетивофис HEAP (https://otda.ny.gov/programs/heap/contacts/default.asp?county=New%20York%20City#result) .",,{'url': 'https://a069-access.nyc.gov/accesshra/'},,,Программа помощи в оплате бытового энергопотребления (Home Energy Assistance Program)
"В рамках программы «Section 8» оплачивается часть арендной платы для семей с низким и средним уровнями дохода, которые хотят арендовать жилье на частном рынке. Право на участие в этой программе зависит от дохода и размера семьи. Обычно они тратят на аренду не более 40 процентов своего ежемесячного дохода. Управление жилищного хозяйства г. Нью-Йорка (New York City Housing Authority, NYCHA) оплачивает оставшуюся часть арендной платы.",,Посетите центр личноЗапишитесь на прием (https://wb-nycha.qmatic.cloud/) в Контактный центр по работе с клиентами.,,,,Программа «Раздел 8» / программа предоставления ваучеров на выбор жилья
"Zwolnienie starszych właścicieli domów (Senior Citizen Homeowners’ Exemption, SCHE) obniża podatki od nieruchomości seniorów, którzy posiadają od jednego do trzech domów, apartamentów lub mieszkań spółdzielczych i spełniają wymogi dotyczące dochodów.",Wniosek można złożyć osobiście w Centrum Biznesowego Wydziału Finansów. (http://www1.nyc.gov/site/finance/pay-now/person.page),,{'url': 'https://a836-pts-efile.nyc.gov/SmartFile/Filing/FilingType/Info/NYC_SCHE'},"Osoby, które zechcą ubiegać się o SCHE, będą musiały udokumentować:\nWiek: wymagana jest kopia dowodu tożsamości wydanego przez instytucję rządową\nDochody: kopie federalnych zeznań podatkowych oraz harmonogramy/załączniki dla wszystkich właścicieli. Jeśli dowolny z właścicieli nie składa zeznania podatkowego, poświadczenie zarobków za rok 2018.\nPotrącenia: \nKopie rachunków nierefundowanych wydatków na cele medyczne lub leki na receptę z roku poświadczenia zarobków LUB\nKopia Schedule A\nW zależności od wniosku może być potrzebna umowa powiernicza, testament lub inne dokumenty prawne.",Program,Zwolnienie seniorów będących właścicielami domów z podatku od nieruchomości
طلباء COMPASS NYC کے ذریعے NYC میں اسکول سے فارغ اوقات کے سینکڑوں مفت پروگراموں میں سے ایک میں حصہ لے سکتے ہیں۔ COMPASS پروگرام ہوم ورک میں مدد، کھیل، فنون اور مزید بہت کچھ کی پیشکش کر سکتے ہیں۔ یہ مفت ہیں اور پورے شہر میں موجود ہیں۔,اپنے بچے کا COMPASS NYC پروگرام میں اندراج کروانے کے لیے اپنے بچے کے اسکول میں پروگرام کے عملے سے رابطہ کریں۔,اپنے بچے کے اسکول میں جائیںمزید معلومات کے لیے اپنے بچے کے اسکول میں آفٹر اسکول پروگرام کے عملہ سے بات کریں۔,{'url': 'https://discoverdycd.dycdconnect.nyc/'},درخواست دینے کے لیے، آپ کو اپنے بچے کی شناخت کے درج ذیل ثبوتوں میں سے ایک فراہم کرنے کی ضرورت ہوگی:\nپیدائش کا سرٹیفکیٹ\nنیچرلائزیشن سرٹیفکیٹ\nپیدائش کے سرکاری ریکارڈ\nسرکاری اسکول کا ریکارڈ\nپاسپورٹ\nIDNYC\nگود لینے کے ریکارڈ\nبپتسمہ یا کوئی اور مذہبی سند,Program,NYC کا اسکول سے فارغ اوقات کا جامع نظام
"SCHE는 1채에서 3채의 주택, 콘도 또는 공동 아파트를 소유하고 있으며 소득 요건을 충족하는 고령자의 재산세를 낮춰 드립니다.",재무부 비즈니스 센터 (http://www1.nyc.gov/site/finance/pay-now/person.page) 에 방문하여 신청하십시오.,,{'url': 'https://a836-pts-efile.nyc.gov/SmartFile/Filing/FilingType/Info/NYC_SCHE'},"SCHE를 신청하려면 다음을 증명해야 합니다.\n연령: 정부 발급 ID 사본\n소득: 모든 소유주의 연방 소득 신고서 및 명세서/첨부 문서 사본. 소유주가 소득 신고서를 제출하지 않은 경우\n연소득공제 항목:\n소득 신고 연도에 상환되지 않은 지불된 의료비 영수증 사본, 또는\n스케줄 A의 사본.\n신청서에 따라 신탁 계약서, 유언장 또는 기타 법적 문서가 필요할 수 있습니다.",Program,고령 주택 소유주 면제
HEAP‏ کم آمدنی والے گھرانوں کی اپنے گھروں کے حرارت کے اخراجات کو پورا کرنے میں مدد کرتا ہے۔ مذکورہ مراعت ایندھن، آپ کی یوٹیلیٹی کے ذریعے اور حرارتی آلات کی تبدیلی اور مرمتوں کے لیے ادائیگی کر سکتی ہے۔ مراعت براہ راست ہیٹنگ وینڈر یا یوٹیلیٹی کمپنی کو ادا کی جاتی ہے۔ اگر آپ کی حرارت آپ کے کرایے میں شامل ہے تب بھی آپ ‏HEAP‏ حاصل کر سکتے ہیں۔,آپHEAP‏ کے دفتر (https://otda.ny.gov/programs/heap/contacts/default.asp?county=New%20York%20City#result) میں تشریف لا کر ‏HEAP‏ کے تمام اجزا کے لیے بذات خود درخواست دے سکتے ہیں۔,,{'url': 'https://a069-access.nyc.gov/accesshra/'},,,گھریلو توانائی میں اعانت پروگرام
توفر برامج EarlyLearn الرعاية والتعليم بالمجان أو بتكلفة منخفضة للأطفال من عمر ستة أسابيع حتى عامين. وهناك مئات البرامج التي توفر بيئات تعلم آمنة وإيجابية للأطفال في مدينة نيويورك.,"\nابحث عن برنامج عبر MySchools. (https://www.myschools.nyc/en/schools/3k/) \nانقر على ""More Filters"" (المزيد من عوامل التصفية) وحدد أيًا من الخيارات المدرجة أسفل ""EarlyLearn"".\nثم اكتب عنوان منزلك للعثور على برنامج قريب منك.\nيمكنك زيارة أحد البرامج. سيساعدك الموظفون في إكمال الطلب.إذا كنت تحصل على مخصصات HRA بالفعل، فتقدّم بطلب إلى مركز الوصول إلى المخصصات (Benefits Access Center) التابع لإدارة HRA (http://www.nyc.gov/html/hra/html/services/job_centers.shtml) المحدد لك بدلًا من ذلك.",,,,Program,الرضع والأطفال الصغار
"El Crédito Fiscal para el Cuidado de Niños y Dependientes le reembolsa hasta el 50% del costo del cuidado de un niño o un adulto dependiente. En su declaración de impuestos de 2024, puede reclamar hasta $3,000 por el costo de la atención de una persona que califica y $6,000 por la atención de dos o más personas que califican.",Obtenga ayuda en persona y gratis con la presentación de la declaración de impuestos medianteNYC Free Tax Prep (https://www1.nyc.gov/site/dca/consumers/file-your-taxes.page) .,,{'url': 'https://www.getyourrefund.org/'},,Benefit,Crédito fiscal por cuidado de dependientes e hijos
بإمكان التلاميذ الانضمام إلى مئات من برامج ما بعد الدراسة المجانية في مدينة نيويورك من خلال نظام COMPASS NYC. تقدم برامج COMPASS المساعدة في الواجبات المدرسية والرياضة والفنون وغيرها المزيد، وهي برامج مجانية ومتوفرة في جميع أنحاء المدينة.,لتسجيل طفلك في برنامج COMPASS NYC، اتصل بموظف برنامج ما بعد الدوام الدراسي الموجود في مدرسة طفلك.,زر مدرسة طفلكتحدث مع أحد أفراد طاقم عمل برنامج ما بعد الدوام المدرسي في مدرسة طفلك لمعرفة المزيد من المعلومات.,{'url': 'https://discoverdycd.dycdconnect.nyc/'},للتقدم ، ستحتاج إلى تقديم أحد إثباتات الهوية التالية لطفلك:\nشهادة الميلاد\nشهادة التجنيس\nسجلات الميلاد الرسمية\nسجلات المدرسة الرسمية\nجواز سفر\nIDNYC\nسجلات التبني\nمعمودية أو شهادة دينية أخرى,Program,البرنامج الشامل لمنظومة ما بعد الدوام الدراسي لمدينة نيويورك
ہیڈ اسٹارٹ پروگرامز 3 تا 4 سال کے بچوں کیلئے سیکھنے، کھیلنے اور وہ مہارتیں حاصل کرنے کے لیے محفوظ اور مثبت ماحول فراہم کرتے ہیں جن سے وہ کنڈرگارٹن اور اس سے آگے کے لیے تیار ہو جاتے ہیں۔ پروگرامز بچوں اور ان کی فیملیز کو صحت، غذائیت اور دیگر خدمات بھی فراہم کرتے ہیں۔,"ہیڈ اسٹارٹ پروگرام کو تلاش کرنے اور درخواست دینے کے لیے:\nMySchools (3-k)‎ (https://www.myschools.nyc/en/schools/3k/) یا MySchools (Pre-K)‎ (https://www.myschools.nyc/en/schools/pre-k/) پر جائیں۔\n""More Filters"" (مزید فلٹرز) پر کلک کریں۔ ""Year-Round 3-K / Pre-K Programs (پورے سال 3-K / پری کے پروگرامز)"" کے تحت ""Head Start"" (ہیڈ اسٹارٹ) والے چیک باکس کو منتخب کریں۔\nپروگرام تلاش کرنے کے لیے اپنے گھر کا پتہ ٹائپ کریں۔\nکسی ایسے پروگرام سے رابطہ کریں جس میں آپ کی دلچسپی ہو۔",,,,Service,ہیڈ اسٹارٹ
"Ulga podatkowa z tytułu opieki nad dzieckiem lub osobą będącą na utrzymaniu umożliwia uzyskanie zwrotu do 50% kosztów z tytułu opieki nad dzieckiem lub osobą dorosłą będącą na utrzymaniu. W deklaracji podatkowej za 2024 rok możesz ubiegać się o zwrot kwoty w wysokości do $3,000 z tytułu kosztów opieki nad jedną kwalifikującą się osobą oraz kwoty $6,000 w przypadku co najmniej dwóch kwalifikujących się osób.",Uzyskaj bezpłatnie osobistą pomoc w wypełnieniu zeznania podatkowego w ramachbezpłatnego sporządzania deklaracji podatkowych (Free Tax Prep) w mieście Nowy Jork (https://www1.nyc.gov/site/dca/consumers/file-your-taxes.page) .,,{'url': 'https://www.getyourrefund.org/'},,Benefit,"Ulga podatkowa z tytułu opieki nad dzieckiem lub osobą będącą na utrzymaniu (Child and Dependent Care Tax Credit, CDCC)"
El programa EarlyLearn da cuidado infantil y educación gratis o a bajo costo a niños entre seis semanas y dos años. Hay cientos de programas en la Ciudad de Nueva York que tienen entornos de aprendizaje seguros y positivos para los niños.,"\nEncuentre un programa en MySchools (https://www.myschools.nyc/en/schools/3k/) .\nHaga clic en “More Filters” (Más filtros) y marque cualquiera de las opciones en “EarlyLearn”.\nEscriba su domicilio para buscar un programa cerca de usted.\nVisite un programa. El personal lo ayudará a completar la solicitud.Si ya recibe beneficios de la HRA, solicítelos en su Centro de acceso a los beneficios de la Administración de Recursos Humanos (HRA) (http://www.nyc.gov/html/hra/html/services/job_centers.shtml) asignado.",,,,Program,Bebés y niños pequeños
"প্রি-K কর্মসূচিগুলি শিশুদের স্কুলে এবং জীবনে একটি দৃঢ় শুরু করতে সাহায্য করে। আপনার সন্তান একটি নিরাপদ, আনন্দদায়ক শিক্ষার কমিউনিটিতে সমস্যা সমাধান করতে, প্রশ্ন জিজ্ঞাসা করতে এবং তার চারপাশের পৃথিবী জানার বিষয়ে শিখতে পারে।","একটি পারিবারিক স্বাগত কেন্দ্রে (Family Welcome Center) (https://www.schools.nyc.gov/enrollment/enrollment-help/family-welcome-centers) জানুয়ারি 10, 2024 থেকে 1 মার্চ, 2024 পর্যন্ত আবেদন করুন ৷",কোনও পরিবার অভ্যর্থনা কেন্দ্রে যান প্রি-K কর্মসূচি সম্পর্কে আরও জানতে একটি ফ্যামিলি ওয়েলকাম সেন্টার (http://nyc.gov/schools/welcomecenters) যান।,{'url': 'https://www.myschools.nyc/bn/'},"দেখুন প্রাক-নিবন্ধন চেকলিস্ট (https://www.schools.nyc.gov/docs/default-source/default-document-library/pre-registration-checklist) আপনার সন্তানের প্রাক-নিবন্ধন করতে এবং তাদের প্রি-কে অফার গ্রহণ করতে আপনার প্রয়োজনীয় নথিগুলি সম্পর্কে আরও জানতে। চেকলিস্টের অনূদিত কপিগুলির জন্য, এর নথি বিভাগটি দেখুন৷ সমস্ত তালিকাভুক্তির পৃষ্ঠার জন্য প্রি-কে (https://www.schools.nyc.gov/enrollment/enroll-grade-by-grade/pre-k) ।",Program,প্রি-K For All
"Obtenga ayuda para pagar sus compras con SNAP, anteriormente conocido como cupones de alimentos. Obtendrá dinero en una tarjeta de débito que puede usarse en muchos supermercados y mercados de agricultores.","\nImprima una (http://otda.ny.gov/programs/applications/4826.pdf) solicitud (https://www1.nyc.gov/site/hra/locations/snap-locations.page) , pida una en un centro de SNAP (https://www1.nyc.gov/site/hra/locations/snap-locations.page) , o llame a la línea de información de la HRA al 718-557-1399 (https://www1.nyc.gov/site/hra/partners/find-a-partner-organization.page) para que le envíen una solicitud impresa por correo.\nReúna los documentos que necesitará para incluirlos a su solicitud.\nEntregue su solicitud completada en un centro de SNAP cerca de usted. Puede hacer copias de sus documentos en el centro.\nTambién puede enviar una solicitud para SNAP en una organización de la comunidad (CBO) de su barrio. Los expertos pueden ayudarlo a presentar su solicitud y los documentos necesarios.",Visite un centro de SNAP o una organización de la comunidad Visite un centro de SNAP (https://www1.nyc.gov/site/hra/locations/snap-locations.page) o su organización de la comunidad (CBO) local (https://www1.nyc.gov/site/hra/partners/find-a-partner-organization.page) para obtener ayuda en persona.,{'url': 'https://a069-access.nyc.gov/ACCESSNYC/application.do'},,Benefit,Programa de Asistencia de Nutrición Suplementaria
"EITC se yon kredi taks pou fanmi ki kalifye yo, paran ki pa gen gad timoun yo, ak moun ki travay aplentan oswa a tan pasyèl oswa ki travay ak pwòp tèt yo. Gen vèsyon federal, leta ak Vil Nouyòk EITC.","Jwenn èd pou ranpli taks an pèsònNYC Free Tax Prep (https://www1.nyc.gov/site/dca/consumers/file-your-taxes.page) . Preparatè volontè VITA/TCE ki sètifye IRS ka ede w ranpli an pèsòn, oswa apre ou depoze dokiman w yo.",,{'url': 'https://www.getyourrefund.org/'},,,Enpo Kredi nan Taks sou Revni ou Touche
"چائلڈ اینڈ ڈیپنڈنٹ کيئر ٹیکس کریڈٹ ‏(Child and Dependent Care Tax Credit)‏ آپ کو بچے یا بالغ منحصر فرد کی نگہداشت کی لاگت کے ‎50%‏ تک کی باز ادائیگی کرتا ہے۔ اپنے 2024‏‎‏ کے ٹیکس ریٹرن میں، آپ اہل قرار پانے والے ایک فرد کی نگہداشت کی لاگت کے لیے ‏‎$3,000‏ تک کا اور اہل قرار پانے والے دو یا زائد افراد کی نگہداشت کے لیے ‏‎$6,000‏ تک کا دعوی کر سکتے ہیں۔",NYC‏ فری ٹیکس پریپ (https://www1.nyc.gov/site/dca/consumers/file-your-taxes.page) کے ساتھ ٹیکس فائل کرنے میں بذات خود مفت مد حاصل کریں۔,,{'url': 'https://www.getyourrefund.org/'},,Benefit,بچوں اور زیرِ کفالت افراد کی نگہداشت کا ٹیکس کریڈٹ
"아동 및 부양가족 지원 세금 공제를 통해 아동 또는 성인 부양가족의 돌봄 비용 중 50%를 환급해 드립니다. 2024년도 세금 신고를 할 때 자격을 갖춘 한 명에 대한 돌봄 비용은 최대 $3,000, 두 명 이상에 대한 돌봄 비용은 최대 $6,000까지 신청할 수 있습니다.",NYC 무료 세금 신고 (https://www1.nyc.gov/site/dca/consumers/file-your-taxes.page) 를 통해 직접 무료 세금 신고에 대한 도움을 받으십시오.,,{'url': 'https://www.getyourrefund.org/'},,Benefit,자녀 및 부양가족 지원 세금 환급
"L’EITC est un crédit d’impôt pour les familles admissibles, les parents non gardiens, et les personnes qui travaillent à temps plein ou partiel ou les travailleurs indépendants. Il existe une version fédérale, une version de l’État et une version de la ville de New York de l’EITC.",Obtenez de l’aide en personne pour remplir votre déclaration d’impôts grâce àNYC Free Tax Prep (https://www1.nyc.gov/site/dca/consumers/file-your-taxes.page) ‎. Les préparateurs bénévoles VITA/TCE certifiés par l’IRS peuvent vous aider à remplir votre déclaration en personne ou après avoir déposé vos documents.,,{'url': 'https://www.getyourrefund.org/'},Voici une liste de documents (https://www.nyc.gov/site/dca/consumers/file-your-taxes-documents.page) dont vous aurez besoin pour remplir votre déclaration fiscale et votre demande d’EITC.,Benefit,"Crédit d’impôt sur le revenu du travail (Earned Income Tax Credit, EITC)"
Pre-K پروگرامز بچوں کو اسکول اور زندگی میں مضبوط آغاز کرنے میں مدد کرتے ہیں۔ آپ کا بچہ مسائل حل کرنا، سوال کرنا سیکھ سکتا ہے، اور ایک محفوظ، نشوونما کو فروغ دینے والے ماحول میں اپنے اردگرد کی دنیا کو کھوج سکتا ہے۔,10‏ جنوری ‎2024‏ سے ‎1‏ مارچ ‎2024‏ تک Family Welcome Center (https://www.schools.nyc.gov/enrollment/enrollment-help/family-welcome-centers) میں درخواست دیں۔,فیملی ویلکم سنٹر پر تشریف لے جائیں pre-K پروگرامز کے بارے میں مزید جاننے کے لیے فیملی ویلکم سینٹر (http://nyc.gov/schools/welcomecenters) ملاحظہ کریں۔,{'url': 'https://www.myschools.nyc/ur/'},دیکھیں پری رجسٹریشن چیک لسٹ (https://www.schools.nyc.gov/docs/default-source/default-document-library/pre-registration-checklist) ان دستاویزات کے بارے میں مزید جاننے کے لیے جن کی آپ کو اپنے بچے کو پہلے سے رجسٹر کرنے اور ان کی پری K پیشکش کو قبول کرنے کی ضرورت ہے۔ چیک لسٹ کی ترجمہ شدہ کاپیوں کے لیے، دستاویزات کا سیکشن دیکھیں پری K تمام اندراج صفحہ کے لیے (https://www.schools.nyc.gov/enrollment/enroll-grade-by-grade/pre-k) ۔,Program,Pre-K سب کے لیے
DHE lowers the property taxes of eligible New Yorkers with disabilities. You may be able to reduce your home's assessed value by 5-50% depending on your income.,Apply in person at aDepartment of Finance Business Center (http://www1.nyc.gov/site/finance/pay-now/person.page) .,,{'url': 'https://a836-pts-efile.nyc.gov/SmartFile/Filing/FilingType/Info/NYC_DHE'},"To apply for DHE you will need to prove the following:Your disability status: one of the following for an owner:\n\nCopy of Disability Award letter from the Social Security Administration\nCopy of Disability Award letter from the Railroad Retirement Board or the U.S Postal Service\nCopy of Certificate from the New York State Commission for the Blind, or a Veterans Administration letter stating that you are entitled to a veterans disability pension.\nYour income: copies of federal tax returns and additional forms (schedules) for all owners. If any owners do not file a tax return, provide proof of yearly earnings.\nYour deductions:\nCopies of receipts for your paid medical bills not covered by insurance for your income documentation year, OR\nCopy of your Schedule A",Program,Disabled Homeowners' Exemption
"Los planes médicos calificados son planes de seguro médicoprivados en los que usted paga una determinada cantidad mensual porla cobertura. También hay gastos de bolsillo, comocopagos,deducibles y coseguros (https://www.nyc.gov/site/ochia/coverage-care/insurance-a-z.page#C) .",Obtenga ayuda para inscribirse con un (https://nystateofhealth.ny.gov/agent/hx_brokerSearch?fromPage=INDIVIDUAL) asistentede seguro médico.,,{'url': 'https://nystateofhealth.ny.gov/'},"Para inscribirse en planes de seguro de salud pública,necesitará:\nDocumentos de ciudadanía/inmigración que indiquen su estadolegal de inmigración\nNúmeros de Seguro Social (SSN)\nFecha de nacimiento de todas las personas que presentan lasolicitud en el grupo familiar\nInformación laboral actual\nIngresos del grupo familiar",Benefit,Planes médicos calificados
"Seksyon 8 la peye yon pati nan lwaye a pou fanmi ki gen revni ba ak modere ki vle lwe nan mache prive a. Elijiblite pou pwogram sa a baze sou revni yon fanmi ak gwosè fanmi an. Anjeneral, fanmi yo pap peye plis pase 40% nan revni mansyèl yo pou lwaye yo. NYCHA peye rès la bay pwopriyetè pwopriyete a.",,Ale nan yon lokalPran yon randevou (https://wb-nycha.qmatic.cloud/) pou vizite yon Sant Kontak Kliyan.,,,,Seksyon 8 / Pwogram Bon Chwa Lojman
عمل برنامج STAR على تخفيض ضرائب الملكية لأصحاب المنازل المؤهلين الذين يعيشون في المناطق التعليمية بولاية نيويورك.,,زيارة أحد المراكزإيجاد (https://www1.nyc.gov/site/finance/about/contact-us.page) مركزالحصول على المساعدة شخصياً.,{'url': 'https://a836-pts-efile.nyc.gov/SmartFile/Filing/FilingType/Info/NYC_STAR'},,Benefit,برنامج تخفيض ضريبة المدارس
"EITC jest ulgą podatkową dla kwalifikujących się rodzin, rodziców pozbawionych opieki prawnej oraz osób fizycznych pracujących na pełny etat, część etatu lub w ramach samozatrudnienia. Ulga EITC występuje w wersji federalnej, stanowej i dla miasta Nowy Jork.",Uzyskaj osobistą pomoc w wypełnieniu zeznania podatkowego w ramachbezpłatnego sporządzania deklaracji podatkowych (Free Tax Prep) w mieście Nowy Jork (https://www1.nyc.gov/site/dca/consumers/file-your-taxes.page) . Certyfikowani przez IRS wolontariusze VITA/TCE mogą pomóc Ci w uzupełnieniu dokumentów osobiście lub przeprowadzić Cię przez dalszą część postępowania po ich złożeniu.,,{'url': 'https://www.getyourrefund.org/'},"Zapoznaj się z listą dokumentów, (https://www.nyc.gov/site/dca/consumers/file-your-taxes-documents.page) których będziesz potrzebować do złożenia zeznania podatkowego i ubiegania się o EITC.",Benefit,"Ulga podatkowa od dochodów (Earned Income Tax Credit, EITC)"
Pwogram EarlyLearn yo ofri swen pou timoun gratis oswa pou yon tikras lajan epi yo bay edikasyon pou timoun soti sis (6) semèn rive de (2) lane. Gen plizyè santèn pwogram nan Vil New York ki ofri anviwònman aprantisaj sekirize e pozitif pou timoun yo.,"\nJwenn yon pwogram sou MySchools. (https://www.myschools.nyc/en/schools/3k/) \nKlike sou “More Filters” epi tcheke nenpòt opsyon ki anba “EarlyLearn”.\nApresa, tape nan adrès akèy la pou chache yon pwogram ki toupre ou.\nVizite yon pwogram. Estaf la pral ede w ranpli aplikasyon w lan.Si ou deja gen avantaj HRA, fè demann ou an nan Sant Aksè pou Avantaj HRA yo asiyen w lan (http://www.nyc.gov/html/hra/html/services/job_centers.shtml) pito.",,,,Program,Tibebe ak Timoun Piti
"Qualified Health Plans — это планы частного медицинскогострахования, по условиям которых вам необходимо ежемесячно вноситьопределенную сумму за страховое покрытие. Помимо этого есть расходыза счет собственных средств, включаядополнительныеплатежи, франшизы и взносы совместного страхования (https://www.nyc.gov/site/ochia/coverage-care/insurance-a-z.page#C) .",Обратитесь за помощью в регистрации к (https://nystateofhealth.ny.gov/agent/hx_brokerSearch?fromPage=INDIVIDUAL) консультантув сфере медицинского страхования.,,{'url': 'https://nystateofhealth.ny.gov/'},"Чтобы подать заявление на приобретение плана государственногомедицинского страхования, вам необходимо предоставить указаннуюниже информацию.\nДокументы, подтверждающие гражданство / иммиграционныйстатус\nНомер социального обеспечения (SSN)\nДаты рождения всех членов семьи, подающих заявление\nИнформация о текущем трудоустройстве\nДоход семьи",Benefit,Qualified Health Plans
يسهم برنامج مساعدات الطاقة المنزلية (HEAP) في إعانة الأسر المعيشية المحدودة الدخل من أجل تغطية النفقات المتعلقة بتدفئة منازلهم. يمكن دفع هذه المخصصات مقابل الوقود، ومصدر خدمات المرافق لديك، وأيضًا مقابل استبدال معدات التدفئة وإصلاحها. تُسدد المخصصات مباشرة إلى مورِّد التدفئة أو شركة خدمات المرافق. يحق لك الحصول على مخصصات برنامج HEAP حتى إذا كانت التدفئة مشمولة في إيجارك.,يمكنك تقديم الطلب بشكل شخصي فيما يخص كل جوانب برنامج المساعدة في دفع نفقات الطاقة المنزلية HEAP‏، وذلك بزيارةأحد مكاتب ‏HEAP (https://otda.ny.gov/programs/heap/contacts/default.asp?county=New%20York%20City#result) ‏.,,{'url': 'https://a069-access.nyc.gov/accesshra/'},,,برنامج مساعدات الطاقة المنزلية
El Crédito de Desgravación Fiscal Escolar (STAR) reduce los impuestos sobre la propiedad a los propietarios elegibles que viven en los distritos escolares del estado de Nueva york.,,Visite un centroEncuentre (http://www1.nyc.gov/site/finance/about/contact-us.page) una oficina y reciba ayuda en persona.,{'url': 'https://a836-pts-efile.nyc.gov/SmartFile/Filing/FilingType/Info/NYC_STAR'},,Benefit,Programa de Desgravación Impositiva Escolar
SCRIE helps eligible senior citizens 62 and older stay in affordable housing by freezing their rent. Tenants can keep paying what they were paying even if their landlord increases the rent. The landlord gets a property tax credit that covers the difference between the new and original rent amount.,Apply at a Department of Finance Assistance Center (https://www1.nyc.gov/site/rentfreeze/help/help-temporary-centers.page) . You may need to schedule an appointment.,,,"To apply for SCRIE, you will need copies of documents that prove:\nWho you are (and your age)\nWhere you live - You need to prove your rent which includes prior and current documents or leases.\nIncome - This includes your income and the income of all household members who lived in your apartment for the year before you submit your application.",Program,Senior Citizen Rent Increase Exemption
"Подавая налоговую декларацию за 2024 год, семьи могут потребовать предоставления налогового вычета в сумме до $2,000 на каждого соответствующего критериям ребенка возрастом до 17 лет. Вам могут вернуть до $1,700, то есть вы можете получить деньги, даже если у вас нет задолженности по налогам.",Получите бесплатную помощь в подготовке налоговых деклараций лично черезNYC Free Tax Prep.‎ (https://www1.nyc.gov/site/dca/consumers/file-your-taxes.page),,{'url': 'https://www.getyourrefund.org/'},"Ознакомьтесь со списком документов (https://www.nyc.gov/site/dca/consumers/file-your-taxes-documents.page) , которые понадобятся вам для подачи налоговой декларации и получения CTC.",Benefit,"Налоговый вычет за ребенка (Child Tax Credit, CTC)"
الخطط الصحية المؤهلة عبارة عن خطط تأمين صحي خاص تدفع فيها مبلغًاشهريًا محددًا مقابل التغطية. هناك أيضًا نفقات تُدفع من مالك الخاص،بما في ذلكمبالغالمشاركة في الدفع ومبالغ التحمل ومبلغ التأمين المشترك (https://www.nyc.gov/site/ochia/coverage-care/insurance-a-z.page#C) .,يمكنك الحصول على المساعدة في عملية التسجيل من خلال أحد (https://nystateofhealth.ny.gov/agent/hx_brokerSearch?fromPage=INDIVIDUAL) المساعدينالمختصين بالتأمين الصحي.,,{'url': 'https://nystateofhealth.ny.gov/'},للتسجيل في خطط التأمين الصحي العامة، سوف تحتاج إلى:\nوثائق الجنسية/الهجرة التي تشير إلى وضعك القانوني كمهاجر\nرقم الضمان الاجتماعي (SSN)\nتاريخ الميلاد لكل شخص يتقدم بطلب في الأسرة\nمعلومات التوظيف الحالية\nدخل الأسرة,Benefit,الخطط الصحية المُؤهلة
تخفض إعفاءات المحاربين القدامى الضرائب العقارية على المحاربين القدامى المؤهلين أو أزواجهم أو الأزواج الباقين على قيد الحياة غير المتزوجين من بعدهم ووالدي الجنود الذين ماتوا أثناء الخدمة (عائلة Gold Star).,قم بزيارة مركز أعمال تابع لإدارة المالية (http://www1.nyc.gov/site/finance/pay-now/person.page) .,,{'url': 'https://a836-pts-efile.nyc.gov/SmartFile/Filing/FilingType/Info/NYC_VET'},للتقديم في برنامج إعفاء المحاربين القدامى، ستكون بحاجة لإثبات ما يلي:\nحالة المحاربين القدامى: نسخة نموذج 214 (DD-214) DD وهي شهادة إطلاق سراح أو تسريح من الخدمة الفعلية أو أوراق منفصلة لكل محارب قديم. \nبالنسبة لكل محارب قديم مصاب بإعاقة، يتم إرسال نسخة من الخطاب الإداري الخاص بالمحارب القديم لتوثيق تصنيف الإعاقة,Program,برنامج إعفاء المحاربين القدامى
"প্রাক্তন সমরকর্মী ছাড়গুলি যোগ্য প্রাক্তন সমরকর্মীদের সম্পত্তি কর কমিয়ে দেয়, তাদের স্বামী/স্ত্রী বা অবিবাহিত জীবিত স্বামী/স্ত্রী এবং সৈনিকদের পিতামাতা যারা কর্তব্য পালনে মারা গেছেন (গোল্ড স্টার পিতামাতা)।",একটি ফাইন্যান্স বিজনেস সেন্টার বিভাগে যান (Department of Finance Business Center) (http://www1.nyc.gov/site/finance/pay-now/person.page) ।,,{'url': 'https://a836-pts-efile.nyc.gov/SmartFile/Filing/FilingType/Info/NYC_VET'},"প্রাক্তন সৈনিক অব্যহাতির জন্য আবেদন করতে, আপনাকে নিম্নলিখিতটি পূরণ করতে হবে:\nআপনার প্রাক্তন সৈনিক স্থিতি: একটা A DD Form 214 (DD-214) এর কপি যেটা সক্রিয় কর্মের থেকে রিলিজ বা ডিসচার্জ সার্টিফিকেট বা প্রতিটি প্রাক্তন সৈনিকের বিচ্ছেদ কাগজ পত্র। প্রত্যেক প্রতিবন্ধী প্রাক্তন সৈনিকের জন্য ভেটারান্স অ্যাডমিনিস্ট্রেশন চিঠির কপি, যা প্রতিবন্ধকতার রেটিং নথিভুক্ত করে",Program,প্রাক্তন সৈনিকদের সম্পত্তি কর ছাড়
"La exención para propietarios adultos mayores (SCHE) reduce los impuestos sobre la propiedad para los adultos mayores que sean propietarios de una a tres casas, condominios o viviendas cooperativas y que cumplan los requisitos sobre ingresos.",Haga la solicitud en persona en un centro comercial del Departamento de Finanzas (http://www1.nyc.gov/site/finance/pay-now/person.page) .,,{'url': 'https://a836-pts-efile.nyc.gov/SmartFile/Filing/FilingType/Info/NYC_SCHE'},"Para solicitar la SCHE, deberá demostrar lo siguiente:\nSu edad: necesita una copia de una identificación emitida por el gobierno\nSus ingresos: copias de sus declaraciones de impuesto federal y los formularios/anexos de todos los propietarios. Si los propietarios no presentan una declaración de impuestos, certificación de ingresos anuales.\nSus deducciones: \nCopias de recibos de gastos médicos o\n de medicamentos recetados no reembolsadosDependiendo de su solicitud, es posible que necesite un contrato de fideicomiso, un testamento u otros documentos legales.",Program,Exención para Propietarios de la Tercera Edad
"Lors du dépôt de leur déclaration fiscale pour l’année 2024, les familles peuvent demander ce crédit d’impôt pouvant s’élever à $2,000 par enfant admissible de moins de 17 ans. Jusqu’à $1,700 sont remboursables, ce qui signifie que vous pouvez obtenir l’argent même si vous n’avez pas d’impôt à payer.",Obtenez de l’aide gratuite pour remplir votre déclaration d’impôts en personne avecNYC Free Tax Prep (https://www1.nyc.gov/site/dca/consumers/file-your-taxes.page) ‎.,,{'url': 'https://www.getyourrefund.org/'},Voici une liste de documents (https://www.nyc.gov/site/dca/consumers/file-your-taxes-documents.page) dont vous aurez besoin pour remplir votre déclaration fiscale et votre demande de CTC.,Benefit,"Crédit d’impôt pour enfant (Child Tax Credit, CTC)"
DRIE는 자격을 갖춘 장애인 세입자를 대상으로 임대료를 동결하여 저렴한 주택에 머무를 수 있도록 도와줍니다. 세입자는 동결된 임대료를 지급합니다. 부동산 세금 공제액을 통해 실제 임대료와 동결된 임대료의 차액을 해결합니다.,신청을 위해 가까운 재무 지원 센터 부서(Department of Finance Assistance Center) (https://www1.nyc.gov/site/rentfreeze/help/help-temporary-centers.page) 를 찾아보십시오. 센터 방문 예약을 해야 할 수 있습니다.,,,"DRIE에 신청하려면 다음을 증명해야 합니다.\n 귀하가 적격 장애 혜택(및 수여 서한)을 수령 중인 사실\n귀하의 연령\n귀하의 임대료\n신청서를 제출하기 전에 역년 동안 귀하의 소득, 그리고 아파트에 살았던 모든 가구 구성원의 소득. 예를 들어 2018년에 신청서를 제출했다면 2017년 가구 소득 정보가 필요합니다. 소득 증명에는 다른 서류가 포함될 수 있습니다.\n소득세 신고서\n사회보장 혜택\n1099/W2 명세서",Program,장애인 임대료 인상 면제
নিউ ইয়র্ক স্টেট স্কুল ডিস্ট্রিক্টে বাস করা যোগ্য বাড়ির মালিকদের জন্য STAR সম্পত্তি কর হ্রাস করে।,,কোনো কেন্দ্রে যানসশরীরে সহায়তা পেতে (http://www1.nyc.gov/site/finance/about/contact-us.page) একটি কেন্দ্রের সন্ধান করুন।,{'url': 'https://a836-pts-efile.nyc.gov/SmartFile/Filing/FilingType/Info/NYC_STAR'},,Benefit,স্কুল ট্যাক্স রিলিফ প্রোগ্রাম
"В рамках Программы налоговых льгот для ветеранов снижаются налоги на недвижимость для ветеранов, которые соответствуют критериям, их супругов или не состоящих в браке переживших супругов, а также родителей военнослужащих, погибших при исполнении служебных обязанностей (Gold Star parent).",придите в отделение Департамента финансов в бизнес-центре (http://www1.nyc.gov/site/finance/pay-now/person.page) .,,{'url': 'https://a836-pts-efile.nyc.gov/SmartFile/Filing/FilingType/Info/NYC_VET'},"Чтобы подать заявление на участие в программе налоговых льгот для ветеранов, вы должны подтвердить следующее:\nВаш статус ветерана: представьте копию формы DD-214 (свидетельство об увольнении с действительной службы) или документы о выходе в отставку для каждого ветерана. \nДля каждого нетрудоспособного ветерана необходимо представить копию справки из Администрации по делам ветеранов с указанием оценки нетрудоспособности.",Program,Налоговые льготы для ветеранов
"Uzyskaj pomoc w opłaceniu zakupów spożywczych dzięki programowi SNAP, zwanego wcześniej zasiłkami na zakup żywności Otrzymasz pieniądze na kartę debetową, z której będzie można korzystać w wielu sklepach spożywczych i na targowiskach z produktami rolnymi.","\nWydrukuj (http://otda.ny.gov/programs/applications/4826.pdf) wniosek w formie papierowej (https://www1.nyc.gov/site/hra/locations/snap-locations.page) , wybierz jedno z centrów SNAP (https://www1.nyc.gov/site/hra/locations/snap-locations.page) lub zadzwoń na infolinię HRA pod numer 718-557-1399 (https://www1.nyc.gov/site/hra/partners/find-a-partner-organization.page) , aby otrzymać wniosek pocztą.\nZbierz dokumenty, które trzeba będzie dołączyć do wniosku.\nZostaw wypełniony wniosek w pobliskim centrum SNAP. W centrum można zrobić kopie swoich dokumentów.\nO pomoc w ramach programu SNAP można również ubiegać się w pobliskiej organizacji społecznej (Community-Based Organization, CBO). Eksperci pomogą Ci złożyć wniosek i niezbędne dokumenty.","Odwiedź centrum SNAP lub organizację społeczną Odwiedź centrum SNAP (https://www1.nyc.gov/site/hra/locations/snap-locations.page) lub swoją lokalną organizację społeczną (https://www1.nyc.gov/site/hra/partners/find-a-partner-organization.page) (Community-Based Organization, CBO), aby uzyskać pomoc osobiście.",{'url': 'https://a069-access.nyc.gov/ACCESSNYC/application.do'},"Dalsze informacje o innych dokumentach potwierdzających, jakie można przedstawić, są dostępne w (https://www1.nyc.gov/assets/hra/downloads/pdf/fia-1227a-polish.pdf) poradniku dotyczącym dokumentów do SNAP.",Benefit,Supplemental Nutrition Assistance Program
"SCHE প্রবীণদের সম্পত্তি কর কম করে যারা এক থেকে তিনটি বাড়ি, কনডো বা কোঅপ অ্যাপার্টমেন্টের মালিক এবং আয়ের প্রয়োজনীয়তাগুলি পূরণ করে।",ফিন্যান্স বিজনেস সেন্টার বিভাগ (Department of Finance Business Center) (http://www1.nyc.gov/site/finance/pay-now/person.page) এ নিজে এসে আবেদন করুন।,,{'url': 'https://a836-pts-efile.nyc.gov/SmartFile/Filing/FilingType/Info/NYC_SCHE'},"SCHE এর জন্য আবেদন করতে, আপনাকে নিম্নলিখিতটি পূরণ করতে হবে:\nআপনার বয়স: আপনাকে সরকার কর্তৃক ইস্যু করা আইডির কপি দিতে হবে\nআপনার আয়: সমস্ত মালিকদের জন্য ফেডেরাল ট্যাক্স রিটার্ন এবং সময়সূচী/সংযুক্তির কপিগুলি। যদি কোনো মালিক ট্যাক্স রিটার্ন ফাইল না করে, তাকে 2018 এর আয়ের প্রমাণপত্র দেখাতে হবে।\nআপনার কর্তন:\nযে বছরের জন্য আপনি আয়ের নথিপত্র জমা দিচ্ছেন সেই বছরের আপনার প্রদত্ত, অপরিশোধিত মেডিকেল বিলের প্রাপ্তির কপি বা\nবা আপনার তফসিল A এর একটি কপি জমা দিন।\nআপনার আবেদনের উপর নির্ভর করে, আপনার একটি বিশ্বাস চুক্তি, ইচ্ছা বা অন্যান্য আইনি নথির প্রয়োজন হতে পারে।",Program,প্রবীণ নাগরিক বাড়ির মালিকদের ছাড়
"SCHE bese taks sou pwopriyete moun aje ki posede youn (1) rive twa (3) kay, kondo, oswa apatman koperativ epi ki reponn ak egzijans revni yo.",Aplike fas-a-fas nan yon Sant Biznis Depatman Finans (http://www1.nyc.gov/site/finance/pay-now/person.page) .,,{'url': 'https://a836-pts-efile.nyc.gov/SmartFile/Filing/FilingType/Info/NYC_SCHE'},"Pou aplike pou SCHE w ap bezwen pwouve bagay sa yo:\nLaj ou: ou bezwen yon fotokopi yon pyès idantifikasyon gouvènman te ba ou\nRevni ou: kopi deklarasyon taks federal ou ak rejim fiskal/atachman pou tout pwopriyetè. Si tout pwopriyetè pa depoze deklarasyon sou taks, prèv kantite revni yo fè chak ane.\nDediksyon ou yo:\nkopi resi bòdwo yo ou peye, bòdwo medikal ki pa ranbouse nan ane ke ou ap soumèt dokiman revni oswa\nsoumèt yon kopi Anèks A ou.Tou depan de aplikasyon w lan, ou ka bezwen yon akò konfyans, testaman oswa lòt dokiman legal.",Program,Egzanpsyon Pwopriyetè Granmoun Aje
Fanmi w ka jwenn lajan kach la si nou nan bezwen. Gen anpil fanmi ki jwenn kob la sou yon kat debi key o ka itilize nan ATM oswa nan magazen kote yo aksepte kat EBT. Gen kèk fanmi ki kalifye sèlman pou yo peye mèt kay la pou yo dirèkteman.,"Vizite yon Sant Benefis Access HRA (http://www1.nyc.gov/site/hra/locations/job-locations.page) ki louvri pou aplike. Sa ap ede w pote prèv idantite w, kote w ap viv, ki moun ki abite avèk ou ak revni w. Yon travayè ap di ou kilès nan bagay sa yo ou dwe pwouve.",,{'url': 'https://a069-access.nyc.gov/ACCESSNYC/application.do'},"Pou aplike pou Asistans ak Lajan Kach, w ap bezwen pwouve bagay sa yo:\nIdantifikasyon ou: tankou yon pyès idantite ak foto, lisans chofè, paspò, sètifika natiralizasyon, oswa dosye lopital.\nKi kote ou abite: tankou yon lèt pwopriyetè kay ou a, yon resi lwaye resan ou te peye, kontra kay, oswa etadkont ipotèk.\nRevni ou (si genyen): tankou yon sous chèk resan, dosye biznis, dènye deklarasyon taks sou revni, oswa yon etadkont Avantaj Asirans Chomaj.\nSitwayènte oswa sitiyasyon imigrasyon ou: tankou batistè, paspò ameriken, oswa dosye sèvis militè.Gade nan gid dokiman (https://www1.nyc.gov/assets/hra/downloads/pdf/fia-1227a-haitian-creole.pdf) Asistan ak Lajan Kach la pou wè ki lòt bagay ou te ka itilize kòm prèv.",Benefit,Èd Lajan Kach
"Les exemptions pour les anciens combattants réduisent les impôts fonciers des anciens combattants admissibles, leurs conjoints ou conjoints survivants non remariés, ainsi que les parents de soldats morts en service (Gold Star).",Rendez-vous dans un centre d’affaires du Département des finances (Department of Finance Business Center) (http://www1.nyc.gov/site/finance/pay-now/person.page) .,,{'url': 'https://a836-pts-efile.nyc.gov/SmartFile/Filing/FilingType/Info/NYC_VET'},"Pour déposer votre demande d'Exonération pour les anciens combattants, vous aurez besoin de prouver les éléments suivants :\nVotre statut d'ancien combattant : Copie d'un formulaire A DD 214 (DD-214), qui est le certificat de libération de service actif ou de licenciement ou des documents de séparation pour chaque ancien combattant. \nPour chaque ancien combattant invalide, une copie de la lettre de l'Administration des anciens combattants / vétérans qui comprend la note d'invalidite",Program,Exonération de la taxe foncière pour les anciens combattants
تساعد برامج صف ما قبل الروضة في أن يحظى الأطفال بانطلاقة قوية في المدرسة والحياة. يمكن لطفلك أن يتعلم حل المشكلات، وطرح الأسئلة، واستكشاف العالم من حوله في مجتمع تعليمي تربوي وآمن.,التقديم في أحد مراكز الترحيب بالأسرة (https://www.schools.nyc.gov/enrollment/enrollment-help/family-welcome-centers) في الفترة من 10 يناير 2024 إلى 1 مارس 2024.,قم بزيارة مركز الترحيب بالأسرة قم بزيارة أحد مراكز الترحيب بالأسرة (http://nyc.gov/schools/welcomecenters) لمعرفة المزيد حول برامج ما قبل رياض الأطفال.,{'url': 'https://www.myschools.nyc/ar/'},اعرض ملف قائمة التحقق من التسجيل المسبق (https://www.schools.nyc.gov/docs/default-source/default-document-library/pre-registration-checklist) لمعرفة المزيد حول المستندات التي تحتاجها للتسجيل المسبق لطفلك وقبول عرض صف ما قبل الروضة. للحصول على نسخ مترجمة من قائمة التحقق ، قم بعرض قسم المستندات في صفحة التسجيل في صف ما قبل الروضة للجميع (https://www.schools.nyc.gov/enrollment/enroll-grade-by-grade/pre-k) .,Program,برامج صف ما قبل الروضة للجميع (Pre-K for All)
"2024년도 세금 신고 시 가족은 자격을 충족하는 만 17세 미만 자녀 한 명당 최대 $2,000의 해당 세금 공제를 신청할 수 있습니다. 최대 $1,700까지 환불 가능하므로 세금을 전혀 납부하지 않아도 돈을 받을 수 있습니다.",NYC 무료 세금 신고 (https://www1.nyc.gov/site/dca/consumers/file-your-taxes.page) 를 통해 직접 무료 세금 신고에 대한 도움을 받으십시오.,,{'url': 'https://www.getyourrefund.org/'},세금 신고 및 CTC 청구에 필요한 문서 목록을 참조하십시오. (https://www.nyc.gov/site/dca/consumers/file-your-taxes-documents.page),Benefit,자녀 세금 공제
"Plan Sante Kalifye yo se plan asirans sante ki mande pou ou peyeyon kantite lajan chak mwa pou kouvèti asirans. Genyen tou kèkdepans pèsonèl tankoukopèman,franchiz ak koasirans (https://www.nyc.gov/site/ochia/coverage-care/insurance-a-z.page#C) .",Jwenn èd pou enskripsyon nan men yon (https://nystateofhealth.ny.gov/agent/hx_brokerSearch?fromPage=INDIVIDUAL) asistanasirans sante.,,{'url': 'https://nystateofhealth.ny.gov/'},"Pou w enskri nan plan asirans sante piblik yo, w ap bezwen:\nDokiman sitwayènte/dokiman imigrasyon ki endike estatiimigrasyon legal ou\nNimewo Sekirite Sosyal (SSN)\nDat nesans pou tout moun k ap aplike nan fanmi an (fwaye a, kayla)\nEnfòmasyon sou travay nan moman an\nRevni kay la",Benefit,Plan Sante Ki Kalifye
اگر آپ کو ضرورت ہو تو آپ کا خاندان نقد رقم حاصل کر سکتا ہے۔ بہت سے خاندانوں کو ڈیبٹ کارڈ میں فنڈز منتقل کیے جائیں گے جو کہ کسی بھی ایسے ATM یا اسٹور میں استعمال کیے جا سکتے ہیں جہاں EBT کارڈز قبول کیے جاتے ہیں۔ کچھ خاندان فنڈز حاصل کرنے کے لیے اس طرح اہل ہو سکتے ہیں کہ ان کی ادائیگی براہ راست ان کے مالک مکان کو کی جائے گی۔,درخواست دینے کے لیے HRA بینیفٹس ایکسس سینٹر (http://www1.nyc.gov/site/hra/locations/job-locations.page) وزٹ کریں۔ اگر آپ اپنی شناخت، رہائش، آمدنی نیز آپ کے ساتھ کون رہتا ہے اس کا ثبوت پیش کرتے ہیں تو یہ مددگار ہوگا۔ کارکن آپ کو بتائے گا کہ آپ کو ان میں سے کون سی چیزیں ثابت کرنی ہیں۔,,{'url': 'https://a069-access.nyc.gov/ACCESSNYC/application.do'},نقد امداد کے لیے درخواست دینے کے لیے آپ کو درج ذیل چیزوں کو ثابت کرنا ہو گا:\nآپ کی شناخت: جیسے باتصویر ID، ڈرائیور کا لائسنس، پاسپورٹ، حقوق قومیت عطا ہونے کا سرٹیفیکیٹ یا ہسپتال کے ریکارڈز۔\nآپ کی رہائش: جیسے آپ کے مالک مکان کا بیان، کرایہ کی موجودہ رسید، لیز یا رہن کے ریکارڈز۔\nآپ کی آمدنی (اگر کوئی ہے): جیسے حالیہ تنخواہ کی رسید، کاروباری ریکارڈ، موجودہ ٹیکس ریٹرن یا بے روزگاری انشورینس بینیفٹ کی اسٹیٹمنٹ۔\nشہریت یا امیگریشن کی حیثیت: جیسے آپ کی پیدائش کا سرٹیفکیٹ، امریکی پاسپورٹ یا فوج میں ملازمت کے ریکارڈزآپ مزید کیا کچھ ثبوت کے طور پراستعمال کر سکتے/سکتی ہیں، یہ معلوم کرنے کے لیے نقد امداد (https://www1.nyc.gov/assets/hra/downloads/pdf/fia-1227-urdu.pdf) کی رہنما دستاویز ملاحظہ کریں,Benefit,مالی امداد
"Программы EarlyLearn предоставляют бесплатные или недорогие услуги обучения и ухода за детьми в возрасте от шести недель до двух лет. В г. Нью-Йорке сотни учреждений предлагают такие услуги, обеспечивая для детей безопасные и благоприятные для обучения условия.","\nНайдите отделение программы на портале MySchools. (https://www.myschools.nyc/en/schools/3k/) \nНажмите кнопку More Filters (Дополнительные фильтры) и отметьте необходимые варианты в разделе EarlyLearn.\nВведите свой домашний адрес, чтобы найти отделение программы поблизости.\nПосетите отделение программы. Сотрудники помогут вам заполнить заявление.Если вы уже получаете пособия HRA, можете также подать заявление в Центре выдачи пособий HRA (http://www.nyc.gov/html/hra/html/services/job_centers.shtml) , в который вас направили.",,,,Program,Программы для младенцев и детей ясельного возраста
"2024 年報稅時，家庭可以為每名符合條件的未滿 17 歲子女申請該項最高達 $2,000 的稅額抵免。 可退款高達 $1,700，意味著即使不欠任何稅，您也能得到這筆錢。",可透過紐約市免費報稅服務 (NYC Free Tax Prep) (https://www1.nyc.gov/site/dca/consumers/file-your-taxes.page) 獲得免費的面對面報稅協助。,,{'url': 'https://www.getyourrefund.org/'},請參閱報稅及申領 CTC 需要提交的文件的清單 (https://www.nyc.gov/site/dca/consumers/file-your-taxes-documents.page) 。,Benefit,子女稅額抵免
Infant and Toddler programs provide free or low-cost child care and education for children six weeks to two years old. There are hundreds of programs in New York City that offer safe and positive learning environments for children.,"\nFind a program on MySchools. (https://www.myschools.nyc/en/schools/3k/) \nClick “More Filters” and check any of the options under “EarlyLearn”.\nThen, type in your home address to find a program near you.\nVisit a program. Staff will help you complete the application.If you already get HRA benefits, apply at your assigned HRA Benefits Access Center (http://www.nyc.gov/html/hra/html/services/job_centers.shtml) instead.",,{'url': 'https://mycity.nyc.gov/s/childcarelanding?language=en_US&LanguageCode=en_US'},,Program,Infant and Toddler Programs
تقوم SCHE بخفض الضرائب العقارية على كبار السن الذين يمتلكون واحدًا إلى ثلاثة منازل أو شقق أو شقق تعاونية ويستوفون متطلبات الدخل.,قم بالتقديم بالحضور الشخصي إلى مركز أعمال تابع لإدارة المالية (http://www1.nyc.gov/site/finance/pay-now/person.page) .,,{'url': 'https://a836-pts-efile.nyc.gov/SmartFile/Filing/FilingType/Info/NYC_SCHE'},لتقديم الطلب لبرنامج إعفاء ملاك المنازل من كبار السن (SCHE)، ستكون بحاجة لإثبات ما يلي:\nسنك؛ يلزم تقديم نسخة من بطاقة هوية صادرة من الحكومة\nدخلك: نسخ من الإقرارات الضريبية الاتحادية والجداول/المرفقات لجميع المُلاك. في حال عدم ملء أحد المُلاك ملف الإقرار الضريبي، فعليه إثبات دخله السنوي.\nالتخفيض:\n نسخ من إيصالات الفواتير الطبية المدفوعة وغير المستردة من السنة التي تقدم فيها مستندات الدخل أو\n تقدم نسخة من الجدول أ.اعتمادًا على طلبك ، قد تحتاج إلى اتفاقية ثقة أو وصية أو مستندات قانونية أخرى.,Program,برنامج إعفاء ملاك المنازل من كبار السن
Налоговые льготы по уходу за детьми и иждивенцами компенсирует вам до 50% расходов на уход за ребенком или взрослым иждивенцем. В налоговой декларации за 2024 год вы можете востребовать возмещение (налоговый вычет) до $3000 при наличии расходов по уходу за одним соответствующим критериям лицом и до $6000 при наличии расходов по уходу за двумя или более соответствующими критериям лицами.,Получите бесплатную помощь в подготовке налоговых деклараций лично черезNYC Free Tax Prep.‎ (https://www1.nyc.gov/site/dca/consumers/file-your-taxes.page),,{'url': 'https://www.getyourrefund.org/'},,Benefit,"Налоговый вычет по уходу за детьми и иждивенцами (Child and Dependent Care Tax Credit, CDCC)"
"L’exemption des propriétaires citoyens âgés (Senior Citizens Homeowners’ Exemption, SCHE) réduit les taxes foncières des personnes âgées qui sont propriétaires de maisons, de copropriétés ou d’appartements coopératifs mono-, bi- ou tri-familles et qui répondent aux conditions de revenus.",Rendez-vous dans un centre d’affaires du Département des finances (Department of Finance Business Center) (http://www1.nyc.gov/site/finance/pay-now/person.page) .,,{'url': 'https://a836-pts-efile.nyc.gov/SmartFile/Filing/FilingType/Info/NYC_SCHE'},"Pour déposer votre demande auprès de SCHE, vous aurez besoin de prouver les éléments suivants :\nVotre âge : vous avez besoin de la copie d'une pièce d'identité émise par un gouvernement\nVotre revenu : copies de vos déclarations fiscales fédérales et pièces jointes (échéanciers) pour tous les propriétaires. Si les propriétaires ne produisent pas de déclaration de revenu, veuillez fournir un justificatif de revenus annuels.\nVos déductions :\ncopies des reçus de vos factures médicales payées mais non remboursées de l’année pour laquelle vous soumettez la documentation de vos revenus, ou\nune copie de votre feuillet A (Schedule A).\nEn fonction de votre demande, vous pourriez avoir besoin d'un contrat de fiducie, d'un testament ou d'autres documents juridiques.",Program,Exonération des personnes âgées qui sont propriétaires
"Section 8 pays part of the rent for low- and moderate-income families who want to rent in the private market. Eligibility for this program is based on a family's income and family size. Generally, families pay no more than 40% of their monthly income towards their rent. NYCHA pays the rest to the property owner.",,Visit a locationMake an appointment (https://wb-nycha.qmatic.cloud/) to visit a Customer Contact Center.,,,Program,Section 8 / Housing Choice Voucher Program
退伍軍人減免優惠針對符合資格的退伍軍人、其配偶或者戰亡軍人的未再婚遺眷和父母（金星軍人父母）提供房地產稅減免優惠。,親自前往財政局業務中心 (Department of Finance Business Center) (http://www1.nyc.gov/site/finance/pay-now/person.page) 辦理。,,{'url': 'https://a836-pts-efile.nyc.gov/SmartFile/Filing/FilingType/Info/NYC_VET'},要申請「退伍軍人豁免」，您需要提供以下證明：\n您的退伍軍人身份：每位退伍軍人的「DD 表 214」( DD-214) 的複印件，即「退伍退役軍人證明」(Certificate of Release or Discharge from Active Duty) 表單或單獨文件。\n對於每位殘疾的退伍軍人，則提供退伍軍人管理局殘疾評級文件的複印件。,Program,退伍軍人豁免
سیکشن 8 کم اور متوسط آمدنی والے ان خاندانوں کیلئے کرایے کا کچھ حصہ ادا کرتا ہے جو نجی مارکیٹ میں کرایے پر لینا چاہتے ہیں۔ اس پروگرام کے لیے اہلیت فیملی کی آمدنی اور فیملی کے سائز پر مبنی ہے۔ عام طور پر، خاندان اپنے کرایے کی مد میں اپنی ماہانہ آمدنی کے %40 سے زائد ادا نہیں کرتے ہیں۔ NYCHA باقی رقم جائیداد کے مالک کو ادا کرتا ہے۔,,کسی مقام پر جائیںایک اپائنٹمنٹ طے کر کے (https://wb-nycha.qmatic.cloud/) کسٹمر سروس سنٹر پر تشریف لے جائیں۔,,,,سیکشن 8 - ہاؤسنگ چوائس واؤچر
SCHE 針對擁有一到三戶房屋、公寓或合作公寓且符合收入規定的長者提供房地產稅減稅優惠。,親自前往財政局業務中心 (Department of Finance Business Center) (http://www1.nyc.gov/site/finance/pay-now/person.page) 辦理。,,{'url': 'https://a836-pts-efile.nyc.gov/SmartFile/Filing/FilingType/Info/NYC_dhe'},要申請 SCHE，您需要提供以下證明：\n您的年齡：您需要一份政府頒發的 ID 副本\n您的收入：所有房主的聯邦納稅申報表和計劃表/附表的副本。如果有任何房主是不提交納稅申報表的，則提供年收入證明。\n您的減免：\n未報銷的已支付醫療帳單的收據副本，其與您提交收入文件的年份或\n提交附表 A 的副本有關。根據您的申請，您可能需要一份信託協議、遺囑或其他法律文件。,Program,高齡公民房主豁免
"Lè y ap deklare taks yo pou 2024, fanmi yo ka reklame kredi taks sa ki gen yon valè ki ale jiska $2,000 pou chak timoun ki kalifye ki gen mwens pase 17 lane. Jiska $1,700 yo ranbousab, sa vle di ou ka jwenn lajan an menm si ou pa dwe okenn taks.",Jwenn èd gratis pou ranpli taks an pèsòn akNYC Free Tax Prep (https://www1.nyc.gov/site/dca/consumers/file-your-taxes.page) .,,{'url': 'https://www.getyourrefund.org/'},Gade yon lis dokiman (https://www.nyc.gov/site/dca/consumers/file-your-taxes-documents.page) w ap bezwen pou ranpli taks ou epi deklare CTC ou a.,Benefit,Kredi taks timoun:
HEAP 協助低收入家庭支付住房供暖費用。 福利可用來支付燃料、您的公用事業來源、暖氣設備替換與修繕費用。 福利將直接支付給暖氣供應商或公用事業公司。 即使您的供暖費已包含在房租中，您仍有機會領取 HEAP。,您可透過造訪HEAP 辦事處 (https://otda.ny.gov/programs/heap/contacts/default.asp?county=New%20York%20City#result) 當面申請所有的 HEAP 組成項目。,,{'url': 'https://a069-access.nyc.gov/accesshra/'},,,家庭能源援助計畫
"Los programas Head Start dan entornos seguros y positivos para que los niños entre 3-4 años aprendan, jueguen y desarrollen las competencias que los prepararán para el kindergarten y el futuro. Head Start también presta servicios de salud, nutrición y otros a los niños y sus familias.","Para encontrar y solicitar un programa Head Start:\nVaya a MySchools (3-k) (https://www.myschools.nyc/en/schools/3k/) o MySchools (Pre-K) (https://www.myschools.nyc/en/schools/pre-k/) .\nHaga clic en “More Filters” (Más filtros). Marque la casilla ""Head Start"" en ""Year Round 3-K / Pre-K Programs "" (Programas de 3-K/Pre-K durante todo el año).\nEscriba su domicilio para buscar un programa.\nComuníquese con un programa que le interese.",,,,Service,Head Start
El DRIE ayuda a los inquilinos elegibles con discapacidades a vivir en viviendas asequibles con rentas congeladas. Los inquilinos pagan la renta congelada. Un crédito de impuesto inmobiliario cubre la diferencia entre la renta real y la congelada.,Encuentre un Centro de Asistencia del Departamento de Finanzas (Department of Finance Assistance Center) (https://www1.nyc.gov/site/rentfreeze/help/help-temporary-centers.page) cerca de usted para presentar su solicitud. Deberá programar una cita en un centro.,,,"Para solicitar DRIE tendrá que demostrar lo siguiente:\nQue recibe un beneficio por una discapacidad que califique (y la carta de asignación)\nSu edad\nSu renta\nSus ingresos y los de todos los integrantes del hogar que vivieron en su apartamento durante el año calendario anterior a la presentación de su solicitud. Por ejemplo, una solicitud presentada en 2018 deberá incluir información de los ingresos del hogar durante el año 2017. La prueba de ingresos puede incluir, entre otros documentos:\nDeclaraciones de impuestos\nBeneficios de Seguro Social\nDeclaración 1099/W2",Program,Exención del aumento de renta para personas con discapacidad
توفر برامج Head Start‏ بيئات آمنة وإيجابية للأطفال الذين تتراوح أعمارهم بين ‎3-4‏ أعوام كي يتعلموا، ويلعبوا، ويبنوا المهارات التي تعدهم للالتحاق بصف رياض الأطفال وما يليه. توفر البرامج أيضًا خدمات صحية وغذائية وخدمات أخرى للأطفال وأسرهم.,"لإيجاد برنامج رأس يبدأ‏ والتقدم بطلب للالتحاق به:\nتفضل بزيارة موقع MySchools (3-k‏)‎ (https://www.myschools.nyc/en/schools/3k/) ‏ أو موقع ‏MySchools (Pre-K‏)‏ (https://www.myschools.nyc/en/schools/pre-k/) ‏.\nانقر على ""More Filters‏ (المزيد من عوامل التصفية)"". حدد مربع الاختيار ""Head Start (رأس يبدأ)‏"" تحت ""‏Year-Round 3-K / Pre-K Programs‏ (برامج الروضة من عمر 3 أعوام/برامج ما قبل رياض الأطفال على مدار العام)"".\nاكتب عنوان منزلك للبحث عن برنامج.\nتواصل مع البرنامج الذي تهتم بالالتحاق به.",,,,Service,رأس يبدأ
擁有一到三間住宅、公寓或合作公寓的殘障人士可透過 DHE 降低其主要住所的房產稅。DHE 可降低房產稅達 5% 至 50%。房產稅的減免額度視家庭收入多寡而定。,親自前往財政部商務中心。,前往辦公室親自前往財政部商務中心 (http://www1.nyc.gov/site/finance/pay-now/person.page) （週一至週五，上午 8:30 至下午 4:30）獲得幫助。,{'url': 'https://a836-pts-efile.nyc.gov/SmartFile/Filing/FilingType/Info/NYC_DHE'},要申請 DHE，您需要提供以下證明\n您的殘障狀態：一個業主擁有以下其中一種狀態：\n來自社會安全局 (Social Security Administration) 的殘障獎勵副本信件\n鐵路退休委員會 (Railroad Retirement Board) 或美國郵政服務 (U.S Postal Service) 的殘障獎勵副本信件\n來自紐約州盲人委員會 (New York State Commission for the Blind) 的證書副本，或退伍軍人管理局的信函，聲明您有權獲得退伍軍人殘疾退休金。\n您的收入：所有房主的聯邦納稅申報表和計劃表/附表的副本。如果有任何房主是不提交納稅申報表的，則提供年收入證明。\n您的減免： \n未報銷的已支付醫療帳單的收據副本，其與您提交收入文件的年份或\n提交附表 A 的副本有關。,Program,殘疾房主豁免
"HEAP pomaga gospodarstwom domowym o niskich dochodach pokrywać koszty ogrzewania ich domów. Świadczenie może zostać przeznaczone na opłacenie paliwa, źródła zasilania oraz wymianę i naprawę urządzeń grzewczych. Świadczenie wypłacane jest bezpośrednio do sprzedawcy ogrzewania lub zakładu energetycznego. Świadczenia HEAP można otrzymywać, nawet jeśli ogrzewanie jest wliczone w czynsz.","Wniosek o wszystkie elementy programu HEAP można złożyć osobiście, odwiedzającbiuro HEAP (https://otda.ny.gov/programs/heap/contacts/default.asp?county=New%20York%20City#result) ‎.",,{'url': 'https://a069-access.nyc.gov/accesshra/'},,Program,"Program pomocy w zakresie pokrywania kosztów energii i ogrzewania (Home Energy Assistance Program, HEAP)"
"Get help paying for groceries with SNAP, previously known as food stamps. You'll get money on a debit card that can be used at many grocery stores and farmers markets.","\nPrint a (http://otda.ny.gov/programs/applications/4826.pdf) paper application (https://www1.nyc.gov/site/hra/locations/snap-locations.page) , pick one up from a SNAP Center (https://www1.nyc.gov/site/hra/locations/snap-locations.page) , or call the HRA Infoline at 718-557-1399 (https://www1.nyc.gov/site/hra/partners/find-a-partner-organization.page) to have a paper application mailed to you.\nGather the documents you'll need to include with your application.\nDrop off your completed application at a SNAP Center near you. You can make copies of your documents at the center.\nYou can also apply for SNAP at a community-based organization (CBO) in your neighborhood. Experts can help you submit your application and the necessary documents.",Visit a SNAP Center or Community OrganizationVisit a SNAP center (https://www1.nyc.gov/site/hra/locations/snap-locations.page) or your local Community-Based Organization (https://www1.nyc.gov/site/hra/partners/find-a-partner-organization.page) (CBO) to get help in person.,{'url': 'https://a069-access.nyc.gov/ACCESSNYC/application.do'},See the (https://www.nyc.gov/assets/hra/downloads/pdf/services/snap/eligibility_factors_and_suggested_documentation_guide.pdf) SNAP document guide to see the documents you'll need.,Benefit,Supplemental Nutrition Assistance Program
"Obtenez de l’aide pour payer vos courses avec le programme SNAP, qui auparavant s’appelait coupons alimentaires. Vous recevrez de l’argent sur une carte de débit que vous pourrez utiliser dans de nombreux supermarchés et marchés de producteurs.","\nImprimez un (http://otda.ny.gov/programs/applications/4826.pdf) formulaire de demande papier (https://www1.nyc.gov/site/hra/locations/snap-locations.page) , récupérez-en un dans un centre SNAP (https://www1.nyc.gov/site/hra/locations/snap-locations.page) , ou appelez la permanence téléphonique de la HRA au 718 557 1399 (https://www1.nyc.gov/site/hra/partners/find-a-partner-organization.page) pour demander l’envoi d’un formulaire de demande par voie postale.\nRéunissez les documents que vous devrez joindre à votre demande.\nDéposez votre demande dûment remplie dans un centre SNAP près de chez vous. Vous avez la possibilité de photocopier vos documents dans le centre.\nVous avez également la possibilité de soumettre une demande de participation au programme SNAP dans un organisme communautaire (Community-Based Organization, CBO) près de chez vous. Des experts peuvent vous aider à transmettre votre demande et les documents nécessaires.","Visitez un centre SNAP ou un organisme communautaire Rendez-vous dans un centre SNAP (https://www1.nyc.gov/site/hra/locations/snap-locations.page) ou dans votre organisme communautaire local (https://www1.nyc.gov/site/hra/partners/find-a-partner-organization.page) (Community-Based Organization, CBO) pour obtenir de l’aide en personne.",{'url': 'https://a069-access.nyc.gov/ACCESSNYC/application.do'},Consultez le (https://www1.nyc.gov/assets/hra/downloads/pdf/fia-1227a-french.pdf) guide de SNAP concernant les justificatifs pour voir les autres types de documents que vous pouvez utiliser à titre de justificatifs.,Benefit,Supplemental Nutrition Assistance Program
"Программы раннего развития Head Start обеспечивают детям в возрасте 3–4 лет безопасные и благоприятные условия для обучения, игр и развития навыков в рамках подготовки к дошкольному и дальнейшему обучению. В рамках программ Head Start детям и их семьям также предоставляются услуги в области здравоохранения, питания и др.","Чтобы найти программу Head Start и подать заявление на участие:\nПосетите портал MySchools (программы для детей от 3 лет) (https://www.myschools.nyc/en/schools/3k/) или MySchools (программы для детей дошкольного возраста) (https://www.myschools.nyc/en/schools/pre-k/) .\nНажмите «More Filters» (Дополнительные фильтры). Установите флажок перед пунктом Head Start в разделе Year-Round 3-K / Pre-K Programs (Круглогодичные программы для детей в возрасте 3 лет и дошкольного возраста).\nВведите свой домашний адрес, чтобы найти программы, предлагаемые поблизости.\nСвяжитесь с представителями программы, которая вас заинтересовала.",,,,Service,Программа раннего развития Head Start
"Qualified Health Plans বা যোগ্য স্বাস্থ্য পরিকল্পনা হল এমন একটিবেসরকারী স্বাস্থ্য বীমা পরিকল্পনা যেটিতে কভারেজ পাওয়ার জন্য আপনিমাসে মাসে একটি নির্দিষ্ট পরিমাণ অর্থ প্রদান করে থাকেন। এছাড়া,কোপেমেন্ট,ডিডাক্টিবল এবং কোইনসিওরেন্স (https://www.nyc.gov/site/ochia/coverage-care/insurance-a-z.page#C) -এর মতো নিজের পকেট থেকে অর্থপ্রদান করার খরচও আছে।",নাম নথিভুক্ত করার জন্য কোনো একজন (https://nystateofhealth.ny.gov/agent/hx_brokerSearch?fromPage=INDIVIDUAL) হেলথইন্স্যুরেন্স অ্যাসিস্টর বা স্বাস্থ্য বিমা সহকারী-এর সহায়তা নিন।,,{'url': 'https://nystateofhealth.ny.gov/'},"সরকারি স্বাস্থ্য বিমা প্ল্যানে নথিভুক্ত করার জন্য আপনার প্রয়োজনহবে:\nনাগরিকত্ব/অভিবাসন নথি যা আপনার বৈধ অভিবাসন অবস্থা নির্দেশকরে\nসোশ্যাল সিকিউরিটি নম্বর (Social Security Number, SSN)\nপরিবারে আবেদনকারী প্রত্যেকের জন্ম তারিখ\nবর্তমান কর্মসংস্থান তথ্য\nপরিবারের আয়",Benefit,যোগ্য স্বাস্থ্য পরিকল্পনা
DRIE প্রতিবন্ধী যোগ্য ভাড়াটিয়াদের তাদের ভাড়া সুস্থিত করে সাশ্রয়ী মূল্যের আবাসনে থাকতে সাহায্য করে। ভাড়াটিয়ারা সুস্থিত ভাড়া পরিশোধ করে। একটি সম্পত্তি ট্যাক্স ক্রেডিট প্রকৃত বাড়িভাড়ার রাশি এবং সুস্থিত বাড়িভাড়ার মধ্যে ফারাকটিকে কভার করে।,আবেদন করার জন্য আপনার কাছাকাছি অর্থ সহায়তা কেন্দ্রের বিভাগ (Department of Finance Assistance Center) (https://www1.nyc.gov/site/rentfreeze/help/help-temporary-centers.page) খুঁজুন। একটি কেন্দ্রে যাওয়ার জন্য আপনাকে একটি অ্যাপয়েন্টমেন্ট নির্ধারণ করতে হতে পারে।,,,"DRIE এর জন্য আবেদন করতে, আপনাকে নিম্নলিখিতটি পূরণ করতে হবে:\nআপনি একটি যোগ্য হয়ে প্রতিবন্ধী সুবিধা পান (এবং পুরস্কারের চিঠি)\nআপনার বয়স\nআপনার ভাড়া\nআপনার আয় এবং পরিবারের সকল সদস্য যারা আপনার আবেদন জমা করার আগের ক্যালেন্ডার বর্ষে আপনার অ্যাপার্টমেন্টে থাকতেন, তাদের আয়। উদাহরণস্বরূপ, 2018 সালে জমা দেওয়া একটি আবেদনকে 2017 সালের পরিবারের আয়কে অন্তর্ভূক্ত করতে হবে। অন্যান্য নথিগুলির মধ্যে, আয়ের প্রমাণ অন্তর্ভূক্ত করতে পারবেন:\nট্যাক্স রিটার্ন\nসামাজিক নিরাপত্তার সুবিধাগুলি\n1099/W2 স্টেটমেন্ট",Program,ডিজাবিলিটি রেন্ট ইনক্রিজ এক্সএম্পশন
"Programy Head Start zapewniają dzieciom w wieku 3-4 lat bezpieczne i pozytywne otoczenie do nauki, zabawy i rozwoju umiejętności potrzebnych w przedszkolu i dalszej edukacji. Program Head Start zapewnia także opiekę zdrowotną i żywieniową oraz inne usługi dla dzieci i ich rodzin.","Aby znaleźć program Head Start i złożyć wniosek, należy:\nPrzejść do MySchools (3-k) (https://www.myschools.nyc/en/schools/3k/) lub MySchools (Pre-K) (https://www.myschools.nyc/en/schools/pre-k/) .\nKliknąć opcję „Więcej filtrów” (More Filters). Zaznaczyć pole wyboru „Head Start” w opcji programów całorocznych „Year-Round 3-K / Pre-K Programs”.\nWpisać swój adres domowy, aby znaleźć program.\nSkontaktować się z wybranym programem.",,,,Service,Head Start
"HEAP কম-আয়ের পরিবারগুলিকে তাঁদের গৃহগুলির উত্তাপ ব্যবস্থার মূল্য প্রদানে সাহায্য করে৷ অনুদানটি জ্বালানী, আপনার ইউটিলিটিগুলির সংস্থান, তাপ সৃষ্টি করার যন্ত্রের বদল এবং মেরামতের জন্য অর্থ প্রদান করতে পারে৷ সুবিধাটি হিটিং ভেন্ডর বা ইউটিলিটি কোম্পানিকে সরাসরি প্রদান করা হয়। এমন কি আপনার ভাড়ার মধ্যে আপনার তাপের ব্যবস্থা ধরা থাকলেও আপনি HEAP পেতে পারেন৷",আপনি HEAP-এর সকল উপাদানগুলির জন্য সরাসরিHEAP অফিসে (https://otda.ny.gov/programs/heap/contacts/default.asp?county=New%20York%20City#result) গিয়ে আবেদন করতে পারেন।,,{'url': 'https://a069-access.nyc.gov/accesshra/'},,,হোম এনার্জি সহায়তা কার্যক্রমের
"Egzanpsyon pou veteran yo bese taks sou pwopriyete veteran ki kalifye yo, mari/madanm yo oswa mari/madanm ki vivan toujou ki pa remarye, ak paran sòlda ki mouri pandan yo nan sèvis [paran Zetwal Annò (Gold Star)].",Ale nan yon Sant Biznis Depatman Finans (http://www1.nyc.gov/site/finance/pay-now/person.page) .,,{'url': 'https://a836-pts-efile.nyc.gov/SmartFile/Filing/FilingType/Info/NYC_VET'},"Pou aplike pou Egzanpsyon Veteran, w ap bezwen pwouve bagay sa yo:\nSitiyasyon ou kòm Veteran: Kopi Fò, A DD 214 ( DD-214) ki se Sètifika Pou Soti Nan Fonksyon oswa papye separasyon pou chak veteran. \nPou chak veteran andikape, kopi lèt Administrasyon Veteran bay ki note kategori andikap la",Program,Egzanpsyon Veteran
Programy EarlyLearn zapewniają bezpłatną lub niedrogą opiekę i edukację dla dzieci w wieku od sześciu tygodni do dwóch lat. W całym mieście Nowym Jorku dostępne są setki programów oferujących bezpieczne i pozytywne środowisko nauki dla dzieci.,"\nOdszukaj program na stronie MySchools (https://www.myschools.nyc/en/schools/3k/) .\nKliknij opcję „More Filters” (Więcej filtrów) i zaznacz dowolną z opcji pod pozycją „EarlyLearn”.\nNastępnie wpisz swój adres domowy, aby znaleźć programy w swojej okolicy.\nOdwiedź placówkę programu. Pracownicy pomogą wypełnić wniosek.Jeżeli otrzymujesz już świadczenia z Wydziału Zasobów Ludzkich (Human Resources Administration, HRA), możesz również złożyć wniosek we właściwym Centrum Dostępu do Świadczeń HRA (http://www.nyc.gov/html/hra/html/services/job_centers.shtml) (HRA Benefits Access Center).",,,,Program,Niemowlęta i małe dzieci
کوالیفائڈ ہیلتھ پلانز نجی صحت بیمہ کے وہ منصوبے ہیں جن میں آپکوریج کے لیے ایک مخصوص ماہانہ رقم ادا کرتے ہیں۔ اس میں فاضل اخراجاتبشمولمشترکہادائیگیاں، کٹوتیاں اور مشترکہ بیمہ (https://www.nyc.gov/site/ochia/coverage-care/insurance-a-z.page#C) بھی ہے۔,اندراج کروانے میں (https://nystateofhealth.ny.gov/agent/hx_brokerSearch?fromPage=INDIVIDUAL) صحتبیمہ اسسٹرکے ذریعے مدد پائیں۔,,{'url': 'https://nystateofhealth.ny.gov'},پبلک صحت بیمہ کے منصوبوں میں اندراج کرانے کیلئے، آپ کو ضرورتہوگی:\nشہریت/ترک وطن کی دستاویزات جو آپ کی قانونی ترک وطن کی حیثیت کوظاہر کرتی ہیں\nسوشل سیکیورٹی نمبر (SSN)\nگھرانہ کے درخواست دینے والے ہر فرد کی تاریخ پیدائش\nموجودہ ملازمت کی معلومات\nگھرانہ کی آمدنی\,Benefit,کوالیفائیڈ ہیلتھ پلانز
"« Section 8 » opłaca część czynszu dla rodzin o niskich i umiarkowanych dochodach, które chcą wynająć mieszkanie na rynku prywatnym. Kwalifikowalność do tego programu opiera się na dochodach i wielkości rodziny. Zasadniczo rodziny będą płacić maksymalnie 40% swoich miesięcznych dochodów na poczet udziału w czynszu. Nowojorski Urząd ds. Mieszkalnictwa (New York City Housing Authority, NYCHA) zapłaci pozostałą kwotę właścicielowi nieruchomości.",,Odwiedź biuroUmów się na (https://wb-nycha.qmatic.cloud/) wizytę w Centrum Kontaktu z Klientem.,,,Program,« Section 8 » – Program talonów na wybór zakwaterowania
"Les programmes Pre-K aident les enfants à prendre un bon départ à l’école et dans la vie. Votre enfant apprend à résoudre des problèmes, à poser des questions et à explorer le monde qui l’entoure, dans une communauté d’apprentissage sûre et enrichissante.",Faites une demande d’inscription dans un Centre d’accueil familial (Family Welcome Center) (https://www.schools.nyc.gov/enrollment/enrollment-help/family-welcome-centers) entre le 10 janvier 2024 et le 1er mars 2024.,Rendez-vous dans un Centre d’accueil familial Rendez-vous dans un Centre d’accueil familial (http://nyc.gov/schools/welcomecenters) pour en savoir plus les programmes de maternelle.,{'url': 'https://www.myschools.nyc/fr/'},"Voir le check-list de pré-inscription (https://www.schools.nyc.gov/docs/default-source/default-document-library/pre-registration-checklist) pour en savoir plus sur les documents dont vous avez besoin pour pré-inscrire votre enfant et accepter son offre de pré-K. Pour obtenir des copies traduites de la liste de contrôle, consultez la section Documents du Page d'inscription au pré-K pour tous (https://www.schools.nyc.gov/enrollment/enroll-grade-by-grade/pre-k) .",Program,Pre-K pour tous
Le programme SCRIE aide les citoyens seniors (d’au moins 62 ans) admissibles à conserver leur logement à loyer modéré en gelant le loyer. Les locataires paient le montant gelé du loyer. Un crédit d’impôt immobilier couvre la différence entre le montant réel du loyer et le montant gelé du loyer.,Trouvez un Centre d’assistance du ministère des Finances (Department of Finance Assistance Center) (https://www1.nyc.gov/site/rentfreeze/help/help-temporary-centers.page) près de chez vous pour déposer une demande. Vous pouvez avoir besoin de prendre rendez-vous pour vous rendre dans un centre.,,{'url': 'https://www1.nyc.gov/site/rentfreeze/tools/nyc-tap.page'},"Pour demander à bénéficier du programme SCRIE, vous devrez prouver les éléments suivants :\nvotre âge ;\nvotre loyer (documents relatifs à la location antérieurs et actuels, comme les contrats de location, etc.) ;\nvos revenus ainsi que les revenus de tous les membres du foyer vivant dans votre appartement au cours de l’année calendaire précédant votre demande. Par exemple, une demande soumise en 2018 devrait inclure les renseignements sur les revenus du foyer pour 2017. Justificatifs de revenus possibles :\ndéclarations d’impôts ;\nallocations de Sécurité sociale ;\ndéclaration 1099/W2.",Program,Exemption à l'augmentation des loyers des citoyens seniors
"শিশু ও নির্ভরশীল পরিচর্যা কর ক্রেডিট আপনাকে একজন শিশু বা প্রাপ্তবয়স্ক নির্ভরশীলের পরিচর্যা করার খরচের 50% পর্যন্ত ফেরত দেয়। আপনার 2024 সালের ট্যাক্স রিটার্নে, আপনি একজন যোগ্য ব্যক্তির পরিচর্যার খরচের জন্য $3,000 এবং দুই বা ততোধিক যোগ্য ব্যক্তির পরিচর্যার জন্য $6,000 পর্যন্ত দাবি করতে পারবেন।",নিউ ইয়র্ক সিটির বিনামূল্যে ট্যাক্স প্রস্তুতি (NYC Free Tax Prep) (https://www1.nyc.gov/site/dca/consumers/file-your-taxes.page) -এর সাথে ব্যক্তিগতভাবে উপস্থিত হয়ে বিনামূল্যে ট্যাক্স ফাইল করার সহায়তা পান৷,,{'url': 'https://www.getyourrefund.org/'},,Benefit,চাইল্ড অ্যান্ড ডিপেন্ডেন্ট কেয়ারের ট্যাক্স ক্রেডিট
"NYC-তে শিক্ষার্থীরা COMPASS NYC এর মাধ্যমে শতাধিক আফটারস্কুল কর্মসূচিতে যোগ দিতে পারেন। COMPASS কর্মসূচির মাধ্যমে হোমওয়ার্কে সহায়তা, স্পোর্টস, আর্ট ও আরো অনেক কিছু প্রদান করা হয়। এগুলো বিনামূল্যের ও সারা শহরে অবস্থিত।","COMPASS NYC কর্মসূচিতে আপনার শিশুকে নথিভুক্ত করতে, আপনার শিশুর স্কুলের আফটারস্কুল কর্মসূচির কর্মীর সঙ্গে যোগাযোগ করুন।",আপনার সন্তানের স্কুলে যানআরও তথ্যের জন্য আপনার সন্তানের স্কুলের স্কুল ছুটির পরের কার্যক্রমের কোনও কর্মীর সঙ্গে কথা বলুন।,{'url': 'https://discoverdycd.dycdconnect.nyc/'},"আবেদন করার জন্য, আপনাকে আপনার সন্তানের পরিচয়ের নিম্নলিখিত প্রমাণগুলির মধ্যে একটি প্রদান করতে হবে:\nজন্ম সনদ\nন্যাচারালাইজেশন সার্টিফিকেট\nসরকারী জন্ম রেকর্ড\nঅফিসিয়াল স্কুল রেকর্ড\nপাসপোর্ট\nIDNYC\nদত্তক নেওয়ার রেকর্ড\nব্যাপটিসমাল বা অন্য ধর্মীয় শংসাপত্র",Program,NYC এর কম্প্রিহেনসিভ আফটারস্কুল সিস্টেম
도움이 필요할 때 가족이 현금을 받으실 수 있습니다. 많은 가족이 직불카드에 자금을 충전받아 EBT 카드를 받는 ATM이나 상점에서 사용할 수 있습니다. 일부 가족은 임대주에게 바로 지불되는 자금을 받을 자격만 인정될 수 있습니다.,"운영 중인 HRA 혜택 접근 센터 (http://www1.nyc.gov/site/hra/locations/job-locations.page) 를 방문해 신청하세요. 방문 시 신분, 거주 지역, 함께 사는 사람, 소득 등에 대한 증빙 서류가 준비되어 있다면 도움이 됩니다. 어떤 증빙 자료를 반드시 제공해야 하는지는 직원이 알려 드립니다.",,{'url': 'https://a069-access.nyc.gov/ACCESSNYC/application.do'},"현금 지원을 신청하려면 다음을 증명해야 합니다.\n신원: 사진 부착 ID, 운전 면허증, 여권, 귀화 증명서 또는 병원 기록 등.\n거주 증명: 임대인 진술서, 현재 임대료 영수증 또는 모기지 내역서 등.\n소득(있는 경우): 현재 급여 명세서, 사업 기록, 현재 소득 신고서 또는 실업 급여금 내역서 등.\n시민권 또는 체류 신분: 출생증명서 또는 미국 여권 또는 군대 기록 등.증명서로 사용할 수 있는 서류를 확인하려면 (https://www1.nyc.gov/assets/hra/downloads/pdf/fia-1227a-korean.pdf) 현금 지원 서류 가이드를 확인하십시오.",Benefit,현금 보조금
STAR 針對住在紐約州學區內且符合資格的屋主提供房地產稅減稅優惠,,"前往中心尋找 (http://www1.nyc.gov/site/finance/about/contact-us.page) 中心, 獲得當面幫助。",{'url': 'https://a836-pts-efile.nyc.gov/SmartFile/Filing/FilingType/Info/NYC_STAR'},,Benefit,學校稅收減免計劃
"SCRIE помогает пожилым гражданам (в возрасте 62 лет и старше), соответствующим критериям отбора, оставаться в доступном жилье благодаря неизменяемой арендной плате. Жильцы платят ту же арендную плату. Налоговый вычет на недвижимость покрывает разницу между фактической суммой арендной платы и фиксированным платежом арендатора.","Для подачи заявки обратитесь в ближайший центр помощи Департамента финансов (https://www1.nyc.gov/site/rentfreeze/help/help-temporary-centers.page) . Возможно, вам нужно будет записаться для визита в центр.",,{'url': 'https://www1.nyc.gov/site/rentfreeze/tools/nyc-tap.page'},"Чтобы подать заявку на участие в программе SCRIE, вам нужно предоставить документы, подтверждающие следующее:\nсвой возраст,\nсумму арендной платы (любые предыдущие и действительные на данный момент документы, например договор аренды),\nВам нужно указать свой доход и доход всех членов вашей семьи, которые проживали в вашей квартире в течение календарного года до подачи заявки. Например, при подаче заявки в 2018 году нужно указать сведения о доходах членов семьи за 2017 год. В качестве справки о доходах можно предоставить такие документы (список не является исчерпывающим):\nНалоговые декларации\nЧеки выплат по социальному обеспечению\nФорма 1099/W2",Program,Программа субсидирования роста арендной платы для пожилых граждан
سابق فوجیوں کی چھوٹ اہل قرار یافتہ سابق فوجیوں، ان کی شریکہ حیات یا غیر شادی شدہ زندہ بچ جانے والی شریکہ حیات، اور ڈیوٹی کے دوران مر جانے والے فوجیوں کے والدین (گولڈ اسٹار پیرنٹ) کے پراپرٹی ٹیکس کو کم کرتی ہے۔,محکمہ مالیات کا بزنس سنٹر (http://www1.nyc.gov/site/finance/pay-now/person.page) ملاحظہ کریں۔,,{'url': 'https://a836-pts-efile.nyc.gov/SmartFile/Filing/FilingType/Info/NYC_VET'},سابقہ فوجیوں کے استثناء کے لیے درخواست دینے کے لیے آپ کو درج ذیل چیزوں کو ثابت کرنا ہو گا:\nآپ کی سابقہ فوجی کی حیثیت: ایک DD فارم 214 (DD-214) کی ایک نقل، جو سرٹیفیکیٹ آف ریلیز یا ڈسچارج فرام ایکٹو ڈیوٹی کا فارم ہے، یا ہر سابقہ فوجی کے علیحدگی کے کاغذات۔ \nہر معذور سابقہ فوجی کے لیے، ویٹیرنز ایڈمنسٹریشن کی جانب سے معذوری کی درجہ بندی بیان کرنے والے خط کی نقل,Program,سابقہ فوجیوں کا پراپرٹی ٹیکس سے استثناء
Le programme STAR réduit les impôts fonciers pour les propriétaires admissibles qui résident dans les circonscriptions scolaires de l’État de New York.,,Rendez-vous dans un centreTrouvez un (http://www1.nyc.gov/site/finance/about/contact-us.page) centre afin d'obtenir de l'aide en personne.,{'url': 'https://a836-pts-efile.nyc.gov/SmartFile/Filing/FilingType/Info/NYC_STAR'},,Benefit,Programme d'allégement fiscal relatif à la taxe scolaire
يسدد برنامج المادة 8 جزءًا من الإيجار للعائلات منخفضة الدخل ومتوسطة الدخل الراغبة في الاستئجار من سوق القطاع الخاص. تعتمد الأهلية لهذا البرنامج على دخل الأسرة وحجم الأسرة. بوجه عام، لا تدفع العائلات أكثر من 40% من دخلها الشهري لسداد إيجارها. وتدفع هيئة الإسكان بمدينة نيويورك المبلغ المتبقي إلى مالك العقار.,,تفضل بزيارة أحد المواقعحدد موعدًا (https://wb-nycha.qmatic.cloud/) ‎ لزيارة مركز اتصال العملاء‏ .,,,,برنامج المادة 8 / قسيمة اختيار السكن
"Zwolnienia dla weteranów obniżają podatki od nieruchomości kwalifikujących się weteranów, ich współmałżonków lub żyjących małżonków, którzy nie zawarli ponownie związku małżeńskiego, oraz rodziców żołnierzy, którzy zginęli na służbie (Gold Star parent).",Przyjdź do Centrum Biznesowego Wydziału Finansów (http://www1.nyc.gov/site/finance/pay-now/person.page) .,,{'url': 'https://a836-pts-efile.nyc.gov/SmartFile/Filing/FilingType/Info/NYC_VET'},"Osoby, które zechcą ubiegać się o zwolnienie z podatku dla weteranów będą musiały udokumentować:\nswój status weterana: Kopia formularza DD 214 (DD-214), który jest świadectwem zwolnienia lub oddalenia z aktywnej służby lub dokumentów o odejściu ze służby dla każdego weterana. \nDla każdego niepełnosprawnego weterana, kopia pisma z Urzędu ds. Weteranów, dokumentującego stopień niepełnosprawności",Program,Zwolnienie weteranów z podatku od nieruchomości
"재향군인 면제는 자격을 갖춘 재향군인, 배우자 또는 재혼하지 않은 생존 배우자, 임무 중 사망한 군인 부모(골드 스타 부모)의 재산세를 낮춰 드립니다.",재무부 비즈니스 센터 (http://www1.nyc.gov/site/finance/pay-now/person.page) 에 방문하십시오.,,{'url': 'https://a836-pts-efile.nyc.gov/SmartFile/Filing/FilingType/Info/NYC_VET'},재향 군인 면제를 신청하려면 다음을 증명해야 합니다.\n재향 군인 상태: 적극적인 활동 후 퇴역 증명서 양식인 A DD 양식 214(DD-214) 또는 각 재향 군인에 대한 별도 서류. \n장애 재향 군인의 경우 장애 등급과 관련한 보훈청(Veterans' Administration)의 서한 사본.,Program,재향 군인의 재산세 경감
"STAR helps lower the property taxes for eligible homeowners who live in New York State. If you apply and are eligible, you'll get a STAR credit check by mail every year to use towards your property taxes.",,Visit the Department of Finance (http://www1.nyc.gov/site/finance/about/contact-us.page) Find a DOF center to get help in person.,,"You'll need Social Security Numbers (SSNs) for all owners and their spouses that live on the property. You'll also need proof of income like:\na federal or state income tax return\n1099R with an IRA distribution\nother documentation of income like W2s, 1099s, Social Security statements, etc",Benefit,School Tax Relief Program
"El EITC es un crédito fiscal para familias que califican, padre/madre sin custodia y personas que trabajan tiempo completo, tiempo parcial o de forma independiente. Hay versiones del EITC a nivel federal, estatal y de la ciudad de Nueva York.",Obtenga ayuda en persona para la presentación de impuestos medianteNYC Free Tax Prep (https://www1.nyc.gov/site/dca/consumers/file-your-taxes.page) . Los preparadores voluntarios de VITA/TCE certificados por el IRS pueden ayudarlo a presentar su declaración en persona o después de entregar sus documentos.,,{'url': 'https://www.getyourrefund.org/'},Consulte una lista de documentos (https://www.nyc.gov/site/dca/consumers/file-your-taxes-documents.page) que necesitará para presentar su declaración de impuestos y reclamar el EITC.,Benefit,Crédito tributario por ingresos del trabajo
SCRIE 62 বছর বা তার বেশি বয়সী যোগ্য প্রবীণ নাগরিকদের তাদের বাড়িভাড়া এক জায়গায় সুস্থিত করে সাশ্রয়ী আবাসনে বসবাস করতে সাহায্য করে। ভাড়াটিয়ারা সুস্থিত ভাড়া পরিশোধ করে। একটি সম্পত্তি ট্যাক্স ক্রেডিট প্রকৃত বাড়িভাড়ার রাশি এবং সুস্থিত বাড়িভাড়ার মধ্যে ফারাকটিকে কভার দেবে।,আবেদন করার জন্য আপনার কাছাকাছি অর্থ সহায়তা কেন্দ্রের বিভাগ (Department of Finance Assistance Center) (https://www1.nyc.gov/site/rentfreeze/help/help-temporary-centers.page) খুঁজুন। একটি কেন্দ্রে যাওয়ার জন্য আপনাকে একটি অ্যাপয়েন্টমেন্ট নির্ধারণ করতে হতে পারে।,,{'url': 'https://www1.nyc.gov/site/rentfreeze/tools/nyc-tap.page'},"SCRIE-এর জন্য আবেদন করতে, আপনার নিম্নলিখিতগুলি প্রমাণ করা প্রয়োজন:\nআপনার বয়স,\nআপনার ভাড়া (অতীতের এবং বর্তমান ভাড়ার নথি- যেমন, লীজ ইত্যাদি),\n আপনার আয় এবং পরিবারের সকল সদস্য যারা আপনার আবেদন জমা করার আগের ক্যালেন্ডার বর্ষে আপনার অ্যাপার্টমেন্টে থাকতেন, তাদের আয়। উদাহরণস্বরূপ, 2018 সালে জমা দেওয়া একটি আবেদনকে 2017 সালের পরিবারের আয়কে অন্তর্ভূক্ত করতে হবে। অন্যান্য নথিগুলির মধ্যে, আয়ের প্রমাণ অন্তর্ভূক্ত করতে পারবেন:\nট্যাক্স রিটার্ন\nসামাজিক নিরাপত্তার সুবিধাগুলি\n1099/W2 স্টেটমেন্ট",Program,প্রবীণ নাগরিকদের রেন্ট ইনক্রিজ এগজেম্পশন
يمكن لعائلتك الحصول على النقود إذا كنت في حاجة إليها. ستحصل العديد من العائلات على الأموال مضافة لبطاقة الخصم التي يمكن استخدامها في أي ماكينة صراف آلي أو متجر يقبل بطاقات EBT. قد تكون بعض العائلات مؤهلة للحصول على الأموال من خلال دفعها مباشرة إلى مالك العقار الذين يعيشون به.,تفضل بزيارة أحد مراكز الوصول إلى مخصصات HRA المفتوحة (http://www1.nyc.gov/site/hra/locations/job-locations.page) للتقديم. سيساعد إذا أحضرت إثبات هويتك، ومحل إقامتك، ومن يعيش معك، ودخلك. سيخبرك الموظف بأي من هذه الأشياء يجب عليك إثباتها.,,{'url': 'https://a069-access.nyc.gov/ACCESSNYC/application.do'},للتقديم في برنامج المساعدة النقدية، ستكون بحاجة لإثبات ما يلي:\nهويتك: مثل بطاقة هوية تحتوي على صورة أو رخصة القيادة أو جواز السفر أو شهادة تجنس أو سجلات مستشفى.\nمحل سكنك: مثل بيان من المالك أو إيصال الإيجار الحالي أو عقد الإيجار أو سجلات الرهن العقاري.\nدخلك (إن وجد): مثل كشف الراتب الحالي أو سجلات العمل أو الإقرار الضريبي للدخل الحالي أو بيان إعانة تأمين البطالة.\nحالة المواطنة أو الهجرة: مثل شهادة الميلاد أو جواز سفر أمريكي أو سجلات الخدمة العسكرية.اطلع على (https://www1.nyc.gov/assets/hra/downloads/pdf/fia-1227a-arabic.pdf) دليل مستندات برنامج المساعدة النقدية لمعرفة المستندات الأخرى التي يمكن استخدامها كإثبات.,Benefit,المساعدة النقدية
第 8 節為想要透過自由市場租屋的中低收入家庭補助部分租金。 這一計畫的資格是根據家庭收入及家庭人口計算的。 一般來說，此類家庭支付的租金不會超過月收入的 40%。 NYCHA 會向業主支付剩餘租金。,,蒞臨辦事處辦理預約 (https://wb-nycha.qmatic.cloud/) 以造訪客戶聯絡中心。,,,,第 8 節 / 住房選擇憑據計畫
"В рамках Программы льгот для пожилых домовладельцев (Senior Citizens Homeowners' Exemption, SCHE) снижаются налоги на недвижимость для пожилых людей, которые имеют во владении от одного до трех домов, кондоминиумов или кооперативных квартир и соответствуют требованиям по уровню дохода.",Подайте заявление лично в отделении Департамента финансов в бизнес-центре (http://www1.nyc.gov/site/finance/pay-now/person.page) .,,{'url': 'https://a836-pts-efile.nyc.gov/SmartFile/Filing/FilingType/Info/NYC_SCHE'},"Чтобы подать заявление на участие в программе SCHE, вы должны подтвердить следующее:\nВаш возраст: представьте копию удостоверения личности, выданного государственным органом.\nВаш доход: представьте копии деклараций по федеральному подоходному налогу и таблицы налоговых ставок/приложения для всех владельцев. Если кто-либо из владельцев не подает налоговую декларацию, необходимо представить подтверждение годового дохода.\nВаши вычеты: \nКопии квитанций по вашим оплаченным и неоплаченным счетам за медицинские услуги за год, за который вы подаете документацию о\nдоходах, или копия Приложения A (Schedule A).\nВ зависимости от типа вашего заявления, вам может понадобиться договор об учреждении траста, завещание, или другие дополнительные документы.",Program,Программа освобождения от налогов пожилых домовладельцев
"Kredi Taks pou Swen Timoun ak Swen Depandan an ranbouse w jiska 50% nan depans pou pran swen yon timoun oswa granmoun depandan. Sou deklarasyon taks sou revni 2024 w lan, ou ka reklame jiska $3,000 pou depans ou fè pou gad pou yon moun ki kalifye ak $6,000 pou gad de (2) oswa plis moun ki kalifye.",Jwenn èd gratis pou ranpli taks an pèsòn akNYC Free Tax Prep (https://www1.nyc.gov/site/dca/consumers/file-your-taxes.page) .,,{'url': 'https://www.getyourrefund.org/'},,Benefit,Kredi Enpo pou Responsablite Timoun ak Depandan:
يمكن للأشخاص ذوي الإعاقة الذين يمتلكون منزلاً إلى ثلاثة منازل أو مجمعات سكنية أو شققًا تعاونية تخفيض الضريبة العقارية على سكنهم الأساسي من خلال إعفاء أصحاب المنازل المعاقين (DHE). يقلل إعفاء أصحاب المنازل المعاقين من الضريبة العقارية بين خمسة وخمسين في المئة. يعتمد تخفيض الضريبة العقارية على مقدار ما تكسبه الأسرة.,عليك التقديم شخصياً في مركز أعمال Department of Finance.,زيارة أحد المكاتبقم بزيارة مركز أعمال Department of Finance (http://www1.nyc.gov/site/finance/benefits/landlords-dhe.page) (من الاثنين إلى الجمعة، من الساعة 8:30 صباحاً حتى 4:30 مساءً) للحصول على مساعدة شخصية.,{'url': 'https://a836-pts-efile.nyc.gov/SmartFile/Filing/FilingType/Info/NYC_DHE'},"للتقدم للحصول على برنامج إعفاء أصحاب المنازل ذوي الاحتياجات الخاصة DHE، ستكون بحاجة لإثبات ما يلي:\nحالة الإعاقة الخاصة بك: أحد المستندات التالية للمالك:\nنسخة من خطاب منحة الإعاقة الصادر من إدارة الضمان الاجتماع\tي\nنسخة من خطاب منحة الإعاقة الصادرة من مجلس تقاعد السكك الحديدية الأمريكي أو خدمة البريد الأمريكية\nنسخة من الشهادة الصادرة من هيئة المكفوفين في ولاية نيويورك، أو خطاب من إدارة المحاربين القدامى يفيد بأنه يحق لك الحصول على معاش العجز للمحاربين القدامى.""\nدخلك: نسخ من الإقرارات الضريبية الاتحادية والجداول/المرفقات لجميع المُلاك. في حال عدم ملء أحد المُلاك لملف الإقرار الضريبي، فعليه إثبات دخله السنوي.\nالتخفيض:\nنسخ من إيصالات الفواتير الطبية المدفوعة وغير المستردة من السنة التي تقدم فيها مستندات الدخل أو \nتقدم نسخة من الجدول أ.",Program,برنامج إعفاء أصحاب المنازل ذوي الاحتياجات الخاصة
STAR bese taks sou pwopriyete pou pwopriyetè kay ki elijib ki ap viv nan distri lekòl Eta New York yo.,,Vizite yon santChèche (http://www1.nyc.gov/site/finance/about/contact-us.page) yon sant jwenn èd fas-a-fas.,{'url': 'https://a836-pts-efile.nyc.gov/SmartFile/Filing/FilingType/Info/NYC_STAR'},,Benefit,Pwogram Rediksyon Taks Pou Lekòl
Qualified Health Plan 是一項私人健康保險計畫，您每月須支付一定金額的保費。 此外還有自付費用，包括共付額、免賠額和共同保險費 (https://www.nyc.gov/site/ochia/coverage-care/insurance-a-z.page#C) 。,透過 (https://nystateofhealth.ny.gov/agent/hx_brokerSearch?fromPage=INDIVIDUAL) 健康保險協助員獲得投保協助。,,{'url': 'https://nystateofhealth.ny.gov/'},如需投保公共健康保險計畫，您將需要：\n表明您的合法移民身分的公民/移民文件\n社會安全號碼 (SSN)\n申請投保的每一位家庭成員的出生日期\n目前的就業資訊\n家庭收入,Benefit,Qualified Health Plan
이전에 푸드 스탬프로 알려진 SNAP으로 식료품 구입에 도움을 받으세요. 직불카드에 금액이 충전되고 이를 많은 식료품점과 파머스 마켓에서 사용할 수 있습니다.,"\n (http://otda.ny.gov/programs/applications/4826-KO.pdf) 서면 신청서 (https://www1.nyc.gov/site/hra/locations/snap-locations.page) 를 인쇄하거나, SNAP 센터 (https://www1.nyc.gov/site/hra/locations/snap-locations.page) 에서 가져가거나, HRA 인포라인(718-557-1399 (https://www1.nyc.gov/site/hra/partners/find-a-partner-organization.page) )에 연락해 서면 신청서를 우편으로 받으십시오.\n신청서에 포함해야 할 서류를 준비합니다.\n인근 SNAP 센터에 작성된 신청서를 제출합니다. 센터에서 서류 사본을 만들 수 있습니다.\nSNAP은 가까운 커뮤니티 기반 기관(CBO)에서 신청할 수 있습니다. 전문가들이 신청서 및 필요한 서류 제출을 도와드릴 수 있습니다.",SNAP 센터 또는 커뮤니티 기관 방문 SNAP 센터 (https://www1.nyc.gov/site/hra/locations/snap-locations.page) 나 인근 커뮤니티 기반 기관 (https://www1.nyc.gov/site/hra/partners/find-a-partner-organization.page) (CBO)에 방문하여 직접 도움을 받을 수 있습니다.,{'url': 'https://a069-access.nyc.gov/ACCESSNYC/application.do'},증빙으로 사용할 수 있는 서류를 확인하려면 (https://www1.nyc.gov/assets/hra/downloads/pdf/fia-1227a-korean.pdf) SNAP 서류 가이드를 확인하십시오.,Benefit,Supplemental Nutrition Assistance Program
EITC‏ اہل قرار پانے والی فیملیز، غیر تولیتی والدین، اور ان افراد کے لیے ایک ٹیکس کریڈٹ جو کل وقتی یا جز وقتی کام کرتے ہیں یا خود کا روزگار کرتے ہیں۔ EITC‏ کے وفاقی، ریاستی، اور نیو یارک سٹی کے ورژنز موجود ہیں۔,NYC‏ فری ٹیکس پریپ (https://www1.nyc.gov/site/dca/consumers/file-your-taxes.page) کے ذریعہ ٹیکس فائل کرنے میں بذات خود مدد حاصل کریں۔ IRS‏ کے مستند ‏VITA/TCE‏ رضاکار تیار کنندگان بذات خود، یا اپنی دستاویزات آپ کے ڈراپ کرنے کے بعد فائل کرنے میں آپ کی مدد کر سکتے ہیں۔,,{'url': 'https://www.getyourrefund.org/'},ان دستاویزات کی فہرست ملاحظہ کریں (https://www.nyc.gov/site/dca/consumers/file-your-taxes-documents.page) جو آپ کو اپنے ٹیکس فائل کرانے اور ‏EITC‏ کا دعویٰ کرنے کے لیے درکار ہوں گی۔,Benefit,کمائی گئی آمدنی پر ٹیکس کریڈٹ
"প্রতিবন্ধী ব্যক্তি যাদের একটি থেকে তিনটি বাড়ি, কন্ডো অথবা কো-অপ অ্যাপার্টমেন্ট আছে তারা DHE-এর মাধ্যমে তাদের প্রাথমিক আবাসনের উপর সম্পত্তি কর কম করতে পারেন। DHE পাঁচ থেকে পঞ্চাশ শতাংশ সম্পত্তি কর হ্রাস করে। পরিবারের আয় কত তার উপর সম্পত্তি করের হ্রাস নির্ভর করে।",ফাইন্যান্স বিজনেস সেন্টার বিভাগে সশরীরে এসে আবেদন করুন।,"অফিসে যানসশরীরে সাহায্য পাওয়ার জন্য ফাইন্যান্স বিজনেস সেন্টারে (http://www1.nyc.gov/site/finance/pay-now/person.page) যান (সোম থেকে শুক্র, সকাল 8:30- বিকাল 4:30)।",{'url': 'https://a836-pts-efile.nyc.gov/SmartFile/Filing/FilingType/Info/NYC_DHE'},"DHE এর জন্য আবেদন করতে, আপনাকে নিম্নলিখিতটি পূরণ করতে হবে:\nআপনার প্রতিবন্ধী স্থিতি: একজন মালিকের জন্য নিচের কোনো একটি:\nসোশ্যাল সিকিওরিটি অ্যাডমিনিস্ট্রেশন-এর দ্বারা সুবিধাপ্রদানের চিঠির কপি\nরেলরোড রিটায়ারমেন্ট বোর্ড বা U.S. পোস্টাল সার্ভিস-এর দ্বারা সুবিধাপ্রদানের চিঠির কপি\nঅন্ধদের জন্য নিউ ইয়র্ক স্টেট কমিশন থেকে সার্টিফিকেট বা ভেটেরান্স অ্যাডমিনিস্ট্রেশন থেকে চিঠির কপি যেখানে বলা থাকবে যে আপনি ভেটেরান্স ডিজাবিলিটি পেনশনের অধিকারী।\nআপনার আয়: সমস্ত মালিকদের জন্য ফেডেরাল ট্যাক্স রিটার্ন এবং সময়সূচী/সংযুক্তির কপিগুলি। যদি কোনো মালিক ট্যাক্স রিটার্ন ফাইল না করে, তাকে বার্ষিক আয়ের প্রমাণপত্র দেখাতে হবে।\nআপনার কর্তন: \nযে বছরের জন্য আপনি আয়ের নথিপত্র জমা দিচ্ছেন সেই বছরের আপনার প্রদত্ত, অপরিশোধিত মেডিকেল বিলের প্রাপ্তির কপি বা\nবা আপনার তফসিল A এর একটি কপি জমা দিন।",Program,প্রতিবন্ধী বাড়িমালিকদের ছাড়
