get_help_summary,age_group,government_agency,get_help_by_calling_311,program_category,program_code,apply_in_person_call_to_action,office_locations_url,program_description,how_to_apply_summary
"<ul>     <li>Visit the <a href=""http://schools.nyc.gov/ChoicesEnrollment/PreK/default.htm"" target=""_blank"">Pre-K website</a> to find a program and learn more about the application process.     </li>     <li>Call <a href=""tel:718-935-2009"">718-935-2009</a> if you have questions about Pre-K admissions.     </li>     <li>Email <a href=""mailto:ESEnrollment.nyc.gov"">Pre-K admissions</a> if you have questions about getting into Pre-K.     </li>     <li>Visit a <a href=""http://nyc.gov/schools/welcomecenters"" target=""_blank"">Family Welcome Center</a> to learn more about Pre-K programs.     </li> </ul>","Toddler, Pre-Schooler",NYC Department of Education,<p>     <strong>Call 311</strong><br> </p> <p>     Ask for Pre-K For All. </p>,Education,S2R016,Find a Family Welcome Center,http://schools.nyc.gov/ChoicesEnrollment/NewStudents/WelcomeCenters/default.htm,"<p>     In free, full-day, high-quality Pre-K, teachers are sparking wonder and igniting learning in our children. Pre-K for All gives children stronger math and reading skills in elementary school and a better chance at success in life. Studies show that early childhood education improves performance throughout a child\u2019s school experience. </p>","<ul>     <li>Apply to Pre-K <a href=""http://schools.nyc.gov/ChoicesEnrollment/PreK/default.htm"" target=""_blank"">online</a>.     </li>     <li>Apply over the phone by calling <a href=""tel:718-935-2067"">718-935-2067</a> (Monday \u2013 Friday, 8 a.m \u2013 3 p.m, except holidays).     </li>     <li>Apply in person at a <a href=""http://nyc.gov/schools/welcomecenters"" target=""_blank"">Family Welcome Center</a>.     </li> </ul> <p>     <a href=""http://nyc.gov/schools/welcomecenters""></a> </p>"
"<ul>     <li>Visit the <a href=""http://www1.nyc.gov/site/nycha/section-8/about-section-8.page"" target=""_blank"">NYCHA</a> website to learn more about each program.     </li>     <li>Call NYCHA at <a href=""tel:718-707-7771"">718-707-7771</a> if you have questions about these programs.     </li>     <li>Visit a NYCHA Section 8 walk-in center:         <ul>             <li>Bronx: 478 East Fordham Rd, 2nd Flr, Bronx, NY 10458             </li>             <li>Brooklyn: 787 Atlantic Ave, 2nd Flr, Brooklyn, NY 11238             </li>         </ul>     </li> </ul>",Everyone,NYC Housing Authority,<p>     <strong>Call 311</strong><br> </p> <p>     Ask for Section 8 assistance. </p>,Housing,S2R013,,,"<p>     Section 8 helps low- and-moderate-income families rent homes. Generally, families pay no more than 40 percent of their monthly income toward their rent share. NYCHA pays the remaining amount to the owner on the family's behalf.<br> </p>","<ul>     <li>New Section 8/HCV applications are not being accepted at this time. The public will be notified when applications are being accepted again.     </li>     <li>If you previously submitted a NYCHA Section 8 application, log on to the <a href=""https://on.nyc.gov/nycha-ss"" target=""_blank"">Self-Service Portal</a> to confirm the receipt of your NYCHA application.     </li> </ul>"
"<ul>     <li>Visit the <a href=""https://www1.nyc.gov/site/dycd/services/jobs-internships/nyc-ladders-for-leaders.page"" target=""_blank"">DYCD website</a> to learn more.     </li>     <li>Call DYCD Youth Connect at <a href=""tel:1-800-246-4646"">1-800-246-4646</a> if you have questions about this program.     </li> </ul>","Teen, Young Adult",NYC Department of Youth & Community Development,,Work,,,,"<p>     NYC Ladders for Leaders offers high school and college students paid summer internships at leading companies, non-profits, and government agencies. The program also offers help with: </p> <ul>     <li>resumes     </li>     <li>cover letters     </li>     <li>interviewing     </li>     <li>workplace readiness     </li>     <li>career and college exploration     </li> </ul> <p>     After the program, students can be part of the alumni network and attend networking events. </p>","<ul>     <li>Apply to <a href=""https://application.nycsyep.com/"" target=""_blank"">Ladders for Leaders online</a> during the application period, which is usually in the late Fall and announced on the <a href=""https://www1.nyc.gov/site/dycd/services/jobs-internships/nyc-ladders-for-leaders.page"" target=""_blank"">DYCD website</a>.     </li>     <li>The application for Ladders for Leaders will only be available during that time.     </li> </ul>"
"<ul>     <li>Visit the <a href=""https://www.va.gov/homeless/hud-vash_eligibility.asp"" target=""_blank"">HUD-VASH website</a> for more information     </li>     <li>Call the National Call Center for Homeless Veterans at <a href=""tel:877-424-3838"">877-424-3838</a> to learn if you're eligible and apply     </li> </ul>",Caregiver,US Department of Housing & Urban Development/ US Department of Veterans Affairs,<p>     <strong>Call 311</strong> </p> <p>     Ask for Veterans Affairs Supportive Housing Program and you will be connected to VA facilities. </p>,Housing,,Find a center,https://access.nyc.gov/locations/?programs=15023,<p>     Veterans and their families who are homeless can get help through HUD-VASH. The program helps veterans find and keep permanent housing by providing Section 8 rental vouchers as well as case management and other supportive services at VA medical centers. </p>,"<ul>     <li>To apply for HUD-VASH, call the National Call Center for Homeless Veterans at <a href=""tel:877-424-3838"">877-424-3838</a>, which will connect you to your local VA homeless program     </li>     <li>Veterans can also apply in person at the following locations:<br>         <strong>The VA Medical Center</strong><br>         Bronx, NY 10468<br>         Phone: <a href=""tel:718-584-9000"">718-584-9000</a><br>         M-T-F from 6:45 a.m. to 3:15 p.m.<br>         130 West Kingsbridge Road or at     </li> </ul> <p>     <strong>The VA NY Harbor Site</strong><br>     423 East 23rd Street 2nd Floor Room 2207N<br>     New York, NY 10010<br>     Phone: <a href=""tel:212-686-7500"">212-686-7500</a><br>     Mondays from 9:00 a.m. - 4:30 p.m.<br>     Thursdays from 11:00 a.m. - 4:30 p.m. </p>"
"<ul>     <li>Call DYCD Youth Connect at <a href=""tel:800-246-4646"">800-246-4646</a> if you have questions about this program.     </li>     <li>Visit the <a href=""https://www1.nyc.gov/site/dycd/services/jobs-internships/out-of-school-youth-osy-program.page"" target=""_blank"">DYCD website</a> for more information.     </li> </ul>","Teen, Young Adult",NYC Department of Youth & Community Development,,Work,,,,"<p>     Train & Earn is a short-term career pathway program for low-income youth, who are not working and not in school. Train & Earn helps youth improve their job skills and find permanent work. It also provides High School Equivalency (HSE) prep and support services. </p> <p>     Youth receive up to 12 months of follow-up services after finishing the program. </p>","<p>     You can use Discover DYCD to find programs in your area. To get started: </p> <ol>     <li>Go to the <a href=""http://www.dycdportal.nyc/discoverdycd/home"" target=""_blank"">Discover DYCD</a> website.     </li>     <li>Click \u201dShow Advanced Search"" in the ""Basic Search"" box.     </li>     <li>Select ""Youth Workforce Development"" from the ""All Programs"" dropdown and an ""OSY"" program from the ""All Sub-programs"" dropdown.     </li> </ol>"
"<ul>     <li>Visit <a href=""http://nyc.gov/rentfreeze"" target=""_blank"">SCRIE website</a> to learn more about this program:     </li>     <li>         <a href=""http://www1.nyc.gov/site/finance/about/contact-by-email/contact-scrie.page"" target=""_blank"">Email SCRIE</a> for more information<br>     </li>     <li>Call <a href=""tel:311"">311</a> and ask for a SCRIE specialist or <a href=""tel:212-639-9675"">212-639-9675</a> if you have a hard time hearing     </li>     <li>Visit the SCRIE walk-in center:<br>         66 John St, 3rd Floor<br>         New York, NY, 10038<br>         Open Monday - Friday, 8:30 a.m. - 4:30 p.m.     </li> </ul>",Caregiver,NYC Department of Finance / NYC Housing Preservation and Development,<p>     <strong>Call 311</strong> </p> <p>     Ask for a SCRIE specialist. </p>,Housing,S2R015,Find the office,https://access.nyc.gov/location/scriedrie-walk-in-center/,"<p>     Senior citizens can get a rent freeze through SCRIE. If their rent goes up, people with SCRIE do not have to pay the higher rent. Instead, the City pays the landlord the difference between the current rent and the future rent. </p>","<ul>     <li>         <strong>Apply by mail:</strong> Download <a href=""https://access.nyc.gov/wp-content/uploads/2017/03/SCRIE_Application_Packet_EN.pdf"" target=""_blank"">the application</a> or pick one up from a SCRIE walk-in center. If you download, there will be two applications in the file. You only need to fill out the application for the type of housing you live in. The application for people who live in Mitchell-Lama or Redevelopment Company development housing will be the pages in the front and the application for all other qualified housing will be second.     </li>     <li>         <strong>Apply in person</strong> at the SCRIE walk-in center, if you live in housing other than Mitchell-Lama or Redevelopment Company development housing.<br>         <strong>SCRIE walk-in center</strong><strong>:</strong><br>         66 John St, 3rd Floor<br>         New York, NY 10038<br>         Open Monday - Friday, 8:30 a.m. - 4:30 p.m.     </li>     <li>         <strong>Apply by phone</strong> by calling HPD at <a href=""tel:212-863-8494"">212-863-8494</a> if you are living Mitchell-Lama or Redevelopment Company development housing.     </li> </ul> <p>     SCRIE/DRIE online applications are temporarily unavailable while we work on a new and improved application. Please use the forms or walk-in location to apply. </p>"
"<ul>     <li>Call NYC Well at <a href=""tel:1-888-692-9355"">1-888-NYC-WELL</a>, 24 hours a day, 7 days a week. This free, confidential service connects NYC residents to counselors for mental health support and help finding mental health and substance abuse services.     </li>     <li>Visit the <a href=""https://www1.nyc.gov/site/doh/health/health-topics/child-and-adolescent-mental-health-outpatient.page"" target=""_blank"">Outpatient Services website</a> for more information and available resources.     </li> </ul>",Everyone,NYC Department of Health & Mental Hygiene,,Health,,,,"<p>     Young people can get mental health care near their home. Outpatient services are available in clinics, doctors\u2019 offices, and schools. Through these services, children can get therapy, referrals, and help with medicine. </p>","<p>     Clinic treatment </p> <ul>     <li>For mental health clinics in the community, contact a clinic to make an appointment. To find clinics:         <ul>             <li>Call NYC Well at <a href=""tel:1-888-692-9355"">1-888-NYC-WELL</a>             </li>             <li>Go to the <a href=""https://my.omh.ny.gov/bi/pd/saw.dll?PortalPages"" target=""_blank"">New York State Office of Mental Health's Program Directory</a>             </li>         </ul>     </li>     <li>School-based mental health clinics: Find a clinic on the <a href=""https://www.schools.nyc.gov/school-life/health-and-wellness/mental-health"" target=""_blank"">Department of Education website</a> in the ""Get Help at Your School"" section, and contact the clinic.     </li> </ul>Day treatment program<br> <br> <ul>     <li>Make a referral to the local school district. Referrals can be made by parents or children under certain circumstances. A staff member at the school or district, a doctor, a court officer, or any agency a child may be involved with can also make referrals.     </li>     <li>For more information, contact the principal or parent coordinator of your child's school or call <a href=""tel:1-888-692-9355"">1-888-NYC-WELL</a>.     </li> </ul>"
"<ul>     <li>Visit the <a href=""https://www1.nyc.gov/site/hra/help/energy-assistance.page"" target=""_blank"">HEAP website</a> to find out more about this program.     </li>     <li>Call the Info line at <a href=""tel:800-692-0557"">800-692-0557</a> if you have questions about HEAP or <a href=""tel:212-835-7216"">212-835-7216</a> for operator assistance.     </li>     <li>Visit a <a href=""https://access.nyc.gov/locations/?programs=6871"" target=""_blank"">HEAP office</a> to get help in person.     </li> </ul>",Caregiver,NYC Human Resources Administration,<p>     <strong>Call 311</strong> </p> <p>     Ask for assistance with the Home Energey Assistance Program. </p>,Cash &amp; expenses,S2R019,Find a location,https://access.nyc.gov/locations/?programs=6871,"<p>     HEAP helps eligible households meet their home energy needs in the winter season. The money can pay for fuel, your utility source, equipment and/or repairs. The City pays the costs either directly to the company (heating benefit and/or utility benefit) or to the household (utility benefit only). </p>","<p>     You can apply for HEAP when it is in season, from November to March. </p> <ul>     <li>Apply in person by completing <a href=""https://access.nyc.gov/wp-content/uploads/2017/11/HEAP_ApplInst_EN.pdf"" target=""_blank"">the application</a> and submitting it at a <a href=""https://access.nyc.gov/locations/?programs=6871"" target=""_blank"">HEAP location</a>.     </li>     <li>You may also apply by mail if:<br>         <ul>             <li>the head of house is disabled and gets Retirement Survivor\u2019s Insurance or Disability Insurance, or             </li>             <li>the head of household is age 60 or older, or             </li>             <li>the household is Code A SSI, or             </li>             <li>the household is receiving Cash Assistance or SNAP<br>                 <strong>Applications should be mailed to:</strong><br>                 New York City Home Energy Assistance Program<br>                 P.O. Box 1401, Church Street Station<br>                 New York, NY, 10008             </li>         </ul>     </li>     <li>To apply for Emergency HEAP you must first apply and be approved for regular HEAP. You can apply over the phone by calling HEAP at <a href=""tel:212-835-7216"">212-835-7216</a>.     </li>     <li>         <a href=""tel:800-692-0557.""></a>To find out the status of your application call <a href=""tel:800-692-0557"">800-692-0557</a>.     </li> </ul>"
"<ul>     <li>Visit the <a href=""http://www1.nyc.gov/site/nycha/index.page"" target=""_blank"">NYCHA website</a> for more information.     </li>     <li>Call NYCHA at <a href=""tel:718-707-7771"">718-707-7771</a> if you have questions about public housing.     </li> </ul>",,NYC Housing Authority,<p>     <strong>Call 311</strong> </p> <p>     Ask for Public Housing. </p>,Housing,,Find a center,https://access.nyc.gov/locations/?programs=6881,<p>     People with low and moderate income can obtain affordable housing through the New York City Housing Authority (NYCHA). NYCHA has Senior and Community Centers and offers residents programs to help find work and provides education on how to manage money and finances. </p>,"<ul>     <li>To apply for public housing, you must submit an application on the <a href=""https://apply.nycha.info/"" target=""_blank"">NYCHA website</a>. Paper applications are available at the <a href=""http://www1.nyc.gov/site/nycha/about/contact.page"" target=""_blank"">NYCHA Customer Contact Center</a> for persons who are unable to apply online.     </li>     <li>After you apply, you will be given a priority code based on your information and placed on the waiting list for an eligibility interview.     </li>     <li>You can check your case status at anytime by registering and then logging into the <a href=""https://selfserve.nycha.info/eservice_enu/start.swe?SWECmd=Start&amp;SWEHo=selfserve.nycha.info"" target=""_blank"">NYCHA self-service portal</a>.     </li> </ul>"
"<p>     <strong>Talk to a counselor</strong> <strong>now</strong><br> </p> <ul>     <li>Call <a href=""tel:888-692-9355"">888-NYC-WELL</a> to speak with a counselor at anytime.<br>         <ul>             <li>For Spanish, press 3             </li>             <li>For Chinese, press 4             </li>         </ul>     </li>     <li>Call <a href=""tel:711"">711</a> if you need relay service for deaf or hard of hearing.     </li> </ul> <p>     <strong>Text a counselor now</strong><br> </p> <ul>     <li>Text WELL to <a href=""sms:65173"">65173</a> at anytime to communicate with a counselor. When prompted text:<br>         <ul>             <li>1 for English             </li>             <li>2 for Spanish             </li>             <li>3 for Chinese             </li>         </ul>     </li> </ul> <p>     <strong>Chat with a counselor now</strong><br> </p> <ul>     <li>Go to the <a href=""https://nycwell.cityofnewyork.us/en/get-help-now/chat-with-a-counselor-now/"" target=""_blank"">NYC Well website</a> to chat with a counselor at anytime.     </li> </ul> <p>     Visit the <a href=""https://nycwell.cityofnewyork.us/en/"" target=""_blank"">NYC Well website</a> for more information on available mental health service. </p>",Everyone,NYC Department of Health & Mental Hygiene,<p>     <strong>Call 311</strong> </p> <p>     Ask for NYC Well. </p>,Health,,,,"<p>     NYC Well is your connection to free private mental health support. You can connect to a counselor by phone, text, or chat and get help with problems like stress, depression, anxiety, or drug and alcohol misuse. </p>",
"<ul>     <li>Visit the <a href=""http://nyc.gov/3k"" target=""_blank""><u>3-K website</u></a> to find out more information.     </li>     <li>Visit a <a href=""http://nyc.gov/schools/welcomecenters"" target=""_blank""><u>Family Welcome Center</u></a> to learn more about 3-K programs     </li>     <li>Call <a href=""tel:311""><u>311</u></a> or text \u201c3k\u201d to <a href=""sms:877-877""><u>877-877</u></a> if you have questions about 3-K.     </li> </ul>","Toddler, Pre-Schooler",NYC Department of Education,<p>     Call 311<br>     Ask for 3-K for All.<br>     Text \u201c3k\u201d to 877-877 </p>,Education,,,,"<p>     3-K for All provides free, full-day, high-quality early childhood education for every three-year-old regardless of family income. For the 2018-2019 school year, 3-K for All will be available in School Districts 4 (East Harlem), 5 (Harlem), 7 (South Bronx), 16 (Bedford-Stuyvesant, Crown Heights), 23 (Brownsville, East New York, Ocean Hill), and 27 (Broad Channel, Howard Beach, Ozone Park, Rockaways). </p>","<p>     To request more information on applying visit the <a href=""https://maps.nyc.gov/3k/#form-page"" target=""_blank""><u>3-K for All website</u></a>. </p>"
"<ul>     <li>Visit the <a href=""https://www.nycservice.org/pages/pages/74"" target=""_blank""><u>Youth Leadership Council website</u></a> for more information.     </li>     <li>         <a href=""mailto:NYCYLC.nyc.gov""><u>Email the Youth Leadership Council</u></a> if you have questions about this program.     </li> </ul>","Teen, Young Adult",NYC Service,,Enrichment,,,,"<p>     Youth Leadership Councils (YLCs) give young people a chance to address policies and practices that shape the lives of New Yorkers. YLCs are hosted by City agencies, schools, and community organizations. Youth work in partnership with adults and benefit by getting community service hours, understanding how the City works, and developing personal and professional skills. </p>","<p>     Apply on the <a href=""http://nyc.gov/youthvoice"" target=""_blank""><u>YLC website</u></a>. </p>"
"<ul>     <li>Visit the <a href=""http://www1.nyc.gov/site/acs/early-care/acs-child-care-options.page"" target=""_blank"">EarlyLea<del></del>rn NYC Head Start website</a> for more information.     </li>     <li>Visit an <a href=""https://access.nyc.gov/locations/?programs=6867"" target=""_blank"">EarlyLearn center</a> near you for help in person.     </li>     <li>Call <a href=""tel:311"">311</a> if you need help finding a program.     </li> </ul>","Toddler, Pre-Schooler",NYC Administration for Children's Services,<p>     <strong>Call 311</strong> </p> <p>     Ask for EarlyLearn Head Start if you need help finding a program. </p>,Child care,S2R008,Find a program,https://access.nyc.gov/locations/?programs=6867,"<p>     EarlyLearn NYC Head Start programs provide a safe, caring environment for three and four year old children. Care is provided at a center for eight hours a day and children are fed healthy meals and snacks. </p>","<ul>     <li>Use the <a href=""https://access.nyc.gov/locations/?programs=6867"" target=""_blank"">EarlyLearn NYC program finder</a> and choose a provider.     </li>     <li>Visit the program of your choice and get an application.<br>     </li>     <li>Complete the application and submit it with required documents to the EarlyLearn NYC Head Start program of your choice.     </li>     <li>If you are receiving benefits from the Human Resources Administration (HRA) and would like to enroll in an EarlyLearn NYC program, visit <a href=""http://www.nyc.gov/html/hra/html/services/job_centers.shtml"" target=""_blank"">your assigned Job Center</a>.<br>     </li> </ul>"
"<p>     Visit an ECDC in your borough: </p> <p>     <strong>Bronx</strong><br>     4419 Third Ave, Suite 2C, Bronx, NY 10457<br>     Call: <a href=""tel:347-271-8159"">347-271-8159</a> Email: <a href=""mailto:maura.org"">Maura Rosado</a><a href=""mailto:maura.org""><br></a><a href=""http://www.ecdcbronx.org/"" target=""_blank"">Visit the website</a> </p> <p>     <strong>Brooklyn</strong><br>     160 Lawrence Ave, Brooklyn, NY 11230<br>     Call: <a href=""tel:718-437-3794"">718-437-3794</a> Email: <a href=""mailto:ksamet.org"">Karen Samet</a><a href=""mailto:ksamet.org""><br></a><a href=""http://www.ucpnyc.org/ecdc"" target=""_blank"">Visit the website</a> </p> <p>     <strong>Manhattan</strong><br>     New York Presbyterian Hospital<br>     409 East 60th St, Suite 3-312, New York, NY 10022<br>     Call: <a href=""tel:212-746-6175"">212-746-6175</a> Email: <a href=""mailto:mrubinst.org"">Marilyn Rubinstein</a><br>     <a href=""http://nyp.org/ecdc"" target=""_blank"">Visit the website</a> </p> <p>     <strong>Queens</strong><br>     Queens Centers for Progress<br>     81-15 164th St, Jamaica, NY 11432<br>     Call: <a href=""tel:718-215-1299"">718-215-1299</a> Ext. 4001 Email: <a href=""mailto:cwarkala.org"">Catherine Warkala</a><a href=""mailto:cwarkala.org""><br></a><a href=""http://ecdc-queens.webs.com/"" target=""_blank"">Visit the website</a> </p> <p>     <strong>Staten Island</strong><br>     Staten Island University Hospital<br>     242 Mason Ave, 1st Flr, Staten Island, NY 10305<br>     Call: <a href=""tel:718-226-6670"">718-226-6670</a> Email: <a href=""mailto:Lkennedy30.edu"">Laura Kennedy</a><br>     <a href=""http://www.siuh.edu/ecdc"" target=""_blank"">Visit the website</a> </p>","Caregiver, Baby, Toddler, Pre-Schooler",NYS Department of Education,<p>     <strong>Call 311</strong> </p> <p>     Ask for Early Childhood Direction Centers. </p>,Special needs,,,,"<p>     If you have a child with physical, mental, or emotional disabilities, ECDCs can help. ECDCs provide information to members of the community about services for young children from birth to age five with diagnosed or suspected special needs. </p>",
"<ul>     <li>Visit the <a href=""http://opportunitynycha.org/workforce-development/jobs-plus/"" target=""_blank"">Jobs Plus website</a> to learn more about the program.     </li>     <li>Call a <a href=""http://opportunitynycha.org/workforce-development/jobs-plus/"" target=""_blank"">Jobs Plus site</a> near you for questions about a specific location.     </li> </ul>","Teen, Young Adult",NYC Housing Authority,,Work,,,,"<p>     Jobs Plus is an employment program for working-age NYCHA residents. It helps participants find work and keep more of their earned income. Jobs Plus offers job-related services, help with finances, and community support. </p>","<p>     To apply for Jobs Plus, <a href=""http://opportunitynycha.org/workforce-development/jobs-plus/"" target=""_blank"">contact a site near you</a>. </p>"
"<ul>     <li>Visit the <a href=""https://www.health.ny.gov/prevention/nutrition/csfp/"" target=""_blank"">CSFP website</a> for more information.     </li>     <li>Call a food distribution site near you to learn more.         <ul>             <li>The Bronx: <a href=""tel:917-982-2564"">917-982-2564</a>             </li>             <li>Brooklyn: <a href=""tel:718-498-9208"">718-498-9208</a>             </li>             <li>Queens <a href=""tel:718-523-2220"">718-523-2220</a>             </li>             <li>Long Island <a href=""tel:516-623-4568"">516-623-4568</a>             </li>         </ul>     </li>     <li>Visit a <a href=""https://access.nyc.gov/locations/?programs=6862"" target=""_blank"">CSFP site</a> near you to get help in person.     </li> </ul> <p>     <a href=""tel:718-523-2220""></a> </p>",Caregiver,NYC Department of Health,<p>     <strong>Call 311</strong> </p> <p>     Ask for Commodity Supplemental Food Program. </p>,Food,S2R027,Find a site,https://access.nyc.gov/locations/?programs=6862,"<p>     CSFP gives healthy food to low-income seniors. People in the program get a monthly package of fruit, vegetables, meat or fish, pasta or rice, and cereal. CSFP gives advice on cooking and nutrition. CSFP can also connect you to health care and social services. </p>","<p>     Visit a <a href=""https://access.nyc.gov/locations/?programs=6862"" target=""_blank"">food distribution site</a> near you for application information. </p>"
,"Caregiver, Baby",NYC Department of Health & Mental Hygiene/NYC Administration for Children's Services,"<p>     <strong>Call 311</strong> </p> <p>     Call <a href=""tel:311"">311</a> and ask about Safe Sleep. </p>",Family services,,,,<p>     Sleeping the wrong way can be dangerous for babies. Get information on the safest way for your baby to sleep from the Safe Sleep Initiative. Low-income families may also be eligible to get a free crib. </p>,"<ul>     <li>Visit the <a href=""http://www1.nyc.gov/site/doh/health/health-topics/pregnancy-sleep-safety.page"" target=""_blank"">Safe Sleep website</a> to learn more.     </li>     <li>Call <a href=""tel:311"">311</a> for more information and find out how you can receive services.     </li> </ul>"
"<ul>     <li>Visit the <a href=""http://www1.nyc.gov/site/nycha/index.page"" target=""_blank"">NYCHA website</a> for more information.     </li>     <li>Call NYCHA at <a href=""tel:718-707-7771"">718-707-7771</a> if you have questions about public housing.     </li> </ul>",,NYC Housing Authority,<p>     <strong>Call 311</strong> </p> <p>     Ask for Public Housing. </p>,Housing,,Find a center,https://access.nyc.gov/locations/?programs=6881,<p>     People with low and moderate income can obtain affordable housing through the New York City Housing Authority (NYCHA). NYCHA has Senior and Community Centers and offers residents programs to help find work and provides education on how to manage money and finances. </p>,"<ul>     <li>To apply for public housing, you must submit an application on the <a href=""https://apply.nycha.info/"" target=""_blank"">NYCHA website</a>. Paper applications are available at the <a href=""http://www1.nyc.gov/site/nycha/about/contact.page"" target=""_blank"">NYCHA Customer Contact Center</a> for persons who are unable to apply online.     </li>     <li>After you apply, you will be given a priority code based on your information and placed on the waiting list for an eligibility interview.     </li>     <li>You can check your case status at anytime by registering and then logging into the <a href=""https://selfserve.nycha.info/eservice_enu/start.swe?SWECmd=Start&amp;SWEHo=selfserve.nycha.info"" target=""_blank"">NYCHA self-service portal</a>.     </li> </ul>"
"<ul>     <li>Visit the <a href=""http://schools.nyc.gov/ChoicesEnrollment/High/default.htm"" target=""_blank"">Department of Education website</a> to learn more about High School admissions.     </li>     <li>Call <a href=""tel:718-935-2399"">718-935-2399</a> or <a href=""mailto:HSEnrollment.nyc.gov"">email</a> if you have questions about applying to high school.     </li>     <li>Visit a <a href=""https://www.schools.nyc.gov/enrollment/enrollment-help/family-welcome-centers"" target=""_blank"">Family Welcome Center</a> to get help in person.     </li> </ul>","Pre-Teen, Teen",NYC Department of Education,,Education,,,,<p>     There are more than 700 programs at over 400 public high schools in NYC. Eighth graders and first-time 9th graders have the chance to apply for 12 programs during the high school admissions process. </p>,"<p>     To apply for admission to a public high school: </p> <ol>     <li>Visit <a href=""http://app.bronto.com/t/l?ssid=4776&amp;subscriber_id=bpoodwbawwvylbzfifslbjpsdmkzbbm&amp;delivery_id=avrbhhzshlfzjwfwzeuqyufrirybbce&amp;td=9yWbDVN0mB36O2cIzTouCQWrpk6bgx7E5xawCisi_rGgRpKUAlMuXHuiyHL09YDwRPvln_RxgubkRx7nPCNs-HHRyofj3L_p2cgoav4uaepYFKN0UTar4AP8bN6gCQkjdf32t8TAQyQYLMTtLnWEza00fLixDyBde76VmBxPDc4aMW8F1Lm8eH4Akf8gHRf-o2oVusiA5k6OGHoXWDSYADOP_TvpVZ7DwrEqi6D7HOZJNdYgYyiA8NEg"" target=""_blank"">MySchools.nyc</a> and set up your account. Speak with your school counselor if you need help. You will need your:         <ul>             <li>Student ID number             </li>             <li>Account creation code (PIN)             </li>         </ul>     </li>     <li>Use <a href=""http://app.bronto.com/t/l?ssid=4776&amp;subscriber_id=bpoodwbawwvylbzfifslbjpsdmkzbbm&amp;delivery_id=avrbhhzshlfzjwfwzeuqyufrirybbce&amp;td=9yWbDVN0mB36O2cIzTouCQWrpk6bgx7E5xawCisi_rGgRpKUAlMuXHuiyHL09YDwRPvln_RxgubkRx7nPCNs-HHRyofj3L_p2cgoav4uaepYFKN0UTar4AP8bN6gCQkjdf32t8TAQyQYLMTtLnWEza00fLixDyBde76VmBxPDc4aMW8F1Lm8eH4Akf8gHRf-o2oVusiA5k6OGHoXWDSYADOP_TvpVZ7DwrEqi6D7HOZJNdYgYyiA8NEg"" target=""_blank"">MySchools</a> to explore high school programs based on your interests, location, and more.     </li>     <li>Select up to 12 choices to add to your application in your true order of preference, and submit it by the deadline.     </li> </ol> <p>     If you just moved to NYC talk to your school counselor or visit a <a href=""https://www.schools.nyc.gov/enrollment/enrollment-help/family-welcome-centers"">Family Welcome Center</a>. </p> <p>     If you want to apply to a specialized high school, contact your guidance counselor in September to request an admissions ticket for the test. </p>"
"<ul>     <li>Visit the <a href=""http://www.nyc.gov/html/ocdv/html/home/home.shtml"" target=""_blank"">Mayor's Office to Combat Domestic Violence website</a> to learn more about FJCs and other services for domestic violence victims.     </li>     <li>Call the NYC Domestic Violence Hotline at <a href=""tel:800-621-4673"">800-621-4673</a> or <a href=""tel:800-810-7444"">800-810-7444</a> (if you are hearing impaired)<strong>,</strong> or call <a href=""tel:311"">311</a> and ask for the Domestic Violence Hotline.     </li>     <li>Call 911 immediately for emergencies.     </li>     <li>Call or visit a Family Justice Center:     </li> </ul> <p>     <strong>Bronx:</strong> 198 East 161st St, Bronx, NY<br>     Call: <a href=""tel:718-508-1220"">718-508-1220</a> </p> <p>     <strong>Brooklyn:</strong> 350 Jay St, Brooklyn, NY<br>     Call: <a href=""tel:718-250-5111"">718-250-5111</a> </p> <p>     <strong>Manhattan:</strong> 80 Centre St, New York, NY<br>     Call: <a href=""tel:212-602-2800"">212-602-2800</a> </p> <p>     <strong>Queens:</strong> 126-02 82nd Ave, Kew Gardens, NY<br>     Call: <a href=""tel:718-575-4545"">718-575-4545</a> </p> <p>     <a href=""http://ecdc-queens.webs.com"" target=""_blank""></a><strong>Staten Island:</strong> 126 Stuyvesant Pl, Staten Island, NY<br>     Call: <a href=""tel:718-697-4300"">718-697-4300</a> </p>",Everyone,NYC Mayor's Office to Combat Domestic Violence,<p>     <strong>Call 311</strong> </p> <p>     Ask for the Domestic Violence Hotline. </p> <p>     Call 911 if you are in danger and need immediate help. </p>,Family services,,,,"<p>     Services at the FJCs include: </p> <ul>     <li>Counseling for adults and children, and mental health services for adults     </li>     <li>Help with safety planning, housing, shelter, and other needs     </li>     <li>Legal help with orders of protection, custody, visitation, divorce, immigration, and housing matters     </li>     <li>Help filing police reports     </li>     <li>Financial services, job training, and education program referrals     </li> </ul>",
"<ul>     <li>Visit the <a href=""https://www1.nyc.gov/site/dycd/services/after-school/in-school-youth-isy.page"" target=""_blank"">Learn & Earn page</a> on DYCD's website to learn more.     </li>     <li>Visit the <a href=""http://www.dycdportal.nyc/discoverdycd/home"" target=""_blank"">Discover DYCD</a> website to learn more about all of the programs Learn & Earn offers.     </li>     <li>Call DYCD Youth Connect at <a href=""tel:800-246-4646"">800-246-4646</a> for more information on Learn & Earn.     </li> </ul>","Teen, Young Adult",NYC Department of Youth & Community Development,<p>     <strong>Call 311</strong> </p> <p>     Ask for assistance with In-School Youth Employment Program. </p>,Work,S2R028,,,"<p>     High school juniors and seniors in the Learn & Earn (formerly the In-School Youth Program) program will receive assistance in career exploration, college readiness, and high school graduation. </p>","<ul>     <li>Call DYCD Youth Connect at <a href=""tel:800-246-4646"">800-246-4646</a> to apply.     </li>     <li>You can also use <a href=""http://www.dycdportal.nyc/discoverdycd/home"" target=""_blank"">Discover DYCD</a> with the ""jobs & internships"" filter to see what programs are near your home.     </li> </ul>"
"<ul>     <li>Visit the <a href=""https://www.schools.nyc.gov/enrollment/enroll-grade-by-grade/middle-school"" target=""_blank"">NYC Department of Education website</a> to learn more and to research specific schools.     </li>     <li>Call <a href=""tel:718-935-2398"">718-935-2398</a> or <a href=""mailto:MSEnrollment.nyc.gov"">email the Middle School Admissions team</a> with your questions.     </li>     <li>Visit a <a href=""https://www.schools.nyc.gov/enrollment/enrollment-help/family-welcome-centers"" target=""_blank"">Family Welcome Center</a> to get help in person.     </li> </ul>","Grade-Schooler, Pre-Teen",NYC Department of Education,,Education,,,,"<p>     Middle school offers students opportunities to explore their interests, discover new subjects, and learn more about themselves. New York City students can apply to up to 12 middle school programs. </p>","<p>     To apply for admissions to a public middle school: </p> <ol>     <li>Visit <a href=""https://www.myschools.nyc"" target=""_blank"">MySchools.nyc</a> and set up your account. Speak with your school counselor if you need help.     </li>     <li>Use <a href=""https://www.myschools.nyc"" target=""_blank"">MySchools</a> to explore middle schools based on your interests, location, and more.     </li>     <li>Select up to 12 choices to add to your application in your true order of preference, and submit it by the deadline.     </li> </ol>If you just moved to NYC talk to your school counselor or visit a <a href=""https://www.schools.nyc.gov/enrollment/enrollment-help/family-welcome-centers"" target=""_blank"">Family Welcome Center</a>."
"<ul>     <li>Visit the <a href=""https://www1.nyc.gov/site/dycd/services/jobs-internships/nyc-ladders-for-leaders.page"" target=""_blank"">DYCD website</a> to learn more.     </li>     <li>Call DYCD Youth Connect at <a href=""tel:1-800-246-4646"">1-800-246-4646</a> if you have questions about this program.     </li> </ul>","Teen, Young Adult",NYC Department of Youth & Community Development,,Work,,,,"<p>     NYC Ladders for Leaders offers high school and college students paid summer internships at leading companies, non-profits, and government agencies. The program also offers help with: </p> <ul>     <li>resumes     </li>     <li>cover letters     </li>     <li>interviewing     </li>     <li>workplace readiness     </li>     <li>career and college exploration     </li> </ul> <p>     After the program, students can be part of the alumni network and attend networking events. </p>","<ul>     <li>Apply to <a href=""https://application.nycsyep.com/"" target=""_blank"">Ladders for Leaders online</a> during the application period, which is usually in the late Fall and announced on the <a href=""https://www1.nyc.gov/site/dycd/services/jobs-internships/nyc-ladders-for-leaders.page"" target=""_blank"">DYCD website</a>.     </li>     <li>The application for Ladders for Leaders will only be available during that time.     </li> </ul>"
"<ul>     <li>Visit the <a href=""http://www1.nyc.gov/site/dca/consumers/get-tax-credit-information.page"" target=""_blank"">NYC Department of Consumer Affairs website</a> for more information.     </li>     <li>If you qualify, visit a <a href=""https://access.nyc.gov/locations/?programs=6861"" target=""_blank"">tax prep location</a> to get help filing your taxes in person.     </li>     <li>Call <a href=""tel:800-906-9887"">800-906-9887</a> to find the nearest Volunteer Income Tax Assistance (VITA) or Tax Counseling for the Elderly (TCE).     </li>     <li>Call <a href=""tel:311"">311</a> and ask for tax preparation assistance.     </li> </ul>",Everyone,NYC Department of Consumer Affairs / IRS,<p>     <strong>Call 311</strong> </p> <p>     Ask for tax preparation assistance. </p>,Cash &amp; expenses,S2R004,Find a tax prep location,https://access.nyc.gov/locations/?programs=6861,"<p>     CTC allows people with qualifying children to lessen their federal income tax by up to $1,000. You can claim both CTC and the credit for Child and Dependent Care expenses. </p>","<ul>     <li>File online: you can <a href=""http://www1.nyc.gov/site/dca/consumers/file-your-taxes.page"" target=""_blank"">file your taxes online</a>, using one of the free sites the City recommends.     </li>     <li>File in-person: you may qualify to have your taxes prepared for free in person at one of the <a href=""https://access.nyc.gov/locations/?programs=6861"" target=""_blank"">tax prep locations near you</a>.     </li>     <li>To claim your CTC, you must file <a href=""https://access.nyc.gov/wp-content/uploads/2018/05/Form_1040.pdf"" target=""_blank"">Form 1040</a>, <a href=""https://access.nyc.gov/wp-content/uploads/2018/05/Form_1040A.pdf"" target=""_blank"">Form 1040A</a>, or Form <a href=""https://access.nyc.gov/wp-content/uploads/2018/05/Form_1040NR.pdf"" target=""_blank"">1040NR</a>.     </li> </ul>"
"<ul>     <li>Visit the <a href=""http://lyfenyc.org/"" target=""_blank"">Living for the Young Family through Education site</a> for more information     </li>     <li>Call <a href=""tel:212-609%E2%80%938520"">212-609\u20138520</a> to speak with a representative     </li>     <li>Email <a href=""mailto:lyfe.nyc.gov"">LYFE</a> with your questions     </li>     <li>Follow LYFE on <a href=""https://twitter.com/lyfenyc"" target=""_blank"">Twitter</a> or connect with LYFE on <a href=""https://www.facebook.com/lyfenyc"" target=""_blank"">Facebook</a>     </li> </ul>","Caregiver, Baby, Toddler, Pre-Schooler",NYC Department of Education/District 79,,Child care,,,,"<p>     If you are a public school student with a young child, you might be able to get free child care. LYFE offers day care and academic support to parents who are still in school. </p>","<ul>     <li>Download LYFE Enrollment Packet: <a href=""http://lyfenyc.org/wp-content/uploads/2012/08/Enrollment-Packet-Entire.pdf"" target=""_blank"">English</a>, <a href=""http://lyfenyc.org/wp-content/uploads/2012/08/Spanish.pdf"" target=""_blank"">Spanish</a>, <a href=""http://lyfenyc.org/wp-content/uploads/2012/08/Haitian-Creole.pdf"" target=""_blank"">Haitian Creole</a>, <a href=""http://lyfenyc.org/wp-content/uploads/2012/08/French.pdf"" target=""_blank"">French</a>     </li>     <li>Contact a LYFE social worker at <a href=""http://lyfenyc.org/locations/"" target=""_blank"">a location close to your home or school</a> to schedule an enrollment appointment     </li> </ul>"
"<ul>     <li>Visit the <a href=""https://www1.nyc.gov/site/doh/health/health-topics/pregnancy-newborn-visiting.page"" target=""_blank"">Newborn Home Visiting Program website</a> for more information.     </li>     <li>Call NHVP if you live in these neighborhoods:         <ul>             <li>North & Central Brooklyn: <a href=""tel:718-637-5230&amp;quot;"">718-637-5230</a>             </li>             <li>South Bronx: <a href=""tel:718-579-2878"">718-579-2878</a>             </li>             <li>East & Central Harlem: <a href=""tel:646-672-2894"">646-672-2894</a>             </li>         </ul>     </li> </ul>","Caregiver, Baby",NYC Department of Health & Mental Hygiene,<p>     <strong>Call 311</strong> </p> <p>     Ask for the Newborn Home Visiting Program. </p>,Family services,,,,"<p>     New mothers can get free help from the Newborn Home Visiting Program. Health workers will visit your home and can help you with breastfeeding, health information, and safety tips. The program will also connect you with community resources that can help your family. </p>","<ul>     <li>If you gave birth in a hospital where the program operates, program staff will contact you about setting up a visit.     </li>     <li>If you recently gave birth and didn\u2019t hear from anyone in the program, call <a href=""tel:311"">311</a> to find out if you qualify.     </li> </ul>"
"<ul>     <li>Visit the <a href=""http://schools.nyc.gov/ChoicesEnrollment/PreK/default.htm"" target=""_blank"">Pre-K website</a> to find a program and learn more about the application process.     </li>     <li>Call <a href=""tel:718-935-2009"">718-935-2009</a> if you have questions about Pre-K admissions.     </li>     <li>Email <a href=""mailto:ESEnrollment.nyc.gov"">Pre-K admissions</a> if you have questions about getting into Pre-K.     </li>     <li>Visit a <a href=""http://nyc.gov/schools/welcomecenters"" target=""_blank"">Family Welcome Center</a> to learn more about Pre-K programs.     </li> </ul>","Toddler, Pre-Schooler",NYC Department of Education,<p>     <strong>Call 311</strong><br> </p> <p>     Ask for Pre-K For All. </p>,Education,S2R016,Find a Family Welcome Center,http://schools.nyc.gov/ChoicesEnrollment/NewStudents/WelcomeCenters/default.htm,"<p>     In free, full-day, high-quality Pre-K, teachers are sparking wonder and igniting learning in our children. Pre-K for All gives children stronger math and reading skills in elementary school and a better chance at success in life. Studies show that early childhood education improves performance throughout a child\u2019s school experience. </p>","<ul>     <li>Apply to Pre-K <a href=""http://schools.nyc.gov/ChoicesEnrollment/PreK/default.htm"" target=""_blank"">online</a>.     </li>     <li>Apply over the phone by calling <a href=""tel:718-935-2067"">718-935-2067</a> (Monday \u2013 Friday, 8 a.m \u2013 3 p.m, except holidays).     </li>     <li>Apply in person at a <a href=""http://nyc.gov/schools/welcomecenters"" target=""_blank"">Family Welcome Center</a>.     </li> </ul> <p>     <a href=""http://nyc.gov/schools/welcomecenters""></a> </p>"
"<ul>     <li>Visit the <a href=""http://www.nychealthandhospitals.org/services/womens-health/"" target=""_blank""><u>NYC Health + Hospitals Women's Health website</u></a> to learn more.     </li>     <li>Find a <a href=""http://www.nychealthandhospitals.org/health_care/"" target=""_blank""><u>health care location</u></a> near you to get help in person or by phone.     </li> </ul>","Caregiver, Teen, Young Adult",NYC Health + Hospitals,,Health,,,,"<p>     Women of all ages can get reproductive health care at NYC Health + Hospitals. Services include pregnancy tests and birth control methods, including the pill. Women who visit NYC Health + Hospitals can also get counseling. </p>","<p>     NYC Health + Hospitals has centers across the five boroughs. Use the <a href=""http://www.nychealthandhospitals.org/health_care/"" target=""_blank""><u>location finder</u></a> to find a center close to you and call to make an appointment. </p>"
"<ul>     <li>Visit the <a href=""http://www1.nyc.gov/site/dca/consumers/get-tax-credit-information.page"" target=""_blank"">NYC Department of Consumer Affairs website</a> for more information.     </li>     <li>If you qualify, visit a <a href=""https://access.nyc.gov/locations/?programs=6868"" target=""_blank"">tax prep location</a> to get help filing your taxes in person.     </li>     <li>Call <a href=""tel:800-906-9887"">800-906-9887</a> to find the nearest Volunteer Income Tax Assistance (VITA) or Tax Counseling for the Elderly (TCE).     </li>     <li>Call <a href=""tel:%20311"">311</a> and ask for tax preparation assistance.     </li> </ul>",Caregiver,NYC Department of Consumer Affairs / IRS,<p>     <strong>Call 311</strong> </p> <p>     Ask for tax preparation assistance. </p>,Cash &amp; expenses,S2R006,Find a tax prep location,https://access.nyc.gov/locations/?programs=6868,"<p>     EITC can provide a tax refund of up to $8,463 (combined federal, state and City). The credit is meant for low- to moderate-income working individuals and couples, particularly those with children. You claim the credit when you file your taxes. </p>","<ul>     <li>File online: you can <a href=""http://www1.nyc.gov/site/dca/consumers/file-your-taxes.page"" target=""_blank"">file your taxes online</a>, using one of the free sites the City recommends.     </li>     <li>File in-person: you may qualify to have your taxes prepared for free in person at one of the <a href=""https://access.nyc.gov/locations/?programs=6868"" target=""_blank"">tax prep locations near you</a>.     </li>     <li>To claim your EITC you must file your federal and state tax returns during tax season.     </li>     <li>You will need the following forms:         <ul>             <li>                 <a href=""https://access.nyc.gov/wp-content/uploads/2018/05/Schedule-EIC.pdf"" target=""_blank"">Schedule EIC</a> for the federal return If you have a child             </li>             <li>                 <a href=""https://access.nyc.gov/wp-content/uploads/2018/05/IT_215I_FillIn.pdf"" target=""_blank"">Form IT-215</a> for the New York State credit, and             </li>             <li>                 <a href=""https://access.nyc.gov/wp-content/uploads/2018/05/InstructionsForm-for-IT-215-WorksheetC.pdf"" target=""_blank"">Worksheet C in the Instructions Form for IT-215</a> for the New York City credit             </li>         </ul>     </li> </ul>"
"<p>     Contact a Special Education Parent Center: </p> <p>     <strong>Bronx, Brooklyn, Manhattan, and Queens</strong><br>     INCLUDEnyc<br>     116 East. 16th St., 5th Flr, New York, NY 10003<br>     Call: <a href=""tel:212-677-4660"">212-677-4660</a> (English) <a href=""tel:212-677-4668"">212-677-4668</a> (Spanish)<br>     Email: <a href=""mailto:roverton.org"">Rich Overton</a><br>     <a href=""http://www.includenyc.org/"" target=""_blank"">Visit the website</a> </p> <p>     <strong>Staten Island</strong><br>     Parent to Parent NY, Inc.<br>     1050 Forest Hill Rd, Staten Island, NY 10314<br>     Call: <a href=""tel:718-494-4872"">718-494-4872</a> Email: <a href=""mailto:siptp.com"">State Island Parent to Parent</a><br>     <a href=""https://www.parenttoparentnyinc.org/home.html"" target=""_blank"">Visit the website</a> </p>",Everyone,NYS Department of Education,<p>     <strong>Call 311</strong> </p> <p>     Ask for Special Education Parent Centers </p>,Special needs,,,,"<p>     Special Education Parent Centers provide information and resources to families of students with disabilities. The centers can help families be more involved in their child's education, understand their child's disabilities, resolve issues with families and school districts early, and more. </p>",
"<ul>     <li>Visit the <a href=""http://www.nychealthandhospitals.org/services/child-health-pediatrics-services/"" target=""_blank""><u>NYC Health + Hospital child health website</u></a> for more information.     </li>     <li>Find a <a href=""http://www.nychealthandhospitals.org/health_care/"" target=""_blank""><u>child health center location</u></a> near you to get help in person or by phone.     </li> </ul>",Everyone,NYC Health + Hospitals,,Health,,,,"<p>     People younger than 21 can get medical care at Child Health Clinics or special clinics in hospitals. Children can get check-ups, shots, dental care, and more. Visit a Child Health Clinic to help your family stay healthy. </p>","<p>     NYC Health + Hospitals has centers across the five boroughs. Use the <a href=""http://www.nychealthandhospitals.org/health_care/"" target=""_blank""><u>location finder</u></a> to find a center close to you and call to make an appointment. </p>"
"<p>     Visit the <a href=""http://www1.nyc.gov/site/doh/health/health-topics/health-bucks.page"" target=""_blank"">Health Bucks website</a> for more information </p>",Caregiver,NYC Department of Health & Mental Hygiene,,Food,,,,"<p>     If you get SNAP (Supplemental Nutrition Assistance Program) benefits, you can get extra money for fruits and vegetables when you shop at a farmer\u2019s market. Every time you spend $5 of your SNAP benefits at a <a href=""https://www1.nyc.gov/assets/doh/downloads/pdf/cdp/farmers-market-map.pdf"" target=""_blank"">farmer\u2019s market in NYC</a>, you will get a $2 coupon that you can spend on fruits and vegetables. </p>",
"<ul>     <li>Visit the <a href=""https://www1.nyc.gov/site/hra/help/snap-benefits-food-program.page"" target=""_blank"">SNAP website</a> to find out more information.     </li>     <li>Call the HRA Infoline at <a href=""tel:718-557-1399"">718-557-1399</a> for assistance applying for SNAP.     </li>     <li>Visit a <a href=""https://access.nyc.gov/locations/?programs=6887"" target=""_blank"">SNAP center near</a> or <a href=""http://www1.nyc.gov/assets/hra/downloads/pdf/services/snap/CBO_EASE_SITES.pdf"" target=""_blank"">your local community-based organization</a> (CBO) to get help in person.     </li> </ul>",Everyone,NYC Human Resources Administration,<p>     <strong>Call 311</strong> </p> <p>     Ask for SNAP. </p>,Food,S2R007,Find a location,https://access.nyc.gov/locations/?programs=6887,<p>     Get help paying for groceries with SNAP. SNAP benefits are sometimes called food stamps. They come on a debit card that you can use at many grocery stores and farmers markets. </p>,"<p>     There are a number of ways you can apply for SNAP: </p> <ul>     <li>Apply online using <a href=""https://a069-access.nyc.gov/ACCESSNYC/application.do"" target=""_blank"">ACCESS HRA</a>.     </li>     <li>Apply in person at any <a href=""http://www1.nyc.gov/site/hra/locations/locations.page"" target=""_blank"">SNAP Center</a> or at a <a href=""http://www1.nyc.gov/assets/hra/downloads/pdf/services/snap/CBO_EASE_SITES.pdf"" target=""_blank"">participating community-based organization</a> (CBO).     </li>     <li>If you are applying for Cash Assistance you may apply for SNAP Benefits at the same time at an <a href=""https://www1.nyc.gov/site/hra/locations/job-locations.page"" target=""_blank"">HRA Job Center</a>.     </li>     <li>Apply by mail or fax: <a href=""https://access.nyc.gov/wp-content/uploads/2018/09/SNAP_ApplandRecert_ENG.pdf"" target=""_blank"">download the application</a> or call the HRA Infoline at <a href=""tel:718-557-1399"">718-557-1399</a> to have an application mailed to you. Fax your competed application to 917-639-1111 or mail it to:<br>         <strong>Division of SNAP Services, Mail Application & Referral Unit (MARU)</strong><strong><br></strong> P.O. Box 24510<br>         Brooklyn, NY, 11201     </li> </ul>"
"<ul>     <li>Call the NY State of Health Marketplace at <a href=""https://afdcontent.gathercontent.com/item/855-355-5777"">855-355-5777</a> for information to enroll if you are under 65 years old.     </li>     <li>Call the HRA <mark class=""inline-comment"" data-thread-id=""f7685120-ea4e-4874-b60d-5164e46ae243"">Helpline</mark> at <a href=""tel:888-692-6116"">888-692-6116</a> for more information or <a href=""tel:311"">311</a> for general questions.     </li>     <li>Visit the <a href=""http://www1.nyc.gov/site/hra/help/health-assistance.page"" target=""_blank"">HRA Health assistance website</a> to find out more about public health insurance.     </li>     <li>Visit the <a href=""https://www1.nyc.gov/site/ochia/coverage-care/insurance-options.page"" target=""_blank"">Office of Citywide Health Insurance Access</a><a href=""http://www1.nyc.gov/site/ochia/index.page""></a> to learn more about health insurance options.     </li>     <li>Find a <a href=""http://www1.nyc.gov/apps/311utils/providerInformation.htm?serviceId=3820"" target=""_blank"">free health insurance assistor</a> to get help in person.     </li> </ul>",Everyone,NYC Human Resources Administration,<p>     <strong>Call 311</strong> </p> <p>     For general questions on health insurance. </p>,Health,S2R011,Enroll in person,https://access.nyc.gov/locations/?programs=6870,"<p>     Every New Yorker can get health insurance. There are low-cost and free plans for people who qualify, and counselors to help you choose a plan. </p>","<p>     If you are under age 65, you must apply through NY State of Health: </p> <ul>     <li>Enroll online through <a href=""https://nystateofhealth.ny.gov/"" target=""_blank"">NY State of Health website</a>.     </li>     <li>Call <mark class=""inline-comment"" data-thread-id=""7ec9f26f-35d5-4026-9312-8bde5d4f6e0d"">NY State of Health Marketplace</mark> at <a href=""tel:855-355-5777"">855-355-5777</a> or TTY: <a href=""tel:800-662-1220"">800-662-1220</a> to enroll by phone.     </li>     <li>         <a href=""http://www1.nyc.gov/apps/311utils/providerInformation.htm?serviceId=3820"" target=""_blank""></a>Find a <a href=""http://www1.nyc.gov/apps/311utils/providerInformation.htm?serviceId=3820"" target=""_blank"">free health insurance assistor</a> to help you enroll in person.     </li> </ul> <p>     If you are age 65 and over, or on Medicare, or need Medicaid related to a disability: </p> <ul>     <li>Get free <a href=""https://www1.nyc.gov/site/ochia/get-help/find-in-person-help.page"">in-person assistance</a> to enroll in Medicaid and get help to cover Medicare costs. You may also drop off or mail your completed <a href=""https://access.nyc.gov/wp-content/uploads/2017/03/Public_Health_Insurance_Application_EN.pdf"" target=""_blank"">application</a> and <a href=""https://access.nyc.gov/wp-content/uploads/2017/03/PHI_SupplementA_EN.pdf"" target=""_blank"">Supplement A form</a> to:<br>         <strong>MAP Initial Eligibility Unit</strong><br>         PO Box 24390,<br>         Brooklyn, NY 11202<br>     </li>     <li>Call the HRA Helpline at <a href=""tel:888-692-6116"">888-692-6116</a> to enroll by phone.     </li>     <li>Call Department of Health & Mental Hygiene Enrollers at <a href=""tel:347-396-4705"" target=""_blank"">347-396-4705</a> to make an appointment to apply for or renew     </li> </ul>"
"<ul>     <li>Visit the <a href=""http://www.nyc.gov/nycitizenship"" target=""_blank"">NYCitizenship</a> website for more information.     </li>     <li>Call <a href=""tel:311"">311</a> and say ""citizenship appointment"" to receive assistance.     </li> </ul>",Everyone,NYC Mayor's Office of  Immigrant Affairs,"<p>     <strong>Call 311</strong> </p> <p>     Ask for ""Citizenship appointment\u201d to make appointments in order to receive services. </p>",Family services,,,,<p>     NYCitizenship provides free legal assistance with citizenship applications and financial counseling at select NYC public libraries and in partnership with the Department of Social Services. </p>,"<p>     To receive services, call <a href=""tel:311"">311</a> and say ""citizenship appointment""<strong>. No walk-ins.</strong><br>     Services are available at select NYC libraries. </p> <ul>     <li>         <a href=""https://www.bklynlibrary.org/learn/immigrants/citizenship"" target=""_blank""><strong>Brooklyn Public Library</strong></a>:<br>         <a href=""https://www.bklynlibrary.org/locations/eastern-parkway"" target=""_blank"">Eastern Parkway Library</a>, <a href=""https://www.bklynlibrary.org/locations/flatbush"" target=""_blank"">Flatbush Library</a>, <a href=""https://www.bklynlibrary.org/locations/kings-highway"" target=""_blank"">Kings Highway Library</a>, <a href=""https://www.bklynlibrary.org/locations/new-utrecht"" target=""_blank"">New Utrecht Library<br></a><br>     </li>     <li>         <a href=""https://www.nypl.org/help/community-outreach/nycitizenship"" target=""_blank""><strong>New York Public Library</strong></a>:<br>         <a href=""https://www.nypl.org/locations/bronx-library-center"" target=""_blank"">Bronx Library Center</a>, <a href=""https://www.nypl.org/locations/sibl"" target=""_blank"">Science Business and Industry Library- Midtown</a>, <a href=""https://www.nypl.org/locations/st-george-library-center"" target=""_blank"">St. George Library Center- Staten Island</a>, <a href=""https://www.nypl.org/locations/inwood"" target=""_blank"">Inwood Library</a>     </li> </ul> <ul>     <li>         <a href=""http://www.queenslibrary.org/services/citizenship-immigration/nycitizenship-sessions"" target=""_blank""><strong>Queens Public Library</strong></a>:<br>         <a href=""http://www.queenslibrary.org/branch/Jackson-Heights/"" target=""_blank"">Jackson Heights Library</a>, <a href=""http://www.queenslibrary.org/branch/Central-Library"" target=""_blank"">Central Library- Jamaica</a>, <a href=""http://www.queenslibrary.org/branch/Flushing"" target=""_blank"">Flushing Library</a>, <a href=""http://www.queenslibrary.org/branch/Astoria"" target=""_blank"">Astoria Library</a>     </li> </ul>"
"<ul>     <li>Visit the <a href=""http://www1.nyc.gov/site/dca/consumers/get-tax-credit-information.page"" target=""_blank"">NYC Department of Consumer Affairs website</a> for more information.     </li>     <li>If you qualify, visit a <a href=""https://access.nyc.gov/locations/?programs=6861"" target=""_blank"">tax prep location</a> to get help filing your taxes in person.     </li>     <li>Call <a href=""tel:800-906-9887"">800-906-9887</a> to find the nearest Volunteer Income Tax Assistance (VITA) or Tax Counseling for the Elderly (TCE).     </li>     <li>Call <a href=""tel:311"">311</a> and ask for tax preparation assistance.     </li> </ul>",Everyone,NYC Department of Consumer Affairs / IRS,<p>     <strong>Call 311</strong> </p> <p>     Ask for tax preparation assistance. </p>,Cash &amp; expenses,S2R004,Find a tax prep location,https://access.nyc.gov/locations/?programs=6861,"<p>     CTC allows people with qualifying children to lessen their federal income tax by up to $1,000. You can claim both CTC and the credit for Child and Dependent Care expenses. </p>","<ul>     <li>File online: you can <a href=""http://www1.nyc.gov/site/dca/consumers/file-your-taxes.page"" target=""_blank"">file your taxes online</a>, using one of the free sites the City recommends.     </li>     <li>File in-person: you may qualify to have your taxes prepared for free in person at one of the <a href=""https://access.nyc.gov/locations/?programs=6861"" target=""_blank"">tax prep locations near you</a>.     </li>     <li>To claim your CTC, you must file <a href=""https://access.nyc.gov/wp-content/uploads/2018/05/Form_1040.pdf"" target=""_blank"">Form 1040</a>, <a href=""https://access.nyc.gov/wp-content/uploads/2018/05/Form_1040A.pdf"" target=""_blank"">Form 1040A</a>, or Form <a href=""https://access.nyc.gov/wp-content/uploads/2018/05/Form_1040NR.pdf"" target=""_blank"">1040NR</a>.     </li> </ul>"
"<ul>     <li>Visit the <a href=""http://www1.cuny.edu/sites/asap/"" target=""_blank""><u>CUNY ASAP website</u></a> to learn more about the program.     </li>     <li>Drop by the <a href=""http://www2.cuny.edu/admissions/undergraduate/welcomecenter/""><u>CUNY Welcome Center</u></a> for help with your CUNY application and to learn more about other CUNY programs.<br>         217 E. 42nd St.<br>         New York, NY 1001     </li> </ul>","Teen, Young Adult",The City University of New York (CUNY),,Education,,,,"<p>     CUNY ASAP helps students earn an associate degree within three years by providing financial, academic, and personal support. Students benefit from: </p> <ul>     <li>Free unlimited MetroCards     </li>     <li>Textbook vouchers to reduce (or eliminate) the cost of textbooks     </li>     <li>Full-tuition assistance (for students on financial aid)     </li>     <li>A dedicated ASAP advisor     </li>     <li>Special registration options and consolidated schedules     </li>     <li>Career development and academic support     </li> </ul>","<p>     To join ASAP, follow these easy steps: </p> <ul>     <li>         <a href=""http://www1.cuny.edu/sites/asap/join-asap/#join-us"" target=""_blank""><u>Apply to a CUNY college</u></a> that has ASAP.     </li>     <li>Complete the <a href=""http://www.fafsa.gov/"" target=""_blank""><u>Free Application for Federal Student Aid (FAFSA</u></a>) and the <a href=""http://www.hesc.ny.gov/"" target=""_blank""><u>New York State Tuition Assistance Program (TAP) application</u></a>.     </li>     <li>Accept your offer of admission.     </li>     <li>Complete all admissions requirements for your college, including the <a href=""http://www2.cuny.edu/academics/testing/""><u>CUNY Assessment Tests</u></a> if necessary.     </li>     <li>         <a href=""http://www1.cuny.edu/sites/asap/contact/""><u>Check your college's ASAP website</u></a> for information on additional requirements and next steps.     </li> </ul>"
"<ul>     <li>Find <a href=""http://www.schoolfoodnyc.org/sch_search/summermeals.aspx"" target=""_blank"">Free Summer Meals locations</a>.     </li>     <li>Visit the <a href=""http://www.schoolfoodnyc.org/"" target=""_blank"">SchoolFood website</a> to find out more.     </li>     <li>Call the SchoolFood Summer meals team at <a href=""tel:718-707-4398"">718-707-4398</a> if you have questions.     </li>     <li>Call the SchoolFood\u2019s Help Desk at <a href=""tel:877-363-6325"">877-363-6325</a> if you have questions.     </li> </ul>","Grade-Schooler, Pre-Teen, Teen, Young Adult",NYC Department of Education,<p>     <strong>Call 311</strong><br> </p> <p>     Ask for Summer Meals assistance. </p>,Food,S2R023,,,"<p>     During the summer, children can get free breakfast and lunch. Locations include schools, libraries, community pools, and NYCHA buildings. There are also food trucks at some beaches, parks, and playgrounds. </p>","<p>     There is no registration required to enjoy free breakfast or lunch at one of our many <a href=""http://www.schoolfoodnyc.org/sch_search/summermeals.aspx"" target=""_blank"">community locations</a>. Children 18 years and younger just need to walk in to one of our many locations. </p>"
"<p>     <strong>Talk to a counselor</strong> <strong>now</strong><br> </p> <ul>     <li>Call <a href=""tel:888-692-9355"">888-NYC-WELL</a> to speak with a counselor at anytime.<br>         <ul>             <li>For Spanish, press 3             </li>             <li>For Chinese, press 4             </li>         </ul>     </li>     <li>Call <a href=""tel:711"">711</a> if you need relay service for deaf or hard of hearing.     </li> </ul> <p>     <strong>Text a counselor now</strong><br> </p> <ul>     <li>Text WELL to <a href=""sms:65173"">65173</a> at anytime to communicate with a counselor. When prompted text:<br>         <ul>             <li>1 for English             </li>             <li>2 for Spanish             </li>             <li>3 for Chinese             </li>         </ul>     </li> </ul> <p>     <strong>Chat with a counselor now</strong><br> </p> <ul>     <li>Go to the <a href=""https://nycwell.cityofnewyork.us/en/get-help-now/chat-with-a-counselor-now/"" target=""_blank"">NYC Well website</a> to chat with a counselor at anytime.     </li> </ul> <p>     Visit the <a href=""https://nycwell.cityofnewyork.us/en/"" target=""_blank"">NYC Well website</a> for more information on available mental health service. </p>",Everyone,NYC Department of Health & Mental Hygiene,<p>     <strong>Call 311</strong> </p> <p>     Ask for NYC Well. </p>,Health,,,,"<p>     NYC Well is your connection to free private mental health support. You can connect to a counselor by phone, text, or chat and get help with problems like stress, depression, anxiety, or drug and alcohol misuse. </p>",
"<ul>     <li>Visit the <a href=""http://www1.nyc.gov/site/dca/consumers/get-tax-credit-information.page"" target=""_blank"">NYC Department of Consumer Affairs website</a> for more information.     </li>     <li>If you qualify, visit a <a href=""https://access.nyc.gov/locations/?programs=6875"" target=""_blank"">tax prep location</a> to get help filing your taxes in person.     </li>     <li>Call <a href=""tel:800-906-9887"">800-906-9887</a> to find the nearest Volunteer Income Tax Assistance (VITA) or Tax Counseling for the Elderly (TCE).     </li>     <li>Call <a href=""tel:311"">311</a> and ask for tax preparation assistance.     </li> </ul>",Everyone,NYC Department of Consumer Affairs / IRS,<p>     <strong>Call 311</strong> </p> <p>     Ask for Tax Preparation assistance. </p>,Cash &amp; expenses,S2R001,Find a tax prep location,https://access.nyc.gov/locations/?programs=6875,"<p>     This tax credit helps working families pay for the care of children, adult dependents, or disabled spouses. You can claim up to $3,000 in expenses for one dependent or $6,000 for more than one when you file your taxes. </p>","<ul>     <li>File online: you can <a href=""http://www1.nyc.gov/site/dca/consumers/file-your-taxes.page"" target=""_blank"">file your taxes online</a>, using one of the free sites the City recommends.     </li>     <li>File in-person: you may qualify to have your taxes prepared for free in person at one of the <a href=""https://access.nyc.gov/locations/?programs=6875"" target=""_blank"">tax prep locations near you</a>.     </li>     <li>You will need the following forms:<br>         <ul>             <li>Child and Dependent Care Expenses form: <a href=""https://access.nyc.gov/wp-content/uploads/2018/05/Form_2441.pdf"" target=""_blank"">Form 2441</a>.             </li>             <li>U.S. Individual Income Tax Return: <a href=""https://access.nyc.gov/wp-content/uploads/2018/05/Form_1040.pdf"" target=""_blank"">Form 1040</a> or <a href=""https://access.nyc.gov/wp-content/uploads/2018/05/Form_1040A.pdf"" target=""_blank"">Form 1040A</a>, or U.S. Nonresident Income Tax Return: <a href=""https://access.nyc.gov/wp-content/uploads/2018/05/Form_1040NR.pdf"" target=""_blank"">Form 1040NR</a>.             </li>             <li>If you received dependent care benefits from your employer, you must complete Part III of <a href=""https://access.nyc.gov/wp-content/uploads/2018/05/Form_2441.pdf"" target=""_blank"">Form 2441</a>.             </li>         </ul>     </li> </ul>"
"<ul>     <li>Visit the <a href=""http://www1.nyc.gov/site/finance/benefits/landlords-veterans.page"" target=""_blank"">Veterans' Exemption website</a> for more information.     </li>     <li>Visit a <a href=""http://www1.nyc.gov/site/finance/pay-now/person.page"" target=""_blank"">Department of Finance office</a> to get help in person.     </li>     <li>Call <a href=""tel:311"">311</a> and ask about Veterans' Exemption to if you have questions about the program.     </li>     <li>Get help by mailing the Department of Finance:<br>         <strong>NYC Department of Finance</strong><br>         Correspondence Unit<br>         One Centre Street, 22nd Floor<br>         New York, NY 10007     </li> </ul>",Caregiver,NYC Department of Finance,<p>     <strong>Call 311</strong> </p> <p>     Ask about Veterans' Exemption. </p>,Cash &amp; expenses,S2R018,,,"<p>     Qualified Veterans, spouses or their un-remarried surviving spouses; parents of soldiers who died in the line of duty (Gold Star parent) can get a reduction to their property tax. </p>","<ul>     <li>Apply by mail: <a href=""https://access.nyc.gov/wp-content/uploads/2017/12/VeteransExemption-InitialAppl_EN.pdf"" target=""_blank"">Download the initial exemption application</a> form and mail it to:<br>         New York City Department of Finance<br>         P.O.BOX 311 Maplewood<br>         NJ 07040-0311     </li> </ul> <ul>     <li>You need to submit copies of all the required documents (DD-214 or separation papers; disability rating) with your application. Missing documents will cause delays in processing your application.<br>         <br>     </li>     <li>Your completed application and all required documents must be postmarked by March 15 (or the next business day if March 15 is on a weekend) for your exemption to begin on July 1 in the same year.     </li> </ul>"
"<ul>     <li>Visit <a href=""https://maps.nyc.gov/foodhelp/"" target=""_blank"">Foodhelp.nyc</a> for a map of food pantries and community kitchens near you.     </li>     <li>Call the Emergency Food Hotline at <a href=""tel:866-888-8777"">866-888-8777</a> for 24/7 information on locations and hours.     </li>     <li>Visit the nearest active <a href=""https://access.nyc.gov/locations/?&amp;programs=15061"" target=""_blank"">Emergency Food Assistance Program</a>.     </li> </ul>",Everyone,NYC Human Resources Administration,<p>     <strong>Call 311</strong> </p> <p>     Ask for Emergency Food Assistance Program. </p>,Food,,,,"<p>     There are two ways to get free food quickly: get groceries from a food pantry, or a cooked meal from a community kitchen. Find the closest food pantries and community kitchens by using the <a href=""https://maps.nyc.gov/foodhelp/#map-page"" target=""_blank"">Food Map</a>. </p>",
"<ul>     <li>Call <a href=""tel:1-800-543-3638"">1-800-LIFENET</a> to learn more     </li>     <li>See the <a href=""https://growingupnyc.cityofnewyork.us/wp-content/uploads/2018/11/Family_Resource_Centers_Public_Information_rev_61617.pdf"" target=""_blank"">Family Resource Centers Public document</a> to locate an FRC near you     </li> </ul>",Everyone,NYC Department of Health & Mental Hygiene,,Family services,,,,"<p>     Parents and their children who have emotional, behavioral, or mental health challenges can get individual and group-based services at Family Resource Centers (FRCs). Led by people who have had similar experiences, programs include advocacy, referrals and resources, skills development, and support groups for youth and caregivers. </p>","<p>     To receive services, parents or caregivers should contact the FRC closest to them. To find the closest FRC: </p> <ul>     <li>Download the <a href=""https://growingupnyc.cityofnewyork.us/wp-content/uploads/2018/11/Family_Resource_Centers_Public_Information_rev_61617.pdf"" target=""_blank"">Family Resource Centers Public Information document</a>     </li>     <li>Visit the <a href=""https://www.naminycmetro.org/family-support-liaison-center/"" target=""_blank"">National Alliance on Mental Illness (NAMI) website</a>     </li> </ul>"
"<ul>     <li>Visit the <a href=""https://tax.ny.gov/pit/property/star/default.htm"" target=""_blank"">STAR website</a> for more information.     </li>     <li>Call <a href=""tel:311"">311</a> to find out more.     </li>     <li>Email the <a href=""http://www1.nyc.gov/site/finance/about/contact-by-email/contact-exemptions-inquiries.page"" target=""_blank"">NYC Department of Finance</a> if you have questions about STAR.     </li> </ul>",Caregiver,NYS Department of Taxation/ NYC Department of Finance,<p>     <strong>Call 311</strong> </p> <p>     Ask about the School Tax Relief Program. </p>,Cash &amp; expenses,S2R012,,,<p>     STAR provides property tax relief to New York State\u2019s homeowners. It lowers the tax burden on New York residents who live in school districts.<br> </p>,"<p>     You can <a href=""https://www8.tax.ny.gov/STRP/strpStart"" target=""_blank"">register for the STAR credit online</a> in just a few minutes. Your application will be reviewed automatically to see if you are eligible. </p>"
"<ul>     <li>Call the NY State of Health Marketplace at <a href=""https://afdcontent.gathercontent.com/item/855-355-5777"">855-355-5777</a> for information to enroll if you are under 65 years old.     </li>     <li>Call the HRA <mark class=""inline-comment"" data-thread-id=""f7685120-ea4e-4874-b60d-5164e46ae243"">Helpline</mark> at <a href=""tel:888-692-6116"">888-692-6116</a> for more information or <a href=""tel:311"">311</a> for general questions.     </li>     <li>Visit the <a href=""http://www1.nyc.gov/site/hra/help/health-assistance.page"" target=""_blank"">HRA Health assistance website</a> to find out more about public health insurance.     </li>     <li>Visit the <a href=""https://www1.nyc.gov/site/ochia/coverage-care/insurance-options.page"" target=""_blank"">Office of Citywide Health Insurance Access</a><a href=""http://www1.nyc.gov/site/ochia/index.page""></a> to learn more about health insurance options.     </li>     <li>Find a <a href=""http://www1.nyc.gov/apps/311utils/providerInformation.htm?serviceId=3820"" target=""_blank"">free health insurance assistor</a> to get help in person.     </li> </ul>",Everyone,NYC Human Resources Administration,<p>     <strong>Call 311</strong> </p> <p>     For general questions on health insurance. </p>,Health,S2R011,Enroll in person,https://access.nyc.gov/locations/?programs=6870,"<p>     Every New Yorker can get health insurance. There are low-cost and free plans for people who qualify, and counselors to help you choose a plan. </p>","<p>     If you are under age 65, you must apply through NY State of Health: </p> <ul>     <li>Enroll online through <a href=""https://nystateofhealth.ny.gov/"" target=""_blank"">NY State of Health website</a>.     </li>     <li>Call <mark class=""inline-comment"" data-thread-id=""7ec9f26f-35d5-4026-9312-8bde5d4f6e0d"">NY State of Health Marketplace</mark> at <a href=""tel:855-355-5777"">855-355-5777</a> or TTY: <a href=""tel:800-662-1220"">800-662-1220</a> to enroll by phone.     </li>     <li>         <a href=""http://www1.nyc.gov/apps/311utils/providerInformation.htm?serviceId=3820"" target=""_blank""></a>Find a <a href=""http://www1.nyc.gov/apps/311utils/providerInformation.htm?serviceId=3820"" target=""_blank"">free health insurance assistor</a> to help you enroll in person.     </li> </ul> <p>     If you are age 65 and over, or on Medicare, or need Medicaid related to a disability: </p> <ul>     <li>Get free <a href=""https://www1.nyc.gov/site/ochia/get-help/find-in-person-help.page"">in-person assistance</a> to enroll in Medicaid and get help to cover Medicare costs. You may also drop off or mail your completed <a href=""https://access.nyc.gov/wp-content/uploads/2017/03/Public_Health_Insurance_Application_EN.pdf"" target=""_blank"">application</a> and <a href=""https://access.nyc.gov/wp-content/uploads/2017/03/PHI_SupplementA_EN.pdf"" target=""_blank"">Supplement A form</a> to:<br>         <strong>MAP Initial Eligibility Unit</strong><br>         PO Box 24390,<br>         Brooklyn, NY 11202<br>     </li>     <li>Call the HRA Helpline at <a href=""tel:888-692-6116"">888-692-6116</a> to enroll by phone.     </li>     <li>Call Department of Health & Mental Hygiene Enrollers at <a href=""tel:347-396-4705"" target=""_blank"">347-396-4705</a> to make an appointment to apply for or renew     </li> </ul>"
"<ul>     <li>Call DYCD Youth Connect at <a href=""tel:1-800-246-4646""><u>1-800-246-4646</u></a> if you have questions about this program.     </li>     <li>Visit the <a href=""https://www1.nyc.gov/site/dycd/services/jobs-internships/young-adult-internship-program-yaip.page"" target=""_blank""><u>DYCD website</u></a> for more information.     </li> </ul>","Teen, Young Adult",NYC Department of Youth & Community Development,,Work,,,,<p>     Intern & Earn (formerly the Young Adult Internship Program) helps 16-24 year olds who are not working and not in school get short-term paid internships. Youth participate in 14 weeks of internships and work-readiness workshops. Youth also get help with job placement or enrollment in school or a job training program for up to nine months after the program. </p>,"<p>     You can use Discover DYCD to find programs in your area. To get started: </p> <ol>     <li>Go to the <a href=""http://www.dycdportal.nyc/discoverdycd/home"" target=""_blank""><u>Discover DYCD</u></a> website.     </li>     <li>Click ""Show Advanced Search"" in the ""Basic Search"" box     </li>     <li>Select ""Young Adult Internship Programs"" from the ""All Programs"" dropdown     </li> </ol>"
"<ul>     <li>Visit the <a href=""https://www1.nyc.gov/site/hra/help/energy-assistance.page"" target=""_blank"">HEAP website</a> to find out more about this program.     </li>     <li>Call the Info line at <a href=""tel:800-692-0557"">800-692-0557</a> if you have questions about HEAP or <a href=""tel:212-835-7216"">212-835-7216</a> for operator assistance.     </li>     <li>Visit a <a href=""https://access.nyc.gov/locations/?programs=6871"" target=""_blank"">HEAP office</a> to get help in person.     </li> </ul>",Caregiver,NYC Human Resources Administration,<p>     <strong>Call 311</strong> </p> <p>     Ask for assistance with the Home Energey Assistance Program. </p>,Cash &amp; expenses,S2R019,Find a location,https://access.nyc.gov/locations/?programs=6871,"<p>     HEAP helps eligible households meet their home energy needs in the winter season. The money can pay for fuel, your utility source, equipment and/or repairs. The City pays the costs either directly to the company (heating benefit and/or utility benefit) or to the household (utility benefit only). </p>","<p>     You can apply for HEAP when it is in season, from November to March. </p> <ul>     <li>Apply in person by completing <a href=""https://access.nyc.gov/wp-content/uploads/2017/11/HEAP_ApplInst_EN.pdf"" target=""_blank"">the application</a> and submitting it at a <a href=""https://access.nyc.gov/locations/?programs=6871"" target=""_blank"">HEAP location</a>.     </li>     <li>You may also apply by mail if:<br>         <ul>             <li>the head of house is disabled and gets Retirement Survivor\u2019s Insurance or Disability Insurance, or             </li>             <li>the head of household is age 60 or older, or             </li>             <li>the household is Code A SSI, or             </li>             <li>the household is receiving Cash Assistance or SNAP<br>                 <strong>Applications should be mailed to:</strong><br>                 New York City Home Energy Assistance Program<br>                 P.O. Box 1401, Church Street Station<br>                 New York, NY, 10008             </li>         </ul>     </li>     <li>To apply for Emergency HEAP you must first apply and be approved for regular HEAP. You can apply over the phone by calling HEAP at <a href=""tel:212-835-7216"">212-835-7216</a>.     </li>     <li>         <a href=""tel:800-692-0557.""></a>To find out the status of your application call <a href=""tel:800-692-0557"">800-692-0557</a>.     </li> </ul>"
"<p>     Visit an ECDC in your borough: </p> <p>     <strong>Bronx</strong><br>     4419 Third Ave, Suite 2C, Bronx, NY 10457<br>     Call: <a href=""tel:347-271-8159"">347-271-8159</a> Email: <a href=""mailto:maura.org"">Maura Rosado</a><a href=""mailto:maura.org""><br></a><a href=""http://www.ecdcbronx.org/"" target=""_blank"">Visit the website</a> </p> <p>     <strong>Brooklyn</strong><br>     160 Lawrence Ave, Brooklyn, NY 11230<br>     Call: <a href=""tel:718-437-3794"">718-437-3794</a> Email: <a href=""mailto:ksamet.org"">Karen Samet</a><a href=""mailto:ksamet.org""><br></a><a href=""http://www.ucpnyc.org/ecdc"" target=""_blank"">Visit the website</a> </p> <p>     <strong>Manhattan</strong><br>     New York Presbyterian Hospital<br>     409 East 60th St, Suite 3-312, New York, NY 10022<br>     Call: <a href=""tel:212-746-6175"">212-746-6175</a> Email: <a href=""mailto:mrubinst.org"">Marilyn Rubinstein</a><br>     <a href=""http://nyp.org/ecdc"" target=""_blank"">Visit the website</a> </p> <p>     <strong>Queens</strong><br>     Queens Centers for Progress<br>     81-15 164th St, Jamaica, NY 11432<br>     Call: <a href=""tel:718-215-1299"">718-215-1299</a> Ext. 4001 Email: <a href=""mailto:cwarkala.org"">Catherine Warkala</a><a href=""mailto:cwarkala.org""><br></a><a href=""http://ecdc-queens.webs.com/"" target=""_blank"">Visit the website</a> </p> <p>     <strong>Staten Island</strong><br>     Staten Island University Hospital<br>     242 Mason Ave, 1st Flr, Staten Island, NY 10305<br>     Call: <a href=""tel:718-226-6670"">718-226-6670</a> Email: <a href=""mailto:Lkennedy30.edu"">Laura Kennedy</a><br>     <a href=""http://www.siuh.edu/ecdc"" target=""_blank"">Visit the website</a> </p>","Caregiver, Baby, Toddler, Pre-Schooler",NYS Department of Education,<p>     <strong>Call 311</strong> </p> <p>     Ask for Early Childhood Direction Centers. </p>,Special needs,,,,"<p>     If you have a child with physical, mental, or emotional disabilities, ECDCs can help. ECDCs provide information to members of the community about services for young children from birth to age five with diagnosed or suspected special needs. </p>",
"<ul>     <li>Visit the <a href=""https://www.health.ny.gov/prevention/nutrition/wic/"" target=""_blank"">WIC website</a> to learn more.     </li>     <li>Call the Growing Up Healthy Hotline at <a href=""tel:800-522-5006"">800-522-5006</a> for more information on WIC.     </li>     <li>Visit a <a href=""https://www.health.ny.gov/prevention/nutrition/wic/local_agencies.htm"" target=""_blank"">WIC office</a> near you to get help in person.     </li> </ul>","Caregiver, Baby, Toddler, Pre-Schooler",NYS Department of Health,"<p>     <strong>Call 311</strong><br> </p> <p>     Ask for Women, Infants, and Children assistance. </p>",Food,S2R022,Find a location,https://access.nyc.gov/locations/?programs=6888,"<p>     WIC provides free healthy food and services to low-income women and children which include nutrition counseling, breastfeeding support, health education, and referrals to help families stay healthy. The food you are allowed to buy is listed on a check or voucher and must be used at stores that accept WIC. </p>","<p>     To apply for WIC: </p> <ul>     <li>Find your <a href=""https://access.nyc.gov/locations/?programs=6888"" target=""_blank"">local WIC agency</a>, or call the Growing Up Healthy Hotline at <a href=""tel:800-522-5006"">800-522-5006</a> and ask for the location nearest to you.     </li>     <li>Gather your income, residency, and identity documents to bring with you.     </li>     <li>Call the WIC agency where you wish to receive services and make an appointment.     </li>     <li>A short nutrition assessment will be completed at the time of your appointment by a qualified WIC staff member.     </li> </ul> <p>     The staff will tell you if you need to bring the WIC Medical Referral Form for <a href=""https://access.nyc.gov/wp-content/uploads/2017/03/WIC_Medical_Referral-Form-for_For_Women_EN.pdf"" target=""_blank"">you</a> and/or <a href=""https://access.nyc.gov/wp-content/uploads/2017/03/WIC_Medical_Referral-Form_For_Infant_EN.pdf"" target=""_blank"">your child</a> completed by your health care provider. </p>"
"<ul>     <li>Visit the <a href=""http://www1.nyc.gov/site/doh/health/health-topics/nurse-family-partnership.page"" target=""_blank"">NYC NFP website</a> to find out more.     </li>     <li>Call NYC NFP at <a href=""tel:646-364-0714"">646-364-0714</a> for more information.     </li> </ul>","Caregiver, Baby, Young Adult",NYC Department of Health & Mental Hygiene,<p>     <strong>Call 311</strong><br> </p> <p>     Ask for assistance with NYC Nurse-Family Partnership. </p>,Family services,S2R029,,,<p>     NYC NFP is a home visiting program for low-income women and girls who are pregnant with their first baby. Trained nurses visit you at your home regularly from pregnancy until your baby is two years old and support you to become a knowledgeable and nurturing parent. </p>,"<p>     Woman and girls can find out if they are eligible by calling your nearest location. </p> <ul>     <li>Bronx: <a href=""tel:718-536-3789"">718-536-3789</a>     </li>     <li>Brooklyn: <a href=""tel:718-257-7208"">718-257-7208</a>     </li>     <li>Manhattan: <a href=""tel:212-939-8500"">212-939-8500</a>     </li>     <li>Queens: <a href=""tel:718-480-2222"">718-480-2222</a> (east) /<a href=""tel:347-571-2792"">347-571-2792</a> (north)     </li>     <li>Staten Island: <a href=""tel:718-313-1800"">718-313-1800</a>     </li>     <li>Foster care/shelter/justice-involved: <a href=""tel:646-364-0726"">646-364-0726</a>     </li> </ul> <p>     Service providers can refer patients/clients to NFP by using the <a href=""https://access.nyc.gov/wp-content/uploads/2017/03/NFP-Client-Referral-Form.EN_.pdf"" target=""_blank"">referral form</a> and mailing or faxing it to the locations listed on the form. </p>"
"<ul>     <li>Visit the <a href=""https://www1.nyc.gov/site/doh/health/health-topics/children-with-special-healthcare-needs.page"" target=""_blank"">Children with Special Health Care Needs website</a> for more information     </li>     <li>For more information about finding the right medical providers and follow-ups, call <a href=""tel:347-396-4600"">347-396-4600</a>     </li>     <li>Call <a href=""tel:311"">311</a> with questions     </li> </ul>",Everyone,NYC Department of Health & Mental Hygiene,,Special needs,,,,"<p>     If your child has special medical needs, you can get help from the Children with Special Health Care Needs (CSHCN) program. CSHCN gives parents information about treatment for their children. You can get help finding health services and insurance, free or low-cost insurance referrals, and community resources. </p>",
"<ul>     <li>Visit the <a href=""https://www1.nyc.gov/site/dycd/services/jobs-internships/nyc-ladders-for-leaders.page"" target=""_blank"">DYCD website</a> to learn more.     </li>     <li>Call DYCD Youth Connect at <a href=""tel:1-800-246-4646"">1-800-246-4646</a> if you have questions about this program.     </li> </ul>","Teen, Young Adult",NYC Department of Youth & Community Development,,Work,,,,"<p>     NYC Ladders for Leaders offers high school and college students paid summer internships at leading companies, non-profits, and government agencies. The program also offers help with: </p> <ul>     <li>resumes     </li>     <li>cover letters     </li>     <li>interviewing     </li>     <li>workplace readiness     </li>     <li>career and college exploration     </li> </ul> <p>     After the program, students can be part of the alumni network and attend networking events. </p>","<ul>     <li>Apply to the 2019 <a href=""https://application.nycsyep.com/"" target=""_blank"">Ladders for Leaders online</a> now.     </li>     <li>The application for Ladders for Leaders will only be available during the application period.     </li> </ul>"
"<ol>     <li>For commonly asked questions, visit an online <a href=""http://www.nyc.gov/html/sbs/wf1/html/contact/library.shtml"" target=""_blank"">resource library</a>.     </li>     <li>         <a href=""http://www.nyc.gov/html/sbs/wf1/html/contact/contact_form.shtml"" target=""_blank"">Email</a> your Workforce1 questions.     </li>     <li>Visit a <a href=""https://maps.nyc.gov/sbs"" target=""_blank"">Workforce1 Career Center</a> near you.     </li>     <li>Call Telephone Relay System at <a href=""tel:800-662-1220"">800-662-1220</a> if you are hearing or speech-impaired.<br>     </li> </ol>","Caregiver, Young Adult",NYC Department of Small Business Services,<p>     <strong>Call 311</strong> </p> <p>     Ask for Workforce1 if you need help finding a program. </p>,Work,S2R026,Find a center,https://maps.nyc.gov/sbs,"<p>     Workforce1 is a service that prepares and connects qualified candidates to job opportunities in New York City. The service makes strong matches for both job seekers and employers that are hiring by using a unique combination of recruitment expertise, industry knowledge, and skill-building workshops to strengthen candidates\u2019 employment prospects. </p>","<ul>     <li>Apply or register <a href=""http://www.nyc.gov/html/sbs/wf1/html/register/register_now.shtml"" target=""_blank"">online</a>     </li>     <li>Apply or register in-person at <a href=""https://maps.nyc.gov/sbs"" target=""_blank"">Workforce1 Center locations</a>     </li> </ul>"
"<ul>     <li>Visit the <a href=""http://www.nycyouthhealth.org/html/index.shtml"" target=""_blank""><u>YouthHealth website</u></a> to learn more.     </li>     <li>Find a <a href=""http://www.nycyouthhealth.org/html/find-youth-services.shtml"" target=""_blank""><u>YouthHealth clinic near you</u></a> to get help in person or by phone.     </li> </ul>","Pre-Teen, Teen",NYC Health + Hospitals,,Health,,,,"<p>     Youth can get care at NYC Health + Hospitals clinics. Services include: </p> <ul>     <li>sexual and reproductive health care     </li>     <li>primary care     </li>     <li>mental health and depression help     </li>     <li>LGBTQ care     </li>     <li>healthy weight management     </li>     <li>sports physical and sports injury care     </li> </ul> <p>     Care is open to all youth, regardless of ability to pay, immigration status, disability, sexual orientation, or gender identity/expression. </p>","<p>     YouthHealth clinics are located across NYC. Use the <a href=""http://www.nycyouthhealth.org/html/find-youth-services.shtml"" target=""_blank""><u>location finder</u></a> to find a clinic close to you and call to make an appointment. </p>"
"<ul>     <li>Visit the <a href=""http://www1.nyc.gov/site/dca/consumers/get-tax-credit-information.page"" target=""_blank"">NYC Department of Consumer Affairs website</a> for more information.     </li>     <li>If you qualify, visit a <a href=""https://access.nyc.gov/locations/?programs=6909"" target=""_blank"">tax prep location</a> to get help filing your taxes in person.     </li>     <li>Call <a href=""tel:800-906-9887"">800-906-9887</a> to find the nearest Volunteer Income Tax Assistance (VITA) or Tax Counseling for the Elderly (TCE).     </li>     <li>Call <a href=""tel:311"">311</a> and ask for tax preparation assistance.     </li> </ul>","Caregiver, Teen, Young Adult",NYC Department of Consumer Affairs,<p>     <strong>Call 311</strong> </p> <p>     Ask for tax preparation assistance. </p>,Cash &amp; expenses,,Find a tax prep location,https://access.nyc.gov/locations/?programs=6909,"<p>     If you earned $66,000 or less last tax year, the City can help you file your taxes for free. You can file online or, if you make under $54,000, you can file in person. </p>","<ul>     <li>File online: you can <a href=""http://www1.nyc.gov/site/dca/consumers/file-your-taxes.page"" target=""_blank"">file your taxes online</a>, using one of the free sites the City recommends.     </li>     <li>File in person: you may qualify to have your taxes prepared for free in person at one of the <a href=""https://access.nyc.gov/locations/?programs=6909"" target=""_blank"">tax prep locations</a> near you.     </li> </ul>"
"<ul>     <li>Visit the <a href=""http://www1.nyc.gov/site/acs/early-care/acs-child-care-options.page"" target=""_blank"">EarlyLea<del></del>rn NYC Head Start website</a> for more information.     </li>     <li>Visit an <a href=""https://access.nyc.gov/locations/?programs=6867"" target=""_blank"">EarlyLearn center</a> near you for help in person.     </li>     <li>Call <a href=""tel:311"">311</a> if you need help finding a program.     </li> </ul>","Toddler, Pre-Schooler",NYC Administration for Children's Services,<p>     <strong>Call 311</strong> </p> <p>     Ask for EarlyLearn Head Start if you need help finding a program. </p>,Child care,S2R008,Find a program,https://access.nyc.gov/locations/?programs=6867,"<p>     EarlyLearn NYC Head Start programs provide a safe, caring environment for three and four year old children. Care is provided at a center for eight hours a day and children are fed healthy meals and snacks. </p>","<ul>     <li>Use the <a href=""https://access.nyc.gov/locations/?programs=6867"" target=""_blank"">EarlyLearn NYC program finder</a> and choose a provider.     </li>     <li>Visit the program of your choice and get an application.<br>     </li>     <li>Complete the application and submit it with required documents to the EarlyLearn NYC Head Start program of your choice.     </li>     <li>If you are receiving benefits from the Human Resources Administration (HRA) and would like to enroll in an EarlyLearn NYC program, visit <a href=""http://www.nyc.gov/html/hra/html/services/job_centers.shtml"" target=""_blank"">your assigned Job Center</a>.<br>     </li> </ul>"
"<ul>     <li>Visit the <a href=""https://www1.nyc.gov/site/hra/help/adult-protective-services.page"" target=""_blank"">APS website</a> for more information.     </li>     <li>Call APS at <a href=""tel:212-630-1853"">212-630-1853</a> if you have questions about the program.     </li>     <li>Call 911 if there is an emergency or life threatening situation and a person needs immediate help.     </li> </ul>",Caregiver,NYC Human Resources Administration,<p>     <strong>Call 311</strong> </p> <p>     Ask for Adult Protective Services. </p> <p>     <strong>Call 911</strong> </p> <p>     If there is an emergency or life threatening situation and a person needs immediate help. </p>,Family services,,,,"<p>     If you have a mental and/or physical disability that makes it hard for you to live on your own and manage your affairs, APS can help. APS's caseworkers make home visits, help you apply for benefits and services such as managing your money and healthcare, and investigate reports of abuse. </p>","<ul>     <li>If you, or someone you know needs help, you can use the <a href=""https://a069-apscris.nyc.gov/cris/"" target=""_blank"">online referral system</a>. Referrals received after 5:00 p.m or during the weekend will be processed the next business day.     </li>     <li>Call the APS intake unit at <a href=""tel:212-630-1853"">212-630-1853</a> to make a referral by phone. Referrals can also be made by calling <a href=""tel:311"">311</a> Monday - Friday, 9:00 a.m - 5:00 p.m.     </li>     <li>You can also submit a referral by <a href=""mailto:APSrefer.nyc.gov"">emailing APS</a>.     </li> </ul>"
"<ul>     <li>Visit the <a href=""http://www.nychealthandhospitals.org/services/womens-health/"" target=""_blank""><u>NYC Health + Hospitals Women's Health website</u></a> to learn more.     </li>     <li>Find a <a href=""http://www.nychealthandhospitals.org/health_care/"" target=""_blank""><u>health care location</u></a> near you to get help in person or by phone.     </li> </ul>","Caregiver, Teen, Young Adult",NYC Health + Hospitals,,Health,,,,"<p>     Women of all ages can get reproductive health care at NYC Health + Hospitals. Services include pregnancy tests and birth control methods, including the pill. Women who visit NYC Health + Hospitals can also get counseling. </p>","<p>     NYC Health + Hospitals has centers across the five boroughs. Use the <a href=""http://www.nychealthandhospitals.org/health_care/"" target=""_blank""><u>location finder</u></a> to find a center close to you and call to make an appointment. </p>"
"<ul>     <li>Visit the <a href=""https://www.health.ny.gov/health_care/medicaid/program/longterm/familyplanbenprog.htm"" target=""_blank"">FPBP website</a> to learn more about this program.     </li>     <li>Call FPBP at <a href=""tel:800-541-2831"">800-541-2831</a><a href=""tel:800-541-2831""></a> for more information.     </li>     <li>         <a href=""mailto:Medicaid.state.ny.us"">Email FPBP</a> if you have questions about applying.     </li>     <li>Visit a <a href=""https://www.health.ny.gov/community/pregnancy/family_planning/site_list.htm"" target=""_blank"">FPBP provider</a> to get help in person.     </li> </ul>","Caregiver, Young Adult",NYS Department of Health,<p>     <strong>Call 311</strong> </p> <p>     Ask for assistance with Family Benefit Programming Plan. </p>,Family services,S2R031,Find a location,https://access.nyc.gov/locations/?programs=6869,"<p>     This program helps New Yorkers who need family planning, but may not be able to afford it. </p> <p>     FPBP services include:<br> </p> <ul>     <li>Birth control (including birth control pills and condoms)     </li>     <li>Emergency contraception     </li>     <li>Advice about family planning     </li> </ul>","<ul>     <li>Find a <a href=""https://www.health.ny.gov/community/pregnancy/family_planning/program_sites.htm"" target=""_blank"">family planning provider</a> near you.     </li>     <li>Gather your personal documents and bring them with you to the program site.     </li>     <li>Complete the in person screening and submit the application. You can print and fill out <a href=""https://access.nyc.gov/wp-content/uploads/2017/03/FPBP_applicationinstructions_EN.pdf"" target=""_blank"">the application</a> before you go in, or complete it at the site in person.     </li> </ul>"
"<ul>     <li>Visit the <a href=""http://www1.nyc.gov/site/idnyc/index.page"" target=""_blank"">IDNYC website</a> for more information.     </li>     <li>Call <a href=""tel:311"">311</a> to find out more about IDNYC.     </li>     <li>Visit an <a href=""https://access.nyc.gov/locations/?programs=6872"" target=""_blank"">IDNYC enrollment center near</a> you to get help in person.     </li>     <li>         <a href=""http://www1.nyc.gov/site/idnyc/contact/feedback.page"" target=""_blank"">Email IDNYC</a> to get your questions answered.     </li> </ul>","Caregiver, Teen, Young Adult",NYC Human Resources Administration,<p>     <strong>Call 311</strong> </p> <p>     Ask about IDNYC. </p>,City ID card,S2R032,Find an enrollment center,https://access.nyc.gov/locations/?programs=6872,"<p>     IDNYC is a free government-issued photo ID card for people over 10 years old who live in NYC. It can help you get City services, museum memberships, and more. </p>","<ul>     <li>Use the <a href=""http://www1.nyc.gov/site/idnyc/card/documentation.page"" target=""_blank"">IDNYC Document Calculator</a> to make sure you have the right documents to apply.     </li>     <li>Find <a href=""http://www1.nyc.gov/site/idnyc/card/locations.page"" target=""_blank"">an enrollment center</a> near you and <a href=""http://www1.nyc.gov/site/idnyc/card/make-an-appointment.page"" target=""_blank"">book your appointment online</a>. Appointments are required.     </li>     <li>Print and fill out the application form <a href=""https://access.nyc.gov/wp-content/uploads/2018/08/IDNYC_Appl-and-Instr_10-13_EN.pdf"" target=""_blank"">for 10-13 year olds</a> and <a href=""https://access.nyc.gov/wp-content/uploads/2018/08/IDNYC_Appl-and-Instr_14andOlder_EN.pdf"" target=""_blank"">for 14 years and older</a> ahead of time and bring it to your appointment, or fill it out at your appointment.     </li>     <li>Applicants 14 and older can also <a href=""http://www1.nyc.gov/site/idnyc/card/start-your-application.page"" target=""_blank"">submit applications online</a> before going to an enrollment center.     </li>     <li>Collect your documents and bring them with you to your appointment. Your ID photo will be taken at the appointment.     </li> </ul>"
"<ul>     <li>Visit the <a href=""http://schools.nyc.gov/ChoicesEnrollment/PreK/default.htm"" target=""_blank"">Pre-K website</a> to find a program and learn more about the application process.     </li>     <li>Call <a href=""tel:718-935-2009"">718-935-2009</a> if you have questions about Pre-K admissions.     </li>     <li>Email <a href=""mailto:ESEnrollment.nyc.gov"">Pre-K admissions</a> if you have questions about getting into Pre-K.     </li>     <li>Visit a <a href=""http://nyc.gov/schools/welcomecenters"" target=""_blank"">Family Welcome Center</a> to learn more about Pre-K programs.     </li> </ul>","Toddler, Pre-Schooler",NYC Department of Education,<p>     <strong>Call 311</strong><br> </p> <p>     Ask for Pre-K For All. </p>,Education,S2R016,Find a Family Welcome Center,http://schools.nyc.gov/ChoicesEnrollment/NewStudents/WelcomeCenters/default.htm,"<p>     In free, full-day, high-quality Pre-K, teachers are sparking wonder and igniting learning in our children. Pre-K for All gives children stronger math and reading skills in elementary school and a better chance at success in life. Studies show that early childhood education improves performance throughout a child\u2019s school experience. </p>","<ul>     <li>Apply to Pre-K <a href=""http://schools.nyc.gov/ChoicesEnrollment/PreK/default.htm"" target=""_blank"">online</a>.     </li>     <li>Apply over the phone by calling <a href=""tel:718-935-2067"">718-935-2067</a> (Monday \u2013 Friday, 8 a.m \u2013 3 p.m, except holidays).     </li>     <li>Apply in person at a <a href=""http://nyc.gov/schools/welcomecenters"" target=""_blank"">Family Welcome Center</a>.     </li> </ul> <p>     <a href=""http://nyc.gov/schools/welcomecenters""></a> </p>"
"<ul>     <li>Visit the <a href=""http://www1.nyc.gov/site/dycd/services/after-school/comprehensive-after-school-system-of-new-york-city-compass.page"" target=""_blank"">COMPASS website</a> to learn more.     </li>     <li>Visit the <a href=""http://www.dycdportal.nyc/discoverdycd/home"" target=""_blank"">Discover DYCD</a> website to learn more about all of the programs COMPASS NYC offers.     </li>     <li>Call DYCD Youth Connect at <a href=""tel:800-246-4646"">800-246-4646</a> for more information.     </li>     <li>Call or visit the afterschool program staff at your child\u2019s school for more information.     </li> </ul>","Grade-Schooler, Pre-Teen, Teen",NYC Department of Youth & Community Development,<p>     <strong>Call 311</strong> </p> <p>     Ask for Comprehensive After School Program assistance. </p>,Enrichment,S2R009,,,"<p>     Students can join one of hundreds of free afterschool programs in NYC through COMPASS NYC. COMPASS programs can offer homework help, sports, arts, and more. They are free and located all over the city. </p>","<ul>     <li>To enroll your child in a COMPASS NYC program, contact the afterschool program staff at your child\u2019s school.     </li>     <li>You can also use <a href=""http://www.dycdportal.nyc/discoverdycd/home"" target=""_blank"">Discover DYCD</a> with the ""afterschool"" filter to see what programs are near your home.     </li> </ul>"
"<ul>     <li>Visit the <a href=""https://www.health.ny.gov/prevention/nutrition/wic/"" target=""_blank"">WIC website</a> to learn more.     </li>     <li>Call the Growing Up Healthy Hotline at <a href=""tel:800-522-5006"">800-522-5006</a> for more information on WIC.     </li>     <li>Visit a <a href=""https://www.health.ny.gov/prevention/nutrition/wic/local_agencies.htm"" target=""_blank"">WIC office</a> near you to get help in person.     </li> </ul>","Caregiver, Baby, Toddler, Pre-Schooler",NYS Department of Health,"<p>     <strong>Call 311</strong><br> </p> <p>     Ask for Women, Infants, and Children assistance. </p>",Food,S2R022,Find a location,https://access.nyc.gov/locations/?programs=6888,"<p>     WIC provides free healthy food and services to low-income women and children which include nutrition counseling, breastfeeding support, health education, and referrals to help families stay healthy. The food you are allowed to buy is listed on a check or voucher and must be used at stores that accept WIC. </p>","<p>     To apply for WIC: </p> <ul>     <li>Find your <a href=""https://access.nyc.gov/locations/?programs=6888"" target=""_blank"">local WIC agency</a>, or call the Growing Up Healthy Hotline at <a href=""tel:800-522-5006"">800-522-5006</a> and ask for the location nearest to you.     </li>     <li>Gather your income, residency, and identity documents to bring with you.     </li>     <li>Call the WIC agency where you wish to receive services and make an appointment.     </li>     <li>A short nutrition assessment will be completed at the time of your appointment by a qualified WIC staff member.     </li> </ul> <p>     The staff will tell you if you need to bring the WIC Medical Referral Form for <a href=""https://access.nyc.gov/wp-content/uploads/2017/03/WIC_Medical_Referral-Form-for_For_Women_EN.pdf"" target=""_blank"">you</a> and/or <a href=""https://access.nyc.gov/wp-content/uploads/2017/03/WIC_Medical_Referral-Form_For_Infant_EN.pdf"" target=""_blank"">your child</a> completed by your health care provider. </p>"
"<ul>     <li>Visit the <a href=""https://www1.nyc.gov/site/hra/help/snap-benefits-food-program.page"" target=""_blank"">SNAP website</a> to find out more information.     </li>     <li>Call the HRA Infoline at <a href=""tel:718-557-1399"">718-557-1399</a> for assistance applying for SNAP.     </li>     <li>Visit a <a href=""https://access.nyc.gov/locations/?programs=6887"" target=""_blank"">SNAP center near</a> or <a href=""http://www1.nyc.gov/assets/hra/downloads/pdf/services/snap/CBO_EASE_SITES.pdf"" target=""_blank"">your local community-based organization</a> (CBO) to get help in person.     </li> </ul>",Everyone,NYC Human Resources Administration,<p>     <strong>Call 311</strong> </p> <p>     Ask for SNAP. </p>,Food,S2R007,Find a location,https://access.nyc.gov/locations/?programs=6887,<p>     Get help paying for groceries with SNAP. SNAP benefits are sometimes called food stamps. They come on a debit card that you can use at many grocery stores and farmers markets. </p>,"<p>     There are a number of ways you can apply for SNAP: </p> <ul>     <li>Apply online using <a href=""https://a069-access.nyc.gov/ACCESSNYC/application.do"" target=""_blank"">ACCESS HRA</a>.     </li>     <li>Apply in person at any <a href=""http://www1.nyc.gov/site/hra/locations/locations.page"" target=""_blank"">SNAP Center</a> or at a <a href=""http://www1.nyc.gov/assets/hra/downloads/pdf/services/snap/CBO_EASE_SITES.pdf"" target=""_blank"">participating community-based organization</a> (CBO).     </li>     <li>If you are applying for Cash Assistance you may apply for SNAP Benefits at the same time at an <a href=""https://www1.nyc.gov/site/hra/locations/job-locations.page"" target=""_blank"">HRA Job Center</a>.     </li>     <li>Apply by mail or fax: <a href=""https://access.nyc.gov/wp-content/uploads/2018/09/SNAP_ApplandRecert_ENG.pdf"" target=""_blank"">download the application</a> or call the HRA Infoline at <a href=""tel:718-557-1399"">718-557-1399</a> to have an application mailed to you. Fax your competed application to 917-639-1111 or mail it to:<br>         <strong>Division of SNAP Services, Mail Application & Referral Unit (MARU)</strong><strong><br></strong> P.O. Box 24510<br>         Brooklyn, NY, 11201     </li> </ul>"
"<ul>     <li>Visit the Senior Employment Services office at 2 Lafayette St., 6th Flr, New York, NY 10007 for help in person.     </li>     <li>Visit the <a href=""http://www1.nyc.gov/site/dfta/services/senior-employment.page"" target=""_blank"">SES website</a> for more information.     </li>     <li>Call <a href=""tel:311"">311</a> and ask for the Senior Employment Services program to learn more.     </li> </ul>",Caregiver,NYC Department of Aging,<p>     <strong>Call 311</strong> </p> <p>     Ask for the Senior Employment Services program. </p>,Work,S2R025,,,"<p>     SES helps seniors prepare for and find work while paying them. SES trains seniors to use computers, look for work, and write resumes. Career counselors are also there to give advice. </p>","<ul>     <li>Download and complete the <a href=""https://access.nyc.gov/wp-content/uploads/2017/03/Senior_Employment_Services_Form.pdf"" target=""_blank"">Employment Assistance Services Form.</a>     </li>     <li>Bring the application to the NYC Department of Aging or mail the application to:<br>         Senior Employment Unit/SCSEP-Title V Program<br>         New York City Department for the Aging<br>         2 Lafayette St.<br>         New York, NY 10007     </li> </ul>"
"<ul>     <li>Visit the <a href=""http://cte.nyc/"" target=""_blank""><u>CTE</u></a> or <a href=""https://www.schools.nyc.gov/school-life/learning/career-and-technical-education"" target=""_blank""><u>Department of Education</u></a> website to learn more about CTE.     </li>     <li>Visit the <a href=""http://www.co-optech.org/"" target=""_blank""><u>Coop Tech website</u></a> to learn more about their programs.     </li>     <li>Call the high school admission line at <a href=""tel:718-935-2399""><u>718-935-2399</u></a> or <a href=""mailto:CTENYC.nyc.gov""><u>email</u></a> if you have questions about CTE.     </li>     <li>Visit a <a href=""https://www.schools.nyc.gov/enrollment/enrollment-help/family-welcome-centers"" target=""_blank""><u>Family Welcome Center</u></a> to get help in person.     </li> </ul>","Pre-Teen, Teen, Young Adult",NYC Department of Education,,Education,,,,"<p>     Career and technical education (CTE) lets students gain career skills as they complete high school or high school equivalency (HSE). CTE offers <a href=""https://www.schools.nyc.gov/school-life/learning/career-and-technical-education"" target=""_blank""><u>work-based learning experiences</u></a> like job shadowing, mentorships, and internships. Students can also earn a CTE-endorsed Regents Diploma, on top of traditional high school graduation requirements. </p>","<p>     To apply for admission to CTE at a public high school: </p> <ol>     <li>Get a paper application from your middle school guidance counselor or at a <a href=""https://www.schools.nyc.gov/enrollment/enrollment-help/family-welcome-centers"" target=""_blank""><u>Family Welcome Center</u></a>.     </li>     <li>Use the <a href=""http://schoolfinder.nyc.gov/"" target=""_blank""><u>NYC School Finder</u></a> to find high schools based on where you live and your interests.     </li>     <li>Select up to 12 high schools in the order you'd like to attend.     </li>     <li>Give your completed application to your guidance counselor by December 1st.     </li> </ol> <p>     To apply for admissions at Coop Tech, complete <a href=""http://www.co-optech.org/PDFs/Application.pdf"" target=""_blank""><u>the application</u></a> and follow the directions listed </p>"
"<ul>     <li>Visit the <a href=""https://www.va.gov/homeless/hud-vash_eligibility.asp"" target=""_blank"">HUD-VASH website</a> for more information     </li>     <li>Call the National Call Center for Homeless Veterans at <a href=""tel:877-424-3838"">877-424-3838</a> to learn if you're eligible and apply     </li> </ul>",Caregiver,US Department of Housing & Urban Development/ US Department of Veterans Affairs,<p>     <strong>Call 311</strong> </p> <p>     Ask for Veterans Affairs Supportive Housing Program and you will be connected to VA facilities. </p>,Housing,,Find a center,https://access.nyc.gov/locations/?programs=15023,<p>     Veterans and their families who are homeless can get help through HUD-VASH. The program helps veterans find and keep permanent housing by providing Section 8 rental vouchers as well as case management and other supportive services at VA medical centers. </p>,"<ul>     <li>To apply for HUD-VASH, call the National Call Center for Homeless Veterans at <a href=""tel:877-424-3838"">877-424-3838</a>, which will connect you to your local VA homeless program     </li>     <li>Veterans can also apply in person at the following locations:<br>         <strong>The VA Medical Center</strong><br>         Bronx, NY 10468<br>         Phone: <a href=""tel:718-584-9000"">718-584-9000</a><br>         M-T-F from 6:45 a.m. to 3:15 p.m.<br>         130 West Kingsbridge Road or at     </li> </ul> <p>     <strong>The VA NY Harbor Site</strong><br>     423 East 23rd Street 2nd Floor Room 2207N<br>     New York, NY 10010<br>     Phone: <a href=""tel:212-686-7500"">212-686-7500</a><br>     Mondays from 9:00 a.m. - 4:30 p.m.<br>     Thursdays from 11:00 a.m. - 4:30 p.m. </p>"
"<ul>     <li>Visit the <a href=""https://www1.nyc.gov/site/dycd/services/after-school/schools-out-new-york-city-sonyc.page"" target=""_blank"">SONYC website</a> to learn more.     </li>     <li>Call DYCD Youth Connect at <a href=""tel:800-246-4646"">800-246-4646</a> for more information.     </li>     <li>Call or visit the afterschool program staff at your child's school for more information.     </li> </ul>","Pre-Teen, Teen",NYC Department of Youth & Community Development,,Enrichment,,,,"<p>     SONYC is an afterschool program for students in 6th, 7th, and 8th grades. SONYC activities include dance, music, sports, fashion, cooking, and more. </p>","<p>     You can use Discover DYCD to find programs in your area. To get started: </p> <ol>     <li>Go to the <a href=""http://www.dycdportal.nyc/discoverdycd/home"" target=""_blank"">Discover DYCD</a> website     </li>     <li>Click ""Show Advanced Search"" in the ""Basic Search"" box     </li>     <li>Select ""COMPASS Programs"" in the ""All Programs Box"" the a SONYC program from the ""All Sub-programs"" menu     </li> </ol> <p>     You can also enroll your child in a SONYC program, contact the program staff at your child\u2019s school. </p>"
"<ul>     <li>Visit the Senior Employment Services office at 2 Lafayette St., 6th Flr, New York, NY 10007 for help in person.     </li>     <li>Visit the <a href=""http://www1.nyc.gov/site/dfta/services/senior-employment.page"" target=""_blank"">SES website</a> for more information.     </li>     <li>Call <a href=""tel:311"">311</a> and ask for the Senior Employment Services program to learn more.     </li> </ul>",Caregiver,NYC Department of Aging,<p>     <strong>Call 311</strong> </p> <p>     Ask for the Senior Employment Services program. </p>,Work,S2R025,,,"<p>     SES helps seniors prepare for and find work while paying them. SES trains seniors to use computers, look for work, and write resumes. Career counselors are also there to give advice. </p>","<ul>     <li>Download and complete the <a href=""https://access.nyc.gov/wp-content/uploads/2017/03/Senior_Employment_Services_Form.pdf"" target=""_blank"">Employment Assistance Services Form.</a>     </li>     <li>Bring the application to the NYC Department of Aging or mail the application to:<br>         Senior Employment Unit/SCSEP-Title V Program<br>         New York City Department for the Aging<br>         2 Lafayette St.<br>         New York, NY 10007     </li> </ul>"
"<ul>     <li>Visit a <a href=""http://www1.nyc.gov/site/finance/pay-now/person.page"" target=""_blank"">Department of Finance Business Center</a> (Monday - Friday, 8:30 a.m - 4:30 p.m) to get help in person.     </li>     <li>Visit the <a href=""http://www1.nyc.gov/site/finance/benefits/landlords-dhe.page"" target=""_blank"">DHE website</a> to learn more.     </li>     <li>Call DHE at <a href=""tel:212-639-9675"">212-NEW-YORK</a>, or <a href=""tel:212-639-9675"">212-639-9675</a> (out-of-City), or TTY <a href=""tel:212-639-9675"">212-639-9675</a> (hearing impaired).     </li>     <li>         <a href=""http://www1.nyc.gov/site/finance/about/contact-by-email/contact-exemptions-inquiries.page"" target=""_blank"">Email DHE</a> for more information.     </li> </ul>",Caregiver,NYC Department of Finance,<p>     <strong>Call 311</strong><br> </p> <p>     Ask for Disabled Homeowners' Exemption assistance. </p>,Cash &amp; expenses,S2R017,Find a center,http://www1.nyc.gov/site/finance/pay-now/person.page,<p>     People with disabilities who own homes can get property tax lowered on their primary residence through DHE. The reduction is from five percent of their tax to half of it. How much the tax is reduced depends on how much the family earns. </p>,"<ul>     <li>Download and complete the <a href=""https://access.nyc.gov/wp-content/uploads/2017/12/DHE-InitialAppl_EN.pdf"" target=""_blank"">initial exemption application</a>. You can also contact <a href=""tel:311"">311</a> for an application to be mailed to you.     </li>     <li>You will be asked provide the borough, block, and lot (BBL) for your home. You can <a href=""http://webapps.nyc.gov:8084/CICS/fin1/find001I"" target=""_blank"">use the Property Address Search</a> to determine this.     </li>     <li>Gather your required documents and include them with your application. Your application will not be processed without them.     </li>     <li>Mail your completed application and required documents to:<br>         New York City Department of Finance<br>         P.O.BOX 311<br>         Maplewood, NJ 07040-031     </li>     <li>Applications must be postmarked by March 15th for benefits to begin on July 1st each year     </li>     <li>You can also apply in person at a <a href=""http://www1.nyc.gov/site/finance/pay-now/person.page"" target=""_blank"">Department of Finance Business Center</a>.     </li> </ul>"
"<ul>     <li>Visit the <a href=""http://www.schoolfoodnyc.org/EatAtSchool/nutritionstandards.htm"" target=""_blank"">SchoolFood website</a> to learn more.     </li>     <li>Call SchoolFood Customer Information at <a href=""tel:877-363-6325"">877-363-6325</a> if you have questions about applying.     </li> </ul>","Grade-Schooler, Pre-Teen, Teen",NYC Department of Education,,Food,S2R020,,,<p>     The New York City Department of Education is pleased to announce that breakfast and lunch are completely free for all students in every New York City public school. </p>,"<ul>     <li>Applications are no longer needed to qualify for free meal benefits.     </li>     <li>Families may be asked to complete a <a href=""https://www.myschoolapps.com/Home/PickDistrict"" target=""_blank"">family income inquiry form</a> to help schools receive funding.     </li> </ul>"
"<ul>     <li>Visit the <a href=""http://www1.nyc.gov/site/hra/help/long-term-care.page"" target=""_blank"">Home Care website</a> to find out more about the different home care options.     </li>     <li>Call the HRA Office of Special Services at <a href=""tel:718-557-1399"">718-557-1399</a> to get helping finding a program.     </li>     <li>Visit a <a href=""http://www1.nyc.gov/assets/hra/downloads/pdf/services/micsa/casa_offices.pdf"" target=""_blank"">Home Care CASA office</a> to get help in person.     </li> </ul>",Caregiver,NYC Human Resources Administration,<p>     <strong>Call 311</strong> </p> <p>     Ask for Home Care Services if you need help finding a program. </p>,Health,,Find a location,http://www1.nyc.gov/assets/hra/downloads/pdf/services/micsa/casa_offices.pdf,"<p>     People who need care can get it at home instead of having to move into a nursing home or institution. There are different types of care for people with different needs. Home Care Services Program can give you a home nurse, house cleaning, physical therapy, and more. </p>","<p>     How you apply for home care programs depends on your needs. Call the HRA Office of Special Services at <a href=""tel:718-557-1399"">718-557-1399</a> or visit a <a href=""http://www1.nyc.gov/assets/hra/downloads/pdf/services/micsa/casa_offices.pdf"" target=""_blank"">Home Care CASA office</a> to find out how to apply to a program right for you and your family. </p>"
"<ul>     <li>Visit the <a href=""http://www.schoolfoodnyc.org/EatAtSchool/nutritionstandards.htm"" target=""_blank"">SchoolFood website</a> to learn more.     </li>     <li>Call SchoolFood Customer Information at <a href=""tel:877-363-6325"">877-363-6325</a> if you have questions about applying.     </li> </ul>","Grade-Schooler, Pre-Teen, Teen",NYC Department of Education,,Food,S2R020,,,<p>     The New York City Department of Education is pleased to announce that breakfast and lunch are completely free for all students in every New York City public school. </p>,"<ul>     <li>Applications are no longer needed to qualify for free meal benefits.     </li>     <li>Families may be asked to complete a <a href=""https://www.myschoolapps.com/Home/PickDistrict"" target=""_blank"">family income inquiry form</a> to help schools receive funding.     </li> </ul>"
"<ul>     <li>Visit the <a href=""https://www.health.ny.gov/prevention/nutrition/wic/"" target=""_blank"">WIC website</a> to learn more.     </li>     <li>Call the Growing Up Healthy Hotline at <a href=""tel:800-522-5006"">800-522-5006</a> for more information on WIC.     </li>     <li>Visit a <a href=""https://www.health.ny.gov/prevention/nutrition/wic/local_agencies.htm"" target=""_blank"">WIC office</a> near you to get help in person.     </li> </ul>","Caregiver, Baby, Toddler, Pre-Schooler",NYS Department of Health,"<p>     <strong>Call 311</strong><br> </p> <p>     Ask for Women, Infants, and Children assistance. </p>",Food,S2R022,Find a location,https://access.nyc.gov/locations/?programs=6888,"<p>     WIC provides free healthy food and services to low-income women and children which include nutrition counseling, breastfeeding support, health education, and referrals to help families stay healthy. The food you are allowed to buy is listed on a check or voucher and must be used at stores that accept WIC. </p>","<p>     To apply for WIC: </p> <ul>     <li>Find your <a href=""https://access.nyc.gov/locations/?programs=6888"" target=""_blank"">local WIC agency</a>, or call the Growing Up Healthy Hotline at <a href=""tel:800-522-5006"">800-522-5006</a> and ask for the location nearest to you.     </li>     <li>Gather your income, residency, and identity documents to bring with you.     </li>     <li>Call the WIC agency where you wish to receive services and make an appointment.     </li>     <li>A short nutrition assessment will be completed at the time of your appointment by a qualified WIC staff member.     </li> </ul> <p>     The staff will tell you if you need to bring the WIC Medical Referral Form for <a href=""https://access.nyc.gov/wp-content/uploads/2017/03/WIC_Medical_Referral-Form-for_For_Women_EN.pdf"" target=""_blank"">you</a> and/or <a href=""https://access.nyc.gov/wp-content/uploads/2017/03/WIC_Medical_Referral-Form_For_Infant_EN.pdf"" target=""_blank"">your child</a> completed by your health care provider. </p>"
"<ul>     <li>Visit the <a href=""http://cte.nyc/"" target=""_blank""><u>CTE</u></a> or <a href=""https://www.schools.nyc.gov/school-life/learning/career-and-technical-education"" target=""_blank""><u>Department of Education</u></a> website to learn more about CTE.     </li>     <li>Visit the <a href=""http://www.co-optech.org/"" target=""_blank""><u>Coop Tech website</u></a> to learn more about their programs.     </li>     <li>Call the high school admission line at <a href=""tel:718-935-2399""><u>718-935-2399</u></a> or <a href=""mailto:CTENYC.nyc.gov""><u>email</u></a> if you have questions about CTE.     </li>     <li>Visit a <a href=""https://www.schools.nyc.gov/enrollment/enrollment-help/family-welcome-centers"" target=""_blank""><u>Family Welcome Center</u></a> to get help in person.     </li> </ul>","Pre-Teen, Teen, Young Adult",NYC Department of Education,,Education,,,,"<p>     Career and technical education (CTE) lets students gain career skills as they complete high school or high school equivalency (HSE). CTE offers <a href=""https://www.schools.nyc.gov/school-life/learning/career-and-technical-education"" target=""_blank""><u>work-based learning experiences</u></a> like job shadowing, mentorships, and internships. Students can also earn a CTE-endorsed Regents Diploma, on top of traditional high school graduation requirements. </p>","<p>     To apply for admission to CTE at a public high school: </p> <ol>     <li>Get a paper application from your middle school guidance counselor or at a <a href=""https://www.schools.nyc.gov/enrollment/enrollment-help/family-welcome-centers"" target=""_blank""><u>Family Welcome Center</u></a>.     </li>     <li>Use the <a href=""http://schoolfinder.nyc.gov/"" target=""_blank""><u>NYC School Finder</u></a> to find high schools based on where you live and your interests.     </li>     <li>Select up to 12 high schools in the order you'd like to attend.     </li>     <li>Give your completed application to your guidance counselor by December 1st.     </li> </ol> <p>     To apply for admissions at Coop Tech, complete <a href=""http://www.co-optech.org/PDFs/Application.pdf"" target=""_blank""><u>the application</u></a> and follow the directions listed </p>"
"<ul>     <li>Visit the <a href=""http://schools.nyc.gov/Academics/EarlyChildhood/parentfamilies/NYCELL.htm"" target=""_blank""><u>NYCELL website</u></a> for more information.     </li>     <li>         <a href=""mailto:earlychildhood.nyc.gov""><u>Email NYCELL</u></a> if you have questions about the program.     </li>     <li>Call Lynda Nicolas at <a href=""tel:212-356-3844""><u>212-356-3844</u></a> to learn more about NYCELL.     </li>     <li>Visit or call a <a href=""http://schools.nyc.gov/Academics/EarlyChildhood/parentfamilies/NYCELL.htm"" target=""_blank""><u>NYCELL site</u></a> to learn more about a specific location.     </li> </ul>",Toddler,NYC Department of Education/NYC Housing Authority,,Education,,,,"<p>     Toddlers can receive reading and speaking help with the Early Literacy Learning Program. Families in the program read out loud, get free books and toys, and go on field trips to help children develop language skills. </p>","<p>     To apply for NYCELL, contact a participating community center or call Lynda Nicolas at <a href=""tel:212-356-3844""><u>212-356-3844</u></a>. </p> <p>     <strong>Classic/Melrose Community Center</strong><strong><br></strong>286 156th Street<br>     Bronx, NY 10451<br>     <a href=""tel:718-665-1300""><u>718-665-1300</u></a> </p> <p>     <strong>New York Public Library, Inwood Branch</strong><br>     4790 Broadway<br>     New York, NY 10034<br>     <a href=""tel:212-942-2445""><u>212-942-2445</u></a> </p> <p>     <strong>King Towers Community Center</strong><br>     2 West 115th Street<br>     New York, NY 10002<br>     <a href=""tel:212-348-5721""><u>212-348-5721</u></a> </p> <p>     <strong>Sotomayor Community Center</strong><br>     1000 Rosedale Avenue<br>     Bronx, NY 10472<br>     <a href=""tel:917-243-7231""><u>917-243-7231</u></a> </p> <p>     <strong>Campos Community Center</strong><br>     611 East 13th Street<br>     New York, NY 10009<br>     <a href=""tel:212-677-1801""><u>212-677-1801</u></a> </p> <p>     <strong>Langston Hughes Senior Center</strong><br>     301 Sutter Avenue<br>     Brooklyn, NY 11212<br>     <a href=""tel:718-498-7752""><u>718-498-7752</u></a> </p>"
"<p>     To get referral to a pregnancy care provider </p> <ul>     <li>Call the New York State Growing Up Healthy Hotline at <a href=""tel:800-522-5006"">800-522-5006</a><a href=""https://afdcontent.gathercontent.com/item/800-522-5006""></a>     </li>     <li>Visit the <a href=""http://www.health.state.ny.us/nysdoh/perinatal/en/pcap.htm"" target=""_blank"">New York State Department of Health</a>     </li>     <li>Call the Human Resources Administration at <a href=""tel:718-557-1399"">718-557-1399</a>     </li> </ul><a href=""800-522-5006""></a>","Caregiver, Teen, Young Adult",NYS Department of Health,<p>     <strong>Call 311</strong> </p> <p>     Ask for Medicaid for Pregnant Women. </p>,Health,,Enroll in person,https://www.health.ny.gov/community/pregnancy/health_care/prenatal/apply_for_coverage.htm,<p>     This program offers complete pregnancy care and other health services to women and teens who live in New York State and meet income and residency guidelines. </p>,"<ol>     <li>         <a href=""https://www.health.ny.gov/community/pregnancy/health_care/prenatal/apply_for_coverage.htm"" target=""_blank"">Find out where you can apply</a> for Medicaid Prenatal Care Coverage.     </li>     <li>Enroll with an <a href=""https://info.nystateofhealth.ny.gov/IPANavigatorSiteLocations"" target=""_blank"">In-Person Assistor (IPA)</a> or find <a href=""https://www.health.ny.gov/community/pregnancy/health_care/prenatal/apply_for_coverage.htm"" target=""_blank"">select providers</a> near you.     </li>     <li>Call <a href=""tel:311"">311</a> to find an IPA.     </li> </ol>"
"<ul>     <li>Call DYCD Youth Connect at <a href=""tel:1-800-246-4646""><u>1-800-246-4646</u></a> if you have questions about this program.     </li>     <li>Visit the <a href=""https://www1.nyc.gov/site/dycd/services/jobs-internships/young-adult-internship-program-yaip.page"" target=""_blank""><u>DYCD website</u></a> for more information.     </li> </ul>","Teen, Young Adult",NYC Department of Youth & Community Development,,Work,,,,<p>     Intern & Earn (formerly the Young Adult Internship Program) helps 16-24 year olds who are not working and not in school get short-term paid internships. Youth participate in 14 weeks of internships and work-readiness workshops. Youth also get help with job placement or enrollment in school or a job training program for up to nine months after the program. </p>,"<p>     You can use Discover DYCD to find programs in your area. To get started: </p> <ol>     <li>Go to the <a href=""http://www.dycdportal.nyc/discoverdycd/home"" target=""_blank""><u>Discover DYCD</u></a> website.     </li>     <li>Click ""Show Advanced Search"" in the ""Basic Search"" box     </li>     <li>Select ""Young Adult Internship Programs"" from the ""All Programs"" dropdown     </li> </ol>"
"<ul>     <li>Visit the REES office at 787 Atlantic Ave., Brooklyn, NY, 11238 to get help in person.     </li>     <li>Visit the <a href=""http://opportunitynycha.org/"" target=""_blank"">Opportunity NYCHA website</a> to learn more about REES services.     </li>     <li>Call the REES hotline at <a href=""tel:718-289-8100"">718-289-8100</a><a href=""tel:718-289-8100%E2%80%8B""></a> to learn more.     </li> </ul>","Caregiver, Young Adult",NYC Housing Authority,<p>     <strong>Call 311</strong><br> </p> <p>     Ask for REES assistance. </p>,Work,S2R024,,,"<p>     REES helps NYCHA residents improve their financial futures. If you live in NYCHA housing, you can get help finding a job, taking classes, or starting a business. </p>","<ul>     <li>Information sessions are held every Tuesday and Thursday at 8:30 a.m at the Brooklyn office: 787 Atlantic Ave., Brooklyn, NY 11238.     </li>     <li>You can RSVP for an info session <a href=""http://opportunitynycha.org/events/"" target=""_blank"">online</a> or by calling the REES hotline at <a href=""tel:718-289-8100"">718-289-8100</a>.     </li> </ul>"
"<ul>     <li>Visit the <a href=""https://www.schools.nyc.gov/enrollment/enroll-grade-by-grade/middle-school"" target=""_blank"">NYC Department of Education website</a> to learn more and to research specific schools.     </li>     <li>Call <a href=""tel:718-935-2398"">718-935-2398</a> or <a href=""mailto:MSEnrollment.nyc.gov"">email the Middle School Admissions team</a> with your questions.     </li>     <li>Visit a <a href=""https://www.schools.nyc.gov/enrollment/enrollment-help/family-welcome-centers"" target=""_blank"">Family Welcome Center</a> to get help in person.     </li> </ul>","Grade-Schooler, Pre-Teen",NYC Department of Education,,Education,,,,"<p>     Middle school offers students opportunities to explore their interests, discover new subjects, and learn more about themselves. New York City students can apply to up to 12 middle school programs. </p>","<p>     To apply for admissions to a public middle school: </p> <ol>     <li>Visit <a href=""https://www.myschools.nyc"" target=""_blank"">MySchools.nyc</a> and set up your account. Speak with your school counselor if you need help.     </li>     <li>Use <a href=""https://www.myschools.nyc"" target=""_blank"">MySchools</a> to explore middle schools based on your interests, location, and more.     </li>     <li>Select up to 12 choices to add to your application in your true order of preference, and submit it by the deadline.     </li> </ol>If you just moved to NYC talk to your school counselor or visit a <a href=""https://www.schools.nyc.gov/enrollment/enrollment-help/family-welcome-centers"" target=""_blank"">Family Welcome Center</a>."
"<ul>     <li>Visit the <a href=""https://www1.nyc.gov/site/acs/about/bridges-health.page"" target=""_blank"">Bridges to Health</a> site for more information     </li>     <li>Call the ACS Bridges to Health Unit at <a href=""tel:212-676-6406"">212-676-6406</a>     </li>     <li>Email B2H at <a href=""mailto:B2HACS.nyc.gov"">B2HACS.nyc.gov</a>     </li> </ul>","Pre-Schooler, Grade-Schooler, Pre-Teen, Teen",NYC Administration for Children\u2019s Services,"<p>     Call <a href=""tel:311"">311</a> and ask for wrap-around services for children in foster care </p>",Family services,,,,<p>     Young people with serious medical or emotional problems can get extra help from Bridges to Health (B2H). B2H is a Medicaid Waiver program for youth under the care of the Administration for Children\u2019s Services (ACS). </p>,"<p>     B2H applications are completed through a child's case-planning agency. A child's caseworker or parent should gather the necessary documentation for the selected waiver and hand-deliver or mail the application to the ACS B2H office. B2H doesn't accept electronic applications. </p> <ul>     <li>See the required documents for <a href=""http://www1.nyc.gov/assets/acs/pdf/providers/NSP_Bridges_to_Health_Check_list_2015.pdf"" target=""_blank"">B2H Close to Home</a> providers     </li>     <li>See the required documents for the <a href=""http://www1.nyc.gov/assets/acs/pdf/providers/B2H_Referral_Check_list_2014.pdf"" target=""_blank"">B2H Foster Care</a> program     </li> </ul> <p>     Visit the <a href=""https://www1.nyc.gov/site/acs/about/bridges-health.page"" target=""_blank"">B2H site</a> for the referral documents. </p>"
"<ul>     <li>Visit the <a href=""http://www1.nyc.gov/site/doh/health/health-topics/nurse-family-partnership.page"" target=""_blank"">NYC NFP website</a> to find out more.     </li>     <li>Call NYC NFP at <a href=""tel:646-364-0714"">646-364-0714</a> for more information.     </li> </ul>","Caregiver, Baby, Young Adult",NYC Department of Health & Mental Hygiene,<p>     <strong>Call 311</strong><br> </p> <p>     Ask for assistance with NYC Nurse-Family Partnership. </p>,Family services,S2R029,,,<p>     NYC NFP is a home visiting program for low-income women and girls who are pregnant with their first baby. Trained nurses visit you at your home regularly from pregnancy until your baby is two years old and support you to become a knowledgeable and nurturing parent. </p>,"<p>     Woman and girls can find out if they are eligible by calling your nearest location. </p> <ul>     <li>Bronx: <a href=""tel:718-536-3789"">718-536-3789</a>     </li>     <li>Brooklyn: <a href=""tel:718-257-7208"">718-257-7208</a>     </li>     <li>Manhattan: <a href=""tel:212-939-8500"">212-939-8500</a>     </li>     <li>Queens: <a href=""tel:718-480-2222"">718-480-2222</a> (east) /<a href=""tel:347-571-2792"">347-571-2792</a> (north)     </li>     <li>Staten Island: <a href=""tel:718-313-1800"">718-313-1800</a>     </li>     <li>Foster care/shelter/justice-involved: <a href=""tel:646-364-0726"">646-364-0726</a>     </li> </ul> <p>     Service providers can refer patients/clients to NFP by using the <a href=""https://access.nyc.gov/wp-content/uploads/2017/03/NFP-Client-Referral-Form.EN_.pdf"" target=""_blank"">referral form</a> and mailing or faxing it to the locations listed on the form. </p>"
"<ul>     <li>Call DYCD Youth Connect at <a href=""tel:1-800-246-4646"">800-246-4646</a> or <a href=""tel:646-343-6800"">646-343-6800</a> to find out how to participate.     </li>     <li>Visit the <a href=""http://www1.nyc.gov/site/dycd/services/after-school/beacon-youth-programs.page"" target=""_blank"">Beacon program website</a> for more information.     </li> </ul>","Grade-Schooler, Pre-Teen, Teen, Young Adult",NYC Department of Youth & Community Development,,Enrichment,,,,"<p>     Youth ages 6 to 17 can volunteer, join sports leagues, and get help with school at Beacon programs. Beacon programs are community centers where kids can make friends while learning skills. The program is open when school isn\u2019t: during evenings, weekends, and vacations. Centers also offer classes for adults. </p>",
"<ul>     <li>Visit the <a href=""http://www.nyc.gov/html/ocdv/html/home/home.shtml"" target=""_blank"">Mayor's Office to Combat Domestic Violence website</a> to learn more about FJCs and other services for domestic violence victims.     </li>     <li>Call the NYC Domestic Violence Hotline at <a href=""tel:800-621-4673"">800-621-4673</a> or <a href=""tel:800-810-7444"">800-810-7444</a> (if you are hearing impaired)<strong>,</strong> or call <a href=""tel:311"">311</a> and ask for the Domestic Violence Hotline.     </li>     <li>Call 911 immediately for emergencies.     </li>     <li>Call or visit a Family Justice Center:     </li> </ul> <p>     <strong>Bronx:</strong> 198 East 161st St, Bronx, NY<br>     Call: <a href=""tel:718-508-1220"">718-508-1220</a> </p> <p>     <strong>Brooklyn:</strong> 350 Jay St, Brooklyn, NY<br>     Call: <a href=""tel:718-250-5111"">718-250-5111</a> </p> <p>     <strong>Manhattan:</strong> 80 Centre St, New York, NY<br>     Call: <a href=""tel:212-602-2800"">212-602-2800</a> </p> <p>     <strong>Queens:</strong> 126-02 82nd Ave, Kew Gardens, NY<br>     Call: <a href=""tel:718-575-4545"">718-575-4545</a> </p> <p>     <a href=""http://ecdc-queens.webs.com"" target=""_blank""></a><strong>Staten Island:</strong> 126 Stuyvesant Pl, Staten Island, NY<br>     Call: <a href=""tel:718-697-4300"">718-697-4300</a> </p>",Everyone,NYC Mayor's Office to Combat Domestic Violence,<p>     <strong>Call 311</strong> </p> <p>     Ask for the Domestic Violence Hotline. </p> <p>     Call 911 if you are in danger and need immediate help. </p>,Family services,,,,"<p>     Services at the FJCs include: </p> <ul>     <li>Counseling for adults and children, and mental health services for adults     </li>     <li>Help with safety planning, housing, shelter, and other needs     </li>     <li>Legal help with orders of protection, custody, visitation, divorce, immigration, and housing matters     </li>     <li>Help filing police reports     </li>     <li>Financial services, job training, and education program referrals     </li> </ul>",
"<p>     Contact a Special Education Parent Center: </p> <p>     <strong>Bronx, Brooklyn, Manhattan, and Queens</strong><br>     INCLUDEnyc<br>     116 East. 16th St., 5th Flr, New York, NY 10003<br>     Call: <a href=""tel:212-677-4660"">212-677-4660</a> (English) <a href=""tel:212-677-4668"">212-677-4668</a> (Spanish)<br>     Email: <a href=""mailto:roverton.org"">Rich Overton</a><br>     <a href=""http://www.includenyc.org/"" target=""_blank"">Visit the website</a> </p> <p>     <strong>Staten Island</strong><br>     Parent to Parent NY, Inc.<br>     1050 Forest Hill Rd, Staten Island, NY 10314<br>     Call: <a href=""tel:718-494-4872"">718-494-4872</a> Email: <a href=""mailto:siptp.com"">State Island Parent to Parent</a><br>     <a href=""https://www.parenttoparentnyinc.org/home.html"" target=""_blank"">Visit the website</a> </p>",Everyone,NYS Department of Education,<p>     <strong>Call 311</strong> </p> <p>     Ask for Special Education Parent Centers </p>,Special needs,,,,"<p>     Special Education Parent Centers provide information and resources to families of students with disabilities. The centers can help families be more involved in their child's education, understand their child's disabilities, resolve issues with families and school districts early, and more. </p>",
"<ul>     <li>Visit the <a href=""http://www1.nyc.gov/site/hra/help/hiv-aids-services.page"" target=""_blank"">HASA website</a> to learn more about available services.     </li>     <li>Call HASA at <a href=""tel:212-971-0626"">212-971-0626</a>, or for TTY machine <a href=""tel:212-971-2731"">212-971-2731</a>, if you have questions or for more information.     </li>     <li>Visit the HASA Service Line Intake Unit at 400 Eighth Ave., 2nd Flr, New York, NY 10001, Monday - Friday, 9:00 a.m - 5:00 p.m to get help in person.     </li> </ul>",Everyone,NYC Human Resources Administration,<p>     <strong>Call 311</strong> </p> <p>     Ask for services for people with HIV or AIDS. </p>,Health,,,,<p>     HASA helps people and families living with HIV or AIDS be healthier and more independent. People with HASA are connected with a caseworker who gets them the help they need. This help includes applying for public benefits and services. </p>,"<p>     To apply, visit the HASA Service Line Intake Unit at 400 Eighth Ave., 2nd Flr, New York, NY 10001, Monday - Friday, 9:00 a.m - 5:00 p.m. </p>"
"<ul>     <li>Visit <a href=""http://nyc.gov/rentfreeze"" target=""_blank"">SCRIE website</a> to learn more about this program:     </li>     <li>         <a href=""http://www1.nyc.gov/site/finance/about/contact-by-email/contact-scrie.page"" target=""_blank"">Email SCRIE</a> for more information<br>     </li>     <li>Call <a href=""tel:311"">311</a> and ask for a SCRIE specialist or <a href=""tel:212-639-9675"">212-639-9675</a> if you have a hard time hearing     </li>     <li>Visit the SCRIE walk-in center:<br>         66 John St, 3rd Floor<br>         New York, NY, 10038<br>         Open Monday - Friday, 8:30 a.m. - 4:30 p.m.     </li> </ul>",Caregiver,NYC Department of Finance / NYC Housing Preservation and Development,<p>     <strong>Call 311</strong> </p> <p>     Ask for a SCRIE specialist. </p>,Housing,S2R015,Find the office,https://access.nyc.gov/location/scriedrie-walk-in-center/,"<p>     Senior citizens can get a rent freeze through SCRIE. If their rent goes up, people with SCRIE do not have to pay the higher rent. Instead, the City pays the landlord the difference between the current rent and the future rent. </p>","<ul>     <li>         <strong>Apply by mail:</strong> Download <a href=""https://access.nyc.gov/wp-content/uploads/2017/03/SCRIE_Application_Packet_EN.pdf"" target=""_blank"">the application</a> or pick one up from a SCRIE walk-in center. If you download, there will be two applications in the file. You only need to fill out the application for the type of housing you live in. The application for people who live in Mitchell-Lama or Redevelopment Company development housing will be the pages in the front and the application for all other qualified housing will be second.     </li>     <li>         <strong>Apply in person</strong> at the SCRIE walk-in center, if you live in housing other than Mitchell-Lama or Redevelopment Company development housing.<br>         <strong>SCRIE walk-in center</strong><strong>:</strong><br>         66 John St, 3rd Floor<br>         New York, NY 10038<br>         Open Monday - Friday, 8:30 a.m. - 4:30 p.m.     </li>     <li>         <strong>Apply by phone</strong> by calling HPD at <a href=""tel:212-863-8494"">212-863-8494</a> if you are living Mitchell-Lama or Redevelopment Company development housing.     </li> </ul> <p>     SCRIE/DRIE online applications are temporarily unavailable while we work on a new and improved application. Please use the forms or walk-in location to apply. </p>"
"<ul>     <li>Visit the <a href=""https://www.schools.nyc.gov/school-life/health-and-wellness/school-based-health-centers"" target=""_blank""><u>SBHC website</u></a> to learn about all of the available services.     </li>     <li>Email <a href=""mailto:smelendez7.nyc.gov""><u>Solluz Melendez</u></a>, School-Based Health Centers Coordinator, if you have questions about this program.     </li> </ul>","Grade-Schooler, Pre-Teen, Teen",NYC Department of Education/NYC Department of Health & Mental Hygiene,,Health,,,,<p>     Students can get easy access to health care at their school. Services include: </p> <ul>     <li>medical exams     </li>     <li>eye exams     </li>     <li>asthma screenings     </li>     <li>help with medicine     </li> </ul> <p>     Some SBHCs also offer mental health care and reproductive care for high-schoolers. </p>,"<p>     To get free health care, students must have their parents or guardians fill out and return a consent form. </p> <ul>     <li>         <a href=""http://schools.nyc.gov/NR/rdonlyres/E298C16B-55F0-4DDD-BB02-2B0524250986/170518/AttachmentD_ParentalConsentEnglish_082214_GradesPK.doc""><u>Pre-K to 8th grade</u></a> <a href=""http://schools.nyc.gov/NR/rdonlyres/E298C16B-55F0-4DDD-BB02-2B0524250986/170518/AttachmentD_ParentalConsentEnglish_082214_GradesPK.doc""><u>consent form</u></a>     </li>     <li>         <a href=""http://schools.nyc.gov/NR/rdonlyres/E298C16B-55F0-4DDD-BB02-2B0524250986/170535/AttachmentD_ParentalConsentEnglish_082214_Grades91.doc""><u>9th - 12th grade</u></a> <a href=""http://schools.nyc.gov/NR/rdonlyres/E298C16B-55F0-4DDD-BB02-2B0524250986/170535/AttachmentD_ParentalConsentEnglish_082214_Grades91.doc""><u>consent form</u></a>     </li> </ul> <p>     Students do not need to have health insurance to enroll in SBHC. If the student does have insurance, include the information on the consent form. </p>"
"<ul>     <li>Visit the <a href=""http://web.mta.info/nyct/paratran/guide.htm#aarmetrocard"" target=""_blank"">Access-A-Ride website</a> for more information.     </li>     <li>Call Access-A-Ride at <a href=""tel:877-337-2017"">877-337-2017</a> if you have questions about applying.     </li> </ul>",Everyone,NYC Metropolitan Transportation Authority,<p>     <strong>Call 311</strong> </p> <p>     Ask for Access-A-Ride. </p>,Special needs,,,,"<p>     If you have a disability that makes it hard to use accessible buses or the subway, you can apply for Access-A-Ride. AAR operates 24/7, 365 days a year, throughout the five boroughs of NYC. A vehicle, specific to your needs, will pick you up and take you to your destination. </p>","<ul>     <li>Make an appointment by calling <a href=""tel:877-337-2017"">877-337-2017</a> and pressing 1 when prompted.     </li>     <li>When you schedule your appointment, let the staff know if you need:         <ul>             <li>material in large print, Braille, or recorded format             </li>             <li>a sign language interpreter             </li>             <li>a personal care attendants to travel with you             </li>             <li>telephonic interpretation services             </li>         </ul>     </li>     <li>After you book your appointment you will get an application package in the mail, including the application, a letter about your appointment, and instructions on to schedule your free round-trip transportation to/from the assessment center.         <ul>             <li>When scheduling transportation, please say if you are traveling with a personal care attendant.             </li>         </ul>     </li>     <li>You can call <a href=""tel:877-337-2017"">877-337-2017</a> (prompt #1) if you haven't received your AAR eligibility by mail.     </li> </ul>"
"<ul>     <li>Visit the <a href=""http://www1.nyc.gov/site/dycd/services/jobs-internships/summer-youth-employment-program-syep.page"" target=""_blank"">SYEP page</a> on the DYCD website to learn more.     </li>     <li>Call DYCD Youth Connect at <a href=""tel:800-246-4646"">800-246-4646</a> for more information.     </li> </ul>","Teen, Young Adult",NYC Department of Youth & Community Development,<p>     <strong>Call 311</strong> </p> <p>     Ask for Summer Youth Employment Program assistance. </p>,Work,S2R030,Find a Community Organization,https://access.nyc.gov/locations/?&programs=6885,"<p>     If you are between the ages of 14 and 24, you can get a summer job through SYEP. There are jobs in government, museums, sports, and more. For more help, SYEP leads workshops on finding a job and understanding your finances. </p>","<ul>     <li>Apply to <a href=""https://application.nycsyep.com/"" target=""_blank"">SYEP online</a> during the application period (February - March). The application for SYEP will only be available during that time.     </li>     <li>Youth can also apply at their community-based organization.     </li>     <li>Participants are selected by lottery for the program.     </li> </ul>"
"<ul>     <li>Contact SchoolFood at <a href=""tel:718-707-4320"">718-707-4320</a> for questions about the program     </li>     <li>Visit the <a href=""http://www.schoolfoodnyc.org/OurPrograms/breakfast.htm#Saturday"" target=""_blank"">SchoolFood website</a> for more information     </li> </ul>","Pre-Schooler, Grade-Schooler, Pre-Teen",NYC Department of Education,,Food,,,,"<p>     Some schools give free meals to students in the evening and on Saturdays. Through this program, children in after school and Saturday programs can get the nutrition they need. </p>","<ul>     <li>Speak to your school\u2019s administration or call SchoolFood at <a href=""tel:718-707-4320"">718-707-4320</a> to find out if your school offers after school or Saturday meal programs     </li>     <li>Community-based organizations (CBOs) and principals should apply for an After school or Saturday Meals program on the <a href=""http://www.opt-osfns.org/osfns/Resources/SpecialPrograms/Login.aspx"" target=""_blank"">Department of Education website</a>     </li> </ul>"
"<ul>     <li>Visit the <a href=""https://www1.nyc.gov/site/hra/help/adult-protective-services.page"" target=""_blank"">APS website</a> for more information.     </li>     <li>Call APS at <a href=""tel:212-630-1853"">212-630-1853</a> if you have questions about the program.     </li>     <li>Call 911 if there is an emergency or life threatening situation and a person needs immediate help.     </li> </ul>",Caregiver,NYC Human Resources Administration,<p>     <strong>Call 311</strong> </p> <p>     Ask for Adult Protective Services. </p> <p>     <strong>Call 911</strong> </p> <p>     If there is an emergency or life threatening situation and a person needs immediate help. </p>,Family services,,,,"<p>     If you have a mental and/or physical disability that makes it hard for you to live on your own and manage your affairs, APS can help. APS's caseworkers make home visits, help you apply for benefits and services such as managing your money and healthcare, and investigate reports of abuse. </p>","<ul>     <li>If you, or someone you know needs help, you can use the <a href=""https://a069-apscris.nyc.gov/cris/"" target=""_blank"">online referral system</a>. Referrals received after 5:00 p.m or during the weekend will be processed the next business day.     </li>     <li>Call the APS intake unit at <a href=""tel:212-630-1853"">212-630-1853</a> to make a referral by phone. Referrals can also be made by calling <a href=""tel:311"">311</a> Monday - Friday, 9:00 a.m - 5:00 p.m.     </li>     <li>You can also submit a referral by <a href=""mailto:APSrefer.nyc.gov"">emailing APS</a>.     </li> </ul>"
"<ul>     <li>Visit the <a href=""http://www1.nyc.gov/site/hra/help/cash-assistance.page"" target=""_blank"">Cash Assistance website</a> to learn more about this program.     </li>     <li>Visit a <a href=""https://access.nyc.gov/locations/?programs=6859"" target=""_blank"">HRA Job Center</a> to get help in person.     </li>     <li>Call the HRA Infoline at <a href=""tel:718-557-1399"">718-557-1399</a> for more information.     </li> </ul>",Everyone,NYC Human Resources Administration,<p>     <strong>Call 311</strong><br> </p> <p>     Ask for Cash Assistance. </p>,Cash &amp; expenses,S2R010,Find an HRA Job Center,https://access.nyc.gov/locations/?programs=6859,<p>     Your family can get cash if you are in need. The funds come on a debit card that you can use at any ATM or store where EBT cards are accepted. </p>,"<ul>     <li>To apply for Cash Assistance, visit <a href=""https://access.nyc.gov/locations/?programs=6859"" target=""_blank"">a Job Center</a> near you.     </li>     <li>If you have a medical or mental health condition that prevents you from applying in person, you can call <a href=""tel:212-331-4640"">212-331-4640</a> to make arrangements to have a worker do the interview at your home.     </li>     <li>When you apply for Cash Assistance, you can also apply for SNAP, medical assistance, and Home Energy Assistance Program (HEAP) at the same location.     </li> </ul>"
"<ul>     <li>Visit the <a href=""http://www1.nyc.gov/site/acs/early-care/acs-child-care-options.page"" target=""_blank"">EarlyLearn NYC Child Care website</a> for more information.     </li>     <li>Visit an <a href=""https://access.nyc.gov/locations/?programs=6866"" target=""_blank"">EarlyLearn center near</a> you for help in person.     </li>     <li>Call <a href=""tel:311"">311</a> if you need help finding a program.     </li> </ul>","Baby, Toddler, Pre-Schooler",NYC Administration for Children's Services,<p>     <strong>Call 311</strong> </p> <p>     Ask for EarlyLearn Child Care if you need help finding a program. </p>,Child care,S2R003,Find a program,https://access.nyc.gov/locations/?programs=6866,"<p>     Your child can get free child care through EarlyLearn NYC. EarlyLearn gives your child a safe and clean place to stay during the day, with games and education, preparing your child for Pre-K. Children in EarlyLearn get healthy meals and snacks and can stay for up to 10 hours each day.<br> </p>","<ul>     <li>Use the <a href=""https://access.nyc.gov/locations/?programs=6866"" target=""_blank"">EarlyLearn NYC program finder</a> and choose a provider.     </li>     <li>Download <a href=""https://access.nyc.gov/wp-content/uploads/2018/06/Child-Care-Subsidy-ApplicationForm_EN.pdf"" target=""_blank"">the application</a>, visit the program of your choice to pick one up, or call <a href=""tel:311"">311</a> and request one be mailed to you.     </li>     <li>Complete the application and submit it with required the documents to the EarlyLearn NYC Child Care program site of your choice.     </li>     <li>If your child is approved for a seat in an EarlyLearn NYC center, ACS and the program will contact you about when your child can start attending. If your child is eligible, but the program has no vacancies, you may be placed on a waiting list.     </li>     <li>If you are receiving benefits from the Human Resources Administration (HRA) and would like to enroll in an EarlyLearn NYC program, visit <a href=""http://www.nyc.gov/html/hra/html/services/job_centers.shtml"" target=""_blank"">your assigned Job Center</a>.     </li> </ul>"
"<ul>     <li>Visit the <a href=""http://www1.nyc.gov/site/finance/benefits/landlords-sche.page"" target=""_blank"">SCHE website</a> to learn more.     </li>     <li>Call SCHE at <a href=""tel:212-639-9675"">212-NEW-YORK</a> or <a href=""tel:212-639-9675"">212-639-9675</a> (Out-of-City), or TTY <a href=""tel:212-639-9675"">212-639-9675</a> (Hearing Impaired).     </li>     <li>         <a href=""http://www1.nyc.gov/site/finance/about/contact-by-email/contact-exemptions-inquiries.page"" target=""_blank"">Email SCHE</a> for more information.     </li> </ul>",Caregiver,NYC Department of Finance,<p>     <strong>Call 311</strong> </p> <p>     Ask for Senior Citizen Homeowners' Exemption program. </p>,Cash &amp; expenses,S2R014,,,"<p>     SCHE gives property tax help to senior homeowners. It lowers the taxes of seniors who own one to three homes, condos, or coop apartments. </p>","<p>     Applications for SCHE are by mail. </p> <ul>     <li>         <a href=""https://access.nyc.gov/wp-content/uploads/2017/12/SCHE-InitialAppl_EN.pdf"" target=""_blank"">Download the initial exemption application</a> and fill it in.     </li>     <li>You will be asked provide the borough, block, and lot (BBL) for your home. You can <a href=""http://webapps.nyc.gov:8084/CICS/fin1/find001I"" target=""_blank"">use the Property Address Search</a> to determine this.     </li>     <li>Gather your required documents and include them with your application. Your application will not be processed without them.     </li>     <li>Mail your completed application and required documents to:<br>         <strong>New York City Department of Finance</strong><br>         P.O. BOX 311<br>         Maplewood, NJ 07040-031     </li>     <li>Applications must be postmarked by March 15 for your benefit to begin on July 1 in the same year.     </li> </ul>"
"<ul>     <li>Visit the <a href=""https://www.schools.nyc.gov/enrollment/enroll-grade-by-grade/middle-school"" target=""_blank"">NYC Department of Education website</a> to learn more and to research specific schools.     </li>     <li>Call <a href=""tel:718-935-2398"">718-935-2398</a> or <a href=""mailto:MSEnrollment.nyc.gov"">email the Middle School Admissions team</a> with your questions.     </li>     <li>Visit a <a href=""https://www.schools.nyc.gov/enrollment/enrollment-help/family-welcome-centers"" target=""_blank"">Family Welcome Center</a> to get help in person.     </li> </ul>","Grade-Schooler, Pre-Teen",NYC Department of Education,,Education,,,,"<p>     Middle school offers students opportunities to explore their interests, discover new subjects, and learn more about themselves. New York City students can apply to up to 12 middle school programs. </p>","<p>     To apply for admissions to a public middle school: </p> <ol>     <li>Visit <a href=""https://www.myschools.nyc"" target=""_blank"">MySchools.nyc</a> and set up your account. Speak with your school counselor if you need help.     </li>     <li>Use <a href=""https://www.myschools.nyc"" target=""_blank"">MySchools</a> to explore middle schools based on your interests, location, and more.     </li>     <li>Select up to 12 choices to add to your application in your true order of preference, and submit it by the deadline.     </li> </ol>If you just moved to NYC talk to your school counselor or visit a <a href=""https://www.schools.nyc.gov/enrollment/enrollment-help/family-welcome-centers"" target=""_blank"">Family Welcome Center</a>."
"<p>     To get referral to a pregnancy care provider </p> <ul>     <li>Call the New York State Growing Up Healthy Hotline at <a href=""tel:800-522-5006"">800-522-5006</a><a href=""https://afdcontent.gathercontent.com/item/800-522-5006""></a>     </li>     <li>Visit the <a href=""http://www.health.state.ny.us/nysdoh/perinatal/en/pcap.htm"" target=""_blank"">New York State Department of Health</a>     </li>     <li>Call the Human Resources Administration at <a href=""tel:718-557-1399"">718-557-1399</a>     </li> </ul><a href=""800-522-5006""></a>","Caregiver, Teen, Young Adult",NYS Department of Health,<p>     <strong>Call 311</strong> </p> <p>     Ask for Medicaid for Pregnant Women. </p>,Health,,Enroll in person,https://www.health.ny.gov/community/pregnancy/health_care/prenatal/apply_for_coverage.htm,<p>     This program offers complete pregnancy care and other health services to women and teens who live in New York State and meet income and residency guidelines. </p>,"<ol>     <li>         <a href=""https://www.health.ny.gov/community/pregnancy/health_care/prenatal/apply_for_coverage.htm"" target=""_blank"">Find out where you can apply</a> for Medicaid Prenatal Care Coverage.     </li>     <li>Enroll with an <a href=""https://info.nystateofhealth.ny.gov/IPANavigatorSiteLocations"" target=""_blank"">In-Person Assistor (IPA)</a> or find <a href=""https://www.health.ny.gov/community/pregnancy/health_care/prenatal/apply_for_coverage.htm"" target=""_blank"">select providers</a> near you.     </li>     <li>Call <a href=""tel:311"">311</a> to find an IPA.     </li> </ol>"
"<ul>     <li>Visit the <a href=""http://www1.nyc.gov/site/dca/consumers/get-tax-credit-information.page"" target=""_blank"">NYC Department of Consumer Affairs website</a> for more information.     </li>     <li>If you qualify, visit a <a href=""https://access.nyc.gov/locations/?programs=6875"" target=""_blank"">tax prep location</a> to get help filing your taxes in person.     </li>     <li>Call <a href=""tel:800-906-9887"">800-906-9887</a> to find the nearest Volunteer Income Tax Assistance (VITA) or Tax Counseling for the Elderly (TCE).     </li>     <li>Call <a href=""tel:311"">311</a> and ask for tax preparation assistance.     </li> </ul>",Everyone,NYC Department of Consumer Affairs / IRS,<p>     <strong>Call 311</strong> </p> <p>     Ask for Tax Preparation assistance. </p>,Cash &amp; expenses,S2R001,Find a tax prep location,https://access.nyc.gov/locations/?programs=6875,"<p>     This tax credit helps working families pay for the care of children, adult dependents, or disabled spouses. You can claim up to $3,000 in expenses for one dependent or $6,000 for more than one when you file your taxes. </p>","<ul>     <li>File online: you can <a href=""http://www1.nyc.gov/site/dca/consumers/file-your-taxes.page"" target=""_blank"">file your taxes online</a>, using one of the free sites the City recommends.     </li>     <li>File in-person: you may qualify to have your taxes prepared for free in person at one of the <a href=""https://access.nyc.gov/locations/?programs=6875"" target=""_blank"">tax prep locations near you</a>.     </li>     <li>You will need the following forms:<br>         <ul>             <li>Child and Dependent Care Expenses form: <a href=""https://access.nyc.gov/wp-content/uploads/2018/05/Form_2441.pdf"" target=""_blank"">Form 2441</a>.             </li>             <li>U.S. Individual Income Tax Return: <a href=""https://access.nyc.gov/wp-content/uploads/2018/05/Form_1040.pdf"" target=""_blank"">Form 1040</a> or <a href=""https://access.nyc.gov/wp-content/uploads/2018/05/Form_1040A.pdf"" target=""_blank"">Form 1040A</a>, or U.S. Nonresident Income Tax Return: <a href=""https://access.nyc.gov/wp-content/uploads/2018/05/Form_1040NR.pdf"" target=""_blank"">Form 1040NR</a>.             </li>             <li>If you received dependent care benefits from your employer, you must complete Part III of <a href=""https://access.nyc.gov/wp-content/uploads/2018/05/Form_2441.pdf"" target=""_blank"">Form 2441</a>.             </li>         </ul>     </li> </ul>"
"<ul>     <li>Visit the <a href=""https://www.nycservice.org/pages/pages/74"" target=""_blank""><u>Youth Leadership Council website</u></a> for more information.     </li>     <li>         <a href=""mailto:NYCYLC.nyc.gov""><u>Email the Youth Leadership Council</u></a> if you have questions about this program.     </li> </ul>","Teen, Young Adult",NYC Service,,Enrichment,,,,"<p>     Youth Leadership Councils (YLCs) give young people a chance to address policies and practices that shape the lives of New Yorkers. YLCs are hosted by City agencies, schools, and community organizations. Youth work in partnership with adults and benefit by getting community service hours, understanding how the City works, and developing personal and professional skills. </p>","<p>     Apply on the <a href=""http://nyc.gov/youthvoice"" target=""_blank""><u>YLC website</u></a>. </p>"
"<ul>     <li>Call NYC Well at <a href=""tel:1-888-692-9355"">1-888-NYC-WELL</a>, 24 hours a day, 7 days a week. This free, confidential service connects NYC residents to counselors for mental health support and help finding mental health and substance abuse services.     </li>     <li>Visit the <a href=""https://www1.nyc.gov/site/doh/health/health-topics/child-and-adolescent-mental-health-outpatient.page"" target=""_blank"">Outpatient Services website</a> for more information and available resources.     </li> </ul>",Everyone,NYC Department of Health & Mental Hygiene,,Health,,,,"<p>     Young people can get mental health care near their home. Outpatient services are available in clinics, doctors\u2019 offices, and schools. Through these services, children can get therapy, referrals, and help with medicine. </p>","<p>     Clinic treatment </p> <ul>     <li>For mental health clinics in the community, contact a clinic to make an appointment. To find clinics:         <ul>             <li>Call NYC Well at <a href=""tel:1-888-692-9355"">1-888-NYC-WELL</a>             </li>             <li>Go to the <a href=""https://my.omh.ny.gov/bi/pd/saw.dll?PortalPages"" target=""_blank"">New York State Office of Mental Health's Program Directory</a>             </li>         </ul>     </li>     <li>School-based mental health clinics: Find a clinic on the <a href=""https://www.schools.nyc.gov/school-life/health-and-wellness/mental-health"" target=""_blank"">Department of Education website</a> in the ""Get Help at Your School"" section, and contact the clinic.     </li> </ul>Day treatment program<br> <br> <ul>     <li>Make a referral to the local school district. Referrals can be made by parents or children under certain circumstances. A staff member at the school or district, a doctor, a court officer, or any agency a child may be involved with can also make referrals.     </li>     <li>For more information, contact the principal or parent coordinator of your child's school or call <a href=""tel:1-888-692-9355"">1-888-NYC-WELL</a>.     </li> </ul>"
"<ul>     <li>Visit the <a href=""https://www1.nyc.gov/site/acs/about/bridges-health.page"" target=""_blank"">Bridges to Health</a> site for more information     </li>     <li>Call the ACS Bridges to Health Unit at <a href=""tel:212-676-6406"">212-676-6406</a>     </li>     <li>Email B2H at <a href=""mailto:B2HACS.nyc.gov"">B2HACS.nyc.gov</a>     </li> </ul>","Pre-Schooler, Grade-Schooler, Pre-Teen, Teen",NYC Administration for Children\u2019s Services,"<p>     Call <a href=""tel:311"">311</a> and ask for wrap-around services for children in foster care </p>",Family services,,,,<p>     Young people with serious medical or emotional problems can get extra help from Bridges to Health (B2H). B2H is a Medicaid Waiver program for youth under the care of the Administration for Children\u2019s Services (ACS). </p>,"<p>     B2H applications are completed through a child's case-planning agency. A child's caseworker or parent should gather the necessary documentation for the selected waiver and hand-deliver or mail the application to the ACS B2H office. B2H doesn't accept electronic applications. </p> <ul>     <li>See the required documents for <a href=""http://www1.nyc.gov/assets/acs/pdf/providers/NSP_Bridges_to_Health_Check_list_2015.pdf"" target=""_blank"">B2H Close to Home</a> providers     </li>     <li>See the required documents for the <a href=""http://www1.nyc.gov/assets/acs/pdf/providers/B2H_Referral_Check_list_2014.pdf"" target=""_blank"">B2H Foster Care</a> program     </li> </ul> <p>     Visit the <a href=""https://www1.nyc.gov/site/acs/about/bridges-health.page"" target=""_blank"">B2H site</a> for the referral documents. </p>"
"<ul>     <li>Visit the <a href=""http://lyfenyc.org/"" target=""_blank"">Living for the Young Family through Education site</a> for more information     </li>     <li>Call <a href=""tel:212-609%E2%80%938520"">212-609\u20138520</a> to speak with a representative     </li>     <li>Email <a href=""mailto:lyfe.nyc.gov"">LYFE</a> with your questions     </li>     <li>Follow LYFE on <a href=""https://twitter.com/lyfenyc"" target=""_blank"">Twitter</a> or connect with LYFE on <a href=""https://www.facebook.com/lyfenyc"" target=""_blank"">Facebook</a>     </li> </ul>","Caregiver, Baby, Toddler, Pre-Schooler",NYC Department of Education/District 79,,Child care,,,,"<p>     If you are a public school student with a young child, you might be able to get free child care. LYFE offers day care and academic support to parents who are still in school. </p>","<ul>     <li>Download LYFE Enrollment Packet: <a href=""http://lyfenyc.org/wp-content/uploads/2012/08/Enrollment-Packet-Entire.pdf"" target=""_blank"">English</a>, <a href=""http://lyfenyc.org/wp-content/uploads/2012/08/Spanish.pdf"" target=""_blank"">Spanish</a>, <a href=""http://lyfenyc.org/wp-content/uploads/2012/08/Haitian-Creole.pdf"" target=""_blank"">Haitian Creole</a>, <a href=""http://lyfenyc.org/wp-content/uploads/2012/08/French.pdf"" target=""_blank"">French</a>     </li>     <li>Contact a LYFE social worker at <a href=""http://lyfenyc.org/locations/"" target=""_blank"">a location close to your home or school</a> to schedule an enrollment appointment     </li> </ul>"
"<ul>     <li>Visit the <a href=""https://www.health.ny.gov/health_care/medicaid/program/longterm/familyplanbenprog.htm"" target=""_blank"">FPBP website</a> to learn more about this program.     </li>     <li>Call FPBP at <a href=""tel:800-541-2831"">800-541-2831</a><a href=""tel:800-541-2831""></a> for more information.     </li>     <li>         <a href=""mailto:Medicaid.state.ny.us"">Email FPBP</a> if you have questions about applying.     </li>     <li>Visit a <a href=""https://www.health.ny.gov/community/pregnancy/family_planning/site_list.htm"" target=""_blank"">FPBP provider</a> to get help in person.     </li> </ul>","Caregiver, Young Adult",NYS Department of Health,<p>     <strong>Call 311</strong> </p> <p>     Ask for assistance with Family Benefit Programming Plan. </p>,Family services,S2R031,Find a location,https://access.nyc.gov/locations/?programs=6869,"<p>     This program helps New Yorkers who need family planning, but may not be able to afford it. </p> <p>     FPBP services include:<br> </p> <ul>     <li>Birth control (including birth control pills and condoms)     </li>     <li>Emergency contraception     </li>     <li>Advice about family planning     </li> </ul>","<ul>     <li>Find a <a href=""https://www.health.ny.gov/community/pregnancy/family_planning/program_sites.htm"" target=""_blank"">family planning provider</a> near you.     </li>     <li>Gather your personal documents and bring them with you to the program site.     </li>     <li>Complete the in person screening and submit the application. You can print and fill out <a href=""https://access.nyc.gov/wp-content/uploads/2017/03/FPBP_applicationinstructions_EN.pdf"" target=""_blank"">the application</a> before you go in, or complete it at the site in person.     </li> </ul>"
"<ul>     <li>Visit the <a href=""https://www.schools.nyc.gov/enrollment/enroll-grade-by-grade/kindergarten"" target=""_blank"">NYC Department of Education</a> website to learn more about the Kindergarten application process.     </li>     <li>Call <a href=""tel:718-935-2009"">718-935-2009</a> or <a href=""mailto:ESEnrollment.nyc.gov"">email the Kindergarten Admissions team</a> if you have questions about applying to Kindergarten.     </li>     <li>Visit a <a href=""https://www.schools.nyc.gov/enrollment/enrollment-help/family-welcome-centers"" target=""_blank"">Family Welcome Center</a> to get help in person.     </li> </ul>","Pre-Schooler, Grade-Schooler",NYC Department of Education,,Education,,Find a Family Welcome Center,https://www.schools.nyc.gov/enrollment/enrollment-help/family-welcome-centers,<p>     Elementary education prepares your child for success in school and life. New York City students can apply to kindergarten in the calendar year they turn five. </p>,"<p>     To apply for admission to <strong>kindergarten</strong> at NYC public schools: </p> <ol>     <li>Use <a href=""https://www.myschools.nyc/"" target=""_blank"">MySchools</a> to find programs you're interested in. You can list up to 12 choices on your application, including schools outside of your zone and district.     </li>     <li>Submit your application during the application period (November - January each year). You can apply in one of three ways:         <ul>             <li>Online through <a href=""https://www.myschools.nyc/"" target=""_blank"">MySchools</a>             </li>             <li>                 <a href=""https://www.myschools.nyc/"" target=""_blank""></a>Over the phone by calling <a href=""tel:718-935-2009"">718-935-2009</a>             </li>             <li>In-person a <a href=""https://www.schools.nyc.gov/enrollment/enrollment-help/family-welcome-centers"" target=""_blank"">Family Welcome Center</a>             </li>         </ul>     </li> </ol> <p>     Students coming from Kindergarten to 1st grade do not need to reapply for elementary school. They will automatically be enrolled in their elementary school after finishing Kindergarten.<br> </p> <p>     Students who need to enroll at a new school in grades 1-5 should register at their <a href=""https://www.schools.nyc.gov/find-a-school"" target=""_blank"">zoned school</a>. </p>"
"<ul>     <li>Visit the <a href=""https://www1.nyc.gov/site/doh/health/health-topics/pregnancy-newborn-visiting.page"" target=""_blank"">Newborn Home Visiting Program website</a> for more information.     </li>     <li>Call NHVP if you live in these neighborhoods:         <ul>             <li>North & Central Brooklyn: <a href=""tel:718-637-5230&amp;quot;"">718-637-5230</a>             </li>             <li>South Bronx: <a href=""tel:718-579-2878"">718-579-2878</a>             </li>             <li>East & Central Harlem: <a href=""tel:646-672-2894"">646-672-2894</a>             </li>         </ul>     </li> </ul>","Caregiver, Baby",NYC Department of Health & Mental Hygiene,<p>     <strong>Call 311</strong> </p> <p>     Ask for the Newborn Home Visiting Program. </p>,Family services,,,,"<p>     New mothers can get free help from the Newborn Home Visiting Program. Health workers will visit your home and can help you with breastfeeding, health information, and safety tips. The program will also connect you with community resources that can help your family. </p>","<ul>     <li>If you gave birth in a hospital where the program operates, program staff will contact you about setting up a visit.     </li>     <li>If you recently gave birth and didn\u2019t hear from anyone in the program, call <a href=""tel:311"">311</a> to find out if you qualify.     </li> </ul>"
"<ul>     <li>Visit the <a href=""https://www1.nyc.gov/site/dycd/services/after-school/schools-out-new-york-city-sonyc.page"" target=""_blank"">SONYC website</a> to learn more.     </li>     <li>Call DYCD Youth Connect at <a href=""tel:800-246-4646"">800-246-4646</a> for more information.     </li>     <li>Call or visit the afterschool program staff at your child's school for more information.     </li> </ul>","Pre-Teen, Teen",NYC Department of Youth & Community Development,,Enrichment,,,,"<p>     SONYC is an afterschool program for students in 6th, 7th, and 8th grades. SONYC activities include dance, music, sports, fashion, cooking, and more. </p>","<p>     You can use Discover DYCD to find programs in your area. To get started: </p> <ol>     <li>Go to the <a href=""http://www.dycdportal.nyc/discoverdycd/home"" target=""_blank"">Discover DYCD</a> website     </li>     <li>Click ""Show Advanced Search"" in the ""Basic Search"" box     </li>     <li>Select ""COMPASS Programs"" in the ""All Programs Box"" the a SONYC program from the ""All Sub-programs"" menu     </li> </ol> <p>     You can also enroll your child in a SONYC program, contact the program staff at your child\u2019s school. </p>"
"<ul>     <li>Visit the <a href=""http://www1.nyc.gov/site/hra/help/hiv-aids-services.page"" target=""_blank"">HASA website</a> to learn more about available services.     </li>     <li>Call HASA at <a href=""tel:212-971-0626"">212-971-0626</a>, or for TTY machine <a href=""tel:212-971-2731"">212-971-2731</a>, if you have questions or for more information.     </li>     <li>Visit the HASA Service Line Intake Unit at 400 Eighth Ave., 2nd Flr, New York, NY 10001, Monday - Friday, 9:00 a.m - 5:00 p.m to get help in person.     </li> </ul>",Everyone,NYC Human Resources Administration,<p>     <strong>Call 311</strong> </p> <p>     Ask for services for people with HIV or AIDS. </p>,Health,,,,<p>     HASA helps people and families living with HIV or AIDS be healthier and more independent. People with HASA are connected with a caseworker who gets them the help they need. This help includes applying for public benefits and services. </p>,"<p>     To apply, visit the HASA Service Line Intake Unit at 400 Eighth Ave., 2nd Flr, New York, NY 10001, Monday - Friday, 9:00 a.m - 5:00 p.m. </p>"
"<ul>     <li>Visit <a href=""http://nyc.gov/rentfreeze"" target=""_blank"">SCRIE website</a> to learn more about this program:     </li>     <li>         <a href=""http://www1.nyc.gov/site/finance/about/contact-by-email/contact-scrie.page"" target=""_blank"">Email SCRIE</a> for more information<br>     </li>     <li>Call <a href=""tel:311"">311</a> and ask for a SCRIE specialist or <a href=""tel:212-639-9675"">212-639-9675</a> if you have a hard time hearing     </li>     <li>Visit the SCRIE walk-in center:<br>         66 John St, 3rd Floor<br>         New York, NY, 10038<br>         Open Monday - Friday, 8:30 a.m. - 4:30 p.m.     </li> </ul>",Caregiver,NYC Department of Finance / NYC Housing Preservation and Development,<p>     <strong>Call 311</strong> </p> <p>     Ask for a SCRIE specialist. </p>,Housing,S2R015,Find the office,https://access.nyc.gov/location/scriedrie-walk-in-center/,"<p>     Senior citizens can get a rent freeze through SCRIE. If their rent goes up, people with SCRIE do not have to pay the higher rent. Instead, the City pays the landlord the difference between the current rent and the future rent. </p>","<ul>     <li>         <strong>Apply by mail:</strong> Download <a href=""https://access.nyc.gov/wp-content/uploads/2017/03/SCRIE_Application_Packet_EN.pdf"" target=""_blank"">the application</a> or pick one up from a SCRIE walk-in center. If you download, there will be two applications in the file. You only need to fill out the application for the type of housing you live in. The application for people who live in Mitchell-Lama or Redevelopment Company development housing will be the pages in the front and the application for all other qualified housing will be second.     </li>     <li>         <strong>Apply in person</strong> at the SCRIE walk-in center, if you live in housing other than Mitchell-Lama or Redevelopment Company development housing.<br>         <strong>SCRIE walk-in center</strong><strong>:</strong><br>         66 John St, 3rd Floor<br>         New York, NY 10038<br>         Open Monday - Friday, 8:30 a.m. - 4:30 p.m.     </li>     <li>         <strong>Apply by phone</strong> by calling HPD at <a href=""tel:212-863-8494"">212-863-8494</a> if you are living Mitchell-Lama or Redevelopment Company development housing.     </li> </ul> <p>     SCRIE/DRIE online applications are temporarily unavailable while we work on a new and improved application. Please use the forms or walk-in location to apply. </p>"
"<p>     Contact a Special Education Parent Center: </p> <p>     <strong>Bronx, Brooklyn, Manhattan, and Queens</strong><br>     INCLUDEnyc<br>     116 East. 16th St., 5th Flr, New York, NY 10003<br>     Call: <a href=""tel:212-677-4660"">212-677-4660</a> (English) <a href=""tel:212-677-4668"">212-677-4668</a> (Spanish)<br>     Email: <a href=""mailto:roverton.org"">Rich Overton</a><br>     <a href=""http://www.includenyc.org/"" target=""_blank"">Visit the website</a> </p> <p>     <strong>Staten Island</strong><br>     Parent to Parent NY, Inc.<br>     1050 Forest Hill Rd, Staten Island, NY 10314<br>     Call: <a href=""tel:718-494-4872"">718-494-4872</a> Email: <a href=""mailto:siptp.com"">State Island Parent to Parent</a><br>     <a href=""https://www.parenttoparentnyinc.org/home.html"" target=""_blank"">Visit the website</a> </p>",Everyone,NYS Department of Education,<p>     <strong>Call 311</strong> </p> <p>     Ask for Special Education Parent Centers </p>,Special needs,,,,"<p>     Special Education Parent Centers provide information and resources to families of students with disabilities. The centers can help families be more involved in their child's education, understand their child's disabilities, resolve issues with families and school districts early, and more. </p>",
"<ul>     <li>Visit the <a href=""http://www.nychealthandhospitals.org/services/child-health-pediatrics-services/"" target=""_blank""><u>NYC Health + Hospital child health website</u></a> for more information.     </li>     <li>Find a <a href=""http://www.nychealthandhospitals.org/health_care/"" target=""_blank""><u>child health center location</u></a> near you to get help in person or by phone.     </li> </ul>",Everyone,NYC Health + Hospitals,,Health,,,,"<p>     People younger than 21 can get medical care at Child Health Clinics or special clinics in hospitals. Children can get check-ups, shots, dental care, and more. Visit a Child Health Clinic to help your family stay healthy. </p>","<p>     NYC Health + Hospitals has centers across the five boroughs. Use the <a href=""http://www.nychealthandhospitals.org/health_care/"" target=""_blank""><u>location finder</u></a> to find a center close to you and call to make an appointment. </p>"
"<p>     Contact CUNY Start at your campus today </p> <p>     Borough of Manhattan Community College<br>     <a href=""mailto:cunystart.cuny.edu"">cunystart.cuny.edu</a><br>     <a href=""tel:646-346-8398"">646-346-8398</a> </p> <p>     Bronx Community College<br>     <a href=""mailto:cunystart.cuny.edu"">cunystart.cuny.edu</a><br>     <a href=""tel:718-289-5100"">718-289-5100</a> ext. 3141 </p> <p>     College of Staten Island<br>     <a href=""mailto:cunystart.cuny.edu"">cunystart.cuny.edu</a><br>     <a href=""tel:718-982-3069"">718-982-3069</a> </p> <p>     Hostos Community College<br>     <a href=""mailto:cunystart.cuny.edu"">cunystart.cuny.edu</a><br>     <a href=""tel:718-518-6851"">718-518-6851</a> </p> <p>     Kingsborough Community College<br>     <a href=""mailto:cunystart.cuny.edu"">cunystart.cuny.edu</a><br>     <a href=""tel:718-368-4500"">718-368-4500</a> </p> <p>     LaGuardia Community College<br>     <a href=""mailto:cunystart.cuny.edu"">cunystart.cuny.edu</a><br>     <a href=""tel:718-482-5137"">718-482-5137</a> </p> <p>     Medgar Evers College<br>     <a href=""mailto:cunystart.cuny.edu"">cunystart.cuny.edu</a><br>     <a href=""tel:718-270-6161"">718-270-6161</a> </p> <p>     Queensborough Community College<br>     <a href=""mailto:cunystart.cuny.edu"">cunystart.cuny.edu</a><br>     <a href=""tel:718-281-5368"">718-281-5368</a> </p> <p>     Get more information on the <a href=""http://www2.cuny.edu/academics/academic-programs/model-programs/cuny-college-transition-programs/cuny-start/about-cuny-start/"" target=""_blank"">CUNY Start website</a> </p>","Caregiver, Teen, Young Adult",The City University of New York (CUNY),,Education,,,,"<p>     For incoming students who haven't passed all their <a href=""http://www2.cuny.edu/academics/testing/"" target=""_blank"">CUNY Assessment Tests</a> and need to meet CUNY\u2019s proficiency standards, CUNY Start offers affordable help in reading, writing, and math. </p>","<p>     To enroll in CUNY Start: </p> <ul>     <li>Complete all <a href=""http://www2.cuny.edu/admissions/undergraduate/"" target=""_blank"">CUNY admissions</a> requirements and apply to a <a href=""http://www2.cuny.edu/academics/academic-programs/model-programs/cuny-college-transition-programs/cuny-start/campus-info/"" target=""_blank"">CUNY Start campus</a>     </li>     <li>Take the <a href=""http://www.cuny.edu/academics/testing.html"" target=""_blank"">CUNY Assessment Tests</a> and check your scores to see if you need extra help     </li>     <li>Go to an information session at one of the <a href=""http://www2.cuny.edu/academics/academic-programs/model-programs/cuny-college-transition-programs/cuny-start/campus-info/"" target=""_blank"">CUNY Start campuses</a>     </li>     <li>         <a href=""http://www2.cuny.edu/academics/academic-programs/model-programs/cuny-college-transition-programs/cuny-start/campus-info/""></a>Complete the online program application     </li>     <li>Interview with a CUNY Start staff member     </li>     <li>Submit a copy of your high school or high school equivalency diploma and complete any other requirements for your college     </li>     <li>Pay your $75 student fee     </li> </ul>"
"<ul>     <li>Call DYCD Youth Connect at <a href=""tel:800-246-4646"">800-246-4646</a> if you have questions about this program.     </li>     <li>Visit the <a href=""https://www1.nyc.gov/site/dycd/services/jobs-internships/out-of-school-youth-osy-program.page"" target=""_blank"">DYCD website</a> for more information.     </li> </ul>","Teen, Young Adult",NYC Department of Youth & Community Development,,Work,,,,"<p>     Train & Earn is a short-term career pathway program for low-income youth, who are not working and not in school. Train & Earn helps youth improve their job skills and find permanent work. It also provides High School Equivalency (HSE) prep and support services. </p> <p>     Youth receive up to 12 months of follow-up services after finishing the program. </p>","<p>     You can use Discover DYCD to find programs in your area. To get started: </p> <ol>     <li>Go to the <a href=""http://www.dycdportal.nyc/discoverdycd/home"" target=""_blank"">Discover DYCD</a> website.     </li>     <li>Click \u201dShow Advanced Search"" in the ""Basic Search"" box.     </li>     <li>Select ""Youth Workforce Development"" from the ""All Programs"" dropdown and an ""OSY"" program from the ""All Sub-programs"" dropdown.     </li> </ol>"
"<ul>     <li>Visit the <a href=""http://www.nyc.gov/nycitizenship"" target=""_blank"">NYCitizenship</a> website for more information.     </li>     <li>Call <a href=""tel:311"">311</a> and say ""citizenship appointment"" to receive assistance.     </li> </ul>",Everyone,NYC Mayor's Office of  Immigrant Affairs,"<p>     <strong>Call 311</strong> </p> <p>     Ask for ""Citizenship appointment\u201d to make appointments in order to receive services. </p>",Family services,,,,<p>     NYCitizenship provides free legal assistance with citizenship applications and financial counseling at select NYC public libraries and in partnership with the Department of Social Services. </p>,"<p>     To receive services, call <a href=""tel:311"">311</a> and say ""citizenship appointment""<strong>. No walk-ins.</strong><br>     Services are available at select NYC libraries. </p> <ul>     <li>         <a href=""https://www.bklynlibrary.org/learn/immigrants/citizenship"" target=""_blank""><strong>Brooklyn Public Library</strong></a>:<br>         <a href=""https://www.bklynlibrary.org/locations/eastern-parkway"" target=""_blank"">Eastern Parkway Library</a>, <a href=""https://www.bklynlibrary.org/locations/flatbush"" target=""_blank"">Flatbush Library</a>, <a href=""https://www.bklynlibrary.org/locations/kings-highway"" target=""_blank"">Kings Highway Library</a>, <a href=""https://www.bklynlibrary.org/locations/new-utrecht"" target=""_blank"">New Utrecht Library<br></a><br>     </li>     <li>         <a href=""https://www.nypl.org/help/community-outreach/nycitizenship"" target=""_blank""><strong>New York Public Library</strong></a>:<br>         <a href=""https://www.nypl.org/locations/bronx-library-center"" target=""_blank"">Bronx Library Center</a>, <a href=""https://www.nypl.org/locations/sibl"" target=""_blank"">Science Business and Industry Library- Midtown</a>, <a href=""https://www.nypl.org/locations/st-george-library-center"" target=""_blank"">St. George Library Center- Staten Island</a>, <a href=""https://www.nypl.org/locations/inwood"" target=""_blank"">Inwood Library</a>     </li> </ul> <ul>     <li>         <a href=""http://www.queenslibrary.org/services/citizenship-immigration/nycitizenship-sessions"" target=""_blank""><strong>Queens Public Library</strong></a>:<br>         <a href=""http://www.queenslibrary.org/branch/Jackson-Heights/"" target=""_blank"">Jackson Heights Library</a>, <a href=""http://www.queenslibrary.org/branch/Central-Library"" target=""_blank"">Central Library- Jamaica</a>, <a href=""http://www.queenslibrary.org/branch/Flushing"" target=""_blank"">Flushing Library</a>, <a href=""http://www.queenslibrary.org/branch/Astoria"" target=""_blank"">Astoria Library</a>     </li> </ul>"
"<ul>     <li>Visit the <a href=""http://schools.nyc.gov/ChoicesEnrollment/High/default.htm"" target=""_blank"">Department of Education website</a> to learn more about High School admissions.     </li>     <li>Call <a href=""tel:718-935-2399"">718-935-2399</a> or <a href=""mailto:HSEnrollment.nyc.gov"">email</a> if you have questions about applying to high school.     </li>     <li>Visit a <a href=""https://www.schools.nyc.gov/enrollment/enrollment-help/family-welcome-centers"" target=""_blank"">Family Welcome Center</a> to get help in person.     </li> </ul>","Pre-Teen, Teen",NYC Department of Education,,Education,,,,<p>     There are more than 700 programs at over 400 public high schools in NYC. Eighth graders and first-time 9th graders have the chance to apply for 12 programs during the high school admissions process. </p>,"<p>     To apply for admission to a public high school: </p> <ol>     <li>Visit <a href=""http://app.bronto.com/t/l?ssid=4776&amp;subscriber_id=bpoodwbawwvylbzfifslbjpsdmkzbbm&amp;delivery_id=avrbhhzshlfzjwfwzeuqyufrirybbce&amp;td=9yWbDVN0mB36O2cIzTouCQWrpk6bgx7E5xawCisi_rGgRpKUAlMuXHuiyHL09YDwRPvln_RxgubkRx7nPCNs-HHRyofj3L_p2cgoav4uaepYFKN0UTar4AP8bN6gCQkjdf32t8TAQyQYLMTtLnWEza00fLixDyBde76VmBxPDc4aMW8F1Lm8eH4Akf8gHRf-o2oVusiA5k6OGHoXWDSYADOP_TvpVZ7DwrEqi6D7HOZJNdYgYyiA8NEg"" target=""_blank"">MySchools.nyc</a> and set up your account. Speak with your school counselor if you need help. You will need your:         <ul>             <li>Student ID number             </li>             <li>Account creation code (PIN)             </li>         </ul>     </li>     <li>Use <a href=""http://app.bronto.com/t/l?ssid=4776&amp;subscriber_id=bpoodwbawwvylbzfifslbjpsdmkzbbm&amp;delivery_id=avrbhhzshlfzjwfwzeuqyufrirybbce&amp;td=9yWbDVN0mB36O2cIzTouCQWrpk6bgx7E5xawCisi_rGgRpKUAlMuXHuiyHL09YDwRPvln_RxgubkRx7nPCNs-HHRyofj3L_p2cgoav4uaepYFKN0UTar4AP8bN6gCQkjdf32t8TAQyQYLMTtLnWEza00fLixDyBde76VmBxPDc4aMW8F1Lm8eH4Akf8gHRf-o2oVusiA5k6OGHoXWDSYADOP_TvpVZ7DwrEqi6D7HOZJNdYgYyiA8NEg"" target=""_blank"">MySchools</a> to explore high school programs based on your interests, location, and more.     </li>     <li>Select up to 12 choices to add to your application in your true order of preference, and submit it by the deadline.     </li> </ol> <p>     If you just moved to NYC talk to your school counselor or visit a <a href=""https://www.schools.nyc.gov/enrollment/enrollment-help/family-welcome-centers"">Family Welcome Center</a>. </p> <p>     If you want to apply to a specialized high school, contact your guidance counselor in September to request an admissions ticket for the test. </p>"
"<ul>     <li>Visit the <a href=""https://www1.nyc.gov/site/doh/health/health-topics/children-with-special-healthcare-needs.page"" target=""_blank"">Children with Special Health Care Needs website</a> for more information     </li>     <li>For more information about finding the right medical providers and follow-ups, call <a href=""tel:347-396-4600"">347-396-4600</a>     </li>     <li>Call <a href=""tel:311"">311</a> with questions     </li> </ul>",Everyone,NYC Department of Health & Mental Hygiene,,Special needs,,,,"<p>     If your child has special medical needs, you can get help from the Children with Special Health Care Needs (CSHCN) program. CSHCN gives parents information about treatment for their children. You can get help finding health services and insurance, free or low-cost insurance referrals, and community resources. </p>",
"<ul>     <li>Visit the <a href=""http://www.nyc.gov/nycitizenship"" target=""_blank"">NYCitizenship</a> website for more information.     </li>     <li>Call <a href=""tel:311"">311</a> and say ""citizenship appointment"" to receive assistance.     </li> </ul>",Everyone,NYC Mayor's Office of  Immigrant Affairs,"<p>     <strong>Call 311</strong> </p> <p>     Ask for ""Citizenship appointment\u201d to make appointments in order to receive services. </p>",Family services,,,,<p>     NYCitizenship provides free legal assistance with citizenship applications and financial counseling at select NYC public libraries and in partnership with the Department of Social Services. </p>,"<p>     To receive services, call <a href=""tel:311"">311</a> and say ""citizenship appointment""<strong>. No walk-ins.</strong><br>     Services are available at select NYC libraries. </p> <ul>     <li>         <a href=""https://www.bklynlibrary.org/learn/immigrants/citizenship"" target=""_blank""><strong>Brooklyn Public Library</strong></a>:<br>         <a href=""https://www.bklynlibrary.org/locations/eastern-parkway"" target=""_blank"">Eastern Parkway Library</a>, <a href=""https://www.bklynlibrary.org/locations/flatbush"" target=""_blank"">Flatbush Library</a>, <a href=""https://www.bklynlibrary.org/locations/kings-highway"" target=""_blank"">Kings Highway Library</a>, <a href=""https://www.bklynlibrary.org/locations/new-utrecht"" target=""_blank"">New Utrecht Library<br></a><br>     </li>     <li>         <a href=""https://www.nypl.org/help/community-outreach/nycitizenship"" target=""_blank""><strong>New York Public Library</strong></a>:<br>         <a href=""https://www.nypl.org/locations/bronx-library-center"" target=""_blank"">Bronx Library Center</a>, <a href=""https://www.nypl.org/locations/sibl"" target=""_blank"">Science Business and Industry Library- Midtown</a>, <a href=""https://www.nypl.org/locations/st-george-library-center"" target=""_blank"">St. George Library Center- Staten Island</a>, <a href=""https://www.nypl.org/locations/inwood"" target=""_blank"">Inwood Library</a>     </li> </ul> <ul>     <li>         <a href=""http://www.queenslibrary.org/services/citizenship-immigration/nycitizenship-sessions"" target=""_blank""><strong>Queens Public Library</strong></a>:<br>         <a href=""http://www.queenslibrary.org/branch/Jackson-Heights/"" target=""_blank"">Jackson Heights Library</a>, <a href=""http://www.queenslibrary.org/branch/Central-Library"" target=""_blank"">Central Library- Jamaica</a>, <a href=""http://www.queenslibrary.org/branch/Flushing"" target=""_blank"">Flushing Library</a>, <a href=""http://www.queenslibrary.org/branch/Astoria"" target=""_blank"">Astoria Library</a>     </li> </ul>"
"<p>     Visit the <a href=""http://www2.cuny.edu/academics/academic-programs/model-programs/cuny-fatherhood-academy/#1450206886076-12e63e87-cd35"" target=""_blank""><u>CUNY Fatherhood Academy website</u></a> to learn more about the program. </p> <p>     Contact a staff member for the school you are interested in attending </p> <p>     <strong>Kingsborough Community College</strong><br>     Kirk Francis, Program Director<br>     (t) <a href=""tel:718-368-4916""><u>718-368-4916</u></a> (e) <a href=""mailto:kirk.francis.cuny.edu""><u>kirk.francis.cuny.edu</u></a> </p> <p>     <strong>Hostos Community College</strong><br>     Danielle Allen, Program Director<br>     (t) <a href=""tel:718-518-6831""><u>718-518-6831</u></a> (e) <a href=""mailto:dallen.cuny.edu""><u>dallen.cuny.edu</u></a> </p> <p>     <strong>LaGuardia Community College</strong><br>     Raheem Brooks, Program Manager<br>     (t) <a href=""tel:718-730-7337""><u>718-730-7337</u></a> (e) <a href=""mailto:rbrooks.cuny.edu""><u>rbrooks.cuny.edu</u></a> </p>","Caregiver, Young Adult",The City University of New York,,Education,,,,"<p>     The CUNY Fatherhood Academy (CFA) is a free program for young fathers or expecting fathers who are 18 to 30 years old. The CFA helps men prepare for their high school equivalency (HSE) diploma exam or get ready for college. Men can get tutoring and take workshops on parenting, job readiness, and more. </p>","<p>     To apply for the CUNY Fatherhood Academy, fill in the contact form for the college you want to take classes at. A staff member will contact you shortly to let you know when the next orientation session is. </p> <ul>     <li>Apply to <a href=""http://www.hostos.cuny.edu/Administrative-Offices/Division-of-Continuing-Education-Workforce-Develop/CFA/Orientation-Session-Application"" target=""_blank""><u>Hostos Community College</u></a>     </li>     <li>Apply to <a href=""http://www.lagcc.cuny.edu/cunyfatherhood/"" target=""_blank""><u>LaGuardia Community College</u></a>     </li>     <li>Apply to <a href=""http://cewdkbcc.com/current-programs/cuny-fatherhood-academy/application-sessions/"" target=""_blank""><u>Kingsborough Community College</u></a>     </li> </ul>"
"<ul>     <li>Visit the <a href=""https://www.schools.nyc.gov/enrollment/enroll-grade-by-grade/kindergarten"" target=""_blank"">NYC Department of Education</a> website to learn more about the Kindergarten application process.     </li>     <li>Call <a href=""tel:718-935-2009"">718-935-2009</a> or <a href=""mailto:ESEnrollment.nyc.gov"">email the Kindergarten Admissions team</a> if you have questions about applying to Kindergarten.     </li>     <li>Visit a <a href=""https://www.schools.nyc.gov/enrollment/enrollment-help/family-welcome-centers"" target=""_blank"">Family Welcome Center</a> to get help in person.     </li> </ul>","Pre-Schooler, Grade-Schooler",NYC Department of Education,,Education,,Find a Family Welcome Center,https://www.schools.nyc.gov/enrollment/enrollment-help/family-welcome-centers,<p>     Elementary education prepares your child for success in school and life. New York City students can apply to kindergarten in the calendar year they turn five. </p>,"<p>     To apply for admission to <strong>kindergarten</strong> at NYC public schools: </p> <ol>     <li>Use <a href=""https://www.myschools.nyc/"" target=""_blank"">MySchools</a> to find programs you're interested in. You can list up to 12 choices on your application, including schools outside of your zone and district.     </li>     <li>Submit your application during the application period (November - January each year). You can apply in one of three ways:         <ul>             <li>Online through <a href=""https://www.myschools.nyc/"" target=""_blank"">MySchools</a>             </li>             <li>                 <a href=""https://www.myschools.nyc/"" target=""_blank""></a>Over the phone by calling <a href=""tel:718-935-2009"">718-935-2009</a>             </li>             <li>In-person a <a href=""https://www.schools.nyc.gov/enrollment/enrollment-help/family-welcome-centers"" target=""_blank"">Family Welcome Center</a>             </li>         </ul>     </li> </ol> <p>     Students coming from Kindergarten to 1st grade do not need to reapply for elementary school. They will automatically be enrolled in their elementary school after finishing Kindergarten.<br> </p> <p>     Students who need to enroll at a new school in grades 1-5 should register at their <a href=""https://www.schools.nyc.gov/find-a-school"" target=""_blank"">zoned school</a>. </p>"
"<ul>     <li>Visit the <a href=""http://www1.nyc.gov/site/hra/help/child-support-services.page"" target=""_blank"">Child Support Services</a> website to learn more about available services.<br>         <br>     </li>     <li>Visit the <a href=""https://access.nyc.gov/locations/?programs=15014"" target=""_blank"">child support office</a> at the <a href=""http://www.nycourts.gov/courts/nyc/family/index.shtml"" target=""_blank"">Family Court</a> in your borough to get help in person.<br>         <br>     </li>     <li>If you already have a child support order, visit the child support walk-in center for help.<br>         151 West Broadway, 4th Fl.<br>         New York, NY 10013<br>         Open Monday - Friday, 8:00 a.m - 7:00 p.m.<br>         <em>Photo ID required</em>     </li> </ul> <ul>     <li>If you have questions about child support, write to the Office of Child Support Services.<br>         PO Box 830<br>         Canal Street Station<br>         New York, NY 10013     </li> </ul> <ul>     <li>For more information, call the Child Support Helpline at <a href=""tel:888-208-4485"">888-208-4485</a> (or <a href=""tel:866-875-9975"">866-875-9975</a> if you have trouble hearing).     </li> </ul>",Caregiver,NYC Human Resources Administration,<p>     <strong>Call 311</strong> </p> <p>     Ask for Child Support. </p>,Family services,,Visit an office,https://access.nyc.gov/locations/?programs=15014,"<p>     The program helps mothers, fathers, and guardians with child support. People who receive child support can get help collecting it. People who pay child support can get help finding a job. Other services are also available. </p>","<ul>     <li>         <a href=""https://access.nyc.gov/wp-content/uploads/2018/08/Child_Support_Enforcement_Form_EN.pdf"" target=""_blank"">Download and complete the child support application</a>. You only need to fill out the last 8 pages.     </li>     <li>Submit the application to your local <a href=""https://access.nyc.gov/locations/?programs=15014"" target=""_blank"">child support office</a> at the <a href=""http://www.nycourts.gov/courts/nyc/family/index.shtml"" target=""_blank"">Family Court</a> in your borough.     </li>     <li>If you\u2019re applying for or receiving cash assistance or medical assistance, you need to interview at the Office of Child Support Services to open a case.     </li>     <li>Bring as much information as you can about the child\u2019s other parent. Examples include their birthday, Social Security number, address, and employer\u2019s name. A photo is also helpful.     </li> </ul>"
"<ul>     <li>Visit the <a href=""http://www1.nyc.gov/site/nycha/section-8/about-section-8.page"" target=""_blank"">NYCHA</a> website to learn more about each program.     </li>     <li>Call NYCHA at <a href=""tel:718-707-7771"">718-707-7771</a> if you have questions about these programs.     </li>     <li>Visit a NYCHA Section 8 walk-in center:         <ul>             <li>Bronx: 478 East Fordham Rd, 2nd Flr, Bronx, NY 10458             </li>             <li>Brooklyn: 787 Atlantic Ave, 2nd Flr, Brooklyn, NY 11238             </li>         </ul>     </li> </ul>",Everyone,NYC Housing Authority,<p>     <strong>Call 311</strong><br> </p> <p>     Ask for Section 8 assistance. </p>,Housing,S2R013,,,"<p>     Section 8 helps low- and-moderate-income families rent homes. Generally, families pay no more than 40 percent of their monthly income toward their rent share. NYCHA pays the remaining amount to the owner on the family's behalf.<br> </p>","<ul>     <li>New Section 8/HCV applications are not being accepted at this time. The public will be notified when applications are being accepted again.     </li>     <li>If you previously submitted a NYCHA Section 8 application, log on to the <a href=""https://on.nyc.gov/nycha-ss"" target=""_blank"">Self-Service Portal</a> to confirm the receipt of your NYCHA application.     </li> </ul>"
"<ul>     <li>Visit the <a href=""https://www.nycservice.org/pages/pages/74"" target=""_blank""><u>Youth Leadership Council website</u></a> for more information.     </li>     <li>         <a href=""mailto:NYCYLC.nyc.gov""><u>Email the Youth Leadership Council</u></a> if you have questions about this program.     </li> </ul>","Teen, Young Adult",NYC Service,,Enrichment,,,,"<p>     Youth Leadership Councils (YLCs) give young people a chance to address policies and practices that shape the lives of New Yorkers. YLCs are hosted by City agencies, schools, and community organizations. Youth work in partnership with adults and benefit by getting community service hours, understanding how the City works, and developing personal and professional skills. </p>","<p>     Apply on the <a href=""http://nyc.gov/youthvoice"" target=""_blank""><u>YLC website</u></a>. </p>"
"<ul>     <li>Visit the <a href=""http://schools.nyc.gov/Academics/EarlyChildhood/parentfamilies/NYCELL.htm"" target=""_blank""><u>NYCELL website</u></a> for more information.     </li>     <li>         <a href=""mailto:earlychildhood.nyc.gov""><u>Email NYCELL</u></a> if you have questions about the program.     </li>     <li>Call Lynda Nicolas at <a href=""tel:212-356-3844""><u>212-356-3844</u></a> to learn more about NYCELL.     </li>     <li>Visit or call a <a href=""http://schools.nyc.gov/Academics/EarlyChildhood/parentfamilies/NYCELL.htm"" target=""_blank""><u>NYCELL site</u></a> to learn more about a specific location.     </li> </ul>",Toddler,NYC Department of Education/NYC Housing Authority,,Education,,,,"<p>     Toddlers can receive reading and speaking help with the Early Literacy Learning Program. Families in the program read out loud, get free books and toys, and go on field trips to help children develop language skills. </p>","<p>     To apply for NYCELL, contact a participating community center or call Lynda Nicolas at <a href=""tel:212-356-3844""><u>212-356-3844</u></a>. </p> <p>     <strong>Classic/Melrose Community Center</strong><strong><br></strong>286 156th Street<br>     Bronx, NY 10451<br>     <a href=""tel:718-665-1300""><u>718-665-1300</u></a> </p> <p>     <strong>New York Public Library, Inwood Branch</strong><br>     4790 Broadway<br>     New York, NY 10034<br>     <a href=""tel:212-942-2445""><u>212-942-2445</u></a> </p> <p>     <strong>King Towers Community Center</strong><br>     2 West 115th Street<br>     New York, NY 10002<br>     <a href=""tel:212-348-5721""><u>212-348-5721</u></a> </p> <p>     <strong>Sotomayor Community Center</strong><br>     1000 Rosedale Avenue<br>     Bronx, NY 10472<br>     <a href=""tel:917-243-7231""><u>917-243-7231</u></a> </p> <p>     <strong>Campos Community Center</strong><br>     611 East 13th Street<br>     New York, NY 10009<br>     <a href=""tel:212-677-1801""><u>212-677-1801</u></a> </p> <p>     <strong>Langston Hughes Senior Center</strong><br>     301 Sutter Avenue<br>     Brooklyn, NY 11212<br>     <a href=""tel:718-498-7752""><u>718-498-7752</u></a> </p>"
"<ul>     <li>Visit the <a href=""http://www.nychealthandhospitals.org/services/child-health-pediatrics-services/"" target=""_blank""><u>NYC Health + Hospital child health website</u></a> for more information.     </li>     <li>Find a <a href=""http://www.nychealthandhospitals.org/health_care/"" target=""_blank""><u>child health center location</u></a> near you to get help in person or by phone.     </li> </ul>",Everyone,NYC Health + Hospitals,,Health,,,,"<p>     People younger than 21 can get medical care at Child Health Clinics or special clinics in hospitals. Children can get check-ups, shots, dental care, and more. Visit a Child Health Clinic to help your family stay healthy. </p>","<p>     NYC Health + Hospitals has centers across the five boroughs. Use the <a href=""http://www.nychealthandhospitals.org/health_care/"" target=""_blank""><u>location finder</u></a> to find a center close to you and call to make an appointment. </p>"
"<ul>     <li>Visit the <a href=""http://www1.nyc.gov/site/hra/help/long-term-care.page"" target=""_blank"">Home Care website</a> to find out more about the different home care options.     </li>     <li>Call the HRA Office of Special Services at <a href=""tel:718-557-1399"">718-557-1399</a> to get helping finding a program.     </li>     <li>Visit a <a href=""http://www1.nyc.gov/assets/hra/downloads/pdf/services/micsa/casa_offices.pdf"" target=""_blank"">Home Care CASA office</a> to get help in person.     </li> </ul>",Caregiver,NYC Human Resources Administration,<p>     <strong>Call 311</strong> </p> <p>     Ask for Home Care Services if you need help finding a program. </p>,Health,,Find a location,http://www1.nyc.gov/assets/hra/downloads/pdf/services/micsa/casa_offices.pdf,"<p>     People who need care can get it at home instead of having to move into a nursing home or institution. There are different types of care for people with different needs. Home Care Services Program can give you a home nurse, house cleaning, physical therapy, and more. </p>","<p>     How you apply for home care programs depends on your needs. Call the HRA Office of Special Services at <a href=""tel:718-557-1399"">718-557-1399</a> or visit a <a href=""http://www1.nyc.gov/assets/hra/downloads/pdf/services/micsa/casa_offices.pdf"" target=""_blank"">Home Care CASA office</a> to find out how to apply to a program right for you and your family. </p>"
"<ul>     <li>Visit the <a href=""https://www.schools.nyc.gov/enrollment/enroll-grade-by-grade/kindergarten"" target=""_blank"">NYC Department of Education</a> website to learn more about the Kindergarten application process.     </li>     <li>Call <a href=""tel:718-935-2009"">718-935-2009</a> or <a href=""mailto:ESEnrollment.nyc.gov"">email the Kindergarten Admissions team</a> if you have questions about applying to Kindergarten.     </li>     <li>Visit a <a href=""https://www.schools.nyc.gov/enrollment/enrollment-help/family-welcome-centers"" target=""_blank"">Family Welcome Center</a> to get help in person.     </li> </ul>","Pre-Schooler, Grade-Schooler",NYC Department of Education,,Education,,Find a Family Welcome Center,https://www.schools.nyc.gov/enrollment/enrollment-help/family-welcome-centers,<p>     Elementary education prepares your child for success in school and life. New York City students can apply to kindergarten in the calendar year they turn five. </p>,"<p>     To apply for admission to <strong>kindergarten</strong> at NYC public schools: </p> <ol>     <li>Use <a href=""https://www.myschools.nyc/"" target=""_blank"">MySchools</a> to find programs you're interested in. You can list up to 12 choices on your application, including schools outside of your zone and district.     </li>     <li>Submit your application during the application period (November - January each year). You can apply in one of three ways:         <ul>             <li>Online through <a href=""https://www.myschools.nyc/"" target=""_blank"">MySchools</a>             </li>             <li>                 <a href=""https://www.myschools.nyc/"" target=""_blank""></a>Over the phone by calling <a href=""tel:718-935-2009"">718-935-2009</a>             </li>             <li>In-person a <a href=""https://www.schools.nyc.gov/enrollment/enrollment-help/family-welcome-centers"" target=""_blank"">Family Welcome Center</a>             </li>         </ul>     </li> </ol> <p>     Students coming from Kindergarten to 1st grade do not need to reapply for elementary school. They will automatically be enrolled in their elementary school after finishing Kindergarten.<br> </p> <p>     Students who need to enroll at a new school in grades 1-5 should register at their <a href=""https://www.schools.nyc.gov/find-a-school"" target=""_blank"">zoned school</a>. </p>"
"<p>     Contact CUNY Start at your campus today </p> <p>     Borough of Manhattan Community College<br>     <a href=""mailto:cunystart.cuny.edu"">cunystart.cuny.edu</a><br>     <a href=""tel:646-346-8398"">646-346-8398</a> </p> <p>     Bronx Community College<br>     <a href=""mailto:cunystart.cuny.edu"">cunystart.cuny.edu</a><br>     <a href=""tel:718-289-5100"">718-289-5100</a> ext. 3141 </p> <p>     College of Staten Island<br>     <a href=""mailto:cunystart.cuny.edu"">cunystart.cuny.edu</a><br>     <a href=""tel:718-982-3069"">718-982-3069</a> </p> <p>     Hostos Community College<br>     <a href=""mailto:cunystart.cuny.edu"">cunystart.cuny.edu</a><br>     <a href=""tel:718-518-6851"">718-518-6851</a> </p> <p>     Kingsborough Community College<br>     <a href=""mailto:cunystart.cuny.edu"">cunystart.cuny.edu</a><br>     <a href=""tel:718-368-4500"">718-368-4500</a> </p> <p>     LaGuardia Community College<br>     <a href=""mailto:cunystart.cuny.edu"">cunystart.cuny.edu</a><br>     <a href=""tel:718-482-5137"">718-482-5137</a> </p> <p>     Medgar Evers College<br>     <a href=""mailto:cunystart.cuny.edu"">cunystart.cuny.edu</a><br>     <a href=""tel:718-270-6161"">718-270-6161</a> </p> <p>     Queensborough Community College<br>     <a href=""mailto:cunystart.cuny.edu"">cunystart.cuny.edu</a><br>     <a href=""tel:718-281-5368"">718-281-5368</a> </p> <p>     Get more information on the <a href=""http://www2.cuny.edu/academics/academic-programs/model-programs/cuny-college-transition-programs/cuny-start/about-cuny-start/"" target=""_blank"">CUNY Start website</a> </p>","Caregiver, Teen, Young Adult",The City University of New York (CUNY),,Education,,,,"<p>     For incoming students who haven't passed all their <a href=""http://www2.cuny.edu/academics/testing/"" target=""_blank"">CUNY Assessment Tests</a> and need to meet CUNY\u2019s proficiency standards, CUNY Start offers affordable help in reading, writing, and math. </p>","<p>     To enroll in CUNY Start: </p> <ul>     <li>Complete all <a href=""http://www2.cuny.edu/admissions/undergraduate/"" target=""_blank"">CUNY admissions</a> requirements and apply to a <a href=""http://www2.cuny.edu/academics/academic-programs/model-programs/cuny-college-transition-programs/cuny-start/campus-info/"" target=""_blank"">CUNY Start campus</a>     </li>     <li>Take the <a href=""http://www.cuny.edu/academics/testing.html"" target=""_blank"">CUNY Assessment Tests</a> and check your scores to see if you need extra help     </li>     <li>Go to an information session at one of the <a href=""http://www2.cuny.edu/academics/academic-programs/model-programs/cuny-college-transition-programs/cuny-start/campus-info/"" target=""_blank"">CUNY Start campuses</a>     </li>     <li>         <a href=""http://www2.cuny.edu/academics/academic-programs/model-programs/cuny-college-transition-programs/cuny-start/campus-info/""></a>Complete the online program application     </li>     <li>Interview with a CUNY Start staff member     </li>     <li>Submit a copy of your high school or high school equivalency diploma and complete any other requirements for your college     </li>     <li>Pay your $75 student fee     </li> </ul>"
"<ul>     <li>Visit the <a href=""http://www1.nyc.gov/site/dycd/services/after-school/comprehensive-after-school-system-of-new-york-city-compass.page"" target=""_blank"">COMPASS website</a> to learn more.     </li>     <li>Visit the <a href=""http://www.dycdportal.nyc/discoverdycd/home"" target=""_blank"">Discover DYCD</a> website to learn more about all of the programs COMPASS NYC offers.     </li>     <li>Call DYCD Youth Connect at <a href=""tel:800-246-4646"">800-246-4646</a> for more information.     </li>     <li>Call or visit the afterschool program staff at your child\u2019s school for more information.     </li> </ul>","Grade-Schooler, Pre-Teen, Teen",NYC Department of Youth & Community Development,<p>     <strong>Call 311</strong> </p> <p>     Ask for Comprehensive After School Program assistance. </p>,Enrichment,S2R009,,,"<p>     Students can join one of hundreds of free afterschool programs in NYC through COMPASS NYC. COMPASS programs can offer homework help, sports, arts, and more. They are free and located all over the city. </p>","<ul>     <li>To enroll your child in a COMPASS NYC program, contact the afterschool program staff at your child\u2019s school.     </li>     <li>You can also use <a href=""http://www.dycdportal.nyc/discoverdycd/home"" target=""_blank"">Discover DYCD</a> with the ""afterschool"" filter to see what programs are near your home.     </li> </ul>"
"<p>     <strong>Talk to a counselor</strong> <strong>now</strong><br> </p> <ul>     <li>Call <a href=""tel:888-692-9355"">888-NYC-WELL</a> to speak with a counselor at anytime.<br>         <ul>             <li>For Spanish, press 3             </li>             <li>For Chinese, press 4             </li>         </ul>     </li>     <li>Call <a href=""tel:711"">711</a> if you need relay service for deaf or hard of hearing.     </li> </ul> <p>     <strong>Text a counselor now</strong><br> </p> <ul>     <li>Text WELL to <a href=""sms:65173"">65173</a> at anytime to communicate with a counselor. When prompted text:<br>         <ul>             <li>1 for English             </li>             <li>2 for Spanish             </li>             <li>3 for Chinese             </li>         </ul>     </li> </ul> <p>     <strong>Chat with a counselor now</strong><br> </p> <ul>     <li>Go to the <a href=""https://nycwell.cityofnewyork.us/en/get-help-now/chat-with-a-counselor-now/"" target=""_blank"">NYC Well website</a> to chat with a counselor at anytime.     </li> </ul> <p>     Visit the <a href=""https://nycwell.cityofnewyork.us/en/"" target=""_blank"">NYC Well website</a> for more information on available mental health service. </p>",Everyone,NYC Department of Health & Mental Hygiene,<p>     <strong>Call 311</strong> </p> <p>     Ask for NYC Well. </p>,Health,,,,"<p>     NYC Well is your connection to free private mental health support. You can connect to a counselor by phone, text, or chat and get help with problems like stress, depression, anxiety, or drug and alcohol misuse. </p>",
"<ul>     <li>Visit the <a href=""http://www.nycyouthhealth.org/html/index.shtml"" target=""_blank""><u>YouthHealth website</u></a> to learn more.     </li>     <li>Find a <a href=""http://www.nycyouthhealth.org/html/find-youth-services.shtml"" target=""_blank""><u>YouthHealth clinic near you</u></a> to get help in person or by phone.     </li> </ul>","Pre-Teen, Teen",NYC Health + Hospitals,,Health,,,,"<p>     Youth can get care at NYC Health + Hospitals clinics. Services include: </p> <ul>     <li>sexual and reproductive health care     </li>     <li>primary care     </li>     <li>mental health and depression help     </li>     <li>LGBTQ care     </li>     <li>healthy weight management     </li>     <li>sports physical and sports injury care     </li> </ul> <p>     Care is open to all youth, regardless of ability to pay, immigration status, disability, sexual orientation, or gender identity/expression. </p>","<p>     YouthHealth clinics are located across NYC. Use the <a href=""http://www.nycyouthhealth.org/html/find-youth-services.shtml"" target=""_blank""><u>location finder</u></a> to find a clinic close to you and call to make an appointment. </p>"
"<ul>     <li>Call DYCD Youth Connect at <a href=""tel:1-800-246-4646"">800-246-4646</a> or <a href=""tel:646-343-6800"">646-343-6800</a> to find out how to participate.     </li>     <li>Visit the <a href=""http://www1.nyc.gov/site/dycd/services/after-school/beacon-youth-programs.page"" target=""_blank"">Beacon program website</a> for more information.     </li> </ul>","Grade-Schooler, Pre-Teen, Teen, Young Adult",NYC Department of Youth & Community Development,,Enrichment,,,,"<p>     Youth ages 6 to 17 can volunteer, join sports leagues, and get help with school at Beacon programs. Beacon programs are community centers where kids can make friends while learning skills. The program is open when school isn\u2019t: during evenings, weekends, and vacations. Centers also offer classes for adults. </p>",
"<ul>     <li>Call NYC Well at <a href=""tel:1-888-692-9355"">1-888-NYC-WELL</a>, 24 hours a day, 7 days a week. This free, confidential service connects NYC residents to counselors for mental health support and help finding mental health and substance abuse services.     </li>     <li>Visit the <a href=""https://www1.nyc.gov/site/doh/health/health-topics/child-and-adolescent-mental-health-outpatient.page"" target=""_blank"">Outpatient Services website</a> for more information and available resources.     </li> </ul>",Everyone,NYC Department of Health & Mental Hygiene,,Health,,,,"<p>     Young people can get mental health care near their home. Outpatient services are available in clinics, doctors\u2019 offices, and schools. Through these services, children can get therapy, referrals, and help with medicine. </p>","<p>     Clinic treatment </p> <ul>     <li>For mental health clinics in the community, contact a clinic to make an appointment. To find clinics:         <ul>             <li>Call NYC Well at <a href=""tel:1-888-692-9355"">1-888-NYC-WELL</a>             </li>             <li>Go to the <a href=""https://my.omh.ny.gov/bi/pd/saw.dll?PortalPages"" target=""_blank"">New York State Office of Mental Health's Program Directory</a>             </li>         </ul>     </li>     <li>School-based mental health clinics: Find a clinic on the <a href=""https://www.schools.nyc.gov/school-life/health-and-wellness/mental-health"" target=""_blank"">Department of Education website</a> in the ""Get Help at Your School"" section, and contact the clinic.     </li> </ul>Day treatment program<br> <br> <ul>     <li>Make a referral to the local school district. Referrals can be made by parents or children under certain circumstances. A staff member at the school or district, a doctor, a court officer, or any agency a child may be involved with can also make referrals.     </li>     <li>For more information, contact the principal or parent coordinator of your child's school or call <a href=""tel:1-888-692-9355"">1-888-NYC-WELL</a>.     </li> </ul>"
,"Caregiver, Baby",NYC Department of Health & Mental Hygiene/NYC Administration for Children's Services,"<p>     <strong>Call 311</strong> </p> <p>     Call <a href=""tel:311"">311</a> and ask about Safe Sleep. </p>",Family services,,,,<p>     Sleeping the wrong way can be dangerous for babies. Get information on the safest way for your baby to sleep from the Safe Sleep Initiative. Low-income families may also be eligible to get a free crib. </p>,"<ul>     <li>Visit the <a href=""http://www1.nyc.gov/site/doh/health/health-topics/pregnancy-sleep-safety.page"" target=""_blank"">Safe Sleep website</a> to learn more.     </li>     <li>Call <a href=""tel:311"">311</a> for more information and find out how you can receive services.     </li> </ul>"
"<ul>     <li>Visit the <a href=""http://www.nychealthandhospitals.org/services/lgbtq-health-care-services/"" target=""_blank""><u>NYC Health + Hospitals LGBTQ Health website</u></a> to learn more.     </li>     <li>         <a href=""mailto:lgbtq.org""><u>Email NYC Health + Hospitals</u></a> for more information on LGBTQ health care services.     </li>     <li>Call NYC Health + Hospitals at <a href=""tel:212-423-7292"" target=""_blank""><u>212-423-7292</u></a> to make an appointment     </li> </ul>","Caregiver, Pre-Teen, Teen, Young Adult",NYC Health + Hospitals,,Health,,,,"<p>     LGBTQ New Yorkers can get quality health care in safe and respectful NYC Health + Hospitals centers. Services include: </p> <ul>     <li>women\u2019s and men's health     </li>     <li>transgender health, including gender affirming surgeries and hormone therapy     </li>     <li>HIV and STD prevention, screening, and treatment     </li>     <li>social work and behavioral health services     </li>     <li>primary care     </li> </ul> <p>     All staff are trained on physical, psychological, and social LGBTQ issues. </p>","<p>     To make an appointment, call NYC Health + Hospitals at <a href=""tel:212-423-7292"" target=""_blank""><u>212-423-7292</u></a> or send them an <a href=""mailto:metlgbt.org""><u>email</u></a>. </p>"
"<ul>     <li>Visit the <a href=""http://www.nycyouthhealth.org/html/index.shtml"" target=""_blank""><u>YouthHealth website</u></a> to learn more.     </li>     <li>Find a <a href=""http://www.nycyouthhealth.org/html/find-youth-services.shtml"" target=""_blank""><u>YouthHealth clinic near you</u></a> to get help in person or by phone.     </li> </ul>","Pre-Teen, Teen",NYC Health + Hospitals,,Health,,,,"<p>     Youth can get care at NYC Health + Hospitals clinics. Services include: </p> <ul>     <li>sexual and reproductive health care     </li>     <li>primary care     </li>     <li>mental health and depression help     </li>     <li>LGBTQ care     </li>     <li>healthy weight management     </li>     <li>sports physical and sports injury care     </li> </ul> <p>     Care is open to all youth, regardless of ability to pay, immigration status, disability, sexual orientation, or gender identity/expression. </p>","<p>     YouthHealth clinics are located across NYC. Use the <a href=""http://www.nycyouthhealth.org/html/find-youth-services.shtml"" target=""_blank""><u>location finder</u></a> to find a clinic close to you and call to make an appointment. </p>"
"<ul>     <li>Visit the <a href=""http://www1.nyc.gov/site/finance/benefits/landlords-sche.page"" target=""_blank"">SCHE website</a> to learn more.     </li>     <li>Call SCHE at <a href=""tel:212-639-9675"">212-NEW-YORK</a> or <a href=""tel:212-639-9675"">212-639-9675</a> (Out-of-City), or TTY <a href=""tel:212-639-9675"">212-639-9675</a> (Hearing Impaired).     </li>     <li>         <a href=""http://www1.nyc.gov/site/finance/about/contact-by-email/contact-exemptions-inquiries.page"" target=""_blank"">Email SCHE</a> for more information.     </li> </ul>",Caregiver,NYC Department of Finance,<p>     <strong>Call 311</strong> </p> <p>     Ask for Senior Citizen Homeowners' Exemption program. </p>,Cash &amp; expenses,S2R014,,,"<p>     SCHE gives property tax help to senior homeowners. It lowers the taxes of seniors who own one to three homes, condos, or coop apartments. </p>","<p>     Applications for SCHE are by mail. </p> <ul>     <li>         <a href=""https://access.nyc.gov/wp-content/uploads/2017/12/SCHE-InitialAppl_EN.pdf"" target=""_blank"">Download the initial exemption application</a> and fill it in.     </li>     <li>You will be asked provide the borough, block, and lot (BBL) for your home. You can <a href=""http://webapps.nyc.gov:8084/CICS/fin1/find001I"" target=""_blank"">use the Property Address Search</a> to determine this.     </li>     <li>Gather your required documents and include them with your application. Your application will not be processed without them.     </li>     <li>Mail your completed application and required documents to:<br>         <strong>New York City Department of Finance</strong><br>         P.O. BOX 311<br>         Maplewood, NJ 07040-031     </li>     <li>Applications must be postmarked by March 15 for your benefit to begin on July 1 in the same year.     </li> </ul>"
"<ul>     <li>Visit the <a href=""http://opportunitynycha.org/workforce-development/jobs-plus/"" target=""_blank"">Jobs Plus website</a> to learn more about the program.     </li>     <li>Call a <a href=""http://opportunitynycha.org/workforce-development/jobs-plus/"" target=""_blank"">Jobs Plus site</a> near you for questions about a specific location.     </li> </ul>","Teen, Young Adult",NYC Housing Authority,,Work,,,,"<p>     Jobs Plus is an employment program for working-age NYCHA residents. It helps participants find work and keep more of their earned income. Jobs Plus offers job-related services, help with finances, and community support. </p>","<p>     To apply for Jobs Plus, <a href=""http://opportunitynycha.org/workforce-development/jobs-plus/"" target=""_blank"">contact a site near you</a>. </p>"
"<ul>     <li>Visit the <a href=""http://www1.nyc.gov/site/acs/early-care/acs-child-care-options.page"" target=""_blank"">EarlyLearn NYC Child Care website</a> for more information.     </li>     <li>Visit an <a href=""https://access.nyc.gov/locations/?programs=6866"" target=""_blank"">EarlyLearn center near</a> you for help in person.     </li>     <li>Call <a href=""tel:311"">311</a> if you need help finding a program.     </li> </ul>","Baby, Toddler, Pre-Schooler",NYC Administration for Children's Services,<p>     <strong>Call 311</strong> </p> <p>     Ask for EarlyLearn Child Care if you need help finding a program. </p>,Child care,S2R003,Find a program,https://access.nyc.gov/locations/?programs=6866,"<p>     Your child can get free child care through EarlyLearn NYC. EarlyLearn gives your child a safe and clean place to stay during the day, with games and education, preparing your child for Pre-K. Children in EarlyLearn get healthy meals and snacks and can stay for up to 10 hours each day.<br> </p>","<ul>     <li>Use the <a href=""https://access.nyc.gov/locations/?programs=6866"" target=""_blank"">EarlyLearn NYC program finder</a> and choose a provider.     </li>     <li>Download <a href=""https://access.nyc.gov/wp-content/uploads/2018/06/Child-Care-Subsidy-ApplicationForm_EN.pdf"" target=""_blank"">the application</a>, visit the program of your choice to pick one up, or call <a href=""tel:311"">311</a> and request one be mailed to you.     </li>     <li>Complete the application and submit it with required the documents to the EarlyLearn NYC Child Care program site of your choice.     </li>     <li>If your child is approved for a seat in an EarlyLearn NYC center, ACS and the program will contact you about when your child can start attending. If your child is eligible, but the program has no vacancies, you may be placed on a waiting list.     </li>     <li>If you are receiving benefits from the Human Resources Administration (HRA) and would like to enroll in an EarlyLearn NYC program, visit <a href=""http://www.nyc.gov/html/hra/html/services/job_centers.shtml"" target=""_blank"">your assigned Job Center</a>.     </li> </ul>"
"<ul>     <li>Visit the <a href=""https://www1.nyc.gov/site/doh/health/health-topics/children-with-special-healthcare-needs.page"" target=""_blank"">Children with Special Health Care Needs website</a> for more information     </li>     <li>For more information about finding the right medical providers and follow-ups, call <a href=""tel:347-396-4600"">347-396-4600</a>     </li>     <li>Call <a href=""tel:311"">311</a> with questions     </li> </ul>",Everyone,NYC Department of Health & Mental Hygiene,,Special needs,,,,"<p>     If your child has special medical needs, you can get help from the Children with Special Health Care Needs (CSHCN) program. CSHCN gives parents information about treatment for their children. You can get help finding health services and insurance, free or low-cost insurance referrals, and community resources. </p>",
"<ul>     <li>Find <a href=""http://www.schoolfoodnyc.org/sch_search/summermeals.aspx"" target=""_blank"">Free Summer Meals locations</a>.     </li>     <li>Visit the <a href=""http://www.schoolfoodnyc.org/"" target=""_blank"">SchoolFood website</a> to find out more.     </li>     <li>Call the SchoolFood Summer meals team at <a href=""tel:718-707-4398"">718-707-4398</a> if you have questions.     </li>     <li>Call the SchoolFood\u2019s Help Desk at <a href=""tel:877-363-6325"">877-363-6325</a> if you have questions.     </li> </ul>","Grade-Schooler, Pre-Teen, Teen, Young Adult",NYC Department of Education,<p>     <strong>Call 311</strong><br> </p> <p>     Ask for Summer Meals assistance. </p>,Food,S2R023,,,"<p>     During the summer, children can get free breakfast and lunch. Locations include schools, libraries, community pools, and NYCHA buildings. There are also food trucks at some beaches, parks, and playgrounds. </p>","<p>     There is no registration required to enjoy free breakfast or lunch at one of our many <a href=""http://www.schoolfoodnyc.org/sch_search/summermeals.aspx"" target=""_blank"">community locations</a>. Children 18 years and younger just need to walk in to one of our many locations. </p>"
"<ul>     <li>Visit the <a href=""http://www.schoolfoodnyc.org/EatAtSchool/nutritionstandards.htm"" target=""_blank"">SchoolFood website</a> to learn more.     </li>     <li>Call SchoolFood Customer Information at <a href=""tel:877-363-6325"">877-363-6325</a> if you have questions about applying.     </li> </ul>","Grade-Schooler, Pre-Teen, Teen",NYC Department of Education,,Food,S2R020,,,<p>     The New York City Department of Education is pleased to announce that breakfast and lunch are completely free for all students in every New York City public school. </p>,"<ul>     <li>Applications are no longer needed to qualify for free meal benefits.     </li>     <li>Families may be asked to complete a <a href=""https://www.myschoolapps.com/Home/PickDistrict"" target=""_blank"">family income inquiry form</a> to help schools receive funding.     </li> </ul>"
"<ul>     <li>Visit the <a href=""https://www1.nyc.gov/site/dycd/services/after-school/in-school-youth-isy.page"" target=""_blank"">Learn & Earn page</a> on DYCD's website to learn more.     </li>     <li>Visit the <a href=""http://www.dycdportal.nyc/discoverdycd/home"" target=""_blank"">Discover DYCD</a> website to learn more about all of the programs Learn & Earn offers.     </li>     <li>Call DYCD Youth Connect at <a href=""tel:800-246-4646"">800-246-4646</a> for more information on Learn & Earn.     </li> </ul>","Teen, Young Adult",NYC Department of Youth & Community Development,<p>     <strong>Call 311</strong> </p> <p>     Ask for assistance with In-School Youth Employment Program. </p>,Work,S2R028,,,"<p>     High school juniors and seniors in the Learn & Earn (formerly the In-School Youth Program) program will receive assistance in career exploration, college readiness, and high school graduation. </p>","<ul>     <li>Call DYCD Youth Connect at <a href=""tel:800-246-4646"">800-246-4646</a> to apply.     </li>     <li>You can also use <a href=""http://www.dycdportal.nyc/discoverdycd/home"" target=""_blank"">Discover DYCD</a> with the ""jobs & internships"" filter to see what programs are near your home.     </li> </ul>"
"<ul>     <li>Visit <a href=""http://www1.nyc.gov/site/rentfreeze/index.page"" target=""_blank"">DRIE website</a> <a href=""http://nyc.gov/rentfreeze""></a>to learn more about this program     </li>     <li>         <a href=""http://www1.nyc.gov/site/finance/about/contact-by-email/contact-drie.page"" target=""_blank"">Email DRIE</a> for more information     </li>     <li>Call <a href=""tel:311"">311</a> and ask for a DRIE specialist or <a href=""tel:212-639-9675"">212-639-9675</a> if you have a hard time hearing     </li>     <li>Visit the DRIE walk-in center:     </li>     <li>66 John St, 3rd Floor<br>         New York, NY, 10038<br>         Open Monday - Friday, 8:30 a.m. - 4:30 p.m.     </li> </ul>",Caregiver,NYC Department of Finance / NYC Housing Preservation and Development,<p>     <strong>Call 311</strong> </p> <p>     Ask for DRIE specialists. </p>,Housing,S2R005,Find the office,https://access.nyc.gov/location/scriedrie-walk-in-center/,"<p>     DRIE provides a rent freeze to tenants with disabilities. If their rent goes up, tenants with DRIE do not have to pay the higher rate. The City pays the difference between the current and future rent. </p>","<ul>     <li>Apply by mail: <a href=""https://access.nyc.gov/wp-content/uploads/2017/03/DRIE_Application_Packet_EN.pdf"" target=""_blank"">Download the application</a> or pick one up from a DRIE walk-in center and send it and your personal documents to:<br>         New York City Department of Finance, DRIE Unit<br>         59 Maiden Ln, 22nd Floor<br>         New York, NY 10038     </li> </ul> <ul>     <li>Apply in person at the DRIE walk-in center:<br>         66 John St, 3rd Floor<br>         New York, NY 10038<br>         Open Monday - Friday, 8:30 a.m. - 4:30 p.m.     </li> </ul> <p>     SCRIE/DRIE online applications are temporarily unavailable while we work on a new and improved application. Please use the forms or walk-in location to apply. </p>"
"<ul>     <li>Call <a href=""tel:1-800-698-4543"">1-800-698-4543</a> for help applying     </li>     <li>Visit the <a href=""http://www.health.ny.gov/health_care/child_health_plus/"" target=""_blank"">NYS Department of Health website</a> for more information     </li> </ul>",Everyone,NYS Department of Health,,Health,,,,<p>     Children under 19 years old can get free or low-cost medical care through Child Health Plus and Children's Medicaid. </p>,"<ul>     <li>Apply through the <a href=""https://nystateofhealth.ny.gov/"" target=""_blank"">NYS of Health Marketplace</a>     </li>     <li>Apply at your participating <a href=""http://www.health.ny.gov/health_care/child_health_plus/where_do_i_apply.htm#comorg"" target=""_blank"">community-based organization</a>     </li>     <li>If you would like someone to assist you in applying, call <a href=""tel:1-800-698-4543"">1-800-698-4543</a> to get help from enrollers in your community     </li>     <li>If your child is blind or disabled, you must apply through the NYC Human Resources Administration by calling <a href=""tel:1-718-557-1399"">718-557-1399</a>     </li> </ul>"
"<ul>     <li>Call <a href=""tel:1-800-543-3638"">1-800-LIFENET</a> to learn more     </li>     <li>See the <a href=""https://growingupnyc.cityofnewyork.us/wp-content/uploads/2018/11/Family_Resource_Centers_Public_Information_rev_61617.pdf"" target=""_blank"">Family Resource Centers Public document</a> to locate an FRC near you     </li> </ul>",Everyone,NYC Department of Health & Mental Hygiene,,Family services,,,,"<p>     Parents and their children who have emotional, behavioral, or mental health challenges can get individual and group-based services at Family Resource Centers (FRCs). Led by people who have had similar experiences, programs include advocacy, referrals and resources, skills development, and support groups for youth and caregivers. </p>","<p>     To receive services, parents or caregivers should contact the FRC closest to them. To find the closest FRC: </p> <ul>     <li>Download the <a href=""https://growingupnyc.cityofnewyork.us/wp-content/uploads/2018/11/Family_Resource_Centers_Public_Information_rev_61617.pdf"" target=""_blank"">Family Resource Centers Public Information document</a>     </li>     <li>Visit the <a href=""https://www.naminycmetro.org/family-support-liaison-center/"" target=""_blank"">National Alliance on Mental Illness (NAMI) website</a>     </li> </ul>"
"<ul>     <li>Visit the <a href=""http://www1.nyc.gov/site/finance/benefits/landlords-sche.page"" target=""_blank"">SCHE website</a> to learn more.     </li>     <li>Call SCHE at <a href=""tel:212-639-9675"">212-NEW-YORK</a> or <a href=""tel:212-639-9675"">212-639-9675</a> (Out-of-City), or TTY <a href=""tel:212-639-9675"">212-639-9675</a> (Hearing Impaired).     </li>     <li>         <a href=""http://www1.nyc.gov/site/finance/about/contact-by-email/contact-exemptions-inquiries.page"" target=""_blank"">Email SCHE</a> for more information.     </li> </ul>",Caregiver,NYC Department of Finance,<p>     <strong>Call 311</strong> </p> <p>     Ask for Senior Citizen Homeowners' Exemption program. </p>,Cash &amp; expenses,S2R014,,,"<p>     SCHE gives property tax help to senior homeowners. It lowers the taxes of seniors who own one to three homes, condos, or coop apartments. </p>","<p>     Applications for SCHE are by mail. </p> <ul>     <li>         <a href=""https://access.nyc.gov/wp-content/uploads/2017/12/SCHE-InitialAppl_EN.pdf"" target=""_blank"">Download the initial exemption application</a> and fill it in.     </li>     <li>You will be asked provide the borough, block, and lot (BBL) for your home. You can <a href=""http://webapps.nyc.gov:8084/CICS/fin1/find001I"" target=""_blank"">use the Property Address Search</a> to determine this.     </li>     <li>Gather your required documents and include them with your application. Your application will not be processed without them.     </li>     <li>Mail your completed application and required documents to:<br>         <strong>New York City Department of Finance</strong><br>         P.O. BOX 311<br>         Maplewood, NJ 07040-031     </li>     <li>Applications must be postmarked by March 15 for your benefit to begin on July 1 in the same year.     </li> </ul>"
"<ul>     <li>Visit the <a href=""http://www1.nyc.gov/site/acs/justice/family-assessment-program.page"" target=""_blank"">FAP program website</a> for more information.     </li>     <li>Contact the FAP office by phone or in person, Monday through Friday, from 9 a.m. to 5 p.m. in their borough offices:     </li> </ul> <p>     <strong>Manhattan</strong><br>     Manhattan Family Court<br>     60 Lafayette St., 2nd Floor<br>     New York, NY 10013<br>     <a href=""tel:2123410012"">212- 341-0012</a> </p> <p>     <strong>Brooklyn</strong><br>     345 Adams St., 8th Floor<br>     Brooklyn, NY 11201<br>     <a href=""tel:7182608550"">718- 260-8550</a> or <a href=""tel:17182608508"">718- 260-8508</a> </p> <p>     <strong>Queens</strong><br>     Queens Family Court, 4th Floor<br>     151-20 Jamaica Ave.<br>     Jamaica, NY 11433<br>     <a href=""tel:7187253244"">718-725-3244</a> </p> <p>     <strong>Bronx</strong><br>     220 E. 161st St., 2nd Floor<br>     Bronx, NY 10451<br>     <a href=""tel:7185906700"">718-590-6700</a> or <a href=""tel:"">718-590-7987</a> </p> <p>     <strong>Staten Island<br></strong>350 St. Mark\u2019s Place, 5th Floor<br>     Staten Island, NY 10301<br>     <a href=""tel:7187200418"">718-720-0418</a> </p>",Everyone,NYC Administration for Children\u2019s Services,,Family services,,,,"<p>     Families can get help with everyday problems, such as children skipping school or substance use, through the Family Assessment Program (FAP). FAP helps families deal with situations without involving the courts. </p>",
"<ul>     <li>Visit the REES office at 787 Atlantic Ave., Brooklyn, NY, 11238 to get help in person.     </li>     <li>Visit the <a href=""http://opportunitynycha.org/"" target=""_blank"">Opportunity NYCHA website</a> to learn more about REES services.     </li>     <li>Call the REES hotline at <a href=""tel:718-289-8100"">718-289-8100</a><a href=""tel:718-289-8100%E2%80%8B""></a> to learn more.     </li> </ul>","Caregiver, Young Adult",NYC Housing Authority,<p>     <strong>Call 311</strong><br> </p> <p>     Ask for REES assistance. </p>,Work,S2R024,,,"<p>     REES helps NYCHA residents improve their financial futures. If you live in NYCHA housing, you can get help finding a job, taking classes, or starting a business. </p>","<ul>     <li>Information sessions are held every Tuesday and Thursday at 8:30 a.m at the Brooklyn office: 787 Atlantic Ave., Brooklyn, NY 11238.     </li>     <li>You can RSVP for an info session <a href=""http://opportunitynycha.org/events/"" target=""_blank"">online</a> or by calling the REES hotline at <a href=""tel:718-289-8100"">718-289-8100</a>.     </li> </ul>"
"<ul>     <li>Visit the <a href=""http://www1.nyc.gov/site/nycha/index.page"" target=""_blank"">NYCHA website</a> for more information.     </li>     <li>Call NYCHA at <a href=""tel:718-707-7771"">718-707-7771</a> if you have questions about public housing.     </li> </ul>",,NYC Housing Authority,<p>     <strong>Call 311</strong> </p> <p>     Ask for Public Housing. </p>,Housing,,Find a center,https://access.nyc.gov/locations/?programs=6881,<p>     People with low and moderate income can obtain affordable housing through the New York City Housing Authority (NYCHA). NYCHA has Senior and Community Centers and offers residents programs to help find work and provides education on how to manage money and finances. </p>,"<ul>     <li>To apply for public housing, you must submit an application on the <a href=""https://apply.nycha.info/"" target=""_blank"">NYCHA website</a>. Paper applications are available at the <a href=""http://www1.nyc.gov/site/nycha/about/contact.page"" target=""_blank"">NYCHA Customer Contact Center</a> for persons who are unable to apply online.     </li>     <li>After you apply, you will be given a priority code based on your information and placed on the waiting list for an eligibility interview.     </li>     <li>You can check your case status at anytime by registering and then logging into the <a href=""https://selfserve.nycha.info/eservice_enu/start.swe?SWECmd=Start&amp;SWEHo=selfserve.nycha.info"" target=""_blank"">NYCHA self-service portal</a>.     </li> </ul>"
"<ul>     <li>Visit the <a href=""http://web.mta.info/nyct/paratran/guide.htm#aarmetrocard"" target=""_blank"">Access-A-Ride website</a> for more information.     </li>     <li>Call Access-A-Ride at <a href=""tel:877-337-2017"">877-337-2017</a> if you have questions about applying.     </li> </ul>",Everyone,NYC Metropolitan Transportation Authority,<p>     <strong>Call 311</strong> </p> <p>     Ask for Access-A-Ride. </p>,Special needs,,,,"<p>     If you have a disability that makes it hard to use accessible buses or the subway, you can apply for Access-A-Ride. AAR operates 24/7, 365 days a year, throughout the five boroughs of NYC. A vehicle, specific to your needs, will pick you up and take you to your destination. </p>","<ul>     <li>Make an appointment by calling <a href=""tel:877-337-2017"">877-337-2017</a> and pressing 1 when prompted.     </li>     <li>When you schedule your appointment, let the staff know if you need:         <ul>             <li>material in large print, Braille, or recorded format             </li>             <li>a sign language interpreter             </li>             <li>a personal care attendants to travel with you             </li>             <li>telephonic interpretation services             </li>         </ul>     </li>     <li>After you book your appointment you will get an application package in the mail, including the application, a letter about your appointment, and instructions on to schedule your free round-trip transportation to/from the assessment center.         <ul>             <li>When scheduling transportation, please say if you are traveling with a personal care attendant.             </li>         </ul>     </li>     <li>You can call <a href=""tel:877-337-2017"">877-337-2017</a> (prompt #1) if you haven't received your AAR eligibility by mail.     </li> </ul>"
"<ul>     <li>Visit the <a href=""http://www1.nyc.gov/site/dycd/services/jobs-internships/summer-youth-employment-program-syep.page"" target=""_blank"">SYEP page</a> on the DYCD website to learn more.     </li>     <li>Call DYCD Youth Connect at <a href=""tel:800-246-4646"">800-246-4646</a> for more information.     </li> </ul>","Teen, Young Adult",NYC Department of Youth & Community Development,<p>     <strong>Call 311</strong> </p> <p>     Ask for Summer Youth Employment Program assistance. </p>,Work,S2R030,Find a Community Organization,https://access.nyc.gov/locations/?&programs=6885,"<p>     If you are between the ages of 14 and 24, you can get a summer job through SYEP. There are jobs in government, museums, sports, and more. For more help, SYEP leads workshops on finding a job and understanding your finances. </p>","<ul>     <li>Apply to <a href=""https://application.nycsyep.com/"" target=""_blank"">SYEP online</a> during the application period (February - March). The application for SYEP will only be available during that time.     </li>     <li>Youth can also apply at their community-based organization.     </li>     <li>Participants are selected by lottery for the program.     </li> </ul>"
"<ul>     <li>Visit the <a href=""http://www.nychealthandhospitals.org/services/lgbtq-health-care-services/"" target=""_blank""><u>NYC Health + Hospitals LGBTQ Health website</u></a> to learn more.     </li>     <li>         <a href=""mailto:lgbtq.org""><u>Email NYC Health + Hospitals</u></a> for more information on LGBTQ health care services.     </li>     <li>Call NYC Health + Hospitals at <a href=""tel:212-423-7292"" target=""_blank""><u>212-423-7292</u></a> to make an appointment     </li> </ul>","Caregiver, Pre-Teen, Teen, Young Adult",NYC Health + Hospitals,,Health,,,,"<p>     LGBTQ New Yorkers can get quality health care in safe and respectful NYC Health + Hospitals centers. Services include: </p> <ul>     <li>women\u2019s and men's health     </li>     <li>transgender health, including gender affirming surgeries and hormone therapy     </li>     <li>HIV and STD prevention, screening, and treatment     </li>     <li>social work and behavioral health services     </li>     <li>primary care     </li> </ul> <p>     All staff are trained on physical, psychological, and social LGBTQ issues. </p>","<p>     To make an appointment, call NYC Health + Hospitals at <a href=""tel:212-423-7292"" target=""_blank""><u>212-423-7292</u></a> or send them an <a href=""mailto:metlgbt.org""><u>email</u></a>. </p>"
"<ul>     <li>Visit the <a href=""http://www1.nyc.gov/site/acs/justice/family-assessment-program.page"" target=""_blank"">FAP program website</a> for more information.     </li>     <li>Contact the FAP office by phone or in person, Monday through Friday, from 9 a.m. to 5 p.m. in their borough offices:     </li> </ul> <p>     <strong>Manhattan</strong><br>     Manhattan Family Court<br>     60 Lafayette St., 2nd Floor<br>     New York, NY 10013<br>     <a href=""tel:2123410012"">212- 341-0012</a> </p> <p>     <strong>Brooklyn</strong><br>     345 Adams St., 8th Floor<br>     Brooklyn, NY 11201<br>     <a href=""tel:7182608550"">718- 260-8550</a> or <a href=""tel:17182608508"">718- 260-8508</a> </p> <p>     <strong>Queens</strong><br>     Queens Family Court, 4th Floor<br>     151-20 Jamaica Ave.<br>     Jamaica, NY 11433<br>     <a href=""tel:7187253244"">718-725-3244</a> </p> <p>     <strong>Bronx</strong><br>     220 E. 161st St., 2nd Floor<br>     Bronx, NY 10451<br>     <a href=""tel:7185906700"">718-590-6700</a> or <a href=""tel:"">718-590-7987</a> </p> <p>     <strong>Staten Island<br></strong>350 St. Mark\u2019s Place, 5th Floor<br>     Staten Island, NY 10301<br>     <a href=""tel:7187200418"">718-720-0418</a> </p>",Everyone,NYC Administration for Children\u2019s Services,,Family services,,,,"<p>     Families can get help with everyday problems, such as children skipping school or substance use, through the Family Assessment Program (FAP). FAP helps families deal with situations without involving the courts. </p>",
"<p>     Visit the <a href=""http://www2.cuny.edu/academics/academic-programs/model-programs/cuny-fatherhood-academy/#1450206886076-12e63e87-cd35"" target=""_blank""><u>CUNY Fatherhood Academy website</u></a> to learn more about the program. </p> <p>     Contact a staff member for the school you are interested in attending </p> <p>     <strong>Kingsborough Community College</strong><br>     Kirk Francis, Program Director<br>     (t) <a href=""tel:718-368-4916""><u>718-368-4916</u></a> (e) <a href=""mailto:kirk.francis.cuny.edu""><u>kirk.francis.cuny.edu</u></a> </p> <p>     <strong>Hostos Community College</strong><br>     Danielle Allen, Program Director<br>     (t) <a href=""tel:718-518-6831""><u>718-518-6831</u></a> (e) <a href=""mailto:dallen.cuny.edu""><u>dallen.cuny.edu</u></a> </p> <p>     <strong>LaGuardia Community College</strong><br>     Raheem Brooks, Program Manager<br>     (t) <a href=""tel:718-730-7337""><u>718-730-7337</u></a> (e) <a href=""mailto:rbrooks.cuny.edu""><u>rbrooks.cuny.edu</u></a> </p>","Caregiver, Young Adult",The City University of New York,,Education,,,,"<p>     The CUNY Fatherhood Academy (CFA) is a free program for young fathers or expecting fathers who are 18 to 30 years old. The CFA helps men prepare for their high school equivalency (HSE) diploma exam or get ready for college. Men can get tutoring and take workshops on parenting, job readiness, and more. </p>","<p>     To apply for the CUNY Fatherhood Academy, fill in the contact form for the college you want to take classes at. A staff member will contact you shortly to let you know when the next orientation session is. </p> <ul>     <li>Apply to <a href=""http://www.hostos.cuny.edu/Administrative-Offices/Division-of-Continuing-Education-Workforce-Develop/CFA/Orientation-Session-Application"" target=""_blank""><u>Hostos Community College</u></a>     </li>     <li>Apply to <a href=""http://www.lagcc.cuny.edu/cunyfatherhood/"" target=""_blank""><u>LaGuardia Community College</u></a>     </li>     <li>Apply to <a href=""http://cewdkbcc.com/current-programs/cuny-fatherhood-academy/application-sessions/"" target=""_blank""><u>Kingsborough Community College</u></a>     </li> </ul>"
"<ul>     <li>Call DYCD Youth Connect at <a href=""tel:1-800-246-4646""><u>1-800-246-4646</u></a> if you have questions about this program.     </li>     <li>Visit the DYCD website <a href=""https://www1.nyc.gov/site/dycd/services/reading-writing/young-adult-literacy-program.page"" target=""_blank""><u>Young Adult Literacy Program website</u></a> for more information.     </li> </ul>","Teen, Young Adult",NYC Department of Youth & Community Development,,Education,,,,"<p>     The Young Adult Literacy Program (YALP) is a free program that helps youth ages 16-24 who struggle with reading, writing, and math prepare for <a href=""http://www.acces.nysed.gov/hse/high-school-equivalency-hse""><u>high school equivalency</u></a> (HSE) classes. Participants can attend pre-HSE classes and get support at eight community-based organizations (CBOs) and eight public libraries in NYC. </p>","<p>     You can use Discover DYCD to find programs in your area. To get started:<br> </p> <ol>     <li>Go to the <a href=""http://www.dycdportal.nyc/discoverdycd/home"" target=""_blank""><u>Discover DYCD</u></a> website.     </li>     <li>Click ""Show Advanced Search"" in the ""Basic Search"" box     </li>     <li>Select ""Literacy Group"" from the ""All Programs"" dropdown and ""Young Adult Literacy Program- Pre HSE Instruction"" in the ""All Sub-programs"" dropdown     </li> </ol>"
"<ul>     <li>Visit <a href=""https://maps.nyc.gov/foodhelp/"" target=""_blank"">Foodhelp.nyc</a> for a map of food pantries and community kitchens near you.     </li>     <li>Call the Emergency Food Hotline at <a href=""tel:866-888-8777"">866-888-8777</a> for 24/7 information on locations and hours.     </li>     <li>Visit the nearest active <a href=""https://access.nyc.gov/locations/?&amp;programs=15061"" target=""_blank"">Emergency Food Assistance Program</a>.     </li> </ul>",Everyone,NYC Human Resources Administration,<p>     <strong>Call 311</strong> </p> <p>     Ask for Emergency Food Assistance Program. </p>,Food,,,,"<p>     There are two ways to get free food quickly: get groceries from a food pantry, or a cooked meal from a community kitchen. Find the closest food pantries and community kitchens by using the <a href=""https://maps.nyc.gov/foodhelp/#map-page"" target=""_blank"">Food Map</a>. </p>",
"<ul>     <li>Visit the <a href=""http://www1.nyc.gov/site/doh/health/health-topics/nurse-family-partnership.page"" target=""_blank"">NYC NFP website</a> to find out more.     </li>     <li>Call NYC NFP at <a href=""tel:646-364-0714"">646-364-0714</a> for more information.     </li> </ul>","Caregiver, Baby, Young Adult",NYC Department of Health & Mental Hygiene,<p>     <strong>Call 311</strong><br> </p> <p>     Ask for assistance with NYC Nurse-Family Partnership. </p>,Family services,S2R029,,,<p>     NYC NFP is a home visiting program for low-income women and girls who are pregnant with their first baby. Trained nurses visit you at your home regularly from pregnancy until your baby is two years old and support you to become a knowledgeable and nurturing parent. </p>,"<p>     Woman and girls can find out if they are eligible by calling your nearest location. </p> <ul>     <li>Bronx: <a href=""tel:718-536-3789"">718-536-3789</a>     </li>     <li>Brooklyn: <a href=""tel:718-257-7208"">718-257-7208</a>     </li>     <li>Manhattan: <a href=""tel:212-939-8500"">212-939-8500</a>     </li>     <li>Queens: <a href=""tel:718-480-2222"">718-480-2222</a> (east) /<a href=""tel:347-571-2792"">347-571-2792</a> (north)     </li>     <li>Staten Island: <a href=""tel:718-313-1800"">718-313-1800</a>     </li>     <li>Foster care/shelter/justice-involved: <a href=""tel:646-364-0726"">646-364-0726</a>     </li> </ul> <p>     Service providers can refer patients/clients to NFP by using the <a href=""https://access.nyc.gov/wp-content/uploads/2017/03/NFP-Client-Referral-Form.EN_.pdf"" target=""_blank"">referral form</a> and mailing or faxing it to the locations listed on the form. </p>"
"<ul>     <li>Visit the <a href=""http://www1.nyc.gov/site/finance/benefits/landlords-veterans.page"" target=""_blank"">Veterans' Exemption website</a> for more information.     </li>     <li>Visit a <a href=""http://www1.nyc.gov/site/finance/pay-now/person.page"" target=""_blank"">Department of Finance office</a> to get help in person.     </li>     <li>Call <a href=""tel:311"">311</a> and ask about Veterans' Exemption to if you have questions about the program.     </li>     <li>Get help by mailing the Department of Finance:<br>         <strong>NYC Department of Finance</strong><br>         Correspondence Unit<br>         One Centre Street, 22nd Floor<br>         New York, NY 10007     </li> </ul>",Caregiver,NYC Department of Finance,<p>     <strong>Call 311</strong> </p> <p>     Ask about Veterans' Exemption. </p>,Cash &amp; expenses,S2R018,,,"<p>     Qualified Veterans, spouses or their un-remarried surviving spouses; parents of soldiers who died in the line of duty (Gold Star parent) can get a reduction to their property tax. </p>","<ul>     <li>Apply by mail: <a href=""https://access.nyc.gov/wp-content/uploads/2017/12/VeteransExemption-InitialAppl_EN.pdf"" target=""_blank"">Download the initial exemption application</a> form and mail it to:<br>         New York City Department of Finance<br>         P.O.BOX 311 Maplewood<br>         NJ 07040-0311     </li> </ul> <ul>     <li>You need to submit copies of all the required documents (DD-214 or separation papers; disability rating) with your application. Missing documents will cause delays in processing your application.<br>         <br>     </li>     <li>Your completed application and all required documents must be postmarked by March 15 (or the next business day if March 15 is on a weekend) for your exemption to begin on July 1 in the same year.     </li> </ul>"
"<p>     Visit the <a href=""http://www1.nyc.gov/site/doh/health/health-topics/health-bucks.page"" target=""_blank"">Health Bucks website</a> for more information </p>",Caregiver,NYC Department of Health & Mental Hygiene,,Food,,,,"<p>     If you get SNAP (Supplemental Nutrition Assistance Program) benefits, you can get extra money for fruits and vegetables when you shop at a farmer\u2019s market. Every time you spend $5 of your SNAP benefits at a <a href=""https://www1.nyc.gov/assets/doh/downloads/pdf/cdp/farmers-market-map.pdf"" target=""_blank"">farmer\u2019s market in NYC</a>, you will get a $2 coupon that you can spend on fruits and vegetables. </p>",
"<ul>     <li>Visit the <a href=""http://www.ny.gov/services/get-unemployment-assistance"" target=""_blank"">NYS Unemployment Insurance website</a> for more information.     </li>     <li>Call <a href=""tel:888-469-7365"">888-469-7365</a> if you have questions about unemployment benefits.     </li>     <li>         <a href=""https://www.labor.ny.gov/secure/contact/"" target=""_blank"">Email NYS unemployment</a> to get more information.     </li> </ul>","Caregiver, Young Adult",NYS Department of Labor,<p>     <strong>Call 311</strong><br> </p> <p>     Ask for New York State Unemployment Insurance assistance. </p>,Cash &amp; expenses,S2R021,,,"<p>     If you lost your job and it was not your fault, you might be able to get unemployment insurance. Unemployment insurance will give you some money, based on what you earned. To get insurance, you must be looking for a new job. </p>","<p>     To file for unemployment online: </p> <ol>     <li>Create an account on <a href=""https://applications.labor.ny.gov/IndividualReg/?TYPE=33554433&amp;REALMOID=06-b0d30d94-a224-104a-b476-839b26b50cb3&amp;GUID=&amp;SMAUTHREASON=0&amp;METHOD=GET&amp;SMAGENTNAME=%24SM%24ThT5WVUR1XkGiy4UhP34jv09ppEYsY5V%2b%2bhuQYmYxeVseon5yi64QNm3b%2fN7fNeC&amp;TARGET=%24SM%24HTTPS%3a%2f%2fapplications%2elabor%2eny%2egov%2fIndividual%2f"" target=""_blank"">NY.gov</a>.         <ol>             <li>                 <a href=""http://www.labor.ny.gov/ui/claimantinfo/sign-in-faq.shtm"" target=""_blank"">Learn more</a> about how to get a NY.gov ID.             </li>         </ol>     </li>     <li>Login with your new NY.gov ID.     </li>     <li>Follow the instructions to file a claim.     </li>     <li>Submit your application.     </li>     <li>The Department of Labor will evaluate your claim for UI benefits and decide if you qualify.     </li>     <li>You can only file online during the following times:         <ol>             <li>Monday - Thursday: 7:30 a.m - 7:30 p.m             </li>             <li>Friday: 7:30 a.m - 5:00 p.m.             </li>             <li>Weekends: Saturday 12:00 a.m - Sunday 7:00 p.m.             </li>         </ol>     </li> </ol> <p>     You may also apply over the phone by calling the NYS Department of Labor at <a href=""tel:888-209-8124"">888-209-8124</a>, Monday \u2013 Friday, 8:00 a.m - 5:00 p.m. </p>"
"<ul>     <li>Visit the <a href=""http://www1.nyc.gov/site/dca/consumers/get-tax-credit-information.page"" target=""_blank"">NYC Department of Consumer Affairs website</a> for more information.     </li>     <li>If you qualify, visit a <a href=""https://access.nyc.gov/locations/?programs=6868"" target=""_blank"">tax prep location</a> to get help filing your taxes in person.     </li>     <li>Call <a href=""tel:800-906-9887"">800-906-9887</a> to find the nearest Volunteer Income Tax Assistance (VITA) or Tax Counseling for the Elderly (TCE).     </li>     <li>Call <a href=""tel:%20311"">311</a> and ask for tax preparation assistance.     </li> </ul>",Caregiver,NYC Department of Consumer Affairs / IRS,<p>     <strong>Call 311</strong> </p> <p>     Ask for tax preparation assistance. </p>,Cash &amp; expenses,S2R006,Find a tax prep location,https://access.nyc.gov/locations/?programs=6868,"<p>     EITC can provide a tax refund of up to $8,463 (combined federal, state and City). The credit is meant for low- to moderate-income working individuals and couples, particularly those with children. You claim the credit when you file your taxes. </p>","<ul>     <li>File online: you can <a href=""http://www1.nyc.gov/site/dca/consumers/file-your-taxes.page"" target=""_blank"">file your taxes online</a>, using one of the free sites the City recommends.     </li>     <li>File in-person: you may qualify to have your taxes prepared for free in person at one of the <a href=""https://access.nyc.gov/locations/?programs=6868"" target=""_blank"">tax prep locations near you</a>.     </li>     <li>To claim your EITC you must file your federal and state tax returns during tax season.     </li>     <li>You will need the following forms:         <ul>             <li>                 <a href=""https://access.nyc.gov/wp-content/uploads/2018/05/Schedule-EIC.pdf"" target=""_blank"">Schedule EIC</a> for the federal return If you have a child             </li>             <li>                 <a href=""https://access.nyc.gov/wp-content/uploads/2018/05/IT_215I_FillIn.pdf"" target=""_blank"">Form IT-215</a> for the New York State credit, and             </li>             <li>                 <a href=""https://access.nyc.gov/wp-content/uploads/2018/05/InstructionsForm-for-IT-215-WorksheetC.pdf"" target=""_blank"">Worksheet C in the Instructions Form for IT-215</a> for the New York City credit             </li>         </ul>     </li> </ul>"
"<ul>     <li>Call DYCD Youth Connect at <a href=""tel:1-800-246-4646"">1-800-246-4646</a> if you have questions about Cornerstone programs     </li>     <li>Visit the <a href=""http://www1.nyc.gov/site/dycd/services/after-school/cornerstone.page"" target=""_blank"">Cornerstone Programs website</a> for more information     </li> </ul>","Caregiver, Grade-Schooler, Pre-Teen, Teen, Young Adult",NYC Department of Youth & Community Development,,Enrichment,,,,"<p>     Cornerstone Programs offer NYCHA residents opportunities for fun, learning, and support. Programs for youth and adults include: </p> <ul>     <li>tutoring     </li>     <li>college prep     </li>     <li>English for speakers of other languages and high school equivalency classes     </li>     <li>workforce development     </li>     <li>family relationship workshops     </li>     <li>recreation, dance, and music classes     </li>     <li>tenant education and advocacy     </li> </ul> <p>     Programs are located at 94 NYCHA Community Centers throughout the five boroughs. </p>","<p>     You can use Discover DYCD to find programs in your area. To get started: </p> <ol>     <li>Go to the <a href=""http://www.dycdportal.nyc/discoverdycd/home"" target=""_blank"">Discover DYCD</a> website.     </li>     <li>Click ""Show Advanced Search"" in the ""Basic Search"" box     </li>     <li>Select ""Cornerstone"" from the ""All Programs"" dropdown     </li> </ol>"
"<ul>     <li>Visit the <a href=""https://www.schools.nyc.gov/school-life/health-and-wellness/school-based-health-centers"" target=""_blank""><u>SBHC website</u></a> to learn about all of the available services.     </li>     <li>Email <a href=""mailto:smelendez7.nyc.gov""><u>Solluz Melendez</u></a>, School-Based Health Centers Coordinator, if you have questions about this program.     </li> </ul>","Grade-Schooler, Pre-Teen, Teen",NYC Department of Education/NYC Department of Health & Mental Hygiene,,Health,,,,<p>     Students can get easy access to health care at their school. Services include: </p> <ul>     <li>medical exams     </li>     <li>eye exams     </li>     <li>asthma screenings     </li>     <li>help with medicine     </li> </ul> <p>     Some SBHCs also offer mental health care and reproductive care for high-schoolers. </p>,"<p>     To get free health care, students must have their parents or guardians fill out and return a consent form. </p> <ul>     <li>         <a href=""http://schools.nyc.gov/NR/rdonlyres/E298C16B-55F0-4DDD-BB02-2B0524250986/170518/AttachmentD_ParentalConsentEnglish_082214_GradesPK.doc""><u>Pre-K to 8th grade</u></a> <a href=""http://schools.nyc.gov/NR/rdonlyres/E298C16B-55F0-4DDD-BB02-2B0524250986/170518/AttachmentD_ParentalConsentEnglish_082214_GradesPK.doc""><u>consent form</u></a>     </li>     <li>         <a href=""http://schools.nyc.gov/NR/rdonlyres/E298C16B-55F0-4DDD-BB02-2B0524250986/170535/AttachmentD_ParentalConsentEnglish_082214_Grades91.doc""><u>9th - 12th grade</u></a> <a href=""http://schools.nyc.gov/NR/rdonlyres/E298C16B-55F0-4DDD-BB02-2B0524250986/170535/AttachmentD_ParentalConsentEnglish_082214_Grades91.doc""><u>consent form</u></a>     </li> </ul> <p>     Students do not need to have health insurance to enroll in SBHC. If the student does have insurance, include the information on the consent form. </p>"
"<ul>     <li>Visit the <a href=""http://www1.nyc.gov/site/dca/consumers/get-tax-credit-information.page"" target=""_blank"">NYC Department of Consumer Affairs website</a> for more information.     </li>     <li>If you qualify, visit a <a href=""https://access.nyc.gov/locations/?programs=6909"" target=""_blank"">tax prep location</a> to get help filing your taxes in person.     </li>     <li>Call <a href=""tel:800-906-9887"">800-906-9887</a> to find the nearest Volunteer Income Tax Assistance (VITA) or Tax Counseling for the Elderly (TCE).     </li>     <li>Call <a href=""tel:311"">311</a> and ask for tax preparation assistance.     </li> </ul>","Caregiver, Teen, Young Adult",NYC Department of Consumer Affairs,<p>     <strong>Call 311</strong> </p> <p>     Ask for tax preparation assistance. </p>,Cash &amp; expenses,,Find a tax prep location,https://access.nyc.gov/locations/?programs=6909,"<p>     If you earned $66,000 or less last tax year, the City can help you file your taxes for free. You can file online or, if you make under $54,000, you can file in person. </p>","<ul>     <li>File online: you can <a href=""http://www1.nyc.gov/site/dca/consumers/file-your-taxes.page"" target=""_blank"">file your taxes online</a>, using one of the free sites the City recommends.     </li>     <li>File in person: you may qualify to have your taxes prepared for free in person at one of the <a href=""https://access.nyc.gov/locations/?programs=6909"" target=""_blank"">tax prep locations</a> near you.     </li> </ul>"
"<ul>     <li>Visit the <a href=""http://www1.nyc.gov/site/hra/help/cash-assistance.page"" target=""_blank"">Cash Assistance website</a> to learn more about this program.     </li>     <li>Visit a <a href=""https://access.nyc.gov/locations/?programs=6859"" target=""_blank"">HRA Job Center</a> to get help in person.     </li>     <li>Call the HRA Infoline at <a href=""tel:718-557-1399"">718-557-1399</a> for more information.     </li> </ul>",Everyone,NYC Human Resources Administration,<p>     <strong>Call 311</strong><br> </p> <p>     Ask for Cash Assistance. </p>,Cash &amp; expenses,S2R010,Find an HRA Job Center,https://access.nyc.gov/locations/?programs=6859,<p>     Your family can get cash if you are in need. The funds come on a debit card that you can use at any ATM or store where EBT cards are accepted. </p>,"<ul>     <li>To apply for Cash Assistance, visit <a href=""https://access.nyc.gov/locations/?programs=6859"" target=""_blank"">a Job Center</a> near you.     </li>     <li>If you have a medical or mental health condition that prevents you from applying in person, you can call <a href=""tel:212-331-4640"">212-331-4640</a> to make arrangements to have a worker do the interview at your home.     </li>     <li>When you apply for Cash Assistance, you can also apply for SNAP, medical assistance, and Home Energy Assistance Program (HEAP) at the same location.     </li> </ul>"
"<ul>     <li>Visit the <a href=""http://www.ny.gov/services/get-unemployment-assistance"" target=""_blank"">NYS Unemployment Insurance website</a> for more information.     </li>     <li>Call <a href=""tel:888-469-7365"">888-469-7365</a> if you have questions about unemployment benefits.     </li>     <li>         <a href=""https://www.labor.ny.gov/secure/contact/"" target=""_blank"">Email NYS unemployment</a> to get more information.     </li> </ul>","Caregiver, Young Adult",NYS Department of Labor,<p>     <strong>Call 311</strong><br> </p> <p>     Ask for New York State Unemployment Insurance assistance. </p>,Cash &amp; expenses,S2R021,,,"<p>     If you lost your job and it was not your fault, you might be able to get unemployment insurance. Unemployment insurance will give you some money, based on what you earned. To get insurance, you must be looking for a new job. </p>","<p>     To file for unemployment online: </p> <ol>     <li>Create an account on <a href=""https://applications.labor.ny.gov/IndividualReg/?TYPE=33554433&amp;REALMOID=06-b0d30d94-a224-104a-b476-839b26b50cb3&amp;GUID=&amp;SMAUTHREASON=0&amp;METHOD=GET&amp;SMAGENTNAME=%24SM%24ThT5WVUR1XkGiy4UhP34jv09ppEYsY5V%2b%2bhuQYmYxeVseon5yi64QNm3b%2fN7fNeC&amp;TARGET=%24SM%24HTTPS%3a%2f%2fapplications%2elabor%2eny%2egov%2fIndividual%2f"" target=""_blank"">NY.gov</a>.         <ol>             <li>                 <a href=""http://www.labor.ny.gov/ui/claimantinfo/sign-in-faq.shtm"" target=""_blank"">Learn more</a> about how to get a NY.gov ID.             </li>         </ol>     </li>     <li>Login with your new NY.gov ID.     </li>     <li>Follow the instructions to file a claim.     </li>     <li>Submit your application.     </li>     <li>The Department of Labor will evaluate your claim for UI benefits and decide if you qualify.     </li>     <li>You can only file online during the following times:         <ol>             <li>Monday - Thursday: 7:30 a.m - 7:30 p.m             </li>             <li>Friday: 7:30 a.m - 5:00 p.m.             </li>             <li>Weekends: Saturday 12:00 a.m - Sunday 7:00 p.m.             </li>         </ol>     </li> </ol> <p>     You may also apply over the phone by calling the NYS Department of Labor at <a href=""tel:888-209-8124"">888-209-8124</a>, Monday \u2013 Friday, 8:00 a.m - 5:00 p.m. </p>"
"<ul>     <li>Visit the Senior Employment Services office at 2 Lafayette St., 6th Flr, New York, NY 10007 for help in person.     </li>     <li>Visit the <a href=""http://www1.nyc.gov/site/dfta/services/senior-employment.page"" target=""_blank"">SES website</a> for more information.     </li>     <li>Call <a href=""tel:311"">311</a> and ask for the Senior Employment Services program to learn more.     </li> </ul>",Caregiver,NYC Department of Aging,<p>     <strong>Call 311</strong> </p> <p>     Ask for the Senior Employment Services program. </p>,Work,S2R025,,,"<p>     SES helps seniors prepare for and find work while paying them. SES trains seniors to use computers, look for work, and write resumes. Career counselors are also there to give advice. </p>","<ul>     <li>Download and complete the <a href=""https://access.nyc.gov/wp-content/uploads/2017/03/Senior_Employment_Services_Form.pdf"" target=""_blank"">Employment Assistance Services Form.</a>     </li>     <li>Bring the application to the NYC Department of Aging or mail the application to:<br>         Senior Employment Unit/SCSEP-Title V Program<br>         New York City Department for the Aging<br>         2 Lafayette St.<br>         New York, NY 10007     </li> </ul>"
"<ul>     <li>Visit a <a href=""http://www1.nyc.gov/site/finance/pay-now/person.page"" target=""_blank"">Department of Finance Business Center</a> (Monday - Friday, 8:30 a.m - 4:30 p.m) to get help in person.     </li>     <li>Visit the <a href=""http://www1.nyc.gov/site/finance/benefits/landlords-dhe.page"" target=""_blank"">DHE website</a> to learn more.     </li>     <li>Call DHE at <a href=""tel:212-639-9675"">212-NEW-YORK</a>, or <a href=""tel:212-639-9675"">212-639-9675</a> (out-of-City), or TTY <a href=""tel:212-639-9675"">212-639-9675</a> (hearing impaired).     </li>     <li>         <a href=""http://www1.nyc.gov/site/finance/about/contact-by-email/contact-exemptions-inquiries.page"" target=""_blank"">Email DHE</a> for more information.     </li> </ul>",Caregiver,NYC Department of Finance,<p>     <strong>Call 311</strong><br> </p> <p>     Ask for Disabled Homeowners' Exemption assistance. </p>,Cash &amp; expenses,S2R017,Find a center,http://www1.nyc.gov/site/finance/pay-now/person.page,<p>     People with disabilities who own homes can get property tax lowered on their primary residence through DHE. The reduction is from five percent of their tax to half of it. How much the tax is reduced depends on how much the family earns. </p>,"<ul>     <li>Download and complete the <a href=""https://access.nyc.gov/wp-content/uploads/2017/12/DHE-InitialAppl_EN.pdf"" target=""_blank"">initial exemption application</a>. You can also contact <a href=""tel:311"">311</a> for an application to be mailed to you.     </li>     <li>You will be asked provide the borough, block, and lot (BBL) for your home. You can <a href=""http://webapps.nyc.gov:8084/CICS/fin1/find001I"" target=""_blank"">use the Property Address Search</a> to determine this.     </li>     <li>Gather your required documents and include them with your application. Your application will not be processed without them.     </li>     <li>Mail your completed application and required documents to:<br>         New York City Department of Finance<br>         P.O.BOX 311<br>         Maplewood, NJ 07040-031     </li>     <li>Applications must be postmarked by March 15th for benefits to begin on July 1st each year     </li>     <li>You can also apply in person at a <a href=""http://www1.nyc.gov/site/finance/pay-now/person.page"" target=""_blank"">Department of Finance Business Center</a>.     </li> </ul>"
"<ul>     <li>Visit the <a href=""http://nyc.gov/3k"" target=""_blank""><u>3-K website</u></a> to find out more information.     </li>     <li>Visit a <a href=""http://nyc.gov/schools/welcomecenters"" target=""_blank""><u>Family Welcome Center</u></a> to learn more about 3-K programs     </li>     <li>Call <a href=""tel:311""><u>311</u></a> or text \u201c3k\u201d to <a href=""sms:877-877""><u>877-877</u></a> if you have questions about 3-K.     </li> </ul>","Toddler, Pre-Schooler",NYC Department of Education,<p>     Call 311<br>     Ask for 3-K for All.<br>     Text \u201c3k\u201d to 877-877 </p>,Education,,,,"<p>     3-K for All provides free, full-day, high-quality early childhood education for every three-year-old regardless of family income. For the 2018-2019 school year, 3-K for All will be available in School Districts 4 (East Harlem), 5 (Harlem), 7 (South Bronx), 16 (Bedford-Stuyvesant, Crown Heights), 23 (Brownsville, East New York, Ocean Hill), and 27 (Broad Channel, Howard Beach, Ozone Park, Rockaways). </p>","<p>     To request more information on applying visit the <a href=""https://maps.nyc.gov/3k/#form-page"" target=""_blank""><u>3-K for All website</u></a>. </p>"
"<ul>     <li>Call DYCD Youth Connect at <a href=""tel:1-800-246-4646""><u>1-800-246-4646</u></a> if you have questions about this program.     </li>     <li>Visit the DYCD website <a href=""https://www1.nyc.gov/site/dycd/services/reading-writing/young-adult-literacy-program.page"" target=""_blank""><u>Young Adult Literacy Program website</u></a> for more information.     </li> </ul>","Teen, Young Adult",NYC Department of Youth & Community Development,,Education,,,,"<p>     The Young Adult Literacy Program (YALP) is a free program that helps youth ages 16-24 who struggle with reading, writing, and math prepare for <a href=""http://www.acces.nysed.gov/hse/high-school-equivalency-hse""><u>high school equivalency</u></a> (HSE) classes. Participants can attend pre-HSE classes and get support at eight community-based organizations (CBOs) and eight public libraries in NYC. </p>","<p>     You can use Discover DYCD to find programs in your area. To get started:<br> </p> <ol>     <li>Go to the <a href=""http://www.dycdportal.nyc/discoverdycd/home"" target=""_blank""><u>Discover DYCD</u></a> website.     </li>     <li>Click ""Show Advanced Search"" in the ""Basic Search"" box     </li>     <li>Select ""Literacy Group"" from the ""All Programs"" dropdown and ""Young Adult Literacy Program- Pre HSE Instruction"" in the ""All Sub-programs"" dropdown     </li> </ol>"
"<ul>     <li>Visit the REES office at 787 Atlantic Ave., Brooklyn, NY, 11238 to get help in person.     </li>     <li>Visit the <a href=""http://opportunitynycha.org/"" target=""_blank"">Opportunity NYCHA website</a> to learn more about REES services.     </li>     <li>Call the REES hotline at <a href=""tel:718-289-8100"">718-289-8100</a><a href=""tel:718-289-8100%E2%80%8B""></a> to learn more.     </li> </ul>","Caregiver, Young Adult",NYC Housing Authority,<p>     <strong>Call 311</strong><br> </p> <p>     Ask for REES assistance. </p>,Work,S2R024,,,"<p>     REES helps NYCHA residents improve their financial futures. If you live in NYCHA housing, you can get help finding a job, taking classes, or starting a business. </p>","<ul>     <li>Information sessions are held every Tuesday and Thursday at 8:30 a.m at the Brooklyn office: 787 Atlantic Ave., Brooklyn, NY 11238.     </li>     <li>You can RSVP for an info session <a href=""http://opportunitynycha.org/events/"" target=""_blank"">online</a> or by calling the REES hotline at <a href=""tel:718-289-8100"">718-289-8100</a>.     </li> </ul>"
"<ul>     <li>Call the HPD at <a href=""tel:1-212-863-7200"">212-863-7200</a> to learn more and apply     </li>     <li>Visit <a href=""http://www1.nyc.gov/site/hpd/section-8/tenants-family-self-sufficiency.page"" target=""_blank"">Family Self-Sufficiency website</a> for program details and FAQs     </li> </ul>",Caregiver,NYC Housing Preservation & Development/NYC Housing Authority,,Family services,,,,"<p>     People who live in Section 8 housing can get help with their case, education, and finding a job. The Family Self-Sufficiency Program (FSS) also helps people save money once they start earning more. </p>","<p>     You can start the enrollment process by doing one of the following: </p> <ul>     <li>Call HPD at <a href=""tel:1-212-863-7200"">212-863-7200</a> or email <a href=""mailto:FSS.nyc.gov"">FSS.nyc.gov</a> to make an appointment with an HPD case manager     </li>     <li>Fill out the <a href=""https://www1.nyc.gov/site/hpd/section-8/fss-interest-form.page"" target=""_blank"">FSS Interest Form</a>     </li>     <li>Attend an enrollment event (advertised to HPD Section 8 voucher holders)     </li> </ul>"
"<ul>     <li>Visit the <a href=""http://www1.nyc.gov/site/finance/benefits/landlords-veterans.page"" target=""_blank"">Veterans' Exemption website</a> for more information.     </li>     <li>Visit a <a href=""http://www1.nyc.gov/site/finance/pay-now/person.page"" target=""_blank"">Department of Finance office</a> to get help in person.     </li>     <li>Call <a href=""tel:311"">311</a> and ask about Veterans' Exemption to if you have questions about the program.     </li>     <li>Get help by mailing the Department of Finance:<br>         <strong>NYC Department of Finance</strong><br>         Correspondence Unit<br>         One Centre Street, 22nd Floor<br>         New York, NY 10007     </li> </ul>",Caregiver,NYC Department of Finance,<p>     <strong>Call 311</strong> </p> <p>     Ask about Veterans' Exemption. </p>,Cash &amp; expenses,S2R018,,,"<p>     Qualified Veterans, spouses or their un-remarried surviving spouses; parents of soldiers who died in the line of duty (Gold Star parent) can get a reduction to their property tax. </p>","<ul>     <li>Apply by mail: <a href=""https://access.nyc.gov/wp-content/uploads/2017/12/VeteransExemption-InitialAppl_EN.pdf"" target=""_blank"">Download the initial exemption application</a> form and mail it to:<br>         New York City Department of Finance<br>         P.O.BOX 311 Maplewood<br>         NJ 07040-0311     </li> </ul> <ul>     <li>You need to submit copies of all the required documents (DD-214 or separation papers; disability rating) with your application. Missing documents will cause delays in processing your application.<br>         <br>     </li>     <li>Your completed application and all required documents must be postmarked by March 15 (or the next business day if March 15 is on a weekend) for your exemption to begin on July 1 in the same year.     </li> </ul>"
"<ul>     <li>Call DYCD Youth Connect at <a href=""tel:1-800-246-4646""><u>1-800-246-4646</u></a> if you have questions about this program.     </li>     <li>Visit the <a href=""https://www1.nyc.gov/site/dycd/services/jobs-internships/young-adult-internship-program-yaip.page"" target=""_blank""><u>DYCD website</u></a> for more information.     </li> </ul>","Teen, Young Adult",NYC Department of Youth & Community Development,,Work,,,,<p>     Intern & Earn (formerly the Young Adult Internship Program) helps 16-24 year olds who are not working and not in school get short-term paid internships. Youth participate in 14 weeks of internships and work-readiness workshops. Youth also get help with job placement or enrollment in school or a job training program for up to nine months after the program. </p>,"<p>     You can use Discover DYCD to find programs in your area. To get started: </p> <ol>     <li>Go to the <a href=""http://www.dycdportal.nyc/discoverdycd/home"" target=""_blank""><u>Discover DYCD</u></a> website.     </li>     <li>Click ""Show Advanced Search"" in the ""Basic Search"" box     </li>     <li>Select ""Young Adult Internship Programs"" from the ""All Programs"" dropdown     </li> </ol>"
"<ul>     <li>Visit the <a href=""http://www1.nyc.gov/site/dycd/services/jobs-internships/summer-youth-employment-program-syep.page"" target=""_blank"">SYEP page</a> on the DYCD website to learn more.     </li>     <li>Call DYCD Youth Connect at <a href=""tel:800-246-4646"">800-246-4646</a> for more information.     </li> </ul>","Teen, Young Adult",NYC Department of Youth & Community Development,<p>     <strong>Call 311</strong> </p> <p>     Ask for Summer Youth Employment Program assistance. </p>,Work,S2R030,Find a Community Organization,https://access.nyc.gov/locations/?&programs=6885,"<p>     If you are between the ages of 14 and 24, you can get a summer job through SYEP. There are jobs in government, museums, sports, and more. For more help, SYEP leads workshops on finding a job and understanding your finances. </p>","<ul>     <li>Apply to <a href=""https://application.nycsyep.com/"" target=""_blank"">SYEP online</a> during the application period (February - March). The application for SYEP will only be available during that time.     </li>     <li>Youth can also apply at their community-based organization.     </li>     <li>Participants are selected by lottery for the program.     </li> </ul>"
"<ol>     <li>For commonly asked questions, visit an online <a href=""http://www.nyc.gov/html/sbs/wf1/html/contact/library.shtml"" target=""_blank"">resource library</a>.     </li>     <li>         <a href=""http://www.nyc.gov/html/sbs/wf1/html/contact/contact_form.shtml"" target=""_blank"">Email</a> your Workforce1 questions.     </li>     <li>Visit a <a href=""https://maps.nyc.gov/sbs"" target=""_blank"">Workforce1 Career Center</a> near you.     </li>     <li>Call Telephone Relay System at <a href=""tel:800-662-1220"">800-662-1220</a> if you are hearing or speech-impaired.<br>     </li> </ol>","Caregiver, Young Adult",NYC Department of Small Business Services,<p>     <strong>Call 311</strong> </p> <p>     Ask for Workforce1 if you need help finding a program. </p>,Work,S2R026,Find a center,https://maps.nyc.gov/sbs,"<p>     Workforce1 is a service that prepares and connects qualified candidates to job opportunities in New York City. The service makes strong matches for both job seekers and employers that are hiring by using a unique combination of recruitment expertise, industry knowledge, and skill-building workshops to strengthen candidates\u2019 employment prospects. </p>","<ul>     <li>Apply or register <a href=""http://www.nyc.gov/html/sbs/wf1/html/register/register_now.shtml"" target=""_blank"">online</a>     </li>     <li>Apply or register in-person at <a href=""https://maps.nyc.gov/sbs"" target=""_blank"">Workforce1 Center locations</a>     </li> </ul>"
,"Caregiver, Baby",NYC Department of Health & Mental Hygiene/NYC Administration for Children's Services,"<p>     <strong>Call 311</strong> </p> <p>     Call <a href=""tel:311"">311</a> and ask about Safe Sleep. </p>",Family services,,,,<p>     Sleeping the wrong way can be dangerous for babies. Get information on the safest way for your baby to sleep from the Safe Sleep Initiative. Low-income families may also be eligible to get a free crib. </p>,"<ul>     <li>Visit the <a href=""http://www1.nyc.gov/site/doh/health/health-topics/pregnancy-sleep-safety.page"" target=""_blank"">Safe Sleep website</a> to learn more.     </li>     <li>Call <a href=""tel:311"">311</a> for more information and find out how you can receive services.     </li> </ul>"
"<ul>     <li>Visit the <a href=""https://www1.nyc.gov/site/hra/help/snap-benefits-food-program.page"" target=""_blank"">SNAP website</a> to find out more information.     </li>     <li>Call the HRA Infoline at <a href=""tel:718-557-1399"">718-557-1399</a> for assistance applying for SNAP.     </li>     <li>Visit a <a href=""https://access.nyc.gov/locations/?programs=6887"" target=""_blank"">SNAP center near</a> or <a href=""http://www1.nyc.gov/assets/hra/downloads/pdf/services/snap/CBO_EASE_SITES.pdf"" target=""_blank"">your local community-based organization</a> (CBO) to get help in person.     </li> </ul>",Everyone,NYC Human Resources Administration,<p>     <strong>Call 311</strong> </p> <p>     Ask for SNAP. </p>,Food,S2R007,Find a location,https://access.nyc.gov/locations/?programs=6887,<p>     Get help paying for groceries with SNAP. SNAP benefits are sometimes called food stamps. They come on a debit card that you can use at many grocery stores and farmers markets. </p>,"<p>     There are a number of ways you can apply for SNAP: </p> <ul>     <li>Apply online using <a href=""https://a069-access.nyc.gov/ACCESSNYC/application.do"" target=""_blank"">ACCESS HRA</a>.     </li>     <li>Apply in person at any <a href=""http://www1.nyc.gov/site/hra/locations/locations.page"" target=""_blank"">SNAP Center</a> or at a <a href=""http://www1.nyc.gov/assets/hra/downloads/pdf/services/snap/CBO_EASE_SITES.pdf"" target=""_blank"">participating community-based organization</a> (CBO).     </li>     <li>If you are applying for Cash Assistance you may apply for SNAP Benefits at the same time at an <a href=""https://www1.nyc.gov/site/hra/locations/job-locations.page"" target=""_blank"">HRA Job Center</a>.     </li>     <li>Apply by mail or fax: <a href=""https://access.nyc.gov/wp-content/uploads/2018/09/SNAP_ApplandRecert_ENG.pdf"" target=""_blank"">download the application</a> or call the HRA Infoline at <a href=""tel:718-557-1399"">718-557-1399</a> to have an application mailed to you. Fax your competed application to 917-639-1111 or mail it to:<br>         <strong>Division of SNAP Services, Mail Application & Referral Unit (MARU)</strong><strong><br></strong> P.O. Box 24510<br>         Brooklyn, NY, 11201     </li> </ul>"
"<ul>     <li>Find <a href=""http://www.schoolfoodnyc.org/sch_search/summermeals.aspx"" target=""_blank"">Free Summer Meals locations</a>.     </li>     <li>Visit the <a href=""http://www.schoolfoodnyc.org/"" target=""_blank"">SchoolFood website</a> to find out more.     </li>     <li>Call the SchoolFood Summer meals team at <a href=""tel:718-707-4398"">718-707-4398</a> if you have questions.     </li>     <li>Call the SchoolFood\u2019s Help Desk at <a href=""tel:877-363-6325"">877-363-6325</a> if you have questions.     </li> </ul>","Grade-Schooler, Pre-Teen, Teen, Young Adult",NYC Department of Education,<p>     <strong>Call 311</strong><br> </p> <p>     Ask for Summer Meals assistance. </p>,Food,S2R023,,,"<p>     During the summer, children can get free breakfast and lunch. Locations include schools, libraries, community pools, and NYCHA buildings. There are also food trucks at some beaches, parks, and playgrounds. </p>","<p>     There is no registration required to enjoy free breakfast or lunch at one of our many <a href=""http://www.schoolfoodnyc.org/sch_search/summermeals.aspx"" target=""_blank"">community locations</a>. Children 18 years and younger just need to walk in to one of our many locations. </p>"
"<ul>     <li>Visit the <a href=""http://www.ny.gov/services/get-unemployment-assistance"" target=""_blank"">NYS Unemployment Insurance website</a> for more information.     </li>     <li>Call <a href=""tel:888-469-7365"">888-469-7365</a> if you have questions about unemployment benefits.     </li>     <li>         <a href=""https://www.labor.ny.gov/secure/contact/"" target=""_blank"">Email NYS unemployment</a> to get more information.     </li> </ul>","Caregiver, Young Adult",NYS Department of Labor,<p>     <strong>Call 311</strong><br> </p> <p>     Ask for New York State Unemployment Insurance assistance. </p>,Cash &amp; expenses,S2R021,,,"<p>     If you lost your job and it was not your fault, you might be able to get unemployment insurance. Unemployment insurance will give you some money, based on what you earned. To get insurance, you must be looking for a new job. </p>","<p>     To file for unemployment online: </p> <ol>     <li>Create an account on <a href=""https://applications.labor.ny.gov/IndividualReg/?TYPE=33554433&amp;REALMOID=06-b0d30d94-a224-104a-b476-839b26b50cb3&amp;GUID=&amp;SMAUTHREASON=0&amp;METHOD=GET&amp;SMAGENTNAME=%24SM%24ThT5WVUR1XkGiy4UhP34jv09ppEYsY5V%2b%2bhuQYmYxeVseon5yi64QNm3b%2fN7fNeC&amp;TARGET=%24SM%24HTTPS%3a%2f%2fapplications%2elabor%2eny%2egov%2fIndividual%2f"" target=""_blank"">NY.gov</a>.         <ol>             <li>                 <a href=""http://www.labor.ny.gov/ui/claimantinfo/sign-in-faq.shtm"" target=""_blank"">Learn more</a> about how to get a NY.gov ID.             </li>         </ol>     </li>     <li>Login with your new NY.gov ID.     </li>     <li>Follow the instructions to file a claim.     </li>     <li>Submit your application.     </li>     <li>The Department of Labor will evaluate your claim for UI benefits and decide if you qualify.     </li>     <li>You can only file online during the following times:         <ol>             <li>Monday - Thursday: 7:30 a.m - 7:30 p.m             </li>             <li>Friday: 7:30 a.m - 5:00 p.m.             </li>             <li>Weekends: Saturday 12:00 a.m - Sunday 7:00 p.m.             </li>         </ol>     </li> </ol> <p>     You may also apply over the phone by calling the NYS Department of Labor at <a href=""tel:888-209-8124"">888-209-8124</a>, Monday \u2013 Friday, 8:00 a.m - 5:00 p.m. </p>"
"<ul>     <li>Visit the <a href=""https://www.schools.nyc.gov/school-life/health-and-wellness/school-based-health-centers"" target=""_blank""><u>SBHC website</u></a> to learn about all of the available services.     </li>     <li>Email <a href=""mailto:smelendez7.nyc.gov""><u>Solluz Melendez</u></a>, School-Based Health Centers Coordinator, if you have questions about this program.     </li> </ul>","Grade-Schooler, Pre-Teen, Teen",NYC Department of Education/NYC Department of Health & Mental Hygiene,,Health,,,,<p>     Students can get easy access to health care at their school. Services include: </p> <ul>     <li>medical exams     </li>     <li>eye exams     </li>     <li>asthma screenings     </li>     <li>help with medicine     </li> </ul> <p>     Some SBHCs also offer mental health care and reproductive care for high-schoolers. </p>,"<p>     To get free health care, students must have their parents or guardians fill out and return a consent form. </p> <ul>     <li>         <a href=""http://schools.nyc.gov/NR/rdonlyres/E298C16B-55F0-4DDD-BB02-2B0524250986/170518/AttachmentD_ParentalConsentEnglish_082214_GradesPK.doc""><u>Pre-K to 8th grade</u></a> <a href=""http://schools.nyc.gov/NR/rdonlyres/E298C16B-55F0-4DDD-BB02-2B0524250986/170518/AttachmentD_ParentalConsentEnglish_082214_GradesPK.doc""><u>consent form</u></a>     </li>     <li>         <a href=""http://schools.nyc.gov/NR/rdonlyres/E298C16B-55F0-4DDD-BB02-2B0524250986/170535/AttachmentD_ParentalConsentEnglish_082214_Grades91.doc""><u>9th - 12th grade</u></a> <a href=""http://schools.nyc.gov/NR/rdonlyres/E298C16B-55F0-4DDD-BB02-2B0524250986/170535/AttachmentD_ParentalConsentEnglish_082214_Grades91.doc""><u>consent form</u></a>     </li> </ul> <p>     Students do not need to have health insurance to enroll in SBHC. If the student does have insurance, include the information on the consent form. </p>"
"<ul>     <li>Visit the <a href=""http://www1.nyc.gov/site/idnyc/index.page"" target=""_blank"">IDNYC website</a> for more information.     </li>     <li>Call <a href=""tel:311"">311</a> to find out more about IDNYC.     </li>     <li>Visit an <a href=""https://access.nyc.gov/locations/?programs=6872"" target=""_blank"">IDNYC enrollment center near</a> you to get help in person.     </li>     <li>         <a href=""http://www1.nyc.gov/site/idnyc/contact/feedback.page"" target=""_blank"">Email IDNYC</a> to get your questions answered.     </li> </ul>","Caregiver, Teen, Young Adult",NYC Human Resources Administration,<p>     <strong>Call 311</strong> </p> <p>     Ask about IDNYC. </p>,City ID card,S2R032,Find an enrollment center,https://access.nyc.gov/locations/?programs=6872,"<p>     IDNYC is a free government-issued photo ID card for people over 10 years old who live in NYC. It can help you get City services, museum memberships, and more. </p>","<ul>     <li>Use the <a href=""http://www1.nyc.gov/site/idnyc/card/documentation.page"" target=""_blank"">IDNYC Document Calculator</a> to make sure you have the right documents to apply.     </li>     <li>Find <a href=""http://www1.nyc.gov/site/idnyc/card/locations.page"" target=""_blank"">an enrollment center</a> near you and <a href=""http://www1.nyc.gov/site/idnyc/card/make-an-appointment.page"" target=""_blank"">book your appointment online</a>. Appointments are required.     </li>     <li>Print and fill out the application form <a href=""https://access.nyc.gov/wp-content/uploads/2018/08/IDNYC_Appl-and-Instr_10-13_EN.pdf"" target=""_blank"">for 10-13 year olds</a> and <a href=""https://access.nyc.gov/wp-content/uploads/2018/08/IDNYC_Appl-and-Instr_14andOlder_EN.pdf"" target=""_blank"">for 14 years and older</a> ahead of time and bring it to your appointment, or fill it out at your appointment.     </li>     <li>Applicants 14 and older can also <a href=""http://www1.nyc.gov/site/idnyc/card/start-your-application.page"" target=""_blank"">submit applications online</a> before going to an enrollment center.     </li>     <li>Collect your documents and bring them with you to your appointment. Your ID photo will be taken at the appointment.     </li> </ul>"
"<ul>     <li>Call the HPD at <a href=""tel:1-212-863-7200"">212-863-7200</a> to learn more and apply     </li>     <li>Visit <a href=""http://www1.nyc.gov/site/hpd/section-8/tenants-family-self-sufficiency.page"" target=""_blank"">Family Self-Sufficiency website</a> for program details and FAQs     </li> </ul>",Caregiver,NYC Housing Preservation & Development/NYC Housing Authority,,Family services,,,,"<p>     People who live in Section 8 housing can get help with their case, education, and finding a job. The Family Self-Sufficiency Program (FSS) also helps people save money once they start earning more. </p>","<p>     You can start the enrollment process by doing one of the following: </p> <ul>     <li>Call HPD at <a href=""tel:1-212-863-7200"">212-863-7200</a> or email <a href=""mailto:FSS.nyc.gov"">FSS.nyc.gov</a> to make an appointment with an HPD case manager     </li>     <li>Fill out the <a href=""https://www1.nyc.gov/site/hpd/section-8/fss-interest-form.page"" target=""_blank"">FSS Interest Form</a>     </li>     <li>Attend an enrollment event (advertised to HPD Section 8 voucher holders)     </li> </ul>"
"<ol>     <li>For commonly asked questions, visit an online <a href=""http://www.nyc.gov/html/sbs/wf1/html/contact/library.shtml"" target=""_blank"">resource library</a>.     </li>     <li>         <a href=""http://www.nyc.gov/html/sbs/wf1/html/contact/contact_form.shtml"" target=""_blank"">Email</a> your Workforce1 questions.     </li>     <li>Visit a <a href=""https://maps.nyc.gov/sbs"" target=""_blank"">Workforce1 Career Center</a> near you.     </li>     <li>Call Telephone Relay System at <a href=""tel:800-662-1220"">800-662-1220</a> if you are hearing or speech-impaired.<br>     </li> </ol>","Caregiver, Young Adult",NYC Department of Small Business Services,<p>     <strong>Call 311</strong> </p> <p>     Ask for Workforce1 if you need help finding a program. </p>,Work,S2R026,Find a center,https://maps.nyc.gov/sbs,"<p>     Workforce1 is a service that prepares and connects qualified candidates to job opportunities in New York City. The service makes strong matches for both job seekers and employers that are hiring by using a unique combination of recruitment expertise, industry knowledge, and skill-building workshops to strengthen candidates\u2019 employment prospects. </p>","<ul>     <li>Apply or register <a href=""http://www.nyc.gov/html/sbs/wf1/html/register/register_now.shtml"" target=""_blank"">online</a>     </li>     <li>Apply or register in-person at <a href=""https://maps.nyc.gov/sbs"" target=""_blank"">Workforce1 Center locations</a>     </li> </ul>"
"<ul>     <li>Visit <a href=""http://www1.nyc.gov/site/rentfreeze/index.page"" target=""_blank"">DRIE website</a> <a href=""http://nyc.gov/rentfreeze""></a>to learn more about this program     </li>     <li>         <a href=""http://www1.nyc.gov/site/finance/about/contact-by-email/contact-drie.page"" target=""_blank"">Email DRIE</a> for more information     </li>     <li>Call <a href=""tel:311"">311</a> and ask for a DRIE specialist or <a href=""tel:212-639-9675"">212-639-9675</a> if you have a hard time hearing     </li>     <li>Visit the DRIE walk-in center:     </li>     <li>66 John St, 3rd Floor<br>         New York, NY, 10038<br>         Open Monday - Friday, 8:30 a.m. - 4:30 p.m.     </li> </ul>",Caregiver,NYC Department of Finance / NYC Housing Preservation and Development,<p>     <strong>Call 311</strong> </p> <p>     Ask for DRIE specialists. </p>,Housing,S2R005,Find the office,https://access.nyc.gov/location/scriedrie-walk-in-center/,"<p>     DRIE provides a rent freeze to tenants with disabilities. If their rent goes up, tenants with DRIE do not have to pay the higher rate. The City pays the difference between the current and future rent. </p>","<ul>     <li>Apply by mail: <a href=""https://access.nyc.gov/wp-content/uploads/2017/03/DRIE_Application_Packet_EN.pdf"" target=""_blank"">Download the application</a> or pick one up from a DRIE walk-in center and send it and your personal documents to:<br>         New York City Department of Finance, DRIE Unit<br>         59 Maiden Ln, 22nd Floor<br>         New York, NY 10038     </li> </ul> <ul>     <li>Apply in person at the DRIE walk-in center:<br>         66 John St, 3rd Floor<br>         New York, NY 10038<br>         Open Monday - Friday, 8:30 a.m. - 4:30 p.m.     </li> </ul> <p>     SCRIE/DRIE online applications are temporarily unavailable while we work on a new and improved application. Please use the forms or walk-in location to apply. </p>"
"<ul>     <li>Contact SchoolFood at <a href=""tel:718-707-4320"">718-707-4320</a> for questions about the program     </li>     <li>Visit the <a href=""http://www.schoolfoodnyc.org/OurPrograms/breakfast.htm#Saturday"" target=""_blank"">SchoolFood website</a> for more information     </li> </ul>","Pre-Schooler, Grade-Schooler, Pre-Teen",NYC Department of Education,,Food,,,,"<p>     Some schools give free meals to students in the evening and on Saturdays. Through this program, children in after school and Saturday programs can get the nutrition they need. </p>","<ul>     <li>Speak to your school\u2019s administration or call SchoolFood at <a href=""tel:718-707-4320"">718-707-4320</a> to find out if your school offers after school or Saturday meal programs     </li>     <li>Community-based organizations (CBOs) and principals should apply for an After school or Saturday Meals program on the <a href=""http://www.opt-osfns.org/osfns/Resources/SpecialPrograms/Login.aspx"" target=""_blank"">Department of Education website</a>     </li> </ul>"
"<ul>     <li>Visit the <a href=""https://tax.ny.gov/pit/property/star/default.htm"" target=""_blank"">STAR website</a> for more information.     </li>     <li>Call <a href=""tel:311"">311</a> to find out more.     </li>     <li>Email the <a href=""http://www1.nyc.gov/site/finance/about/contact-by-email/contact-exemptions-inquiries.page"" target=""_blank"">NYC Department of Finance</a> if you have questions about STAR.     </li> </ul>",Caregiver,NYS Department of Taxation/ NYC Department of Finance,<p>     <strong>Call 311</strong> </p> <p>     Ask about the School Tax Relief Program. </p>,Cash &amp; expenses,S2R012,,,<p>     STAR provides property tax relief to New York State\u2019s homeowners. It lowers the tax burden on New York residents who live in school districts.<br> </p>,"<p>     You can <a href=""https://www8.tax.ny.gov/STRP/strpStart"" target=""_blank"">register for the STAR credit online</a> in just a few minutes. Your application will be reviewed automatically to see if you are eligible. </p>"
"<ul>     <li>Call DYCD Youth Connect at <a href=""tel:800-246-4646"">800-246-4646</a> if you have questions about this program.     </li>     <li>Visit the <a href=""https://www1.nyc.gov/site/dycd/services/jobs-internships/out-of-school-youth-osy-program.page"" target=""_blank"">DYCD website</a> for more information.     </li> </ul>","Teen, Young Adult",NYC Department of Youth & Community Development,,Work,,,,"<p>     Train & Earn is a short-term career pathway program for low-income youth, who are not working and not in school. Train & Earn helps youth improve their job skills and find permanent work. It also provides High School Equivalency (HSE) prep and support services. </p> <p>     Youth receive up to 12 months of follow-up services after finishing the program. </p>","<p>     You can use Discover DYCD to find programs in your area. To get started: </p> <ol>     <li>Go to the <a href=""http://www.dycdportal.nyc/discoverdycd/home"" target=""_blank"">Discover DYCD</a> website.     </li>     <li>Click \u201dShow Advanced Search"" in the ""Basic Search"" box.     </li>     <li>Select ""Youth Workforce Development"" from the ""All Programs"" dropdown and an ""OSY"" program from the ""All Sub-programs"" dropdown.     </li> </ol>"
"<ul>     <li>Visit the <a href=""https://www.health.ny.gov/prevention/nutrition/csfp/"" target=""_blank"">CSFP website</a> for more information.     </li>     <li>Call a food distribution site near you to learn more.         <ul>             <li>The Bronx: <a href=""tel:917-982-2564"">917-982-2564</a>             </li>             <li>Brooklyn: <a href=""tel:718-498-9208"">718-498-9208</a>             </li>             <li>Queens <a href=""tel:718-523-2220"">718-523-2220</a>             </li>             <li>Long Island <a href=""tel:516-623-4568"">516-623-4568</a>             </li>         </ul>     </li>     <li>Visit a <a href=""https://access.nyc.gov/locations/?programs=6862"" target=""_blank"">CSFP site</a> near you to get help in person.     </li> </ul> <p>     <a href=""tel:718-523-2220""></a> </p>",Caregiver,NYC Department of Health,<p>     <strong>Call 311</strong> </p> <p>     Ask for Commodity Supplemental Food Program. </p>,Food,S2R027,Find a site,https://access.nyc.gov/locations/?programs=6862,"<p>     CSFP gives healthy food to low-income seniors. People in the program get a monthly package of fruit, vegetables, meat or fish, pasta or rice, and cereal. CSFP gives advice on cooking and nutrition. CSFP can also connect you to health care and social services. </p>","<p>     Visit a <a href=""https://access.nyc.gov/locations/?programs=6862"" target=""_blank"">food distribution site</a> near you for application information. </p>"
"<ul>     <li>Visit the <a href=""http://www1.nyc.gov/site/nycha/section-8/about-section-8.page"" target=""_blank"">NYCHA</a> website to learn more about each program.     </li>     <li>Call NYCHA at <a href=""tel:718-707-7771"">718-707-7771</a> if you have questions about these programs.     </li>     <li>Visit a NYCHA Section 8 walk-in center:         <ul>             <li>Bronx: 478 East Fordham Rd, 2nd Flr, Bronx, NY 10458             </li>             <li>Brooklyn: 787 Atlantic Ave, 2nd Flr, Brooklyn, NY 11238             </li>         </ul>     </li> </ul>",Everyone,NYC Housing Authority,<p>     <strong>Call 311</strong><br> </p> <p>     Ask for Section 8 assistance. </p>,Housing,S2R013,,,"<p>     Section 8 helps low- and-moderate-income families rent homes. Generally, families pay no more than 40 percent of their monthly income toward their rent share. NYCHA pays the remaining amount to the owner on the family's behalf.<br> </p>","<ul>     <li>New Section 8/HCV applications are not being accepted at this time. The public will be notified when applications are being accepted again.     </li>     <li>If you previously submitted a NYCHA Section 8 application, log on to the <a href=""https://on.nyc.gov/nycha-ss"" target=""_blank"">Self-Service Portal</a> to confirm the receipt of your NYCHA application.     </li> </ul>"
"<ul>     <li>Visit the <a href=""http://opportunitynycha.org/workforce-development/jobs-plus/"" target=""_blank"">Jobs Plus website</a> to learn more about the program.     </li>     <li>Call a <a href=""http://opportunitynycha.org/workforce-development/jobs-plus/"" target=""_blank"">Jobs Plus site</a> near you for questions about a specific location.     </li> </ul>","Teen, Young Adult",NYC Housing Authority,,Work,,,,"<p>     Jobs Plus is an employment program for working-age NYCHA residents. It helps participants find work and keep more of their earned income. Jobs Plus offers job-related services, help with finances, and community support. </p>","<p>     To apply for Jobs Plus, <a href=""http://opportunitynycha.org/workforce-development/jobs-plus/"" target=""_blank"">contact a site near you</a>. </p>"
"<ul>     <li>Call DYCD Youth Connect at <a href=""tel:1-800-246-4646"">1-800-246-4646</a> if you have questions about Cornerstone programs     </li>     <li>Visit the <a href=""http://www1.nyc.gov/site/dycd/services/after-school/cornerstone.page"" target=""_blank"">Cornerstone Programs website</a> for more information     </li> </ul>","Caregiver, Grade-Schooler, Pre-Teen, Teen, Young Adult",NYC Department of Youth & Community Development,,Enrichment,,,,"<p>     Cornerstone Programs offer NYCHA residents opportunities for fun, learning, and support. Programs for youth and adults include: </p> <ul>     <li>tutoring     </li>     <li>college prep     </li>     <li>English for speakers of other languages and high school equivalency classes     </li>     <li>workforce development     </li>     <li>family relationship workshops     </li>     <li>recreation, dance, and music classes     </li>     <li>tenant education and advocacy     </li> </ul> <p>     Programs are located at 94 NYCHA Community Centers throughout the five boroughs. </p>","<p>     You can use Discover DYCD to find programs in your area. To get started: </p> <ol>     <li>Go to the <a href=""http://www.dycdportal.nyc/discoverdycd/home"" target=""_blank"">Discover DYCD</a> website.     </li>     <li>Click ""Show Advanced Search"" in the ""Basic Search"" box     </li>     <li>Select ""Cornerstone"" from the ""All Programs"" dropdown     </li> </ol>"
"<ul>     <li>Call DYCD Youth Connect at <a href=""tel:1-800-246-4646""><u>1-800-246-4646</u></a> if you have questions about this program.     </li>     <li>Visit the DYCD website <a href=""https://www1.nyc.gov/site/dycd/services/reading-writing/young-adult-literacy-program.page"" target=""_blank""><u>Young Adult Literacy Program website</u></a> for more information.     </li> </ul>","Teen, Young Adult",NYC Department of Youth & Community Development,,Education,,,,"<p>     The Young Adult Literacy Program (YALP) is a free program that helps youth ages 16-24 who struggle with reading, writing, and math prepare for <a href=""http://www.acces.nysed.gov/hse/high-school-equivalency-hse""><u>high school equivalency</u></a> (HSE) classes. Participants can attend pre-HSE classes and get support at eight community-based organizations (CBOs) and eight public libraries in NYC. </p>","<p>     You can use Discover DYCD to find programs in your area. To get started:<br> </p> <ol>     <li>Go to the <a href=""http://www.dycdportal.nyc/discoverdycd/home"" target=""_blank""><u>Discover DYCD</u></a> website.     </li>     <li>Click ""Show Advanced Search"" in the ""Basic Search"" box     </li>     <li>Select ""Literacy Group"" from the ""All Programs"" dropdown and ""Young Adult Literacy Program- Pre HSE Instruction"" in the ""All Sub-programs"" dropdown     </li> </ol>"
"<ul>     <li>Visit the <a href=""https://tax.ny.gov/pit/property/star/default.htm"" target=""_blank"">STAR website</a> for more information.     </li>     <li>Call <a href=""tel:311"">311</a> to find out more.     </li>     <li>Email the <a href=""http://www1.nyc.gov/site/finance/about/contact-by-email/contact-exemptions-inquiries.page"" target=""_blank"">NYC Department of Finance</a> if you have questions about STAR.     </li> </ul>",Caregiver,NYS Department of Taxation/ NYC Department of Finance,<p>     <strong>Call 311</strong> </p> <p>     Ask about the School Tax Relief Program. </p>,Cash &amp; expenses,S2R012,,,<p>     STAR provides property tax relief to New York State\u2019s homeowners. It lowers the tax burden on New York residents who live in school districts.<br> </p>,"<p>     You can <a href=""https://www8.tax.ny.gov/STRP/strpStart"" target=""_blank"">register for the STAR credit online</a> in just a few minutes. Your application will be reviewed automatically to see if you are eligible. </p>"
"<ul>     <li>Visit the <a href=""http://web.mta.info/nyct/paratran/guide.htm#aarmetrocard"" target=""_blank"">Access-A-Ride website</a> for more information.     </li>     <li>Call Access-A-Ride at <a href=""tel:877-337-2017"">877-337-2017</a> if you have questions about applying.     </li> </ul>",Everyone,NYC Metropolitan Transportation Authority,<p>     <strong>Call 311</strong> </p> <p>     Ask for Access-A-Ride. </p>,Special needs,,,,"<p>     If you have a disability that makes it hard to use accessible buses or the subway, you can apply for Access-A-Ride. AAR operates 24/7, 365 days a year, throughout the five boroughs of NYC. A vehicle, specific to your needs, will pick you up and take you to your destination. </p>","<ul>     <li>Make an appointment by calling <a href=""tel:877-337-2017"">877-337-2017</a> and pressing 1 when prompted.     </li>     <li>When you schedule your appointment, let the staff know if you need:         <ul>             <li>material in large print, Braille, or recorded format             </li>             <li>a sign language interpreter             </li>             <li>a personal care attendants to travel with you             </li>             <li>telephonic interpretation services             </li>         </ul>     </li>     <li>After you book your appointment you will get an application package in the mail, including the application, a letter about your appointment, and instructions on to schedule your free round-trip transportation to/from the assessment center.         <ul>             <li>When scheduling transportation, please say if you are traveling with a personal care attendant.             </li>         </ul>     </li>     <li>You can call <a href=""tel:877-337-2017"">877-337-2017</a> (prompt #1) if you haven't received your AAR eligibility by mail.     </li> </ul>"
"<ul>     <li>Call <a href=""tel:1-800-698-4543"">1-800-698-4543</a> for help applying     </li>     <li>Visit the <a href=""http://www.health.ny.gov/health_care/child_health_plus/"" target=""_blank"">NYS Department of Health website</a> for more information     </li> </ul>",Everyone,NYS Department of Health,,Health,,,,<p>     Children under 19 years old can get free or low-cost medical care through Child Health Plus and Children's Medicaid. </p>,"<ul>     <li>Apply through the <a href=""https://nystateofhealth.ny.gov/"" target=""_blank"">NYS of Health Marketplace</a>     </li>     <li>Apply at your participating <a href=""http://www.health.ny.gov/health_care/child_health_plus/where_do_i_apply.htm#comorg"" target=""_blank"">community-based organization</a>     </li>     <li>If you would like someone to assist you in applying, call <a href=""tel:1-800-698-4543"">1-800-698-4543</a> to get help from enrollers in your community     </li>     <li>If your child is blind or disabled, you must apply through the NYC Human Resources Administration by calling <a href=""tel:1-718-557-1399"">718-557-1399</a>     </li> </ul>"
"<ul>     <li>Visit the <a href=""https://www.va.gov/homeless/hud-vash_eligibility.asp"" target=""_blank"">HUD-VASH website</a> for more information     </li>     <li>Call the National Call Center for Homeless Veterans at <a href=""tel:877-424-3838"">877-424-3838</a> to learn if you're eligible and apply     </li> </ul>",Caregiver,US Department of Housing & Urban Development/ US Department of Veterans Affairs,<p>     <strong>Call 311</strong> </p> <p>     Ask for Veterans Affairs Supportive Housing Program and you will be connected to VA facilities. </p>,Housing,,Find a center,https://access.nyc.gov/locations/?programs=15023,<p>     Veterans and their families who are homeless can get help through HUD-VASH. The program helps veterans find and keep permanent housing by providing Section 8 rental vouchers as well as case management and other supportive services at VA medical centers. </p>,"<ul>     <li>To apply for HUD-VASH, call the National Call Center for Homeless Veterans at <a href=""tel:877-424-3838"">877-424-3838</a>, which will connect you to your local VA homeless program     </li>     <li>Veterans can also apply in person at the following locations:<br>         <strong>The VA Medical Center</strong><br>         Bronx, NY 10468<br>         Phone: <a href=""tel:718-584-9000"">718-584-9000</a><br>         M-T-F from 6:45 a.m. to 3:15 p.m.<br>         130 West Kingsbridge Road or at     </li> </ul> <p>     <strong>The VA NY Harbor Site</strong><br>     423 East 23rd Street 2nd Floor Room 2207N<br>     New York, NY 10010<br>     Phone: <a href=""tel:212-686-7500"">212-686-7500</a><br>     Mondays from 9:00 a.m. - 4:30 p.m.<br>     Thursdays from 11:00 a.m. - 4:30 p.m. </p>"
"<ul>     <li>Visit the <a href=""http://www1.nyc.gov/site/hra/help/child-support-services.page"" target=""_blank"">Child Support Services</a> website to learn more about available services.<br>         <br>     </li>     <li>Visit the <a href=""https://access.nyc.gov/locations/?programs=15014"" target=""_blank"">child support office</a> at the <a href=""http://www.nycourts.gov/courts/nyc/family/index.shtml"" target=""_blank"">Family Court</a> in your borough to get help in person.<br>         <br>     </li>     <li>If you already have a child support order, visit the child support walk-in center for help.<br>         151 West Broadway, 4th Fl.<br>         New York, NY 10013<br>         Open Monday - Friday, 8:00 a.m - 7:00 p.m.<br>         <em>Photo ID required</em>     </li> </ul> <ul>     <li>If you have questions about child support, write to the Office of Child Support Services.<br>         PO Box 830<br>         Canal Street Station<br>         New York, NY 10013     </li> </ul> <ul>     <li>For more information, call the Child Support Helpline at <a href=""tel:888-208-4485"">888-208-4485</a> (or <a href=""tel:866-875-9975"">866-875-9975</a> if you have trouble hearing).     </li> </ul>",Caregiver,NYC Human Resources Administration,<p>     <strong>Call 311</strong> </p> <p>     Ask for Child Support. </p>,Family services,,Visit an office,https://access.nyc.gov/locations/?programs=15014,"<p>     The program helps mothers, fathers, and guardians with child support. People who receive child support can get help collecting it. People who pay child support can get help finding a job. Other services are also available. </p>","<ul>     <li>         <a href=""https://access.nyc.gov/wp-content/uploads/2018/08/Child_Support_Enforcement_Form_EN.pdf"" target=""_blank"">Download and complete the child support application</a>. You only need to fill out the last 8 pages.     </li>     <li>Submit the application to your local <a href=""https://access.nyc.gov/locations/?programs=15014"" target=""_blank"">child support office</a> at the <a href=""http://www.nycourts.gov/courts/nyc/family/index.shtml"" target=""_blank"">Family Court</a> in your borough.     </li>     <li>If you\u2019re applying for or receiving cash assistance or medical assistance, you need to interview at the Office of Child Support Services to open a case.     </li>     <li>Bring as much information as you can about the child\u2019s other parent. Examples include their birthday, Social Security number, address, and employer\u2019s name. A photo is also helpful.     </li> </ul>"
"<ul>     <li>Visit the <a href=""http://www.nychealthandhospitals.org/services/womens-health/"" target=""_blank""><u>NYC Health + Hospitals Women's Health website</u></a> to learn more.     </li>     <li>Find a <a href=""http://www.nychealthandhospitals.org/health_care/"" target=""_blank""><u>health care location</u></a> near you to get help in person or by phone.     </li> </ul>","Caregiver, Teen, Young Adult",NYC Health + Hospitals,,Health,,,,"<p>     Women of all ages can get reproductive health care at NYC Health + Hospitals. Services include pregnancy tests and birth control methods, including the pill. Women who visit NYC Health + Hospitals can also get counseling. </p>","<p>     NYC Health + Hospitals has centers across the five boroughs. Use the <a href=""http://www.nychealthandhospitals.org/health_care/"" target=""_blank""><u>location finder</u></a> to find a center close to you and call to make an appointment. </p>"
"<ul>     <li>Visit the <a href=""https://www1.nyc.gov/site/dycd/services/after-school/schools-out-new-york-city-sonyc.page"" target=""_blank"">SONYC website</a> to learn more.     </li>     <li>Call DYCD Youth Connect at <a href=""tel:800-246-4646"">800-246-4646</a> for more information.     </li>     <li>Call or visit the afterschool program staff at your child's school for more information.     </li> </ul>","Pre-Teen, Teen",NYC Department of Youth & Community Development,,Enrichment,,,,"<p>     SONYC is an afterschool program for students in 6th, 7th, and 8th grades. SONYC activities include dance, music, sports, fashion, cooking, and more. </p>","<p>     You can use Discover DYCD to find programs in your area. To get started: </p> <ol>     <li>Go to the <a href=""http://www.dycdportal.nyc/discoverdycd/home"" target=""_blank"">Discover DYCD</a> website     </li>     <li>Click ""Show Advanced Search"" in the ""Basic Search"" box     </li>     <li>Select ""COMPASS Programs"" in the ""All Programs Box"" the a SONYC program from the ""All Sub-programs"" menu     </li> </ol> <p>     You can also enroll your child in a SONYC program, contact the program staff at your child\u2019s school. </p>"
"<ul>     <li>Visit the <a href=""http://www1.cuny.edu/sites/asap/"" target=""_blank""><u>CUNY ASAP website</u></a> to learn more about the program.     </li>     <li>Drop by the <a href=""http://www2.cuny.edu/admissions/undergraduate/welcomecenter/""><u>CUNY Welcome Center</u></a> for help with your CUNY application and to learn more about other CUNY programs.<br>         217 E. 42nd St.<br>         New York, NY 1001     </li> </ul>","Teen, Young Adult",The City University of New York (CUNY),,Education,,,,"<p>     CUNY ASAP helps students earn an associate degree within three years by providing financial, academic, and personal support. Students benefit from: </p> <ul>     <li>Free unlimited MetroCards     </li>     <li>Textbook vouchers to reduce (or eliminate) the cost of textbooks     </li>     <li>Full-tuition assistance (for students on financial aid)     </li>     <li>A dedicated ASAP advisor     </li>     <li>Special registration options and consolidated schedules     </li>     <li>Career development and academic support     </li> </ul>","<p>     To join ASAP, follow these easy steps: </p> <ul>     <li>         <a href=""http://www1.cuny.edu/sites/asap/join-asap/#join-us"" target=""_blank""><u>Apply to a CUNY college</u></a> that has ASAP.     </li>     <li>Complete the <a href=""http://www.fafsa.gov/"" target=""_blank""><u>Free Application for Federal Student Aid (FAFSA</u></a>) and the <a href=""http://www.hesc.ny.gov/"" target=""_blank""><u>New York State Tuition Assistance Program (TAP) application</u></a>.     </li>     <li>Accept your offer of admission.     </li>     <li>Complete all admissions requirements for your college, including the <a href=""http://www2.cuny.edu/academics/testing/""><u>CUNY Assessment Tests</u></a> if necessary.     </li>     <li>         <a href=""http://www1.cuny.edu/sites/asap/contact/""><u>Check your college's ASAP website</u></a> for information on additional requirements and next steps.     </li> </ul>"
