get_help_by_email,how_to_apply_or_enroll_online,program_name,get_help_in_person,heads_up,page_type,apply_online_call_to_action
"<p>     <strong>Email Pre-K admissions</strong> </p> <p>     Email <a href=""mailto:ESEnrollment.nyc.gov"">Pre-K admissions</a> if you have questions about getting into Pre-K. </p>","<ol>     <li>Use <a href=""https://maps.nyc.gov/upk/"" target=""_blank"">Pre-K Finder</a> to look at different programs before applying. Type in your address to see programs near you.     </li>     <li>Apply for the program(s) of your choice.     </li> </ol>",Pre-K for All,"<p>     <strong>Visit a Family Welcome Center</strong> </p> <p>     Visit a <a href=""http://nyc.gov/schools/welcomecenters"" target=""_blank"">Family Welcome Center</a> to learn more about Pre-K programs. </p>","<ul>     <li>Applications for the 2018 - 2019 school year open on February 5, 2018     </li>     <li>Requires proof of address and child\u2019s age     </li>     <li>Apply online, by phone, or in person     </li>     <li>Available for students with disabilities and students learning English     </li> </ul>",Program,Apply online
,"<ul>     <li>New Section 8/HCV applications are not being accepted at this time. The public will be notified when applications are being accepted again.     </li>     <li>If you previously submitted a Section 8 application when the waiting list was open, log on to the <a href=""https://on.nyc.gov/nycha-ss"" target=""_blank"">Self-Service Porta<u>l</u></a> to confirm the receipt of your NYCHA application.     </li> </ul>",Section 8 / Housing Choice Voucher Program,"<p>     <strong>Visit a NYCHA walk-in center</strong> </p> <p>     Bronx: 478 East Fordham Rd, 2nd Flr, Bronx, NY 10458 </p> <p>     Brooklyn: 787 Atlantic Ave, 2nd Flr, Brooklyn, NY 11238 </p>","<ul>     <li>As of May 14, 2007 applications for Section 8/HCV programs are not being accepted; the public will be notified when applications reopen and how to apply     </li>     <li>If you previously submitted a Section 8 application when the waiting list was open, log on to the <a href=""https://on.nyc.gov/nycha-ss"" target=""_blank"">Self-Service Portal</a> to confirm the receipt of your NYCHA application     </li>     <li>Affordable housing options are also available through <a href=""http://www1.nyc.gov/site/hpd/renters/find-housing.page"" target=""_blank"">NYC Housing Connect</a> and <a href=""http://www.nychdc.com/pages/Now-Renting.html"" target=""_blank"">NYC Housing Development Corporation</a>     </li>     <li>Never pay money to apply for Section 8 or public housing     </li>     <li>NYCHA, NYC Housing & Preservation Development, and NYS Home & Community Renewal all operate Section 8 programs in NYC     </li> </ul>",Program,Confirm receipt of your application
,"<ul>     <li>Apply to <a href=""https://application.nycsyep.com/"" target=""_blank"">Ladders for Leaders online</a> during the application period, which is usually in the late Fall and announced on the <a href=""https://www1.nyc.gov/site/dycd/services/jobs-internships/nyc-ladders-for-leaders.page"" target=""_blank"">DYCD website</a>.     </li>     <li>The application for Ladders for Leaders will only be available during that time.     </li> </ul>",NYC Ladders for Leaders,,"<ul>     <li>Apply in late Fall     </li>     <li>Internships usually start the first week in July. Work a minimum of 25 hours per week for a minimum of 6 weeks     </li>     <li>If under the age of 18, you must have working papers to participate     </li> </ul>",Program,Apply
,,Veterans Affairs Supported Housing,"<p>     <strong>Visit an office</strong> </p> <p>     Visit <a href=""https://access.nyc.gov/location/the-va-medical-center/"" target=""_blank"">VA Medical Center</a> in the Bronx (Mondays, Tuesdays and Fridays, 6:45 a.m. - 3:15 p.m.) or<br>     <a href=""https://access.nyc.gov/location/the-harbor-va-site/"" target=""_blank"">VA NY Harbor Site</a> in Manhattan (Mondays, 9:00 a.m. - 4:30 p.m. and Thursdays, 11:00 a.m. - 4:30 p.m.) for assistance. </p>","<ul>     <li>Call <a href=""tel:877-424-3838"">877-424-3838</a> to be connected with your local homeless program and apply     </li>     <li>Case management is an important part of the program, and you will be required to participate     </li>     <li>You must re-certify each year to keep your housing voucher     </li>     <li>You must contribute 30% of your monthly income towards rent, the voucher will cover the rest     </li> </ul>",Program,
,"<p>     You can use Discover DYCD to find programs in your area. To get started: </p> <ol>     <li>Go to the <a href=""http://www.dycdportal.nyc/discoverdycd/home"" target=""_blank"">Discover DYCD</a> website.     </li>     <li>Click \u201dShow Advanced Search"" in the ""Basic Search"" box.     </li>     <li>Select ""Youth Workforce Development"" from the ""All Programs"" dropdown and an ""OSY"" program from the ""All Sub-programs"" dropdown     </li> </ol>",Train & Earn\u200b,,"<ul>     <li>Available for youth 16 - 24 years old, who are not working and not in school     </li>     <li>College placement, HSE prep, and support services are also available     </li>     <li>Enroll at different times throughout the year     </li> </ul>",Program,Search for a program
"<p>     <strong>Email SCRIE</strong> </p> <p>     <a href=""http://nyc.gov/contactscrie"" target=""_blank"">Email SCRIE</a> for more information. </p>",<p>     SCRIE/DRIE online applications are temporarily unavailable while we work on a new and improved application. Please use the forms or walk-in location to apply. </p>,Senior Citizen Rent Increase Exemption,"<p>     <strong>Visit the SCRIE walk-in center</strong> </p> <p>     66 John St, 3rd Floor<br>     New York, NY, 10038<br>     Open Monday - Friday, 8:30 a.m.- 4:30 p.m. </p>","<ul>     <li>Once you apply, it takes 10 - 15 days to hear back     </li>     <li>You can qualify for SCRIE even if you have not filed your taxes     </li>     <li>You will need to send documents. Never mail your original documents, just copies     </li>     <li>You do not need your landlord's permission to apply     </li>     <li>Senior citizens who own homes, condominiums or private non-government supervised co-ops may be eligible for the SCRIE     </li>     <li>Apply online, by mail, by phone, or in person     </li> </ul>",Program,
,,Outpatient Services,,"<p>     There are two major types of outpatient mental health for children: clinic treatment and day treatment. </p> <ul>     <li>Clinic treatment services include:<br>         <ul>             <li>Assessment (psychiatric, psychosocial)             </li>             <li>Individual, family, and group therapy             </li>             <li>Managing medicine             </li>             <li>Case management             </li>             <li>Referrals to doctors<br>                 <br>             </li>         </ul>     </li>     <li>Day treatment program services include:<br>         <ul>             <li>Special education in small classes             </li>             <li>Treatment plans             </li>             <li>Managing medicine             </li>             <li>Individual, family, and group therapy             </li>             <li>Emergency help             </li>             <li>Interpersonal skill development             </li>         </ul>     </li> </ul>",Resource,
,,Home Energy Assistance Program,"<p>     <strong>Visit a HEAP Office</strong> </p> <p>     Visit a <a href=""https://access.nyc.gov/locations/?programs=6871"" target=""_blank"">HEAP office</a> to get help in person. </p>","<ul>     <li>You can apply for HEAP every year between November and March     </li>     <li>You may still be able to receive benefits even if your utilities are included in your rent     </li>     <li>Emergency benefits are available if your heat has been turned off or is in danger of being turned off     </li>     <li>Requires proof of address, social security number, income, and your utility bills (if you pay utilities)     </li> </ul>",Program,
,"<ul>     <li>To apply for public housing, you must submit an application on the <a href=""https://apply.nycha.info/"" target=""_blank"">NYCHA website</a>.     </li>     <li>After you apply, you will be assigned a case number and put on a waiting list for an eligibility interview.     </li>     <li>Use the <a href=""https://selfserve.nycha.info/eservice_enu/start.swe?SWECmd=Start&amp;SWEHo=selfserve.nycha.info"" target=""_blank"">self-service portal</a> to check your status at any time. You'll need to register and log in.     </li> </ul>",Public Housing,"<p>     <strong>NYCHA Customer Contact Centers are located at:</strong> </p> <p>     <strong><a href=""https://access.nyc.gov/location/customer-contact-center-bronx-manhattan-queens/"" target=""_blank"">Bronx Customer Contact Center</a><br></strong> 478 East Fordham Road (1 Fordham Plaza), 2nd Floor<br>     Bronx, NY 10458 </p> <p>     <strong><a href=""https://access.nyc.gov/location/customer-contact-center-brooklyn-staten-island-queens/"" target=""_blank"">Brooklyn Customer Contact Center</a></strong><br>     787 Atlantic Avenue, 2nd Floor<br>     Brooklyn, NY 11238 </p>","<ul>     <li>Rent is based on your family's income. Most buildings have electricity and gas included in the rent.     </li>     <li>You do not need to be a citizen to apply. However, at least one person who lives with you must be a citizen or have legal immigration status.     </li>     <li>Accessible apartments are available for people with disabilities. Some apartments have been modified and are available for persons with mobility impairments. Other reasonable accommodations can be made as well.     </li>     <li>Affordable housing options are also available through <a href=""http://www1.nyc.gov/site/hpd/renters/find-housing.page"" target=""_blank"">NYC Housing Connect</a> and <a href=""http://www.nychdc.com/pages/Now-Renting.html"" target=""_blank"">NYC Housing Development Corporation</a>     </li> </ul>",Program,Apply online
"<p>     <strong>Text a counselor now</strong> </p> <p>     Text WELL to <a href=""sms:65173"">65173</a> at anytime to communicate with a counselor. When prompted text:<br> </p> <ul>     <li>1 for English     </li>     <li>2 for Spanish     </li>     <li>3 for Chinese     </li> </ul>",,NYC Well,"<p>     <strong>Chat with a counselor now</strong> </p> <p>     Go to the <a href=""https://nycwell.cityofnewyork.us/en/get-help-now/chat-with-a-counselor-now/"" target=""_blank"">NYC Well website to chat</a> with a counselor at anytime. </p>","<ul>     <li>You can get access to services in more than 200 languages     </li>     <li>Counselors are available everyday, at any hour of the day     </li>     <li>You can also get help finding long-term counseling and scheduling appointments     </li> </ul>",Resource,
,"<p>     To request more information on applying visit the <a href=""https://maps.nyc.gov/3k/#form-page"" target=""_blank""><u>3-K for All website</u></a>. <a href=""http://nyc.gov/3k"" target=""_blank""></a> </p>",3-K for All,"<p>     <strong>Visit a Family Welcome Center</strong> </p> <p>     Visit a <a href=""http://nyc.gov/schools/welcomecenters"" target=""_blank""><u>Family Welcome Center</u></a> to learn more about 3-K programs. </p>","<ul>     <li>If you have a child born in 2015 and want to learn more, visit the <a href=""https://maps.nyc.gov/3k/#form-page"" target=""_blank"">3-K for All website</a> or call <a href=""tel:311"">311</a>.     </li>     <li>The City will expand to two additional school districts each year. These districts include:         <ul>             <li>2019-20: District 9 (Grand Concourse, Highbridge, Morrisania) and District 31 (Staten Island).             </li>             <li>2020-21: District 19 (East New York) and District 29 (Cambria Heights, Hollis, Laurelton, Queens Village, Springfield Gardens, St. Albans).             </li>         </ul>     </li> </ul>",Program,Find out how to apply
"<p>     <strong>Email your questions</strong> </p> <p>     <a href=""mailto:NYCYLC.nyc.gov""><u>Email the Youth Leadership Council</u></a> if you have questions about this program. </p>",<p>     Apply on the YLC website. </p>,NYC Youth Leadership Councils,,<ul>     <li>Available to youth in high school and in high school equivalent (HSE) programs     </li>     <li>For youth ages 14 - 21     </li>     <li>No prior leadership experience is required     </li> </ul>,Program,Request an application
,,EarlyLearn NYC Head Start,"<p>     <strong>Visit a center</strong> </p> <p>     Visit an <a href=""https://access.nyc.gov/locations/?programs=6867"" target=""_blank"">EarlyLearn center</a> near you to get help in person.<br> </p>","<ul>     <li>Care is only available at centers     </li>     <li>If you are receiving Cash Assistance and in an HRA-approved work, education, or training activity you are probably eligible     </li>     <li>Pre-K is offered to all four year olds in partnership with the NYC Department of Education     </li>     <li>Services are available for children with special needs     </li> </ul>",Service,
"<p>     <strong>Email ECDC</strong> </p> <p>     Email the ECDC in your borough for more information: <a href=""mailto:maura.org"">Bronx</a>, <a href=""mailto:ksamet.org"">Brooklyn</a>, <a href=""mailto:mrubinst.org"">Manhattan</a>, <a href=""mailto:cwarkala.org"">Queens</a>, <a href=""mailto:Lkennedy30.edu"">Staten Island</a>. </p>",,Early Childhood Direction Centers,"<p>     <strong>Visit a ECDC</strong> </p> <p>     Find an <a href=""http://www.p12.nysed.gov/specialed/techassist/ecdc/locations.htm"" target=""_blank"">ECDC</a> in your neighborhood to get help in person. </p>","<ul>     <li>Services are free for children and their families     </li>     <li>Centers are available in each borough     </li>     <li>Free training sessions offered     </li>     <li>Information about pre-school services, day care, evaluations, and more     </li> </ul>",Service,
,,Jobs Plus,,"<ul>     <li>Jobs Plus is available at 27 NYCHA developments across 10 sites.     </li>     <li>Participants can also enroll in the <a href=""http://opportunitynycha.org/about-financial-empowerment/rent-incentives/"" target=""_blank"">Earned Income Disallowance (EID) program</a> to prevent rent increases once they find a job or get a raise.     </li> </ul>",Program,
,,Commodity Supplemental Food Program,"<p>     <strong>Visit a CSFP location</strong> </p> <p>     Visit a <a href=""https://access.nyc.gov/locations/?programs=6862"" target=""_blank"">CSFP site</a> near you to get help in person. </p>","<ul>     <li>Requires proof of identity, address, and income     </li>     <li>You can get CSFP even if you are receiving SNAP     </li>     <li>You, or someone representing you, will pick up the food once a month at one of the four distribution sites     </li> </ul>",Program,
,,Safe Sleep Initiative,,"<ul>     <li>For more information about infant sleep, see <a href=""http://www1.nyc.gov/site/acs/about/safe-sleep-faq.page"" target=""_blank"">frequently asked questions</a>, download the <a href=""https://www1.nyc.gov/assets/acs/pdf/about/2017/safesleepbrochure0609.pdf"" target=""_blank"">Safe Sleep brochure</a>, or watch the <a href=""https://youtu.be/ZLeL_LqieMI"" target=""_blank"">Safe Sleep video</a>.     </li>     <li>Low-income ACS-involved families can get a crib, which is delivered and set up in their home.     </li>     <li>Eligible families can receive a crib at a <a href=""https://www1.nyc.gov/site/doh/health/neighborhood-health/neighborhood-health-action-centers.page"" target=""_blank"">Neighborhood Health Action Center</a> or community-based organization in their borough.     </li> </ul>",Resource,
,"<ul>     <li>To apply for public housing, you must submit an application on the <a href=""https://apply.nycha.info/"" target=""_blank"">NYCHA website</a>.     </li>     <li>After you apply, you will be assigned a case number and put on a waiting list for an eligibility interview.     </li>     <li>Use the <a href=""https://selfserve.nycha.info/eservice_enu/start.swe?SWECmd=Start&amp;SWEHo=selfserve.nycha.info"" target=""_blank"">self-service portal</a> to check your status at any time. You'll need to register and log in.     </li> </ul>",Public Housing,"<p>     <strong>NYCHA Customer Contact Centers are located at:</strong> </p> <p>     <strong><a href=""https://access.nyc.gov/location/customer-contact-center-bronx-manhattan-queens/"" target=""_blank"">Bronx Customer Contact Center</a><br></strong> 478 East Fordham Road (1 Fordham Plaza), 2nd Floor<br>     Bronx, NY 10458 </p> <p>     <strong><a href=""https://access.nyc.gov/location/customer-contact-center-brooklyn-staten-island-queens/"" target=""_blank"">Brooklyn Customer Contact Center</a></strong><br>     787 Atlantic Avenue, 2nd Floor<br>     Brooklyn, NY 11238 </p>","<ul>     <li>Rent is based on your family's income. Most buildings have electricity and gas included in the rent.     </li>     <li>You do not need to be a citizen to apply. However, at least one person who lives with you must be a citizen or have legal immigration status.     </li>     <li>Accessible apartments are available for people with disabilities. Some apartments have been modified and are available for persons with mobility impairments. Other reasonable accommodations can be made as well.     </li>     <li>Affordable housing options are also available through <a href=""http://www1.nyc.gov/site/hpd/renters/find-housing.page"" target=""_blank"">NYC Housing Connect</a> and <a href=""http://www.nychdc.com/pages/Now-Renting.html"" target=""_blank"">NYC Housing Development Corporation</a>     </li> </ul>",Program,Apply online
"<p>     <strong>Email your questions</strong> </p> <p>     <a href=""mailto:HSEnrollment.nyc.gov"">Email the High School Admissions team</a> with questions about applying. </p>","<p>     To apply for admission to a public high school: </p> <ol>     <li>Visit <a href=""http://app.bronto.com/t/l?ssid=4776&amp;subscriber_id=bpoodwbawwvylbzfifslbjpsdmkzbbm&amp;delivery_id=avrbhhzshlfzjwfwzeuqyufrirybbce&amp;td=9yWbDVN0mB36O2cIzTouCQWrpk6bgx7E5xawCisi_rGgRpKUAlMuXHuiyHL09YDwRPvln_RxgubkRx7nPCNs-HHRyofj3L_p2cgoav4uaepYFKN0UTar4AP8bN6gCQkjdf32t8TAQyQYLMTtLnWEza00fLixDyBde76VmBxPDc4aMW8F1Lm8eH4Akf8gHRf-o2oVusiA5k6OGHoXWDSYADOP_TvpVZ7DwrEqi6D7HOZJNdYgYyiA8NEg"" target=""_blank"">MySchools.nyc</a> and set up your account. Speak with your school counselor if you need help. You will need your:         <ul>             <li>Student ID number             </li>             <li>Account creation code (PIN)             </li>         </ul>     </li>     <li>Use <a href=""http://app.bronto.com/t/l?ssid=4776&amp;subscriber_id=bpoodwbawwvylbzfifslbjpsdmkzbbm&amp;delivery_id=avrbhhzshlfzjwfwzeuqyufrirybbce&amp;td=9yWbDVN0mB36O2cIzTouCQWrpk6bgx7E5xawCisi_rGgRpKUAlMuXHuiyHL09YDwRPvln_RxgubkRx7nPCNs-HHRyofj3L_p2cgoav4uaepYFKN0UTar4AP8bN6gCQkjdf32t8TAQyQYLMTtLnWEza00fLixDyBde76VmBxPDc4aMW8F1Lm8eH4Akf8gHRf-o2oVusiA5k6OGHoXWDSYADOP_TvpVZ7DwrEqi6D7HOZJNdYgYyiA8NEg"" target=""_blank"">MySchools</a> to explore high school programs based on your interests, location, and more.     </li>     <li>Select up to 12 choices to add to your application in your true order of preference, and submit it by the deadline.     </li> </ol> <p>     If you just moved to NYC talk to your school counselor or visit a <a href=""https://www.schools.nyc.gov/enrollment/enrollment-help/family-welcome-centers"">Family Welcome Center</a>. </p> <p>     If you want to apply to a specialized high school, contact your guidance counselor in September to request an admissions ticket for the test. </p>",High School,"<p>     <strong>Visit a Family Welcome Center</strong> </p> <p>     Visit a <a href=""https://www.schools.nyc.gov/enrollment/enrollment-help/family-welcome-centers"" target=""_blank"">Family Welcome Center</a> to get help in person. </p>","<ul>     <li>Students interested in <a href=""https://www.schools.nyc.gov/enrollment/enroll-grade-by-grade/specialized-high-schools"" target=""_blank"">Specialized High Schools</a> must audition or take an admissions test     </li>     <li>Students with disabilities and English Language Learners (ELL) may apply to any high school program     </li>     <li>The <a href=""http://schools.nyc.gov/NR/rdonlyres/73F780D0-CDA2-4122-837E-430F0F9F068E/0/HighSchoolApplicationActionChecklist.pdf"" target=""_blank"">application checklist</a> can help keep you on track with key dates.     </li> </ul>",Service,Explore your choices
,,NYC Family Justice Centers,"<p>     <strong>Visit a Family Justice Center</strong> </p> <p>     Find a <a href=""http://www1.nyc.gov/site/ocdv/programs/family-justice-centers.page"" target=""_blank"">Family Justice Center</a> in your borough to speak with a counselor. </p>","<ul>     <li>Call the NYC Domestic Violence Hotline at <a href=""tel:800-621-4673"">800-621-4673</a> or <a href=""tel:800-810-7444"">800-810-7444</a> (if you are hearing impaired), or call <a href=""tel:311"">311</a> and ask for the Domestic Violence Hotline     </li>     <li>Call 911 if you are in danger and need immediate help.     </li>     <li>You don't need to make an appointment to visit a Family Justice Center     </li>     <li>Services are free, confidential, and most are available at one location     </li>     <li>You can get help no matter your immigration status     </li>     <li>Staff speak more than 30 languages and interpreters are available     </li>     <li>Childcare is available while you are receiving services     </li> </ul>",Service,
,"<p>     You can use Discover DYCD to find programs in your area. To get started: </p> <ol>     <li>Go to the <a href=""http://www.dycdportal.nyc/discoverdycd/home"" target=""_blank"">Discover DYCD website</a>.     </li>     <li>Select ""jobs & internships"" in the category field.     </li>     <li>Enter your borough and neighborhood, or zip code to begin searching.     </li> </ol>",Learn & Earn (formerly the In-School Youth Program),"<p>     <strong>Visit a center</strong><br> </p> <p>     Find a <a href=""https://access.nyc.gov/locations/?programs=8837"" target=""_blank"">center</a> to get help in person. </p>",<ul>     <li>Must have a Social Security Number     </li>     <li>Must be able to work legally in US     </li>     <li>Enroll between September 1 - 30     </li> </ul>,Program,Search online
"<p>     <strong>Email your questions</strong> </p> <p>     <a href=""mailto:MSEnrollment.nyc.gov"">Email the Middle School Admissions team</a> with questions about applying. </p>",,Middle School,"<p>     <strong>Visit a Family Welcome Center</strong> </p> <p>     Visit a <a href=""https://www.schools.nyc.gov/enrollment/enrollment-help/family-welcome-centers"" target=""_blank"">Family Welcome Center</a> to get help in person. </p>","<ul>     <li>Students with disabilities follow the same admission process as all other students     </li>     <li>English Language Learners (ELL) also follow the same admission process as other students; they can also consider applying to programs that screen for language where they might get priority     </li>     <li>All student who are eligible for middle school should submit an application, even students planning on attending their zoned school or continuing in K-8 schools     </li>     <li>Students eligible for middle school will receive a personalized application that includes each middle school program they can apply to each November     </li> </ul>",Program,
,"<ul>     <li>Apply to <a href=""https://application.nycsyep.com/"" target=""_blank"">Ladders for Leaders online</a> during the application period, which is usually in the late Fall and announced on the <a href=""https://www1.nyc.gov/site/dycd/services/jobs-internships/nyc-ladders-for-leaders.page"" target=""_blank"">DYCD website</a>.     </li>     <li>The application for Ladders for Leaders will only be available during that time.     </li> </ul>",NYC Ladders for Leaders,,"<ul>     <li>Apply in late Fall     </li>     <li>Internships usually start the first week in July. Work a minimum of 25 hours per week for a minimum of 6 weeks     </li>     <li>If under the age of 18, you must have working papers to participate     </li> </ul>",Program,Apply
,<p>     The City can help you find a website where you can file your taxes for free. </p>,Child Tax Credit,"<p>     <strong>Visit a tax prep location</strong> </p> <p>     Visit a <a href=""https://access.nyc.gov/locations/?programs=6861"" target=""_blank"">tax prep location</a> to get help filing your taxes in person.<br> </p>","<ul>     <li>File your taxes by April 17, 2018     </li>     <li>The child or dependent must be a US citizen or resident and must have lived with you for over half the year to qualify     </li>     <li>You can claim your child, stepchild, adopted child, foster child, grandchild, or great-grandchild     </li>     <li>If you have siblings, step-siblings, or half-siblings that live with you, you can also claim them     </li>     <li>If you qualify, the government mails your refund or deposits it into your bank account     </li>     <li>Refunds for filers who claim CTC will not be distributed until February 15     </li> </ul>",Benefit,File online
,,Living for the Young Family Through Education,,,Program,
,,Newborn Home Visiting Program,,"<ul>     <li>Spanish-speaking nurses are also available     </li>     <li>Mothers receive two-to-three hour-long home visits and a follow up phone call     </li>     <li>All mothers who live in Department of Homeless Services shelters are eligible     </li>     <li>Women can be eligible, regardless of immigration status     </li> </ul>",Service,
"<p>     <strong>Email Pre-K admissions</strong> </p> <p>     Email <a href=""mailto:ESEnrollment.nyc.gov"">Pre-K admissions</a> if you have questions about getting into Pre-K. </p>","<ol>     <li>Use <a href=""https://maps.nyc.gov/upk/"" target=""_blank"">Pre-K Finder</a> to look at different programs before applying. Type in your address to see programs near you.     </li>     <li>Apply for the program(s) of your choice.     </li> </ol>",Pre-K for All,"<p>     <strong>Visit a Family Welcome Center</strong> </p> <p>     Visit a <a href=""http://nyc.gov/schools/welcomecenters"" target=""_blank"">Family Welcome Center</a> to learn more about Pre-K programs. </p>","<ul>     <li>Applications for the 2018 - 2019 school year open on February 5, 2018     </li>     <li>Requires proof of address and child\u2019s age     </li>     <li>Apply online, by phone, or in person     </li>     <li>Available for students with disabilities and students learning English     </li> </ul>",Program,Apply online
,,Reproductive Health Care,"<p>     <strong>Visit a health care center</strong> </p> <p>     Find a <a href=""http://www.nychealthandhospitals.org/health_care/"" target=""_blank""><u>health care location</u></a> near you to get help in person. </p>","<ul>     <li>Care is provided to all women, regardless of your ability to pay     </li>     <li>NYC Health + Hospitals can help you find insurance if you need it     </li>     <li>Information about your immigration status is kept private     </li>     <li>Translation and interpretative services are available in 190 languages     </li>     <li>Youth twelve and older can get private sexual and reproductive services at <a href=""http://nycyouthhealth.org/"" target=""_blank""><u>YouthHealth Centers</u></a>     </li> </ul>",Service,
,<p>     The City can help you find a website where you can file your taxes for free. </p>,Earned Income Tax Credit,"<p>     <strong>Visit a tax prep location</strong> </p> <p>     Visit a <a href=""https://access.nyc.gov/locations/?programs=6868"" target=""_blank"">tax prep location</a> to get help filing your taxes in person. </p>","<ul>     <li>File your taxes by April 17, 2018     </li>     <li>To qualify you must have earned income from working for someone or from running or owning a business or farm and meet basic rules     </li>     <li>You\u2019ll need to file your federal and New York State tax returns to claim EITC     </li>     <li>If you qualify for the EITC, the City can help you file your taxes for free with NYC Free Tax prep     </li>     <li>If you qualify, the government mails your refund or deposits it into your bank account     </li>     <li>If you owe the government money, be aware that late filing penalties may apply for filing after April 17, 2018     </li>     <li>Refunds for filers who claim EITC will not be distributed until February 15<br>     </li> </ul>",Benefit,File online
"<p>     <strong>Email a Parent Center</strong> </p>Email a Parent Center for more information:<br> <ul>     <li>         <a href=""mailto:roverton.org"">Bronx, Brooklyn, Manhattan, and Queens</a>,     </li>     <li>         <a href=""mailto:siptp.com"">Staten Island</a>.     </li> </ul>",,Special Education Parent Centers,"<p>     <strong>Visit a center</strong> </p> <p>     Find a <a href=""http://www.p12.nysed.gov/specialed/techassist/parentcenters.htm"" target=""_blank"">center</a> to get help in person. </p>",<ul>     <li>Services for students and families are offered at no cost     </li>     <li>Training sessions are also offered at no cost     </li> </ul>,Service,
,,Primary and Preventive Health Care,"<p>     <strong>Visit a heath care center</strong><br>     <br>     Find a <a href=""http://www.nychealthandhospitals.org/health_care/"" target=""_blank""><u>child health center location</u></a> near you to get help in person. </p>","<ul>     <li>Children can also get health care at <a href=""https://growingupnyc.cityofnewyork.us/programs/school-based-health-centers/"" target=""_blank""><u>School-Based Health Centers</u></a>     </li>     <li>All children can get care, regardless of your ability to pay or immigration status     </li>     <li>NYC Health + Hospitals can help your family find insurance if you need it     </li>     <li>Youth twelve and older can get private sexual and reproductive services and <a href=""http://nycyouthhealth.org/"" target=""_blank""><u>YouthHealth Centers</u></a>     </li> </ul>",Service,
,,Health Bucks,,,Benefit,
,"<ol>     <li>Go to <a href=""https://a069-access.nyc.gov/ACCESSNYC/application.do"" target=""_blank"">ACCESS HRA</a>.     </li>     <li>Create an ACCESS HRA account or log in to an existing one.     </li>     <li>Fill out the SNAP application and submit it.     </li>     <li>Send your documents to HRA in one of the following ways.         <ol>             <li>Scan your documents using the NYC HRA Document Upload app available for free on the <a href=""https://appsto.re/us/9s9N_.i"" target=""_blank"">iTunes Store</a> (for iPhones) or the <a href=""https://play.google.com/store/apps/details?id=gov.nyc.hra.DocUploads"" target=""_blank"">GooglePlay Store</a> (for Android phones).             </li>             <li>Mail copies of your documents to: PO Box 29008, Brooklyn, NY, 11202-9816.             </li>             <li>Take your documents to your local <a href=""https://access.nyc.gov/wp-content/uploads/2017/12/FIA-1138_CBOlist.pdf"" target=""_blank"">Community Based Organizations (CBOs)</a> to submit to HRA.             </li>         </ol>     </li>     <li>After you submit your application, you will be contacted to do an eligibility interview. You can do your interview over the telephone without having to come into a SNAP center.<br>     </li>     <li>You can check the status of your application by going to <a href=""https://a069-access.nyc.gov/ACCESSNYC/application.do"" target=""_blank"">ACCESS HRA</a>.     </li>     <li>You will need to recertify for SNAP once every year. The SNAP office will mail you a recertification packet for you to complete and mail back to HRA or recertify online on ACCESS HRA. Once you submit your recertification, you will be able to set up your preferred interview date and time by calling the On Demand interview phone line at <a href=""tel:718-762-7669"">718-SNAP-Now</a> (<a href=""tel:718-762-7669"">718-762-7669</a>).     </li> </ol>",Supplemental Nutrition Assistance Program,"<p>     <strong>Visit a SNAP Center or Community Organization</strong> </p> <p>     Find a <a href=""https://access.nyc.gov/locations/?programs=6887"" target=""_blank"">SNAP center</a> near you. </p> <p>     Find your <a href=""http://www1.nyc.gov/assets/hra/downloads/pdf/services/snap/CBO_EASE_SITES.pdf"" target=""_blank"">local community-based organization</a>. </p>","<ul>     <li>If you are eligible, you will receive your benefits within 30 days     </li>     <li>You must be a US citizen or have satisfactory immigration status to receive SNAP; a worker will help you determine your status when you apply     </li>     <li>Requires proof of identity, where you live, and income     </li>     <li>You can allow someone who knows your household situation apply for you     </li>     <li>Apply online, in person, by fax, or by mail     </li>     <li>You will have to complete an interview after you submit your application     </li>     <li>SNAP recipients in New York City ages 16 and over are eligible for discounted Citi Bike memberships. For $5 per month, you'll get unlimited 45-minute rides and access to thousands of bikes across Manhattan, Brooklyn, Queens and Jersey City. <a href=""https://try.citibikenyc.com/snap-nyc/"" target=""_blank"">Enter your EBT card number to verify your eligibility</a>.     </li> </ul>",Benefit,Apply online
,<p>     Visit the NY State of Health website to enroll in coverage online if you are under 65 years old.<br> </p>,Health Insurance Assistance,"<p>     <strong>Get help in person</strong> </p> <p>     Find a <a href=""http://www1.nyc.gov/apps/311utils/providerInformation.htm?serviceId=3820"" target=""_blank"">free health insurance assistor</a> to get help in person. You can download and print a paper application.<br> </p>","<ul>     <li>Open enrollment through the NY State of Health Marketplace is from November to January each year     </li>     <li>Options are available for all New Yorkers, even if you are not a citizen     </li>     <li>Obtaining health insurance helps you to pay for planned or unexpected medical care     </li> </ul>",Benefit,Enroll online
,,NYCitizenship,,"<ul>     <li>Meet with a <strong>FREE</strong> immigration attorney to help you determine if you qualify to apply for U.S. citizenship     </li>     <li>If you qualify for a fee waiver, apply for citizenship for free with no application fee     </li>     <li>Receive free and confidential financial counseling     </li>     <li>An appointment is required to get help. Call <a href=""tel:311"">311</a> and say ""Citizenship appointment\u201d     </li>     <li>As a U.S citizen, you can vote in elections, apply for a U.S passport, access more jobs and more     </li> </ul>",Program,
,<p>     The City can help you find a website where you can file your taxes for free. </p>,Child Tax Credit,"<p>     <strong>Visit a tax prep location</strong> </p> <p>     Visit a <a href=""https://access.nyc.gov/locations/?programs=6861"" target=""_blank"">tax prep location</a> to get help filing your taxes in person.<br> </p>","<ul>     <li>File your taxes by April 17, 2018     </li>     <li>The child or dependent must be a US citizen or resident and must have lived with you for over half the year to qualify     </li>     <li>You can claim your child, stepchild, adopted child, foster child, grandchild, or great-grandchild     </li>     <li>If you have siblings, step-siblings, or half-siblings that live with you, you can also claim them     </li>     <li>If you qualify, the government mails your refund or deposits it into your bank account     </li>     <li>Refunds for filers who claim CTC will not be distributed until February 15     </li> </ul>",Benefit,File online
,"<p>     To join ASAP, follow these easy steps: </p> <ul>     <li>         <a href=""http://www1.cuny.edu/sites/asap/how-to-apply/"" target=""_blank""><u>Apply to a CUNY college</u></a> that has ASAP.     </li>     <li>Complete the <a href=""http://www.fafsa.gov/"" target=""_blank""><u>Free Application for Federal Student Aid (FAFSA</u></a>) and the <a href=""http://www.hesc.ny.gov/"" target=""_blank""><u>New York State Tuition Assistance Program (TAP) application</u></a>.     </li>     <li>Accept your offer of admission.     </li>     <li>Complete all admissions requirements for your college, including the <a href=""http://www2.cuny.edu/academics/testing/""><u>CUNY Assessment Tests</u></a> if necessary.     </li>     <li>         <a href=""http://www1.cuny.edu/sites/asap/contact/""><u>Check your college's ASAP website</u></a> for information on additional requirements and next steps.     </li> </ul>",Accelerated Study in Associate Programs,"<p>     <strong>Visit the Welcome Center</strong> </p> <p>     Drop by the <a href=""http://www2.cuny.edu/admissions/undergraduate/welcomecenter/""><u>CUNY Welcome Center</u></a> for help with your CUNY application and to learn more about other CUNY programs. </p> <p>     217 E. 42nd St.<br>     New York, NY 1001 </p>","<ul>     <li>ASAP is offered at <a href=""http://www1.cuny.edu/sites/asap/join-asap/#join-us"" target=""_blank""><u>9 CUNY colleges</u></a> in all five boroughs     </li>     <li>Students must complete the <a href=""http://www.fafsa.gov/""><u>FAFSA</u></a> and New York State <a href=""http://www.hesc.ny.gov/""><u>TAP</u></a> application each year, and accept any <a href=""http://www2.cuny.edu/financial-aid/federal-and-state-grants/""><u>federal and state grant aid</u></a> awarded (Pell, SEOG, TAP)     </li>     <li>An ASAP-like program, <a href=""http://www.jjay.cuny.edu/ace-john-jay""><u>ACE (Accelerate, Complete, Engage)</u></a>, provides the same benefits as ASAP and available to students at John Jay College of Criminal Justice     </li> </ul>",Program,Apply to CUNY
,,Summer Meals,,"<ul>     <li>No registration, documentation, or ID is required to receive a free breakfast or lunch meal     </li>     <li>For children 18 and under     </li>     <li>Find <a href=""http://www.schoolfoodnyc.org/sch_search/summermeals.aspx"" target=""_blank"">Free Summer Meals locations</a>     </li> </ul>",Program,
"<p>     <strong>Text a counselor now</strong> </p> <p>     Text WELL to <a href=""sms:65173"">65173</a> at anytime to communicate with a counselor. When prompted text:<br> </p> <ul>     <li>1 for English     </li>     <li>2 for Spanish     </li>     <li>3 for Chinese     </li> </ul>",,NYC Well,"<p>     <strong>Chat with a counselor now</strong> </p> <p>     Go to the <a href=""https://nycwell.cityofnewyork.us/en/get-help-now/chat-with-a-counselor-now/"" target=""_blank"">NYC Well website to chat</a> with a counselor at anytime. </p>","<ul>     <li>You can get access to services in more than 200 languages     </li>     <li>Counselors are available everyday, at any hour of the day     </li>     <li>You can also get help finding long-term counseling and scheduling appointments     </li> </ul>",Resource,
,<p>     The City can help you find a website where you can file your taxes for free.<br> </p>,Child and Dependent Care Tax Credit,"<p>     <strong>Visit a tax prep location</strong> </p> <p>     Visit a <a href=""https://access.nyc.gov/locations/?programs=6875"" target=""_blank"">tax prep location</a> to get help filing your taxes in person. </p>","<ul>     <li>File your taxes by April 17, 2018     </li>     <li>The tax credit equals 20-to-35 percent of what you spent on care for a child 12 and under     </li>     <li>If you qualify, the government mails your refund or deposits it into your bank account     </li>     <li>Single parents and custodial divorced parents can also qualify for this credit     </li> </ul>",Benefit,File online
"<p>     <strong>Email the Department of Finance</strong> </p> <p>     Email the <a href=""http://www1.nyc.gov/site/finance/about/contact-by-email/contact-exemptions-inquiries.page"" target=""_blank"">Department of Finance</a> if you have questions about this program. </p>",,Veterans' Property Tax Exemption,"<p>     <strong>Visit an office</strong> </p> <p>     Visit a <a href=""http://www1.nyc.gov/site/finance/pay-now/person.page"" target=""_blank"">Department of Finance office</a> to get help in person.<br> </p>","<ul>     <li>Your application needs to be postmarked by March 15 in order for your benefits to start on July 1. If March 15 is on a weekend, then the deadline will be the next business day     </li>     <li>         <a href=""http://webapps.nyc.gov:8084/CICS/fin1/find001I"" target=""_blank"">Determine the borough, block, and lot (BBL)</a> for your property using link or checking information on current property tax bill     </li> </ul>",Program,
,,Emergency Food Assistance Program,"<p>     <strong>Visit food assistance locations</strong> </p> <p>     Visit the nearest active <a href=""https://access.nyc.gov/locations/?&amp;programs=15061"" target=""_blank"">Emergency Food Assistance Program</a>. </p>","<ul>     <li>For urgent food and hunger needs, call the Emergency Food Hotline at <a href=""tel:866-888-8777"">866-888-8777</a>. You'll be provided with hours of operation and directions to the nearest food pantries and community kitchens     </li>     <li>Everyone is eligible for emergency food assistance, regardless of immigration status or how much money you have     </li>     <li>Food pantries and community kitchens exist in all five boroughs     </li>     <li>If you often need help buying food, use <a href=""https://access.nyc.gov/"" target=""_blank"">ACCESS NYC</a> to see if you're eligible for SNAP (food stamps) and other benefits     </li>     <li>Some locations offer kosher food     </li> </ul>",Program,
,,Family Resource Centers,,"<ul>     <li>Some FRCs offer services in a range of languages, including Spanish, Cantonese, Mandarin, Chinese, French, and Creole     </li>     <li>The Bronx, Brooklyn, Manhattan, and Queens each have two FRCs, and Staten Island has one     </li>     <li>Services can be directed to the parent/caregiver or their child     </li> </ul>",Resource,
"<p>     <strong>Email STAR</strong> </p> <p>     Email the <a href=""http://www1.nyc.gov/site/finance/about/contact-by-email/contact-exemptions-inquiries.page"" target=""_blank"">NYC Department of Finance</a> if you have question about STAR. </p>",<p>     You can register for the STAR credit online in just a few minutes. Your application will be reviewed automatically to see if you are eligible for Basic or Enhanced STAR. </p>,School Tax Relief Program,"<p>     <strong>Visit a center</strong><br> </p> <p>     Find a <a href=""http://www1.nyc.gov/site/finance/about/contact-us.page"" target=""_blank"">center</a> to get help in person. </p>","<ul>     <li>Basic STAR is for all homeowners and worth about $300 credit, Enhanced STAR is for people 65 and older and is worth about $600     </li>     <li>If you\u2019re eligible for the STAR credit, you\u2019ll receive a check for the amount of your STAR savings<br>     </li>     <li>Senior citizens getting STAR may also be eligible for the Senior Citizens Homeowners\u2019 Exemption (SCHE)<br>     </li>     <li>You do <strong>not</strong> need to register for STAR if you are a longtime homeowner with an existing STAR exemption<br>     </li> </ul>",Benefit,Register online
,<p>     Visit the NY State of Health website to enroll in coverage online if you are under 65 years old.<br> </p>,Health Insurance Assistance,"<p>     <strong>Get help in person</strong> </p> <p>     Find a <a href=""http://www1.nyc.gov/apps/311utils/providerInformation.htm?serviceId=3820"" target=""_blank"">free health insurance assistor</a> to get help in person. You can download and print a paper application.<br> </p>","<ul>     <li>Open enrollment through the NY State of Health Marketplace is from November to January each year     </li>     <li>Options are available for all New Yorkers, even if you are not a citizen     </li>     <li>Obtaining health insurance helps you to pay for planned or unexpected medical care     </li> </ul>",Benefit,Enroll online
,"<p>     You can use Discover DYCD to find programs in your area. To get started: </p> <ol>     <li>Go to the <a href=""http://www.dycdportal.nyc/discoverdycd/home"" target=""_blank""><u>Discover DYCD</u></a> website.     </li>     <li>Click ""Show Advanced Search"" in the ""Basic Search"" box     </li>     <li>Select ""Young Adult Internship Programs"" from the ""All Programs"" dropdown     </li> </ol>",Intern & Earn (formerly the Young Adult Internship Program),"<p>     <strong>Visit the website</strong><br>     <br>     Visit the <a href=""https://www1.nyc.gov/site/dycd/services/jobs-internships/young-adult-internship-program-yaip.page"" target=""_blank""><u>DYCD website</u></a> for more information. </p>","<ul>     <li>Programs are free and available to youth ages 16-24 who are not in school and not working     </li>     <li>Enrollment is at different times throughout the year     </li>     <li>Job placement is available in many industries, including construction, hospitality, healthcare, and retail     </li> </ul>",Program,Find a program
,,Home Energy Assistance Program,"<p>     <strong>Visit a HEAP Office</strong> </p> <p>     Visit a <a href=""https://access.nyc.gov/locations/?programs=6871"" target=""_blank"">HEAP office</a> to get help in person. </p>","<ul>     <li>You can apply for HEAP every year between November and March     </li>     <li>You may still be able to receive benefits even if your utilities are included in your rent     </li>     <li>Emergency benefits are available if your heat has been turned off or is in danger of being turned off     </li>     <li>Requires proof of address, social security number, income, and your utility bills (if you pay utilities)     </li> </ul>",Program,
"<p>     <strong>Email ECDC</strong> </p> <p>     Email the ECDC in your borough for more information: <a href=""mailto:maura.org"">Bronx</a>, <a href=""mailto:ksamet.org"">Brooklyn</a>, <a href=""mailto:mrubinst.org"">Manhattan</a>, <a href=""mailto:cwarkala.org"">Queens</a>, <a href=""mailto:Lkennedy30.edu"">Staten Island</a>. </p>",,Early Childhood Direction Centers,"<p>     <strong>Visit a ECDC</strong> </p> <p>     Find an <a href=""http://www.p12.nysed.gov/specialed/techassist/ecdc/locations.htm"" target=""_blank"">ECDC</a> in your neighborhood to get help in person. </p>","<ul>     <li>Services are free for children and their families     </li>     <li>Centers are available in each borough     </li>     <li>Free training sessions offered     </li>     <li>Information about pre-school services, day care, evaluations, and more     </li> </ul>",Service,
,,"Special Supplemental Nutrition Program for Women, Infants, and Children","<p>     <strong>Visit a WIC office</strong> </p> <p>     Find a <a href=""https://access.nyc.gov/locations/?programs=6888"" target=""_blank"">WIC office</a> near you to get help in person. </p>","<ul>     <li>You do not need to be a US citizen to receive WIC     </li>     <li>Requires proof of identity, income, and address     </li>     <li>If you already receive SNAP, Medicaid, or TANF benefits you may be eligible for WIC     </li>     <li>Each person applying for WIC must be present at the local agency at the time of certification     </li>     <li>The <a href=""http://www.health.ny.gov/publications/3791.pdf"" target=""_blank"">NYS WIC Acceptable Foods Guide</a> has the list of food you can purchase using WIC     </li> </ul>",Benefit,
,,NYC Nurse-Family Partnership,,"<ul>     <li>You can receive services no matter your age or immigration status     </li>     <li>You can join NFP early in your pregnancy, but no later than your 28th week     </li>     <li>All services are provided at no cost to the client     </li> </ul>",Program,
,,Children with Special Health Care Needs,,,Service,
,"<ul>     <li>Apply to <a href=""https://application.nycsyep.com/"" target=""_blank"">Ladders for Leaders online</a> now.     </li>     <li>The application for Ladders for Leaders will only be available during the application period.     </li> </ul>",NYC Ladders for Leaders,,"<ul>     <li>The application is open now     </li>     <li>Internships usually start the first week in July. Work a minimum of 25 hours per week for a minimum of 6 weeks     </li>     <li>If under the age of 18, you must have working papers to participate     </li> </ul>",Program,Apply
"<p>     <strong>Email Workforce1</strong> </p> <p>     <a href=""http://www.nyc.gov/html/sbs/wf1/html/contact/contact_form.shtml"" target=""_blank"">Email</a> your questions or if you need more information about Workforce1. </p>","<ol>     <li>Fill out a quick form <a href=""http://www.nyc.gov/html/sbs/wf1/html/register/register_now.shtml"" target=""_blank"">online</a> to register.     </li>     <li>Get access to our job opportunities, recruitment events, workshops, training opportunities, and other services \u2013 all for free!     </li> </ol>",Workforce1,"<p>     <strong>Visit a Workforce1 Career Center</strong> </p> <p>     Find a <a href=""https://maps.nyc.gov/sbs"" target=""_blank"">Workforce1 Career Center</a> near you. </p>","<ul>     <li>Job matching, training opportunities and internship programs are available.     </li>     <li>All Workforce1 Career Center services are free.     </li> </ul>",Service,Apply online
,"<p>     YouthHealth clinics are located across NYC. Use the <a href=""http://www.nycyouthhealth.org/html/find-youth-services.shtml"" target=""_blank""><u>location finder</u></a> to find a clinic close to you and call to make an appointment. </p>",NYC YouthHealth,"<p>     <strong>Visit a YouthHealth clinic</strong> </p> <p>     Find a <a href=""http://www.nycyouthhealth.org/html/find-youth-services.shtml"" target=""_blank""><u>YouthHealth clinic near you</u></a> to get help in person. </p>","<ul>     <li>All sexual and reproductive services are private. Staff will not speak to anyone about them, not even your parents or guardians, without your permission     </li>     <li>You do not need an appointment for emergency contraception, pregnancy testing, or STI/D testing - you can just walk into clinics     </li> </ul>",Service,Find a YouthHealth Clinic
,<p>     The City can help you find a website where you can file your taxes for free. </p>,NYC Free Tax Prep,"<p>     <strong>Visit a tax prep location</strong> </p> <p>     Visit a <a href=""https://access.nyc.gov/locations/?programs=6909"" target=""_blank"">tax prep location</a> to get help filing your taxes in person. </p>","<ul>     <li>File your taxes by April 17, 2018     </li>     <li>File in person or online     </li>     <li>Free Tax Prep sites are open year-round to assist you     </li>     <li>If you qualify for tax credits such as EITC, Child Tax Credit, or Child and Dependent Tax Credit you can claim them when you file     </li>     <li>If you get a refund, the IRS mails your refund or deposits it into your bank account     </li>     <li>If you file in person, some sites let you drop off your tax documents and pick up the completed return later     </li> </ul>",Service,File online
,,EarlyLearn NYC Head Start,"<p>     <strong>Visit a center</strong> </p> <p>     Visit an <a href=""https://access.nyc.gov/locations/?programs=6867"" target=""_blank"">EarlyLearn center</a> near you to get help in person.<br> </p>","<ul>     <li>Care is only available at centers     </li>     <li>If you are receiving Cash Assistance and in an HRA-approved work, education, or training activity you are probably eligible     </li>     <li>Pre-K is offered to all four year olds in partnership with the NYC Department of Education     </li>     <li>Services are available for children with special needs     </li> </ul>",Service,
,"<p>     If you, or someone you know needs help, you can use the online referral system. All referrals will be processed the next business day, APS is not open on weekends. </p> <p>     You can also submit a referral by <a href=""mailto:APSrefer.nyc.gov"">emailing APS</a>.<br> </p>",Adult Protective Services,,"<ul>     <li>New Yorkers over 18 can get help regardless their income     </li>     <li>Referrals can be made online, by email, or by phone (Monday - Friday, 9:00 a.m - 5:00 p.m)     </li>     <li>Referrals received after 5:00pm or during the weekend will be processed the next business day     </li>     <li>Call 911 if there is an emergency or life threatening situation and a person needs immediate help     </li> </ul>",Service,Refer someone online
,,Reproductive Health Care,"<p>     <strong>Visit a health care center</strong> </p> <p>     Find a <a href=""http://www.nychealthandhospitals.org/health_care/"" target=""_blank""><u>health care location</u></a> near you to get help in person. </p>","<ul>     <li>Care is provided to all women, regardless of your ability to pay     </li>     <li>NYC Health + Hospitals can help you find insurance if you need it     </li>     <li>Information about your immigration status is kept private     </li>     <li>Translation and interpretative services are available in 190 languages     </li>     <li>Youth twelve and older can get private sexual and reproductive services at <a href=""http://nycyouthhealth.org/"" target=""_blank""><u>YouthHealth Centers</u></a>     </li> </ul>",Service,
"<p>     <strong>Email FPBP</strong> </p> <p>     <a href=""mailto:Medicaid.state.ny.us"">Email FPBP</a> if you have questions about applying. </p>",,Family Planning Benefit Program,"<p>     <strong>Visit a FPBP provider</strong> </p> <p>     Visit a <a href=""https://www.health.ny.gov/community/pregnancy/family_planning/program_sites.htm"" target=""_blank"">FPBP provider</a> to get help in person. </p>","<ul>     <li>When you visit a provider for family planning help, you can ask to keep the session private     </li>     <li>People who don\u2019t have insurance, have private insurance, or are enrolled in Child Health Plus can apply     </li>     <li>Financial resources (like bank statements) are not needed to determine eligibility     </li>     <li>People who have Medicaid are not eligible     </li>     <li>Undocumented immigrants and people on short-term visas who are not in the process of applying for permanent status are not eligible     </li> </ul>",Program,
"<p>     <strong>Email IDNYC</strong> </p> <p>     <a href=""http://www1.nyc.gov/site/idnyc/contact/feedback.page"" target=""_blank"">Email IDNYC</a> to get your questions answered. </p>","<p>     You can <a href=""http://www1.nyc.gov/site/idnyc/card/start-your-application.page"" target=""_blank"">submit your application online</a> before going to an enrollment center. To do so: </p> <ol>     <li>Go to the <a href=""https://a069-idnyconlineportal.nyc.gov/IOPWeb/#/EN/NewApplication"" target=""_blank"">IDNYC website</a>.     </li>     <li>Select the language you prefer to use.     </li>     <li>Read application instructions including eligibility and document requirements.     </li>     <li>Fill out the electronic application.     </li>     <li>Select the documents you are going to bring to the enrollment center for your appointment.     </li>     <li>Schedule an appointment for an enrollment center.     </li>     <li>Look over the information you entered and provide an electronic signature.     </li>     <li>Print out your application receipt and make sure you bring it to your appointment.     </li> </ol>",IDNYC,"<p>     <strong>Visit an IDNYC center</strong> </p> <p>     Find an <a href=""https://access.nyc.gov/locations/?programs=6872"" target=""_blank"">IDNYC enrollment center</a> near you to get help in person. </p>","<ul>     <li>All New Yorkers 10 and older, regardless of immigration status, can apply for an IDNYC card.     </li>     <li>Requires proof of identity and where you live     </li>     <li>Find an <a href=""http://www1.nyc.gov/site/idnyc/card/locations.page"" target=""_blank"">an enrollment center</a> near you to apply in person     </li>     <li>Applicants 14 and older can <a href=""http://www1.nyc.gov/site/idnyc/card/start-your-application.page"" target=""_blank"">submit applications online</a> before going to an enrollment center     </li>     <li>You can apply for an IDNYC card even if you are homeless     </li>     <li>IDNYC cardholders are now able to pay the fee to replace a lost or stolen card online via the IDNYC <a href=""https://a069-idnyconlineportal.nyc.gov/IOPWeb/#/EN/Dashboard"" target=""_blank"">Online Portal</a>. Cardholders can start the replacement card application online in the \u201cReplace Your Card\u201d option, pay the $10 fee, and complete the process at any IDNYC enrollment center or pop-up     </li>     <li>Cardholders who are 10-13 years old may pay the fee to replace a lost stolen card at an IDNYC Department of Finance Enrollment Center     </li>     <li>IDNYC has launched new partnerships with <a href=""http://www1.nyc.gov/site/idnyc/benefits/latest-idnyc-benefits.page"" target=""_blank"">entertainment and cultural institutions</a> that are fun for the whole family     </li> </ul>",Program,Submit your application online
"<p>     <strong>Email Pre-K admissions</strong> </p> <p>     Email <a href=""mailto:ESEnrollment.nyc.gov"">Pre-K admissions</a> if you have questions about getting into Pre-K. </p>","<ol>     <li>Use <a href=""https://maps.nyc.gov/upk/"" target=""_blank"">Pre-K Finder</a> to look at different programs before applying. Type in your address to see programs near you.     </li>     <li>Apply for the program(s) of your choice.     </li> </ol>",Pre-K for All,"<p>     <strong>Visit a Family Welcome Center</strong> </p> <p>     Visit a <a href=""http://nyc.gov/schools/welcomecenters"" target=""_blank"">Family Welcome Center</a> to learn more about Pre-K programs. </p>","<ul>     <li>Applications for the 2018 - 2019 school year open on February 5, 2018     </li>     <li>Requires proof of address and child\u2019s age     </li>     <li>Apply online, by phone, or in person     </li>     <li>Available for students with disabilities and students learning English     </li> </ul>",Program,Apply online
,"<p>     You can use Discover DYCD to find programs in your area. To get started: </p> <ol>     <li>Go to the <a href=""http://www.dycdportal.nyc/discoverdycd/home"" target=""_blank"">Discover DYCD</a> website.     </li>     <li>Select ""afterschool programs"" in the category field.     </li>     <li>Enter your borough and neighborhood, or zip code to begin searching.     </li> </ol>",Comprehensive After School System of NYC,<p>     <strong>Visit your child\u2019s school</strong> </p> <p>     Speak with an afterschool program staff at your child\u2019s school for more information. </p>,"<ul>     <li>Programs are offered to young people for free     </li>     <li>Programs are three hours each day, five days per week, including on school holidays     </li> </ul>",Program,Search online
,,"Special Supplemental Nutrition Program for Women, Infants, and Children","<p>     <strong>Visit a WIC office</strong> </p> <p>     Find a <a href=""https://access.nyc.gov/locations/?programs=6888"" target=""_blank"">WIC office</a> near you to get help in person. </p>","<ul>     <li>You do not need to be a US citizen to receive WIC     </li>     <li>Requires proof of identity, income, and address     </li>     <li>If you already receive SNAP, Medicaid, or TANF benefits you may be eligible for WIC     </li>     <li>Each person applying for WIC must be present at the local agency at the time of certification     </li>     <li>The <a href=""http://www.health.ny.gov/publications/3791.pdf"" target=""_blank"">NYS WIC Acceptable Foods Guide</a> has the list of food you can purchase using WIC     </li> </ul>",Benefit,
,"<ol>     <li>Go to <a href=""https://a069-access.nyc.gov/ACCESSNYC/application.do"" target=""_blank"">ACCESS HRA</a>.     </li>     <li>Create an ACCESS HRA account or log in to an existing one.     </li>     <li>Fill out the SNAP application and submit it.     </li>     <li>Send your documents to HRA in one of the following ways.         <ol>             <li>Scan your documents using the NYC HRA Document Upload app available for free on the <a href=""https://appsto.re/us/9s9N_.i"" target=""_blank"">iTunes Store</a> (for iPhones) or the <a href=""https://play.google.com/store/apps/details?id=gov.nyc.hra.DocUploads"" target=""_blank"">GooglePlay Store</a> (for Android phones).             </li>             <li>Mail copies of your documents to: PO Box 29008, Brooklyn, NY, 11202-9816.             </li>             <li>Take your documents to your local <a href=""https://access.nyc.gov/wp-content/uploads/2017/12/FIA-1138_CBOlist.pdf"" target=""_blank"">Community Based Organizations (CBOs)</a> to submit to HRA.             </li>         </ol>     </li>     <li>After you submit your application, you will be contacted to do an eligibility interview. You can do your interview over the telephone without having to come into a SNAP center.<br>     </li>     <li>You can check the status of your application by going to <a href=""https://a069-access.nyc.gov/ACCESSNYC/application.do"" target=""_blank"">ACCESS HRA</a>.     </li>     <li>You will need to recertify for SNAP once every year. The SNAP office will mail you a recertification packet for you to complete and mail back to HRA or recertify online on ACCESS HRA. Once you submit your recertification, you will be able to set up your preferred interview date and time by calling the On Demand interview phone line at <a href=""tel:718-762-7669"">718-SNAP-Now</a> (<a href=""tel:718-762-7669"">718-762-7669</a>).     </li> </ol>",Supplemental Nutrition Assistance Program,"<p>     <strong>Visit a SNAP Center or Community Organization</strong> </p> <p>     Find a <a href=""https://access.nyc.gov/locations/?programs=6887"" target=""_blank"">SNAP center</a> near you. </p> <p>     Find your <a href=""http://www1.nyc.gov/assets/hra/downloads/pdf/services/snap/CBO_EASE_SITES.pdf"" target=""_blank"">local community-based organization</a>. </p>","<ul>     <li>If you are eligible, you will receive your benefits within 30 days     </li>     <li>You must be a US citizen or have satisfactory immigration status to receive SNAP; a worker will help you determine your status when you apply     </li>     <li>Requires proof of identity, where you live, and income     </li>     <li>You can allow someone who knows your household situation apply for you     </li>     <li>Apply online, in person, by fax, or by mail     </li>     <li>You will have to complete an interview after you submit your application     </li>     <li>SNAP recipients in New York City ages 16 and over are eligible for discounted Citi Bike memberships. For $5 per month, you'll get unlimited 45-minute rides and access to thousands of bikes across Manhattan, Brooklyn, Queens and Jersey City. <a href=""https://try.citibikenyc.com/snap-nyc/"" target=""_blank"">Enter your EBT card number to verify your eligibility</a>.     </li> </ul>",Benefit,Apply online
,,Senior Employment Services,"<p>     <strong>Visit the office</strong> </p> <p>     Senior Employment Services<br>     2 Lafayette St., 6th Flr.<br>     New York, NY 10007 </p>","<ul>     <li>If you are eligible for SES, there are job placements citywide     </li>     <li>Requires proof of identity, income, where you live, and eligibility to work     </li>     <li>Apply in person or by mail     </li> </ul>",Program,
"<p>     <strong>Email your question</strong><br>     <br>     Email <a href=""mailto:HS_Enrollment.nyc.gov""><u>the Office of School Enrollment</u></a> if you have questions about CTE. </p>","<p>     To apply for admission to CTE at a public high school: </p> <ol>     <li>Get a paper application from your middle school guidance counselor or at a <a href=""https://www.schools.nyc.gov/enrollment/enrollment-help/family-welcome-centers"" target=""_blank""><u>Family Welcome Center</u></a>.     </li>     <li>Use the <a href=""http://schoolfinder.nyc.gov/"" target=""_blank""><u>NYC School Finder</u></a> to find high schools based on where you live and your interests.     </li>     <li>Select up to 12 high schools in the order you'd like to attend.     </li>     <li>Give your completed application to your guidance counselor by December 1st.     </li> </ol> <p>     To apply for admissions at Coop Tech, complete <a href=""http://www.co-optech.org/PDFs/Application.pdf"" target=""_blank""><u>the application</u></a> and follow the directions listed. </p>",Career & Technical Education,"<p>     <strong>Visit a Family Welcome Center</strong><br>     <br>     Visit a <a href=""https://www.schools.nyc.gov/enrollment/enrollment-help/family-welcome-centers"" target=""_blank""><u>Family Welcome Center</u></a> to get help in person. </p>","<ul>     <li>CTE is available at designated <a href=""http://cte.nyc/site/content/cte-schools-and-program-directory"" target=""_blank""><u>CTE high schools</u></a> and through CTE programs in other high schools     </li>     <li>17-21 year olds can also take CTE courses at <a href=""http://www.co-optech.org/index.html"" target=""_blank""><u>the School of Cooperative and Technical Education (Coop Tech)</u></a>     </li>     <li>8th graders can enroll in CTE during the regular high school admissions process     </li>     <li>Coop Tech is open to students getting a HSE diploma and traditional high school diploma     </li> </ul>",Program,Find a CTE program
,,Veterans Affairs Supported Housing,"<p>     <strong>Visit an office</strong> </p> <p>     Visit <a href=""https://access.nyc.gov/location/the-va-medical-center/"" target=""_blank"">VA Medical Center</a> in the Bronx (Mondays, Tuesdays and Fridays, 6:45 a.m. - 3:15 p.m.) or<br>     <a href=""https://access.nyc.gov/location/the-harbor-va-site/"" target=""_blank"">VA NY Harbor Site</a> in Manhattan (Mondays, 9:00 a.m. - 4:30 p.m. and Thursdays, 11:00 a.m. - 4:30 p.m.) for assistance. </p>","<ul>     <li>Call <a href=""tel:877-424-3838"">877-424-3838</a> to be connected with your local homeless program and apply     </li>     <li>Case management is an important part of the program, and you will be required to participate     </li>     <li>You must re-certify each year to keep your housing voucher     </li>     <li>You must contribute 30% of your monthly income towards rent, the voucher will cover the rest     </li> </ul>",Program,
,"<p>     You can use Discover DYCD to find programs in your area. To get started: </p> <ol>     <li>Go to the <a href=""http://www.dycdportal.nyc/discoverdycd/home"" target=""_blank"">Discover DYCD</a> website     </li>     <li>Click ""Show Advanced Search"" in the ""Basic Search"" box     </li>     <li>Select ""COMPASS Programs"" in the ""All Programs Box"" the a SONYC program from the ""All Sub-programs"" menu     </li> </ol>",School's Out NYC,<p>     <strong>Visit your child's school</strong> </p> <p>     Speak with an afterschool program staff at your child's school for more information. </p>,"<ul>     <li>Programs are offered to young people for free     </li>     <li>Programs are offered three hours each day, five days per week     </li> </ul>",Program,Search online
,,Senior Employment Services,"<p>     <strong>Visit the office</strong> </p> <p>     Senior Employment Services<br>     2 Lafayette St., 6th Flr.<br>     New York, NY 10007 </p>","<ul>     <li>If you are eligible for SES, there are job placements citywide     </li>     <li>Requires proof of identity, income, where you live, and eligibility to work     </li>     <li>Apply in person or by mail     </li> </ul>",Program,
"<p>     <strong>Email DHE</strong> </p> <p>     If you have questions, <a href=""http://www1.nyc.gov/site/finance/about/contact-by-email/contact-exemptions-inquiries.page"" target=""_blank"">email DHE</a> for more information.<br> </p>",<p>     There is no online application at this time. </p>,Disabled Homeowners Exemption,"<p>     <strong>Visit an office</strong> </p> <p>     Visit a <a href=""http://www1.nyc.gov/site/finance/pay-now/person.page"" target=""_blank"">Department of Finance Business Center</a> (Monday - Friday, 8:30 a.m - 4:30 p.m) to get help in person. </p>","<ul>     <li>Applications must be postmarked by March 15th for benefits to begin on July 1st each year     </li>     <li>All owners must be persons with disabilities unless the property is owned by your spouse or by siblings, who do not need to be disabled     </li>     <li>If your property qualifies for DHE and the Senior Citizen Homeowner Exemption (SCHE), you will only be granted SCHE; you cannot get both     </li> </ul>",Program,
,"<ul>     <li>Applications are no longer needed to qualify for free meal benefits.     </li>     <li>Families may be asked to complete a <a href=""https://www.myschoolapps.com/Home/PickDistrict"" target=""_blank"">family income inquiry form</a> to help schools receive funding.     </li> </ul>",SchoolFood,,"<ul>     <li>Families no longer need to fill out applications to qualify for free meal benefits.     </li>     <li>You may be asked to complete a <a href=""https://www.myschoolapps.com/Home/PickDistrict"" target=""_blank"">family income inquiry form</a> to help schools receive funding.     </li> </ul>",Program,
,,Home Care Services Program,"<p>     <strong>Visit a Home Care office</strong> </p> <p>     Visit a <a href=""http://www1.nyc.gov/assets/hra/downloads/pdf/services/micsa/casa_offices.pdf"" target=""_blank"">Home Care CASA office</a> to get help in person.<br> </p>",<ul>     <li>All programs require that you be eligible for Medicaid     </li>     <li>Services are available for children and adults     </li>     <li>Emergency home care is also available     </li> </ul>,Service,
,"<ul>     <li>Applications are no longer needed to qualify for free meal benefits.     </li>     <li>Families may be asked to complete a <a href=""https://www.myschoolapps.com/Home/PickDistrict"" target=""_blank"">family income inquiry form</a> to help schools receive funding.     </li> </ul>",SchoolFood,,"<ul>     <li>Families no longer need to fill out applications to qualify for free meal benefits.     </li>     <li>You may be asked to complete a <a href=""https://www.myschoolapps.com/Home/PickDistrict"" target=""_blank"">family income inquiry form</a> to help schools receive funding.     </li> </ul>",Program,
,,"Special Supplemental Nutrition Program for Women, Infants, and Children","<p>     <strong>Visit a WIC office</strong> </p> <p>     Find a <a href=""https://access.nyc.gov/locations/?programs=6888"" target=""_blank"">WIC office</a> near you to get help in person. </p>","<ul>     <li>You do not need to be a US citizen to receive WIC     </li>     <li>Requires proof of identity, income, and address     </li>     <li>If you already receive SNAP, Medicaid, or TANF benefits you may be eligible for WIC     </li>     <li>Each person applying for WIC must be present at the local agency at the time of certification     </li>     <li>The <a href=""http://www.health.ny.gov/publications/3791.pdf"" target=""_blank"">NYS WIC Acceptable Foods Guide</a> has the list of food you can purchase using WIC     </li> </ul>",Benefit,
"<p>     <strong>Email your question</strong><br>     <br>     Email <a href=""mailto:HS_Enrollment.nyc.gov""><u>the Office of School Enrollment</u></a> if you have questions about CTE. </p>","<p>     To apply for admission to CTE at a public high school: </p> <ol>     <li>Get a paper application from your middle school guidance counselor or at a <a href=""https://www.schools.nyc.gov/enrollment/enrollment-help/family-welcome-centers"" target=""_blank""><u>Family Welcome Center</u></a>.     </li>     <li>Use the <a href=""http://schoolfinder.nyc.gov/"" target=""_blank""><u>NYC School Finder</u></a> to find high schools based on where you live and your interests.     </li>     <li>Select up to 12 high schools in the order you'd like to attend.     </li>     <li>Give your completed application to your guidance counselor by December 1st.     </li> </ol> <p>     To apply for admissions at Coop Tech, complete <a href=""http://www.co-optech.org/PDFs/Application.pdf"" target=""_blank""><u>the application</u></a> and follow the directions listed. </p>",Career & Technical Education,"<p>     <strong>Visit a Family Welcome Center</strong><br>     <br>     Visit a <a href=""https://www.schools.nyc.gov/enrollment/enrollment-help/family-welcome-centers"" target=""_blank""><u>Family Welcome Center</u></a> to get help in person. </p>","<ul>     <li>CTE is available at designated <a href=""http://cte.nyc/site/content/cte-schools-and-program-directory"" target=""_blank""><u>CTE high schools</u></a> and through CTE programs in other high schools     </li>     <li>17-21 year olds can also take CTE courses at <a href=""http://www.co-optech.org/index.html"" target=""_blank""><u>the School of Cooperative and Technical Education (Coop Tech)</u></a>     </li>     <li>8th graders can enroll in CTE during the regular high school admissions process     </li>     <li>Coop Tech is open to students getting a HSE diploma and traditional high school diploma     </li> </ul>",Program,Find a CTE program
"<p>     <strong>Email NYCELL</strong> </p> <p>     <strong><br>     <br></strong> <a href=""mailto:earlychildhood.nyc.gov""><u>Email NYCELL</u></a> if you have questions about the program. </p>",,NYC Early Literacy Learning Program,"<p>     <strong>Visit a center<br>     <br></strong> Visit a <a href=""http://schools.nyc.gov/Academics/EarlyChildhood/parentfamilies/NYCELL.htm"" target=""_blank""><u>NYCELL site</u></a> to get help in person. </p>","<ul>     <li>The program is for 12 weeks, twice a week, for two hours     </li>     <li>Families learn ways to improve their children's speech, reading, and writing     </li>     <li>Families get free books and educational toys to take home     </li>     <li>Offered at five NYCHA community centers in Manhattan, the Bronx, and Brooklyn as well as at the <a href=""https://www.nypl.org/locations/inwood"" target=""_blank""><u>Inwood Library</u></a>     </li> </ul>",Program,
,,Medicaid for Pregnant Women,,"<ul>     <li>If you're pregnant and uninsured, you may qualify to sign up for an insurance plan through the NY State of Health Marketplace, even if the enrollment period is closed     </li>     <li>Free coverage is available regardless of immigration status     </li>     <li>Extended access to family planning services is available to women who have Medicaid while pregnant but lose coverage after pregnancy     </li>     <li>Babies receive health care services for at least one year after birth     </li> </ul>",Program,
,"<p>     You can use Discover DYCD to find programs in your area. To get started: </p> <ol>     <li>Go to the <a href=""http://www.dycdportal.nyc/discoverdycd/home"" target=""_blank""><u>Discover DYCD</u></a> website.     </li>     <li>Click ""Show Advanced Search"" in the ""Basic Search"" box     </li>     <li>Select ""Young Adult Internship Programs"" from the ""All Programs"" dropdown     </li> </ol>",Intern & Earn (formerly the Young Adult Internship Program),"<p>     <strong>Visit the website</strong><br>     <br>     Visit the <a href=""https://www1.nyc.gov/site/dycd/services/jobs-internships/young-adult-internship-program-yaip.page"" target=""_blank""><u>DYCD website</u></a> for more information. </p>","<ul>     <li>Programs are free and available to youth ages 16-24 who are not in school and not working     </li>     <li>Enrollment is at different times throughout the year     </li>     <li>Job placement is available in many industries, including construction, hospitality, healthcare, and retail     </li> </ul>",Program,Find a program
,,NYCHA Resident Economic Empowerment and Sustainability,"<p>     <strong>Visit the office</strong> </p> <p>     Visit the REES office at 787 Atlantic Ave., Brooklyn, NY, 11238 to get help in person. </p>",<ul>     <li>REES can help you delay rent increases if your income goes up     </li>     <li>The Brooklyn office has information sessions every Tuesday and Thursday at 8:30 a.m     </li> </ul>,Service,
"<p>     <strong>Email your questions</strong> </p> <p>     <a href=""mailto:MSEnrollment.nyc.gov"">Email the Middle School Admissions team</a> with questions about applying. </p>",,Middle School,"<p>     <strong>Visit a Family Welcome Center</strong> </p> <p>     Visit a <a href=""https://www.schools.nyc.gov/enrollment/enrollment-help/family-welcome-centers"" target=""_blank"">Family Welcome Center</a> to get help in person. </p>","<ul>     <li>Students with disabilities follow the same admission process as all other students     </li>     <li>English Language Learners (ELL) also follow the same admission process as other students; they can also consider applying to programs that screen for language where they might get priority     </li>     <li>All student who are eligible for middle school should submit an application, even students planning on attending their zoned school or continuing in K-8 schools     </li>     <li>Students eligible for middle school will receive a personalized application that includes each middle school program they can apply to each November     </li> </ul>",Program,
,,Bridges to Health,,<ul>     <li>There are three waivers offered through B2H:         <ul>             <li>Children with serious emotional disturbances             </li>             <li>Children with developmental disabilities             </li>             <li>Medically fragile children             </li>         </ul>     </li>     <li>B2H services should be used as one part of the medical treatment that participating children receive     </li> </ul>,Program,
,,NYC Nurse-Family Partnership,,"<ul>     <li>You can receive services no matter your age or immigration status     </li>     <li>You can join NFP early in your pregnancy, but no later than your 28th week     </li>     <li>All services are provided at no cost to the client     </li> </ul>",Program,
,,Beacon Programs,,,Program,
,,NYC Family Justice Centers,"<p>     <strong>Visit a Family Justice Center</strong> </p> <p>     Find a <a href=""http://www1.nyc.gov/site/ocdv/programs/family-justice-centers.page"" target=""_blank"">Family Justice Center</a> in your borough to speak with a counselor. </p>","<ul>     <li>Call the NYC Domestic Violence Hotline at <a href=""tel:800-621-4673"">800-621-4673</a> or <a href=""tel:800-810-7444"">800-810-7444</a> (if you are hearing impaired), or call <a href=""tel:311"">311</a> and ask for the Domestic Violence Hotline     </li>     <li>Call 911 if you are in danger and need immediate help.     </li>     <li>You don't need to make an appointment to visit a Family Justice Center     </li>     <li>Services are free, confidential, and most are available at one location     </li>     <li>You can get help no matter your immigration status     </li>     <li>Staff speak more than 30 languages and interpreters are available     </li>     <li>Childcare is available while you are receiving services     </li> </ul>",Service,
"<p>     <strong>Email a Parent Center</strong> </p>Email a Parent Center for more information:<br> <ul>     <li>         <a href=""mailto:roverton.org"">Bronx, Brooklyn, Manhattan, and Queens</a>,     </li>     <li>         <a href=""mailto:siptp.com"">Staten Island</a>.     </li> </ul>",,Special Education Parent Centers,"<p>     <strong>Visit a center</strong> </p> <p>     Find a <a href=""http://www.p12.nysed.gov/specialed/techassist/parentcenters.htm"" target=""_blank"">center</a> to get help in person. </p>",<ul>     <li>Services for students and families are offered at no cost     </li>     <li>Training sessions are also offered at no cost     </li> </ul>,Service,
,,HIV/AIDS Services Administration,"<p>     <strong>Visit the Service Line (HASA) Intake office</strong> </p> <p>     400 Eighth Ave., 2nd Flr.<br>     New York, NY 10001<br>     Monday - Friday, 9:00 a.m - 5:00 p.m<br> </p>","<ul>     <li>Apply in person at the HASA Service Line Intake office     </li>     <li>If you are HIV positive, you do not need to have symptoms to be eligible     </li>     <li>People are often referred by medical and service organizations     </li> </ul>",Program,
"<p>     <strong>Email SCRIE</strong> </p> <p>     <a href=""http://nyc.gov/contactscrie"" target=""_blank"">Email SCRIE</a> for more information. </p>",<p>     SCRIE/DRIE online applications are temporarily unavailable while we work on a new and improved application. Please use the forms or walk-in location to apply. </p>,Senior Citizen Rent Increase Exemption,"<p>     <strong>Visit the SCRIE walk-in center</strong> </p> <p>     66 John St, 3rd Floor<br>     New York, NY, 10038<br>     Open Monday - Friday, 8:30 a.m.- 4:30 p.m. </p>","<ul>     <li>Once you apply, it takes 10 - 15 days to hear back     </li>     <li>You can qualify for SCRIE even if you have not filed your taxes     </li>     <li>You will need to send documents. Never mail your original documents, just copies     </li>     <li>You do not need your landlord's permission to apply     </li>     <li>Senior citizens who own homes, condominiums or private non-government supervised co-ops may be eligible for the SCRIE     </li>     <li>Apply online, by mail, by phone, or in person     </li> </ul>",Program,
"<p>     <strong>Email SBHC</strong> Email <a href=""mailto:smelendez7.nyc.gov""><u>Solluz Melendez</u></a>, School-Based Health Centers Coordinator, if you have questions about this program. </p>",,School-Based Health Centers,,"<ul>     <li>Students can get free care regardless of immigration status.     </li>     <li>Students can get free care even if they don't have insurance. Staff can help families apply for free or low-cost public health insurance.     </li>     <li>Centers offer appointments during school hours and 24 hour phone support.     </li>     <li>High-schoolers can receive private reproductive care. They do not need consent from their families.     </li>     <li>Not all schools have SBHCs, you can check with your child's school to see if a health center is on site.     </li> </ul>",Service,
,,Access-A-Ride,,"<ul>     <li>The price is the same as full fare on public transportation     </li>     <li>AAR may take up to 21 days to process your application after your in-person assessment     </li>     <li>A subscription service is available if you travel to the same places at the same time of day at least once each week     </li>     <li>Some customers require the assistance of a personal care attendant (PCA) who <a href=""http://web.mta.info/nyct/paratran/guide.htm#attendan"" target=""_blank"">performs personal duties</a> that drivers are not allowed to do during travel. Personal care attendants ride for free     </li>     <li>Some AAR customers may request an AAR MetroCard that can be used for four free public transportation rides a day on public buses and trains     </li> </ul>",Program,
,"<ol>     <li>Apply to <a href=""https://application.nycsyep.com/"" target=""_blank"">SYEP online</a> during the application period (February - March). The application for SYEP will only be available during that time.     </li>     <li>Participants are selected by lottery for the program.     </li> </ol>",Summer Youth Employment Program,,<ul>     <li>Apply between February and March each year     </li>     <li>Selection is based on a lottery     </li>     <li>Apply online or at a community-based organization during the application period<br>     </li>     <li>Work is available for youth with disabilities     </li> </ul>,Program,Apply online
,,After School and Saturday Meals,,,Program,
,"<p>     If you, or someone you know needs help, you can use the online referral system. All referrals will be processed the next business day, APS is not open on weekends. </p> <p>     You can also submit a referral by <a href=""mailto:APSrefer.nyc.gov"">emailing APS</a>.<br> </p>",Adult Protective Services,,"<ul>     <li>New Yorkers over 18 can get help regardless their income     </li>     <li>Referrals can be made online, by email, or by phone (Monday - Friday, 9:00 a.m - 5:00 p.m)     </li>     <li>Referrals received after 5:00pm or during the weekend will be processed the next business day     </li>     <li>Call 911 if there is an emergency or life threatening situation and a person needs immediate help     </li> </ul>",Service,Refer someone online
,"<p>     If you're already receiving Cash Assistance, you can complete an online recertification application. </p>",Cash Assistance,"<p>     <strong>Visit an HRA Job Center</strong> </p> <p>     Find an <a href=""https://access.nyc.gov/locations/?programs=6859"" target=""_blank"">HRA Job Center</a> near you. </p>","<ul>     <li>Requires proof of identity, where you live, income, and citizenship status.     </li>     <li>You must be a US citizen or have satisfactory immigration status to receive Cash Assistance; a worker will help you learn your status when you apply     </li>     <li>If you are able to work, you will either need to be working, in an education or training program, or participate in a program assigned to you in order to get Cash Assistance     </li>     <li>You can get money for emergencies, including: eviction, energy and utility bills, natural disasters, and your safety or health     </li>     <li>Apply in person, or have an interview at home if you are homebound     </li> </ul>",Benefit,Recertify online
,,EarlyLearn NYC Child Care,"<p>     <strong>Visit a center</strong> </p> <p>     Visit an <a href=""https://access.nyc.gov/locations/?programs=6866"" target=""_blank"">EarlyLearn center near</a> you for help in person. </p>","<ul>     <li>If you are receiving Cash Assistance and in an HRA-approved work, education, or training activity you are probably eligible     </li>     <li>Services are available for children with special needs     </li>     <li>Child care options are also available through the EarlyLearn Head Start program (for three and four year olds) and private programs     </li> </ul>",Service,
"<p>     <strong>Email SCHE</strong> </p> <p>     If you have questions, <a href=""http://www1.nyc.gov/site/finance/about/contact-by-email/contact-exemptions-inquiries.page"" target=""_blank"">email SCHE</a> for more information.<br> </p>",,Senior Citizen Homeowners' Exemption,,"<ul>     <li>Applications must be postmarked by March 15th for benefits to begin on July 1st each year     </li>     <li>Requires proof of age, income, and tax deduction     </li>     <li>If your property qualifies for SCHE and the Disabled Homeowners Exemption (DHE), you will only be granted SCHE; you cannot get both     </li>     <li>All owners must be 65 years of age or older, unless the property is owned by spouse or sibling, who doesn't need to meet this age requirement     </li>     <li>         <a href=""http://webapps.nyc.gov:8084/CICS/fin1/find001I"" target=""_blank"">Determine the borough, block, and lot (BBL)</a> for your property     </li> </ul>",Program,
"<p>     <strong>Email your questions</strong> </p> <p>     <a href=""mailto:MSEnrollment.nyc.gov"">Email the Middle School Admissions team</a> with questions about applying. </p>",,Middle School,"<p>     <strong>Visit a Family Welcome Center</strong> </p> <p>     Visit a <a href=""https://www.schools.nyc.gov/enrollment/enrollment-help/family-welcome-centers"" target=""_blank"">Family Welcome Center</a> to get help in person. </p>","<ul>     <li>Students with disabilities follow the same admission process as all other students     </li>     <li>English Language Learners (ELL) also follow the same admission process as other students; they can also consider applying to programs that screen for language where they might get priority     </li>     <li>All student who are eligible for middle school should submit an application, even students planning on attending their zoned school or continuing in K-8 schools     </li>     <li>Students eligible for middle school will receive a personalized application that includes each middle school program they can apply to each November     </li> </ul>",Program,
,,Medicaid for Pregnant Women,,"<ul>     <li>If you're pregnant and uninsured, you may qualify to sign up for an insurance plan through the NY State of Health Marketplace, even if the enrollment period is closed     </li>     <li>Free coverage is available regardless of immigration status     </li>     <li>Extended access to family planning services is available to women who have Medicaid while pregnant but lose coverage after pregnancy     </li>     <li>Babies receive health care services for at least one year after birth     </li> </ul>",Program,
,<p>     The City can help you find a website where you can file your taxes for free.<br> </p>,Child and Dependent Care Tax Credit,"<p>     <strong>Visit a tax prep location</strong> </p> <p>     Visit a <a href=""https://access.nyc.gov/locations/?programs=6875"" target=""_blank"">tax prep location</a> to get help filing your taxes in person. </p>","<ul>     <li>File your taxes by April 17, 2018     </li>     <li>The tax credit equals 20-to-35 percent of what you spent on care for a child 12 and under     </li>     <li>If you qualify, the government mails your refund or deposits it into your bank account     </li>     <li>Single parents and custodial divorced parents can also qualify for this credit     </li> </ul>",Benefit,File online
"<p>     <strong>Email your questions</strong> </p> <p>     <a href=""mailto:NYCYLC.nyc.gov""><u>Email the Youth Leadership Council</u></a> if you have questions about this program. </p>",<p>     Apply on the YLC website. </p>,NYC Youth Leadership Councils,,<ul>     <li>Available to youth in high school and in high school equivalent (HSE) programs     </li>     <li>For youth ages 14 - 21     </li>     <li>No prior leadership experience is required     </li> </ul>,Program,Request an application
,,Outpatient Services,,"<p>     There are two major types of outpatient mental health for children: clinic treatment and day treatment. </p> <ul>     <li>Clinic treatment services include:<br>         <ul>             <li>Assessment (psychiatric, psychosocial)             </li>             <li>Individual, family, and group therapy             </li>             <li>Managing medicine             </li>             <li>Case management             </li>             <li>Referrals to doctors<br>                 <br>             </li>         </ul>     </li>     <li>Day treatment program services include:<br>         <ul>             <li>Special education in small classes             </li>             <li>Treatment plans             </li>             <li>Managing medicine             </li>             <li>Individual, family, and group therapy             </li>             <li>Emergency help             </li>             <li>Interpersonal skill development             </li>         </ul>     </li> </ul>",Resource,
,,Bridges to Health,,<ul>     <li>There are three waivers offered through B2H:         <ul>             <li>Children with serious emotional disturbances             </li>             <li>Children with developmental disabilities             </li>             <li>Medically fragile children             </li>         </ul>     </li>     <li>B2H services should be used as one part of the medical treatment that participating children receive     </li> </ul>,Program,
,,Living for the Young Family Through Education,,,Program,
"<p>     <strong>Email FPBP</strong> </p> <p>     <a href=""mailto:Medicaid.state.ny.us"">Email FPBP</a> if you have questions about applying. </p>",,Family Planning Benefit Program,"<p>     <strong>Visit a FPBP provider</strong> </p> <p>     Visit a <a href=""https://www.health.ny.gov/community/pregnancy/family_planning/program_sites.htm"" target=""_blank"">FPBP provider</a> to get help in person. </p>","<ul>     <li>When you visit a provider for family planning help, you can ask to keep the session private     </li>     <li>People who don\u2019t have insurance, have private insurance, or are enrolled in Child Health Plus can apply     </li>     <li>Financial resources (like bank statements) are not needed to determine eligibility     </li>     <li>People who have Medicaid are not eligible     </li>     <li>Undocumented immigrants and people on short-term visas who are not in the process of applying for permanent status are not eligible     </li> </ul>",Program,
"<p>     <strong>Email your questions</strong> </p> <p>     <a href=""mailto:ESEnrollment.nyc.gov"">Email the Kindergarten Admissions team</a> with questions about applying. </p>","<ol>     <li>Use <a href=""https://www.myschools.nyc/"" target=""_blank"">MySchools</a> to find programs you're interested in. You can list up to 12 choices on your application, including schools outside of your zone and district.     </li>     <li>Submit your application <a href=""https://www.myschools.nyc/"" target=""_blank"">online through MySchools</a> during the application period (November - January each year).     </li> </ol>",Kindergarten & Elementary School,"<p>     <strong>Visit a Family Welcome Center</strong> </p> <p>     Visit a <a href=""https://www.schools.nyc.gov/enrollment/enrollment-help/family-welcome-centers"" target=""_blank"">Family Welcome Center</a> to get help in person. </p>","<ul>     <li>All children who live in NYC and were born in 2014, including students with disabilities and English Language Learners (ELL), are eligible to apply to kindergarten     </li>     <li>Apply online, over the phone, or in-person during the application period (November - January each year)     </li>     <li>Families that applied during the application period will receive offer letters in March and should pre-register at the school to accept their offer     </li>     <li>Pre-K, kindergarten, first grade, and second grade students can take the admissions test for the <a href=""https://growingupnyc.cityofnewyork.us/programs/gifted-talented-program/"" target=""_blank"">Gifted & Talented Program</a> - which supports the needs of exceptional students     </li> </ul>",Program,Apply online
,,Newborn Home Visiting Program,,"<ul>     <li>Spanish-speaking nurses are also available     </li>     <li>Mothers receive two-to-three hour-long home visits and a follow up phone call     </li>     <li>All mothers who live in Department of Homeless Services shelters are eligible     </li>     <li>Women can be eligible, regardless of immigration status     </li> </ul>",Service,
,"<p>     You can use Discover DYCD to find programs in your area. To get started: </p> <ol>     <li>Go to the <a href=""http://www.dycdportal.nyc/discoverdycd/home"" target=""_blank"">Discover DYCD</a> website     </li>     <li>Click ""Show Advanced Search"" in the ""Basic Search"" box     </li>     <li>Select ""COMPASS Programs"" in the ""All Programs Box"" the a SONYC program from the ""All Sub-programs"" menu     </li> </ol>",School's Out NYC,<p>     <strong>Visit your child's school</strong> </p> <p>     Speak with an afterschool program staff at your child's school for more information. </p>,"<ul>     <li>Programs are offered to young people for free     </li>     <li>Programs are offered three hours each day, five days per week     </li> </ul>",Program,Search online
,,HIV/AIDS Services Administration,"<p>     <strong>Visit the Service Line (HASA) Intake office</strong> </p> <p>     400 Eighth Ave., 2nd Flr.<br>     New York, NY 10001<br>     Monday - Friday, 9:00 a.m - 5:00 p.m<br> </p>","<ul>     <li>Apply in person at the HASA Service Line Intake office     </li>     <li>If you are HIV positive, you do not need to have symptoms to be eligible     </li>     <li>People are often referred by medical and service organizations     </li> </ul>",Program,
"<p>     <strong>Email SCRIE</strong> </p> <p>     <a href=""http://nyc.gov/contactscrie"" target=""_blank"">Email SCRIE</a> for more information. </p>",<p>     SCRIE/DRIE online applications are temporarily unavailable while we work on a new and improved application. Please use the forms or walk-in location to apply. </p>,Senior Citizen Rent Increase Exemption,"<p>     <strong>Visit the SCRIE walk-in center</strong> </p> <p>     66 John St, 3rd Floor<br>     New York, NY, 10038<br>     Open Monday - Friday, 8:30 a.m.- 4:30 p.m. </p>","<ul>     <li>Once you apply, it takes 10 - 15 days to hear back     </li>     <li>You can qualify for SCRIE even if you have not filed your taxes     </li>     <li>You will need to send documents. Never mail your original documents, just copies     </li>     <li>You do not need your landlord's permission to apply     </li>     <li>Senior citizens who own homes, condominiums or private non-government supervised co-ops may be eligible for the SCRIE     </li>     <li>Apply online, by mail, by phone, or in person     </li> </ul>",Program,
"<p>     <strong>Email a Parent Center</strong> </p>Email a Parent Center for more information:<br> <ul>     <li>         <a href=""mailto:roverton.org"">Bronx, Brooklyn, Manhattan, and Queens</a>,     </li>     <li>         <a href=""mailto:siptp.com"">Staten Island</a>.     </li> </ul>",,Special Education Parent Centers,"<p>     <strong>Visit a center</strong> </p> <p>     Find a <a href=""http://www.p12.nysed.gov/specialed/techassist/parentcenters.htm"" target=""_blank"">center</a> to get help in person. </p>",<ul>     <li>Services for students and families are offered at no cost     </li>     <li>Training sessions are also offered at no cost     </li> </ul>,Service,
,,Primary and Preventive Health Care,"<p>     <strong>Visit a heath care center</strong><br>     <br>     Find a <a href=""http://www.nychealthandhospitals.org/health_care/"" target=""_blank""><u>child health center location</u></a> near you to get help in person. </p>","<ul>     <li>Children can also get health care at <a href=""https://growingupnyc.cityofnewyork.us/programs/school-based-health-centers/"" target=""_blank""><u>School-Based Health Centers</u></a>     </li>     <li>All children can get care, regardless of your ability to pay or immigration status     </li>     <li>NYC Health + Hospitals can help your family find insurance if you need it     </li>     <li>Youth twelve and older can get private sexual and reproductive services and <a href=""http://nycyouthhealth.org/"" target=""_blank""><u>YouthHealth Centers</u></a>     </li> </ul>",Service,
"<p>     <strong>Email CUNY Start at your campus</strong> </p> <ul>     <li>         <a href=""mailto:cunystart.cuny.edu"">Borough of Manhattan Community College</a><a href=""mailto:cunystart.cuny.edu""></a>     </li>     <li>         <a href=""mailto:cunystart.cuny.edu"">Bronx Community College</a>     </li>     <li>         <a href=""mailto:cunystart.cuny.edu"">College of Staten Island</a>     </li>     <li>         <a href=""mailto:cunystart.cuny.edu"">Hostos Community College</a>     </li>     <li>         <a href=""mailto:cunystart.cuny.edu"">LaGuardia Community College</a>     </li>     <li>         <a href=""mailto:cunystart.cuny.edu"">Medgar Evers College</a>     </li>     <li>         <a href=""mailto:cunystart.cuny.edu"">Queensborough Community College</a>     </li> </ul>","<p>     To enroll in CUNY Start: </p> <ul>     <li>Complete all <a href=""http://www2.cuny.edu/admissions/undergraduate/"" target=""_blank"">CUNY admissions</a> requirements and apply to a <a href=""http://www2.cuny.edu/academics/academic-programs/model-programs/cuny-college-transition-programs/cuny-start/campus-info/"" target=""_blank"">CUNY Start campus</a>     </li>     <li>Take the <a href=""http://www.cuny.edu/academics/testing.html"" target=""_blank"">CUNY Assessment Tests</a> and check your scores to see if you need extra help     </li>     <li>Go to an information session at one of the <a href=""http://www2.cuny.edu/academics/academic-programs/model-programs/cuny-college-transition-programs/cuny-start/campus-info/"" target=""_blank"">CUNY Start campuses</a>     </li>     <li>         <a href=""http://www2.cuny.edu/academics/academic-programs/model-programs/cuny-college-transition-programs/cuny-start/campus-info/""></a>Complete the online program application     </li>     <li>Interview with a CUNY Start staff member     </li>     <li>Submit a copy of your high school or high school equivalency diploma and complete any other requirements for your college     </li>     <li>Pay your $75 student fee     </li> </ul>",CUNY Start,,"<ul>     <li>Costs $75, including materials     </li>     <li>Students can choose between full-time and part-time schedules     </li>     <li>A second program option, <a href=""http://www2.cuny.edu/academics/academic-programs/model-programs/cuny-college-transition-programs/cuny-start/math-start/"" target=""_blank"">Math Start</a>, helps students develop math skills in just 8 weeks     </li>     <li>Foster youth can get additional services through the <a href=""http://www2.cuny.edu/academics/academic-programs/model-programs/cuny-college-transition-programs/cuny-start/foster-care-initiative/"" target=""_blank"">Foster Care Initiative</a>     </li> </ul>",Program,Start your application
,"<p>     You can use Discover DYCD to find programs in your area. To get started: </p> <ol>     <li>Go to the <a href=""http://www.dycdportal.nyc/discoverdycd/home"" target=""_blank"">Discover DYCD</a> website.     </li>     <li>Click \u201dShow Advanced Search"" in the ""Basic Search"" box.     </li>     <li>Select ""Youth Workforce Development"" from the ""All Programs"" dropdown and an ""OSY"" program from the ""All Sub-programs"" dropdown     </li> </ol>",Train & Earn\u200b,,"<ul>     <li>Available for youth 16 - 24 years old, who are not working and not in school     </li>     <li>College placement, HSE prep, and support services are also available     </li>     <li>Enroll at different times throughout the year     </li> </ul>",Program,Search for a program
,,NYCitizenship,,"<ul>     <li>Meet with a <strong>FREE</strong> immigration attorney to help you determine if you qualify to apply for U.S. citizenship     </li>     <li>If you qualify for a fee waiver, apply for citizenship for free with no application fee     </li>     <li>Receive free and confidential financial counseling     </li>     <li>An appointment is required to get help. Call <a href=""tel:311"">311</a> and say ""Citizenship appointment\u201d     </li>     <li>As a U.S citizen, you can vote in elections, apply for a U.S passport, access more jobs and more     </li> </ul>",Program,
"<p>     <strong>Email your questions</strong> </p> <p>     <a href=""mailto:HSEnrollment.nyc.gov"">Email the High School Admissions team</a> with questions about applying. </p>","<p>     To apply for admission to a public high school: </p> <ol>     <li>Visit <a href=""http://app.bronto.com/t/l?ssid=4776&amp;subscriber_id=bpoodwbawwvylbzfifslbjpsdmkzbbm&amp;delivery_id=avrbhhzshlfzjwfwzeuqyufrirybbce&amp;td=9yWbDVN0mB36O2cIzTouCQWrpk6bgx7E5xawCisi_rGgRpKUAlMuXHuiyHL09YDwRPvln_RxgubkRx7nPCNs-HHRyofj3L_p2cgoav4uaepYFKN0UTar4AP8bN6gCQkjdf32t8TAQyQYLMTtLnWEza00fLixDyBde76VmBxPDc4aMW8F1Lm8eH4Akf8gHRf-o2oVusiA5k6OGHoXWDSYADOP_TvpVZ7DwrEqi6D7HOZJNdYgYyiA8NEg"" target=""_blank"">MySchools.nyc</a> and set up your account. Speak with your school counselor if you need help. You will need your:         <ul>             <li>Student ID number             </li>             <li>Account creation code (PIN)             </li>         </ul>     </li>     <li>Use <a href=""http://app.bronto.com/t/l?ssid=4776&amp;subscriber_id=bpoodwbawwvylbzfifslbjpsdmkzbbm&amp;delivery_id=avrbhhzshlfzjwfwzeuqyufrirybbce&amp;td=9yWbDVN0mB36O2cIzTouCQWrpk6bgx7E5xawCisi_rGgRpKUAlMuXHuiyHL09YDwRPvln_RxgubkRx7nPCNs-HHRyofj3L_p2cgoav4uaepYFKN0UTar4AP8bN6gCQkjdf32t8TAQyQYLMTtLnWEza00fLixDyBde76VmBxPDc4aMW8F1Lm8eH4Akf8gHRf-o2oVusiA5k6OGHoXWDSYADOP_TvpVZ7DwrEqi6D7HOZJNdYgYyiA8NEg"" target=""_blank"">MySchools</a> to explore high school programs based on your interests, location, and more.     </li>     <li>Select up to 12 choices to add to your application in your true order of preference, and submit it by the deadline.     </li> </ol> <p>     If you just moved to NYC talk to your school counselor or visit a <a href=""https://www.schools.nyc.gov/enrollment/enrollment-help/family-welcome-centers"">Family Welcome Center</a>. </p> <p>     If you want to apply to a specialized high school, contact your guidance counselor in September to request an admissions ticket for the test. </p>",High School,"<p>     <strong>Visit a Family Welcome Center</strong> </p> <p>     Visit a <a href=""https://www.schools.nyc.gov/enrollment/enrollment-help/family-welcome-centers"" target=""_blank"">Family Welcome Center</a> to get help in person. </p>","<ul>     <li>Students interested in <a href=""https://www.schools.nyc.gov/enrollment/enroll-grade-by-grade/specialized-high-schools"" target=""_blank"">Specialized High Schools</a> must audition or take an admissions test     </li>     <li>Students with disabilities and English Language Learners (ELL) may apply to any high school program     </li>     <li>The <a href=""http://schools.nyc.gov/NR/rdonlyres/73F780D0-CDA2-4122-837E-430F0F9F068E/0/HighSchoolApplicationActionChecklist.pdf"" target=""_blank"">application checklist</a> can help keep you on track with key dates.     </li> </ul>",Service,Explore your choices
,,Children with Special Health Care Needs,,,Service,
,,NYCitizenship,,"<ul>     <li>Meet with a <strong>FREE</strong> immigration attorney to help you determine if you qualify to apply for U.S. citizenship     </li>     <li>If you qualify for a fee waiver, apply for citizenship for free with no application fee     </li>     <li>Receive free and confidential financial counseling     </li>     <li>An appointment is required to get help. Call <a href=""tel:311"">311</a> and say ""Citizenship appointment\u201d     </li>     <li>As a U.S citizen, you can vote in elections, apply for a U.S passport, access more jobs and more     </li> </ul>",Program,
"<p>     <strong>Email CUNY Fatherhood</strong> </p> <ul>     <li>Kingsborough program: Email <a href=""mailto:kirk.francis.cuny.edu""><u>Kirk Francis</u></a> with questions.     </li>     <li>Hostos program: Email <a href=""mailto:dallen.cuny.edu""><u>Danielle Allen</u></a> with questions.     </li>     <li>LaGuardia program: Email <a href=""mailto:rbrooks.cuny.edu""><u>Raheem Brooks</u></a> for questions.     </li> </ul>","<p>     To apply for the CUNY Fatherhood Academy, fill in the contact form for the college you want to take classes at. A staff member will contact you shortly to let you know when the next orientation session is. </p> <ul>     <li>Apply to <a href=""http://www.hostos.cuny.edu/Administrative-Offices/Division-of-Continuing-Education-Workforce-Develop/CFA/Orientation-Session-Application"" target=""_blank""><u>Hostos Community College</u></a>     </li>     <li>Apply to <a href=""http://www.lagcc.cuny.edu/cunyfatherhood/"" target=""_blank""><u>LaGuardia Community College</u></a>     </li>     <li>Apply to <a href=""http://cewdkbcc.com/current-programs/cuny-fatherhood-academy/application-sessions/"" target=""_blank""><u>Kingsborough Community College</u></a>     </li> </ul>",CUNY Fatherhood Academy,,"<ul>     <li>Students get MetroCards and stipends     </li>     <li>You can take classes at <a href=""http://www.hostos.cuny.edu/Administrative-Offices/Division-of-Continuing-Education-Workforce-Develop/CFA""><u>Hostos Community College</u></a> (Bronx), <a href=""http://www.laguardia.edu/cunyfatherhood/""><u>LaGuardia Community College</u></a> (Queens), or <a href=""http://cewdkbcc.com/cuny-fatherhood-academy-open-house-event/""><u>Kingsborough Community College</u></a> (Brooklyn)     </li>     <li>CFA has two tracks: high school equivalency prep and college prep     </li>     <li>Participants must be NYC residents     </li> </ul>",Program,
"<p>     <strong>Email your questions</strong> </p> <p>     <a href=""mailto:ESEnrollment.nyc.gov"">Email the Kindergarten Admissions team</a> with questions about applying. </p>","<ol>     <li>Use <a href=""https://www.myschools.nyc/"" target=""_blank"">MySchools</a> to find programs you're interested in. You can list up to 12 choices on your application, including schools outside of your zone and district.     </li>     <li>Submit your application <a href=""https://www.myschools.nyc/"" target=""_blank"">online through MySchools</a> during the application period (November - January each year).     </li> </ol>",Kindergarten & Elementary School,"<p>     <strong>Visit a Family Welcome Center</strong> </p> <p>     Visit a <a href=""https://www.schools.nyc.gov/enrollment/enrollment-help/family-welcome-centers"" target=""_blank"">Family Welcome Center</a> to get help in person. </p>","<ul>     <li>All children who live in NYC and were born in 2014, including students with disabilities and English Language Learners (ELL), are eligible to apply to kindergarten     </li>     <li>Apply online, over the phone, or in-person during the application period (November - January each year)     </li>     <li>Families that applied during the application period will receive offer letters in March and should pre-register at the school to accept their offer     </li>     <li>Pre-K, kindergarten, first grade, and second grade students can take the admissions test for the <a href=""https://growingupnyc.cityofnewyork.us/programs/gifted-talented-program/"" target=""_blank"">Gifted & Talented Program</a> - which supports the needs of exceptional students     </li> </ul>",Program,Apply online
,,Office of Child Support Services,"<p>     <strong>Visit the walk-in center</strong> </p> <p>     151 West Broadway, 4th Fl.<br>     New York, NY 10013<br>     Open Monday - Friday, 8:00 a.m. - 7:00 p.m.<br>     <em>Photo ID required</em> </p>","<ul>     <li>You don\u2019t have to be a citizen to get this service, and you won't be asked about your immigration status     </li>     <li>This program doesn\u2019t help with custody or visitation. It can guide you to resources for these services     </li>     <li>You should get a child support order even if you think the other parent can\u2019t afford to pay right now. They can get help finding work and may qualify for financial protections     </li>     <li>A child can get child support until age 21, even if the other parent isn\u2019t involved in the child\u2019s life     </li>     <li>Parents whose cash assistance was lowered because they did not participate correctly with child support can have it raised when they begin to comply. These parents should bring the necessary documentation to their <a href=""https://access.nyc.gov/locations/?programs=15014"" target=""_blank"">child support office</a>     </li>     <li>Child support has proven to benefit kids in many ways, especially when it comes to doing well in school     </li> </ul>",Service,
,"<ul>     <li>New Section 8/HCV applications are not being accepted at this time. The public will be notified when applications are being accepted again.     </li>     <li>If you previously submitted a Section 8 application when the waiting list was open, log on to the <a href=""https://on.nyc.gov/nycha-ss"" target=""_blank"">Self-Service Porta<u>l</u></a> to confirm the receipt of your NYCHA application.     </li> </ul>",Section 8 / Housing Choice Voucher Program,"<p>     <strong>Visit a NYCHA walk-in center</strong> </p> <p>     Bronx: 478 East Fordham Rd, 2nd Flr, Bronx, NY 10458 </p> <p>     Brooklyn: 787 Atlantic Ave, 2nd Flr, Brooklyn, NY 11238 </p>","<ul>     <li>As of May 14, 2007 applications for Section 8/HCV programs are not being accepted; the public will be notified when applications reopen and how to apply     </li>     <li>If you previously submitted a Section 8 application when the waiting list was open, log on to the <a href=""https://on.nyc.gov/nycha-ss"" target=""_blank"">Self-Service Portal</a> to confirm the receipt of your NYCHA application     </li>     <li>Affordable housing options are also available through <a href=""http://www1.nyc.gov/site/hpd/renters/find-housing.page"" target=""_blank"">NYC Housing Connect</a> and <a href=""http://www.nychdc.com/pages/Now-Renting.html"" target=""_blank"">NYC Housing Development Corporation</a>     </li>     <li>Never pay money to apply for Section 8 or public housing     </li>     <li>NYCHA, NYC Housing & Preservation Development, and NYS Home & Community Renewal all operate Section 8 programs in NYC     </li> </ul>",Program,Confirm receipt of your application
"<p>     <strong>Email your questions</strong> </p> <p>     <a href=""mailto:NYCYLC.nyc.gov""><u>Email the Youth Leadership Council</u></a> if you have questions about this program. </p>",<p>     Apply on the YLC website. </p>,NYC Youth Leadership Councils,,<ul>     <li>Available to youth in high school and in high school equivalent (HSE) programs     </li>     <li>For youth ages 14 - 21     </li>     <li>No prior leadership experience is required     </li> </ul>,Program,Request an application
"<p>     <strong>Email NYCELL</strong> </p> <p>     <strong><br>     <br></strong> <a href=""mailto:earlychildhood.nyc.gov""><u>Email NYCELL</u></a> if you have questions about the program. </p>",,NYC Early Literacy Learning Program,"<p>     <strong>Visit a center<br>     <br></strong> Visit a <a href=""http://schools.nyc.gov/Academics/EarlyChildhood/parentfamilies/NYCELL.htm"" target=""_blank""><u>NYCELL site</u></a> to get help in person. </p>","<ul>     <li>The program is for 12 weeks, twice a week, for two hours     </li>     <li>Families learn ways to improve their children's speech, reading, and writing     </li>     <li>Families get free books and educational toys to take home     </li>     <li>Offered at five NYCHA community centers in Manhattan, the Bronx, and Brooklyn as well as at the <a href=""https://www.nypl.org/locations/inwood"" target=""_blank""><u>Inwood Library</u></a>     </li> </ul>",Program,
,,Primary and Preventive Health Care,"<p>     <strong>Visit a heath care center</strong><br>     <br>     Find a <a href=""http://www.nychealthandhospitals.org/health_care/"" target=""_blank""><u>child health center location</u></a> near you to get help in person. </p>","<ul>     <li>Children can also get health care at <a href=""https://growingupnyc.cityofnewyork.us/programs/school-based-health-centers/"" target=""_blank""><u>School-Based Health Centers</u></a>     </li>     <li>All children can get care, regardless of your ability to pay or immigration status     </li>     <li>NYC Health + Hospitals can help your family find insurance if you need it     </li>     <li>Youth twelve and older can get private sexual and reproductive services and <a href=""http://nycyouthhealth.org/"" target=""_blank""><u>YouthHealth Centers</u></a>     </li> </ul>",Service,
,,Home Care Services Program,"<p>     <strong>Visit a Home Care office</strong> </p> <p>     Visit a <a href=""http://www1.nyc.gov/assets/hra/downloads/pdf/services/micsa/casa_offices.pdf"" target=""_blank"">Home Care CASA office</a> to get help in person.<br> </p>",<ul>     <li>All programs require that you be eligible for Medicaid     </li>     <li>Services are available for children and adults     </li>     <li>Emergency home care is also available     </li> </ul>,Service,
"<p>     <strong>Email your questions</strong> </p> <p>     <a href=""mailto:ESEnrollment.nyc.gov"">Email the Kindergarten Admissions team</a> with questions about applying. </p>","<ol>     <li>Use <a href=""https://www.myschools.nyc/"" target=""_blank"">MySchools</a> to find programs you're interested in. You can list up to 12 choices on your application, including schools outside of your zone and district.     </li>     <li>Submit your application <a href=""https://www.myschools.nyc/"" target=""_blank"">online through MySchools</a> during the application period (November - January each year).     </li> </ol>",Kindergarten & Elementary School,"<p>     <strong>Visit a Family Welcome Center</strong> </p> <p>     Visit a <a href=""https://www.schools.nyc.gov/enrollment/enrollment-help/family-welcome-centers"" target=""_blank"">Family Welcome Center</a> to get help in person. </p>","<ul>     <li>All children who live in NYC and were born in 2014, including students with disabilities and English Language Learners (ELL), are eligible to apply to kindergarten     </li>     <li>Apply online, over the phone, or in-person during the application period (November - January each year)     </li>     <li>Families that applied during the application period will receive offer letters in March and should pre-register at the school to accept their offer     </li>     <li>Pre-K, kindergarten, first grade, and second grade students can take the admissions test for the <a href=""https://growingupnyc.cityofnewyork.us/programs/gifted-talented-program/"" target=""_blank"">Gifted & Talented Program</a> - which supports the needs of exceptional students     </li> </ul>",Program,Apply online
"<p>     <strong>Email CUNY Start at your campus</strong> </p> <ul>     <li>         <a href=""mailto:cunystart.cuny.edu"">Borough of Manhattan Community College</a><a href=""mailto:cunystart.cuny.edu""></a>     </li>     <li>         <a href=""mailto:cunystart.cuny.edu"">Bronx Community College</a>     </li>     <li>         <a href=""mailto:cunystart.cuny.edu"">College of Staten Island</a>     </li>     <li>         <a href=""mailto:cunystart.cuny.edu"">Hostos Community College</a>     </li>     <li>         <a href=""mailto:cunystart.cuny.edu"">LaGuardia Community College</a>     </li>     <li>         <a href=""mailto:cunystart.cuny.edu"">Medgar Evers College</a>     </li>     <li>         <a href=""mailto:cunystart.cuny.edu"">Queensborough Community College</a>     </li> </ul>","<p>     To enroll in CUNY Start: </p> <ul>     <li>Complete all <a href=""http://www2.cuny.edu/admissions/undergraduate/"" target=""_blank"">CUNY admissions</a> requirements and apply to a <a href=""http://www2.cuny.edu/academics/academic-programs/model-programs/cuny-college-transition-programs/cuny-start/campus-info/"" target=""_blank"">CUNY Start campus</a>     </li>     <li>Take the <a href=""http://www.cuny.edu/academics/testing.html"" target=""_blank"">CUNY Assessment Tests</a> and check your scores to see if you need extra help     </li>     <li>Go to an information session at one of the <a href=""http://www2.cuny.edu/academics/academic-programs/model-programs/cuny-college-transition-programs/cuny-start/campus-info/"" target=""_blank"">CUNY Start campuses</a>     </li>     <li>         <a href=""http://www2.cuny.edu/academics/academic-programs/model-programs/cuny-college-transition-programs/cuny-start/campus-info/""></a>Complete the online program application     </li>     <li>Interview with a CUNY Start staff member     </li>     <li>Submit a copy of your high school or high school equivalency diploma and complete any other requirements for your college     </li>     <li>Pay your $75 student fee     </li> </ul>",CUNY Start,,"<ul>     <li>Costs $75, including materials     </li>     <li>Students can choose between full-time and part-time schedules     </li>     <li>A second program option, <a href=""http://www2.cuny.edu/academics/academic-programs/model-programs/cuny-college-transition-programs/cuny-start/math-start/"" target=""_blank"">Math Start</a>, helps students develop math skills in just 8 weeks     </li>     <li>Foster youth can get additional services through the <a href=""http://www2.cuny.edu/academics/academic-programs/model-programs/cuny-college-transition-programs/cuny-start/foster-care-initiative/"" target=""_blank"">Foster Care Initiative</a>     </li> </ul>",Program,Start your application
,"<p>     You can use Discover DYCD to find programs in your area. To get started: </p> <ol>     <li>Go to the <a href=""http://www.dycdportal.nyc/discoverdycd/home"" target=""_blank"">Discover DYCD</a> website.     </li>     <li>Select ""afterschool programs"" in the category field.     </li>     <li>Enter your borough and neighborhood, or zip code to begin searching.     </li> </ol>",Comprehensive After School System of NYC,<p>     <strong>Visit your child\u2019s school</strong> </p> <p>     Speak with an afterschool program staff at your child\u2019s school for more information. </p>,"<ul>     <li>Programs are offered to young people for free     </li>     <li>Programs are three hours each day, five days per week, including on school holidays     </li> </ul>",Program,Search online
"<p>     <strong>Text a counselor now</strong> </p> <p>     Text WELL to <a href=""sms:65173"">65173</a> at anytime to communicate with a counselor. When prompted text:<br> </p> <ul>     <li>1 for English     </li>     <li>2 for Spanish     </li>     <li>3 for Chinese     </li> </ul>",,NYC Well,"<p>     <strong>Chat with a counselor now</strong> </p> <p>     Go to the <a href=""https://nycwell.cityofnewyork.us/en/get-help-now/chat-with-a-counselor-now/"" target=""_blank"">NYC Well website to chat</a> with a counselor at anytime. </p>","<ul>     <li>You can get access to services in more than 200 languages     </li>     <li>Counselors are available everyday, at any hour of the day     </li>     <li>You can also get help finding long-term counseling and scheduling appointments     </li> </ul>",Resource,
,"<p>     YouthHealth clinics are located across NYC. Use the <a href=""http://www.nycyouthhealth.org/html/find-youth-services.shtml"" target=""_blank""><u>location finder</u></a> to find a clinic close to you and call to make an appointment. </p>",NYC YouthHealth,"<p>     <strong>Visit a YouthHealth clinic</strong> </p> <p>     Find a <a href=""http://www.nycyouthhealth.org/html/find-youth-services.shtml"" target=""_blank""><u>YouthHealth clinic near you</u></a> to get help in person. </p>","<ul>     <li>All sexual and reproductive services are private. Staff will not speak to anyone about them, not even your parents or guardians, without your permission     </li>     <li>You do not need an appointment for emergency contraception, pregnancy testing, or STI/D testing - you can just walk into clinics     </li> </ul>",Service,Find a YouthHealth Clinic
,,Beacon Programs,,,Program,
,,Outpatient Services,,"<p>     There are two major types of outpatient mental health for children: clinic treatment and day treatment. </p> <ul>     <li>Clinic treatment services include:<br>         <ul>             <li>Assessment (psychiatric, psychosocial)             </li>             <li>Individual, family, and group therapy             </li>             <li>Managing medicine             </li>             <li>Case management             </li>             <li>Referrals to doctors<br>                 <br>             </li>         </ul>     </li>     <li>Day treatment program services include:<br>         <ul>             <li>Special education in small classes             </li>             <li>Treatment plans             </li>             <li>Managing medicine             </li>             <li>Individual, family, and group therapy             </li>             <li>Emergency help             </li>             <li>Interpersonal skill development             </li>         </ul>     </li> </ul>",Resource,
,,Safe Sleep Initiative,,"<ul>     <li>For more information about infant sleep, see <a href=""http://www1.nyc.gov/site/acs/about/safe-sleep-faq.page"" target=""_blank"">frequently asked questions</a>, download the <a href=""https://www1.nyc.gov/assets/acs/pdf/about/2017/safesleepbrochure0609.pdf"" target=""_blank"">Safe Sleep brochure</a>, or watch the <a href=""https://youtu.be/ZLeL_LqieMI"" target=""_blank"">Safe Sleep video</a>.     </li>     <li>Low-income ACS-involved families can get a crib, which is delivered and set up in their home.     </li>     <li>Eligible families can receive a crib at a <a href=""https://www1.nyc.gov/site/doh/health/neighborhood-health/neighborhood-health-action-centers.page"" target=""_blank"">Neighborhood Health Action Center</a> or community-based organization in their borough.     </li> </ul>",Resource,
"<p>     <strong>Call for an appointment</strong> </p> <p>     Call NYC Health + Hospitals at <a href=""tel:212-423-7292"" target=""_blank""><u>212-423-7292</u></a> to make an appointment. </p>","<p>     To make an appointment, call NYC Health + Hospitals at <a href=""tel:212-423-7292"" target=""_blank""><u>212-423-7292</u></a> or send them an <a href=""mailto:metlgbt.org""><u>email</u></a>. </p>",LGBTQ Health Care Services,"<p>     <strong>Visit the website</strong> </p> <p>     Visit the <a href=""http://www.nychealthandhospitals.org/services/lgbtq-health-care-services/"" target=""_blank""><u>NYC Health + Hospitals LGBTQ Health website</u></a> to learn more. </p>","<ul>     <li>Care is provided to everyone, regardless of your ability to pay or immigration status     </li>     <li>NYC Health + Hospitals can help you find insurance if you need it     </li>     <li>You're free to use the restroom or single sex area that is most aligned with your gender identity or expression     </li>     <li>Youth twelve and older can get private reproductive and sexual health services     </li> </ul>",Service,
,"<p>     YouthHealth clinics are located across NYC. Use the <a href=""http://www.nycyouthhealth.org/html/find-youth-services.shtml"" target=""_blank""><u>location finder</u></a> to find a clinic close to you and call to make an appointment. </p>",NYC YouthHealth,"<p>     <strong>Visit a YouthHealth clinic</strong> </p> <p>     Find a <a href=""http://www.nycyouthhealth.org/html/find-youth-services.shtml"" target=""_blank""><u>YouthHealth clinic near you</u></a> to get help in person. </p>","<ul>     <li>All sexual and reproductive services are private. Staff will not speak to anyone about them, not even your parents or guardians, without your permission     </li>     <li>You do not need an appointment for emergency contraception, pregnancy testing, or STI/D testing - you can just walk into clinics     </li> </ul>",Service,Find a YouthHealth Clinic
"<p>     <strong>Email SCHE</strong> </p> <p>     If you have questions, <a href=""http://www1.nyc.gov/site/finance/about/contact-by-email/contact-exemptions-inquiries.page"" target=""_blank"">email SCHE</a> for more information.<br> </p>",,Senior Citizen Homeowners' Exemption,,"<ul>     <li>Applications must be postmarked by March 15th for benefits to begin on July 1st each year     </li>     <li>Requires proof of age, income, and tax deduction     </li>     <li>If your property qualifies for SCHE and the Disabled Homeowners Exemption (DHE), you will only be granted SCHE; you cannot get both     </li>     <li>All owners must be 65 years of age or older, unless the property is owned by spouse or sibling, who doesn't need to meet this age requirement     </li>     <li>         <a href=""http://webapps.nyc.gov:8084/CICS/fin1/find001I"" target=""_blank"">Determine the borough, block, and lot (BBL)</a> for your property     </li> </ul>",Program,
,,Jobs Plus,,"<ul>     <li>Jobs Plus is available at 27 NYCHA developments across 10 sites.     </li>     <li>Participants can also enroll in the <a href=""http://opportunitynycha.org/about-financial-empowerment/rent-incentives/"" target=""_blank"">Earned Income Disallowance (EID) program</a> to prevent rent increases once they find a job or get a raise.     </li> </ul>",Program,
,,EarlyLearn NYC Child Care,"<p>     <strong>Visit a center</strong> </p> <p>     Visit an <a href=""https://access.nyc.gov/locations/?programs=6866"" target=""_blank"">EarlyLearn center near</a> you for help in person. </p>","<ul>     <li>If you are receiving Cash Assistance and in an HRA-approved work, education, or training activity you are probably eligible     </li>     <li>Services are available for children with special needs     </li>     <li>Child care options are also available through the EarlyLearn Head Start program (for three and four year olds) and private programs     </li> </ul>",Service,
,,Children with Special Health Care Needs,,,Service,
,,Summer Meals,,"<ul>     <li>No registration, documentation, or ID is required to receive a free breakfast or lunch meal     </li>     <li>For children 18 and under     </li>     <li>Find <a href=""http://www.schoolfoodnyc.org/sch_search/summermeals.aspx"" target=""_blank"">Free Summer Meals locations</a>     </li> </ul>",Program,
,"<ul>     <li>Applications are no longer needed to qualify for free meal benefits.     </li>     <li>Families may be asked to complete a <a href=""https://www.myschoolapps.com/Home/PickDistrict"" target=""_blank"">family income inquiry form</a> to help schools receive funding.     </li> </ul>",SchoolFood,,"<ul>     <li>Families no longer need to fill out applications to qualify for free meal benefits.     </li>     <li>You may be asked to complete a <a href=""https://www.myschoolapps.com/Home/PickDistrict"" target=""_blank"">family income inquiry form</a> to help schools receive funding.     </li> </ul>",Program,
,"<p>     You can use Discover DYCD to find programs in your area. To get started: </p> <ol>     <li>Go to the <a href=""http://www.dycdportal.nyc/discoverdycd/home"" target=""_blank"">Discover DYCD website</a>.     </li>     <li>Select ""jobs & internships"" in the category field.     </li>     <li>Enter your borough and neighborhood, or zip code to begin searching.     </li> </ol>",Learn & Earn (formerly the In-School Youth Program),"<p>     <strong>Visit a center</strong><br> </p> <p>     Find a <a href=""https://access.nyc.gov/locations/?programs=8837"" target=""_blank"">center</a> to get help in person. </p>",<ul>     <li>Must have a Social Security Number     </li>     <li>Must be able to work legally in US     </li>     <li>Enroll between September 1 - 30     </li> </ul>,Program,Search online
"<p>     <strong>Email DRIE</strong> </p> <p>     <a href=""http://www1.nyc.gov/site/finance/about/contact-by-email/contact-drie.page"" target=""_blank"">Email DRIE</a> for more information. </p>",<p>     SCRIE/DRIE online applications are temporarily unavailable while we work on a new and improved application. Please use the forms or walk-in location to apply. </p>,Disability Rent Increase Exemption,"<p>     <strong>Visit DRIE walk-in center</strong> </p> <p>     66 John St, 3rd Flr<br>     New York, NY, 10038<br>     Open Monday - Friday, 8:30 a.m.- 4:30 p.m. </p>","<ul>     <li>Once applied, it takes 10 - 15 days to hear back     </li>     <li>You are not required to file taxes to qualify for DRIE     </li>     <li>You will need to send documents. Never mail your original documents, just copies     </li>     <li>You do not need your landlord's permission to apply     </li>     <li>Apply online, by mail, or in person     </li> </ul>",Program,
,,Child Health Plus and Children's Medicaid,,,Benefit,
,,Family Resource Centers,,"<ul>     <li>Some FRCs offer services in a range of languages, including Spanish, Cantonese, Mandarin, Chinese, French, and Creole     </li>     <li>The Bronx, Brooklyn, Manhattan, and Queens each have two FRCs, and Staten Island has one     </li>     <li>Services can be directed to the parent/caregiver or their child     </li> </ul>",Resource,
"<p>     <strong>Email SCHE</strong> </p> <p>     If you have questions, <a href=""http://www1.nyc.gov/site/finance/about/contact-by-email/contact-exemptions-inquiries.page"" target=""_blank"">email SCHE</a> for more information.<br> </p>",,Senior Citizen Homeowners' Exemption,,"<ul>     <li>Applications must be postmarked by March 15th for benefits to begin on July 1st each year     </li>     <li>Requires proof of age, income, and tax deduction     </li>     <li>If your property qualifies for SCHE and the Disabled Homeowners Exemption (DHE), you will only be granted SCHE; you cannot get both     </li>     <li>All owners must be 65 years of age or older, unless the property is owned by spouse or sibling, who doesn't need to meet this age requirement     </li>     <li>         <a href=""http://webapps.nyc.gov:8084/CICS/fin1/find001I"" target=""_blank"">Determine the borough, block, and lot (BBL)</a> for your property     </li> </ul>",Program,
,,Family Assessment Program,,,Program,
,,NYCHA Resident Economic Empowerment and Sustainability,"<p>     <strong>Visit the office</strong> </p> <p>     Visit the REES office at 787 Atlantic Ave., Brooklyn, NY, 11238 to get help in person. </p>",<ul>     <li>REES can help you delay rent increases if your income goes up     </li>     <li>The Brooklyn office has information sessions every Tuesday and Thursday at 8:30 a.m     </li> </ul>,Service,
,"<ul>     <li>To apply for public housing, you must submit an application on the <a href=""https://apply.nycha.info/"" target=""_blank"">NYCHA website</a>.     </li>     <li>After you apply, you will be assigned a case number and put on a waiting list for an eligibility interview.     </li>     <li>Use the <a href=""https://selfserve.nycha.info/eservice_enu/start.swe?SWECmd=Start&amp;SWEHo=selfserve.nycha.info"" target=""_blank"">self-service portal</a> to check your status at any time. You'll need to register and log in.     </li> </ul>",Public Housing,"<p>     <strong>NYCHA Customer Contact Centers are located at:</strong> </p> <p>     <strong><a href=""https://access.nyc.gov/location/customer-contact-center-bronx-manhattan-queens/"" target=""_blank"">Bronx Customer Contact Center</a><br></strong> 478 East Fordham Road (1 Fordham Plaza), 2nd Floor<br>     Bronx, NY 10458 </p> <p>     <strong><a href=""https://access.nyc.gov/location/customer-contact-center-brooklyn-staten-island-queens/"" target=""_blank"">Brooklyn Customer Contact Center</a></strong><br>     787 Atlantic Avenue, 2nd Floor<br>     Brooklyn, NY 11238 </p>","<ul>     <li>Rent is based on your family's income. Most buildings have electricity and gas included in the rent.     </li>     <li>You do not need to be a citizen to apply. However, at least one person who lives with you must be a citizen or have legal immigration status.     </li>     <li>Accessible apartments are available for people with disabilities. Some apartments have been modified and are available for persons with mobility impairments. Other reasonable accommodations can be made as well.     </li>     <li>Affordable housing options are also available through <a href=""http://www1.nyc.gov/site/hpd/renters/find-housing.page"" target=""_blank"">NYC Housing Connect</a> and <a href=""http://www.nychdc.com/pages/Now-Renting.html"" target=""_blank"">NYC Housing Development Corporation</a>     </li> </ul>",Program,Apply online
,,Access-A-Ride,,"<ul>     <li>The price is the same as full fare on public transportation     </li>     <li>AAR may take up to 21 days to process your application after your in-person assessment     </li>     <li>A subscription service is available if you travel to the same places at the same time of day at least once each week     </li>     <li>Some customers require the assistance of a personal care attendant (PCA) who <a href=""http://web.mta.info/nyct/paratran/guide.htm#attendan"" target=""_blank"">performs personal duties</a> that drivers are not allowed to do during travel. Personal care attendants ride for free     </li>     <li>Some AAR customers may request an AAR MetroCard that can be used for four free public transportation rides a day on public buses and trains     </li> </ul>",Program,
,"<ol>     <li>Apply to <a href=""https://application.nycsyep.com/"" target=""_blank"">SYEP online</a> during the application period (February - March). The application for SYEP will only be available during that time.     </li>     <li>Participants are selected by lottery for the program.     </li> </ol>",Summer Youth Employment Program,,<ul>     <li>Apply between February and March each year     </li>     <li>Selection is based on a lottery     </li>     <li>Apply online or at a community-based organization during the application period<br>     </li>     <li>Work is available for youth with disabilities     </li> </ul>,Program,Apply online
"<p>     <strong>Call for an appointment</strong> </p> <p>     Call NYC Health + Hospitals at <a href=""tel:212-423-7292"" target=""_blank""><u>212-423-7292</u></a> to make an appointment. </p>","<p>     To make an appointment, call NYC Health + Hospitals at <a href=""tel:212-423-7292"" target=""_blank""><u>212-423-7292</u></a> or send them an <a href=""mailto:metlgbt.org""><u>email</u></a>. </p>",LGBTQ Health Care Services,"<p>     <strong>Visit the website</strong> </p> <p>     Visit the <a href=""http://www.nychealthandhospitals.org/services/lgbtq-health-care-services/"" target=""_blank""><u>NYC Health + Hospitals LGBTQ Health website</u></a> to learn more. </p>","<ul>     <li>Care is provided to everyone, regardless of your ability to pay or immigration status     </li>     <li>NYC Health + Hospitals can help you find insurance if you need it     </li>     <li>You're free to use the restroom or single sex area that is most aligned with your gender identity or expression     </li>     <li>Youth twelve and older can get private reproductive and sexual health services     </li> </ul>",Service,
,,Family Assessment Program,,,Program,
"<p>     <strong>Email CUNY Fatherhood</strong> </p> <ul>     <li>Kingsborough program: Email <a href=""mailto:kirk.francis.cuny.edu""><u>Kirk Francis</u></a> with questions.     </li>     <li>Hostos program: Email <a href=""mailto:dallen.cuny.edu""><u>Danielle Allen</u></a> with questions.     </li>     <li>LaGuardia program: Email <a href=""mailto:rbrooks.cuny.edu""><u>Raheem Brooks</u></a> for questions.     </li> </ul>","<p>     To apply for the CUNY Fatherhood Academy, fill in the contact form for the college you want to take classes at. A staff member will contact you shortly to let you know when the next orientation session is. </p> <ul>     <li>Apply to <a href=""http://www.hostos.cuny.edu/Administrative-Offices/Division-of-Continuing-Education-Workforce-Develop/CFA/Orientation-Session-Application"" target=""_blank""><u>Hostos Community College</u></a>     </li>     <li>Apply to <a href=""http://www.lagcc.cuny.edu/cunyfatherhood/"" target=""_blank""><u>LaGuardia Community College</u></a>     </li>     <li>Apply to <a href=""http://cewdkbcc.com/current-programs/cuny-fatherhood-academy/application-sessions/"" target=""_blank""><u>Kingsborough Community College</u></a>     </li> </ul>",CUNY Fatherhood Academy,,"<ul>     <li>Students get MetroCards and stipends     </li>     <li>You can take classes at <a href=""http://www.hostos.cuny.edu/Administrative-Offices/Division-of-Continuing-Education-Workforce-Develop/CFA""><u>Hostos Community College</u></a> (Bronx), <a href=""http://www.laguardia.edu/cunyfatherhood/""><u>LaGuardia Community College</u></a> (Queens), or <a href=""http://cewdkbcc.com/cuny-fatherhood-academy-open-house-event/""><u>Kingsborough Community College</u></a> (Brooklyn)     </li>     <li>CFA has two tracks: high school equivalency prep and college prep     </li>     <li>Participants must be NYC residents     </li> </ul>",Program,
,"<p>     You can use Discover DYCD to find programs in your area. To get started:<br> </p> <ol>     <li>Go to the <a href=""http://www.dycdportal.nyc/discoverdycd/home"" target=""_blank""><u>Discover DYCD</u></a> website.     </li>     <li>Click ""Show Advanced Search"" in the ""Basic Search"" box     </li>     <li>Select ""Literacy Group"" from the ""All Programs"" dropdown and ""Young Adult Literacy Program- Pre HSE Instruction"" in the All Sub-programs"" dropdown     </li> </ol>",Young Adult Literacy Program,,<ul>     <li>Students with at least a 70 percent average attendance rate can participate in paid internships     </li>     <li>You do not have to be a US citizen to participate     </li>     <li>Available to English Language Learners (ELL)     </li> </ul>,Program,Search Discover DYCD
,,Emergency Food Assistance Program,"<p>     <strong>Visit food assistance locations</strong> </p> <p>     Visit the nearest active <a href=""https://access.nyc.gov/locations/?&amp;programs=15061"" target=""_blank"">Emergency Food Assistance Program</a>. </p>","<ul>     <li>For urgent food and hunger needs, call the Emergency Food Hotline at <a href=""tel:866-888-8777"">866-888-8777</a>. You'll be provided with hours of operation and directions to the nearest food pantries and community kitchens     </li>     <li>Everyone is eligible for emergency food assistance, regardless of immigration status or how much money you have     </li>     <li>Food pantries and community kitchens exist in all five boroughs     </li>     <li>If you often need help buying food, use <a href=""https://access.nyc.gov/"" target=""_blank"">ACCESS NYC</a> to see if you're eligible for SNAP (food stamps) and other benefits     </li>     <li>Some locations offer kosher food     </li> </ul>",Program,
,,NYC Nurse-Family Partnership,,"<ul>     <li>You can receive services no matter your age or immigration status     </li>     <li>You can join NFP early in your pregnancy, but no later than your 28th week     </li>     <li>All services are provided at no cost to the client     </li> </ul>",Program,
"<p>     <strong>Email the Department of Finance</strong> </p> <p>     Email the <a href=""http://www1.nyc.gov/site/finance/about/contact-by-email/contact-exemptions-inquiries.page"" target=""_blank"">Department of Finance</a> if you have questions about this program. </p>",,Veterans' Property Tax Exemption,"<p>     <strong>Visit an office</strong> </p> <p>     Visit a <a href=""http://www1.nyc.gov/site/finance/pay-now/person.page"" target=""_blank"">Department of Finance office</a> to get help in person.<br> </p>","<ul>     <li>Your application needs to be postmarked by March 15 in order for your benefits to start on July 1. If March 15 is on a weekend, then the deadline will be the next business day     </li>     <li>         <a href=""http://webapps.nyc.gov:8084/CICS/fin1/find001I"" target=""_blank"">Determine the borough, block, and lot (BBL)</a> for your property using link or checking information on current property tax bill     </li> </ul>",Program,
,,Health Bucks,,,Benefit,
"<p>     <strong>Email the NYS Department of Labor</strong> </p> <p>     <a href=""https://www.labor.ny.gov/secure/contact/"" target=""_blank"">Email NYS unemployment</a> to get more information </p>","<ol>     <li>Create an account on <a href=""https://applications.labor.ny.gov/IndividualReg/?TYPE=33554433&amp;REALMOID=06-b0d30d94-a224-104a-b476-839b26b50cb3&amp;GUID=&amp;SMAUTHREASON=0&amp;METHOD=GET&amp;SMAGENTNAME=%24SM%24ThT5WVUR1XkGiy4UhP34jv09ppEYsY5V%2b%2bhuQYmYxeVseon5yi64QNm3b%2fN7fNeC&amp;TARGET=%24SM%24HTTPS%3a%2f%2fapplications%2elabor%2eny%2egov%2fIndividual%2f"" target=""_blank"">NY.gov</a>.         <ol>             <li>                 <a href=""http://www.labor.ny.gov/ui/claimantinfo/sign-in-faq.shtm"" target=""_blank"">Learn more</a> about how to get a NY.gov ID.             </li>         </ol>     </li>     <li>Login with your new NY.gov ID.     </li>     <li>Follow the instructions to file a claim.     </li>     <li>Submit your application.     </li>     <li>The Department of Labor will review your claim for UI benefits and decide if you qualify.     </li>     <li>You can only file online during the following times:         <ol>             <li>Monday - Thursday: 7:30 a.m - 7:30 p.m             </li>             <li>Friday: 7:30 a.m - 5:00 p.m.             </li>             <li>Weekends: Saturday 12:00 a.m - Sunday 7:00 p.m.             </li>         </ol>     </li> </ol>",NYS Unemployment Insurance,,"<ul>     <li>If you worked in New York State within the last 18 months, you have the right to file a claim for benefits     </li>     <li>You can claim your benefits weekly for up to 26 weeks while you are unemployed     </li>     <li>Requires a valid Social Security Number and government-issued ID card     </li>     <li>It takes three to six weeks from the time you file your claim to receive your first payment     </li>     <li>Apply online or by phone     </li> </ul>",Benefit,File online
,<p>     The City can help you find a website where you can file your taxes for free. </p>,Earned Income Tax Credit,"<p>     <strong>Visit a tax prep location</strong> </p> <p>     Visit a <a href=""https://access.nyc.gov/locations/?programs=6868"" target=""_blank"">tax prep location</a> to get help filing your taxes in person. </p>","<ul>     <li>File your taxes by April 17, 2018     </li>     <li>To qualify you must have earned income from working for someone or from running or owning a business or farm and meet basic rules     </li>     <li>You\u2019ll need to file your federal and New York State tax returns to claim EITC     </li>     <li>If you qualify for the EITC, the City can help you file your taxes for free with NYC Free Tax prep     </li>     <li>If you qualify, the government mails your refund or deposits it into your bank account     </li>     <li>If you owe the government money, be aware that late filing penalties may apply for filing after April 17, 2018     </li>     <li>Refunds for filers who claim EITC will not be distributed until February 15<br>     </li> </ul>",Benefit,File online
,"<p>     You can use Discover DYCD to find programs in your area. To get started: </p> <ol>     <li>Go to the <a href=""http://www.dycdportal.nyc/discoverdycd/home"" target=""_blank"">Discover DYCD</a> website.     </li>     <li>Click ""Show Advanced Search"" in the ""Basic Search"" box     </li>     <li>Select ""Cornerstone"" from the ""All Programs"" dropdown     </li> </ol>",Cornerstone Programs,,<ul>     <li>Programs are free and available to young people and adults     </li>     <li>Enrollment for summer programs is every April     </li>     <li>Enrollment for school-year programs for elementary-age youth is between August and September     </li> </ul>,Program,Search for a program
"<p>     <strong>Email SBHC</strong> Email <a href=""mailto:smelendez7.nyc.gov""><u>Solluz Melendez</u></a>, School-Based Health Centers Coordinator, if you have questions about this program. </p>",,School-Based Health Centers,,"<ul>     <li>Students can get free care regardless of immigration status.     </li>     <li>Students can get free care even if they don't have insurance. Staff can help families apply for free or low-cost public health insurance.     </li>     <li>Centers offer appointments during school hours and 24 hour phone support.     </li>     <li>High-schoolers can receive private reproductive care. They do not need consent from their families.     </li>     <li>Not all schools have SBHCs, you can check with your child's school to see if a health center is on site.     </li> </ul>",Service,
,<p>     The City can help you find a website where you can file your taxes for free. </p>,NYC Free Tax Prep,"<p>     <strong>Visit a tax prep location</strong> </p> <p>     Visit a <a href=""https://access.nyc.gov/locations/?programs=6909"" target=""_blank"">tax prep location</a> to get help filing your taxes in person. </p>","<ul>     <li>File your taxes by April 17, 2018     </li>     <li>File in person or online     </li>     <li>Free Tax Prep sites are open year-round to assist you     </li>     <li>If you qualify for tax credits such as EITC, Child Tax Credit, or Child and Dependent Tax Credit you can claim them when you file     </li>     <li>If you get a refund, the IRS mails your refund or deposits it into your bank account     </li>     <li>If you file in person, some sites let you drop off your tax documents and pick up the completed return later     </li> </ul>",Service,File online
,"<p>     If you're already receiving Cash Assistance, you can complete an online recertification application. </p>",Cash Assistance,"<p>     <strong>Visit an HRA Job Center</strong> </p> <p>     Find an <a href=""https://access.nyc.gov/locations/?programs=6859"" target=""_blank"">HRA Job Center</a> near you. </p>","<ul>     <li>Requires proof of identity, where you live, income, and citizenship status.     </li>     <li>You must be a US citizen or have satisfactory immigration status to receive Cash Assistance; a worker will help you learn your status when you apply     </li>     <li>If you are able to work, you will either need to be working, in an education or training program, or participate in a program assigned to you in order to get Cash Assistance     </li>     <li>You can get money for emergencies, including: eviction, energy and utility bills, natural disasters, and your safety or health     </li>     <li>Apply in person, or have an interview at home if you are homebound     </li> </ul>",Benefit,Recertify online
"<p>     <strong>Email the NYS Department of Labor</strong> </p> <p>     <a href=""https://www.labor.ny.gov/secure/contact/"" target=""_blank"">Email NYS unemployment</a> to get more information </p>","<ol>     <li>Create an account on <a href=""https://applications.labor.ny.gov/IndividualReg/?TYPE=33554433&amp;REALMOID=06-b0d30d94-a224-104a-b476-839b26b50cb3&amp;GUID=&amp;SMAUTHREASON=0&amp;METHOD=GET&amp;SMAGENTNAME=%24SM%24ThT5WVUR1XkGiy4UhP34jv09ppEYsY5V%2b%2bhuQYmYxeVseon5yi64QNm3b%2fN7fNeC&amp;TARGET=%24SM%24HTTPS%3a%2f%2fapplications%2elabor%2eny%2egov%2fIndividual%2f"" target=""_blank"">NY.gov</a>.         <ol>             <li>                 <a href=""http://www.labor.ny.gov/ui/claimantinfo/sign-in-faq.shtm"" target=""_blank"">Learn more</a> about how to get a NY.gov ID.             </li>         </ol>     </li>     <li>Login with your new NY.gov ID.     </li>     <li>Follow the instructions to file a claim.     </li>     <li>Submit your application.     </li>     <li>The Department of Labor will review your claim for UI benefits and decide if you qualify.     </li>     <li>You can only file online during the following times:         <ol>             <li>Monday - Thursday: 7:30 a.m - 7:30 p.m             </li>             <li>Friday: 7:30 a.m - 5:00 p.m.             </li>             <li>Weekends: Saturday 12:00 a.m - Sunday 7:00 p.m.             </li>         </ol>     </li> </ol>",NYS Unemployment Insurance,,"<ul>     <li>If you worked in New York State within the last 18 months, you have the right to file a claim for benefits     </li>     <li>You can claim your benefits weekly for up to 26 weeks while you are unemployed     </li>     <li>Requires a valid Social Security Number and government-issued ID card     </li>     <li>It takes three to six weeks from the time you file your claim to receive your first payment     </li>     <li>Apply online or by phone     </li> </ul>",Benefit,File online
,,Senior Employment Services,"<p>     <strong>Visit the office</strong> </p> <p>     Senior Employment Services<br>     2 Lafayette St., 6th Flr.<br>     New York, NY 10007 </p>","<ul>     <li>If you are eligible for SES, there are job placements citywide     </li>     <li>Requires proof of identity, income, where you live, and eligibility to work     </li>     <li>Apply in person or by mail     </li> </ul>",Program,
"<p>     <strong>Email DHE</strong> </p> <p>     If you have questions, <a href=""http://www1.nyc.gov/site/finance/about/contact-by-email/contact-exemptions-inquiries.page"" target=""_blank"">email DHE</a> for more information.<br> </p>",<p>     There is no online application at this time. </p>,Disabled Homeowners Exemption,"<p>     <strong>Visit an office</strong> </p> <p>     Visit a <a href=""http://www1.nyc.gov/site/finance/pay-now/person.page"" target=""_blank"">Department of Finance Business Center</a> (Monday - Friday, 8:30 a.m - 4:30 p.m) to get help in person. </p>","<ul>     <li>Applications must be postmarked by March 15th for benefits to begin on July 1st each year     </li>     <li>All owners must be persons with disabilities unless the property is owned by your spouse or by siblings, who do not need to be disabled     </li>     <li>If your property qualifies for DHE and the Senior Citizen Homeowner Exemption (SCHE), you will only be granted SCHE; you cannot get both     </li> </ul>",Program,
,"<p>     To request more information on applying visit the <a href=""https://maps.nyc.gov/3k/#form-page"" target=""_blank""><u>3-K for All website</u></a>. <a href=""http://nyc.gov/3k"" target=""_blank""></a> </p>",3-K for All,"<p>     <strong>Visit a Family Welcome Center</strong> </p> <p>     Visit a <a href=""http://nyc.gov/schools/welcomecenters"" target=""_blank""><u>Family Welcome Center</u></a> to learn more about 3-K programs. </p>","<ul>     <li>If you have a child born in 2015 and want to learn more, visit the <a href=""https://maps.nyc.gov/3k/#form-page"" target=""_blank"">3-K for All website</a> or call <a href=""tel:311"">311</a>.     </li>     <li>The City will expand to two additional school districts each year. These districts include:         <ul>             <li>2019-20: District 9 (Grand Concourse, Highbridge, Morrisania) and District 31 (Staten Island).             </li>             <li>2020-21: District 19 (East New York) and District 29 (Cambria Heights, Hollis, Laurelton, Queens Village, Springfield Gardens, St. Albans).             </li>         </ul>     </li> </ul>",Program,Find out how to apply
,"<p>     You can use Discover DYCD to find programs in your area. To get started:<br> </p> <ol>     <li>Go to the <a href=""http://www.dycdportal.nyc/discoverdycd/home"" target=""_blank""><u>Discover DYCD</u></a> website.     </li>     <li>Click ""Show Advanced Search"" in the ""Basic Search"" box     </li>     <li>Select ""Literacy Group"" from the ""All Programs"" dropdown and ""Young Adult Literacy Program- Pre HSE Instruction"" in the All Sub-programs"" dropdown     </li> </ol>",Young Adult Literacy Program,,<ul>     <li>Students with at least a 70 percent average attendance rate can participate in paid internships     </li>     <li>You do not have to be a US citizen to participate     </li>     <li>Available to English Language Learners (ELL)     </li> </ul>,Program,Search Discover DYCD
,,NYCHA Resident Economic Empowerment and Sustainability,"<p>     <strong>Visit the office</strong> </p> <p>     Visit the REES office at 787 Atlantic Ave., Brooklyn, NY, 11238 to get help in person. </p>",<ul>     <li>REES can help you delay rent increases if your income goes up     </li>     <li>The Brooklyn office has information sessions every Tuesday and Thursday at 8:30 a.m     </li> </ul>,Service,
,,Family Self-Sufficiency,,,Service,
"<p>     <strong>Email the Department of Finance</strong> </p> <p>     Email the <a href=""http://www1.nyc.gov/site/finance/about/contact-by-email/contact-exemptions-inquiries.page"" target=""_blank"">Department of Finance</a> if you have questions about this program. </p>",,Veterans' Property Tax Exemption,"<p>     <strong>Visit an office</strong> </p> <p>     Visit a <a href=""http://www1.nyc.gov/site/finance/pay-now/person.page"" target=""_blank"">Department of Finance office</a> to get help in person.<br> </p>","<ul>     <li>Your application needs to be postmarked by March 15 in order for your benefits to start on July 1. If March 15 is on a weekend, then the deadline will be the next business day     </li>     <li>         <a href=""http://webapps.nyc.gov:8084/CICS/fin1/find001I"" target=""_blank"">Determine the borough, block, and lot (BBL)</a> for your property using link or checking information on current property tax bill     </li> </ul>",Program,
,"<p>     You can use Discover DYCD to find programs in your area. To get started: </p> <ol>     <li>Go to the <a href=""http://www.dycdportal.nyc/discoverdycd/home"" target=""_blank""><u>Discover DYCD</u></a> website.     </li>     <li>Click ""Show Advanced Search"" in the ""Basic Search"" box     </li>     <li>Select ""Young Adult Internship Programs"" from the ""All Programs"" dropdown     </li> </ol>",Intern & Earn (formerly the Young Adult Internship Program),"<p>     <strong>Visit the website</strong><br>     <br>     Visit the <a href=""https://www1.nyc.gov/site/dycd/services/jobs-internships/young-adult-internship-program-yaip.page"" target=""_blank""><u>DYCD website</u></a> for more information. </p>","<ul>     <li>Programs are free and available to youth ages 16-24 who are not in school and not working     </li>     <li>Enrollment is at different times throughout the year     </li>     <li>Job placement is available in many industries, including construction, hospitality, healthcare, and retail     </li> </ul>",Program,Find a program
,"<ol>     <li>Apply to <a href=""https://application.nycsyep.com/"" target=""_blank"">SYEP online</a> during the application period (February - March). The application for SYEP will only be available during that time.     </li>     <li>Participants are selected by lottery for the program.     </li> </ol>",Summer Youth Employment Program,,<ul>     <li>Apply between February and March each year     </li>     <li>Selection is based on a lottery     </li>     <li>Apply online or at a community-based organization during the application period<br>     </li>     <li>Work is available for youth with disabilities     </li> </ul>,Program,Apply online
"<p>     <strong>Email Workforce1</strong> </p> <p>     <a href=""http://www.nyc.gov/html/sbs/wf1/html/contact/contact_form.shtml"" target=""_blank"">Email</a> your questions or if you need more information about Workforce1. </p>","<ol>     <li>Fill out a quick form <a href=""http://www.nyc.gov/html/sbs/wf1/html/register/register_now.shtml"" target=""_blank"">online</a> to register.     </li>     <li>Get access to our job opportunities, recruitment events, workshops, training opportunities, and other services \u2013 all for free!     </li> </ol>",Workforce1,"<p>     <strong>Visit a Workforce1 Career Center</strong> </p> <p>     Find a <a href=""https://maps.nyc.gov/sbs"" target=""_blank"">Workforce1 Career Center</a> near you. </p>","<ul>     <li>Job matching, training opportunities and internship programs are available.     </li>     <li>All Workforce1 Career Center services are free.     </li> </ul>",Service,Apply online
,,Safe Sleep Initiative,,"<ul>     <li>For more information about infant sleep, see <a href=""http://www1.nyc.gov/site/acs/about/safe-sleep-faq.page"" target=""_blank"">frequently asked questions</a>, download the <a href=""https://www1.nyc.gov/assets/acs/pdf/about/2017/safesleepbrochure0609.pdf"" target=""_blank"">Safe Sleep brochure</a>, or watch the <a href=""https://youtu.be/ZLeL_LqieMI"" target=""_blank"">Safe Sleep video</a>.     </li>     <li>Low-income ACS-involved families can get a crib, which is delivered and set up in their home.     </li>     <li>Eligible families can receive a crib at a <a href=""https://www1.nyc.gov/site/doh/health/neighborhood-health/neighborhood-health-action-centers.page"" target=""_blank"">Neighborhood Health Action Center</a> or community-based organization in their borough.     </li> </ul>",Resource,
,"<ol>     <li>Go to <a href=""https://a069-access.nyc.gov/ACCESSNYC/application.do"" target=""_blank"">ACCESS HRA</a>.     </li>     <li>Create an ACCESS HRA account or log in to an existing one.     </li>     <li>Fill out the SNAP application and submit it.     </li>     <li>Send your documents to HRA in one of the following ways.         <ol>             <li>Scan your documents using the NYC HRA Document Upload app available for free on the <a href=""https://appsto.re/us/9s9N_.i"" target=""_blank"">iTunes Store</a> (for iPhones) or the <a href=""https://play.google.com/store/apps/details?id=gov.nyc.hra.DocUploads"" target=""_blank"">GooglePlay Store</a> (for Android phones).             </li>             <li>Mail copies of your documents to: PO Box 29008, Brooklyn, NY, 11202-9816.             </li>             <li>Take your documents to your local <a href=""https://access.nyc.gov/wp-content/uploads/2017/12/FIA-1138_CBOlist.pdf"" target=""_blank"">Community Based Organizations (CBOs)</a> to submit to HRA.             </li>         </ol>     </li>     <li>After you submit your application, you will be contacted to do an eligibility interview. You can do your interview over the telephone without having to come into a SNAP center.<br>     </li>     <li>You can check the status of your application by going to <a href=""https://a069-access.nyc.gov/ACCESSNYC/application.do"" target=""_blank"">ACCESS HRA</a>.     </li>     <li>You will need to recertify for SNAP once every year. The SNAP office will mail you a recertification packet for you to complete and mail back to HRA or recertify online on ACCESS HRA. Once you submit your recertification, you will be able to set up your preferred interview date and time by calling the On Demand interview phone line at <a href=""tel:718-762-7669"">718-SNAP-Now</a> (<a href=""tel:718-762-7669"">718-762-7669</a>).     </li> </ol>",Supplemental Nutrition Assistance Program,"<p>     <strong>Visit a SNAP Center or Community Organization</strong> </p> <p>     Find a <a href=""https://access.nyc.gov/locations/?programs=6887"" target=""_blank"">SNAP center</a> near you. </p> <p>     Find your <a href=""http://www1.nyc.gov/assets/hra/downloads/pdf/services/snap/CBO_EASE_SITES.pdf"" target=""_blank"">local community-based organization</a>. </p>","<ul>     <li>If you are eligible, you will receive your benefits within 30 days     </li>     <li>You must be a US citizen or have satisfactory immigration status to receive SNAP; a worker will help you determine your status when you apply     </li>     <li>Requires proof of identity, where you live, and income     </li>     <li>You can allow someone who knows your household situation apply for you     </li>     <li>Apply online, in person, by fax, or by mail     </li>     <li>You will have to complete an interview after you submit your application     </li>     <li>SNAP recipients in New York City ages 16 and over are eligible for discounted Citi Bike memberships. For $5 per month, you'll get unlimited 45-minute rides and access to thousands of bikes across Manhattan, Brooklyn, Queens and Jersey City. <a href=""https://try.citibikenyc.com/snap-nyc/"" target=""_blank"">Enter your EBT card number to verify your eligibility</a>.     </li> </ul>",Benefit,Apply online
,,Summer Meals,,"<ul>     <li>No registration, documentation, or ID is required to receive a free breakfast or lunch meal     </li>     <li>For children 18 and under     </li>     <li>Find <a href=""http://www.schoolfoodnyc.org/sch_search/summermeals.aspx"" target=""_blank"">Free Summer Meals locations</a>     </li> </ul>",Program,
"<p>     <strong>Email the NYS Department of Labor</strong> </p> <p>     <a href=""https://www.labor.ny.gov/secure/contact/"" target=""_blank"">Email NYS unemployment</a> to get more information </p>","<ol>     <li>Create an account on <a href=""https://applications.labor.ny.gov/IndividualReg/?TYPE=33554433&amp;REALMOID=06-b0d30d94-a224-104a-b476-839b26b50cb3&amp;GUID=&amp;SMAUTHREASON=0&amp;METHOD=GET&amp;SMAGENTNAME=%24SM%24ThT5WVUR1XkGiy4UhP34jv09ppEYsY5V%2b%2bhuQYmYxeVseon5yi64QNm3b%2fN7fNeC&amp;TARGET=%24SM%24HTTPS%3a%2f%2fapplications%2elabor%2eny%2egov%2fIndividual%2f"" target=""_blank"">NY.gov</a>.         <ol>             <li>                 <a href=""http://www.labor.ny.gov/ui/claimantinfo/sign-in-faq.shtm"" target=""_blank"">Learn more</a> about how to get a NY.gov ID.             </li>         </ol>     </li>     <li>Login with your new NY.gov ID.     </li>     <li>Follow the instructions to file a claim.     </li>     <li>Submit your application.     </li>     <li>The Department of Labor will review your claim for UI benefits and decide if you qualify.     </li>     <li>You can only file online during the following times:         <ol>             <li>Monday - Thursday: 7:30 a.m - 7:30 p.m             </li>             <li>Friday: 7:30 a.m - 5:00 p.m.             </li>             <li>Weekends: Saturday 12:00 a.m - Sunday 7:00 p.m.             </li>         </ol>     </li> </ol>",NYS Unemployment Insurance,,"<ul>     <li>If you worked in New York State within the last 18 months, you have the right to file a claim for benefits     </li>     <li>You can claim your benefits weekly for up to 26 weeks while you are unemployed     </li>     <li>Requires a valid Social Security Number and government-issued ID card     </li>     <li>It takes three to six weeks from the time you file your claim to receive your first payment     </li>     <li>Apply online or by phone     </li> </ul>",Benefit,File online
"<p>     <strong>Email SBHC</strong> Email <a href=""mailto:smelendez7.nyc.gov""><u>Solluz Melendez</u></a>, School-Based Health Centers Coordinator, if you have questions about this program. </p>",,School-Based Health Centers,,"<ul>     <li>Students can get free care regardless of immigration status.     </li>     <li>Students can get free care even if they don't have insurance. Staff can help families apply for free or low-cost public health insurance.     </li>     <li>Centers offer appointments during school hours and 24 hour phone support.     </li>     <li>High-schoolers can receive private reproductive care. They do not need consent from their families.     </li>     <li>Not all schools have SBHCs, you can check with your child's school to see if a health center is on site.     </li> </ul>",Service,
"<p>     <strong>Email IDNYC</strong> </p> <p>     <a href=""http://www1.nyc.gov/site/idnyc/contact/feedback.page"" target=""_blank"">Email IDNYC</a> to get your questions answered. </p>","<p>     You can <a href=""http://www1.nyc.gov/site/idnyc/card/start-your-application.page"" target=""_blank"">submit your application online</a> before going to an enrollment center. To do so: </p> <ol>     <li>Go to the <a href=""https://a069-idnyconlineportal.nyc.gov/IOPWeb/#/EN/NewApplication"" target=""_blank"">IDNYC website</a>.     </li>     <li>Select the language you prefer to use.     </li>     <li>Read application instructions including eligibility and document requirements.     </li>     <li>Fill out the electronic application.     </li>     <li>Select the documents you are going to bring to the enrollment center for your appointment.     </li>     <li>Schedule an appointment for an enrollment center.     </li>     <li>Look over the information you entered and provide an electronic signature.     </li>     <li>Print out your application receipt and make sure you bring it to your appointment.     </li> </ol>",IDNYC,"<p>     <strong>Visit an IDNYC center</strong> </p> <p>     Find an <a href=""https://access.nyc.gov/locations/?programs=6872"" target=""_blank"">IDNYC enrollment center</a> near you to get help in person. </p>","<ul>     <li>All New Yorkers 10 and older, regardless of immigration status, can apply for an IDNYC card.     </li>     <li>Requires proof of identity and where you live     </li>     <li>Find an <a href=""http://www1.nyc.gov/site/idnyc/card/locations.page"" target=""_blank"">an enrollment center</a> near you to apply in person     </li>     <li>Applicants 14 and older can <a href=""http://www1.nyc.gov/site/idnyc/card/start-your-application.page"" target=""_blank"">submit applications online</a> before going to an enrollment center     </li>     <li>You can apply for an IDNYC card even if you are homeless     </li>     <li>IDNYC cardholders are now able to pay the fee to replace a lost or stolen card online via the IDNYC <a href=""https://a069-idnyconlineportal.nyc.gov/IOPWeb/#/EN/Dashboard"" target=""_blank"">Online Portal</a>. Cardholders can start the replacement card application online in the \u201cReplace Your Card\u201d option, pay the $10 fee, and complete the process at any IDNYC enrollment center or pop-up     </li>     <li>Cardholders who are 10-13 years old may pay the fee to replace a lost stolen card at an IDNYC Department of Finance Enrollment Center     </li>     <li>IDNYC has launched new partnerships with <a href=""http://www1.nyc.gov/site/idnyc/benefits/latest-idnyc-benefits.page"" target=""_blank"">entertainment and cultural institutions</a> that are fun for the whole family     </li> </ul>",Program,Submit your application online
,,Family Self-Sufficiency,,,Service,
"<p>     <strong>Email Workforce1</strong> </p> <p>     <a href=""http://www.nyc.gov/html/sbs/wf1/html/contact/contact_form.shtml"" target=""_blank"">Email</a> your questions or if you need more information about Workforce1. </p>","<ol>     <li>Fill out a quick form <a href=""http://www.nyc.gov/html/sbs/wf1/html/register/register_now.shtml"" target=""_blank"">online</a> to register.     </li>     <li>Get access to our job opportunities, recruitment events, workshops, training opportunities, and other services \u2013 all for free!     </li> </ol>",Workforce1,"<p>     <strong>Visit a Workforce1 Career Center</strong> </p> <p>     Find a <a href=""https://maps.nyc.gov/sbs"" target=""_blank"">Workforce1 Career Center</a> near you. </p>","<ul>     <li>Job matching, training opportunities and internship programs are available.     </li>     <li>All Workforce1 Career Center services are free.     </li> </ul>",Service,Apply online
"<p>     <strong>Email DRIE</strong> </p> <p>     <a href=""http://www1.nyc.gov/site/finance/about/contact-by-email/contact-drie.page"" target=""_blank"">Email DRIE</a> for more information. </p>",<p>     SCRIE/DRIE online applications are temporarily unavailable while we work on a new and improved application. Please use the forms or walk-in location to apply. </p>,Disability Rent Increase Exemption,"<p>     <strong>Visit DRIE walk-in center</strong> </p> <p>     66 John St, 3rd Flr<br>     New York, NY, 10038<br>     Open Monday - Friday, 8:30 a.m.- 4:30 p.m. </p>","<ul>     <li>Once applied, it takes 10 - 15 days to hear back     </li>     <li>You are not required to file taxes to qualify for DRIE     </li>     <li>You will need to send documents. Never mail your original documents, just copies     </li>     <li>You do not need your landlord's permission to apply     </li>     <li>Apply online, by mail, or in person     </li> </ul>",Program,
,,After School and Saturday Meals,,,Program,
"<p>     <strong>Email STAR</strong> </p> <p>     Email the <a href=""http://www1.nyc.gov/site/finance/about/contact-by-email/contact-exemptions-inquiries.page"" target=""_blank"">NYC Department of Finance</a> if you have question about STAR. </p>",<p>     You can register for the STAR credit online in just a few minutes. Your application will be reviewed automatically to see if you are eligible for Basic or Enhanced STAR. </p>,School Tax Relief Program,"<p>     <strong>Visit a center</strong><br> </p> <p>     Find a <a href=""http://www1.nyc.gov/site/finance/about/contact-us.page"" target=""_blank"">center</a> to get help in person. </p>","<ul>     <li>Basic STAR is for all homeowners and worth about $300 credit, Enhanced STAR is for people 65 and older and is worth about $600     </li>     <li>If you\u2019re eligible for the STAR credit, you\u2019ll receive a check for the amount of your STAR savings<br>     </li>     <li>Senior citizens getting STAR may also be eligible for the Senior Citizens Homeowners\u2019 Exemption (SCHE)<br>     </li>     <li>You do <strong>not</strong> need to register for STAR if you are a longtime homeowner with an existing STAR exemption<br>     </li> </ul>",Benefit,Register online
,"<p>     You can use Discover DYCD to find programs in your area. To get started: </p> <ol>     <li>Go to the <a href=""http://www.dycdportal.nyc/discoverdycd/home"" target=""_blank"">Discover DYCD</a> website.     </li>     <li>Click \u201dShow Advanced Search"" in the ""Basic Search"" box.     </li>     <li>Select ""Youth Workforce Development"" from the ""All Programs"" dropdown and an ""OSY"" program from the ""All Sub-programs"" dropdown     </li> </ol>",Train & Earn\u200b,,"<ul>     <li>Available for youth 16 - 24 years old, who are not working and not in school     </li>     <li>College placement, HSE prep, and support services are also available     </li>     <li>Enroll at different times throughout the year     </li> </ul>",Program,Search for a program
,,Commodity Supplemental Food Program,"<p>     <strong>Visit a CSFP location</strong> </p> <p>     Visit a <a href=""https://access.nyc.gov/locations/?programs=6862"" target=""_blank"">CSFP site</a> near you to get help in person. </p>","<ul>     <li>Requires proof of identity, address, and income     </li>     <li>You can get CSFP even if you are receiving SNAP     </li>     <li>You, or someone representing you, will pick up the food once a month at one of the four distribution sites     </li> </ul>",Program,
,"<ul>     <li>New Section 8/HCV applications are not being accepted at this time. The public will be notified when applications are being accepted again.     </li>     <li>If you previously submitted a Section 8 application when the waiting list was open, log on to the <a href=""https://on.nyc.gov/nycha-ss"" target=""_blank"">Self-Service Porta<u>l</u></a> to confirm the receipt of your NYCHA application.     </li> </ul>",Section 8 / Housing Choice Voucher Program,"<p>     <strong>Visit a NYCHA walk-in center</strong> </p> <p>     Bronx: 478 East Fordham Rd, 2nd Flr, Bronx, NY 10458 </p> <p>     Brooklyn: 787 Atlantic Ave, 2nd Flr, Brooklyn, NY 11238 </p>","<ul>     <li>As of May 14, 2007 applications for Section 8/HCV programs are not being accepted; the public will be notified when applications reopen and how to apply     </li>     <li>If you previously submitted a Section 8 application when the waiting list was open, log on to the <a href=""https://on.nyc.gov/nycha-ss"" target=""_blank"">Self-Service Portal</a> to confirm the receipt of your NYCHA application     </li>     <li>Affordable housing options are also available through <a href=""http://www1.nyc.gov/site/hpd/renters/find-housing.page"" target=""_blank"">NYC Housing Connect</a> and <a href=""http://www.nychdc.com/pages/Now-Renting.html"" target=""_blank"">NYC Housing Development Corporation</a>     </li>     <li>Never pay money to apply for Section 8 or public housing     </li>     <li>NYCHA, NYC Housing & Preservation Development, and NYS Home & Community Renewal all operate Section 8 programs in NYC     </li> </ul>",Program,Confirm receipt of your application
,,Jobs Plus,,"<ul>     <li>Jobs Plus is available at 27 NYCHA developments across 10 sites.     </li>     <li>Participants can also enroll in the <a href=""http://opportunitynycha.org/about-financial-empowerment/rent-incentives/"" target=""_blank"">Earned Income Disallowance (EID) program</a> to prevent rent increases once they find a job or get a raise.     </li> </ul>",Program,
,"<p>     You can use Discover DYCD to find programs in your area. To get started: </p> <ol>     <li>Go to the <a href=""http://www.dycdportal.nyc/discoverdycd/home"" target=""_blank"">Discover DYCD</a> website.     </li>     <li>Click ""Show Advanced Search"" in the ""Basic Search"" box     </li>     <li>Select ""Cornerstone"" from the ""All Programs"" dropdown     </li> </ol>",Cornerstone Programs,,<ul>     <li>Programs are free and available to young people and adults     </li>     <li>Enrollment for summer programs is every April     </li>     <li>Enrollment for school-year programs for elementary-age youth is between August and September     </li> </ul>,Program,Search for a program
,"<p>     You can use Discover DYCD to find programs in your area. To get started:<br> </p> <ol>     <li>Go to the <a href=""http://www.dycdportal.nyc/discoverdycd/home"" target=""_blank""><u>Discover DYCD</u></a> website.     </li>     <li>Click ""Show Advanced Search"" in the ""Basic Search"" box     </li>     <li>Select ""Literacy Group"" from the ""All Programs"" dropdown and ""Young Adult Literacy Program- Pre HSE Instruction"" in the All Sub-programs"" dropdown     </li> </ol>",Young Adult Literacy Program,,<ul>     <li>Students with at least a 70 percent average attendance rate can participate in paid internships     </li>     <li>You do not have to be a US citizen to participate     </li>     <li>Available to English Language Learners (ELL)     </li> </ul>,Program,Search Discover DYCD
"<p>     <strong>Email STAR</strong> </p> <p>     Email the <a href=""http://www1.nyc.gov/site/finance/about/contact-by-email/contact-exemptions-inquiries.page"" target=""_blank"">NYC Department of Finance</a> if you have question about STAR. </p>",<p>     You can register for the STAR credit online in just a few minutes. Your application will be reviewed automatically to see if you are eligible for Basic or Enhanced STAR. </p>,School Tax Relief Program,"<p>     <strong>Visit a center</strong><br> </p> <p>     Find a <a href=""http://www1.nyc.gov/site/finance/about/contact-us.page"" target=""_blank"">center</a> to get help in person. </p>","<ul>     <li>Basic STAR is for all homeowners and worth about $300 credit, Enhanced STAR is for people 65 and older and is worth about $600     </li>     <li>If you\u2019re eligible for the STAR credit, you\u2019ll receive a check for the amount of your STAR savings<br>     </li>     <li>Senior citizens getting STAR may also be eligible for the Senior Citizens Homeowners\u2019 Exemption (SCHE)<br>     </li>     <li>You do <strong>not</strong> need to register for STAR if you are a longtime homeowner with an existing STAR exemption<br>     </li> </ul>",Benefit,Register online
,,Access-A-Ride,,"<ul>     <li>The price is the same as full fare on public transportation     </li>     <li>AAR may take up to 21 days to process your application after your in-person assessment     </li>     <li>A subscription service is available if you travel to the same places at the same time of day at least once each week     </li>     <li>Some customers require the assistance of a personal care attendant (PCA) who <a href=""http://web.mta.info/nyct/paratran/guide.htm#attendan"" target=""_blank"">performs personal duties</a> that drivers are not allowed to do during travel. Personal care attendants ride for free     </li>     <li>Some AAR customers may request an AAR MetroCard that can be used for four free public transportation rides a day on public buses and trains     </li> </ul>",Program,
,,Child Health Plus and Children's Medicaid,,,Benefit,
,,Veterans Affairs Supported Housing,"<p>     <strong>Visit an office</strong> </p> <p>     Visit <a href=""https://access.nyc.gov/location/the-va-medical-center/"" target=""_blank"">VA Medical Center</a> in the Bronx (Mondays, Tuesdays and Fridays, 6:45 a.m. - 3:15 p.m.) or<br>     <a href=""https://access.nyc.gov/location/the-harbor-va-site/"" target=""_blank"">VA NY Harbor Site</a> in Manhattan (Mondays, 9:00 a.m. - 4:30 p.m. and Thursdays, 11:00 a.m. - 4:30 p.m.) for assistance. </p>","<ul>     <li>Call <a href=""tel:877-424-3838"">877-424-3838</a> to be connected with your local homeless program and apply     </li>     <li>Case management is an important part of the program, and you will be required to participate     </li>     <li>You must re-certify each year to keep your housing voucher     </li>     <li>You must contribute 30% of your monthly income towards rent, the voucher will cover the rest     </li> </ul>",Program,
,,Office of Child Support Services,"<p>     <strong>Visit the walk-in center</strong> </p> <p>     151 West Broadway, 4th Fl.<br>     New York, NY 10013<br>     Open Monday - Friday, 8:00 a.m. - 7:00 p.m.<br>     <em>Photo ID required</em> </p>","<ul>     <li>You don\u2019t have to be a citizen to get this service, and you won't be asked about your immigration status     </li>     <li>This program doesn\u2019t help with custody or visitation. It can guide you to resources for these services     </li>     <li>You should get a child support order even if you think the other parent can\u2019t afford to pay right now. They can get help finding work and may qualify for financial protections     </li>     <li>A child can get child support until age 21, even if the other parent isn\u2019t involved in the child\u2019s life     </li>     <li>Parents whose cash assistance was lowered because they did not participate correctly with child support can have it raised when they begin to comply. These parents should bring the necessary documentation to their <a href=""https://access.nyc.gov/locations/?programs=15014"" target=""_blank"">child support office</a>     </li>     <li>Child support has proven to benefit kids in many ways, especially when it comes to doing well in school     </li> </ul>",Service,
,,Reproductive Health Care,"<p>     <strong>Visit a health care center</strong> </p> <p>     Find a <a href=""http://www.nychealthandhospitals.org/health_care/"" target=""_blank""><u>health care location</u></a> near you to get help in person. </p>","<ul>     <li>Care is provided to all women, regardless of your ability to pay     </li>     <li>NYC Health + Hospitals can help you find insurance if you need it     </li>     <li>Information about your immigration status is kept private     </li>     <li>Translation and interpretative services are available in 190 languages     </li>     <li>Youth twelve and older can get private sexual and reproductive services at <a href=""http://nycyouthhealth.org/"" target=""_blank""><u>YouthHealth Centers</u></a>     </li> </ul>",Service,
,"<p>     You can use Discover DYCD to find programs in your area. To get started: </p> <ol>     <li>Go to the <a href=""http://www.dycdportal.nyc/discoverdycd/home"" target=""_blank"">Discover DYCD</a> website     </li>     <li>Click ""Show Advanced Search"" in the ""Basic Search"" box     </li>     <li>Select ""COMPASS Programs"" in the ""All Programs Box"" the a SONYC program from the ""All Sub-programs"" menu     </li> </ol>",School's Out NYC,<p>     <strong>Visit your child's school</strong> </p> <p>     Speak with an afterschool program staff at your child's school for more information. </p>,"<ul>     <li>Programs are offered to young people for free     </li>     <li>Programs are offered three hours each day, five days per week     </li> </ul>",Program,Search online
,"<p>     To join ASAP, follow these easy steps: </p> <ul>     <li>         <a href=""http://www1.cuny.edu/sites/asap/how-to-apply/"" target=""_blank""><u>Apply to a CUNY college</u></a> that has ASAP.     </li>     <li>Complete the <a href=""http://www.fafsa.gov/"" target=""_blank""><u>Free Application for Federal Student Aid (FAFSA</u></a>) and the <a href=""http://www.hesc.ny.gov/"" target=""_blank""><u>New York State Tuition Assistance Program (TAP) application</u></a>.     </li>     <li>Accept your offer of admission.     </li>     <li>Complete all admissions requirements for your college, including the <a href=""http://www2.cuny.edu/academics/testing/""><u>CUNY Assessment Tests</u></a> if necessary.     </li>     <li>         <a href=""http://www1.cuny.edu/sites/asap/contact/""><u>Check your college's ASAP website</u></a> for information on additional requirements and next steps.     </li> </ul>",Accelerated Study in Associate Programs,"<p>     <strong>Visit the Welcome Center</strong> </p> <p>     Drop by the <a href=""http://www2.cuny.edu/admissions/undergraduate/welcomecenter/""><u>CUNY Welcome Center</u></a> for help with your CUNY application and to learn more about other CUNY programs. </p> <p>     217 E. 42nd St.<br>     New York, NY 1001 </p>","<ul>     <li>ASAP is offered at <a href=""http://www1.cuny.edu/sites/asap/join-asap/#join-us"" target=""_blank""><u>9 CUNY colleges</u></a> in all five boroughs     </li>     <li>Students must complete the <a href=""http://www.fafsa.gov/""><u>FAFSA</u></a> and New York State <a href=""http://www.hesc.ny.gov/""><u>TAP</u></a> application each year, and accept any <a href=""http://www2.cuny.edu/financial-aid/federal-and-state-grants/""><u>federal and state grant aid</u></a> awarded (Pell, SEOG, TAP)     </li>     <li>An ASAP-like program, <a href=""http://www.jjay.cuny.edu/ace-john-jay""><u>ACE (Accelerate, Complete, Engage)</u></a>, provides the same benefits as ASAP and available to students at John Jay College of Criminal Justice     </li> </ul>",Program,Apply to CUNY
