plain_language_eligibility,get_help_online,how_to_apply_or_enroll_by_mail,url_of_pdf_application_forms,language,program_acronym
"<p>     All New York City families with a child born in 2014 can apply to Pre-K for All starting on February 5, 2018. </p>","<p>     <strong>Visit the website</strong> </p> <p>     Visit the <a href=""http://nyc.gov/prek"" target=""_blank"">Pre-K website</a> to find a program and learn more. </p>",,,English,Pre-K
<p>     Eligibility for the Section 8/HCV programs are primarily based on how much your family earns and family size. </p>,"<p>     <strong>Visit the website</strong> </p> <p>     Visit the <a href=""http://www1.nyc.gov/site/nycha/section-8/about-section-8.page"" target=""_blank"">NYCHA</a> website to learn more about each program. </p>",,,English,HCV
"<p>     You may be eligible if you can answer yes to these questions. </p> <ul>     <li>Do you live in NYC?     </li>     <li>Are you currently enrolled in high school or college?     </li>     <li>Are you between 16 and 22 years old?     </li>     <li>Do you have previous work experience (even as a volunteer)?     </li>     <li>If you are under 18 years old, do you have your working papers?     </li> </ul>","<p>     <strong>Visit the website</strong> </p> <p>     Visit the <a href=""https://www1.nyc.gov/site/dycd/services/jobs-internships/nyc-ladders-for-leaders.page"" target=""_blank"">DYCD website</a> to learn more. </p>",,,English,
"<ul>     <li>To be eligible for HUD-VASH, you must be eligible for VA health care and meet the <a href=""https://www.hudexchange.info/resources/documents/HomelessAssistanceActAmendedbyHEARTH.pdf"" target=""_blank"">federal definition of homelessness</a> or at risk of being homeless     </li>     <li>You must have income within the program guidelines and willingness to receive case management from the VA     </li>     <li>The National Call Center for Homeless Veterans can help you determine if you are eligible. Call <a href=""tel:877-424-3838"">877-424-3838</a> to find out     </li> </ul>","<p>     <strong>Visit the website</strong> </p> <p>     Visit the <a href=""https://www.va.gov/homeless/hud-vash_eligibility.asp"" target=""_blank"">HUD-VASH website</a> for more information. </p>",,,English,HUD-VASH
"<p>     To be eligible for Train & Earn, you should be able to answer 'yes' to these questions: </p> <ul>     <li>Are you a resident of NYC?     </li>     <li>Are you 16 \u2013 24 years old?     </li>     <li>Are you <strong>not</strong> attending school and <strong>not</strong> working?     </li>     <li>Do you meet <strong>one</strong> of these requirements:         <ul>             <li>You are a homeless or runaway youth             </li>             <li>You are a foster care youth or have aged out of foster care system             </li>             <li>You are in involved in the justice system             </li>             <li>You are a youth with a disability             </li>             <li>You are pregnant or a parent             </li>             <li>You are low-income and need additional help to enter or complete an education program or to get or hold a job             </li>         </ul>     </li> </ul> <p>     If you have additional questions about eligibility, call DYCD Youth Connect at <a href=""tel:800-246-4646"">800-246-4646</a>. </p>","<p>     <strong>Visit the website</strong> </p> <p>     Visit the <a href=""https://www1.nyc.gov/site/dycd/services/jobs-internships/out-of-school-youth-osy-program.page"" target=""_blank"">DYCD website</a> for more information. </p>",,,English,
"<p>     To be eligible for SCRIE, you should be able to answer yes to all of these questions: </p> <ul>     <li>Are you 62 or older?     </li>     <li>Is your name on the lease?     </li>     <li>Is your combined household income $50,000 or less in a year?     </li>     <li>Do you spend more than one-third of your monthly income on rent?     </li>     <li>Do you live in NYC in one of these types of housing?         <ul>             <li>a rent stabilized apartment             </li>             <li>a rent controlled apartment             </li>             <li>a rent regulated hotel or single room occupancy unit             </li>             <li>a Mitchell-Lama development             </li>             <li>a Limited Dividend Housing Company development             </li>             <li>a Redevelopment Company development             </li>             <li>a Housing Development Fund Company development             </li>         </ul>     </li> </ul>","<p>     <strong>Visit the website</strong><br> </p> <p>     Visit the <a href=""http://nyc.gov/rentfreeze"" target=""_blank"">SCRIE website</a> to learn more about this program. </p>","<ol>     <li>Download <a href=""https://access.nyc.gov/wp-content/uploads/2017/03/SCRIE_Application_Packet_EN.pdf"" target=""_blank"">the application</a> and fill it out. You can also pick one up from the SCRIE Walk-In Center or call <a href=""tel:311"">311</a> to request an application be mailed to you.<br>         <ol>             <li>If you download, there will be two applications in the file. You only need to fill out the application for the type of housing you live in. The application for people who live in Mitchell-Lama or Redevelopment Company development housing will be the pages in the front and the application for all other qualified housing will be second.             </li>             <li>If you pick up an application from a Walk-In Center or call <a href=""tel:311"">311</a> to request one, be sure to say what type of housing you live in so you can receive the right application.<br>                 <br>             </li>         </ol>     </li>     <li>People who live in Mitchell-Lama or Redevelopment Company development should mail their application and documents to:<br>         <strong>NYC Department of Housing and Development<br>         Division of Housing Supervision, SCRIE Unit</strong><br>         100 Gold Street, 7th floor<br>         New York, NY 10038<br>         <br>     </li>     <li>People who live in other types of qualified housing should mail their application and documents to:<br>         <strong>NYC Department of Finance, SCRIE Unit</strong><br>         59 Maiden Lane, 22nd Floor<br>         New York, NY 10038     </li> </ol>",https://access.nyc.gov/wp-content/uploads/2017/03/SCRIE_Application_Packet_EN.pdf,English,SCRIE
"<p>     Clinic treatment is available for: </p> <ul>     <li>Children from birth to age 18 (not all clinics accept children under 5 years old)     </li>     <li>Children with emotional, behavioral, or mental health challenges     </li> </ul>Day treatment programs are available for:<br> <br> <ul>     <li>Children between the ages of 3 and 18 (there are two programs in NYC for children ages 3 - 5)     </li>     <li>Children with mental health disorders that get in the way of school or social function     </li>     <li>Children who have difficulties in a regular classroom     </li> </ul>",,,,English,
"<p>     To be eligible, you should be able to answer yes to these questions: </p> <ul>     <li>Do you have a child under six years old, an adult over 60 years old, or anyone with a permanent disability living with you?     </li>     <li>Are you and the people you live with US citizens or legal immigrants?     </li>     <li>Do you meet one of the following income guidelines?         <ul>             <li>You receive SNAP benefits, Temporary Assistance, or Code A Supplemental Security Income.             </li>             <li>Your family is at or under the income guidelines.             </li>         </ul>         <table>             <thead>                 <tr>                     <td>                         <strong>Family Size</strong>                     </td>                     <td>                         <strong>Income in a year</strong>                     </td>                     <td>                         <strong>Income in a month</strong>                     </td>                     <td>                         <strong>Income in a week</strong>                     </td>                 </tr>             </thead>             <tbody>                 <tr>                     <td>                         1                     </td>                     <td>                         $28,692                     </td>                     <td>                         $2,391                     </td>                     <td>                         $552                     </td>                 </tr>                 <tr>                     <td>                         2                     </td>                     <td>                         $37,524                     </td>                     <td>                         $3,127                     </td>                     <td>                         $722                     </td>                 </tr>                 <tr>                     <td>                         3                     </td>                     <td>                         $46,356                     </td>                     <td>                         $3,863<br>                     </td>                     <td>                         $891                     </td>                 </tr>                 <tr>                     <td>                         4                     </td>                     <td>                         $55,176                     </td>                     <td>                         $4,598                     </td>                     <td>                         $1,061                     </td>                 </tr>                 <tr>                     <td>                         5                     </td>                     <td>                         $64,008                     </td>                     <td>                         $5,334                     </td>                     <td>                         $1,231                     </td>                 </tr>                 <tr>                     <td>                         6                     </td>                     <td>                         $74,496                     </td>                     <td>                         $6,070                     </td>                     <td>                         $1,401                     </td>                 </tr>                 <tr>                     <td>                         7                     </td>                     <td>                         $74,496                     </td>                     <td>                         $6,208                     </td>                     <td>                         $1,433                     </td>                 </tr>                 <tr>                     <td>                         8                     </td>                     <td>                         $76,152                     </td>                     <td>                         $4,346                     </td>                     <td>                         $1,464                     </td>                 </tr>                 <tr>                     <td>                         9                     </td>                     <td>                         $77,796                     </td>                     <td>                         $6,483                     </td>                     <td>                         $1,496                     </td>                 </tr>                 <tr>                     <td>                         10                     </td>                     <td>                         $79,452                     </td>                     <td>                         $6,621                     </td>                     <td>                         $1,528                     </td>                 </tr>                 <tr>                     <td>                         11                     </td>                     <td>                         $83,016                     </td>                     <td>                         $6,918                     </td>                     <td>                         $1,596                     </td>                 </tr>                 <tr>                     <td>                         <strong>For each additional person, add:</strong><br>                     </td>                     <td>                         $6,450                     </td>                     <td>                         $540                     </td>                     <td>                         $124                     </td>                 </tr>             </tbody>         </table>     </li> </ul>If you need emergency HEAP benefits, you should also be able to answer yes to these questions: <ul>     <li>Is your heat shut off or about to be shut off, or is your fuel tank a quarter full or less?     </li>     <li>Is the heating and/or electric bill in your name?     </li>     <li>Are your household\u2019s available resources:<br>         <ul>             <li>less than $3,000 if there is a member age 60 or older, or             </li>             <li>or less than $2,000 if there is no member age 60 or older?             </li>         </ul>     </li> </ul>","<p>     <strong>Visit the website</strong> </p> <p>     Visit the <a href=""https://www1.nyc.gov/site/hra/help/energy-assistance.page"" target=""_blank"">HEAP website</a> for more information. </p>","<p>     Apply for HEAP by mail if: </p> <ul>     <li>the head of house is disabled and gets Retirement Survivor\u2019s, or Disability Insurance, or     </li>     <li>the head of household is aged 60 or older, or     </li>     <li>the household is Code A SSI, or     </li>     <li>the household is receiving Cash Assistance or SNAP<br>         <strong>Applications should be mailed to</strong>:<br>         New York City Home Energy Assistance Program<br>         P.O. Box 1401, Church Street Station<br>         New York, NY, 10008     </li> </ul>",https://access.nyc.gov/wp-content/uploads/2017/11/HEAP_ApplInst_EN.pdf,English,HEAP
"<p>     To be eligible for public housing, you should be able to answer yes to these questions. </p> <ul>     <li>Is at least one person in your household a US citizen? If not, does at least one person have legal immigration status (e.g. permanent resident, refugee, or asylum status)?     </li>     <li>Are you 18 years old or older, or are an emancipated minor?     </li>     <li>If you are applying with someone (a spouse or domestic partner), are they 18 years or older, or are an emancipated minor?     </li>     <li>If you are applying for senior public housing, are you and everyone else who will live with you 62 years old or older?     </li>     <li>Do you meet NYCHA's definition of family, which includes:         <ul>             <li>two or more people related by blood, marriage, domestic partnership, adoption, guardianship, or court-awarded custody?             </li>             <li>a single person?             </li>         </ul>     </li>     <li>Is your family's income at or below the income limits?     </li> </ul> <table>     <thead>         <tr>             <th>                 Family size             </th>             <th>                 Income in a year             </th>             <th>                 Income in a month             </th>             <th>                 Income in a week             </th>         </tr>     </thead>     <tbody>         <tr>             <td>                 1             </td>             <td>                 $58,450             </td>             <td>                 $4,870             </td>             <td>                 $1,124<br>             </td>         </tr>         <tr>             <td>                 2             </td>             <td>                 $66,800             </td>             <td>                 $5,566             </td>             <td>                 $1,284<br>             </td>         </tr>         <tr>             <td>                 3             </td>             <td>                 $75,150             </td>             <td>                 $6,262             </td>             <td>                 $1,445<br>             </td>         </tr>         <tr>             <td>                 4             </td>             <td>                 $83,450             </td>             <td>                 $6,954<br>             </td>             <td>                 $1,604<br>             </td>         </tr>         <tr>             <td>                 5             </td>             <td>                 $90,150             </td>             <td>                 $7,512             </td>             <td>                 $1,733<br>             </td>         </tr>         <tr>             <td>                 6             </td>             <td>                 $96,850             </td>             <td>                 $8,070<br>             </td>             <td>                 $1,862<br>             </td>         </tr>         <tr>             <td>                 7             </td>             <td>                 $103,500             </td>             <td>                 $8,625             </td>             <td>                 $1,990<br>             </td>         </tr>         <tr>             <td>                 8             </td>             <td>                 $110,200             </td>             <td>                 $9,183             </td>             <td>                 $2,119<br>                 <br>             </td>         </tr>     </tbody> </table>","<p>     <strong>Visit the website</strong> </p> <p>     Visit the <a href=""http://www1.nyc.gov/site/nycha/index.page"" target=""_blank"">NYCHA website</a> for more information. </p>","<p>     Applicants are encouraged to apply online, however, paper applications are made available by mail as a reasonable accommodation. Applicants may call <a href=""tel:718-707-7771"">718-707-7771</a> to request paper application. </p>",,English,
<p>     All New Yorkers are eligible to speak with a counselor and use NYC Well services. </p>,"<p>     <strong>Visit the website</strong> </p> <p>     Visit the <a href=""https://nycwell.cityofnewyork.us/en/"" target=""_blank"">NYC Well website</a> for more information on available mental health service. </p>",,,English,
"<p>     NYC families who have a child born in 2015 can apply to 3-K for All in School Districts 4, 5, 7,16, 23, and 27. </p>","<p>     <strong>Visit the website</strong> </p> <p>     Visit the <a href=""http://nyc.gov/3k"" target=""_blank""><u>3-K website</u></a> to find out more information. </p>",,,English,3-K
<p>     Youth ages 14 - 21 years old are eligible to apply for Youth Leadership Councils. </p>,"<p>     <strong>Visit the website</strong> </p> <p>     Visit the <a href=""https://www.nycservice.org/pages/pages/74"" target=""_blank""><u>Youth Leadership Council website</u></a> for more information. </p>",,,English,YLC
"<p>     To be eligible, you should be able to answer yes to these questions: </p> <ul>     <li>Is your child three or four years old?     </li>     <li>Is your family already receiving services from either ACS or the NYC Human Resources Administration (HRA)?     </li>     <li>Is your income equal to or less than program income requirements?     </li> </ul> <table>     <thead>         <tr>             <th>                 Family size             </th>             <th>                 Income in a year             </th>             <th>                 Income in a month             </th>             <th>                 Income in a week             </th>         </tr>     </thead>     <tbody>         <tr>             <td>                 1             </td>             <td>                 $12,140             </td>             <td>                 $1,012             </td>             <td>                 $233             </td>         </tr>         <tr>             <td>                 2             </td>             <td>                 $16,460             </td>             <td>                 $1,372             </td>             <td>                 $317             </td>         </tr>         <tr>             <td>                 3             </td>             <td>                 $20,780             </td>             <td>                 $1,732             </td>             <td>                 $400             </td>         </tr>         <tr>             <td>                 4             </td>             <td>                 $25,100             </td>             <td>                 $2,092             </td>             <td>                 $483             </td>         </tr>         <tr>             <td>                 5             </td>             <td>                 $29,420             </td>             <td>                 $2,452             </td>             <td>                 $566             </td>         </tr>         <tr>             <td>                 6             </td>             <td>                 $33,740             </td>             <td>                 $2,812             </td>             <td>                 $649             </td>         </tr>         <tr>             <td>                 7             </td>             <td>                 $38,060             </td>             <td>                 $3,172             </td>             <td>                 $732             </td>         </tr>         <tr>             <td>                 8             </td>             <td>                 $42,380             </td>             <td>                 $3,532             </td>             <td>                 $815<br>             </td>         </tr>         <tr>             <td>                 for each additional person, add:             </td>             <td>                 $4,320             </td>             <td>                 $360             </td>             <td>                 $ 83             </td>         </tr>     </tbody> </table>","<p>     <strong>Visit the website</strong> </p> <p>     Visit the <a href=""http://www1.nyc.gov/site/acs/early-care/acs-child-care-options.page"" target=""_blank"">EarlyLearn NYC Head Start website</a> for more information. </p>",,,English,
"<p>     To be eligible for ECDC services, you should be able to answer yes to these questions:<br> </p> <ul>     <li>Is your child five years old or younger?     </li>     <li>Does your child have a diagnosed or suspected physical, mental, or emotional disability?     </li> </ul>","<p>     <strong>Visit the website</strong> </p> <p>     Visit the <a href=""http://www.p12.nysed.gov/specialed/techassist/ecdc/home.html"" target=""_blank"">NY State ECDC website</a> to learn more about ECDC's services. </p>",,,English,ECDC
<p>     Jobs Plus is open to all NYCHA residents old enough to work. </p>,"<p>     <strong>Visit the website</strong> </p> <p>     Visit the <a href=""http://opportunitynycha.org/workforce-development/jobs-plus/"" target=""_blank"">Jobs Plus website</a> to learn more about the program. </p>",,,English,
"<p>     To be eligible, you should be able to answer yes to these questions: </p> <ul>     <li>Are you a senior 60 years old or older?     </li>     <li>Is your income equal to or less than program income requirements?     </li> </ul> <table>     <thead>         <tr>             <th>                 Family size             </th>             <th>                 Income in a year             </th>             <th>                 Income in a month             </th>             <th>                 Income in a week             </th>         </tr>     </thead>     <tbody>         <tr>             <td>                 1             </td>             <td>                 $15,792<br>             </td>             <td>                 $1,316             </td>             <td>                 $303.69<br>             </td>         </tr>         <tr>             <td>                 2             </td>             <td>                 $21,408             </td>             <td>                 $1,784             </td>             <td>                 $411.69             </td>         </tr>         <tr>             <td>                 3             </td>             <td>                 $27,024             </td>             <td>                 $2,252             </td>             <td>                 $519.69             </td>         </tr>         <tr>             <td>                 4             </td>             <td>                 $32,640             </td>             <td>                 $2,720             </td>             <td>                 $627.69<br>             </td>         </tr>         <tr>             <td>                 5             </td>             <td>                 $38,256             </td>             <td>                 $3,188<br>             </td>             <td>                 $735.69             </td>         </tr>         <tr>             <td>                 6             </td>             <td>                 $43,872             </td>             <td>                 $3,656             </td>             <td>                 $843.69             </td>         </tr>         <tr>             <td>                 7             </td>             <td>                 $49,488             </td>             <td>                 $4,124             </td>             <td>                 $951.69             </td>         </tr>         <tr>             <td>                 8             </td>             <td>                 $55,104             </td>             <td>                 $4,592             </td>             <td>                 $1,059.69             </td>         </tr>         <tr>             <td>                 For each additional person, add:             </td>             <td>                 $5,616             </td>             <td>                 $468             </td>             <td>                 $108.00             </td>         </tr>     </tbody> </table>","<p>     <strong>Visit the website</strong> </p> <p>     Visit the <a href=""https://www.health.ny.gov/prevention/nutrition/csfp/"" target=""_blank"">CSFP website</a> for more information. </p>",,,English,CSFP
"<ul>     <li>To find out if you're eligible for a free crib, call <a href=""tel:311"">311</a> and ask about Safe Sleep.     </li>     <li>ACS-involved families can ask their caseworker to see if they are eligible for a free crib.     </li> </ul>","<p>     <strong>Visit the Website</strong> </p> <p>     Visit the <a href=""http://www1.nyc.gov/site/doh/health/health-topics/pregnancy-sleep-safety.page"" target=""_blank"">Safe Sleep website</a> to learn more. </p>",,,English,
"<p>     To be eligible for public housing, you should be able to answer yes to these questions. </p> <ul>     <li>Is at least one person in your household a US citizen? If not, does at least one person have legal immigration status (e.g. permanent resident, refugee, or asylum status)?     </li>     <li>Are you 18 years old or older, or are an emancipated minor?     </li>     <li>If you are applying with someone (a spouse or domestic partner), are they 18 years or older, or are an emancipated minor?     </li>     <li>If you are applying for senior public housing, are you and everyone else who will live with you 62 years old or older?     </li>     <li>Do you meet NYCHA's definition of family, which includes:         <ul>             <li>two or more people related by blood, marriage, domestic partnership, adoption, guardianship, or court-awarded custody?             </li>             <li>a single person?             </li>         </ul>     </li>     <li>Is your family's income at or below the income limits?     </li> </ul> <table>     <thead>         <tr>             <th>                 Family size             </th>             <th>                 Income in a year             </th>             <th>                 Income in a month             </th>             <th>                 Income in a week             </th>         </tr>     </thead>     <tbody>         <tr>             <td>                 1             </td>             <td>                 $58,450             </td>             <td>                 $4,870             </td>             <td>                 $1,124<br>             </td>         </tr>         <tr>             <td>                 2             </td>             <td>                 $66,800             </td>             <td>                 $5,566             </td>             <td>                 $1,284<br>             </td>         </tr>         <tr>             <td>                 3             </td>             <td>                 $75,150             </td>             <td>                 $6,262             </td>             <td>                 $1,445<br>             </td>         </tr>         <tr>             <td>                 4             </td>             <td>                 $83,450             </td>             <td>                 $6,954<br>             </td>             <td>                 $1,604<br>             </td>         </tr>         <tr>             <td>                 5             </td>             <td>                 $90,150             </td>             <td>                 $7,512             </td>             <td>                 $1,733<br>             </td>         </tr>         <tr>             <td>                 6             </td>             <td>                 $96,850             </td>             <td>                 $8,070<br>             </td>             <td>                 $1,862<br>             </td>         </tr>         <tr>             <td>                 7             </td>             <td>                 $103,500             </td>             <td>                 $8,625             </td>             <td>                 $1,990<br>             </td>         </tr>         <tr>             <td>                 8             </td>             <td>                 $110,200             </td>             <td>                 $9,183             </td>             <td>                 $2,119<br>                 <br>             </td>         </tr>     </tbody> </table>","<p>     <strong>Visit the website</strong> </p> <p>     Visit the <a href=""http://www1.nyc.gov/site/nycha/index.page"" target=""_blank"">NYCHA website</a> for more information. </p>","<p>     Applicants are encouraged to apply online, however, paper applications are made available by mail as a reasonable accommodation. Applicants may call <a href=""tel:718-707-7771"">718-707-7771</a> to request paper application. </p>",,English,
"<p>     To be eligible to apply for a NYC public high school, you should be able to answer yes to these questions: </p> <ul>     <li>Are you a NYC resident?     </li>     <li>Are you currently an eighth grade student or a first-time ninth grade student?     </li> </ul>","<p>     <strong>Visit the website</strong> </p> <p>     Visit the <a href=""http://schools.nyc.gov/ChoicesEnrollment/High/default.htm"" target=""_blank"">Department of Education website</a> to learn about High School Admissions. </p>",,,English,
"<p>     Services are free and confidential. People of all ages, sexual orientations, and gender identities are welcome no matter what language they speak, their immigration status, or their income. </p>","<p>     <strong>Visit the website</strong> </p> <p>     Visit the <a href=""http://www.nyc.gov/html/ocdv/html/home/home.shtml"" target=""_blank"">Mayor's Office to Combat Domestic Violence website</a> to learn more about FJCs and other services for domestic violence victims. </p>",,,English,FJCs
"<p>     You may be eligible if you can answer yes to these questions: </p> <ul>     <li>Are you between 16 - 21 years old?     </li>     <li>Are you a NYC high school junior or senior?     </li>     <li>Do you meet <strong>one</strong> of these requirements?         <ul>             <li>Do you receive cash assistance or SNAP, or are you a member of a household that receives cash assistance or SNAP?             </li>             <li>Are you homeless?             </li>             <li>Are you a foster care youth?             </li>             <li>If you do not meet one of these requirements, ISY will look at your income to see if you are eligible. You can use <a href=""http://access.nyc.gov"" target=""_blank"">ACCESS NYC</a> to screen and see if you may qualify.             </li>         </ul>     </li> </ul>","<p>     <strong>Visit the websites</strong> </p> <p>     Visit the <a href=""https://www1.nyc.gov/site/dycd/services/after-school/in-school-youth-isy.page"" target=""_blank"">Learn & Earn page</a> on DYCD's website to learn more.<br> </p> <p>     Visit the <a href=""http://www.dycdportal.nyc/discoverdycd/home"" target=""_blank"">Discover DYCD website</a> to learn about all the programs In-School Youth offers. </p>",,,English,
"<p>     To be eligible to apply for a NYC public middle school, your child should be able to answer yes to these questions: </p> <ul>     <li>Are you a NYC resident?     </li>     <li>Are you currently a fifth grade student (or a current sixth grade student at an elementary school that ends in sixth grade)?         <ul>             <li>Current middle school students who want to transfer must visit a <a href=""https://www.schools.nyc.gov/enrollment/enrollment-help/family-welcome-centers"" target=""_blank"">Family Welcome Center</a> to explore your options             </li>         </ul>     </li> </ul>","<p>     <strong>Visit the website</strong> </p> <p>     Visit the <a href=""https://www.schools.nyc.gov/enrollment/enroll-grade-by-grade/middle-school"" target=""_blank"">NYC Department of Education website</a> to learn about Middle School Admissions. </p>",,,English,
"<p>     You may be eligible if you can answer yes to these questions. </p> <ul>     <li>Do you live in NYC?     </li>     <li>Are you currently enrolled in high school or college?     </li>     <li>Are you between 16 and 22 years old?     </li>     <li>Do you have previous work experience (even as a volunteer)?     </li>     <li>If you are under 18 years old, do you have your working papers?     </li> </ul>","<p>     <strong>Visit the website</strong> </p> <p>     Visit the <a href=""https://www1.nyc.gov/site/dycd/services/jobs-internships/nyc-ladders-for-leaders.page"" target=""_blank"">DYCD website</a> to learn more. </p>",,,English,
"<p>     To be eligible for Child Tax Credit you should be able to answer yes to these questions: </p> <ul>     <li>Do you have a child or dependent who is under 17 years old?     </li>     <li>Is your dependent a US citizen, a US national, or a permanent resident?     </li>     <li>Has your dependent lived with you for over half of the year?     </li>     <li>Is your dependent claimed on your tax return?     </li> </ul>","<p>     <strong>Visit the website</strong> </p> <p>     Visit the <a href=""http://www1.nyc.gov/site/dca/consumers/get-tax-credit-information.page"" target=""_blank"">NYC Department of Consumer Affairs</a> website for more information.<br> </p>",,,English,CTC
<p>     LYFE is available for NYC Department of Education students with children between the ages of 6 weeks and 4 years who are not eligible for Pre-K for All. </p>,,,,English,LYFE
"<ul>     <li>Any woman \u2013 regardless of immigration status \u2013 who delivers her baby in certain hospitals in the South Bronx, North & Central Brooklyn, and Harlem can participate.     </li>     <li>Others may be eligible too. Call <a href=""tel:311"">311</a> to find out.     </li> </ul>","<p>     <strong>Visit the website</strong> </p> <p>     Visit the <a href=""https://www1.nyc.gov/site/doh/health/health-topics/pregnancy-newborn-visiting.page"" target=""_blank"">Newborn Home Visiting Program website</a> for more information. </p>",,,English,NHVP
"<p>     All New York City families with a child born in 2014 can apply to Pre-K for All starting on February 5, 2018. </p>","<p>     <strong>Visit the website</strong> </p> <p>     Visit the <a href=""http://nyc.gov/prek"" target=""_blank"">Pre-K website</a> to find a program and learn more. </p>",,,English,Pre-K
"<p>     All women who live in NYC, regardless of your ability to pay, can get help at a NYC Health + Hospitals center. </p>","<p>     <strong>Visit the website</strong> </p> <p>     Visit the <a href=""http://www.nychealthandhospitals.org/services/womens-health/"" target=""_blank""><u>NYC Health + Hospitals Women's Health website</u></a> to learn more. </p>",,,English,
"<p>     To be eligible for EITC, you should be able to answer yes to all of these questions: </p> <ul>     <li>Do you have a valid Social Security Number?     </li>     <li>Will you file a tax return this year?     </li>     <li>Did you earn less than $3,450 from investments?     </li>     <li>If you don't have any qualifying children, are you between 25 and 65 years old?     </li> </ul> <p>     EITC also looks at your income from the previous year to determine if you are eligible. You can use <a href=""http://www.nyc.gov/accessnyc"" target=""_blank"">ACCESS NYC</a> to screen to see if you might be eligible. </p>","<p>     <strong>Visit the website</strong> </p> <p>     Visit the <a href=""http://www1.nyc.gov/site/dca/consumers/get-tax-credit-information.page"" target=""_blank"">NYC Department of Consumer Affairs website</a> for more information. </p>",,,English,EITC
<p>     All NYC families who care for a student with disabilities are eligible to receive services at no cost. Trainings are open to everyone. </p>,"<p>     <strong>Visit the website</strong> </p> <p>     Visit the <a href=""http://www.p12.nysed.gov/specialed/techassist/parentcenters.htm"" target=""_blank"">NY State Parent Center website</a> for more information and services. </p>",,,English,
"<ul>     <li>All NYC youth are eligible for health care regardless of immigration status or whether they can pay     </li>     <li>Youth twelve and older can get private sexual and reproductive services without the consent of a parent or guardian.     </li>     <li>For primary care services, youth will need to bring a parent or guardian for the first visit. They can get a form signed so they can come by themselves for future visits.     </li> </ul>","<p>     <strong>Visit the website</strong><br>     <br>     Visit the <a href=""http://www.nychealthandhospitals.org/services/child-health-pediatrics-services/"" target=""_blank""><u>NYC Health + Hospital child health website</u></a> for more information. </p>",,,English,
<p>     Anyone who currently receives SNAP benefits is eligible. </p>,,,,English,
"<p>     This program looks at several things to decide if you are eligible. They include: </p> <ul>     <li>how much money you earn     </li>     <li>how much money you receive from benefits     </li>     <li>how many people are in your house     </li>     <li>your citizenship or immigration status     </li> </ul> <p>     With a few questions, we can help you <a href=""http://nyc.gov/accessnyc"" target=""_blank"">find out if you may be eligible</a>. </p>","<p>     <strong>Visit the website</strong> </p> <p>     Visit the <a href=""https://www1.nyc.gov/site/hra/help/snap-benefits-food-program.page"" target=""_blank"">SNAP website</a> to learn more about this program. </p>","<ol>     <li>Print a paper application, pick one up from a SNAP Center, or call the HRA Infoline at <a href=""tel:718-557-1399"">718-557-1399</a> to have a paper application mailed to you.     </li>     <li>Mail the application and copies of your documents to:<br>         <strong>Division of SNAP Services, Mail Application & Referral Unit (MARU),</strong><br>         P.O. Box 24510<br>         Brooklyn, NY, 11201     </li> </ol>",https://access.nyc.gov/wp-content/uploads/2018/09/SNAP_ApplandRecert_ENG.pdf,English,SNAP
"<p>     All New Yorkers can get help understanding and enrolling in health insurance. Depending on your age and income, you may also be eligible for public health insurance. </p>","<p>     <strong>Visit the websites</strong> </p> <p>     Find out more about public insurance on the <a href=""http://www1.nyc.gov/site/hra/help/health-assistance.page"" target=""_blank"">HRA Health Assistance website</a>. </p> <p>     Learn more about your options on the <a href=""https://www1.nyc.gov/site/ochia/coverage-care/insurance-options.page"" target=""_blank"">Citywide Health Insurance Access website</a>. </p> <p>     <a href=""http://www1.nyc.gov/site/ochia/index.page"" target=""_blank""></a> </p>","<p>     If you are age 65 and over, or on Medicare, or need Medicaid related to a disability, you can complete and mail your <a href=""https://access.nyc.gov/wp-content/uploads/2017/03/Public_Health_Insurance_Application_EN.pdf"" target=""_blank"">application</a> and <a href=""https://access.nyc.gov/wp-content/uploads/2017/03/PHI_SupplementA_EN.pdf"" target=""_blank"">Supplement A form</a> to: </p> <p>     <strong>MAP Initial Eligibility Unit<br></strong>PO Box 24390,<br>     Brooklyn, NY 11202 </p>",,English,
"<ul>     <li>Be at least 18 years old     </li>     <li>Be a permanent resident (have a \u201cGreen Card\u201d) for at least 5 years, or 3 years if married to a U.S. citizen     </li>     <li>Other eligibility is determined by immigration attorney     </li> </ul>","<p>     <strong>Visit the website</strong> </p> <p>     Visit the <a href=""http://www.nyc.gov/nycitizenship"" target=""_blank"">NYCitizenship</a> website for more information. </p>",,,English,
"<p>     To be eligible for Child Tax Credit you should be able to answer yes to these questions: </p> <ul>     <li>Do you have a child or dependent who is under 17 years old?     </li>     <li>Is your dependent a US citizen, a US national, or a permanent resident?     </li>     <li>Has your dependent lived with you for over half of the year?     </li>     <li>Is your dependent claimed on your tax return?     </li> </ul>","<p>     <strong>Visit the website</strong> </p> <p>     Visit the <a href=""http://www1.nyc.gov/site/dca/consumers/get-tax-credit-information.page"" target=""_blank"">NYC Department of Consumer Affairs</a> website for more information.<br> </p>",,,English,CTC
"<p>     You may be eligible for ASAP if you answer yes to all of the following questions:<br> </p> <ul>     <li>Have you applied and been accepted to a CUNY college that offers <a href=""http://www1.cuny.edu/sites/asap/join-asap/""><u>ASAP</u></a>?     </li>     <li>Are you a New York City resident or <a href=""http://www2.cuny.edu/about/administration/offices/legal-affairs/university-tuition-fee-manual/iv-residency/""><u>eligible for in-state tuition</u></a>?     </li>     <li>Do you agree to enter into a full-time associate degree program (minimum of 12 credits per semester) in an <a href=""http://www1.cuny.edu/sites/asap/asap-eligible-majors-by-campus/""><u>ASAP-approved major</u></a>?     </li>     <li>Are you fully skills-proficient in reading, writing, and math, or have no more than two remedial course needs in these subjects, based on <a href=""http://www2.cuny.edu/academics/testing/testing-faqs/""><u>CUNY Assessment Test scores</u></a>?     </li>     <li>If you're a continuing or transfer student, do you have no more than 15 college credits and a minimum GPA of 2.0?     </li> </ul>","<p>     <strong>Visit the website</strong> </p> <p>     Visit the <a href=""http://www1.cuny.edu/sites/asap/"" target=""_blank""><u>CUNY ASAP website</u></a> to learn more about the program. </p>",,,English,CUNY ASAP
"<p>     All NYC children, 18 and under, can get free meals in the summer. </p>","<p>     <strong>Visit the website</strong> </p> <p>     Visit the <a href=""http://www.schoolfoodnyc.org/"" target=""_blank"">SchoolFood website</a> to find out more.<br> </p>",,,English,
<p>     All New Yorkers are eligible to speak with a counselor and use NYC Well services. </p>,"<p>     <strong>Visit the website</strong> </p> <p>     Visit the <a href=""https://nycwell.cityofnewyork.us/en/"" target=""_blank"">NYC Well website</a> for more information on available mental health service. </p>",,,English,
"<p>     To be eligible for Child and Dependent Care Tax Credit you should be able to answer yes to these questions: </p> <ul>     <li>Do you pay someone or an organization to care of your dependent to allow you (and your spouse, if filing a joint return) to work or to look for work?     </li>     <li>Do you (and your spouse if you file taxes jointly) earn income from wages, salaries, tips, other taxable employee money, or earnings from self-employment?     </li>     <li>Is your tax filing status single, married filing jointly, head of household or qualifying widow(er) with a dependent child?     </li>     <li>If you are married, do both you and your spouse work outside of the home, or do one of you work outside of the home while the other is a full-time student, has a disability, or is looking for work?     </li> </ul>","<p>     <strong>Visit the website</strong> </p> <p>     Visit the <a href=""http://www1.nyc.gov/site/dca/consumers/get-tax-credit-information.page"" target=""_blank"">NYC Department of Consumer Affairs website</a> for more information. </p>",,,English,
"<p>     To be eligible for Veterans' Exemption, you should be able to answer yes to all of these questions. </p> <ul>     <li>Are you the current deeded owner, spouse or surviving un-remarried widow/widower of the property owner?     </li>     <li>Is the property your primary residence?     </li>     <li>Are you a veteran who served in the US armed forces during one of the following conflicts only:         <ul>             <li>Persian Gulf Conflict (includes the Afghanistan and Iraq Conflicts) - beginning August 2, 1990 to present             </li>             <li>Vietnam War - February 28, 1961 to May 7, 1975             </li>             <li>Korean War - June 27, 1950 - January 31, 1955             </li>             <li>World War II - December 7, 1941 to December 31, 1946             </li>             <li>World War I - April 6, 1917 to November 11, 1918             </li>         </ul>     </li> </ul>","<p>     <strong>Visit the website</strong> </p> <p>     Visit the <a href=""http://www1.nyc.gov/site/finance/benefits/landlords-veterans.page"" target=""_blank"">Veterans' Exemption website</a> for more information.<br> </p>","<ul>     <li>Apply by mail: <a href=""https://access.nyc.gov/wp-content/uploads/2017/12/VeteransExemption-InitialAppl_EN.pdf"" target=""_blank"">Download the initial exemption application</a> form and mail it to:<br>         <strong>New York City Department of Finance</strong><br>         P.O. BOX 311<br>         Maplewood, NJ 07040-0311     </li>     <li>You will need to submit copies of the required documentation with your application. Applications without all of the required documents cannot be processed.     </li>     <li>Your completed application and all required documents must be postmarked by March 15 (or the next business day if March 15 is on a weekend) for your exemption to begin on July 1 in the same year.     </li> </ul>",https://access.nyc.gov/wp-content/uploads/2017/12/VeteransExemption-InitialAppl_EN.pdf,English,
"<p>     Everyone is eligible for emergency food assistance, regardless of immigration status or how much money you have. </p>","<p>     <strong>Visit the website</strong> </p> <p>     Visit <a href=""https://maps.nyc.gov/foodhelp/"" target=""_blank"">Foodhelp.nyc</a> for a map of food pantries and community kitchens. </p>",,,English,EFAP
"<p>     Parents or caregivers of a child 0 to 24 years old who is at risk of or currently experiences emotional, behavioral or mental health challenges. </p>",,,,English,FRC
"<p>     There are two types of STAR credits: Basic STAR and Enhanced STAR. To be eligible for both, you should be able to answer yes to all of these questions: </p> <ul>     <li>Is the property the primary home of at least one of the owners?     </li>     <li>Do you live in one of the following types of housing?         <ul>             <li>a house             </li>             <li>a condo             </li>             <li>a cooperative apartment             </li>             <li>a manufactured home             </li>             <li>a farm house             </li>             <li>a mixed-use property, including apartment buildings (only the owner-occupied portion is eligible)             </li>         </ul>     </li> </ul> <p>     For <strong>Basic STAR</strong>, you should also be able to answer yes to this additional question: </p> <ul>     <li>Is the combined income of all owners who live in the home and their spouses $500,000 a year or less?     </li> </ul> <p>     For <strong>Enhanced STAR</strong>, you should also be able to answer yes to these additional questions: </p> <ul>     <li>Will you, or one of your siblings or spouse who live in the home, be 65 or older by December 31st?     </li>     <li>Is the combined income of all owners who live in the home and their spouses $86,000 a year or less?     </li> </ul>","<p>     <strong>Visit the website</strong> </p> <p>     Visit the <a href=""https://tax.ny.gov/pit/property/star/default.htm"" target=""_blank"">STAR website</a> for more information.<br> </p>",,,English,STAR
"<p>     All New Yorkers can get help understanding and enrolling in health insurance. Depending on your age and income, you may also be eligible for public health insurance. </p>","<p>     <strong>Visit the websites</strong> </p> <p>     Find out more about public insurance on the <a href=""http://www1.nyc.gov/site/hra/help/health-assistance.page"" target=""_blank"">HRA Health Assistance website</a>. </p> <p>     Learn more about your options on the <a href=""https://www1.nyc.gov/site/ochia/coverage-care/insurance-options.page"" target=""_blank"">Citywide Health Insurance Access website</a>. </p> <p>     <a href=""http://www1.nyc.gov/site/ochia/index.page"" target=""_blank""></a> </p>","<p>     If you are age 65 and over, or on Medicare, or need Medicaid related to a disability, you can complete and mail your <a href=""https://access.nyc.gov/wp-content/uploads/2017/03/Public_Health_Insurance_Application_EN.pdf"" target=""_blank"">application</a> and <a href=""https://access.nyc.gov/wp-content/uploads/2017/03/PHI_SupplementA_EN.pdf"" target=""_blank"">Supplement A form</a> to: </p> <p>     <strong>MAP Initial Eligibility Unit<br></strong>PO Box 24390,<br>     Brooklyn, NY 11202 </p>",,English,
"<p>     To be eligible for Intern & Earn, you should be able to answer yes to these questions. </p> <ul>     <li>Are you 16 - 24 years old?     </li>     <li>Are you currently <strong>not</strong> enrolled in school, and <strong>not</strong> working?     </li>     <li>Did you <strong>not</strong> have an associate's or bachelor's degree?     </li> </ul>",,,,English,
"<p>     To be eligible, you should be able to answer yes to these questions: </p> <ul>     <li>Do you have a child under six years old, an adult over 60 years old, or anyone with a permanent disability living with you?     </li>     <li>Are you and the people you live with US citizens or legal immigrants?     </li>     <li>Do you meet one of the following income guidelines?         <ul>             <li>You receive SNAP benefits, Temporary Assistance, or Code A Supplemental Security Income.             </li>             <li>Your family is at or under the income guidelines.             </li>         </ul>         <table>             <thead>                 <tr>                     <td>                         <strong>Family Size</strong>                     </td>                     <td>                         <strong>Income in a year</strong>                     </td>                     <td>                         <strong>Income in a month</strong>                     </td>                     <td>                         <strong>Income in a week</strong>                     </td>                 </tr>             </thead>             <tbody>                 <tr>                     <td>                         1                     </td>                     <td>                         $28,692                     </td>                     <td>                         $2,391                     </td>                     <td>                         $552                     </td>                 </tr>                 <tr>                     <td>                         2                     </td>                     <td>                         $37,524                     </td>                     <td>                         $3,127                     </td>                     <td>                         $722                     </td>                 </tr>                 <tr>                     <td>                         3                     </td>                     <td>                         $46,356                     </td>                     <td>                         $3,863<br>                     </td>                     <td>                         $891                     </td>                 </tr>                 <tr>                     <td>                         4                     </td>                     <td>                         $55,176                     </td>                     <td>                         $4,598                     </td>                     <td>                         $1,061                     </td>                 </tr>                 <tr>                     <td>                         5                     </td>                     <td>                         $64,008                     </td>                     <td>                         $5,334                     </td>                     <td>                         $1,231                     </td>                 </tr>                 <tr>                     <td>                         6                     </td>                     <td>                         $74,496                     </td>                     <td>                         $6,070                     </td>                     <td>                         $1,401                     </td>                 </tr>                 <tr>                     <td>                         7                     </td>                     <td>                         $74,496                     </td>                     <td>                         $6,208                     </td>                     <td>                         $1,433                     </td>                 </tr>                 <tr>                     <td>                         8                     </td>                     <td>                         $76,152                     </td>                     <td>                         $4,346                     </td>                     <td>                         $1,464                     </td>                 </tr>                 <tr>                     <td>                         9                     </td>                     <td>                         $77,796                     </td>                     <td>                         $6,483                     </td>                     <td>                         $1,496                     </td>                 </tr>                 <tr>                     <td>                         10                     </td>                     <td>                         $79,452                     </td>                     <td>                         $6,621                     </td>                     <td>                         $1,528                     </td>                 </tr>                 <tr>                     <td>                         11                     </td>                     <td>                         $83,016                     </td>                     <td>                         $6,918                     </td>                     <td>                         $1,596                     </td>                 </tr>                 <tr>                     <td>                         <strong>For each additional person, add:</strong><br>                     </td>                     <td>                         $6,450                     </td>                     <td>                         $540                     </td>                     <td>                         $124                     </td>                 </tr>             </tbody>         </table>     </li> </ul>If you need emergency HEAP benefits, you should also be able to answer yes to these questions: <ul>     <li>Is your heat shut off or about to be shut off, or is your fuel tank a quarter full or less?     </li>     <li>Is the heating and/or electric bill in your name?     </li>     <li>Are your household\u2019s available resources:<br>         <ul>             <li>less than $3,000 if there is a member age 60 or older, or             </li>             <li>or less than $2,000 if there is no member age 60 or older?             </li>         </ul>     </li> </ul>","<p>     <strong>Visit the website</strong> </p> <p>     Visit the <a href=""https://www1.nyc.gov/site/hra/help/energy-assistance.page"" target=""_blank"">HEAP website</a> for more information. </p>","<p>     Apply for HEAP by mail if: </p> <ul>     <li>the head of house is disabled and gets Retirement Survivor\u2019s, or Disability Insurance, or     </li>     <li>the head of household is aged 60 or older, or     </li>     <li>the household is Code A SSI, or     </li>     <li>the household is receiving Cash Assistance or SNAP<br>         <strong>Applications should be mailed to</strong>:<br>         New York City Home Energy Assistance Program<br>         P.O. Box 1401, Church Street Station<br>         New York, NY, 10008     </li> </ul>",https://access.nyc.gov/wp-content/uploads/2017/11/HEAP_ApplInst_EN.pdf,English,HEAP
"<p>     To be eligible for ECDC services, you should be able to answer yes to these questions:<br> </p> <ul>     <li>Is your child five years old or younger?     </li>     <li>Does your child have a diagnosed or suspected physical, mental, or emotional disability?     </li> </ul>","<p>     <strong>Visit the website</strong> </p> <p>     Visit the <a href=""http://www.p12.nysed.gov/specialed/techassist/ecdc/home.html"" target=""_blank"">NY State ECDC website</a> to learn more about ECDC's services. </p>",,,English,ECDC
"<p>     You or your child may be eligible if you can answer yes to these questions: </p> <ul>     <li>Are you:         <ul>             <li>pregnant;             </li>             <li>a mother of a baby up to six months;             </li>             <li>a breastfeeding mother of a baby up to 12 months old; <strong>OR</strong>             </li>             <li>the parent of a child who is five years old or younger?             </li>         </ul>     </li>     <li>Do you live in New York State?     </li> </ul> <p>     WIC also looks at your income to determine if you are eligible. You can use <a href=""http://access.nyc.gov"" target=""_blank"">ACCESS NYC</a> to screen and see if you might be eligible. </p>","<p>     <strong>Visit the website</strong> </p> <p>     Visit the <a href=""https://www.health.ny.gov/prevention/nutrition/wic/"" target=""_blank"">WIC website</a> to learn more.<a href=""http://www.health.ny.gov/prevention/nutrition/wic/""></a> </p>",,https://access.nyc.gov/wp-content/uploads/2017/03/WIC_Medical_Referral-Form_For_Infant_EN.pdf,English,WIC
"<p>     To be eligible, you should be able to answer yes to these questions: </p> <ul>     <li>Are you a woman or a girl who is 28 weeks pregnant or less with your first baby?     </li>     <li>If you are over 18 years old, do you live in a zip code listed on the <a href=""http://www1.nyc.gov/assets/doh/downloads/pdf/ms/nfp-area-map.pdf"" target=""_blank"">NFP service map</a>?     </li>     <li>Do you meet the income requirements?     </li> </ul> <table>     <thead>         <tr>             <th>                 Family size             </th>             <th>                 Income in a year             </th>             <th>                 Income in a month             </th>             <th>                 Income in a week             </th>         </tr>     </thead>     <tbody>         <tr>             <td>                 1             </td>             <td>                 $35,520             </td>             <td>                 $2,960             </td>             <td>                 $740             </td>         </tr>         <tr>             <td>                 2             </td>             <td>                 $44,796             </td>             <td>                 $3,733             </td>             <td>                 $933.25             </td>         </tr>         <tr>             <td>                 3             </td>             <td>                 $55,272             </td>             <td>                 $4,606             </td>             <td>                 $1,151.50             </td>         </tr>         <tr>             <td>                 4             </td>             <td>                 $63,360             </td>             <td>                 $5,280             </td>             <td>                 $1,320<br>             </td>         </tr>         <tr>             <td>                 5             </td>             <td>                 $72,636             </td>             <td>                 $6,053             </td>             <td>                 $1,513.25             </td>         </tr>         <tr>             <td>                 6             </td>             <td>                 $81,912             </td>             <td>                 $6,826             </td>             <td>                 $1,706.50             </td>         </tr>         <tr>             <td>                 7             </td>             <td>                 $91,188             </td>             <td>                 $7,599             </td>             <td>                 $1,899.75             </td>         </tr>     </tbody> </table> <p>     <strong>Exceptions</strong>: </p> <ul>     <li>All NYC girls under 18 years old are eligible, regardless of ZIP code.     </li>     <li>All women and girls are eligible if they are: homeless or incarcerated, in foster care, or involved in the juvenile justice system.     </li> </ul>","<p>     <strong>Visit the website</strong> </p> <p>     Visit the <a href=""http://www1.nyc.gov/site/doh/health/health-topics/nurse-family-partnership.page"" target=""_blank"">NYC NFP website</a> to find out more. </p>","<p>     If you are a service provider, you can refer your patients/clients to NFP by filling in the referral form and mailing or faxing it to the locations listed on the form. </p>",https://access.nyc.gov/wp-content/uploads/2017/03/NFP-Client-Referral-Form.EN_.pdf,English,NYC NFP
"<p>     Eligible children must: </p> <ul>     <li>Be 21 years old or younger, have health conditions, and need extra health care and assistance     </li>     <li>Live in NYC     </li>     <li>Have been diagnosed with or be suspected to have a serious or chronic health condition, physical disability, or developmental or emotional/behavioral condition     </li> </ul>",,,,English,CSHCN
"<p>     You may be eligible if you can answer yes to these questions. </p> <ul>     <li>Do you live in NYC?     </li>     <li>Are you currently enrolled in high school or college?     </li>     <li>Are you between 16 and 22 years old?     </li>     <li>Do you have previous work experience (even as a volunteer)?     </li>     <li>If you are under 18 years old, do you have your working papers?     </li> </ul>","<p>     <strong>Visit the website</strong> </p> <p>     Visit the <a href=""https://www1.nyc.gov/site/dycd/services/jobs-internships/nyc-ladders-for-leaders.page"" target=""_blank"">DYCD website</a> to learn more. </p>",,,English,
"<ul>     <li>Anyone 18 years or older is eligibile and can use a Workforce1 Career Center.     </li>     <li>There are no income, citizenship, or residency requirements     </li> </ul>","<p>     <strong>Visit an online resouce</strong> </p> <p>     Visit an online <a href=""http://www.nyc.gov/html/sbs/wf1/html/contact/library.shtml"" target=""_blank"">resource library</a> for commonly asked questions. </p>",,https://access.nyc.gov/wp-content/uploads/2017/03/Workforce1_Customer_Information_Fom.pdf,English,
"<p>     All NYC youth, regardless of ability to pay, immigration status, or sexual orientation, disability, sexual orientation, or gender identity are eligible for care at YouthHealth clinics. </p>",,,,English,
"<ul>     <li>To be eligible to file your taxes in person for free, your income must be $54,000 or less for the previous year.     </li>     <li>To be eligible to file your taxes online for free, your income must be $66,000 or less for the previous year.     </li> </ul>","<p>     <strong>Visit the website</strong> </p> <p>     Visit the <a href=""http://www1.nyc.gov/site/dca/consumers/get-tax-credit-information.page"" target=""_blank"">NYC Department of Consumer Affairs website</a> for more information. </p>",,,English,
"<p>     To be eligible, you should be able to answer yes to these questions: </p> <ul>     <li>Is your child three or four years old?     </li>     <li>Is your family already receiving services from either ACS or the NYC Human Resources Administration (HRA)?     </li>     <li>Is your income equal to or less than program income requirements?     </li> </ul> <table>     <thead>         <tr>             <th>                 Family size             </th>             <th>                 Income in a year             </th>             <th>                 Income in a month             </th>             <th>                 Income in a week             </th>         </tr>     </thead>     <tbody>         <tr>             <td>                 1             </td>             <td>                 $12,140             </td>             <td>                 $1,012             </td>             <td>                 $233             </td>         </tr>         <tr>             <td>                 2             </td>             <td>                 $16,460             </td>             <td>                 $1,372             </td>             <td>                 $317             </td>         </tr>         <tr>             <td>                 3             </td>             <td>                 $20,780             </td>             <td>                 $1,732             </td>             <td>                 $400             </td>         </tr>         <tr>             <td>                 4             </td>             <td>                 $25,100             </td>             <td>                 $2,092             </td>             <td>                 $483             </td>         </tr>         <tr>             <td>                 5             </td>             <td>                 $29,420             </td>             <td>                 $2,452             </td>             <td>                 $566             </td>         </tr>         <tr>             <td>                 6             </td>             <td>                 $33,740             </td>             <td>                 $2,812             </td>             <td>                 $649             </td>         </tr>         <tr>             <td>                 7             </td>             <td>                 $38,060             </td>             <td>                 $3,172             </td>             <td>                 $732             </td>         </tr>         <tr>             <td>                 8             </td>             <td>                 $42,380             </td>             <td>                 $3,532             </td>             <td>                 $815<br>             </td>         </tr>         <tr>             <td>                 for each additional person, add:             </td>             <td>                 $4,320             </td>             <td>                 $360             </td>             <td>                 $ 83             </td>         </tr>     </tbody> </table>","<p>     <strong>Visit the website</strong> </p> <p>     Visit the <a href=""http://www1.nyc.gov/site/acs/early-care/acs-child-care-options.page"" target=""_blank"">EarlyLearn NYC Head Start website</a> for more information. </p>",,,English,
"<p>     To be eligible for APS, you should be able to answer yes to the following questions: </p> <ul>     <li>Are you 18 years or older?     </li>     <li>Do you have a physical and/or mental disability?     </li>     <li>Are you unable to manage your own resources, carry out daily activities, or protect yourself from dangerous situations without help from others?     </li>     <li>Do you have no one else who is able to help you?     </li> </ul>","<p>     <strong>Visit the website</strong> </p> <p>     Visit the <a href=""https://www1.nyc.gov/site/hra/help/adult-protective-services.page"" target=""_blank"">APS website</a> for more information. </p>",,,English,APS
"<p>     All women who live in NYC, regardless of your ability to pay, can get help at a NYC Health + Hospitals center. </p>","<p>     <strong>Visit the website</strong> </p> <p>     Visit the <a href=""http://www.nychealthandhospitals.org/services/womens-health/"" target=""_blank""><u>NYC Health + Hospitals Women's Health website</u></a> to learn more. </p>",,,English,
"<p>     To be eligible, you should be able to answer yes to these questions: </p> <ul>     <li>Do you live in New York State?     </li>     <li>Are you a US citizen, national, Native American, or have <a href=""https://www.health.ny.gov/health_care/medicaid/reference/mrg/june2010/page454-454-1.pdf"" target=""_blank"">satisfactory immigration status</a>?     </li>     <li>Do you have insurance (or no insurance) other than Medicaid?         <ul>             <li>If you have Medicaid, confidential family planning is already included in your coverage             </li>         </ul>     </li>     <li>Is your income equal to or less than program income requirements?     </li> </ul> <table>     <thead>         <tr>             <th>                 Family size             </th>             <th>                 Income in a year             </th>             <th>                 Income in a month             </th>             <th>                 Income in a week             </th>         </tr>     </thead>     <tbody>         <tr>             <td>                 1             </td>             <td>                 $27,072             </td>             <td>                 $2,257             </td>             <td>                 $521<br>             </td>         </tr>         <tr>             <td>                 2             </td>             <td>                 $36,706             </td>             <td>                 $3,059             </td>             <td>                 $706<br>             </td>         </tr>         <tr>             <td>                 3             </td>             <td>                 $46,339             </td>             <td>                 $3,862             </td>             <td>                 $891<br>             </td>         </tr>         <tr>             <td>                 4             </td>             <td>                 $55,973             </td>             <td>                 $4,665<br>             </td>             <td>                 $1,077<br>             </td>         </tr>         <tr>             <td>                 5             </td>             <td>                 $65,607             </td>             <td>                 $5,468             </td>             <td>                 $1,262<br>             </td>         </tr>         <tr>             <td>                 6             </td>             <td>                 $75,240             </td>             <td>                 $6,271<br>             </td>             <td>                 $1,447<br>             </td>         </tr>         <tr>             <td>                 7             </td>             <td>                 $84,874             </td>             <td>                 $7,073             </td>             <td>                 $1,632<br>             </td>         </tr>         <tr>             <td>                 8             </td>             <td>                 $94,507             </td>             <td>                 $7,876             </td>             <td>                 $1,818             </td>         </tr>         <tr>             <td>                 For each additional person, add:             </td>             <td>                 $9,634             </td>             <td>                 $803             </td>             <td>                 $185             </td>         </tr>     </tbody> </table>","<p>     <strong>Visit the website</strong> </p> <p>     Visit the <a href=""https://www.health.ny.gov/health_care/medicaid/program/longterm/familyplanbenprog.htm"" target=""_blank"">FPBP website</a> to learn more about this program. </p>",,https://access.nyc.gov/wp-content/uploads/2017/03/FPBP_applicationinstructions_EN.pdf,English,FPBP
<p>     Anyone who lives in NYC and is ages 10 or older is eligible to apply for an IDNYC card. </p>,"<p>     <strong>Visit the website</strong> </p> <p>     Visit the <a href=""http://www1.nyc.gov/site/idnyc/index.page"" target=""_blank"">IDNYC website</a> for more information on how to apply and IDNYC benefits. </p>",,,English,
"<p>     All New York City families with a child born in 2014 can apply to Pre-K for All starting on February 5, 2018. </p>","<p>     <strong>Visit the website</strong> </p> <p>     Visit the <a href=""http://nyc.gov/prek"" target=""_blank"">Pre-K website</a> to find a program and learn more. </p>",,,English,Pre-K
"<p>     All NYC students, in kindergarten to 12th grade, are eligible to enroll in COMPASS programs. </p>","<p>     <strong>Visit the websites</strong> </p> <p>     Visit the <a href=""http://www1.nyc.gov/site/dycd/services/after-school/comprehensive-after-school-system-of-new-york-city-compass.page"" target=""_blank"">COMPASS website</a> to learn more.<br> </p> <p>     Visit the <a href=""http://www.dycdportal.nyc/discoverdycd/home"" target=""_blank"">Discover DYCD website</a> to learn about all of the programs COMPASS NYC offers.<br> </p>",,,English,COMPASS NYC
"<p>     You or your child may be eligible if you can answer yes to these questions: </p> <ul>     <li>Are you:         <ul>             <li>pregnant;             </li>             <li>a mother of a baby up to six months;             </li>             <li>a breastfeeding mother of a baby up to 12 months old; <strong>OR</strong>             </li>             <li>the parent of a child who is five years old or younger?             </li>         </ul>     </li>     <li>Do you live in New York State?     </li> </ul> <p>     WIC also looks at your income to determine if you are eligible. You can use <a href=""http://access.nyc.gov"" target=""_blank"">ACCESS NYC</a> to screen and see if you might be eligible. </p>","<p>     <strong>Visit the website</strong> </p> <p>     Visit the <a href=""https://www.health.ny.gov/prevention/nutrition/wic/"" target=""_blank"">WIC website</a> to learn more.<a href=""http://www.health.ny.gov/prevention/nutrition/wic/""></a> </p>",,https://access.nyc.gov/wp-content/uploads/2017/03/WIC_Medical_Referral-Form_For_Infant_EN.pdf,English,WIC
"<p>     This program looks at several things to decide if you are eligible. They include: </p> <ul>     <li>how much money you earn     </li>     <li>how much money you receive from benefits     </li>     <li>how many people are in your house     </li>     <li>your citizenship or immigration status     </li> </ul> <p>     With a few questions, we can help you <a href=""http://nyc.gov/accessnyc"" target=""_blank"">find out if you may be eligible</a>. </p>","<p>     <strong>Visit the website</strong> </p> <p>     Visit the <a href=""https://www1.nyc.gov/site/hra/help/snap-benefits-food-program.page"" target=""_blank"">SNAP website</a> to learn more about this program. </p>","<ol>     <li>Print a paper application, pick one up from a SNAP Center, or call the HRA Infoline at <a href=""tel:718-557-1399"">718-557-1399</a> to have a paper application mailed to you.     </li>     <li>Mail the application and copies of your documents to:<br>         <strong>Division of SNAP Services, Mail Application & Referral Unit (MARU),</strong><br>         P.O. Box 24510<br>         Brooklyn, NY, 11201     </li> </ol>",https://access.nyc.gov/wp-content/uploads/2018/09/SNAP_ApplandRecert_ENG.pdf,English,SNAP
"<p>     To be eligible for SES, you must be able to answer yes to these questions: </p> <ul>     <li>Are you 55 years of age or older?     </li>     <li>Are you unemployed?     </li> </ul>","<p>     <strong>Visit the website</strong> </p> <p>     Visit the <a href=""http://www1.nyc.gov/site/dfta/services/senior-employment.page"" target=""_blank"">SES website</a> for more information. </p>","<ol>     <li>Download and complete the <a href=""https://access.nyc.gov/wp-content/uploads/2017/03/Senior_Employment_Services_Form.pdf"" target=""_blank"">Employment Assistance Services Form</a>.     </li>     <li>Mail the application to:<br>         Senior Employment Unit/SCSEP-Title V Program<br>         New York City Department for the Aging<br>         2 Lafayette St.<br>         New York, NY 10007     </li> </ol>",https://access.nyc.gov/wp-content/uploads/2017/03/Senior_Employment_Services_Form.pdf,Spanish,SES
"<p>     To be eligible to apply for a NYC public high school, you must be able to answer yes to these questions:<br> </p> <ul>     <li>Are you a NYC resident?     </li>     <li>Are you currently an 8th grade student of a first-time 9th grade student?     </li> </ul> <p>     To be eligible for Coop Tech, you must be able to answer yes to these questions: </p> <ul>     <li>Are you a NYC resident?     </li>     <li>Are you 17-21 years old?     </li>     <li>Are you either in 11 or 12th grade, a District 79 program, or have already graduated high school?     </li>     <li>If you are still a student, have you earned at least 20 credits?     </li> </ul>","<p>     <strong>Visit the websites</strong> </p> <p>     Visit the <a href=""http://cte.nyc/"" target=""_blank""><u>CTE</u></a> or <a href=""https://www.schools.nyc.gov/school-life/learning/career-and-technical-education"" target=""_blank""><u>Department of Education</u></a> website to learn more about CTE.<br>     Visit the <a href=""http://www.co-optech.org/"" target=""_blank""><u>Coop Tech website</u></a> to learn more about their programs. </p>",,,English,CTE
"<ul>     <li>To be eligible for HUD-VASH, you must be eligible for VA health care and meet the <a href=""https://www.hudexchange.info/resources/documents/HomelessAssistanceActAmendedbyHEARTH.pdf"" target=""_blank"">federal definition of homelessness</a> or at risk of being homeless     </li>     <li>You must have income within the program guidelines and willingness to receive case management from the VA     </li>     <li>The National Call Center for Homeless Veterans can help you determine if you are eligible. Call <a href=""tel:877-424-3838"">877-424-3838</a> to find out     </li> </ul>","<p>     <strong>Visit the website</strong> </p> <p>     Visit the <a href=""https://www.va.gov/homeless/hud-vash_eligibility.asp"" target=""_blank"">HUD-VASH website</a> for more information. </p>",,,English,HUD-VASH
"<p>     All NYC students, in 6th, 7th, and 8th grade, are eligible to enroll in SONYC programs. </p>","<p>     <strong>Visit the websites</strong> </p> <p>     Visit the <a href=""https://www1.nyc.gov/site/dycd/services/after-school/schools-out-new-york-city-sonyc.page"" target=""_blank"">SONYC website</a> to learn more. </p>",,,English,SONYC
"<p>     To be eligible for SES, you must be able to answer yes to these questions: </p> <ul>     <li>Are you 55 years of age or older?     </li>     <li>Are you unemployed?     </li> </ul>","<p>     <strong>Visit the website</strong> </p> <p>     Visit the <a href=""http://www1.nyc.gov/site/dfta/services/senior-employment.page"" target=""_blank"">SES website</a> for more information. </p>","<ol>     <li>Download and complete the <a href=""https://access.nyc.gov/wp-content/uploads/2017/03/Senior_Employment_Services_Form.pdf"" target=""_blank"">Employment Assistance Services Form</a>.     </li>     <li>Mail the application to:<br>         Senior Employment Unit/SCSEP-Title V Program<br>         New York City Department for the Aging<br>         2 Lafayette St.<br>         New York, NY 10007     </li> </ol>",https://access.nyc.gov/wp-content/uploads/2017/03/Senior_Employment_Services_Form.pdf,Spanish,SES
"<p>     To be eligible for DHE, you should be able to answer yes to all of these questions: </p> <ul>     <li>Are all owners persons with disabilities, <strong>OR</strong> are other owners the spouses or siblings of the person(s) with disabilities?     </li>     <li>Is the property your primary residence?     </li>     <li>Is the combined income for all owners less than or equal to $58,399 per year?         <ul>             <li>Income does <strong>NOT</strong> include SSI or Cash Assistance benefits.             </li>         </ul>     </li> </ul>","<p>     <strong>Visit the website</strong> </p> <p>     Visit the <a href=""http://www1.nyc.gov/site/finance/benefits/landlords-dhe.page"" target=""_blank"">DHE website</a> to learn more.<br> </p>","<ol>     <li>Download and complete the initial exemption application. You can also contact <a href=""tel:311"">311</a> for an application to be mailed to you.     </li>     <li>You will be asked provide the borough, block, and lot (BBL) for your home. You can <a href=""http://webapps.nyc.gov:8084/CICS/fin1/find001I"" target=""_blank"">use the Property Address Search</a> to determine this.     </li>     <li>Gather your required documents and include them with your application. Your application will not be processed without them.     </li>     <li>Mail your completed application and required documents to:<br>         New York City Department of Finance<br>         P.O.BOX 311<br>         Maplewood, NJ 07040-031     </li>     <li>Applications must be postmarked by March 15th for benefits to begin on July 1st each year     </li> </ol>",https://access.nyc.gov/wp-content/uploads/2017/12/DHE-InitialAppl_EN.pdf,English,DHE
,"<p>     <strong>Visit the website</strong> </p> <p>     Visit the <a href=""http://www.schoolfoodnyc.org/EatAtSchool/nutritionstandards.htm"" target=""_blank"">SchoolFood website</a> to learn more.<br> </p>",,,English,
"<p>     Home care programs have different eligibility requirements, but they all require that you must be eligible for Medicaid. </p>","<p>     <strong>Visit the website</strong> </p> <p>     Visit the <a href=""http://www1.nyc.gov/site/hra/help/long-term-care.page"" target=""_blank"">Home Care website</a> to find out more about the different home care options.<br> </p>",,,English,HCSP
,"<p>     <strong>Visit the website</strong> </p> <p>     Visit the <a href=""http://www.schoolfoodnyc.org/EatAtSchool/nutritionstandards.htm"" target=""_blank"">SchoolFood website</a> to learn more.<br> </p>",,,English,
"<p>     You or your child may be eligible if you can answer yes to these questions: </p> <ul>     <li>Are you:         <ul>             <li>pregnant;             </li>             <li>a mother of a baby up to six months;             </li>             <li>a breastfeeding mother of a baby up to 12 months old; <strong>OR</strong>             </li>             <li>the parent of a child who is five years old or younger?             </li>         </ul>     </li>     <li>Do you live in New York State?     </li> </ul> <p>     WIC also looks at your income to determine if you are eligible. You can use <a href=""http://access.nyc.gov"" target=""_blank"">ACCESS NYC</a> to screen and see if you might be eligible. </p>","<p>     <strong>Visit the website</strong> </p> <p>     Visit the <a href=""https://www.health.ny.gov/prevention/nutrition/wic/"" target=""_blank"">WIC website</a> to learn more.<a href=""http://www.health.ny.gov/prevention/nutrition/wic/""></a> </p>",,https://access.nyc.gov/wp-content/uploads/2017/03/WIC_Medical_Referral-Form_For_Infant_EN.pdf,English,WIC
"<p>     To be eligible to apply for a NYC public high school, you must be able to answer yes to these questions:<br> </p> <ul>     <li>Are you a NYC resident?     </li>     <li>Are you currently an 8th grade student of a first-time 9th grade student?     </li> </ul> <p>     To be eligible for Coop Tech, you must be able to answer yes to these questions: </p> <ul>     <li>Are you a NYC resident?     </li>     <li>Are you 17-21 years old?     </li>     <li>Are you either in 11 or 12th grade, a District 79 program, or have already graduated high school?     </li>     <li>If you are still a student, have you earned at least 20 credits?     </li> </ul>","<p>     <strong>Visit the websites</strong> </p> <p>     Visit the <a href=""http://cte.nyc/"" target=""_blank""><u>CTE</u></a> or <a href=""https://www.schools.nyc.gov/school-life/learning/career-and-technical-education"" target=""_blank""><u>Department of Education</u></a> website to learn more about CTE.<br>     Visit the <a href=""http://www.co-optech.org/"" target=""_blank""><u>Coop Tech website</u></a> to learn more about their programs. </p>",,,English,CTE
<p>     All NYC families with children between one year and three years nine months are eligible for NYCELL. </p>,"<p>     <strong>Visit the website</strong><br>     <br>     Visit the <a href=""http://schools.nyc.gov/Academics/EarlyChildhood/parentfamilies/NYCELL.htm"" target=""_blank""><u>NYCELL website</u></a> for more information. </p>",,,English,NYCELL
"<p>     To be eligible, you should be able to answer yes to these questions:<br> </p> <ul>     <li>Are you a New York State resident?     </li>     <li>Do you meet the following income guidelines?     </li> </ul> <table>     <thead>         <tr>             <th>                 Family size             </th>             <th>                 Income in a year             </th>             <th>                 Income in a month             </th>             <th>                 Income in a week             </th>         </tr>     </thead>     <tbody>         <tr>             <td>                 1             </td>             <td>                 $27,072             </td>             <td>                 $2,257             </td>             <td>                 $521<br>             </td>         </tr>         <tr>             <td>                 2             </td>             <td>                 $36,706             </td>             <td>                 $3,059             </td>             <td>                 $706<br>             </td>         </tr>         <tr>             <td>                 3             </td>             <td>                 $46,339             </td>             <td>                 $3,862             </td>             <td>                 $891<br>             </td>         </tr>         <tr>             <td>                 4             </td>             <td>                 $55,973             </td>             <td>                 $4,665<br>             </td>             <td>                 $1,077<br>             </td>         </tr>         <tr>             <td>                 5             </td>             <td>                 $65,607             </td>             <td>                 $5,468             </td>             <td>                 $1,262<br>             </td>         </tr>         <tr>             <td>                 6             </td>             <td>                 $75,240             </td>             <td>                 $6,271<br>             </td>             <td>                 $1,447<br>             </td>         </tr>         <tr>             <td>                 7             </td>             <td>                 $84,874             </td>             <td>                 $7,073             </td>             <td>                 $1,632<br>             </td>         </tr>         <tr>             <td>                 8             </td>             <td>                 $94,507             </td>             <td>                 $7,876             </td>             <td>                 $1,818             </td>         </tr>         <tr>             <td>                 For each additional person, add:             </td>             <td>                 $9,634             </td>             <td>                 $803             </td>             <td>                 $185             </td>         </tr>     </tbody> </table>","<p>     <strong>Visit the website</strong> </p> <p>     Visit the <a href=""http://www.health.state.ny.us/nysdoh/perinatal/en/pcap.htm"" target=""_blank"">New York State Department of Health</a>. </p>",,,English,
"<p>     To be eligible for Intern & Earn, you should be able to answer yes to these questions. </p> <ul>     <li>Are you 16 - 24 years old?     </li>     <li>Are you currently <strong>not</strong> enrolled in school, and <strong>not</strong> working?     </li>     <li>Did you <strong>not</strong> have an associate's or bachelor's degree?     </li> </ul>",,,,English,
"<p>     Anyone who lives in NYCHA housing is eligible for REES. But, the services that REES connects you to have different eligibility rules. The eligibility for each program is on the <a href=""http://opportunitynycha.org/programs-near-me/"" target=""_blank"">Opportunity NYCHA site</a>. </p>","<p>     <strong>Visit the website</strong> </p> <p>     Visit the <a href=""http://opportunitynycha.org/"" target=""_blank"">Opportunity NYCHA website</a> to learn more about REES services. </p>",,https://access.nyc.gov/wp-content/uploads/2017/03/REES_Form_EN.pdf,English,REES
"<p>     To be eligible to apply for a NYC public middle school, your child should be able to answer yes to these questions: </p> <ul>     <li>Are you a NYC resident?     </li>     <li>Are you currently a fifth grade student (or a current sixth grade student at an elementary school that ends in sixth grade)?         <ul>             <li>Current middle school students who want to transfer must visit a <a href=""https://www.schools.nyc.gov/enrollment/enrollment-help/family-welcome-centers"" target=""_blank"">Family Welcome Center</a> to explore your options             </li>         </ul>     </li> </ul>","<p>     <strong>Visit the website</strong> </p> <p>     Visit the <a href=""https://www.schools.nyc.gov/enrollment/enroll-grade-by-grade/middle-school"" target=""_blank"">NYC Department of Education website</a> to learn about Middle School Admissions. </p>",,,English,
"<p>     In order to be eligible for services, youth must be in foster care and have a diagnosis that requires a high level of care. </p> <ul>     <li>Youth leaving ACS care or in adoption who still meet the eligibility criteria can continue in the community-based setting until age 21.     </li>     <li>To participate, youth must be eligible for Medicaid.     </li> </ul>",,,,English,B2H
"<p>     To be eligible, you should be able to answer yes to these questions: </p> <ul>     <li>Are you a woman or a girl who is 28 weeks pregnant or less with your first baby?     </li>     <li>If you are over 18 years old, do you live in a zip code listed on the <a href=""http://www1.nyc.gov/assets/doh/downloads/pdf/ms/nfp-area-map.pdf"" target=""_blank"">NFP service map</a>?     </li>     <li>Do you meet the income requirements?     </li> </ul> <table>     <thead>         <tr>             <th>                 Family size             </th>             <th>                 Income in a year             </th>             <th>                 Income in a month             </th>             <th>                 Income in a week             </th>         </tr>     </thead>     <tbody>         <tr>             <td>                 1             </td>             <td>                 $35,520             </td>             <td>                 $2,960             </td>             <td>                 $740             </td>         </tr>         <tr>             <td>                 2             </td>             <td>                 $44,796             </td>             <td>                 $3,733             </td>             <td>                 $933.25             </td>         </tr>         <tr>             <td>                 3             </td>             <td>                 $55,272             </td>             <td>                 $4,606             </td>             <td>                 $1,151.50             </td>         </tr>         <tr>             <td>                 4             </td>             <td>                 $63,360             </td>             <td>                 $5,280             </td>             <td>                 $1,320<br>             </td>         </tr>         <tr>             <td>                 5             </td>             <td>                 $72,636             </td>             <td>                 $6,053             </td>             <td>                 $1,513.25             </td>         </tr>         <tr>             <td>                 6             </td>             <td>                 $81,912             </td>             <td>                 $6,826             </td>             <td>                 $1,706.50             </td>         </tr>         <tr>             <td>                 7             </td>             <td>                 $91,188             </td>             <td>                 $7,599             </td>             <td>                 $1,899.75             </td>         </tr>     </tbody> </table> <p>     <strong>Exceptions</strong>: </p> <ul>     <li>All NYC girls under 18 years old are eligible, regardless of ZIP code.     </li>     <li>All women and girls are eligible if they are: homeless or incarcerated, in foster care, or involved in the juvenile justice system.     </li> </ul>","<p>     <strong>Visit the website</strong> </p> <p>     Visit the <a href=""http://www1.nyc.gov/site/doh/health/health-topics/nurse-family-partnership.page"" target=""_blank"">NYC NFP website</a> to find out more. </p>","<p>     If you are a service provider, you can refer your patients/clients to NFP by filling in the referral form and mailing or faxing it to the locations listed on the form. </p>",https://access.nyc.gov/wp-content/uploads/2017/03/NFP-Client-Referral-Form.EN_.pdf,English,NYC NFP
"<ul>     <li>Youth ages 6 - 17 who are enrolled in school can participate     </li>     <li>Beacon also offers <a href=""https://www1.nyc.gov/site/dycd/services/after-school/beacon-adult-programs.page"" target=""_blank"">adult programs</a>     </li> </ul>","<p>     <strong>Visit the website</strong> </p> <p>     Visit the <a href=""http://www1.nyc.gov/site/dycd/services/after-school/beacon-youth-programs.page"" target=""_blank"">Beacon program website</a> for more information. </p>",,,English,
"<p>     Services are free and confidential. People of all ages, sexual orientations, and gender identities are welcome no matter what language they speak, their immigration status, or their income. </p>","<p>     <strong>Visit the website</strong> </p> <p>     Visit the <a href=""http://www.nyc.gov/html/ocdv/html/home/home.shtml"" target=""_blank"">Mayor's Office to Combat Domestic Violence website</a> to learn more about FJCs and other services for domestic violence victims. </p>",,,English,FJCs
<p>     All NYC families who care for a student with disabilities are eligible to receive services at no cost. Trainings are open to everyone. </p>,"<p>     <strong>Visit the website</strong> </p> <p>     Visit the <a href=""http://www.p12.nysed.gov/specialed/techassist/parentcenters.htm"" target=""_blank"">NY State Parent Center website</a> for more information and services. </p>",,,English,
"<p>     To be eligible for HASA, you must have been diagnosed with HIV or with AIDS, as defined by the <a href=""https://www.cdc.gov/mmwr/preview/mmwrhtml/rr5710a2.htm"" target=""_blank"">Centers for Disease Control and Prevention (CDC)</a>. </p>","<p>     <strong>Visit the website</strong> </p> <p>     Visit the <a href=""http://www1.nyc.gov/site/hra/help/hiv-aids-services.page"" target=""_blank"">HASA website</a> to learn more about available services.<br> </p>",,,English,HASA
"<p>     To be eligible for SCRIE, you should be able to answer yes to all of these questions: </p> <ul>     <li>Are you 62 or older?     </li>     <li>Is your name on the lease?     </li>     <li>Is your combined household income $50,000 or less in a year?     </li>     <li>Do you spend more than one-third of your monthly income on rent?     </li>     <li>Do you live in NYC in one of these types of housing?         <ul>             <li>a rent stabilized apartment             </li>             <li>a rent controlled apartment             </li>             <li>a rent regulated hotel or single room occupancy unit             </li>             <li>a Mitchell-Lama development             </li>             <li>a Limited Dividend Housing Company development             </li>             <li>a Redevelopment Company development             </li>             <li>a Housing Development Fund Company development             </li>         </ul>     </li> </ul>","<p>     <strong>Visit the website</strong><br> </p> <p>     Visit the <a href=""http://nyc.gov/rentfreeze"" target=""_blank"">SCRIE website</a> to learn more about this program. </p>","<ol>     <li>Download <a href=""https://access.nyc.gov/wp-content/uploads/2017/03/SCRIE_Application_Packet_EN.pdf"" target=""_blank"">the application</a> and fill it out. You can also pick one up from the SCRIE Walk-In Center or call <a href=""tel:311"">311</a> to request an application be mailed to you.<br>         <ol>             <li>If you download, there will be two applications in the file. You only need to fill out the application for the type of housing you live in. The application for people who live in Mitchell-Lama or Redevelopment Company development housing will be the pages in the front and the application for all other qualified housing will be second.             </li>             <li>If you pick up an application from a Walk-In Center or call <a href=""tel:311"">311</a> to request one, be sure to say what type of housing you live in so you can receive the right application.<br>                 <br>             </li>         </ol>     </li>     <li>People who live in Mitchell-Lama or Redevelopment Company development should mail their application and documents to:<br>         <strong>NYC Department of Housing and Development<br>         Division of Housing Supervision, SCRIE Unit</strong><br>         100 Gold Street, 7th floor<br>         New York, NY 10038<br>         <br>     </li>     <li>People who live in other types of qualified housing should mail their application and documents to:<br>         <strong>NYC Department of Finance, SCRIE Unit</strong><br>         59 Maiden Lane, 22nd Floor<br>         New York, NY 10038     </li> </ol>",https://access.nyc.gov/wp-content/uploads/2017/03/SCRIE_Application_Packet_EN.pdf,English,SCRIE
<p>     All students enrolled at a school with a SBHC are eligible for health care services at their school. </p>,"<p>     <strong>Visit the website</strong><br>     Visit the <a href=""https://www.schools.nyc.gov/school-life/health-and-wellness/school-based-health-centers"" target=""_blank""><u>SBHC website</u></a> to learn about all of the available services. </p>",,,English,SBHC
"<p>     You may be eligible for Access-A-Ride if you have a disability that prevents you from using accessible buses or subways for some or all of your trips. At your in-person assessment, you will be asked to show whether you can: </p> <ul>     <li>go up or down subway stairs,     </li>     <li>travel to a subway or bus station,     </li>     <li>get on, ride, and exit a subway or bus,     </li>     <li>and ride or navigate the bus or subway system on your own.     </li> </ul> <p>     This will help us decide if you are eligible for partial or full Access-A-Ride services. Please be sure to provide, in writing, how your disability prevents you from using accessible buses or subways and what other conditions prevent you from walking to and waiting for bus or the subway (sidewalk in poor condition, hilly area, no bus shelter with seats, etc). </p>","<p>     <strong>Visit the website</strong> </p> <p>     Visit the <a href=""http://web.mta.info/nyct/paratran/guide.htm#aarmetrocard"" target=""_blank"">Access-A-Ride website</a> for more information.<br> </p>",,http://web.mta.info/nyct/paratran/access_application.pdf,English,AAR
<p>     You may be eligible if you can answer yes to these questions. </p> <ul>     <li>Do you live in NYC?     </li>     <li>Are you between 14 and 24 years old?     </li> </ul>,"<p>     <strong>Visit the website</strong> </p> <p>     Visit the <a href=""http://www1.nyc.gov/site/dycd/services/jobs-internships/summer-youth-employment-program-syep.page"" target=""_blank"">SYEP page</a> on the DYCD website to learn more.<br> </p>",,,English,SYEP
<p>     Students who live in a school district that provides After School or Saturday meals are eligible to receive free meals. </p>,,,,English,
"<p>     To be eligible for APS, you should be able to answer yes to the following questions: </p> <ul>     <li>Are you 18 years or older?     </li>     <li>Do you have a physical and/or mental disability?     </li>     <li>Are you unable to manage your own resources, carry out daily activities, or protect yourself from dangerous situations without help from others?     </li>     <li>Do you have no one else who is able to help you?     </li> </ul>","<p>     <strong>Visit the website</strong> </p> <p>     Visit the <a href=""https://www1.nyc.gov/site/hra/help/adult-protective-services.page"" target=""_blank"">APS website</a> for more information. </p>",,,English,APS
<p>     This program looks at several things to decide if you are eligible. Some of them include: </p> <ul>     <li>how much money you earn     </li>     <li>how much money you receive from benefits     </li>     <li>how many people live in your house     </li>     <li>resources like cash or a checking account     </li>     <li>your citizenship or immigration status     </li> </ul>,"<p>     <strong>Visit the website</strong> </p> <p>     Visit the <a href=""http://www1.nyc.gov/site/hra/help/cash-assistance.page"" target=""_blank"">Cash Assistance website</a> to learn more about this program. </p>","<p>     Download an application form, complete and mail it to a Job Center.<br> </p>",https://access.nyc.gov/wp-content/uploads/2017/03/Cash_Assistance_Applicaion_EN.pdf,English,
"<p>     To be eligible, you should be able to answer yes to these questions: </p> <ul>     <li>Is your child between six weeks and four years old?     </li>     <li>Are you working or attending an approved training or educational program for 20 hours or more per week?     </li>     <li>Is your family already receiving services from either ACS or the NYC Human Resources Administration (HRA)?     </li> </ul> <p>     There are also income guidelines your family must meet to be eligible. With a few questions, we can help you <a href=""http://access.nyc.gov"" target=""_blank"">find out if you may be eligible</a>. </p>","<p>     <strong>Visit the website</strong> </p> <p>     Visit the <a href=""http://www1.nyc.gov/site/acs/early-care/acs-child-care-options.page"" target=""_blank"">EarlyLearn NYC Child Care website</a> for more information.<br> </p>",,https://access.nyc.gov/wp-content/uploads/2017/03/Child-Care-Subsidy-Application_EN.pdf,English,
"<p>     To be eligible for SCHE, you should be able to answer yes to all of these questions: </p> <ul>     <li>Are all owners 65 years of age or older, OR is the property owned by spouse or sibling, who doesn't need to meet this age requirement?     </li>     <li>Is the property your primary residence?     </li>     <li>Is the combined income for all owners less than or equal to $58,399?         <ul>             <li>Income does NOT include SSI or Cash Assistance benefits.             </li>         </ul>     </li> </ul>","<p>     <strong>Visit the website</strong> </p> <p>     Visit the <a href=""http://www1.nyc.gov/site/finance/benefits/landlords-sche.page"" target=""_blank"">SCHE website</a> to learn more. </p>","<ol>     <li>Download the initial exemption application and fill it in.     </li>     <li>You will be asked provide the borough, block, and lot (BBL) for your home. You can <a href=""http://webapps.nyc.gov:8084/CICS/fin1/find001I"" target=""_blank"">use the Property Address Search</a> to determine this.     </li>     <li>Gather your required documents and include them with your application. Your application will not be processed without them.     </li>     <li>Mail your completed application and required documents to:<br>         <strong>New York City Department of Finance</strong><br>         P.O. Box 311<br>         Maplewood, NJ 07040-031     </li>     <li>Applications must be postmarked by March 15 for your benefit to begin on July 1 in the same year.     </li> </ol>",https://access.nyc.gov/wp-content/uploads/2017/12/SCHE-InitialAppl_EN.pdf,English,SCHE
"<p>     To be eligible to apply for a NYC public middle school, your child should be able to answer yes to these questions: </p> <ul>     <li>Are you a NYC resident?     </li>     <li>Are you currently a fifth grade student (or a current sixth grade student at an elementary school that ends in sixth grade)?         <ul>             <li>Current middle school students who want to transfer must visit a <a href=""https://www.schools.nyc.gov/enrollment/enrollment-help/family-welcome-centers"" target=""_blank"">Family Welcome Center</a> to explore your options             </li>         </ul>     </li> </ul>","<p>     <strong>Visit the website</strong> </p> <p>     Visit the <a href=""https://www.schools.nyc.gov/enrollment/enroll-grade-by-grade/middle-school"" target=""_blank"">NYC Department of Education website</a> to learn about Middle School Admissions. </p>",,,English,
"<p>     To be eligible, you should be able to answer yes to these questions:<br> </p> <ul>     <li>Are you a New York State resident?     </li>     <li>Do you meet the following income guidelines?     </li> </ul> <table>     <thead>         <tr>             <th>                 Family size             </th>             <th>                 Income in a year             </th>             <th>                 Income in a month             </th>             <th>                 Income in a week             </th>         </tr>     </thead>     <tbody>         <tr>             <td>                 1             </td>             <td>                 $27,072             </td>             <td>                 $2,257             </td>             <td>                 $521<br>             </td>         </tr>         <tr>             <td>                 2             </td>             <td>                 $36,706             </td>             <td>                 $3,059             </td>             <td>                 $706<br>             </td>         </tr>         <tr>             <td>                 3             </td>             <td>                 $46,339             </td>             <td>                 $3,862             </td>             <td>                 $891<br>             </td>         </tr>         <tr>             <td>                 4             </td>             <td>                 $55,973             </td>             <td>                 $4,665<br>             </td>             <td>                 $1,077<br>             </td>         </tr>         <tr>             <td>                 5             </td>             <td>                 $65,607             </td>             <td>                 $5,468             </td>             <td>                 $1,262<br>             </td>         </tr>         <tr>             <td>                 6             </td>             <td>                 $75,240             </td>             <td>                 $6,271<br>             </td>             <td>                 $1,447<br>             </td>         </tr>         <tr>             <td>                 7             </td>             <td>                 $84,874             </td>             <td>                 $7,073             </td>             <td>                 $1,632<br>             </td>         </tr>         <tr>             <td>                 8             </td>             <td>                 $94,507             </td>             <td>                 $7,876             </td>             <td>                 $1,818             </td>         </tr>         <tr>             <td>                 For each additional person, add:             </td>             <td>                 $9,634             </td>             <td>                 $803             </td>             <td>                 $185             </td>         </tr>     </tbody> </table>","<p>     <strong>Visit the website</strong> </p> <p>     Visit the <a href=""http://www.health.state.ny.us/nysdoh/perinatal/en/pcap.htm"" target=""_blank"">New York State Department of Health</a>. </p>",,,English,
"<p>     To be eligible for Child and Dependent Care Tax Credit you should be able to answer yes to these questions: </p> <ul>     <li>Do you pay someone or an organization to care of your dependent to allow you (and your spouse, if filing a joint return) to work or to look for work?     </li>     <li>Do you (and your spouse if you file taxes jointly) earn income from wages, salaries, tips, other taxable employee money, or earnings from self-employment?     </li>     <li>Is your tax filing status single, married filing jointly, head of household or qualifying widow(er) with a dependent child?     </li>     <li>If you are married, do both you and your spouse work outside of the home, or do one of you work outside of the home while the other is a full-time student, has a disability, or is looking for work?     </li> </ul>","<p>     <strong>Visit the website</strong> </p> <p>     Visit the <a href=""http://www1.nyc.gov/site/dca/consumers/get-tax-credit-information.page"" target=""_blank"">NYC Department of Consumer Affairs website</a> for more information. </p>",,,English,
<p>     Youth ages 14 - 21 years old are eligible to apply for Youth Leadership Councils. </p>,"<p>     <strong>Visit the website</strong> </p> <p>     Visit the <a href=""https://www.nycservice.org/pages/pages/74"" target=""_blank""><u>Youth Leadership Council website</u></a> for more information. </p>",,,English,YLC
"<p>     Clinic treatment is available for: </p> <ul>     <li>Children from birth to age 18 (not all clinics accept children under 5 years old)     </li>     <li>Children with emotional, behavioral, or mental health challenges     </li> </ul>Day treatment programs are available for:<br> <br> <ul>     <li>Children between the ages of 3 and 18 (there are two programs in NYC for children ages 3 - 5)     </li>     <li>Children with mental health disorders that get in the way of school or social function     </li>     <li>Children who have difficulties in a regular classroom     </li> </ul>",,,,English,
"<p>     In order to be eligible for services, youth must be in foster care and have a diagnosis that requires a high level of care. </p> <ul>     <li>Youth leaving ACS care or in adoption who still meet the eligibility criteria can continue in the community-based setting until age 21.     </li>     <li>To participate, youth must be eligible for Medicaid.     </li> </ul>",,,,English,B2H
<p>     LYFE is available for NYC Department of Education students with children between the ages of 6 weeks and 4 years who are not eligible for Pre-K for All. </p>,,,,English,LYFE
"<p>     To be eligible, you should be able to answer yes to these questions: </p> <ul>     <li>Do you live in New York State?     </li>     <li>Are you a US citizen, national, Native American, or have <a href=""https://www.health.ny.gov/health_care/medicaid/reference/mrg/june2010/page454-454-1.pdf"" target=""_blank"">satisfactory immigration status</a>?     </li>     <li>Do you have insurance (or no insurance) other than Medicaid?         <ul>             <li>If you have Medicaid, confidential family planning is already included in your coverage             </li>         </ul>     </li>     <li>Is your income equal to or less than program income requirements?     </li> </ul> <table>     <thead>         <tr>             <th>                 Family size             </th>             <th>                 Income in a year             </th>             <th>                 Income in a month             </th>             <th>                 Income in a week             </th>         </tr>     </thead>     <tbody>         <tr>             <td>                 1             </td>             <td>                 $27,072             </td>             <td>                 $2,257             </td>             <td>                 $521<br>             </td>         </tr>         <tr>             <td>                 2             </td>             <td>                 $36,706             </td>             <td>                 $3,059             </td>             <td>                 $706<br>             </td>         </tr>         <tr>             <td>                 3             </td>             <td>                 $46,339             </td>             <td>                 $3,862             </td>             <td>                 $891<br>             </td>         </tr>         <tr>             <td>                 4             </td>             <td>                 $55,973             </td>             <td>                 $4,665<br>             </td>             <td>                 $1,077<br>             </td>         </tr>         <tr>             <td>                 5             </td>             <td>                 $65,607             </td>             <td>                 $5,468             </td>             <td>                 $1,262<br>             </td>         </tr>         <tr>             <td>                 6             </td>             <td>                 $75,240             </td>             <td>                 $6,271<br>             </td>             <td>                 $1,447<br>             </td>         </tr>         <tr>             <td>                 7             </td>             <td>                 $84,874             </td>             <td>                 $7,073             </td>             <td>                 $1,632<br>             </td>         </tr>         <tr>             <td>                 8             </td>             <td>                 $94,507             </td>             <td>                 $7,876             </td>             <td>                 $1,818             </td>         </tr>         <tr>             <td>                 For each additional person, add:             </td>             <td>                 $9,634             </td>             <td>                 $803             </td>             <td>                 $185             </td>         </tr>     </tbody> </table>","<p>     <strong>Visit the website</strong> </p> <p>     Visit the <a href=""https://www.health.ny.gov/health_care/medicaid/program/longterm/familyplanbenprog.htm"" target=""_blank"">FPBP website</a> to learn more about this program. </p>",,https://access.nyc.gov/wp-content/uploads/2017/03/FPBP_applicationinstructions_EN.pdf,English,FPBP
<p>     All NYC children who were born in 2014 are eligible for Kindergarten and are guaranteed placement. </p>,"<p>     <strong>Visit the website</strong> </p> <p>     Visit the <a href=""https://www.schools.nyc.gov/enrollment/enroll-grade-by-grade/kindergarten"" target=""_blank"">NYC Department of Education</a> website to learn more about the Kindergarten application process. </p>",,,English,
"<ul>     <li>Any woman \u2013 regardless of immigration status \u2013 who delivers her baby in certain hospitals in the South Bronx, North & Central Brooklyn, and Harlem can participate.     </li>     <li>Others may be eligible too. Call <a href=""tel:311"">311</a> to find out.     </li> </ul>","<p>     <strong>Visit the website</strong> </p> <p>     Visit the <a href=""https://www1.nyc.gov/site/doh/health/health-topics/pregnancy-newborn-visiting.page"" target=""_blank"">Newborn Home Visiting Program website</a> for more information. </p>",,,English,NHVP
"<p>     All NYC students, in 6th, 7th, and 8th grade, are eligible to enroll in SONYC programs. </p>","<p>     <strong>Visit the websites</strong> </p> <p>     Visit the <a href=""https://www1.nyc.gov/site/dycd/services/after-school/schools-out-new-york-city-sonyc.page"" target=""_blank"">SONYC website</a> to learn more. </p>",,,English,SONYC
"<p>     To be eligible for HASA, you must have been diagnosed with HIV or with AIDS, as defined by the <a href=""https://www.cdc.gov/mmwr/preview/mmwrhtml/rr5710a2.htm"" target=""_blank"">Centers for Disease Control and Prevention (CDC)</a>. </p>","<p>     <strong>Visit the website</strong> </p> <p>     Visit the <a href=""http://www1.nyc.gov/site/hra/help/hiv-aids-services.page"" target=""_blank"">HASA website</a> to learn more about available services.<br> </p>",,,English,HASA
"<p>     To be eligible for SCRIE, you should be able to answer yes to all of these questions: </p> <ul>     <li>Are you 62 or older?     </li>     <li>Is your name on the lease?     </li>     <li>Is your combined household income $50,000 or less in a year?     </li>     <li>Do you spend more than one-third of your monthly income on rent?     </li>     <li>Do you live in NYC in one of these types of housing?         <ul>             <li>a rent stabilized apartment             </li>             <li>a rent controlled apartment             </li>             <li>a rent regulated hotel or single room occupancy unit             </li>             <li>a Mitchell-Lama development             </li>             <li>a Limited Dividend Housing Company development             </li>             <li>a Redevelopment Company development             </li>             <li>a Housing Development Fund Company development             </li>         </ul>     </li> </ul>","<p>     <strong>Visit the website</strong><br> </p> <p>     Visit the <a href=""http://nyc.gov/rentfreeze"" target=""_blank"">SCRIE website</a> to learn more about this program. </p>","<ol>     <li>Download <a href=""https://access.nyc.gov/wp-content/uploads/2017/03/SCRIE_Application_Packet_EN.pdf"" target=""_blank"">the application</a> and fill it out. You can also pick one up from the SCRIE Walk-In Center or call <a href=""tel:311"">311</a> to request an application be mailed to you.<br>         <ol>             <li>If you download, there will be two applications in the file. You only need to fill out the application for the type of housing you live in. The application for people who live in Mitchell-Lama or Redevelopment Company development housing will be the pages in the front and the application for all other qualified housing will be second.             </li>             <li>If you pick up an application from a Walk-In Center or call <a href=""tel:311"">311</a> to request one, be sure to say what type of housing you live in so you can receive the right application.<br>                 <br>             </li>         </ol>     </li>     <li>People who live in Mitchell-Lama or Redevelopment Company development should mail their application and documents to:<br>         <strong>NYC Department of Housing and Development<br>         Division of Housing Supervision, SCRIE Unit</strong><br>         100 Gold Street, 7th floor<br>         New York, NY 10038<br>         <br>     </li>     <li>People who live in other types of qualified housing should mail their application and documents to:<br>         <strong>NYC Department of Finance, SCRIE Unit</strong><br>         59 Maiden Lane, 22nd Floor<br>         New York, NY 10038     </li> </ol>",https://access.nyc.gov/wp-content/uploads/2017/03/SCRIE_Application_Packet_EN.pdf,English,SCRIE
<p>     All NYC families who care for a student with disabilities are eligible to receive services at no cost. Trainings are open to everyone. </p>,"<p>     <strong>Visit the website</strong> </p> <p>     Visit the <a href=""http://www.p12.nysed.gov/specialed/techassist/parentcenters.htm"" target=""_blank"">NY State Parent Center website</a> for more information and services. </p>",,,English,
"<ul>     <li>All NYC youth are eligible for health care regardless of immigration status or whether they can pay     </li>     <li>Youth twelve and older can get private sexual and reproductive services without the consent of a parent or guardian.     </li>     <li>For primary care services, youth will need to bring a parent or guardian for the first visit. They can get a form signed so they can come by themselves for future visits.     </li> </ul>","<p>     <strong>Visit the website</strong><br>     <br>     Visit the <a href=""http://www.nychealthandhospitals.org/services/child-health-pediatrics-services/"" target=""_blank""><u>NYC Health + Hospital child health website</u></a> for more information. </p>",,,English,
"<p>     You might be eligible for CUNY Start if you can answer yes to these questions: </p> <ul>     <li>Have you earned a high school or high school equivalency diploma?     </li>     <li>Have you been admitted to <a href=""http://www2.cuny.edu/academics/academic-programs/model-programs/cuny-college-transition-programs/cuny-start/campus-info/"" target=""_blank"">CUNY</a>?     </li>     <li>Have you received results on the <a href=""http://www.cuny.edu/academics/testing.html"" target=""_blank"">CUNY Assessment Test</a> showing you need more help in reading, writing, or math?     </li>     <li>Are you a first-time freshman or an enrolled student with limited credits?     </li> </ul> <p>     <em>Specific colleges may have other eligibility criteria. Contact the <a href=""http://www2.cuny.edu/academics/academic-programs/model-programs/cuny-college-transition-programs/cuny-start/campus-info/"" target=""_blank"">CUNY Start program at your campus</a> for more information.</em> </p>","<p>     <strong>Visit the website</strong> </p> <p>     Get more information on the <a href=""http://www2.cuny.edu/academics/academic-programs/model-programs/cuny-college-transition-programs/cuny-start/about-cuny-start/"" target=""_blank"">CUNY Start website</a>.<br> </p>",,,English,
"<p>     To be eligible for Train & Earn, you should be able to answer 'yes' to these questions: </p> <ul>     <li>Are you a resident of NYC?     </li>     <li>Are you 16 \u2013 24 years old?     </li>     <li>Are you <strong>not</strong> attending school and <strong>not</strong> working?     </li>     <li>Do you meet <strong>one</strong> of these requirements:         <ul>             <li>You are a homeless or runaway youth             </li>             <li>You are a foster care youth or have aged out of foster care system             </li>             <li>You are in involved in the justice system             </li>             <li>You are a youth with a disability             </li>             <li>You are pregnant or a parent             </li>             <li>You are low-income and need additional help to enter or complete an education program or to get or hold a job             </li>         </ul>     </li> </ul> <p>     If you have additional questions about eligibility, call DYCD Youth Connect at <a href=""tel:800-246-4646"">800-246-4646</a>. </p>","<p>     <strong>Visit the website</strong> </p> <p>     Visit the <a href=""https://www1.nyc.gov/site/dycd/services/jobs-internships/out-of-school-youth-osy-program.page"" target=""_blank"">DYCD website</a> for more information. </p>",,,English,
"<ul>     <li>Be at least 18 years old     </li>     <li>Be a permanent resident (have a \u201cGreen Card\u201d) for at least 5 years, or 3 years if married to a U.S. citizen     </li>     <li>Other eligibility is determined by immigration attorney     </li> </ul>","<p>     <strong>Visit the website</strong> </p> <p>     Visit the <a href=""http://www.nyc.gov/nycitizenship"" target=""_blank"">NYCitizenship</a> website for more information. </p>",,,English,
"<p>     To be eligible to apply for a NYC public high school, you should be able to answer yes to these questions: </p> <ul>     <li>Are you a NYC resident?     </li>     <li>Are you currently an eighth grade student or a first-time ninth grade student?     </li> </ul>","<p>     <strong>Visit the website</strong> </p> <p>     Visit the <a href=""http://schools.nyc.gov/ChoicesEnrollment/High/default.htm"" target=""_blank"">Department of Education website</a> to learn about High School Admissions. </p>",,,English,
"<p>     Eligible children must: </p> <ul>     <li>Be 21 years old or younger, have health conditions, and need extra health care and assistance     </li>     <li>Live in NYC     </li>     <li>Have been diagnosed with or be suspected to have a serious or chronic health condition, physical disability, or developmental or emotional/behavioral condition     </li> </ul>",,,,English,CSHCN
"<ul>     <li>Be at least 18 years old     </li>     <li>Be a permanent resident (have a \u201cGreen Card\u201d) for at least 5 years, or 3 years if married to a U.S. citizen     </li>     <li>Other eligibility is determined by immigration attorney     </li> </ul>","<p>     <strong>Visit the website</strong> </p> <p>     Visit the <a href=""http://www.nyc.gov/nycitizenship"" target=""_blank"">NYCitizenship</a> website for more information. </p>",,,English,
"<p>     To be eligible for CUNY Fatherhood Academy, you should be able to answer yes to these questions. </p> <p>     <strong>For the high school equivalency and college prep track</strong>:<br> </p> <ul>     <li>Do you live in NYC?     </li>     <li>Are you a father or expecting father?     </li> </ul> <p>     <strong>For the high school equivalency track only</strong>: </p> <ul>     <li>Are you between the ages of 18 and 30 years old?     </li>     <li>Can you commit to a 16 week program for 3 days a week?     </li> </ul> <p>     <strong>For the college prep track only</strong>: </p> <ul>     <li>Are you between the ages of 18 and 30 years old?     </li>     <li>Do you have a high school diploma, HSE diploma, or GED?     </li>     <li>Do you have less than 12 college credits?     </li>     <li>Are you currently <strong>not</strong> enrolled in college?     </li> </ul>","<p>     <strong>Visit the website</strong> </p> <p>     Visit the <a href=""http://www2.cuny.edu/academics/academic-programs/model-programs/cuny-fatherhood-academy/#1450206886076-12e63e87-cd35"" target=""_blank""><u>CUNY Fatherhood Academy website</u></a> to learn more about the program. </p>",,,English,CFA
<p>     All NYC children who were born in 2014 are eligible for Kindergarten and are guaranteed placement. </p>,"<p>     <strong>Visit the website</strong> </p> <p>     Visit the <a href=""https://www.schools.nyc.gov/enrollment/enroll-grade-by-grade/kindergarten"" target=""_blank"">NYC Department of Education</a> website to learn more about the Kindergarten application process. </p>",,,English,
"<p>     To be eligible for child support services, you should be able to answer \u201cyes\u201d to these questions: </p> <ul>     <li>Are you a parent or legal guardian of a child under the age of 21?     </li>     <li>Are you primarily responsible for the child\u2019s day-to-day life?     </li> </ul>","<p>     <strong>Visit the website</strong> </p> <p>     Visit the <a href=""https://www1.nyc.gov/site/hra/help/child-support-services.page"" target=""_blank"">Child Support Enforcement website</a> to learn more about available services. </p>",,https://access.nyc.gov/wp-content/uploads/2018/08/Child_Support_Enforcement_Form_EN.pdf,English,OCSS
<p>     Eligibility for the Section 8/HCV programs are primarily based on how much your family earns and family size. </p>,"<p>     <strong>Visit the website</strong> </p> <p>     Visit the <a href=""http://www1.nyc.gov/site/nycha/section-8/about-section-8.page"" target=""_blank"">NYCHA</a> website to learn more about each program. </p>",,,English,HCV
<p>     Youth ages 14 - 21 years old are eligible to apply for Youth Leadership Councils. </p>,"<p>     <strong>Visit the website</strong> </p> <p>     Visit the <a href=""https://www.nycservice.org/pages/pages/74"" target=""_blank""><u>Youth Leadership Council website</u></a> for more information. </p>",,,English,YLC
<p>     All NYC families with children between one year and three years nine months are eligible for NYCELL. </p>,"<p>     <strong>Visit the website</strong><br>     <br>     Visit the <a href=""http://schools.nyc.gov/Academics/EarlyChildhood/parentfamilies/NYCELL.htm"" target=""_blank""><u>NYCELL website</u></a> for more information. </p>",,,English,NYCELL
"<ul>     <li>All NYC youth are eligible for health care regardless of immigration status or whether they can pay     </li>     <li>Youth twelve and older can get private sexual and reproductive services without the consent of a parent or guardian.     </li>     <li>For primary care services, youth will need to bring a parent or guardian for the first visit. They can get a form signed so they can come by themselves for future visits.     </li> </ul>","<p>     <strong>Visit the website</strong><br>     <br>     Visit the <a href=""http://www.nychealthandhospitals.org/services/child-health-pediatrics-services/"" target=""_blank""><u>NYC Health + Hospital child health website</u></a> for more information. </p>",,,English,
"<p>     Home care programs have different eligibility requirements, but they all require that you must be eligible for Medicaid. </p>","<p>     <strong>Visit the website</strong> </p> <p>     Visit the <a href=""http://www1.nyc.gov/site/hra/help/long-term-care.page"" target=""_blank"">Home Care website</a> to find out more about the different home care options.<br> </p>",,,English,HCSP
<p>     All NYC children who were born in 2014 are eligible for Kindergarten and are guaranteed placement. </p>,"<p>     <strong>Visit the website</strong> </p> <p>     Visit the <a href=""https://www.schools.nyc.gov/enrollment/enroll-grade-by-grade/kindergarten"" target=""_blank"">NYC Department of Education</a> website to learn more about the Kindergarten application process. </p>",,,English,
"<p>     You might be eligible for CUNY Start if you can answer yes to these questions: </p> <ul>     <li>Have you earned a high school or high school equivalency diploma?     </li>     <li>Have you been admitted to <a href=""http://www2.cuny.edu/academics/academic-programs/model-programs/cuny-college-transition-programs/cuny-start/campus-info/"" target=""_blank"">CUNY</a>?     </li>     <li>Have you received results on the <a href=""http://www.cuny.edu/academics/testing.html"" target=""_blank"">CUNY Assessment Test</a> showing you need more help in reading, writing, or math?     </li>     <li>Are you a first-time freshman or an enrolled student with limited credits?     </li> </ul> <p>     <em>Specific colleges may have other eligibility criteria. Contact the <a href=""http://www2.cuny.edu/academics/academic-programs/model-programs/cuny-college-transition-programs/cuny-start/campus-info/"" target=""_blank"">CUNY Start program at your campus</a> for more information.</em> </p>","<p>     <strong>Visit the website</strong> </p> <p>     Get more information on the <a href=""http://www2.cuny.edu/academics/academic-programs/model-programs/cuny-college-transition-programs/cuny-start/about-cuny-start/"" target=""_blank"">CUNY Start website</a>.<br> </p>",,,English,
"<p>     All NYC students, in kindergarten to 12th grade, are eligible to enroll in COMPASS programs. </p>","<p>     <strong>Visit the websites</strong> </p> <p>     Visit the <a href=""http://www1.nyc.gov/site/dycd/services/after-school/comprehensive-after-school-system-of-new-york-city-compass.page"" target=""_blank"">COMPASS website</a> to learn more.<br> </p> <p>     Visit the <a href=""http://www.dycdportal.nyc/discoverdycd/home"" target=""_blank"">Discover DYCD website</a> to learn about all of the programs COMPASS NYC offers.<br> </p>",,,English,COMPASS NYC
<p>     All New Yorkers are eligible to speak with a counselor and use NYC Well services. </p>,"<p>     <strong>Visit the website</strong> </p> <p>     Visit the <a href=""https://nycwell.cityofnewyork.us/en/"" target=""_blank"">NYC Well website</a> for more information on available mental health service. </p>",,,English,
"<p>     All NYC youth, regardless of ability to pay, immigration status, or sexual orientation, disability, sexual orientation, or gender identity are eligible for care at YouthHealth clinics. </p>",,,,English,
"<ul>     <li>Youth ages 6 - 17 who are enrolled in school can participate     </li>     <li>Beacon also offers <a href=""https://www1.nyc.gov/site/dycd/services/after-school/beacon-adult-programs.page"" target=""_blank"">adult programs</a>     </li> </ul>","<p>     <strong>Visit the website</strong> </p> <p>     Visit the <a href=""http://www1.nyc.gov/site/dycd/services/after-school/beacon-youth-programs.page"" target=""_blank"">Beacon program website</a> for more information. </p>",,,English,
"<p>     Clinic treatment is available for: </p> <ul>     <li>Children from birth to age 18 (not all clinics accept children under 5 years old)     </li>     <li>Children with emotional, behavioral, or mental health challenges     </li> </ul>Day treatment programs are available for:<br> <br> <ul>     <li>Children between the ages of 3 and 18 (there are two programs in NYC for children ages 3 - 5)     </li>     <li>Children with mental health disorders that get in the way of school or social function     </li>     <li>Children who have difficulties in a regular classroom     </li> </ul>",,,,English,
"<ul>     <li>To find out if you're eligible for a free crib, call <a href=""tel:311"">311</a> and ask about Safe Sleep.     </li>     <li>ACS-involved families can ask their caseworker to see if they are eligible for a free crib.     </li> </ul>","<p>     <strong>Visit the Website</strong> </p> <p>     Visit the <a href=""http://www1.nyc.gov/site/doh/health/health-topics/pregnancy-sleep-safety.page"" target=""_blank"">Safe Sleep website</a> to learn more. </p>",,,English,
"<p>     All New Yorkers can get help at an NYC Health + Hospitals facility, regardless of your ability to pay or immigration status. </p>","<p>     <strong>NYC Health + Hospitals</strong> </p> <p>     <a href=""mailto:lgbtq.org""><u>Email NYC Health + Hospitals</u></a> for more information on LGBTQ health care services. </p>",,,English,
"<p>     All NYC youth, regardless of ability to pay, immigration status, or sexual orientation, disability, sexual orientation, or gender identity are eligible for care at YouthHealth clinics. </p>",,,,English,
"<p>     To be eligible for SCHE, you should be able to answer yes to all of these questions: </p> <ul>     <li>Are all owners 65 years of age or older, OR is the property owned by spouse or sibling, who doesn't need to meet this age requirement?     </li>     <li>Is the property your primary residence?     </li>     <li>Is the combined income for all owners less than or equal to $58,399?         <ul>             <li>Income does NOT include SSI or Cash Assistance benefits.             </li>         </ul>     </li> </ul>","<p>     <strong>Visit the website</strong> </p> <p>     Visit the <a href=""http://www1.nyc.gov/site/finance/benefits/landlords-sche.page"" target=""_blank"">SCHE website</a> to learn more. </p>","<ol>     <li>Download the initial exemption application and fill it in.     </li>     <li>You will be asked provide the borough, block, and lot (BBL) for your home. You can <a href=""http://webapps.nyc.gov:8084/CICS/fin1/find001I"" target=""_blank"">use the Property Address Search</a> to determine this.     </li>     <li>Gather your required documents and include them with your application. Your application will not be processed without them.     </li>     <li>Mail your completed application and required documents to:<br>         <strong>New York City Department of Finance</strong><br>         P.O. Box 311<br>         Maplewood, NJ 07040-031     </li>     <li>Applications must be postmarked by March 15 for your benefit to begin on July 1 in the same year.     </li> </ol>",https://access.nyc.gov/wp-content/uploads/2017/12/SCHE-InitialAppl_EN.pdf,English,SCHE
<p>     Jobs Plus is open to all NYCA residents old enough to work. </p>,"<p>     <strong>Visit the website</strong> </p> <p>     Visit the <a href=""http://opportunitynycha.org/workforce-development/jobs-plus/"" target=""_blank"">Jobs Plus website</a> to learn more about the program. </p>",,,English,
"<p>     To be eligible, you should be able to answer yes to these questions: </p> <ul>     <li>Is your child between six weeks and four years old?     </li>     <li>Are you working or attending an approved training or educational program for 20 hours or more per week?     </li>     <li>Is your family already receiving services from either ACS or the NYC Human Resources Administration (HRA)?     </li> </ul> <p>     There are also income guidelines your family must meet to be eligible. With a few questions, we can help you <a href=""http://access.nyc.gov"" target=""_blank"">find out if you may be eligible</a>. </p>","<p>     <strong>Visit the website</strong> </p> <p>     Visit the <a href=""http://www1.nyc.gov/site/acs/early-care/acs-child-care-options.page"" target=""_blank"">EarlyLearn NYC Child Care website</a> for more information.<br> </p>",,https://access.nyc.gov/wp-content/uploads/2017/03/Child-Care-Subsidy-Application_EN.pdf,English,
"<p>     Eligible children must: </p> <ul>     <li>Be 21 years old or younger, have health conditions, and need extra health care and assistance     </li>     <li>Live in NYC     </li>     <li>Have been diagnosed with or be suspected to have a serious or chronic health condition, physical disability, or developmental or emotional/behavioral condition     </li> </ul>",,,,English,CSHCN
"<p>     All NYC children, 18 and under, can get free meals in the summer. </p>","<p>     <strong>Visit the website</strong> </p> <p>     Visit the <a href=""http://www.schoolfoodnyc.org/"" target=""_blank"">SchoolFood website</a> to find out more.<br> </p>",,,English,
,"<p>     <strong>Visit the website</strong> </p> <p>     Visit the <a href=""http://www.schoolfoodnyc.org/EatAtSchool/nutritionstandards.htm"" target=""_blank"">SchoolFood website</a> to learn more.<br> </p>",,,English,
"<p>     You may be eligible if you can answer yes to these questions: </p> <ul>     <li>Are you between 16 - 21 years old?     </li>     <li>Are you a NYC high school junior or senior?     </li>     <li>Do you meet <strong>one</strong> of these requirements?         <ul>             <li>Do you receive cash assistance or SNAP, or are you a member of a household that receives cash assistance or SNAP?             </li>             <li>Are you homeless?             </li>             <li>Are you a foster care youth?             </li>             <li>If you do not meet one of these requirements, ISY will look at your income to see if you are eligible. You can use <a href=""http://access.nyc.gov"" target=""_blank"">ACCESS NYC</a> to screen and see if you may qualify.             </li>         </ul>     </li> </ul>","<p>     <strong>Visit the websites</strong> </p> <p>     Visit the <a href=""https://www1.nyc.gov/site/dycd/services/after-school/in-school-youth-isy.page"" target=""_blank"">Learn & Earn page</a> on DYCD's website to learn more.<br> </p> <p>     Visit the <a href=""http://www.dycdportal.nyc/discoverdycd/home"" target=""_blank"">Discover DYCD website</a> to learn about all the programs In-School Youth offers. </p>",,,English,
"<p>     To be eligible for DRIE, you should be able to answer ""Yes"" to all of these questions: </p> <ul>     <li>Are you 18 years old or older?     </li>     <li>Is your name on the lease?     </li>     <li>Is your combined household income $50,000 or less in a year?     </li>     <li>Do you spend more than one-third of your monthly income on rent?     </li>     <li>Did you have income from the following benefits?         <ul>             <li>Supplemental Security Income (SSI)             </li>             <li>Federal Social Security Disability Insurance (SSDI)             </li>             <li>U.S. Department of Veterans Affairs (VA) disability pension or compensation             </li>             <li>Disability-related Medicaid if you have received either SSI or SSDI in the past             </li>         </ul>     </li>     <li>Do you live in NYC in one of these types of housing?         <ul>             <li>a rent stabilized apartment             </li>             <li>a rent controlled apartment             </li>             <li>a Mitchell-Lama development             </li>             <li>a Limited Dividend development             </li>             <li>a redevelopment company development             </li>             <li>a Housing Development Fund Company (HDFC) Cooperative development             </li>             <li>a Section 213 Cooperative unit             </li>             <li>a rent regulated hotel or single room occupancy unit             </li>         </ul>     </li> </ul>","<p>     <strong>Visit the website</strong><br> </p> <p>     Visit <a href=""http://www1.nyc.gov/site/rentfreeze/index.page"" target=""_blank"">DRIE website</a> to learn more about this program. </p>","<ol>     <li>Print a <a href=""https://access.nyc.gov/wp-content/uploads/2017/03/DRIE_Application_Packet_EN.pdf"" target=""_blank"">paper application</a>, pick one up from DRIE Walk-In Center: 66 John St, 3rd Flr New York, NY, 10038 (Monday - Friday 8:30 a.m. - 4:30 p.m.), or call <a href=""tel:311"">311</a> to request a paper application form mailed to you.<br>     </li>     <li>Mail the application to:<br>         <strong>New York City Department of Finance, DRIE Unit</strong><br>         59 Maiden Ln, 22nd Floor<br>         New York, NY, 10038     </li> </ol> <p>     Applications forms are available in Chinese, Haitian Creole, Korean, Russian, and Spanish. Forms in Bengali are available from the center or <a href=""tel:311"">311</a>. </p>",https://access.nyc.gov/wp-content/uploads/2017/03/DRIE_Application_Packet_EN.pdf,English,DRIE
"<ul>     <li>Children under 19 years old     </li>     <li>Must be residents of New York State     </li>     <li>Eligibility depends on family income         <ul>             <li>Check the <a href=""https://www.health.ny.gov/health_care/child_health_plus/eligibility_and_cost.htm"">income charts</a> to see whether your child is likely to qualify             </li>         </ul>     </li> </ul>",,,,English,CHP
"<p>     Parents or caregivers of a child 0 to 24 years old who is at risk of or currently experiences emotional, behavioral or mental health challenges. </p>",,,,English,FRC
"<p>     To be eligible for SCHE, you should be able to answer yes to all of these questions: </p> <ul>     <li>Are all owners 65 years of age or older, OR is the property owned by spouse or sibling, who doesn't need to meet this age requirement?     </li>     <li>Is the property your primary residence?     </li>     <li>Is the combined income for all owners less than or equal to $58,399?         <ul>             <li>Income does NOT include SSI or Cash Assistance benefits.             </li>         </ul>     </li> </ul>","<p>     <strong>Visit the website</strong> </p> <p>     Visit the <a href=""http://www1.nyc.gov/site/finance/benefits/landlords-sche.page"" target=""_blank"">SCHE website</a> to learn more. </p>","<ol>     <li>Download the initial exemption application and fill it in.     </li>     <li>You will be asked provide the borough, block, and lot (BBL) for your home. You can <a href=""http://webapps.nyc.gov:8084/CICS/fin1/find001I"" target=""_blank"">use the Property Address Search</a> to determine this.     </li>     <li>Gather your required documents and include them with your application. Your application will not be processed without them.     </li>     <li>Mail your completed application and required documents to:<br>         <strong>New York City Department of Finance</strong><br>         P.O. Box 311<br>         Maplewood, NJ 07040-031     </li>     <li>Applications must be postmarked by March 15 for your benefit to begin on July 1 in the same year.     </li> </ol>",https://access.nyc.gov/wp-content/uploads/2017/12/SCHE-InitialAppl_EN.pdf,English,SCHE
<ul>     <li>Children up to 18 years old and their families who are struggling to relate to one another can get help     </li>     <li>Any family can get help from FAP; you do NOT need to have an open ACS case     </li> </ul>,,,,English,FAP
"<p>     Anyone who lives in NYCHA housing is eligible for REES. But, the services that REES connects you to have different eligibility rules. The eligibility for each program is on the <a href=""http://opportunitynycha.org/programs-near-me/"" target=""_blank"">Opportunity NYCHA site</a>. </p>","<p>     <strong>Visit the website</strong> </p> <p>     Visit the <a href=""http://opportunitynycha.org/"" target=""_blank"">Opportunity NYCHA website</a> to learn more about REES services. </p>",,https://access.nyc.gov/wp-content/uploads/2017/03/REES_Form_EN.pdf,English,REES
"<p>     To be eligible for public housing, you should be able to answer yes to these questions. </p> <ul>     <li>Is at least one person in your household a US citizen? If not, does at least one person have legal immigration status (e.g. permanent resident, refugee, or asylum status)?     </li>     <li>Are you 18 years old or older, or are an emancipated minor?     </li>     <li>If you are applying with someone (a spouse or domestic partner), are they 18 years or older, or are an emancipated minor?     </li>     <li>If you are applying for senior public housing, are you and everyone else who will live with you 62 years old or older?     </li>     <li>Do you meet NYCHA's definition of family, which includes:         <ul>             <li>two or more people related by blood, marriage, domestic partnership, adoption, guardianship, or court-awarded custody?             </li>             <li>a single person?             </li>         </ul>     </li>     <li>Is your family's income at or below the income limits?     </li> </ul> <table>     <thead>         <tr>             <th>                 Family size             </th>             <th>                 Income in a year             </th>             <th>                 Income in a month             </th>             <th>                 Income in a week             </th>         </tr>     </thead>     <tbody>         <tr>             <td>                 1             </td>             <td>                 $58,450             </td>             <td>                 $4,870             </td>             <td>                 $1,124<br>             </td>         </tr>         <tr>             <td>                 2             </td>             <td>                 $66,800             </td>             <td>                 $5,566             </td>             <td>                 $1,284<br>             </td>         </tr>         <tr>             <td>                 3             </td>             <td>                 $75,150             </td>             <td>                 $6,262             </td>             <td>                 $1,445<br>             </td>         </tr>         <tr>             <td>                 4             </td>             <td>                 $83,450             </td>             <td>                 $6,954<br>             </td>             <td>                 $1,604<br>             </td>         </tr>         <tr>             <td>                 5             </td>             <td>                 $90,150             </td>             <td>                 $7,512             </td>             <td>                 $1,733<br>             </td>         </tr>         <tr>             <td>                 6             </td>             <td>                 $96,850             </td>             <td>                 $8,070<br>             </td>             <td>                 $1,862<br>             </td>         </tr>         <tr>             <td>                 7             </td>             <td>                 $103,500             </td>             <td>                 $8,625             </td>             <td>                 $1,990<br>             </td>         </tr>         <tr>             <td>                 8             </td>             <td>                 $110,200             </td>             <td>                 $9,183             </td>             <td>                 $2,119<br>                 <br>             </td>         </tr>     </tbody> </table>","<p>     <strong>Visit the website</strong> </p> <p>     Visit the <a href=""http://www1.nyc.gov/site/nycha/index.page"" target=""_blank"">NYCHA website</a> for more information. </p>","<p>     Applicants are encouraged to apply online, however, paper applications are made available by mail as a reasonable accommodation. Applicants may call <a href=""tel:718-707-7771"">718-707-7771</a> to request paper application. </p>",,English,
"<p>     You may be eligible for Access-A-Ride if you have a disability that prevents you from using accessible buses or subways for some or all of your trips. At your in-person assessment, you will be asked to show whether you can: </p> <ul>     <li>go up or down subway stairs,     </li>     <li>travel to a subway or bus station,     </li>     <li>get on, ride, and exit a subway or bus,     </li>     <li>and ride or navigate the bus or subway system on your own.     </li> </ul> <p>     This will help us decide if you are eligible for partial or full Access-A-Ride services. Please be sure to provide, in writing, how your disability prevents you from using accessible buses or subways and what other conditions prevent you from walking to and waiting for bus or the subway (sidewalk in poor condition, hilly area, no bus shelter with seats, etc). </p>","<p>     <strong>Visit the website</strong> </p> <p>     Visit the <a href=""http://web.mta.info/nyct/paratran/guide.htm#aarmetrocard"" target=""_blank"">Access-A-Ride website</a> for more information.<br> </p>",,http://web.mta.info/nyct/paratran/access_application.pdf,English,AAR
<p>     You may be eligible if you can answer yes to these questions. </p> <ul>     <li>Do you live in NYC?     </li>     <li>Are you between 14 and 24 years old?     </li> </ul>,"<p>     <strong>Visit the website</strong> </p> <p>     Visit the <a href=""http://www1.nyc.gov/site/dycd/services/jobs-internships/summer-youth-employment-program-syep.page"" target=""_blank"">SYEP page</a> on the DYCD website to learn more.<br> </p>",,,English,SYEP
"<p>     All New Yorkers can get help at an NYC Health + Hospitals facility, regardless of your ability to pay or immigration status. </p>","<p>     <strong>NYC Health + Hospitals</strong> </p> <p>     <a href=""mailto:lgbtq.org""><u>Email NYC Health + Hospitals</u></a> for more information on LGBTQ health care services. </p>",,,English,
<ul>     <li>Children up to 18 years old and their families who are struggling to relate to one another can get help     </li>     <li>Any family can get help from FAP; you do NOT need to have an open ACS case     </li> </ul>,,,,English,FAP
"<p>     To be eligible for CUNY Fatherhood Academy, you should be able to answer yes to these questions. </p> <p>     <strong>For the high school equivalency and college prep track</strong>:<br> </p> <ul>     <li>Do you live in NYC?     </li>     <li>Are you a father or expecting father?     </li> </ul> <p>     <strong>For the high school equivalency track only</strong>: </p> <ul>     <li>Are you between the ages of 18 and 30 years old?     </li>     <li>Can you commit to a 16 week program for 3 days a week?     </li> </ul> <p>     <strong>For the college prep track only</strong>: </p> <ul>     <li>Are you between the ages of 18 and 30 years old?     </li>     <li>Do you have a high school diploma, HSE diploma, or GED?     </li>     <li>Do you have less than 12 college credits?     </li>     <li>Are you currently <strong>not</strong> enrolled in college?     </li> </ul>","<p>     <strong>Visit the website</strong> </p> <p>     Visit the <a href=""http://www2.cuny.edu/academics/academic-programs/model-programs/cuny-fatherhood-academy/#1450206886076-12e63e87-cd35"" target=""_blank""><u>CUNY Fatherhood Academy website</u></a> to learn more about the program. </p>",,,English,CFA
"<p>     Youth who are 16 - 24 years old who struggle with reading, writing, and math are eligible for this program. Youth must not be working or not in school to participate. </p>","<p>     <strong>Visit the website</strong><br>     <br>     Visit the <a href=""https://www1.nyc.gov/site/dycd/services/reading-writing/young-adult-literacy-program.page"" target=""_blank""><u>DYCD website</u></a> for more information. </p>",,,English,YALP
"<p>     Everyone is eligible for emergency food assistance, regardless of immigration status or how much money you have. </p>","<p>     <strong>Visit the website</strong> </p> <p>     Visit <a href=""https://maps.nyc.gov/foodhelp/"" target=""_blank"">Foodhelp.nyc</a> for a map of food pantries and community kitchens. </p>",,,English,EFAP
"<p>     To be eligible, you should be able to answer yes to these questions: </p> <ul>     <li>Are you a woman or a girl who is 28 weeks pregnant or less with your first baby?     </li>     <li>If you are over 18 years old, do you live in a zip code listed on the <a href=""http://www1.nyc.gov/assets/doh/downloads/pdf/ms/nfp-area-map.pdf"" target=""_blank"">NFP service map</a>?     </li>     <li>Do you meet the income requirements?     </li> </ul> <table>     <thead>         <tr>             <th>                 Family size             </th>             <th>                 Income in a year             </th>             <th>                 Income in a month             </th>             <th>                 Income in a week             </th>         </tr>     </thead>     <tbody>         <tr>             <td>                 1             </td>             <td>                 $35,520             </td>             <td>                 $2,960             </td>             <td>                 $740             </td>         </tr>         <tr>             <td>                 2             </td>             <td>                 $44,796             </td>             <td>                 $3,733             </td>             <td>                 $933.25             </td>         </tr>         <tr>             <td>                 3             </td>             <td>                 $55,272             </td>             <td>                 $4,606             </td>             <td>                 $1,151.50             </td>         </tr>         <tr>             <td>                 4             </td>             <td>                 $63,360             </td>             <td>                 $5,280             </td>             <td>                 $1,320<br>             </td>         </tr>         <tr>             <td>                 5             </td>             <td>                 $72,636             </td>             <td>                 $6,053             </td>             <td>                 $1,513.25             </td>         </tr>         <tr>             <td>                 6             </td>             <td>                 $81,912             </td>             <td>                 $6,826             </td>             <td>                 $1,706.50             </td>         </tr>         <tr>             <td>                 7             </td>             <td>                 $91,188             </td>             <td>                 $7,599             </td>             <td>                 $1,899.75             </td>         </tr>     </tbody> </table> <p>     <strong>Exceptions</strong>: </p> <ul>     <li>All NYC girls under 18 years old are eligible, regardless of ZIP code.     </li>     <li>All women and girls are eligible if they are: homeless or incarcerated, in foster care, or involved in the juvenile justice system.     </li> </ul>","<p>     <strong>Visit the website</strong> </p> <p>     Visit the <a href=""http://www1.nyc.gov/site/doh/health/health-topics/nurse-family-partnership.page"" target=""_blank"">NYC NFP website</a> to find out more. </p>","<p>     If you are a service provider, you can refer your patients/clients to NFP by filling in the referral form and mailing or faxing it to the locations listed on the form. </p>",https://access.nyc.gov/wp-content/uploads/2017/03/NFP-Client-Referral-Form.EN_.pdf,English,NYC NFP
"<p>     To be eligible for Veterans' Exemption, you should be able to answer yes to all of these questions. </p> <ul>     <li>Are you the current deeded owner, spouse or surviving un-remarried widow/widower of the property owner?     </li>     <li>Is the property your primary residence?     </li>     <li>Are you a veteran who served in the US armed forces during one of the following conflicts only:         <ul>             <li>Persian Gulf Conflict (includes the Afghanistan and Iraq Conflicts) - beginning August 2, 1990 to present             </li>             <li>Vietnam War - February 28, 1961 to May 7, 1975             </li>             <li>Korean War - June 27, 1950 - January 31, 1955             </li>             <li>World War II - December 7, 1941 to December 31, 1946             </li>             <li>World War I - April 6, 1917 to November 11, 1918             </li>         </ul>     </li> </ul>","<p>     <strong>Visit the website</strong> </p> <p>     Visit the <a href=""http://www1.nyc.gov/site/finance/benefits/landlords-veterans.page"" target=""_blank"">Veterans' Exemption website</a> for more information.<br> </p>","<ul>     <li>Apply by mail: <a href=""https://access.nyc.gov/wp-content/uploads/2017/12/VeteransExemption-InitialAppl_EN.pdf"" target=""_blank"">Download the initial exemption application</a> form and mail it to:<br>         <strong>New York City Department of Finance</strong><br>         P.O. BOX 311<br>         Maplewood, NJ 07040-0311     </li>     <li>You will need to submit copies of the required documentation with your application. Applications without all of the required documents cannot be processed.     </li>     <li>Your completed application and all required documents must be postmarked by March 15 (or the next business day if March 15 is on a weekend) for your exemption to begin on July 1 in the same year.     </li> </ul>",https://access.nyc.gov/wp-content/uploads/2017/12/VeteransExemption-InitialAppl_EN.pdf,English,
<p>     Anyone who currently receives SNAP benefits is eligible. </p>,,,,English,
"<p>     You may be eligible if you can answer yes to these questions. </p> <ul>     <li>Did you lose your job through no fault of your own (for example: you got laid off)?     </li>     <li>Did you work within the last 18 months?     </li>     <li>Are you ready, willing, and able to work immediately?     </li>     <li>Are you actively seeking work and keep a record (online or written) of your efforts?     </li>     <li>Do you have enough income from your most recent work to establish a claim?     </li> </ul>","<p>     <strong>Visit the website</strong> </p> <p>     Visit the <a href=""http://www.ny.gov/services/get-unemployment-assistance"" target=""_blank"">NYS Unemployment Insurance website</a> for more information<br> </p>",,,English,
"<p>     To be eligible for EITC, you should be able to answer yes to all of these questions: </p> <ul>     <li>Do you have a valid Social Security Number?     </li>     <li>Will you file a tax return this year?     </li>     <li>Did you earn less than $3,450 from investments?     </li>     <li>If you don't have any qualifying children, are you between 25 and 65 years old?     </li> </ul> <p>     EITC also looks at your income from the previous year to determine if you are eligible. You can use <a href=""http://www.nyc.gov/accessnyc"" target=""_blank"">ACCESS NYC</a> to screen to see if you might be eligible. </p>","<p>     <strong>Visit the website</strong> </p> <p>     Visit the <a href=""http://www1.nyc.gov/site/dca/consumers/get-tax-credit-information.page"" target=""_blank"">NYC Department of Consumer Affairs website</a> for more information. </p>",,,English,EITC
<p>     Cornerstone Programs are available to NYCHA residents who are Kindergarten-age or older. </p>,"<p>     <strong>Visit the website</strong> </p> <p>     Visit the <a href=""http://www1.nyc.gov/site/dycd/services/after-school/cornerstone.page"" target=""_blank"">Cornerstone Programs website</a> for more information. </p>",,,English,
<p>     All students enrolled at a school with a SBHC are eligible for health care services at their school. </p>,"<p>     <strong>Visit the website</strong><br>     Visit the <a href=""https://www.schools.nyc.gov/school-life/health-and-wellness/school-based-health-centers"" target=""_blank""><u>SBHC website</u></a> to learn about all of the available services. </p>",,,English,SBHC
"<ul>     <li>To be eligible to file your taxes in person for free, your income must be $54,000 or less for the previous year.     </li>     <li>To be eligible to file your taxes online for free, your income must be $66,000 or less for the previous year.     </li> </ul>","<p>     <strong>Visit the website</strong> </p> <p>     Visit the <a href=""http://www1.nyc.gov/site/dca/consumers/get-tax-credit-information.page"" target=""_blank"">NYC Department of Consumer Affairs website</a> for more information. </p>",,,English,
<p>     This program looks at several things to decide if you are eligible. Some of them include: </p> <ul>     <li>how much money you earn     </li>     <li>how much money you receive from benefits     </li>     <li>how many people live in your house     </li>     <li>resources like cash or a checking account     </li>     <li>your citizenship or immigration status     </li> </ul>,"<p>     <strong>Visit the website</strong> </p> <p>     Visit the <a href=""http://www1.nyc.gov/site/hra/help/cash-assistance.page"" target=""_blank"">Cash Assistance website</a> to learn more about this program. </p>","<p>     Download an application form, complete and mail it to a Job Center.<br> </p>",https://access.nyc.gov/wp-content/uploads/2017/03/Cash_Assistance_Applicaion_EN.pdf,English,
"<p>     You may be eligible if you can answer yes to these questions. </p> <ul>     <li>Did you lose your job through no fault of your own (for example: you got laid off)?     </li>     <li>Did you work within the last 18 months?     </li>     <li>Are you ready, willing, and able to work immediately?     </li>     <li>Are you actively seeking work and keep a record (online or written) of your efforts?     </li>     <li>Do you have enough income from your most recent work to establish a claim?     </li> </ul>","<p>     <strong>Visit the website</strong> </p> <p>     Visit the <a href=""http://www.ny.gov/services/get-unemployment-assistance"" target=""_blank"">NYS Unemployment Insurance website</a> for more information<br> </p>",,,English,
"<p>     To be eligible for SES, you must be able to answer yes to these questions: </p> <ul>     <li>Are you 55 years of age or older?     </li>     <li>Are you unemployed?     </li> </ul>","<p>     <strong>Visit the website</strong> </p> <p>     Visit the <a href=""http://www1.nyc.gov/site/dfta/services/senior-employment.page"" target=""_blank"">SES website</a> for more information. </p>","<ol>     <li>Download and complete the <a href=""https://access.nyc.gov/wp-content/uploads/2017/03/Senior_Employment_Services_Form.pdf"" target=""_blank"">Employment Assistance Services Form</a>.     </li>     <li>Mail the application to:<br>         Senior Employment Unit/SCSEP-Title V Program<br>         New York City Department for the Aging<br>         2 Lafayette St.<br>         New York, NY 10007     </li> </ol>",https://access.nyc.gov/wp-content/uploads/2017/03/Senior_Employment_Services_Form.pdf,Spanish,SES
"<p>     To be eligible for DHE, you should be able to answer yes to all of these questions: </p> <ul>     <li>Are all owners persons with disabilities, <strong>OR</strong> are other owners the spouses or siblings of the person(s) with disabilities?     </li>     <li>Is the property your primary residence?     </li>     <li>Is the combined income for all owners less than or equal to $58,399 per year?         <ul>             <li>Income does <strong>NOT</strong> include SSI or Cash Assistance benefits.             </li>         </ul>     </li> </ul>","<p>     <strong>Visit the website</strong> </p> <p>     Visit the <a href=""http://www1.nyc.gov/site/finance/benefits/landlords-dhe.page"" target=""_blank"">DHE website</a> to learn more.<br> </p>","<ol>     <li>Download and complete the initial exemption application. You can also contact <a href=""tel:311"">311</a> for an application to be mailed to you.     </li>     <li>You will be asked provide the borough, block, and lot (BBL) for your home. You can <a href=""http://webapps.nyc.gov:8084/CICS/fin1/find001I"" target=""_blank"">use the Property Address Search</a> to determine this.     </li>     <li>Gather your required documents and include them with your application. Your application will not be processed without them.     </li>     <li>Mail your completed application and required documents to:<br>         New York City Department of Finance<br>         P.O.BOX 311<br>         Maplewood, NJ 07040-031     </li>     <li>Applications must be postmarked by March 15th for benefits to begin on July 1st each year     </li> </ol>",https://access.nyc.gov/wp-content/uploads/2017/12/DHE-InitialAppl_EN.pdf,English,DHE
"<p>     NYC families who have a child born in 2015 can apply to 3-K for All in School Districts 4, 5, 7,16, 23, and 27. </p>","<p>     <strong>Visit the website</strong> </p> <p>     Visit the <a href=""http://nyc.gov/3k"" target=""_blank""><u>3-K website</u></a> to find out more information. </p>",,,English,3-K
"<p>     Youth who are 16 - 24 years old who struggle with reading, writing, and math are eligible for this program. Youth must not be working or not in school to participate. </p>","<p>     <strong>Visit the website</strong><br>     <br>     Visit the <a href=""https://www1.nyc.gov/site/dycd/services/reading-writing/young-adult-literacy-program.page"" target=""_blank""><u>DYCD website</u></a> for more information. </p>",,,English,YALP
"<p>     Anyone who lives in NYCHA housing is eligible for REES. But, the services that REES connects you to have different eligibility rules. The eligibility for each program is on the <a href=""http://opportunitynycha.org/programs-near-me/"" target=""_blank"">Opportunity NYCHA site</a>. </p>","<p>     <strong>Visit the website</strong> </p> <p>     Visit the <a href=""http://opportunitynycha.org/"" target=""_blank"">Opportunity NYCHA website</a> to learn more about REES services. </p>",,https://access.nyc.gov/wp-content/uploads/2017/03/REES_Form_EN.pdf,English,REES
<p>     Available to tenants receiving Section 8 issued by NYC Housing Preservation & Development (HPD). </p>,,,,English,FSS
"<p>     To be eligible for Veterans' Exemption, you should be able to answer yes to all of these questions. </p> <ul>     <li>Are you the current deeded owner, spouse or surviving un-remarried widow/widower of the property owner?     </li>     <li>Is the property your primary residence?     </li>     <li>Are you a veteran who served in the US armed forces during one of the following conflicts only:         <ul>             <li>Persian Gulf Conflict (includes the Afghanistan and Iraq Conflicts) - beginning August 2, 1990 to present             </li>             <li>Vietnam War - February 28, 1961 to May 7, 1975             </li>             <li>Korean War - June 27, 1950 - January 31, 1955             </li>             <li>World War II - December 7, 1941 to December 31, 1946             </li>             <li>World War I - April 6, 1917 to November 11, 1918             </li>         </ul>     </li> </ul>","<p>     <strong>Visit the website</strong> </p> <p>     Visit the <a href=""http://www1.nyc.gov/site/finance/benefits/landlords-veterans.page"" target=""_blank"">Veterans' Exemption website</a> for more information.<br> </p>","<ul>     <li>Apply by mail: <a href=""https://access.nyc.gov/wp-content/uploads/2017/12/VeteransExemption-InitialAppl_EN.pdf"" target=""_blank"">Download the initial exemption application</a> form and mail it to:<br>         <strong>New York City Department of Finance</strong><br>         P.O. BOX 311<br>         Maplewood, NJ 07040-0311     </li>     <li>You will need to submit copies of the required documentation with your application. Applications without all of the required documents cannot be processed.     </li>     <li>Your completed application and all required documents must be postmarked by March 15 (or the next business day if March 15 is on a weekend) for your exemption to begin on July 1 in the same year.     </li> </ul>",https://access.nyc.gov/wp-content/uploads/2017/12/VeteransExemption-InitialAppl_EN.pdf,English,
"<p>     To be eligible for Intern & Earn, you should be able to answer yes to these questions. </p> <ul>     <li>Are you 16 - 24 years old?     </li>     <li>Are you currently <strong>not</strong> enrolled in school, and <strong>not</strong> working?     </li>     <li>Did you <strong>not</strong> have an associate's or bachelor's degree?     </li> </ul>",,,,English,
<p>     You may be eligible if you can answer yes to these questions. </p> <ul>     <li>Do you live in NYC?     </li>     <li>Are you between 14 and 24 years old?     </li> </ul>,"<p>     <strong>Visit the website</strong> </p> <p>     Visit the <a href=""http://www1.nyc.gov/site/dycd/services/jobs-internships/summer-youth-employment-program-syep.page"" target=""_blank"">SYEP page</a> on the DYCD website to learn more.<br> </p>",,,English,SYEP
"<ul>     <li>Anyone 18 years or older is eligibile and can use a Workforce1 Career Center.     </li>     <li>There are no income, citizenship, or residency requirements     </li> </ul>","<p>     <strong>Visit an online resouce</strong> </p> <p>     Visit an online <a href=""http://www.nyc.gov/html/sbs/wf1/html/contact/library.shtml"" target=""_blank"">resource library</a> for commonly asked questions. </p>",,https://access.nyc.gov/wp-content/uploads/2017/03/Workforce1_Customer_Information_Fom.pdf,English,
"<ul>     <li>To find out if you're eligible for a free crib, call <a href=""tel:311"">311</a> and ask about Safe Sleep.     </li>     <li>ACS-involved families can ask their caseworker to see if they are eligible for a free crib.     </li> </ul>","<p>     <strong>Visit the Website</strong> </p> <p>     Visit the <a href=""http://www1.nyc.gov/site/doh/health/health-topics/pregnancy-sleep-safety.page"" target=""_blank"">Safe Sleep website</a> to learn more. </p>",,,English,
"<p>     This program looks at several things to decide if you are eligible. They include: </p> <ul>     <li>how much money you earn     </li>     <li>how much money you receive from benefits     </li>     <li>how many people are in your house     </li>     <li>your citizenship or immigration status     </li> </ul> <p>     With a few questions, we can help you <a href=""http://nyc.gov/accessnyc"" target=""_blank"">find out if you may be eligible</a>. </p>","<p>     <strong>Visit the website</strong> </p> <p>     Visit the <a href=""https://www1.nyc.gov/site/hra/help/snap-benefits-food-program.page"" target=""_blank"">SNAP website</a> to learn more about this program. </p>","<ol>     <li>Print a paper application, pick one up from a SNAP Center, or call the HRA Infoline at <a href=""tel:718-557-1399"">718-557-1399</a> to have a paper application mailed to you.     </li>     <li>Mail the application and copies of your documents to:<br>         <strong>Division of SNAP Services, Mail Application & Referral Unit (MARU),</strong><br>         P.O. Box 24510<br>         Brooklyn, NY, 11201     </li> </ol>",https://access.nyc.gov/wp-content/uploads/2018/09/SNAP_ApplandRecert_ENG.pdf,English,SNAP
"<p>     All NYC children, 18 and under, can get free meals in the summer. </p>","<p>     <strong>Visit the website</strong> </p> <p>     Visit the <a href=""http://www.schoolfoodnyc.org/"" target=""_blank"">SchoolFood website</a> to find out more.<br> </p>",,,English,
"<p>     You may be eligible if you can answer yes to these questions. </p> <ul>     <li>Did you lose your job through no fault of your own (for example: you got laid off)?     </li>     <li>Did you work within the last 18 months?     </li>     <li>Are you ready, willing, and able to work immediately?     </li>     <li>Are you actively seeking work and keep a record (online or written) of your efforts?     </li>     <li>Do you have enough income from your most recent work to establish a claim?     </li> </ul>","<p>     <strong>Visit the website</strong> </p> <p>     Visit the <a href=""http://www.ny.gov/services/get-unemployment-assistance"" target=""_blank"">NYS Unemployment Insurance website</a> for more information<br> </p>",,,English,
<p>     All students enrolled at a school with a SBHC are eligible for health care services at their school. </p>,"<p>     <strong>Visit the website</strong><br>     Visit the <a href=""https://www.schools.nyc.gov/school-life/health-and-wellness/school-based-health-centers"" target=""_blank""><u>SBHC website</u></a> to learn about all of the available services. </p>",,,English,SBHC
<p>     Anyone who lives in NYC and is ages 10 or older is eligible to apply for an IDNYC card. </p>,"<p>     <strong>Visit the website</strong> </p> <p>     Visit the <a href=""http://www1.nyc.gov/site/idnyc/index.page"" target=""_blank"">IDNYC website</a> for more information on how to apply and IDNYC benefits. </p>",,,English,
<p>     Available to tenants receiving Section 8 issued by NYC Housing Preservation & Development (HPD). </p>,,,,English,FSS
"<ul>     <li>Anyone 18 years or older is eligibile and can use a Workforce1 Career Center.     </li>     <li>There are no income, citizenship, or residency requirements     </li> </ul>","<p>     <strong>Visit an online resouce</strong> </p> <p>     Visit an online <a href=""http://www.nyc.gov/html/sbs/wf1/html/contact/library.shtml"" target=""_blank"">resource library</a> for commonly asked questions. </p>",,https://access.nyc.gov/wp-content/uploads/2017/03/Workforce1_Customer_Information_Fom.pdf,English,
"<p>     To be eligible for DRIE, you should be able to answer ""Yes"" to all of these questions: </p> <ul>     <li>Are you 18 years old or older?     </li>     <li>Is your name on the lease?     </li>     <li>Is your combined household income $50,000 or less in a year?     </li>     <li>Do you spend more than one-third of your monthly income on rent?     </li>     <li>Did you have income from the following benefits?         <ul>             <li>Supplemental Security Income (SSI)             </li>             <li>Federal Social Security Disability Insurance (SSDI)             </li>             <li>U.S. Department of Veterans Affairs (VA) disability pension or compensation             </li>             <li>Disability-related Medicaid if you have received either SSI or SSDI in the past             </li>         </ul>     </li>     <li>Do you live in NYC in one of these types of housing?         <ul>             <li>a rent stabilized apartment             </li>             <li>a rent controlled apartment             </li>             <li>a Mitchell-Lama development             </li>             <li>a Limited Dividend development             </li>             <li>a redevelopment company development             </li>             <li>a Housing Development Fund Company (HDFC) Cooperative development             </li>             <li>a Section 213 Cooperative unit             </li>             <li>a rent regulated hotel or single room occupancy unit             </li>         </ul>     </li> </ul>","<p>     <strong>Visit the website</strong><br> </p> <p>     Visit <a href=""http://www1.nyc.gov/site/rentfreeze/index.page"" target=""_blank"">DRIE website</a> to learn more about this program. </p>","<ol>     <li>Print a <a href=""https://access.nyc.gov/wp-content/uploads/2017/03/DRIE_Application_Packet_EN.pdf"" target=""_blank"">paper application</a>, pick one up from DRIE Walk-In Center: 66 John St, 3rd Flr New York, NY, 10038 (Monday - Friday 8:30 a.m. - 4:30 p.m.), or call <a href=""tel:311"">311</a> to request a paper application form mailed to you.<br>     </li>     <li>Mail the application to:<br>         <strong>New York City Department of Finance, DRIE Unit</strong><br>         59 Maiden Ln, 22nd Floor<br>         New York, NY, 10038     </li> </ol> <p>     Applications forms are available in Chinese, Haitian Creole, Korean, Russian, and Spanish. Forms in Bengali are available from the center or <a href=""tel:311"">311</a>. </p>",https://access.nyc.gov/wp-content/uploads/2017/03/DRIE_Application_Packet_EN.pdf,English,DRIE
<p>     Students who live in a school district that provides After School or Saturday meals are eligible to receive free meals. </p>,,,,English,
"<p>     There are two types of STAR credits: Basic STAR and Enhanced STAR. To be eligible for both, you should be able to answer yes to all of these questions: </p> <ul>     <li>Is the property the primary home of at least one of the owners?     </li>     <li>Do you live in one of the following types of housing?         <ul>             <li>a house             </li>             <li>a condo             </li>             <li>a cooperative apartment             </li>             <li>a manufactured home             </li>             <li>a farm house             </li>             <li>a mixed-use property, including apartment buildings (only the owner-occupied portion is eligible)             </li>         </ul>     </li> </ul> <p>     For <strong>Basic STAR</strong>, you should also be able to answer yes to this additional question: </p> <ul>     <li>Is the combined income of all owners who live in the home and their spouses $500,000 a year or less?     </li> </ul> <p>     For <strong>Enhanced STAR</strong>, you should also be able to answer yes to these additional questions: </p> <ul>     <li>Will you, or one of your siblings or spouse who live in the home, be 65 or older by December 31st?     </li>     <li>Is the combined income of all owners who live in the home and their spouses $86,000 a year or less?     </li> </ul>","<p>     <strong>Visit the website</strong> </p> <p>     Visit the <a href=""https://tax.ny.gov/pit/property/star/default.htm"" target=""_blank"">STAR website</a> for more information.<br> </p>",,,English,STAR
"<p>     To be eligible for Train & Earn, you should be able to answer 'yes' to these questions: </p> <ul>     <li>Are you a resident of NYC?     </li>     <li>Are you 16 \u2013 24 years old?     </li>     <li>Are you <strong>not</strong> attending school and <strong>not</strong> working?     </li>     <li>Do you meet <strong>one</strong> of these requirements:         <ul>             <li>You are a homeless or runaway youth             </li>             <li>You are a foster care youth or have aged out of foster care system             </li>             <li>You are in involved in the justice system             </li>             <li>You are a youth with a disability             </li>             <li>You are pregnant or a parent             </li>             <li>You are low-income and need additional help to enter or complete an education program or to get or hold a job             </li>         </ul>     </li> </ul> <p>     If you have additional questions about eligibility, call DYCD Youth Connect at <a href=""tel:800-246-4646"">800-246-4646</a>. </p>","<p>     <strong>Visit the website</strong> </p> <p>     Visit the <a href=""https://www1.nyc.gov/site/dycd/services/jobs-internships/out-of-school-youth-osy-program.page"" target=""_blank"">DYCD website</a> for more information. </p>",,,English,
"<p>     To be eligible, you should be able to answer yes to these questions: </p> <ul>     <li>Are you a senior 60 years old or older?     </li>     <li>Is your income equal to or less than program income requirements?     </li> </ul> <table>     <thead>         <tr>             <th>                 Family size             </th>             <th>                 Income in a year             </th>             <th>                 Income in a month             </th>             <th>                 Income in a week             </th>         </tr>     </thead>     <tbody>         <tr>             <td>                 1             </td>             <td>                 $15,792<br>             </td>             <td>                 $1,316             </td>             <td>                 $303.69<br>             </td>         </tr>         <tr>             <td>                 2             </td>             <td>                 $21,408             </td>             <td>                 $1,784             </td>             <td>                 $411.69             </td>         </tr>         <tr>             <td>                 3             </td>             <td>                 $27,024             </td>             <td>                 $2,252             </td>             <td>                 $519.69             </td>         </tr>         <tr>             <td>                 4             </td>             <td>                 $32,640             </td>             <td>                 $2,720             </td>             <td>                 $627.69<br>             </td>         </tr>         <tr>             <td>                 5             </td>             <td>                 $38,256             </td>             <td>                 $3,188<br>             </td>             <td>                 $735.69             </td>         </tr>         <tr>             <td>                 6             </td>             <td>                 $43,872             </td>             <td>                 $3,656             </td>             <td>                 $843.69             </td>         </tr>         <tr>             <td>                 7             </td>             <td>                 $49,488             </td>             <td>                 $4,124             </td>             <td>                 $951.69             </td>         </tr>         <tr>             <td>                 8             </td>             <td>                 $55,104             </td>             <td>                 $4,592             </td>             <td>                 $1,059.69             </td>         </tr>         <tr>             <td>                 For each additional person, add:             </td>             <td>                 $5,616             </td>             <td>                 $468             </td>             <td>                 $108.00             </td>         </tr>     </tbody> </table>","<p>     <strong>Visit the website</strong> </p> <p>     Visit the <a href=""https://www.health.ny.gov/prevention/nutrition/csfp/"" target=""_blank"">CSFP website</a> for more information. </p>",,,English,CSFP
<p>     Eligibility for the Section 8/HCV programs are primarily based on how much your family earns and family size. </p>,"<p>     <strong>Visit the website</strong> </p> <p>     Visit the <a href=""http://www1.nyc.gov/site/nycha/section-8/about-section-8.page"" target=""_blank"">NYCHA</a> website to learn more about each program. </p>",,,English,HCV
<p>     Jobs Plus is open to all NYCHA residents old enough to work. </p>,"<p>     <strong>Visit the website</strong> </p> <p>     Visit the <a href=""http://opportunitynycha.org/workforce-development/jobs-plus/"" target=""_blank"">Jobs Plus website</a> to learn more about the program. </p>",,,English,
<p>     Cornerstone Programs are available to NYCHA residents who are Kindergarten-age or older. </p>,"<p>     <strong>Visit the website</strong> </p> <p>     Visit the <a href=""http://www1.nyc.gov/site/dycd/services/after-school/cornerstone.page"" target=""_blank"">Cornerstone Programs website</a> for more information. </p>",,,English,
"<p>     Youth who are 16 - 24 years old who struggle with reading, writing, and math are eligible for this program. Youth must not be working or not in school to participate. </p>","<p>     <strong>Visit the website</strong><br>     <br>     Visit the <a href=""https://www1.nyc.gov/site/dycd/services/reading-writing/young-adult-literacy-program.page"" target=""_blank""><u>DYCD website</u></a> for more information. </p>",,,English,YALP
"<p>     There are two types of STAR credits: Basic STAR and Enhanced STAR. To be eligible for both, you should be able to answer yes to all of these questions: </p> <ul>     <li>Is the property the primary home of at least one of the owners?     </li>     <li>Do you live in one of the following types of housing?         <ul>             <li>a house             </li>             <li>a condo             </li>             <li>a cooperative apartment             </li>             <li>a manufactured home             </li>             <li>a farm house             </li>             <li>a mixed-use property, including apartment buildings (only the owner-occupied portion is eligible)             </li>         </ul>     </li> </ul> <p>     For <strong>Basic STAR</strong>, you should also be able to answer yes to this additional question: </p> <ul>     <li>Is the combined income of all owners who live in the home and their spouses $500,000 a year or less?     </li> </ul> <p>     For <strong>Enhanced STAR</strong>, you should also be able to answer yes to these additional questions: </p> <ul>     <li>Will you, or one of your siblings or spouse who live in the home, be 65 or older by December 31st?     </li>     <li>Is the combined income of all owners who live in the home and their spouses $86,000 a year or less?     </li> </ul>","<p>     <strong>Visit the website</strong> </p> <p>     Visit the <a href=""https://tax.ny.gov/pit/property/star/default.htm"" target=""_blank"">STAR website</a> for more information.<br> </p>",,,English,STAR
"<p>     You may be eligible for Access-A-Ride if you have a disability that prevents you from using accessible buses or subways for some or all of your trips. At your in-person assessment, you will be asked to show whether you can: </p> <ul>     <li>go up or down subway stairs,     </li>     <li>travel to a subway or bus station,     </li>     <li>get on, ride, and exit a subway or bus,     </li>     <li>and ride or navigate the bus or subway system on your own.     </li> </ul> <p>     This will help us decide if you are eligible for partial or full Access-A-Ride services. Please be sure to provide, in writing, how your disability prevents you from using accessible buses or subways and what other conditions prevent you from walking to and waiting for bus or the subway (sidewalk in poor condition, hilly area, no bus shelter with seats, etc). </p>","<p>     <strong>Visit the website</strong> </p> <p>     Visit the <a href=""http://web.mta.info/nyct/paratran/guide.htm#aarmetrocard"" target=""_blank"">Access-A-Ride website</a> for more information.<br> </p>",,http://web.mta.info/nyct/paratran/access_application.pdf,English,AAR
"<ul>     <li>Children under 19 years old     </li>     <li>Must be residents of New York State     </li>     <li>Eligibility depends on family income         <ul>             <li>Check the <a href=""https://www.health.ny.gov/health_care/child_health_plus/eligibility_and_cost.htm"">income charts</a> to see whether your child is likely to qualify             </li>         </ul>     </li> </ul>",,,,English,CHP
"<ul>     <li>To be eligible for HUD-VASH, you must be eligible for VA health care and meet the <a href=""https://www.hudexchange.info/resources/documents/HomelessAssistanceActAmendedbyHEARTH.pdf"" target=""_blank"">federal definition of homelessness</a> or at risk of being homeless     </li>     <li>You must have income within the program guidelines and willingness to receive case management from the VA     </li>     <li>The National Call Center for Homeless Veterans can help you determine if you are eligible. Call <a href=""tel:877-424-3838"">877-424-3838</a> to find out     </li> </ul>","<p>     <strong>Visit the website</strong> </p> <p>     Visit the <a href=""https://www.va.gov/homeless/hud-vash_eligibility.asp"" target=""_blank"">HUD-VASH website</a> for more information. </p>",,,English,HUD-VASH
"<p>     To be eligible for child support services, you should be able to answer \u201cyes\u201d to these questions: </p> <ul>     <li>Are you a parent or legal guardian of a child under the age of 21?     </li>     <li>Are you primarily responsible for the child\u2019s day-to-day life?     </li> </ul>","<p>     <strong>Visit the website</strong> </p> <p>     Visit the <a href=""https://www1.nyc.gov/site/hra/help/child-support-services.page"" target=""_blank"">Child Support Enforcement website</a> to learn more about available services. </p>",,https://access.nyc.gov/wp-content/uploads/2018/08/Child_Support_Enforcement_Form_EN.pdf,English,OCSS
"<p>     All women who live in NYC, regardless of your ability to pay, can get help at a NYC Health + Hospitals center. </p>","<p>     <strong>Visit the website</strong> </p> <p>     Visit the <a href=""http://www.nychealthandhospitals.org/services/womens-health/"" target=""_blank""><u>NYC Health + Hospitals Women's Health website</u></a> to learn more. </p>",,,English,
"<p>     All NYC students, in 6th, 7th, and 8th grade, are eligible to enroll in SONYC programs. </p>","<p>     <strong>Visit the websites</strong> </p> <p>     Visit the <a href=""https://www1.nyc.gov/site/dycd/services/after-school/schools-out-new-york-city-sonyc.page"" target=""_blank"">SONYC website</a> to learn more. </p>",,,English,SONYC
"<p>     You may be eligible for ASAP if you answer yes to all of the following questions:<br> </p> <ul>     <li>Have you applied and been accepted to a CUNY college that offers <a href=""http://www1.cuny.edu/sites/asap/join-asap/""><u>ASAP</u></a>?     </li>     <li>Are you a New York City resident or <a href=""http://www2.cuny.edu/about/administration/offices/legal-affairs/university-tuition-fee-manual/iv-residency/""><u>eligible for in-state tuition</u></a>?     </li>     <li>Do you agree to enter into a full-time associate degree program (minimum of 12 credits per semester) in an <a href=""http://www1.cuny.edu/sites/asap/asap-eligible-majors-by-campus/""><u>ASAP-approved major</u></a>?     </li>     <li>Are you fully skills-proficient in reading, writing, and math, or have no more than two remedial course needs in these subjects, based on <a href=""http://www2.cuny.edu/academics/testing/testing-faqs/""><u>CUNY Assessment Test scores</u></a>?     </li>     <li>If you're a continuing or transfer student, do you have no more than 15 college credits and a minimum GPA of 2.0?     </li> </ul>","<p>     <strong>Visit the website</strong> </p> <p>     Visit the <a href=""http://www1.cuny.edu/sites/asap/"" target=""_blank""><u>CUNY ASAP website</u></a> to learn more about the program. </p>",,,English,CUNY ASAP
