the_geom,shape_leng,source_id,sub_code
"{'type': 'MultiPolygon', 'coordinates': [[[[-73.92059776424365, 40.77793646129165], [-73.92066406562292, 40.77788742055997], [-73.92067651475539, 40.777896237847024], [-73.9206842697156, 40.77790173535055], [-73.92063559202617, 40.77796339526971], [-73.92061521047123, 40.77794888223792], [-73.92059776424365, 40.77793646129165]]]]}",73.8242384386,13350003939.0,350010
"{'type': 'MultiPolygon', 'coordinates': [[[[-73.91755075721846, 40.781540012311744], [-73.91758139439793, 40.781514704002184], [-73.91765978064197, 40.78157085321657], [-73.91764464776419, 40.78158325942705], [-73.91763178226624, 40.78159380501776], [-73.91755075721846, 40.781540012311744]]]]}",83.5558467706,13350003926.0,350010
"{'type': 'MultiPolygon', 'coordinates': [[[[-73.88766464497202, 40.73886954954897], [-73.88769754580991, 40.73885969585848], [-73.88774376138663, 40.73886850466115], [-73.88774456737023, 40.73886865763265], [-73.8878216825041, 40.73888336422975], [-73.88782572307161, 40.73888413359737], [-73.8878763295524, 40.7388937922007], [-73.88784293833511, 40.73890379494901], [-73.8877946803693, 40.73891825062467], [-73.88775400796547, 40.73893043358708], [-73.88775392386555, 40.738930458719366], [-73.88768991309966, 40.73894963116671], [-73.88763656164481, 40.73893966002854], [-73.88755643034281, 40.738924682911865], [-73.88751918802983, 40.73891772163618], [-73.88750971975264, 40.73891594829274], [-73.88757515194159, 40.738896353193745], [-73.88761567866088, 40.73888421517765], [-73.88766464497202, 40.73886954954897]]]]}",213.959481731,9350004704.0,350000
"{'type': 'MultiPolygon', 'coordinates': [[[[-73.90938275916962, 40.65165620210286], [-73.90948105502231, 40.651588842427614], [-73.9094816715438, 40.65158846469532], [-73.90948190065971, 40.65158865758646], [-73.90948217233317, 40.6515888559142], [-73.90948574935594, 40.6515920564682], [-73.90948797067563, 40.651594044758674], [-73.90948830605838, 40.651594344895045], [-73.90950365808307, 40.651608088071576], [-73.90950379034716, 40.651608206143514], [-73.90983660602299, 40.651906187728414], [-73.91031397389486, 40.65233713453312], [-73.91092719630815, 40.65288583635916], [-73.9109275352474, 40.6528861391956], [-73.91094218165198, 40.65289924496513], [-73.91094538798983, 40.65290211379559], [-73.91094666698176, 40.65290325844336], [-73.9108961788012, 40.65293370546642], [-73.91084523972233, 40.65296442497461], [-73.9108451106471, 40.652963686450065], [-73.9108449579122, 40.65296295691234], [-73.91084493084858, 40.65296285873492], [-73.91084475788203, 40.65296222733795], [-73.91084453419218, 40.65296150675041], [-73.91084428684269, 40.65296079514969], [-73.91084399219795, 40.65296008351235], [-73.91084367389351, 40.652959380861816], [-73.91084332009353, 40.65295869619411], [-73.91084293082213, 40.652958011498924], [-73.91084251789104, 40.65295733579055], [-73.91084206946445, 40.65295667806503], [-73.9108415973782, 40.65295602932639], [-73.91084108979642, 40.65295539857052], [-73.910840558555, 40.652954776801494], [-73.91084000364185, 40.65295417302446], [-73.91083941324526, 40.65295357822511], [-73.91083879917694, 40.652953001417764], [-73.91082070341275, 40.65293662498196], [-73.91080485855503, 40.652922285458864], [-73.9107961903521, 40.6529144442324], [-73.91079567781881, 40.65291398006826], [-73.91075480148893, 40.65287699921648], [-73.91075358156442, 40.65287589603627], [-73.9107109846618, 40.652837338828135], [-73.9107035080616, 40.6528305746383], [-73.91066837597266, 40.6527987906001], [-73.91062576734474, 40.65276023335091], [-73.91061518132783, 40.65275065442218], [-73.91059070029183, 40.652728500668665], [-73.91058315876609, 40.65272167608576], [-73.9105601728217, 40.6527008805682], [-73.91054055022465, 40.65268312780984], [-73.91049414081655, 40.65264161655838], [-73.91049385502343, 40.652641361489444], [-73.9104567575221, 40.6526081890589], [-73.91044714805693, 40.65259959514071], [-73.91041082414098, 40.652567105889915], [-73.91040045297265, 40.65255782878197], [-73.91036946110363, 40.65253012091821], [-73.910353746111, 40.65251607140002], [-73.91030703931992, 40.65247430499381], [-73.91029498059366, 40.65246352089453], [-73.91026033258733, 40.65243253856836], [-73.91025294572765, 40.652425931108944], [-73.91021363773692, 40.65239077213304], [-73.91019319192306, 40.65237248916757], [-73.91016693112128, 40.65234900566928], [-73.91016478415224, 40.65234708679005], [-73.91012945130828, 40.65231549784057], [-73.91012022455197, 40.65230724819151], [-73.91010283981088, 40.65229169977276], [-73.91007352987698, 40.652265481698684], [-73.91004663262979, 40.65224142854775], [-73.91002682343677, 40.65222371517744], [-73.90999204695801, 40.65219261650214], [-73.90998011705501, 40.652181948637065], [-73.90994005353856, 40.65214612079083], [-73.90993342254328, 40.6521401910919], [-73.90989014337107, 40.65210148895871], [-73.90988671627849, 40.65209842451316], [-73.90984001007217, 40.65205665791529], [-73.90982694833542, 40.652045379496265], [-73.90982440448718, 40.652043182039435], [-73.9097825145593, 40.65200372542003], [-73.90973270583228, 40.651956808084066], [-73.90970700087193, 40.65193259549621], [-73.90969095625455, 40.65191769103616], [-73.9096780704975, 40.65190572024003], [-73.90965505460053, 40.6518847579199], [-73.90965180935885, 40.65188188181833], [-73.90962342885334, 40.6518567332728], [-73.90961113150237, 40.65184595611752], [-73.90952297522153, 40.65176869081267], [-73.90948006974126, 40.65173029319214], [-73.909476902493, 40.65172745947129], [-73.90944081250633, 40.65169405696924], [-73.90943445910517, 40.651688385007844], [-73.90942300172975, 40.651678156008444], [-73.90941154025079, 40.65166833944185], [-73.90941025630309, 40.651667398289966], [-73.9094039818535, 40.65166279710472], [-73.9093958500035, 40.65165813232021], [-73.90939431618841, 40.6516574782365], [-73.90939337675613, 40.65165707766651], [-73.90939113583673, 40.651656462648475], [-73.9093879532742, 40.65165620439406], [-73.90938275916962, 40.65165620210286]]]]}",1328.30655744,20350002298.0,350000
"{'type': 'MultiPolygon', 'coordinates': [[[[-73.92738077993403, 40.845015847885996], [-73.92736229078282, 40.845005181614184], [-73.92738197955553, 40.84501295986039], [-73.9273906131348, 40.845016406978615], [-73.92741094661568, 40.8450245260119], [-73.92745441204143, 40.84504188063778], [-73.92747168632684, 40.845048778469135], [-73.92753252446118, 40.84507306967724], [-73.92753399673128, 40.84507351994809], [-73.92757131558021, 40.84508493732138], [-73.92760334517303, 40.8450947358791], [-73.92767264843174, 40.84511174283686], [-73.92779775003176, 40.845142442466035], [-73.92784227335699, 40.84515324832378], [-73.92794696019138, 40.84517865542965], [-73.92797105997627, 40.845184503872794], [-73.92813565442016, 40.84522445063528], [-73.92814426463008, 40.845226540639885], [-73.92815452734519, 40.84522909452628], [-73.9285017566017, 40.8453154883259], [-73.92881659880787, 40.84539089579736], [-73.9288764906309, 40.84540488497488], [-73.92919317914102, 40.84547885446838], [-73.92942819475478, 40.84553495600491], [-73.92946177539004, 40.84554297201895], [-73.9294948272969, 40.84555086253154], [-73.92949768545463, 40.845551636901156], [-73.92949921233391, 40.8455520511605], [-73.92950975586652, 40.84555490766332], [-73.92953430212289, 40.845561559291596], [-73.92954071549461, 40.8455632966576], [-73.92961402236665, 40.845583161255114], [-73.92961667307027, 40.84558387966469], [-73.92962764219538, 40.845586851679435], [-73.92962922123739, 40.84558727947625], [-73.92970118028589, 40.84560677849653], [-73.92985587560834, 40.845648696950356], [-73.9298933565911, 40.84565885297973], [-73.92985517173615, 40.845650474094796], [-73.92969522793089, 40.84561537907615], [-73.92962105274893, 40.84559910336428], [-73.9296194250143, 40.84559874577603], [-73.9296080972596, 40.84559625980772], [-73.92960536342335, 40.84559566021227], [-73.92952975972037, 40.845579071098896], [-73.9295273104131, 40.84557853380941], [-73.92952322977683, 40.845577674947805], [-73.92949722135657, 40.84557219846696], [-73.92948665462225, 40.84556997319418], [-73.92948474945642, 40.845569572210806], [-73.9294536289863, 40.8455630201082], [-73.92941969523379, 40.84555587465218], [-73.92921492155547, 40.84551275785442], [-73.92900925909075, 40.84546602466757], [-73.92879383669042, 40.845420281034016], [-73.92852203335863, 40.84535453725102], [-73.92823524086356, 40.845284381893734], [-73.92811901998753, 40.8452562988028], [-73.92810860544633, 40.84525378263929], [-73.9280956243186, 40.84525064533603], [-73.928078470263, 40.84524650047963], [-73.92796596958756, 40.84521931554402], [-73.92795737239967, 40.845217251648606], [-73.92793324763998, 40.845211460818575], [-73.92791489030138, 40.845207054043165], [-73.9279090327881, 40.84520564741484], [-73.92784520119596, 40.84519032434169], [-73.92778162570022, 40.8451750617265], [-73.92775290906208, 40.84516645034198], [-73.9277460917515, 40.84516440555539], [-73.92774445706661, 40.84516391556388], [-73.92772724401676, 40.84515844779436], [-73.9277075914376, 40.84515220497018], [-73.92770558105589, 40.845151530141656], [-73.9276710454112, 40.8451399335581], [-73.92763483202512, 40.84512710763957], [-73.92759896550375, 40.84511373262673], [-73.92756346244494, 40.84509981213237], [-73.92756315546072, 40.8450996858706], [-73.92754424927217, 40.84509190364461], [-73.92752833707111, 40.845085353369676], [-73.92752749673544, 40.845084990843596], [-73.92749360123496, 40.845070361749336], [-73.92746617539741, 40.845057964532515], [-73.92745927153129, 40.84505484358567], [-73.92745428189919, 40.84505248295769], [-73.92744967745095, 40.84505030627228], [-73.92742536218337, 40.84503880519136], [-73.92740799607002, 40.84503021887135], [-73.92739188385691, 40.84502225287703], [-73.92738077993403, 40.845015847885996]]]]}",1482.72718117,13350004146.0,350020
"{'type': 'MultiPolygon', 'coordinates': [[[[-73.84128645773214, 40.82863366686846], [-73.84131564867442, 40.828631087495125], [-73.84131932503395, 40.8286389971115], [-73.84132981746055, 40.82866157348662], [-73.84133246199168, 40.82867662802254], [-73.84133434860134, 40.82868736903819], [-73.84133499773667, 40.82869106827014], [-73.84133843639198, 40.82871066780343], [-73.84134384009236, 40.82874142719068], [-73.84134505066767, 40.82874831585275], [-73.84134641327603, 40.8287560782055], [-73.84134753610702, 40.82876247687678], [-73.84134836656428, 40.828767196620504], [-73.84135663581475, 40.82881429495391], [-73.84135776914982, 40.82882076387823], [-73.84135984051619, 40.82883257943953], [-73.84135988731381, 40.82883284064787], [-73.84136024405599, 40.82883486995703], [-73.8413657355581, 40.82886610402496], [-73.84136929694718, 40.82888644303306], [-73.84136960687937, 40.828888216536825], [-73.84137306900757, 40.828907924160234], [-73.84137482343912, 40.82891792208346], [-73.84137855753043, 40.82893742927001], [-73.84138161480242, 40.82895341098257], [-73.84138373406061, 40.82896453502788], [-73.84132090006692, 40.828970283804495], [-73.84127573366001, 40.828974580051], [-73.84125767775659, 40.82897630216132], [-73.8411979463455, 40.82898200111192], [-73.84117683663592, 40.82898418726245], [-73.84117680376413, 40.82898405214272], [-73.84117450396225, 40.82897408048035], [-73.84116691488113, 40.82894106503443], [-73.84116644085427, 40.828939004045786], [-73.8411663504945, 40.82893861670789], [-73.84116573685185, 40.828935944089935], [-73.84115895729015, 40.8289064858185], [-73.84115886813963, 40.828906088576765], [-73.84115861712608, 40.828904963511036], [-73.84115461616612, 40.82888752438983], [-73.84115432284207, 40.8288862452809], [-73.84114652368223, 40.82885234705728], [-73.84114616816731, 40.82885079951471], [-73.84114458420215, 40.82884389953036], [-73.841142190623, 40.82883348649468], [-73.84114148897014, 40.8288304364473], [-73.84113099713026, 40.828784790238736], [-73.84113007027821, 40.828780727723036], [-73.84112819528698, 40.828772581050345], [-73.84112643177956, 40.82876491179434], [-73.84112475507104, 40.82875763167233], [-73.84111793811913, 40.82872795992839], [-73.8411174324157, 40.82872576111989], [-73.841113655541, 40.82870931375199], [-73.84110993027765, 40.82869309788264], [-73.84110581781279, 40.82867520115329], [-73.84110439688031, 40.82866953507286], [-73.84110101835739, 40.828656059891514], [-73.84109888814122, 40.82864756257341], [-73.84119816932927, 40.828640209], [-73.84128645773214, 40.82863366686846]]]]}",365.6849774,14350004086.0,350000
"{'type': 'MultiPolygon', 'coordinates': [[[[-73.83735655046891, 40.743897734972194], [-73.83735725812306, 40.74389594936303], [-73.83736068797933, 40.74388729581909], [-73.8373636626472, 40.74387740523442], [-73.83737221797227, 40.743878960786276], [-73.83737687138823, 40.74387980663064], [-73.83739230440672, 40.74388239486945], [-73.83741623026604, 40.743885945131574], [-73.8374173605739, 40.74388611332116], [-73.83743886366788, 40.74388881908375], [-73.83744254832354, 40.74388928264307], [-73.83745569924773, 40.74389063395599], [-73.83746052283134, 40.74389112973942], [-73.83746397450179, 40.74389148580879], [-73.83746785585895, 40.74389188480833], [-73.83747401854906, 40.74389237887884], [-73.83748047836471, 40.743892896781574], [-73.8374932476598, 40.74389391976663], [-73.83751871186347, 40.74389539650636], [-73.83753526754457, 40.74389595116101], [-73.8375464139774, 40.743896325285995], [-73.83754785952031, 40.74389637415138], [-73.83757713919564, 40.74389662256347], [-73.83760642071499, 40.74389611454372], [-73.83761023240544, 40.7438959506225], [-73.83761676994493, 40.74389566987632], [-73.8376356566956, 40.743894859030455], [-73.83766482345662, 40.743892855990346], [-73.8376831080581, 40.743891350896575], [-73.83770671817388, 40.743888918576715], [-73.83770900504803, 40.743888683164464], [-73.83770163551601, 40.74391117468113], [-73.83770081601324, 40.74391367693936], [-73.83769846519593, 40.743913914962896], [-73.83767474739551, 40.74391631921352], [-73.83767431041368, 40.743916354617966], [-73.83766347337422, 40.74391728487746], [-73.83763269764246, 40.74391876335423], [-73.83760845979933, 40.74391933252269], [-73.83760186455342, 40.743919485314905], [-73.83757103330792, 40.74391945084294], [-73.83754021579082, 40.743918641944965], [-73.83754006189346, 40.743918632722796], [-73.83753775337598, 40.74391851780345], [-73.83752667604823, 40.743917964573946], [-73.83751110480819, 40.74391718708036], [-73.83751083253333, 40.74391716868608], [-73.83748500224966, 40.74391529520441], [-73.83747458899458, 40.74391431876752], [-73.83746734457947, 40.74391363946683], [-73.8374594431969, 40.74391289800391], [-73.83745897207251, 40.74391285411463], [-73.83745428357035, 40.74391231439694], [-73.83744788111869, 40.74391157775016], [-73.83743425709802, 40.74391001865173], [-73.83743186384102, 40.74390969559319], [-73.83740966171182, 40.74390669707781], [-73.83740862610779, 40.74390653532539], [-73.83738517409644, 40.74390288037128], [-73.8373848782297, 40.74390282592304], [-73.83736531649905, 40.74389931063327], [-73.83735655046891, 40.743897734972194]]]]}",209.60694875,9350004656.0,350020
"{'type': 'MultiPolygon', 'coordinates': [[[[-73.92160420295846, 40.693010374346066], [-73.92155547201885, 40.69299069824482], [-73.9215481781673, 40.69298775309718], [-73.92137778185122, 40.692923700373186], [-73.92122223390263, 40.692869446140314], [-73.92120748092553, 40.692864301314046], [-73.9212050033721, 40.69286343692608], [-73.92120350142292, 40.69286294962056], [-73.92120197575873, 40.69286250732445], [-73.92120042639019, 40.692862101032624], [-73.92119886514826, 40.69286173075319], [-73.92119729202216, 40.69286140549123], [-73.92119569518107, 40.692861125238686], [-73.92119408646653, 40.692860880998516], [-73.92119247769884, 40.69286068178397], [-73.921190857047, 40.692860527586916], [-73.92118922451102, 40.692860418407356], [-73.9211875919325, 40.69286034524833], [-73.92118595930079, 40.69286031711484], [-73.92118458572523, 40.69286032337826], [-73.92118432662646, 40.692860325001874], [-73.92118269388826, 40.692860386919584], [-73.92118106110752, 40.692860484857796], [-73.92126356233378, 40.692838793035456], [-73.92134120659902, 40.692818378364265], [-73.9213415133735, 40.6928190809743], [-73.92134185565126, 40.69281977460346], [-73.92134223342171, 40.69282046825689], [-73.9213423042668, 40.692820587173046], [-73.92134263487517, 40.692821143916184], [-73.92134307183196, 40.69282181059465], [-73.92134354430264, 40.69282245928715], [-73.92134402861487, 40.69282309898258], [-73.92134456026128, 40.69282372970524], [-73.92134510375985, 40.69282434242572], [-73.92134568276164, 40.69282494616533], [-73.92134629728807, 40.692825522913786], [-73.92134692365599, 40.69282609066525], [-73.92134758553786, 40.69282664043068], [-73.92134825926124, 40.6928271811991], [-73.92134896850918, 40.69282769497638], [-73.92134970144015, 40.692828190759585], [-73.92135044622327, 40.692828668540606], [-73.9213512147, 40.69282911932243], [-73.9213520068598, 40.69282955211012], [-73.92135282269204, 40.69282997590889], [-73.92135365039766, 40.692830363695236], [-73.92135450178633, 40.69283073348749], [-73.92135535319622, 40.69283108526949], [-73.9213560225357, 40.69283133066653], [-73.92135624013068, 40.69283141006038], [-73.9215587690031, 40.69290547141507], [-73.92166091059441, 40.692945254524], [-73.92170060410764, 40.69296071453292], [-73.92175878565875, 40.69298337589605], [-73.92195616001473, 40.6930650964126], [-73.92195755529534, 40.69306575473342], [-73.92195897427995, 40.69306637704981], [-73.92196042881014, 40.69306695436461], [-73.9219618952029, 40.693067504672044], [-73.92196339715173, 40.69306800097277], [-73.921964922794, 40.69306847027415], [-73.92196646032, 40.69306889455791], [-73.92196802155003, 40.693069282837186], [-73.92196959466365, 40.69306962609885], [-73.9219711914919, 40.69306992435085], [-73.92197143989408, 40.693069965042376], [-73.92197278836231, 40.693070186582375], [-73.9219744089473, 40.69307040380428], [-73.92197602958494, 40.69307057600056], [-73.92197766209573, 40.693070712184316], [-73.9219792946592, 40.69307080334243], [-73.92198092727537, 40.69307084947491], [-73.9219825717751, 40.693070850589734], [-73.92198420448611, 40.69307081567601], [-73.92198547402644, 40.693070747197105], [-73.92198584790813, 40.69307072673873], [-73.92198747007664, 40.69307060176651], [-73.92198910293516, 40.693070440780986], [-73.921990712195, 40.693070225748635], [-73.92199232149696, 40.69306997469577], [-73.92199391902061, 40.693069678609255], [-73.92199549292458, 40.69306934648617], [-73.92199705505028, 40.69306896932938], [-73.92194106182897, 40.693113207799165], [-73.92190079223022, 40.69314502442734], [-73.92190023748368, 40.69314390741446], [-73.92189964722324, 40.69314280838774], [-73.9218989977976, 40.693141718326], [-73.9218983010165, 40.693140655247575], [-73.92189796792282, 40.69314019485921], [-73.92189754505957, 40.69313961013919], [-73.92189675358874, 40.69313858301695], [-73.9218959147625, 40.69313758287799], [-73.92189502859142, 40.69313660071713], [-73.92189409506494, 40.69313564553959], [-73.9218931260246, 40.69313470834816], [-73.92189210961826, 40.693133807145074], [-73.921891057698, 40.693132923928175], [-73.92188995841181, 40.69313207669964], [-73.92188882360115, 40.693131256462415], [-73.92188765325555, 40.69313047222154], [-73.92188644738543, 40.69312971497196], [-73.92188612462327, 40.69312952474461], [-73.92188520599088, 40.69312898471364], [-73.92188392905074, 40.69312829945683], [-73.92188262841711, 40.693127641199325], [-73.9218812922485, 40.69312701893827], [-73.92171606226572, 40.693055540989235], [-73.92160420295846, 40.693010374346066]]]]}",516.992055095,20350002677.0,350000
"{'type': 'MultiPolygon', 'coordinates': [[[[-73.84854291657155, 40.747214420739716], [-73.84862062272843, 40.74718991201976], [-73.84862263333868, 40.74719300250308], [-73.84864707803486, 40.74723059570299], [-73.8486659753625, 40.747259364738355], [-73.84868507327994, 40.74728844921173], [-73.84870973795967, 40.74732566267249], [-73.84871189384477, 40.74732891723741], [-73.84863345094756, 40.7473534817824], [-73.84863334665448, 40.74735352396919], [-73.84855039272695, 40.74737952063995], [-73.84852136138379, 40.74738861901369], [-73.84851522358005, 40.74739054162982], [-73.84851324852738, 40.7473874349823], [-73.84848935084825, 40.747349857783064], [-73.84847070230663, 40.747320531632006], [-73.84845233693243, 40.74729165520376], [-73.84842795087118, 40.747253309215495], [-73.84842656102161, 40.74725112455592], [-73.84843027452119, 40.74724995428025], [-73.84846194117637, 40.747239969694995], [-73.84854291657155, 40.747214420739716]]]]}",230.181881678,9350004401.0,350000
"{'type': 'MultiPolygon', 'coordinates': [[[[-73.87694980734831, 40.67041299648421], [-73.87701418384549, 40.670405220024], [-73.8770868055323, 40.67039644736092], [-73.87709651391593, 40.67044990427395], [-73.87710612396783, 40.67050281896995], [-73.8770408946281, 40.670512539685205], [-73.8769752701403, 40.670522319375024], [-73.87696286963158, 40.67046907929904], [-73.87694980734831, 40.67041299648421]]]]}",155.041051297,20350001256.0,350010
"{'type': 'MultiPolygon', 'coordinates': [[[[-73.8355129061365, 40.72196298556023], [-73.835515556776, 40.72196180787651], [-73.83554057683129, 40.72199260687697], [-73.83553678527251, 40.721994231386056], [-73.83545073221303, 40.72203111313417], [-73.83545063268565, 40.72203115531593], [-73.83539094988184, 40.722056736369346], [-73.83536949903733, 40.7220266601475], [-73.83542676332982, 40.722001232337085], [-73.8355129061365, 40.72196298556023]]]]}",120.13741581,9350004401.0,350000
"{'type': 'MultiPolygon', 'coordinates': [[[[-73.82757810667755, 40.71645615474994], [-73.82758772918005, 40.716447704349214], [-73.82759508272424, 40.71645075639034], [-73.82766756481651, 40.71648084295274], [-73.82769689996402, 40.71649387674485], [-73.82771269619786, 40.71650078299755], [-73.82771930231462, 40.71650362589387], [-73.82772716038157, 40.71650700646778], [-73.82774138370029, 40.71651300985094], [-73.8277528432641, 40.71651773847506], [-73.82775440383499, 40.71651838287487], [-73.82776213717733, 40.716521483200616], [-73.82777021574636, 40.71652472272109], [-73.82778583554236, 40.71653075520323], [-73.82780034691825, 40.71653612504956], [-73.82780804566919, 40.71653887322029], [-73.82781476553218, 40.71654121109409], [-73.82782243036033, 40.71654380522561], [-73.8278291292724, 40.71654600708993], [-73.82783582480191, 40.71654814411196], [-73.8278409890725, 40.716549743039195], [-73.82784252049694, 40.71655021719751], [-73.82784921991508, 40.7165522236503], [-73.82785592660674, 40.71655416347577], [-73.82786264412017, 40.71655603757958], [-73.82786572503396, 40.71655686525403], [-73.8278684144716, 40.7165575896847], [-73.82788635988582, 40.716562247847094], [-73.82789156396791, 40.71656355506573], [-73.82789758651035, 40.716565067923824], [-73.8278790305941, 40.7165814168919], [-73.82785674925184, 40.71660086345048], [-73.8278511634937, 40.71660573857401], [-73.82784360646936, 40.716612264989884], [-73.8278434704425, 40.71661223506958], [-73.8278376456827, 40.71661066847369], [-73.82783689230827, 40.71661046563243], [-73.82782933391509, 40.71660835793748], [-73.82782178282118, 40.716606173709486], [-73.82781427095568, 40.71660392290175], [-73.82780957379549, 40.716602468753905], [-73.82780679239423, 40.71660160820698], [-73.827799347132, 40.71659923142626], [-73.82779190559765, 40.716596786211724], [-73.82778830612995, 40.71659556783802], [-73.82778350762882, 40.71659394334072], [-73.82777609366312, 40.7165913639901], [-73.82776757548731, 40.716588323726015], [-73.82775200350515, 40.71658256146662], [-73.82774318211708, 40.716579154238744], [-73.82773528649557, 40.71657610499815], [-73.82771855711995, 40.71656939726589], [-73.82770908137047, 40.71656548657055], [-73.82770482053317, 40.71656372869831], [-73.827700419117, 40.71656187065876], [-73.82769000845994, 40.71655747678875], [-73.82767504656356, 40.71655103914759], [-73.82766682097947, 40.71654744279766], [-73.82765879163514, 40.71654393319003], [-73.82763018349897, 40.716531221959556], [-73.82754350500561, 40.716495241870724], [-73.82753612426848, 40.71649217807899], [-73.82754937911926, 40.71648092892882], [-73.82756394614393, 40.716468437235065], [-73.82757810667755, 40.71645615474994]]]]}",236.497791946,9350004401.0,350000
"{'type': 'MultiPolygon', 'coordinates': [[[[-73.87809216416744, 40.729903854362696], [-73.87813717664685, 40.72988549649708], [-73.8781485879404, 40.72989458300616], [-73.87813448775864, 40.729900709558386], [-73.8781045636636, 40.729913710957305], [-73.87809216416744, 40.729903854362696]]]]}",37.7557525069,9350004553.0,350020
"{'type': 'MultiPolygon', 'coordinates': [[[[-73.98224423564608, 40.745843626420346], [-73.98224406999454, 40.74584320315675], [-73.98228580594589, 40.74586085590903], [-73.98231460545824, 40.74587303698389], [-73.98240395552094, 40.74591082871818], [-73.98240262932404, 40.74591113468773], [-73.98240131495798, 40.74591147667938], [-73.98240002426299, 40.7459118546949], [-73.98239875605842, 40.74591225612703], [-73.98239872527071, 40.745912266928414], [-73.98239749021043, 40.745912700783784], [-73.98239624685057, 40.74591317786221], [-73.98239503900444, 40.745913681961255], [-73.98239384299148, 40.74591421307729], [-73.98239267064727, 40.74591478922224], [-73.98239153381898, 40.745915384283244], [-73.98239042066236, 40.74591601356708], [-73.98238933118127, 40.7459166617652], [-73.98238827721163, 40.74591734598901], [-73.98238725875578, 40.74591805723342], [-73.98238626397342, 40.74591879549664], [-73.98238530470725, 40.7459195517754], [-73.98238438095255, 40.74592034407982], [-73.98238430160335, 40.74592041610822], [-73.98238349271399, 40.745921154399845], [-73.98238263999161, 40.7459219827354], [-73.98238183462337, 40.74592283809341], [-73.98238106477132, 40.745923711466965], [-73.98238033043545, 40.745924602856036], [-73.98237963161338, 40.7459255212658], [-73.98237939471876, 40.745925854416946], [-73.9823507543442, 40.7459653732624], [-73.98234067096868, 40.74597933587118], [-73.98232030166133, 40.746007539311464], [-73.98228986078021, 40.74604970535399], [-73.98225941985817, 40.74609188039332], [-73.9822500352833, 40.74610487505708], [-73.98222896705963, 40.74613404641746], [-73.98219852606265, 40.74617621333562], [-73.98216911545128, 40.74621721695068], [-73.98215734053632, 40.74623363316119], [-73.98213970480347, 40.74625822145844], [-73.98211030596228, 40.74629921695526], [-73.98208089524212, 40.74634022144755], [-73.98206454224771, 40.74636302963128], [-73.98205149632611, 40.74638122593396], [-73.9820329354168, 40.74640715762584], [-73.98202408137, 40.74641953640694], [-73.98202276066539, 40.746421384040076], [-73.98202229870711, 40.74642205934777], [-73.98202186042472, 40.746422752669325], [-73.98202145766356, 40.746423445996435], [-73.98202109041878, 40.74642415733919], [-73.98202075869281, 40.74642487769258], [-73.98202045064521, 40.746425607054725], [-73.98202018995684, 40.746426345429335], [-73.98201995294929, 40.74642708380758], [-73.98201975146053, 40.74642783119649], [-73.98201958549059, 40.746428587596], [-73.9820194550419, 40.74642934400105], [-73.98201934827134, 40.74643011031535], [-73.98201928886536, 40.746430865831016], [-73.98201926497794, 40.746431631257735], [-73.98201926477135, 40.74643239668819], [-73.9820192966029, 40.74643290637984], [-73.98201931192642, 40.746433162126024], [-73.98201938276475, 40.74643391856252], [-73.98201948912191, 40.74643468400961], [-73.98201964284314, 40.746435440458974], [-73.98201982024764, 40.74643618790703], [-73.98194384273948, 40.746405348984105], [-73.98189024119735, 40.74638359243741], [-73.98189046625392, 40.746383265588946], [-73.98189106206107, 40.746382402096955], [-73.98190562202011, 40.74636129741447], [-73.98190758957409, 40.746358118935724], [-73.98190814175717, 40.7463565710519], [-73.98190825195753, 40.74635625949395], [-73.98190879821595, 40.74635472781827], [-73.98190920765876, 40.74635123301706], [-73.98190346760352, 40.7463157323497], [-73.98191587387171, 40.74629864088461], [-73.98202319363256, 40.746150781915134], [-73.98210307343324, 40.74604072724788], [-73.9822252597964, 40.74587238477116], [-73.98222730537044, 40.74586956740193], [-73.98223547226766, 40.745858315932416], [-73.98223991164764, 40.74585219857575], [-73.98224283727983, 40.745848164757625], [-73.98224319258274, 40.745847813614866], [-73.98224351236952, 40.74584744445648], [-73.98224378479988, 40.7458470572807], [-73.98224400987377, 40.74584665208744], [-73.98224418758883, 40.74584623788184], [-73.98224431794743, 40.7458458056588], [-73.98224440094482, 40.74584537342846], [-73.98224443658334, 40.745844932185754], [-73.98224441302031, 40.74584449093391], [-73.98224435393637, 40.74584404967666], [-73.98224423564608, 40.745843626420346]]]]}",534.288361831,12350004056.0,350000
"{'type': 'MultiPolygon', 'coordinates': [[[[-73.87107699635423, 40.77203430552038], [-73.87092989699968, 40.77200135978855], [-73.87090040989553, 40.77199475577599], [-73.87089458943548, 40.771993451628084], [-73.8708879851771, 40.77199197280432], [-73.87087809655056, 40.77198975818992], [-73.87087315460568, 40.77198865133527], [-73.87086173204348, 40.771985832563196], [-73.87083856596583, 40.77198017304372], [-73.87083300028283, 40.771978813347054], [-73.87082803603845, 40.771977601106535], [-73.87081920053457, 40.77197533453791], [-73.8708135225123, 40.771973878360406], [-73.87080684882324, 40.7719721671241], [-73.87078907910939, 40.77196722774491], [-73.87077609903247, 40.771963141109], [-73.87076044425366, 40.77195728018016], [-73.87074176793841, 40.771949531104646], [-73.87073210599148, 40.77194526448323], [-73.87072577436349, 40.7719424685186], [-73.87071926047786, 40.77193959310476], [-73.8706912153821, 40.77192666821761], [-73.87058633360878, 40.77187698131998], [-73.87054053035587, 40.77185505121974], [-73.87074512148438, 40.77188960181961], [-73.8707664460407, 40.77189321965088], [-73.87077474166982, 40.77189717946622], [-73.87077810015745, 40.771898782527984], [-73.87078073447988, 40.77190000116281], [-73.8708100800681, 40.77191358305336], [-73.8708346373678, 40.77192440402638], [-73.87085327961239, 40.77193201076907], [-73.87085900945159, 40.77193423153062], [-73.87086273307797, 40.77193567470945], [-73.87087544383026, 40.77194060120402], [-73.87087705003586, 40.77194119733669], [-73.87088054297129, 40.77194249347425], [-73.8708978490438, 40.77194891454954], [-73.87091632055865, 40.7719553900576], [-73.87092297340905, 40.771957464167336], [-73.87092997784167, 40.771959648532025], [-73.87093087881229, 40.77195987106526], [-73.87094714720205, 40.771963884823904], [-73.87096886404508, 40.77196924193031], [-73.87099968813708, 40.77197661465168], [-73.87103123546079, 40.771983023734464], [-73.87115768619243, 40.77200396774493], [-73.87106664218636, 40.771975816103236], [-73.87103031195683, 40.77196324312959], [-73.87100386190687, 40.771953582630054], [-73.87096209148963, 40.77193602645835], [-73.8709583266743, 40.77193444365847], [-73.87095107635595, 40.771931396337266], [-73.87093004972499, 40.77192255955251], [-73.87092357690923, 40.77191988050609], [-73.87093005278798, 40.771920979171306], [-73.87095750533098, 40.771925525947594], [-73.87096636843948, 40.771926993789435], [-73.87114396935219, 40.77195640489235], [-73.87122354800523, 40.771974459815404], [-73.87152853483134, 40.77202838566688], [-73.87159338766598, 40.77203985293625], [-73.87162254775389, 40.772044708528696], [-73.87182876082107, 40.77207904919181], [-73.87185337984535, 40.77208314865395], [-73.8720013569264, 40.77210779063336], [-73.87228689189641, 40.77215618178037], [-73.87258127476173, 40.77220557886161], [-73.87274807197501, 40.77223567703407], [-73.87275462474695, 40.77223685942841], [-73.8727550261545, 40.772236931912], [-73.87302303993293, 40.77228529467804], [-73.87323368053583, 40.77231923067526], [-73.8733238416712, 40.7723340053463], [-73.87337247761758, 40.77234197513649], [-73.8734894689269, 40.772360532460816], [-73.87359593000589, 40.77237163004657], [-73.873609369701, 40.772372712787245], [-73.87363452590435, 40.77237473859707], [-73.87370310057649, 40.77238026183131], [-73.87390448065518, 40.772388299663476], [-73.8738730143599, 40.77240140267583], [-73.87383073071496, 40.77241786442135], [-73.87378331492059, 40.77243540113436], [-73.87374144568433, 40.77245005418863], [-73.87370755541029, 40.772460879826646], [-73.87369259375758, 40.77246533803079], [-73.87366096688096, 40.77246189675089], [-73.87357528205828, 40.77245257170254], [-73.87340768962227, 40.77243218308936], [-73.87338921917083, 40.772429935848756], [-73.87333479902294, 40.77242331586636], [-73.87315380648917, 40.77239108313227], [-73.87297439490898, 40.77235913011215], [-73.87264210617953, 40.772302102698404], [-73.87225676364646, 40.772236095126516], [-73.87207021944616, 40.77220435071098], [-73.8717753397969, 40.77215417013329], [-73.87160857599667, 40.77212550509172], [-73.87159894210119, 40.772123849135575], [-73.87154288174457, 40.77211421249134], [-73.87146640504132, 40.772101067195706], [-73.87144144645055, 40.77209677726569], [-73.87137063928736, 40.772084605373294], [-73.87136198939484, 40.77208311889005], [-73.87132556867729, 40.772076858442], [-73.87122274914007, 40.772059256685495], [-73.87107699635423, 40.77203430552038]]]]}",2066.82347012,0.0,350000
"{'type': 'MultiPolygon', 'coordinates': [[[[-73.92046884741744, 40.7786774688953], [-73.92049384137258, 40.778656837619806], [-73.92049921534343, 40.77865240185002], [-73.92052528834425, 40.77863087801352], [-73.92057227141504, 40.778592082539106], [-73.92058737234282, 40.77857961288215], [-73.92061925443221, 40.77855328614482], [-73.92066624212657, 40.778514495137415], [-73.92068698139185, 40.77849737285025], [-73.9207132250332, 40.778475699604854], [-73.92074310794123, 40.7784409553605], [-73.92094509533358, 40.77827885686576], [-73.92098350935554, 40.778244298511055], [-73.92100411864735, 40.77822575688503], [-73.9210422959229, 40.77825293950644], [-73.92102067497989, 40.77827147954535], [-73.92101067500815, 40.778280054480604], [-73.9207783776084, 40.778466641234374], [-73.92071664708452, 40.778516736959745], [-73.92070286856969, 40.7785279207256], [-73.920653600269, 40.77856790514438], [-73.92060433190922, 40.77860788954185], [-73.92058734824215, 40.77862167443823], [-73.92055506349021, 40.77864787391804], [-73.9205251466865, 40.778672148846994], [-73.92052452060187, 40.778672658099595], [-73.92049545515282, 40.778696243822985], [-73.92048225899339, 40.77868693162621], [-73.92046884741744, 40.7786774688953]]]]}",467.680487374,13350003941.0,350000
"{'type': 'MultiPolygon', 'coordinates': [[[[-73.83700295680848, 40.74265432190308], [-73.83701466891786, 40.74264261836037], [-73.83702923783042, 40.74262806244609], [-73.83705430584857, 40.742603013351285], [-73.83706660662766, 40.74259072260405], [-73.83707937582385, 40.74257812454425], [-73.83708853821521, 40.742569084693216], [-73.83710981952072, 40.74254707124693], [-73.83711561862026, 40.74254077859077], [-73.83712811434735, 40.74253300416265], [-73.83713046574391, 40.74253154146011], [-73.83713754127956, 40.742527138974204], [-73.83713659040545, 40.74252865048381], [-73.83713569868573, 40.74253018008725], [-73.83713487793813, 40.74253173680631], [-73.83713414002438, 40.74253331165263], [-73.83713346126508, 40.74253490459281], [-73.83713285349992, 40.74253651564355], [-73.83713232975263, 40.74253814482323], [-73.8371318628138, 40.74253978308836], [-73.83713147991487, 40.74254143047743], [-73.83713116803212, 40.74254308697195], [-73.8371309390053, 40.74254475258878], [-73.83713078101667, 40.742546418306006], [-73.83713069404422, 40.7425480931288], [-73.83713067811, 40.742549768052065], [-73.8371307450537, 40.74255144309248], [-73.83713088305765, 40.74255310922833], [-73.83713110387345, 40.742554802496564], [-73.83713140758925, 40.74255648687689], [-73.83713177052563, 40.74255816233592], [-73.8371322282237, 40.74255981991874], [-73.83713274512031, 40.742561477585305], [-73.83713334496095, 40.74256310835391], [-73.83713401586186, 40.7425647302179], [-73.83714110345728, 40.74258106645906], [-73.83715091427095, 40.74260367048722], [-73.83715238242047, 40.742607053071964], [-73.83715645600506, 40.74261645113512], [-73.8371597664709, 40.7426241731734], [-73.83715210873639, 40.74263231735058], [-73.8371269917935, 40.742658017464976], [-73.8371096735173, 40.74267507021506], [-73.83710125530358, 40.74268335919569], [-73.83707490875354, 40.74270833625209], [-73.83706899579298, 40.742713734540104], [-73.83706256827803, 40.74269812053593], [-73.83705272860537, 40.74267425214579], [-73.83704318205064, 40.74265107846148], [-73.83703831013236, 40.74264811519877], [-73.8370358440272, 40.74264661506427], [-73.83703073995638, 40.74264562628781], [-73.83702793996147, 40.74264654984947], [-73.83702559142773, 40.74264732366497], [-73.83702182352249, 40.74265091316291], [-73.8370195839575, 40.742655541308764], [-73.83702281319988, 40.74266403317077], [-73.83703405729268, 40.7426936136749], [-73.83704326855256, 40.74271785038593], [-73.83704556491845, 40.7427238843402], [-73.83704874006806, 40.74273222754094], [-73.83704796163916, 40.74273293874175], [-73.83702335503787, 40.742756167659635], [-73.8369992957866, 40.74277972963446], [-73.8369989527632, 40.74278007854628], [-73.83697579456125, 40.74280361657716], [-73.83695950475241, 40.742820805836466], [-73.83695285730398, 40.74282781949134], [-73.83695248690759, 40.7428282259968], [-73.83694978019146, 40.74282150977493], [-73.83694747713534, 40.74281579278835], [-73.8369376799703, 40.74279149760788], [-73.83692624459252, 40.7427631667296], [-73.83692305172832, 40.74275529446632], [-73.83691877739453, 40.7427447236488], [-73.83691716863406, 40.74274074562598], [-73.83693152441244, 40.742726214636626], [-73.83693956934401, 40.742718071022324], [-73.83697067438872, 40.74268678906889], [-73.83700295680848, 40.74265432190308]]]]}",316.661599183,9350005101.0,350000
"{'type': 'MultiPolygon', 'coordinates': [[[[-73.90886821415037, 40.80590183902387], [-73.90892320908651, 40.80586952215973], [-73.90892554018662, 40.805870381276215], [-73.90892609808692, 40.80587058703072], [-73.90892921251974, 40.80587145937293], [-73.90893218798337, 40.80587169405217], [-73.90893573410754, 40.805871469927695], [-73.90894080380721, 40.80587071751325], [-73.90892512779419, 40.80588162457856], [-73.90884851632302, 40.80593492848828], [-73.9088291238168, 40.80594842153583], [-73.90882882490386, 40.80594515609079], [-73.90882877002443, 40.80594455721571], [-73.90882666224452, 40.8059398558455], [-73.90882262036253, 40.80593343749537], [-73.90882208704353, 40.805932589704206], [-73.90881919635898, 40.805931023251496], [-73.9088255036284, 40.80592744245372], [-73.90885260568585, 40.805911002766926], [-73.90886821415037, 40.80590183902387]]]]}",90.5977568029,14350004055.0,350000
"{'type': 'MultiPolygon', 'coordinates': [[[[-73.91762454606646, 40.77821181907911], [-73.91763469311013, 40.77820344265301], [-73.9176359785372, 40.778202380978705], [-73.91766257641513, 40.778180427722866], [-73.91766819125598, 40.77817579414619], [-73.91768329262318, 40.778163332973556], [-73.91773061851083, 40.77812427595218], [-73.91777794434296, 40.77808521891111], [-73.9178252582735, 40.77804616184195], [-73.91783071300365, 40.778041663218524], [-73.9178725839946, 40.7780071047616], [-73.91787305956107, 40.778006666555754], [-73.91787330742392, 40.77800643890522], [-73.91787400718339, 40.77800575502194], [-73.917874683273, 40.77800505311171], [-73.91787531200073, 40.77800433315771], [-73.9178759170586, 40.77800359517675], [-73.9178764866006, 40.77800283916044], [-73.9178770087696, 40.778002074105316], [-73.91787750725766, 40.77800130002831], [-73.91787797022978, 40.77800050791595], [-73.9178783976861, 40.7779996977682], [-73.91787878960433, 40.77799888759512], [-73.91787913416069, 40.777998059378234], [-73.91787945502497, 40.777997231144475], [-73.9178797285274, 40.77799638486687], [-73.91787976779918, 40.777996239013454], [-73.91787995464571, 40.77799553855558], [-73.91788015708309, 40.777994683222325], [-73.91788031213636, 40.77799382785531], [-73.9178804316627, 40.77799296345794], [-73.91788050380492, 40.77799209902682], [-73.91788055225511, 40.777991234578835], [-73.91792924076717, 40.77802380082398], [-73.91797900643067, 40.778057086416176], [-73.91797693338609, 40.778057075935585], [-73.917974872132, 40.77805711048847], [-73.91797279895425, 40.77805720806802], [-73.91797074941316, 40.778057350689494], [-73.9179696819591, 40.77805745258691], [-73.9179686879594, 40.778057547332615], [-73.91796665013112, 40.778057798022644], [-73.91796462408236, 40.77805810275121], [-73.91796259797806, 40.778058452504766], [-73.91796060734526, 40.778058856313756], [-73.91795862849197, 40.77805931416127], [-73.91795666141805, 40.778059826047276], [-73.91795472982673, 40.77806038298366], [-73.91790837680122, 40.77809837819729], [-73.91790683526182, 40.77809963780278], [-73.91786201186567, 40.77813638238866], [-73.91781565873434, 40.77817437756454], [-73.91776929370407, 40.77821237271314], [-73.91773690928454, 40.77823892343107], [-73.91772294045582, 40.77825037685632], [-73.91770781783687, 40.77826277048115], [-73.91768477637751, 40.77828165287232], [-73.91768334747752, 40.77828282340549], [-73.91767602865909, 40.77828882182795], [-73.91762454606646, 40.77821181907911]]]]}",295.892270745,13350003929.0,350000
"{'type': 'MultiPolygon', 'coordinates': [[[[-73.8582170559614, 40.67817501053932], [-73.85828046896276, 40.678170443803126], [-73.85835303136922, 40.67816521831223], [-73.85835204807282, 40.67816594651945], [-73.85835110018473, 40.67816671079088], [-73.85835018774321, 40.67816749311627], [-73.85834931072911, 40.67816830250073], [-73.85834910922756, 40.67816850036608], [-73.85834846914244, 40.67816913894422], [-73.85834767484977, 40.67816998445113], [-73.85834690415628, 40.67817085700257], [-73.85834618071847, 40.67817175662765], [-73.85834549274634, 40.67817266530153], [-73.85834485204906, 40.6781735920439], [-73.85834425862663, 40.678174536854826], [-73.85834370066989, 40.67817549071456], [-73.85834317815974, 40.678176462628265], [-73.85834271475271, 40.678177452624986], [-73.85834228681138, 40.67817845167057], [-73.85834219759431, 40.67817868929689], [-73.85834190616403, 40.67817945977955], [-73.85834157281073, 40.678180476951894], [-73.85834128677048, 40.6781814941825], [-73.85834103617681, 40.67818252946703], [-73.85834084472455, 40.678183564824415], [-73.858340688738, 40.67818460923058], [-73.85834059189285, 40.6781856537096], [-73.85834053051343, 40.67818670723737], [-73.85834052829455, 40.67818775183289], [-73.8583405615605, 40.6781887964721], [-73.85834065394876, 40.678189850189256], [-73.85834078186011, 40.67819088593977], [-73.85834095706548, 40.678191930753734], [-73.85834117960312, 40.6781929666208], [-73.85834136492146, 40.67819370527185], [-73.8583540813495, 40.678244473993004], [-73.85836698309676, 40.6782959903686], [-73.85836743817164, 40.67829780997049], [-73.85837950359337, 40.678346023123765], [-73.85837987305474, 40.67834749772272], [-73.85839277484185, 40.67839901409478], [-73.85840566483962, 40.678450521445356], [-73.85841856668569, 40.67850202880873], [-73.85843145670424, 40.67855354516093], [-73.85844435859015, 40.67860505252075], [-73.85845772871865, 40.67865887478007], [-73.85847111071625, 40.67871268804689], [-73.85848448090707, 40.67876650129726], [-73.85849786294786, 40.67882031456029], [-73.85851123316267, 40.67887413681198], [-73.85852461524665, 40.67892795007117], [-73.85853799735222, 40.67898176332842], [-73.85855136765089, 40.67903557656924], [-73.85856474978056, 40.67908939882785], [-73.85857812012246, 40.67914321206487], [-73.85859150231435, 40.67919702531453], [-73.85860487269942, 40.679250838547745], [-73.85861744442694, 40.6793014242503], [-73.8586177857281, 40.679302796154886], [-73.85861825491546, 40.6793046607987], [-73.8586185955741, 40.67930577785664], [-73.85861898238288, 40.67930688596606], [-73.85856639880546, 40.67931019827567], [-73.85856532107796, 40.67931026899216], [-73.85851065423199, 40.67931370478764], [-73.85849953518029, 40.67926978197376], [-73.85848759394243, 40.6792225712654], [-73.85847565272147, 40.67917536055556], [-73.85846891849877, 40.6791487321304], [-73.85846371153654, 40.679128140839055], [-73.85845724241193, 40.679102565441895], [-73.8584517703494, 40.67908093012616], [-73.85843982917916, 40.67903371941178], [-73.85842863667384, 40.67898822419876], [-73.85842656563696, 40.678979807232494], [-73.85842265931055, 40.67896391823079], [-73.85842182667707, 40.678960533068505], [-73.8584167968912, 40.67894007346785], [-73.85841331392544, 40.678925904071015], [-73.85840005040693, 40.678872000893094], [-73.8583963199991, 40.6788568280167], [-73.85838865983622, 40.678825667051406], [-73.85838679873831, 40.678818097727856], [-73.85837353526267, 40.67876419454619], [-73.85836028365598, 40.67871028237208], [-73.85834702022323, 40.67865637918664], [-73.85833376864032, 40.67860247601388], [-73.85832113831836, 40.67855123913059], [-73.85830850799667, 40.67850001125076], [-73.85829588954185, 40.67844877437863], [-73.8582832592781, 40.67839753749026], [-73.85827062901467, 40.67834630960528], [-73.85826699594875, 40.67833155648387], [-73.85826082747127, 40.67830651184711], [-73.85825801061803, 40.678295072728076], [-73.85824538039336, 40.678243844839706], [-73.85823323101285, 40.67819456265607], [-73.85823275020722, 40.67819260794452], [-73.85823217332049, 40.67819133750653], [-73.8582315254258, 40.67819008499141], [-73.85823099751154, 40.678189146904074], [-73.8582308301797, 40.67818885042824], [-73.85823007577314, 40.6781876247973], [-73.85822926214855, 40.678186435114036], [-73.85822840119175, 40.67818525437763], [-73.85822748103611, 40.678184100583735], [-73.85822651350996, 40.678182973746914], [-73.85822549861327, 40.67818187386719], [-73.85822442451784, 40.67818080093002], [-73.85822331486096, 40.678179763969595], [-73.85822214602443, 40.67817874494657], [-73.85822094162651, 40.67817776190034], [-73.85821968983893, 40.67817681481637], [-73.85821839068089, 40.678175894689446], [-73.85821723313671, 40.67817512782469], [-73.8582170559614, 40.67817501053932]]]]}",915.703927573,20350002309.0,350000
"{'type': 'MultiPolygon', 'coordinates': [[[[-73.99027324285044, 40.774061550384694], [-73.9903500856358, 40.77395680946049], [-73.99034995591892, 40.77396097067306], [-73.99035023159962, 40.773963144509885], [-73.99035048243412, 40.77396511843304], [-73.99035165453141, 40.7739691797988], [-73.99035345326858, 40.77397308362903], [-73.99035584667325, 40.773976762383285], [-73.99035663662386, 40.773977671957226], [-73.99035879211164, 40.77398015212231], [-73.99036223984201, 40.77398319340867], [-73.99037178179307, 40.77398757335148], [-73.9903741921546, 40.77398867937027], [-73.9903750449606, 40.77398907116027], [-73.99075068919392, 40.774144707906295], [-73.99127273533139, 40.77436612012204], [-73.99135457517919, 40.774401782597984], [-73.9913635167798, 40.77440550324532], [-73.99137593007796, 40.77441066765775], [-73.9913814178527, 40.77441216740539], [-73.99138157539079, 40.77441221064132], [-73.99138743636342, 40.774413185423484], [-73.99139341468133, 40.77441357488733], [-73.99139940847449, 40.774413373622274], [-73.99140531824132, 40.774412584322306], [-73.99141104329412, 40.77441121958707], [-73.9914160600441, 40.774409454075034], [-73.99141648768202, 40.77440930372294], [-73.99142155900665, 40.77440686914118], [-73.99129622642019, 40.77450720096045], [-73.9912980891383, 40.77450245455129], [-73.99129923285707, 40.774497578415385], [-73.99129963267652, 40.77449276165653], [-73.99129964335407, 40.774492633785925], [-73.99129931469825, 40.774487686399155], [-73.99129825043516, 40.77448279929049], [-73.9912964671402, 40.77447803549637], [-73.99129514669652, 40.77447559863625], [-73.9912939849428, 40.7744734562525], [-73.99129083581776, 40.77446912099442], [-73.99128706358601, 40.774465085556464], [-73.99128473030088, 40.77446311057756], [-73.99128271325311, 40.77446140217129], [-73.99127784285558, 40.77445811766928], [-73.99127251516819, 40.77445527527928], [-73.99079711017592, 40.77426274322211], [-73.9903242585418, 40.77405992386932], [-73.9903233998091, 40.774059555491604], [-73.99032122040488, 40.77405862058666], [-73.99031534772679, 40.77405700549171], [-73.99031276314199, 40.774056555923586], [-73.99030925582949, 40.77405594688878], [-73.99030558500478, 40.774055659319586], [-73.99030303473523, 40.7740554591934], [-73.99029677920524, 40.77405555051806], [-73.99029058044847, 40.77405621996994], [-73.9902845320446, 40.77405745585048], [-73.9902790237206, 40.77405914923164], [-73.9902787240203, 40.77405924195816], [-73.99027324285044, 40.774061550384694]]]]}",775.019650645,13350004139.0,350000
"{'type': 'MultiPolygon', 'coordinates': [[[[-73.8770868055323, 40.67039644736092], [-73.87708825921271, 40.67039700723409], [-73.87708974845683, 40.67039752211946], [-73.87709124959419, 40.67039800099682], [-73.87709277445182, 40.67039844387885], [-73.87709432304625, 40.670398841760424], [-73.87709588353398, 40.67039920363403], [-73.877097293966, 40.670399486101836], [-73.87709746775846, 40.670399520507154], [-73.87709905206596, 40.67039979235454], [-73.87710066009367, 40.67040002820657], [-73.87710226818776, 40.67040022803802], [-73.87710388820825, 40.67040037385119], [-73.87710550829519, 40.67040048364377], [-73.87710714029201, 40.67040054842325], [-73.87710877235513, 40.6704005771821], [-73.87711040450127, 40.67040056091521], [-73.87714511394712, 40.67039554608964], [-73.87717173159666, 40.67039171129619], [-73.87723304686538, 40.67038285262668], [-73.87729437392822, 40.67037400294226], [-73.87735568916438, 40.670365144207395], [-73.87741701619464, 40.670356294457584], [-73.87742283305074, 40.67035544606542], [-73.8774785563243, 40.67034731882974], [-73.87754009643741, 40.670338343168964], [-73.87760162470711, 40.670329367462706], [-73.8776631647871, 40.67032039173609], [-73.87772470486706, 40.6703114069714], [-73.8777862449139, 40.67030243117894], [-73.87779708126376, 40.67030084877613], [-73.87784018649147, 40.67029456302508], [-73.87784778494424, 40.67029345535352], [-73.87784914564641, 40.67029312360724], [-73.87785049458759, 40.670292755827816], [-73.8778518317679, 40.67029235201524], [-73.87785313353349, 40.67029191214439], [-73.87785443536505, 40.670291436252946], [-73.87785570176534, 40.67029093330837], [-73.87785694457786, 40.67029039431812], [-73.87785816380254, 40.67028981928215], [-73.8778593594229, 40.670289217205614], [-73.87785984598777, 40.67028895567196], [-73.87786053143894, 40.670288588088496], [-73.87786166804023, 40.670287922913126], [-73.87786278103722, 40.6702872306972], [-73.87786385860302, 40.670286511428166], [-73.8778649007376, 40.67028576510605], [-73.87786590745746, 40.67028498272564], [-73.87786687872965, 40.670284182297266], [-73.87788104880967, 40.670337007215586], [-73.87789318437548, 40.670382246725], [-73.87789518837326, 40.67038971683335], [-73.87789391202385, 40.67038919317924], [-73.87789262378162, 40.67038870553314], [-73.87789131183612, 40.67038824487736], [-73.87788997615448, 40.67038782922223], [-73.87788862857994, 40.670387449575074], [-73.87788725730215, 40.67038709691823], [-73.8778862985294, 40.67038688337869], [-73.87788587411502, 40.670386789274524], [-73.87788447905156, 40.67038650863368], [-73.87788307207882, 40.670386273006024], [-73.87788165321318, 40.67038607338636], [-73.87788023428159, 40.67038590978725], [-73.87787903403068, 40.67038581035691], [-73.87787880344067, 40.670385791201305], [-73.87787736072343, 40.670385699618215], [-73.87787591792372, 40.67038565306086], [-73.87787447505804, 40.67038564252404], [-73.87787303210992, 40.67038567701294], [-73.87786738798742, 40.67038649409314], [-73.87782281349621, 40.67039294488952], [-73.87780458336992, 40.670395582050894], [-73.8777361346261, 40.670405478042966], [-73.87772544024506, 40.670407025470766], [-73.87766768584544, 40.670415382999415], [-73.87765262024905, 40.67041756333783], [-73.87759923704441, 40.67042528791517], [-73.87759721410247, 40.6704255802317], [-73.87753077639618, 40.67043519277759], [-73.87752439288816, 40.670436115314786], [-73.87747124153583, 40.67044379955634], [-73.8774623275711, 40.67044508860671], [-73.87739842027844, 40.6704543363607], [-73.87739387870913, 40.67045499340021], [-73.87734940823134, 40.67046142881533], [-73.87734538836712, 40.67046201076576], [-73.87732542982678, 40.67046489815299], [-73.87727256825269, 40.670472547491656], [-73.87725698092416, 40.670474802865066], [-73.87718852019087, 40.670484698518614], [-73.87716736796892, 40.67048776470743], [-73.8771241904867, 40.67049400780502], [-73.87712007124753, 40.67049460314915], [-73.87711884041815, 40.67049505209264], [-73.87711763317617, 40.670495537081955], [-73.87711643769472, 40.67049605810447], [-73.87711527764426, 40.670496606180315], [-73.87711414119785, 40.67049718129683], [-73.87711302833895, 40.67049779245919], [-73.87711195091097, 40.670498430674876], [-73.87711089708704, 40.67049909593122], [-73.87710987869409, 40.67049978824091], [-73.87710888390517, 40.67050050759131], [-73.87710792454727, 40.67050125399503], [-73.87710764144079, 40.670501494130455], [-73.87710701244725, 40.67050202746472], [-73.87710612396783, 40.67050281896995], [-73.87709651391593, 40.67044990427395], [-73.8770868055323, 40.67039644736092]]]]}",523.705381663,20350001252.0,350000
"{'type': 'MultiPolygon', 'coordinates': [[[[-73.87576437224031, 40.73076067747437], [-73.87577505611934, 40.730757919034026], [-73.87578104467303, 40.73077258308434], [-73.87578142175626, 40.73077350651314], [-73.87577836501947, 40.73077427945468], [-73.87564979839425, 40.73080681296737], [-73.87558593723777, 40.730822977467895], [-73.87558589223289, 40.73082298912591], [-73.87552314550484, 40.73083886663272], [-73.87545773281786, 40.73085542470855], [-73.87535951305097, 40.73088029136039], [-73.87518693278443, 40.730923984445845], [-73.8751676909943, 40.73092885605494], [-73.87516698158178, 40.73092903538775], [-73.87516578036619, 40.73092634336373], [-73.87515995817904, 40.73091329857769], [-73.8752791517011, 40.730883555143656], [-73.87540059447264, 40.730853071099865], [-73.87543059342006, 40.73084549695433], [-73.87549623578602, 40.730828922032536], [-73.87552194864523, 40.73082242924312], [-73.87555883569428, 40.73081306059086], [-73.87562260102028, 40.73079686538453], [-73.87564320947973, 40.730791631369584], [-73.87576437224031, 40.73076067747437]]]]}",371.105047701,9350004553.0,350020
"{'type': 'MultiPolygon', 'coordinates': [[[[-73.86891604645011, 40.73281202134023], [-73.86898046921361, 40.73279078320702], [-73.86898157287357, 40.73279120319951], [-73.86898194667741, 40.73279134410426], [-73.86899167143925, 40.73279503735024], [-73.86899170574283, 40.73279505089688], [-73.86903723857255, 40.732812359146386], [-73.86905326473502, 40.732818450405254], [-73.86905586478758, 40.73281943851885], [-73.86908189606964, 40.732829333194296], [-73.86909673932277, 40.73283497464868], [-73.86910622395958, 40.732838579362074], [-73.86911486399309, 40.73284186343396], [-73.8691333648375, 40.73284889402387], [-73.86913999745964, 40.73285141578282], [-73.8690758466437, 40.73287281640595], [-73.8690757589842, 40.732872846023085], [-73.86903388056353, 40.732886824732454], [-73.86900985966342, 40.73289484255953], [-73.86900338203108, 40.73289236599488], [-73.86897422677258, 40.73288122144264], [-73.86896380885946, 40.73287723924355], [-73.8689262305807, 40.73286202649934], [-73.86890966936309, 40.73285532226757], [-73.86886366443375, 40.73283669238314], [-73.86885445351417, 40.73283296279071], [-73.86885360188819, 40.73283260161714], [-73.8689159587906, 40.73281205095724], [-73.86891604645011, 40.73281202134023]]]]}",176.014703062,9350004489.0,350000
"{'type': 'MultiPolygon', 'coordinates': [[[[-73.87093087750223, 40.77149545589926], [-73.87094443278885, 40.7714930100051], [-73.87096431197612, 40.77149794181764], [-73.87099773638762, 40.77150623506603], [-73.87108850743691, 40.77152819189183], [-73.8711794927431, 40.77154963739922], [-73.87127068401458, 40.77157057067791], [-73.87128229205477, 40.77157300059913], [-73.8712915794337, 40.77157494525673], [-73.87131093327444, 40.77157899663002], [-73.87130093945854, 40.77158342945538], [-73.87122158457304, 40.77161956086673], [-73.87111926215012, 40.77167352803391], [-73.87111842741595, 40.771673968347216], [-73.87110859794609, 40.771679153260585], [-73.87109301900573, 40.7716873700417], [-73.87108581532334, 40.7716853295445], [-73.87107960251838, 40.771683569311854], [-73.87107196199915, 40.77168140495598], [-73.87106840810506, 40.77168039781774], [-73.87101265387838, 40.771664603610034], [-73.87097072102499, 40.7716527249369], [-73.870945431, 40.77164597795263], [-73.87093059344701, 40.771642018925974], [-73.87092816886269, 40.77164137234955], [-73.87083263513001, 40.771615009295445], [-73.87073856545112, 40.771589893201515], [-73.8706204631243, 40.77154923886445], [-73.8707567355271, 40.771526419040114], [-73.87093087750223, 40.77149545589926]]]]}",410.775052894,11350000146.0,350000
"{'type': 'MultiPolygon', 'coordinates': [[[[-73.90771145254723, 40.80529478309927], [-73.90775240525514, 40.805254895859704], [-73.90779448289531, 40.80521391269752], [-73.90780285569274, 40.80521893607351], [-73.90781524022373, 40.80522637509351], [-73.9078521144022, 40.80524851182243], [-73.90785333284704, 40.805249242200496], [-73.90787685033153, 40.80526337181404], [-73.90787688822319, 40.805263394356814], [-73.9078362741906, 40.8053035196429], [-73.90779645520755, 40.80534285941483], [-73.90779630837132, 40.80534277645147], [-73.90777225686361, 40.805329167783334], [-73.90776747403332, 40.805326463360664], [-73.90773113093246, 40.80530591190808], [-73.90771457754579, 40.805296551479294], [-73.90771145254723, 40.80529478309927]]]]}",132.306675232,14350004055.0,350000
"{'type': 'MultiPolygon', 'coordinates': [[[[-73.9605487675318, 40.817519431055345], [-73.96054807530732, 40.8175154416181], [-73.96055366386712, 40.817517710080374], [-73.96055821316415, 40.81751955585391], [-73.96059290348461, 40.81753363617535], [-73.96060018425877, 40.81753659139219], [-73.96064010528588, 40.81755279505689], [-73.96065117932172, 40.817557289613724], [-73.96069458434195, 40.81757490732773], [-73.96068535321476, 40.81758686727925], [-73.96067493942698, 40.81760035947204], [-73.96049556397217, 40.817832752368325], [-73.96046958208976, 40.81786641393429], [-73.96046131528387, 40.81787712340811], [-73.96045552057029, 40.817884630662526], [-73.96045403802636, 40.81789213399268], [-73.9604261406624, 40.81787591458092], [-73.96042135246906, 40.81787313130325], [-73.96037515193754, 40.81784626982886], [-73.96036852359623, 40.81784241612653], [-73.96033029156672, 40.81782018682604], [-73.96035731434326, 40.81778231312557], [-73.96037274812078, 40.817760681296754], [-73.96037379860228, 40.81776018368314], [-73.96037743734557, 40.817758462283464], [-73.96037827923276, 40.81775793037922], [-73.96038046458375, 40.817756547066786], [-73.9603816823569, 40.81775577575955], [-73.96038539066622, 40.81775267932511], [-73.96038848163178, 40.81774924139021], [-73.96054400172774, 40.81753489725662], [-73.96054628796456, 40.81753126903722], [-73.96054786432877, 40.81752742805763], [-73.9605484099292, 40.81752482220682], [-73.96054850977625, 40.817524347679225], [-73.96054869758423, 40.81752345445075], [-73.9605487675318, 40.817519431055345]]]]}",349.948070582,13350000351.0,350000
"{'type': 'MultiPolygon', 'coordinates': [[[[-73.94433790035632, 40.75259328797143], [-73.9443421183659, 40.752593212566104], [-73.94435442188598, 40.752592986179856], [-73.94435515962317, 40.75259297302865], [-73.94436699805861, 40.7525980747093], [-73.94443001725095, 40.75262523106505], [-73.94449901313344, 40.75265496301113], [-73.94449394610726, 40.75265500919691], [-73.94448351363967, 40.752655112230066], [-73.94447701022759, 40.752655169429374], [-73.94441013281791, 40.75262541868134], [-73.94434914443104, 40.752598288510036], [-73.94433790035632, 40.75259328797143]]]]}",101.342285815,10350001565.0,350000
"{'type': 'MultiPolygon', 'coordinates': [[[[-73.92203687666436, 40.73437033037566], [-73.92207789048543, 40.73435403552163], [-73.92208538004238, 40.73435954089407], [-73.92208877234322, 40.7343620348957], [-73.92210568417683, 40.73437446524653], [-73.92213662298443, 40.734397205093956], [-73.92215940631905, 40.73441395013993], [-73.92217329963931, 40.734424162289386], [-73.92222465031767, 40.73446190486673], [-73.92222740509199, 40.7344639301694], [-73.92223566705151, 40.73447000337378], [-73.92224127359367, 40.734474124283615], [-73.92224997319823, 40.73448051836341], [-73.92227392757626, 40.73449812506306], [-73.9223398766998, 40.73454659709158], [-73.92236675150478, 40.734566348950864], [-73.92236860498029, 40.734567711768875], [-73.9223728536642, 40.73457083399369], [-73.92235793191277, 40.73457655206722], [-73.92233540064343, 40.73458518625589], [-73.92233085603321, 40.734582037715406], [-73.9223291432292, 40.73458085059077], [-73.9223250990271, 40.734578004958344], [-73.92230123480837, 40.73456121599194], [-73.92228396031656, 40.73454906188154], [-73.92228137103994, 40.734547236604804], [-73.92226982277239, 40.7345391170318], [-73.9222109873498, 40.73449773496781], [-73.92219999994194, 40.73448986610788], [-73.92219417446944, 40.73448567931102], [-73.92218579052272, 40.73447965284768], [-73.922185730199, 40.73447960868201], [-73.92218310903282, 40.734477724848446], [-73.92217954399295, 40.734475137080054], [-73.92217772717106, 40.73447381840862], [-73.92212932474303, 40.73443868747709], [-73.92212198057594, 40.73443336050657], [-73.92211680816516, 40.73442953435078], [-73.92210159137066, 40.73441827670961], [-73.92209654670509, 40.73441454519266], [-73.92208941557219, 40.73440926969314], [-73.92208233530076, 40.73440403204894], [-73.92207541352643, 40.73439891157766], [-73.92206871530266, 40.73439395695073], [-73.92206612496058, 40.73439204071708], [-73.92206221106112, 40.734389144735026], [-73.92205593273442, 40.73438450106692], [-73.92205025882268, 40.73438030355922], [-73.92204662288374, 40.7343776130807], [-73.92204456125515, 40.73437608892555], [-73.92204427028554, 40.73437587350706], [-73.92203894772315, 40.73437188875663], [-73.92203822622, 40.73437134886366], [-73.92203687666436, 40.73437033037566]]]]}",252.0195668,10350004491.0,350020
"{'type': 'MultiPolygon', 'coordinates': [[[[-73.84823447014575, 40.74342567696487], [-73.8481859508266, 40.74342490161835], [-73.84813742996053, 40.74342532482572], [-73.84808894305222, 40.74342695203685], [-73.84804055879896, 40.74342977073535], [-73.84799232335928, 40.74343378728574], [-73.84794427819065, 40.74343899273794], [-73.84789647894416, 40.74344538446418], [-73.84784898364494, 40.74345295713829], [-73.84780183968503, 40.743461695514675], [-73.84775569026132, 40.743471471671334], [-73.84775508731762, 40.74347159964698], [-73.84770878933506, 40.74348265070803], [-73.8476460599545, 40.74349885973872], [-73.84758395617965, 40.74351640771826], [-73.84752252304827, 40.74353527309511], [-73.8474724944857, 40.74355189867079], [-73.84738855019928, 40.74357741503176], [-73.84730361533381, 40.74360323529048], [-73.84729853602337, 40.74360477652976], [-73.84728687627374, 40.74360829916674], [-73.84728034439443, 40.743610273424615], [-73.8472711727509, 40.743613044733316], [-73.84726780787955, 40.74361406144743], [-73.84723605604766, 40.74362365567449], [-73.84721985726493, 40.743628550962036], [-73.84719316340436, 40.743636612017724], [-73.84716055729496, 40.743646466237855], [-73.84714892089238, 40.743650127570085], [-73.84713789350374, 40.74365359610022], [-73.8471267867287, 40.743657089738136], [-73.84711564440803, 40.743660594133885], [-73.84710479711269, 40.743664006167904], [-73.8470939604804, 40.74366741461302], [-73.84708325891906, 40.74367078091252], [-73.84707294243259, 40.743674026153734], [-73.84706264727359, 40.74367726421831], [-73.84705221348527, 40.743680546222784], [-73.84703625711009, 40.743685565176065], [-73.84702463136013, 40.74368922200734], [-73.84691294728738, 40.743724364526734], [-73.84691282882613, 40.743724391384525], [-73.84680228687357, 40.743759157101266], [-73.84680086149773, 40.74375960455887], [-73.84679226065116, 40.743762309951144], [-73.84678213845194, 40.74376549419019], [-73.84677211459557, 40.743768647041435], [-73.84676505523915, 40.74377086820808], [-73.84667176576929, 40.743800218583495], [-73.84667165204586, 40.74380024454678], [-73.84665184954503, 40.743806486619576], [-73.8466517346376, 40.74380651258134], [-73.84656514544753, 40.74383374569156], [-73.84655038688963, 40.74383838705928], [-73.84647570543464, 40.74386187004166], [-73.84646671118924, 40.743864699155324], [-73.846425365597, 40.743877711305416], [-73.8464252495033, 40.74387773816584], [-73.8463866326274, 40.743889889452646], [-73.84637494519478, 40.74389356504675], [-73.84636104326144, 40.7438979373804], [-73.8463472918016, 40.74390226308672], [-73.84633357707084, 40.74390657713377], [-73.84631998793309, 40.743910851724465], [-73.84630646988737, 40.74391510299515], [-73.8462929079988, 40.74391936861389], [-73.84627924776424, 40.74392366561758], [-73.84625586339374, 40.74393102037214], [-73.84622733337852, 40.74393990541929], [-73.84624698102793, 40.743976684088224], [-73.84623905638935, 40.74397981808322], [-73.84623153427896, 40.74398347851184], [-73.84622447277887, 40.74398763663542], [-73.8462179311658, 40.74399225921444], [-73.84621196044091, 40.743997307595215], [-73.84620660923756, 40.74400274312087], [-73.84620192028139, 40.74400852172374], [-73.84619793157064, 40.74401459572767], [-73.84619467518361, 40.74402091744865], [-73.84619217728677, 40.74402743559274], [-73.84619045694494, 40.744034097955904], [-73.84618952967293, 40.744040851429], [-73.84618940151783, 40.74404764108909], [-73.84619007378858, 40.74405441290742], [-73.84619154187624, 40.744061111946834], [-73.84619379406581, 40.74406768416121], [-73.84617371713676, 40.7440742724809], [-73.84612963127464, 40.74408792833003], [-73.84611210735655, 40.74409335479218], [-73.84609723986287, 40.744097960836456], [-73.84605049397864, 40.74411244156828], [-73.8459888936061, 40.744131521124686], [-73.84592728253395, 40.744150604235905], [-73.84586567142651, 40.74416968731408], [-73.8458040673898, 40.744188769468295], [-73.84578836690345, 40.744193632803295], [-73.84574245621177, 40.74420785248045], [-73.84570785848577, 40.7442185681095], [-73.84568085566279, 40.74422693187189], [-73.8456447744758, 40.74423810835551], [-73.84562688198326, 40.74424365131592], [-73.84561924085173, 40.74424601931583], [-73.84555762956985, 40.744265101328466], [-73.84549602891293, 40.74428418152141], [-73.84543656096777, 40.74430259906799], [-73.84537111066297, 40.7443233714856], [-73.84530742104137, 40.744343587915786], [-73.8452808702517, 40.744352018829076], [-73.8452600732291, 40.744358624932794], [-73.84525502563758, 40.74436022825958], [-73.84523361484872, 40.7443670262426], [-73.84520195601822, 40.7443770792928], [-73.84516798428768, 40.7443878676416], [-73.84513173639255, 40.74439937692837], [-73.8451067022094, 40.74440732536747], [-73.84504560968045, 40.74442672118062], [-73.84502761367688, 40.74443243680623], [-73.84496193316863, 40.74445331674249], [-73.84489625617759, 40.744474193944505], [-73.84483057795715, 40.74449507290839], [-73.84476489969765, 40.74451595093432], [-73.84472804852363, 40.744527665497216], [-73.84469922139702, 40.74453682892269], [-73.84463354305937, 40.74455770507252], [-73.84457060057505, 40.74457771768772], [-73.84450063167483, 40.74459995584332], [-73.84447291828904, 40.74460876231362], [-73.84443650896883, 40.74462033960214], [-73.84441401797086, 40.744627233228606], [-73.84437009405188, 40.74464069141169], [-73.84433055647308, 40.74465280294346], [-73.84428073073235, 40.74466806853969], [-73.84423095000113, 40.74468331706559], [-73.84423090971322, 40.74468333051876], [-73.84423086113308, 40.744683345761686], [-73.84417082538171, 40.74470174477703], [-73.84415353232768, 40.74470704158033], [-73.84410440320892, 40.74472209192099], [-73.84406008460734, 40.744735670119674], [-73.84406005261589, 40.74473567998195], [-73.84401070543265, 40.744750800226974], [-73.84396111887983, 40.74476599576925], [-73.84391603243056, 40.744779807904834], [-73.8439051340539, 40.744783143925474], [-73.84383986933305, 40.74480313588436], [-73.84381186030048, 40.74481171666765], [-73.84377245047641, 40.74482379216075], [-73.84377229524634, 40.74482384508016], [-73.84377111546165, 40.74482305103277], [-73.84376990837717, 40.744822285764585], [-73.84376865621797, 40.74482155555504], [-73.84376737911639, 40.74482085863048], [-73.84376607587794, 40.74482019949177], [-73.84376473113365, 40.74481956821248], [-73.84376336852992, 40.74481897923285], [-73.8437619727022, 40.74481842082537], [-73.84376055427894, 40.74481790471114], [-73.84375911208899, 40.74481742548548], [-73.84375765442026, 40.744816983159645], [-73.84375617534016, 40.74481658312858], [-73.84375467486123, 40.744816219989346], [-73.8437531589015, 40.74481589465038], [-73.84375163218228, 40.74481561342174], [-73.84375009353627, 40.74481536909773], [-73.84374854294671, 40.74481516888237], [-73.84374698990257, 40.74481500558448], [-73.84374541781287, 40.744814885485134], [-73.84374385390353, 40.744814811322776], [-73.8437422792536, 40.744814773166155], [-73.84374070568208, 40.74481478003636], [-73.84373914031418, 40.74481482293801], [-73.84373756655049, 40.74481491175414], [-73.8437360033436, 40.744815042908485], [-73.84373445070197, 40.74481521279897], [-73.843732901511, 40.74481542591851], [-73.84373136170338, 40.74481567687209], [-73.84372984310446, 40.744815971979314], [-73.84372832915496, 40.74481630401366], [-73.84372683641622, 40.74481667930118], [-73.84372535661498, 40.744817091527], [-73.84372390751146, 40.74481754071536], [-73.84372247370074, 40.74481803224829], [-73.84372105519341, 40.744818561623326], [-73.8436604707081, 40.744837580978675], [-73.8435998849894, 40.74485660660405], [-73.843539293316, 40.74487563218944], [-73.84347870754078, 40.74489465234795], [-73.84341947249159, 40.74491325467409], [-73.84341812290228, 40.744913677879126], [-73.84335753112508, 40.744932703368754], [-73.84329694641735, 40.744951728836135], [-73.84323636168988, 40.74497074796803], [-73.84322110619262, 40.74497553861756], [-73.84317576862486, 40.74498977336026], [-73.84311518381334, 40.74500879873188], [-73.84306869726204, 40.74502472842452], [-73.84302294320342, 40.74504182975722], [-73.84297796546531, 40.74506009378549], [-73.84293382451156, 40.745079486373406], [-73.84289055942797, 40.74510000127168], [-73.84284821765674, 40.74512160342616], [-73.84280685488787, 40.745144274903794], [-73.84276651735242, 40.74516799235543], [-73.84272724538897, 40.74519272071745], [-73.84268909234157, 40.745218433048585], [-73.84267368092611, 40.74522954317798], [-73.84265208785706, 40.74524510957919], [-73.84261627819708, 40.7452727143533], [-73.84260742957841, 40.74527990722641], [-73.84259888476134, 40.74528730763086], [-73.84259063903123, 40.745294906555145], [-73.8425827125228, 40.745302701325436], [-73.84257511237418, 40.745310677543344], [-73.84256783623874, 40.74531882620066], [-73.8425609006928, 40.74532714732008], [-73.84256045956019, 40.74532843534405], [-73.84256007760939, 40.745329731553504], [-73.84255974653315, 40.74533104404164], [-73.8425594829418, 40.745332358423056], [-73.84255927853012, 40.74533368189043], [-73.84255914160545, 40.74533500635056], [-73.84255905676063, 40.74533633808592], [-73.84255902994558, 40.74533766449759], [-73.84255907179094, 40.74533899640616], [-73.84255916691721, 40.74534032838753], [-73.84255932718371, 40.74534165235341], [-73.8425595490214, 40.745342975502915], [-73.84255982060708, 40.7453442906159], [-73.84256016088938, 40.745345595917186], [-73.84256045699824, 40.74534655446247], [-73.8424840609262, 40.74531570486298], [-73.84253361590079, 40.745274611302676], [-73.84258457505123, 40.7452345255076], [-73.84263690753542, 40.74519547174734], [-73.84265492294112, 40.74518271815105], [-73.84269057302663, 40.74515747968184], [-73.8427275242171, 40.7451332893685], [-73.84276551741092, 40.74511006310897], [-73.84280452413076, 40.74508782697794], [-73.84284449816658, 40.745066595319514], [-73.84288538379857, 40.74504639867401], [-73.84292714070531, 40.745027264901175], [-73.84296972384898, 40.74500921374983], [-73.84301307637696, 40.74499225414669], [-73.84305715913779, 40.74497642025684], [-73.84310191527722, 40.744961721907536], [-73.8431473044812, 40.74494818425739], [-73.84317272735166, 40.7449402817989], [-73.84342136428228, 40.74486298998537], [-73.8436925299105, 40.74477869434303], [-73.84368188401545, 40.74475818613196], [-73.84367406107565, 40.744743117218206], [-73.84367172491267, 40.744738620512024], [-73.84366618200433, 40.744740365377204], [-73.84344051267901, 40.74481138538553], [-73.84318167888775, 40.74489284171487], [-73.84313196167406, 40.74490708398482], [-73.84308288443316, 40.744922568905885], [-73.84303450168888, 40.74493927043837], [-73.84303115624554, 40.744940528391325], [-73.84298687384714, 40.74495717875998], [-73.84294003768889, 40.74497626060293], [-73.84289406070972, 40.744996512458265], [-73.842848982059, 40.74501790106159], [-73.84280484914049, 40.74504040756802], [-73.84275535267693, 40.74506739036462], [-73.84270707160644, 40.745095611197264], [-73.84266005571183, 40.745125046722286], [-73.84262911330687, 40.74514577016373], [-73.84261435363047, 40.745155657385375], [-73.84257002935618, 40.74518741896178], [-73.84252712562613, 40.74522028378459], [-73.8424856863213, 40.745254221298126], [-73.84244575059974, 40.74528919553721], [-73.842363691584, 40.745272307691884], [-73.84239475497303, 40.74524354565222], [-73.84239479413085, 40.74524350968548], [-73.84240178095588, 40.74523704099116], [-73.842411446986, 40.745228669586666], [-73.84244137287172, 40.74520274978234], [-73.8424824293594, 40.74516946913183], [-73.8425248970548, 40.74513723408491], [-73.84256875220515, 40.7451060752248], [-73.84261392483894, 40.74507604108184], [-73.8426281172146, 40.74506721478404], [-73.84266038057132, 40.7450471523191], [-73.84270805658001, 40.74501943856608], [-73.84275691132991, 40.744992940287425], [-73.84280687965484, 40.74496767720387], [-73.84285792121703, 40.74494368437877], [-73.8429099744028, 40.74492098153782], [-73.84296298586997, 40.74489959562218], [-73.84301689399484, 40.74487955086029], [-73.84309379139053, 40.74485528879721], [-73.84350252395636, 40.744726329324585], [-73.8436448032274, 40.74468143772499], [-73.84363300883419, 40.74466044077508], [-73.84362341579846, 40.74464336312243], [-73.84350440462889, 40.744680768872385], [-73.84309188777986, 40.744810424692545], [-73.84299804195278, 40.74483991991798], [-73.84294194378893, 40.744860312882835], [-73.84288681069347, 40.74488215695487], [-73.84283269359966, 40.744905442299334], [-73.84277966365002, 40.74493012488982], [-73.8427277789036, 40.744956185896505], [-73.84267710931319, 40.74498358399303], [-73.84262771293228, 40.74501230305127], [-73.8426158422319, 40.74501970881834], [-73.84257964317003, 40.74504228821473], [-73.84253295572525, 40.745073517949116], [-73.84248771935754, 40.74510595542923], [-73.84244397205937, 40.745139556583894], [-73.84240177430509, 40.745174283676135], [-73.84236117236755, 40.74521009624821], [-73.84232221490721, 40.74524694574083], [-73.84224856604708, 40.74523507344978], [-73.84224970968654, 40.74523462656318], [-73.84225101461688, 40.74523406823447], [-73.84225229357766, 40.74523347655135], [-73.84225354065528, 40.74523284880424], [-73.84225476175055, 40.74523219310583], [-73.84225595806453, 40.74523150225358], [-73.84225711892623, 40.74523078253655], [-73.84225824551525, 40.74523003575731], [-73.84225933903072, 40.74522925561399], [-73.84226039472365, 40.74522844750308], [-73.84226141612905, 40.74522761863354], [-73.84226239854071, 40.74522675639177], [-73.84226334784677, 40.745225874293496], [-73.84226554319886, 40.74522379982799], [-73.84230306581509, 40.745188378396605], [-73.84234416815742, 40.74515175697312], [-73.84238661692069, 40.74511603698496], [-73.84243038717408, 40.74508124631221], [-73.84245498597514, 40.74506288348362], [-73.84247037341632, 40.74505139603755], [-73.84251169268133, 40.7450226092707], [-73.84255429868635, 40.74499493097234], [-73.84259813336207, 40.74496838357441], [-73.84264315044138, 40.74494300573414], [-73.84268928947247, 40.74491882618393], [-73.84273649355819, 40.74489587276035], [-73.84278472000975, 40.74487417331973], [-73.84285616255038, 40.744844463999826], [-73.8429286800052, 40.744816306776414], [-73.8429943706144, 40.744792568899975], [-73.84300222257951, 40.74478973129635], [-73.84307672276744, 40.74476474647081], [-73.84315212722296, 40.74474138194209], [-73.84321018277763, 40.74472384524947], [-73.84326723633167, 40.744705930751685], [-73.84332428867108, 40.74468801622398], [-73.8433601492783, 40.74467675641993], [-73.84338134097976, 40.744670101668], [-73.84344293045645, 40.74465115136328], [-73.84350451870353, 40.74463220552654], [-73.84356610809537, 40.744613261459406], [-73.84362769745427, 40.7445943164588], [-73.84368568600037, 40.74457646695924], [-73.84368927850494, 40.74457536511041], [-73.8437460184059, 40.74455779934693], [-73.84374765359964, 40.74455726216095], [-73.8437492652188, 40.74455667991759], [-73.84375084377656, 40.74455605890752], [-73.84375239756731, 40.74455539644046], [-73.8437539230306, 40.74455469611358], [-73.84375541662911, 40.74455395161855], [-73.84375687477717, 40.74455317735867], [-73.84375829750847, 40.74455235892583], [-73.84375967532984, 40.74455150531222], [-73.84376102481745, 40.74455061654032], [-73.84376232939928, 40.74454969078673], [-73.84376358668636, 40.74454873705319], [-73.84376480855036, 40.74454774184818], [-73.8437659736348, 40.74454672405341], [-73.84376710090918, 40.74454567288859], [-73.84376817970474, 40.74454459374223], [-73.8437692123873, 40.744543487518065], [-73.84377018593507, 40.74454235329794], [-73.84399068861401, 40.74451108667912], [-73.84421964297475, 40.744478620787085], [-73.84422690809242, 40.74447759052648], [-73.844305655368, 40.74446642354382], [-73.84431805487908, 40.744467697414294], [-73.84432739985088, 40.7444648311211], [-73.84445333352666, 40.74442621278102], [-73.84446150073762, 40.74442370869167], [-73.8446324527938, 40.74437128581907], [-73.84484591297831, 40.74430554831927], [-73.84497001959974, 40.74426672884112], [-73.84504574779137, 40.7442405827393], [-73.84516463908248, 40.74419953448108], [-73.84526210390501, 40.74416588380583], [-73.84526847256134, 40.744160317316236], [-73.84536835640824, 40.744073009422024], [-73.84548037216801, 40.743975098025025], [-73.8454819201246, 40.74397540627456], [-73.84548347410146, 40.743975671307766], [-73.84548504474407, 40.74397589764145], [-73.84548662020829, 40.74397608706074], [-73.8454882064454, 40.74397622606603], [-73.84548979395426, 40.743976327251644], [-73.84549139102073, 40.74397639152918], [-73.8454929881916, 40.74397641078148], [-73.84549457717478, 40.743976386798366], [-73.8454961745482, 40.74397631870161], [-73.84549776253948, 40.7439762118704], [-73.84549934824835, 40.743976068115224], [-73.84550092341614, 40.74397587481798], [-73.84550248801774, 40.74397564278466], [-73.84550404086708, 40.74397537291422], [-73.84550558907857, 40.74397506071367], [-73.84550711725191, 40.743974709764345], [-73.84550862302537, 40.74397431736162], [-73.84551011586674, 40.74397388531912], [-73.8455452355707, 40.743963200166], [-73.84557835169299, 40.74395313096493], [-73.84558001992966, 40.74395262801658], [-73.84560423248976, 40.743945061088965], [-73.84564489203952, 40.743932355387386], [-73.84570976292581, 40.74391208272001], [-73.84577463259079, 40.74389180911396], [-73.84583950456758, 40.74387154267851], [-73.84590437533551, 40.74385126990131], [-73.84596924606393, 40.74383099708755], [-73.84601135099516, 40.743817839333495], [-73.84601429535358, 40.74381691934877], [-73.8460331807054, 40.74381102285509], [-73.84603411673625, 40.74381073144125], [-73.846034826562, 40.743810466740236], [-73.84605853516409, 40.74380164643654], [-73.84605901667472, 40.743802321560764], [-73.84606614487812, 40.74381233483315], [-73.84606856539992, 40.743815734785], [-73.84607371411754, 40.74382106907246], [-73.84607949361927, 40.74382601518317], [-73.84608585545902, 40.74383053072835], [-73.8460927417107, 40.74383457690875], [-73.84610009562361, 40.74383811852857], [-73.8461078509669, 40.7438411239814], [-73.84611594267892, 40.74384356796609], [-73.8461242997678, 40.743845429675964], [-73.84613284886318, 40.743846692803864], [-73.84614151658418, 40.74384734554504], [-73.84615022716754, 40.74384738239528], [-73.84615890720323, 40.743846804156945], [-73.84616747853715, 40.743845615228295], [-73.84617586892249, 40.743843825418374], [-73.84619473548722, 40.74387888758558], [-73.84622712893584, 40.743868946005634], [-73.84624434724445, 40.743863549735146], [-73.84625800980162, 40.74385926804737], [-73.84627178136546, 40.74385495138361], [-73.84628574605777, 40.7438505746419], [-73.84630055791861, 40.74384593247864], [-73.84631558186595, 40.74384122395892], [-73.84633069112101, 40.743836488535784], [-73.84634590227215, 40.743831720828325], [-73.84635979112302, 40.74382736829019], [-73.84639809032734, 40.74381535976944], [-73.84639820049684, 40.743815334702106], [-73.84643960400902, 40.743802349654224], [-73.84644331852287, 40.743801184846646], [-73.84652917764261, 40.74377427143592], [-73.84653537915585, 40.74377232739773], [-73.84660996552543, 40.74374895050987], [-73.84661007806275, 40.74374892544549], [-73.84664687361348, 40.74373738310364], [-73.84664698970688, 40.74373735624297], [-73.84673783335097, 40.743708868021194], [-73.84674435357562, 40.743706824439464], [-73.84675438213718, 40.74370368150245], [-73.8467647625999, 40.74370042736976], [-73.846772965308, 40.74369785652608], [-73.84677479352956, 40.74369728353365], [-73.84688649746997, 40.743662266345076], [-73.8468866100091, 40.743662240379976], [-73.84699962664394, 40.743626810593], [-73.84701283057535, 40.74362266958618], [-73.84702334371481, 40.743619374183055], [-73.84703456183564, 40.743615858190275], [-73.84704564251535, 40.743612384337744], [-73.84705652887911, 40.74360897146068], [-73.84706718656635, 40.74360563031957], [-73.8470777707894, 40.74360231339366], [-73.8470882554881, 40.74359902605144], [-73.84709884563523, 40.74359570642992], [-73.84710941208493, 40.743592393980066], [-73.84712001170806, 40.74358907166768], [-73.84713263741635, 40.74358511358324], [-73.84716293443024, 40.74357538327839], [-73.84718570040972, 40.74356808154958], [-73.84718787700605, 40.74356738294164], [-73.84723041364163, 40.7435537282343], [-73.84724363790944, 40.74354948366953], [-73.84727806531663, 40.74353843146349], [-73.84729719138453, 40.743532291944604], [-73.84729939760089, 40.74353158346824], [-73.8473551655483, 40.743513684151395], [-73.84741092636379, 40.74349578389759], [-73.8474774805681, 40.74347471101248], [-73.84754404302235, 40.74345363629881], [-73.84761059832856, 40.74343256243773], [-73.84767716069653, 40.74341148854746], [-73.84770621779566, 40.74340232828253], [-73.84773177253491, 40.74339425299475], [-73.847786392635, 40.74337701652658], [-73.84798793940665, 40.7433609799166], [-73.84806379474674, 40.743354944847965], [-73.84818073363455, 40.74334564011684], [-73.84818102712939, 40.743346218629945], [-73.84818134667802, 40.7433467944759], [-73.84818169821477, 40.74334736135892], [-73.84818206516185, 40.74334792015768], [-73.84818246529738, 40.743348462791076], [-73.84818288084735, 40.74334899553918], [-73.84818332837308, 40.74334952472737], [-73.84818379962985, 40.743350031434154], [-73.8481842957585, 40.7433505345717], [-73.84818480496229, 40.74335101521376], [-73.84818533785604, 40.743351491384516], [-73.84818590277078, 40.74335194418424], [-73.84818648191995, 40.74335238529616], [-73.84818707529755, 40.7433528174217], [-73.84818769004634, 40.743353223460694], [-73.84818832731135, 40.74335362052429], [-73.84818898000927, 40.74335399959807], [-73.84818965169401, 40.74335435978619], [-73.84819033882597, 40.74335469568092], [-73.84819103664049, 40.74335501988317], [-73.84819175698972, 40.743355327005446], [-73.84819248923827, 40.743355608028644], [-73.84819322506345, 40.743355878250455], [-73.84819398107585, 40.74335612238416], [-73.84819474896713, 40.743356349423856], [-73.84819551927148, 40.74335655665553], [-73.84819630147317, 40.743356738688654], [-73.84819709318779, 40.74335690272413], [-73.8481978873155, 40.74335704695164], [-73.84819869214012, 40.74335717318304], [-73.84819950649612, 40.74335727331229], [-73.84820032326317, 40.743357354534034], [-73.84820114008974, 40.74335740964112], [-73.84820195695531, 40.74335744763857], [-73.84820277506638, 40.74335745862246], [-73.84824931708361, 40.743358230456174], [-73.84829580560498, 40.74336013774145], [-73.84834218735547, 40.74336317950761], [-73.84838841381047, 40.74336734848692], [-73.84843444587418, 40.743372656334685], [-73.84845621130178, 40.74337570888196], [-73.84846020835654, 40.74337626975473], [-73.84848021849115, 40.74337907595026], [-73.84852571150915, 40.743386619014096], [-73.84857085037832, 40.74339526831884], [-73.84861560670134, 40.74340501662352], [-73.8486161141382, 40.74340523431296], [-73.84861662396548, 40.74340544209997], [-73.84861714565515, 40.74340563999698], [-73.84861767804163, 40.74340581989782], [-73.84861821993687, 40.7434059836021], [-73.84861876540857, 40.743406136504916], [-73.84861932039101, 40.743406272310594], [-73.84861987778037, 40.74340639100977], [-73.84862044466406, 40.74340649981585], [-73.84862101395666, 40.74340659061491], [-73.84862158328819, 40.74340666430443], [-73.8486221621161, 40.74340672720025], [-73.84862274216894, 40.74340677208753], [-73.84862332225657, 40.74340680166625], [-73.8486239023708, 40.74340681953834], [-73.84862448252596, 40.74340681940036], [-73.8486250639019, 40.74340680305483], [-73.84862564413481, 40.743406768697646], [-73.84862622320823, 40.74340672353279], [-73.84862680350251, 40.74340666216045], [-73.84862737318392, 40.743406581863454], [-73.84862794051979, 40.74340649165775], [-73.84862850789253, 40.743406385243006], [-73.84862906583632, 40.743406259905164], [-73.84862962143467, 40.74340612465862], [-73.84863016759998, 40.7434059722901], [-73.84863070194793, 40.74340581000037], [-73.8486312339668, 40.74340563059797], [-73.84863175655263, 40.743405434073516], [-73.84863227561104, 40.74340522673829], [-73.84863277576255, 40.743405003169116], [-73.84863327120057, 40.743404769688134], [-73.84863374773367, 40.74340451907262], [-73.84863422073737, 40.7434042585469], [-73.8486346819237, 40.74340398810006], [-73.84863512301905, 40.74340370141766], [-73.84863555940103, 40.743403404823475], [-73.8486359756777, 40.74340309829728], [-73.84873297012015, 40.74343349180886], [-73.8488933341425, 40.743483742655066], [-73.84890998526043, 40.74349232923303], [-73.84892701507528, 40.74350047505632], [-73.84894440467154, 40.74350816749285], [-73.84896213631171, 40.7435153966136], [-73.8489801875324, 40.743522147980855], [-73.84899853581913, 40.74352842966946], [-73.84901715044307, 40.74353421732535], [-73.8490347781994, 40.74354183982074], [-73.8490714046348, 40.74355767463176], [-73.84912465310782, 40.74358241922209], [-73.84917685565739, 40.743608429432996], [-73.8492279543411, 40.74363567367215], [-73.84927790186184, 40.74366412486386], [-73.84932664854219, 40.74369376133246], [-73.84937414117883, 40.74372454969112], [-73.84942033958392, 40.74375646017199], [-73.84946518700157, 40.74378945938366], [-73.84956504249335, 40.743873526212916], [-73.84963375897986, 40.74393559431587], [-73.84964001786254, 40.743941247772135], [-73.84966098755075, 40.743960188517285], [-73.84966217723351, 40.74396134272053], [-73.84966420335451, 40.74396330937327], [-73.84968376758398, 40.74398227889694], [-73.84968442799529, 40.74398291911959], [-73.84969360877368, 40.74399182091685], [-73.84975291469998, 40.744049324597576], [-73.84978604881483, 40.74408352408747], [-73.84981919478335, 40.7441177325882], [-73.84989943526035, 40.744206780368515], [-73.84994782537665, 40.74426465693859], [-73.84997559836249, 40.74429787593872], [-73.850047589603, 40.74439091112294], [-73.85010323784515, 40.744468831577336], [-73.85011533817341, 40.744485777775786], [-73.850178749604, 40.74458235871576], [-73.8502255277286, 40.744662303618355], [-73.85026904757095, 40.74474329785943], [-73.85030926190237, 40.74482527834568], [-73.8503461353943, 40.74490815498381], [-73.85037628764282, 40.74498350273608], [-73.85037963265707, 40.74499186469556], [-73.8503857451205, 40.74500901200319], [-73.85040973020092, 40.74507631740253], [-73.85041686836861, 40.7450991194291], [-73.8504212509637, 40.74511311811328], [-73.85042204448942, 40.74511565137207], [-73.8504283950452, 40.74513592645024], [-73.85043638202124, 40.745161431101415], [-73.8504597605, 40.74523739408442], [-73.8504615908272, 40.74524432767008], [-73.85047996348646, 40.74531388243807], [-73.85049697337358, 40.74539082320011], [-73.85051078205046, 40.745468132614114], [-73.85052136126129, 40.74554573410143], [-73.85052871709279, 40.74562354842616], [-73.85053282838703, 40.74570150171982], [-73.8505321493694, 40.74576086321514], [-73.85052946057304, 40.74581093696568], [-73.85052896147835, 40.745820183632766], [-73.85052790425553, 40.74583121348148], [-73.85052328974542, 40.74587938556132], [-73.85051512833289, 40.74593842937048], [-73.85050449161838, 40.74599723673429], [-73.85049937748119, 40.74602005346621], [-73.85049137377823, 40.74605576171858], [-73.85047581285698, 40.746113932331276], [-73.85045780541554, 40.746171695436985], [-73.85043738236222, 40.746228993442195], [-73.85041455686327, 40.74628576062575], [-73.85037964874273, 40.746344913763444], [-73.85036363876677, 40.74637204327342], [-73.85032326315078, 40.7464404573157], [-73.85032290698996, 40.746440879191], [-73.8503225745079, 40.74644130199757], [-73.85032226450035, 40.74644173473893], [-73.85032196868303, 40.7464421756033], [-73.85032169534227, 40.74644262550196], [-73.85030141914453, 40.746476107043414], [-73.8502797374209, 40.74650908156934], [-73.85025668223409, 40.74654150679671], [-73.85023227733026, 40.746573353038805], [-73.85020653934345, 40.746604594201756], [-73.8502040654931, 40.74660739516549], [-73.85017950861094, 40.74663519431686], [-73.85015120179142, 40.74666511648396], [-73.85012165209199, 40.74669433643172], [-73.85009088681379, 40.74672282357746], [-73.85005893798238, 40.746750552747656], [-73.85005854528916, 40.746750896230374], [-73.85005815611558, 40.74675125412582], [-73.85005779771915, 40.746751615663335], [-73.85005744402443, 40.74675199251563], [-73.8500571116202, 40.74675237930122], [-73.85005680169455, 40.74675277422059], [-73.85005650478736, 40.746753171858494], [-73.85005623152865, 40.7467535839353], [-73.85005597128838, 40.74675399873055], [-73.85005573234262, 40.7467544216581], [-73.85005551825988, 40.74675484551855], [-73.85005531598105, 40.74675528560346], [-73.85005513738312, 40.746755725719254], [-73.85005498246407, 40.74675616676634], [-73.85005484054925, 40.74675661683544], [-73.85005471994727, 40.74675706693225], [-73.8500546242082, 40.74675751796201], [-73.85005455094772, 40.74675797712557], [-73.85005449308191, 40.74675843540863], [-73.85005445652686, 40.74675889461997], [-73.85005444365274, 40.746759353862146], [-73.8500544532755, 40.74675981313361], [-73.85005448657911, 40.746760272435885], [-73.85005453410757, 40.746760724552615], [-73.85005460293254, 40.74676118390116], [-73.85005469662657, 40.74676164148102], [-73.85005480454336, 40.74676209277592], [-73.85005494324935, 40.74676254230981], [-73.8500550961781, 40.74676298555871], [-73.8500552633215, 40.746763426124545], [-73.85005546245033, 40.746763859528], [-73.85005567342363, 40.74676429114584], [-73.85005590928017, 40.74676471469151], [-73.85005615817943, 40.74676513014958], [-73.85005642957964, 40.746765543835934], [-73.85005672349497, 40.74676594944706], [-73.8500570304571, 40.746766345169505], [-73.85005735048017, 40.746766724699896], [-73.85005769418419, 40.746767104261075], [-73.85005805922336, 40.74676747394445], [-73.85005843612527, 40.746767833737664], [-73.85005882725395, 40.74676818544485], [-73.850059240916, 40.74676852097224], [-73.8500596652446, 40.74676885201097], [-73.8500601026321, 40.74676916775806], [-73.8500605530807, 40.74676946731298], [-73.8500610248481, 40.74676976419417], [-73.85006150020827, 40.7467700430699], [-73.85006199573363, 40.746770305762695], [-73.85006250311974, 40.74677055946585], [-73.85006301408438, 40.74677080146707], [-73.85006354521218, 40.74677102818595], [-73.85006407756461, 40.74677123689621], [-73.85006462296585, 40.74677143481738], [-73.85006517905998, 40.74677161654332], [-73.85006574465082, 40.746771787475524], [-73.85006631383233, 40.746771941302754], [-73.85006689252667, 40.74677207713223], [-73.85006747242538, 40.74677220395819], [-73.85006805475096, 40.746772304672604], [-73.85006865604353, 40.746772395506106], [-73.85006924907009, 40.74677247642322], [-73.84990675706928, 40.74682301290062], [-73.84980191998822, 40.74685561779574], [-73.84966462530367, 40.7468983190513], [-73.84969758252795, 40.74688504985826], [-73.8497299176696, 40.746870927063334], [-73.849761601088, 40.74685596773807], [-73.84977958614382, 40.746846815022806], [-73.84979259602622, 40.74684019434776], [-73.84982285390721, 40.74682362033729], [-73.84985235217876, 40.74680626999143], [-73.84988105646045, 40.74678816217671], [-73.8499089228855, 40.74676932205074], [-73.84993592774443, 40.746749762190305], [-73.84996202598448, 40.74672950865208], [-73.84998720925869, 40.74670858754052], [-73.85001143369861, 40.74668702491381], [-73.85002006135882, 40.74667882982186], [-73.85004632047523, 40.74665388662967], [-73.85007980952638, 40.74661992525251], [-73.85011185817474, 40.74658516414121], [-73.8501424402631, 40.74654965189025], [-73.85017152967909, 40.74651341728318], [-73.8501722660022, 40.74651243218506], [-73.85019908370349, 40.74647650258933], [-73.8502250868869, 40.746438933904514], [-73.85024950595854, 40.74640076431636], [-73.85027232428737, 40.746362019018555], [-73.8502935015231, 40.74632274028341], [-73.85030247138128, 40.74630449234615], [-73.850319585582, 40.746269677545115], [-73.85034336449924, 40.74621598775352], [-73.85036482036355, 40.74616174022589], [-73.8503839151756, 40.74610698624302], [-73.85040064881755, 40.746051780736934], [-73.85041204493966, 40.74600758690932], [-73.85041244626031, 40.74600603495511], [-73.85041245940798, 40.746005980041176], [-73.85041498206607, 40.74599619299675], [-73.85042692429617, 40.74594026896149], [-73.85043553911943, 40.7458892042464], [-73.85044193193524, 40.745837945737456], [-73.8504424409879, 40.745831652749324], [-73.8504460978671, 40.74578655826516], [-73.85044803681093, 40.745735090457025], [-73.8504477474444, 40.74568360624754], [-73.85044522255525, 40.74563215605579], [-73.85044046083932, 40.745580795711305], [-73.85043348229878, 40.74552958377283], [-73.85041603792384, 40.74543101674223], [-73.8503947694206, 40.74533288058615], [-73.85037446336041, 40.74525382563621], [-73.85036969672358, 40.7452352689812], [-73.85034083742303, 40.745138264794434], [-73.85031308787109, 40.74505643650028], [-73.85028220162928, 40.74497526689486], [-73.85024820226703, 40.74489481003676], [-73.85021112866835, 40.7448151542236], [-73.85017100203574, 40.744736352609976], [-73.85012786602874, 40.74465847548919], [-73.85008164907664, 40.744581762299845], [-73.85003230389637, 40.744506182359345], [-73.84997988006411, 40.74443180686847], [-73.84992442949475, 40.74435871963787], [-73.8498738277085, 40.744296595181176], [-73.8498659982331, 40.74428698195788], [-73.84980465715267, 40.74421667045949], [-73.8497404605786, 40.74414784914509], [-73.84969221606418, 40.74409535141121], [-73.84964184250647, 40.74404402964224], [-73.84963471833332, 40.74403722780919], [-73.84962178967443, 40.74402488477514], [-73.84960836008507, 40.744012062915715], [-73.84960072080415, 40.74400476963102], [-73.84958937530763, 40.743993937011595], [-73.84957052034835, 40.743977051273475], [-73.8495648356214, 40.743971960480465], [-73.84953486764157, 40.743945121312905], [-73.84947837032162, 40.74389762673461], [-73.84941994834833, 40.74385150648869], [-73.84935965373013, 40.7438067993622], [-73.84929754438492, 40.743763548652325], [-73.84924539109137, 40.74373139349407], [-73.84919190649113, 40.74370052609645], [-73.84913713310881, 40.74367098973767], [-73.8490811443053, 40.743642804323194], [-73.84902398497859, 40.74361601043297], [-73.84900195130646, 40.743606412748484], [-73.8489657201968, 40.74359062976288], [-73.84890641856558, 40.74356669031698], [-73.84884612382238, 40.743544221867836], [-73.84878492000693, 40.743523233529324], [-73.8487321894687, 40.74350719647494], [-73.84867878811289, 40.74349251197878], [-73.84862476797686, 40.74347920442192], [-73.84857018821602, 40.74346729189154], [-73.84851510919216, 40.743456782570796], [-73.8484595924305, 40.743447693649564], [-73.84842652798267, 40.74344315840512], [-73.84840371132653, 40.74344002882591], [-73.84834752030532, 40.74343380347955], [-73.84829108094296, 40.74342901228816], [-73.84823447014575, 40.74342567696487]], [[-73.84607386701884, 40.743886080561936], [-73.84606030515067, 40.743862662732], [-73.84604349324326, 40.743867927143484], [-73.84601452470972, 40.74387700155908], [-73.84600024601079, 40.74388147510291], [-73.84594019514375, 40.743900279349006], [-73.8458801347729, 40.74391908265056], [-73.84582007553341, 40.74393789402685], [-73.84576001509058, 40.743956699066665], [-73.84569995578738, 40.74397550857923], [-73.84563989527679, 40.74399431355633], [-73.8456183770367, 40.74400105293395], [-73.84560831639018, 40.74400420383356], [-73.84557983471971, 40.74401312390506], [-73.8455922647272, 40.74403748490687], [-73.8456038414049, 40.744060172519724], [-73.84563005962512, 40.744052126503576], [-73.84563414022462, 40.74405087486344], [-73.84566620089117, 40.744041039255244], [-73.84572856034164, 40.744021905956885], [-73.84579091857225, 40.74400277262313], [-73.84585328742304, 40.74398363926986], [-73.84591564558201, 40.74396450586847], [-73.84597800488712, 40.74394537333539], [-73.84600280712687, 40.74393776478874], [-73.84604037244645, 40.74392623987903], [-73.84608856101939, 40.743911453105284], [-73.84607386701884, 40.743886080561936]], [[-73.84588716106187, 40.74404582956727], [-73.84582578558033, 40.74406494535788], [-73.8457644100802, 40.744084053911685], [-73.84570303452823, 40.74410316963681], [-73.84566732177112, 40.744114288088106], [-73.8456581130639, 40.74411715557309], [-73.8456416577737, 40.744122278123506], [-73.84565048151798, 40.744139923698874], [-73.84565409492718, 40.744147150616406], [-73.84566623039208, 40.744171415761144], [-73.84568736793857, 40.74416496943023], [-73.84570485142889, 40.744159640233406], [-73.84572637403247, 40.74415308004669], [-73.84578652711173, 40.7441347443134], [-73.84584667068381, 40.74411640943653], [-73.84590682371149, 40.74409806733684], [-73.84596696721945, 40.74407973149655], [-73.8460271189802, 40.744061396536395], [-73.846049338206, 40.74405462289965], [-73.84608726242196, 40.7440430606332], [-73.84609942949866, 40.744039349688904], [-73.84614741648242, 40.74402472651381], [-73.84612890820117, 40.74399191068552], [-73.84611866474022, 40.74397374996006], [-73.84607129673392, 40.74398849641966], [-73.84601848193519, 40.744004940239705], [-73.8460099213747, 40.74400760510451], [-73.84594854596354, 40.74402672096063], [-73.84588716106187, 40.74404582956727]], [[-73.84467059422734, 40.744426707706786], [-73.84450736139935, 40.744478285574715], [-73.84452326986111, 40.74451171860273], [-73.84453871293424, 40.74454417484949], [-73.8447081570738, 40.74448960752093], [-73.84511884671974, 40.74435734999249], [-73.84517699298242, 40.74433862466046], [-73.84515039933221, 40.744292644084986], [-73.84514259141272, 40.74427914397566], [-73.84507966557739, 40.74429828610034], [-73.84500860456606, 40.744319902645685], [-73.84467059422734, 40.744426707706786]], [[-73.84438943352663, 40.74458804412333], [-73.84439867236264, 40.74460426575085], [-73.84443377583369, 40.74459010315275], [-73.84442521374005, 40.74457308369149], [-73.84441778305208, 40.74455831162502], [-73.84437984094453, 40.74457120066647], [-73.84438943352663, 40.74458804412333]]]]}",9835.87351222,9350005269.0,350000
"{'type': 'MultiPolygon', 'coordinates': [[[[-73.91934392866186, 40.77900685536632], [-73.91942585509244, 40.77892037439026], [-73.91944421050155, 40.77893332924505], [-73.9194613160209, 40.778945406133936], [-73.91936330425334, 40.77902061059409], [-73.9193508148685, 40.77901174271045], [-73.91934392866186, 40.77900685536632]]]]}",98.1411924459,13350003933.0,350010
"{'type': 'MultiPolygon', 'coordinates': [[[[-73.91759710623487, 40.778234465111034], [-73.91761180089536, 40.77822233774348], [-73.91762454606646, 40.77821181907911], [-73.91767602865909, 40.77828882182795], [-73.91766164240669, 40.77830061533746], [-73.9176456363333, 40.77831373502838], [-73.91759710623487, 40.778234465111034]]]]}",86.9214511915,13350003928.0,350010
"{'type': 'MultiPolygon', 'coordinates': [[[[-73.89463073585469, 40.72511054143623], [-73.89463071577657, 40.72511051350207], [-73.89463471842238, 40.72511083234336], [-73.89467242046094, 40.725113834918375], [-73.89488874804458, 40.72513106304554], [-73.89491430132158, 40.72513309810884], [-73.89491996681247, 40.72513354723069], [-73.89492090700406, 40.725134818707964], [-73.89492752837953, 40.725143853261216], [-73.89494498660233, 40.72516765165374], [-73.8949455535425, 40.725168424808345], [-73.89494488840637, 40.72516837197193], [-73.8949399566896, 40.72516798295446], [-73.89491452171922, 40.72516597682114], [-73.89469492015044, 40.72514865389637], [-73.89466027033517, 40.725145920672084], [-73.89465547472585, 40.72514554257303], [-73.8946495199989, 40.725137124562785], [-73.8946344501662, 40.72511579750865], [-73.89463322898919, 40.72511407011394], [-73.89463196765891, 40.725112285049846], [-73.89463073585469, 40.72511054143623]]]]}",190.487945277,9350004611.0,350020
"{'type': 'MultiPolygon', 'coordinates': [[[[-73.85096169810744, 40.74991937387825], [-73.85096210812898, 40.74991923032763], [-73.85096560995277, 40.74992592112516], [-73.85097250277032, 40.74993909095734], [-73.8509916991508, 40.749975769139986], [-73.85100349218226, 40.749998302480286], [-73.85100206068198, 40.74999879410654], [-73.85097930122964, 40.75000661798749], [-73.85097453390377, 40.75000825614588], [-73.85097427091841, 40.75000777763628], [-73.85096235505165, 40.74998616715404], [-73.85094226652136, 40.74994972644641], [-73.85093137081076, 40.749929955216274], [-73.85094469884797, 40.74992530513509], [-73.85096169810744, 40.74991937387825]]]]}",80.1146614748,9350004439.0,350020
"{'type': 'MultiPolygon', 'coordinates': [[[[-73.88982310732054, 40.83403088148221], [-73.88984058901484, 40.834001521337484], [-73.88992128342281, 40.83386677539267], [-73.89015305600228, 40.833479752050124], [-73.89022157635706, 40.83336533376817], [-73.89029892432235, 40.833236557343824], [-73.89058401939013, 40.8327618963014], [-73.89068412191665, 40.832595590548635], [-73.89074574672166, 40.83249321132633], [-73.89079520449283, 40.832510321649664], [-73.89079416002149, 40.83251103205176], [-73.89079313921724, 40.832511769491106], [-73.89079216580629, 40.83251252498525], [-73.89079122790336, 40.83251331653278], [-73.89079031368232, 40.83251412611266], [-73.89078944683986, 40.832514962752185], [-73.89078861553492, 40.83251581743531], [-73.89078783160853, 40.83251669917814], [-73.89078764273592, 40.83251692232206], [-73.890787071364, 40.832517598953295], [-73.8907863585128, 40.832518516783225], [-73.89078569305491, 40.83251945266789], [-73.89078507500513, 40.83252039760244], [-73.89076165782491, 40.832557772984586], [-73.89075884065345, 40.83256225478158], [-73.89073481999365, 40.832602512971555], [-73.89071794609451, 40.832628975140366], [-73.89071398792854, 40.83263518300457], [-73.89067643565642, 40.83269671065854], [-73.89064896026416, 40.83274337527867], [-73.89062147299232, 40.832790030875664], [-73.89061001599809, 40.832808509873765], [-73.89058150676598, 40.832858010055745], [-73.89056652201508, 40.83288336008131], [-73.89053903462762, 40.83293001565761], [-73.89051155904264, 40.83297668024312], [-73.89048407156331, 40.83302334481052], [-73.890456595916, 40.83307000037726], [-73.8904277301319, 40.833118455606446], [-73.89039886430575, 40.83316691082797], [-73.89035988589353, 40.8332323226544], [-73.89035877072651, 40.83323419552429], [-73.89033821199193, 40.833266961198596], [-73.89031225474885, 40.83331225842565], [-73.89028338875451, 40.83336071361668], [-73.8902563642981, 40.83340607645183], [-73.89025452271812, 40.83340916880008], [-73.89022565665456, 40.83345761497093], [-73.8901967905341, 40.833506070139116], [-73.890181716656, 40.83353136869915], [-73.89016792438645, 40.83355451629471], [-73.89014782982628, 40.83358823329819], [-73.89013904632593, 40.83360297143634], [-73.89011072661205, 40.8336507247164], [-73.89008241871348, 40.83369847800037], [-73.89005409891831, 40.83374623126571], [-73.89002577908249, 40.8337939845237], [-73.88999745920603, 40.83384173777441], [-73.88997590541076, 40.833878074695185], [-73.88996913930374, 40.83388948201278], [-73.88994081934598, 40.83393723524877], [-73.88991251120355, 40.833984988488716], [-73.88991062082702, 40.83398817443612], [-73.88988606744599, 40.83402947740663], [-73.88988301432094, 40.83403461361571], [-73.88988261003969, 40.83403532462065], [-73.88988222945551, 40.83403604465317], [-73.8898818962804, 40.83403677373587], [-73.88988158680237, 40.83403751184617], [-73.88988132473341, 40.83403825900665], [-73.88988108636154, 40.834039015194726], [-73.88988088355765, 40.834039771416776], [-73.88988071632173, 40.8340405276728], [-73.88988057276806, 40.8340413019613], [-73.88988047665322, 40.83404206729017], [-73.88988041609147, 40.8340428416579], [-73.88988040734361, 40.83404311269851], [-73.8898803910977, 40.834043616059596], [-73.88988040168684, 40.834044381490344], [-73.88988043597305, 40.83404515594865], [-73.88988051649763, 40.83404593045113], [-73.88988063497636, 40.834046695984846], [-73.88988077598142, 40.834047461540095], [-73.88988096442543, 40.83404821813572], [-73.88988118843743, 40.834048974765295], [-73.88988143617632, 40.83404972241255], [-73.88988171948323, 40.83405047009379], [-73.88982310732054, 40.83403088148221]]]]}",1264.54444633,14350001239.0,350000
"{'type': 'MultiPolygon', 'coordinates': [[[[-73.83716696416178, 40.740849565496546], [-73.8371563751477, 40.74081364454133], [-73.83714363029307, 40.74077041380881], [-73.83715094019135, 40.74077419277427], [-73.83715106080128, 40.740774255079884], [-73.83715970518209, 40.740778445663175], [-73.83716995868676, 40.74078306175997], [-73.83718041412263, 40.74078740798871], [-73.83719105967228, 40.74079147532756], [-73.83720188349622, 40.74079526375975], [-73.83721287375496, 40.74079877326846], [-73.83722401867499, 40.740801976821714], [-73.83723530637278, 40.74080489241291], [-73.83724671319142, 40.74080751100351], [-73.83725822729136, 40.74080983257665], [-73.83726762381195, 40.74081146676994], [-73.83726984869446, 40.740811848127336], [-73.83728155374378, 40.74081354861694], [-73.83729333055578, 40.74081495203892], [-73.83730515549549, 40.740816040349614], [-73.83731702854077, 40.74081682255409], [-73.8373289260566, 40.74081728060879], [-73.83734083615948, 40.740817432507086], [-73.83735275884924, 40.74081727824892], [-73.83735772952022, 40.74081708355474], [-73.83736365217088, 40.74081685238332], [-73.83736873798289, 40.740816535382066], [-73.8373745224291, 40.74081617434167], [-73.83738641179822, 40.74081511952429], [-73.83739825455652, 40.740813758466935], [-73.83740029638476, 40.74081346778388], [-73.83741002704713, 40.74081208213114], [-73.83742170556911, 40.7408100994885], [-73.83743329012229, 40.74080781053912], [-73.8374351736407, 40.740807380953605], [-73.83744476886717, 40.740805215266214], [-73.83745611812472, 40.74080231363649], [-73.83746733785092, 40.740799123660075], [-73.83747839254941, 40.7407956362818], [-73.83748928219815, 40.740791860506754], [-73.83749999495757, 40.74078779631836], [-73.83750872935161, 40.74078421561237], [-73.83751732213315, 40.740780445599135], [-73.83752231815654, 40.740778106822404], [-73.83752370258053, 40.740777459508756], [-73.83753372899507, 40.74081209551107], [-73.83754109618789, 40.740837544373605], [-73.8375395210541, 40.74083823014031], [-73.83753493550229, 40.740840228204036], [-73.83752624845997, 40.740843808978795], [-73.83751745646543, 40.74084721760766], [-73.83750557102564, 40.74085151427536], [-73.83749350874005, 40.74085550451936], [-73.83748126958687, 40.74085919734463], [-73.83747178461614, 40.74086178462872], [-73.83746888912827, 40.74086257479114], [-73.83745636732054, 40.740865654869005], [-73.83745247006921, 40.74086650485175], [-73.83744371606915, 40.740868410579615], [-73.83743095900911, 40.74087085996655], [-73.83741810802394, 40.740872985036376], [-73.83740516309192, 40.74087479479405], [-73.83739214672993, 40.740876280266335], [-73.83738684858591, 40.74087676176191], [-73.83738160846815, 40.740877237936125], [-73.83737593875779, 40.740877640562296], [-73.83737104584877, 40.74087798845356], [-73.83735729746236, 40.740878645320684], [-73.837343515623, 40.74087894103499], [-73.83732974650232, 40.7408788765621], [-73.83731596639983, 40.740878460873674], [-73.83730223453469, 40.74087768504825], [-73.83728852722835, 40.74087654905243], [-73.83728597059826, 40.74087626628267], [-73.8372748918387, 40.740875052953136], [-73.83726132831968, 40.740873215660926], [-73.83724784855933, 40.74087101738157], [-73.83723448805189, 40.74086846807073], [-73.83722124677561, 40.740865576733604], [-73.83720813659198, 40.740862334381845], [-73.83720090756775, 40.74086033854165], [-73.83719518113821, 40.74085875815856], [-73.83718239224731, 40.74085485078213], [-73.83717348801098, 40.740851858410274], [-73.83716696416178, 40.740849565496546]]]]}",271.481888024,9350002253.0,350000
"{'type': 'MultiPolygon', 'coordinates': [[[[-73.98199543526115, 40.77866303779247], [-73.98199625151902, 40.778662821799486], [-73.98199706896874, 40.77866257879161], [-73.98199786273108, 40.77866231777], [-73.98199864465458, 40.77866202973142], [-73.98199941473679, 40.778661723681], [-73.98200017297772, 40.77866139961865], [-73.98200091937737, 40.778661057544404], [-73.98200164209202, 40.778660688451396], [-73.98200234111675, 40.77866031034966], [-73.98200304014881, 40.77865990523286], [-73.98200370364732, 40.77865948210045], [-73.98200435530211, 40.77865904996119], [-73.98200498327189, 40.77865859080317], [-73.98200559939795, 40.77865812263825], [-73.98200617999044, 40.77865763645774], [-73.98200674874164, 40.77865713226531], [-73.982007293803, 40.77865661906418], [-73.98200780333075, 40.778656087847445], [-73.98200830101716, 40.77865553861882], [-73.98200876316764, 40.77865498037963], [-73.98202193336795, 40.778607987027634], [-73.98208170684543, 40.77821967907542], [-73.98212519277766, 40.77818802507108], [-73.9821270825474, 40.778164754585376], [-73.98213555322108, 40.77806042821121], [-73.9821356328531, 40.77805944577562], [-73.9821415715708, 40.77803183009297], [-73.98214805232209, 40.77800169668959], [-73.98227093870942, 40.77804902805019], [-73.98226973025066, 40.778049640205786], [-73.98226855732281, 40.77805027938194], [-73.98226740807982, 40.778050945576716], [-73.98226629318313, 40.77805163879187], [-73.98226521618416, 40.778052368032974], [-73.98226416168542, 40.77805312429257], [-73.9822631545636, 40.77805390757452], [-73.98226218297266, 40.77805471787702], [-73.98226123506903, 40.77805554619314], [-73.98226033453989, 40.778056410536685], [-73.98225946954402, 40.77805729289574], [-73.98225865192751, 40.77805819327212], [-73.98225786984187, 40.778059120669035], [-73.98225713513557, 40.778060066083235], [-73.98225644780861, 40.778061029514824], [-73.98225579601493, 40.77806201096192], [-73.98225519160306, 40.77806300142134], [-73.98225463456806, 40.77806401890308], [-73.9822541249148, 40.778065045397184], [-73.98225365079726, 40.77806608090175], [-73.98225323590508, 40.7780671344255], [-73.98225286839465, 40.778068196961556], [-73.98225254826598, 40.77806926850991], [-73.98225227551904, 40.77807034907062], [-73.98225205015628, 40.77807142963863], [-73.98225193860766, 40.778072164431244], [-73.98225188402131, 40.77807251922075], [-73.98225043521633, 40.7780815357266], [-73.98224347122014, 40.77812486412036], [-73.98224048342153, 40.77814347343924], [-73.98223507024937, 40.77817721802577], [-73.98222666926779, 40.77822956292512], [-73.98221825642696, 40.77828190782163], [-73.98220985541896, 40.778334252718956], [-73.9822014425517, 40.778386597613405], [-73.98219304151725, 40.77843894250864], [-73.98218464046967, 40.77849128740284], [-73.98217622756269, 40.77854363229423], [-73.98216782648862, 40.77859597718638], [-73.98215941355525, 40.77864832207569], [-73.98215495196791, 40.778676074861735], [-73.98215101247406, 40.7787005949256], [-73.98215096143689, 40.77870096322307], [-73.98215079883298, 40.77870212574619], [-73.98215066811495, 40.77870365657966], [-73.98215058478152, 40.778705187420385], [-73.98215058437117, 40.778706718274016], [-73.98215064319159, 40.77870824913678], [-73.98215078493507, 40.77870978001242], [-73.98215098590936, 40.778711310897265], [-73.98215124611681, 40.778712832786184], [-73.98215158924978, 40.77871434568298], [-73.98215199161838, 40.7787158405789], [-73.98215200582123, 40.7787158874072], [-73.98215246506392, 40.7787173354858], [-73.98215299774508, 40.778718812391865], [-73.98215360150562, 40.778720280303894], [-73.98215426331954, 40.77872172120981], [-73.98215499858215, 40.778723153122144], [-73.98215579189575, 40.77872456703339], [-73.98215665629351, 40.778725953940594], [-73.98215757992938, 40.77872731384184], [-73.98206764521169, 40.778691662508535], [-73.98199543526115, 40.77866303779247]]]]}",589.476159669,13350004133.0,350000
"{'type': 'MultiPolygon', 'coordinates': [[[[-73.87266127557854, 40.824387869331176], [-73.87266814215438, 40.82438695390461], [-73.87267923087968, 40.824433927043266], [-73.87269061370374, 40.824482089160625], [-73.8726841668843, 40.824482940216235], [-73.87265816024878, 40.824486371207776], [-73.87262695180229, 40.8244904916311], [-73.87261964769355, 40.82449145790022], [-73.87258112447391, 40.82449653916507], [-73.87257319430543, 40.82449758398317], [-73.87256251442597, 40.82449899136357], [-73.87255599764744, 40.82449985043918], [-73.8725541834749, 40.82450009156825], [-73.87249886317831, 40.82450738477015], [-73.87249675850443, 40.82450766249745], [-73.87248505532519, 40.824509210117185], [-73.8724369359608, 40.82451555492463], [-73.87241410113042, 40.82451856883793], [-73.87240359554734, 40.824519952983565], [-73.87239204843236, 40.82447102523409], [-73.87238123028962, 40.824425232017774], [-73.87241496560485, 40.82442072994468], [-73.87247523525689, 40.82441268944133], [-73.87247733993304, 40.824412409012936], [-73.87253163110526, 40.82440516511156], [-73.8725411027418, 40.82440390137843], [-73.87255177908295, 40.82440247688667], [-73.8725592088882, 40.82440148464635], [-73.87259750924414, 40.82439637702823], [-73.87263579655792, 40.82439126758194], [-73.87266127557854, 40.824387869331176]]]]}",231.522851589,14350004176.0,350000
"{'type': 'MultiPolygon', 'coordinates': [[[[-73.89767754301687, 40.75186323286731], [-73.89766990822042, 40.75180198985253], [-73.8977144734997, 40.7518650603763], [-73.89771786614243, 40.75188814156531], [-73.89772431511827, 40.75193200375104], [-73.89774134873156, 40.75204786991298], [-73.89774586525124, 40.752078595595854], [-73.89774914893505, 40.752100931067275], [-73.8977265238543, 40.752069087088046], [-73.89770066006264, 40.75203268456645], [-73.89770015850186, 40.75203003573195], [-73.89769402888783, 40.75199334906353], [-73.89769152727884, 40.75197607332933], [-73.89768870579523, 40.7519565874684], [-73.89767793350462, 40.75186649754967], [-73.89767754301687, 40.75186323286731]]]]}",225.306675029,9350004514.0,350020
"{'type': 'MultiPolygon', 'coordinates': [[[[-73.83967156863547, 40.74303258018722], [-73.83971333253348, 40.74302762518808], [-73.8396593380711, 40.743057186661474], [-73.83963327262161, 40.743059176514535], [-73.83962338099158, 40.74305993087459], [-73.839616384729, 40.74306046593965], [-73.8396150004033, 40.74306056937138], [-73.83960011163765, 40.7430616247443], [-73.83958413341091, 40.743062761444655], [-73.83955521203984, 40.74306481303931], [-73.83950073949734, 40.743068672363066], [-73.83948924116712, 40.743069439781145], [-73.83938053926337, 40.743081376660925], [-73.83936195408373, 40.743083417407206], [-73.83934299022472, 40.74308537657648], [-73.83936149530247, 40.74307629194509], [-73.83936158420737, 40.74307624794418], [-73.83939713866037, 40.74305880695477], [-73.83943341834969, 40.74305534015387], [-73.83953890003302, 40.743045259188094], [-73.83954664861815, 40.743044518959394], [-73.83967156863547, 40.74303258018722]]]]}",212.932993389,9350004598.0,350020
"{'type': 'MultiPolygon', 'coordinates': [[[[-73.82642030865146, 40.715956624518206], [-73.82641725804946, 40.71594871972706], [-73.82642861054384, 40.71594949777617], [-73.82644351516917, 40.7159505612384], [-73.8264516052723, 40.715951138055374], [-73.82647464360372, 40.715952850436686], [-73.82649628787215, 40.715954523791396], [-73.82651754148897, 40.71595623437489], [-73.82653706974995, 40.71595787211485], [-73.82655588788273, 40.71595952048833], [-73.8265738219389, 40.71596116932792], [-73.826589739585, 40.71596271156864], [-73.82659090502351, 40.71596283129116], [-73.82660516711435, 40.71597204429849], [-73.82666266213718, 40.7160091824448], [-73.82671523355756, 40.716040969513344], [-73.8267155939583, 40.71604118797968], [-73.82672394465378, 40.71604623711212], [-73.82673164190074, 40.71605089083618], [-73.8267388664887, 40.71605525928664], [-73.82681699319993, 40.71609942087897], [-73.82682003049044, 40.71610108238993], [-73.82685267397075, 40.7161183762939], [-73.82687638126922, 40.71613093986923], [-73.82688416157815, 40.716135062405876], [-73.82687437057771, 40.716136830696215], [-73.82685581311304, 40.716140057238114], [-73.82683846252554, 40.716142942497314], [-73.8268238757887, 40.71614523126991], [-73.8268123453123, 40.71614689157844], [-73.82679942997044, 40.716148614639266], [-73.82679936012045, 40.7161486235393], [-73.8267843353459, 40.71615051001959], [-73.82677204910175, 40.7161519800795], [-73.82676856614347, 40.71615239717875], [-73.82675265862973, 40.71615422289282], [-73.8267501843654, 40.71615450643271], [-73.82673117653972, 40.71615660483585], [-73.82672311226739, 40.71615746259299], [-73.82671601572865, 40.71615300158163], [-73.82671572387912, 40.716152818338415], [-73.82661995496994, 40.716092614504554], [-73.82658438745217, 40.71607019041585], [-73.82656605449976, 40.71605854529428], [-73.82655713851419, 40.71605288205012], [-73.82656391470938, 40.71605263831426], [-73.82658397606268, 40.71605181484964], [-73.82659554249837, 40.71605134059234], [-73.82660927401814, 40.7160506912934], [-73.82662224701286, 40.71605000302901], [-73.82663342814479, 40.71604932917452], [-73.82664290734115, 40.71604867706996], [-73.82665376948287, 40.716047789311816], [-73.82666710964858, 40.716046536073684], [-73.82668281305025, 40.71604491267937], [-73.82668340378737, 40.71604484783133], [-73.82667736629887, 40.71604410482468], [-73.82664933658434, 40.71604076854936], [-73.82662208743625, 40.71603764326202], [-73.82659773078873, 40.716034967177876], [-73.82657677898364, 40.71603278429511], [-73.82655743595362, 40.71603090550375], [-73.8265518297888, 40.71603041528373], [-73.82654110021682, 40.71602947789425], [-73.82652792338483, 40.71602845396914], [-73.82651790925617, 40.716027738280985], [-73.82651685178946, 40.716027058601945], [-73.826504587803, 40.716019075092206], [-73.8264983057585, 40.71601498630571], [-73.82649293712466, 40.71601145000876], [-73.82648136100707, 40.71600382593702], [-73.8264659123593, 40.71599351700378], [-73.82645099692766, 40.715983418691515], [-73.82643661238227, 40.71597351658881], [-73.82642355378401, 40.715964362107364], [-73.82642319466669, 40.71596410582051], [-73.82642237412209, 40.71596197847458], [-73.82642030865146, 40.715956624518206]]]]}",378.638351751,9350004401.0,350000
"{'type': 'MultiPolygon', 'coordinates': [[[[-73.86826442392159, 40.732589565169526], [-73.86826013770919, 40.73258940537844], [-73.86825641694097, 40.73258945335127], [-73.86837540564434, 40.73250227694925], [-73.86837871440495, 40.73249985295837], [-73.86837891307053, 40.7325011589238], [-73.8683791591056, 40.73250245593829], [-73.8683794643481, 40.73250374401533], [-73.86837984181973, 40.732505023169836], [-73.8683802654771, 40.732506293372055], [-73.86838206549841, 40.73250716171928], [-73.86839386142947, 40.732512854712674], [-73.86839698130825, 40.73251436032759], [-73.86840278347738, 40.73251716123851], [-73.86843524772577, 40.732532831173565], [-73.86845380380511, 40.732541785423855], [-73.86845510473331, 40.73254241726641], [-73.86845531762056, 40.73254251656562], [-73.86845599174278, 40.732542841519], [-73.86846587886936, 40.73254760750151], [-73.86846621947839, 40.73254777178322], [-73.86849023003596, 40.73255935994367], [-73.86849601327755, 40.73256215812667], [-73.86850512693384, 40.732566555814756], [-73.86854521237223, 40.732585897692495], [-73.86856626390681, 40.73259606145555], [-73.86856937196973, 40.73259755984825], [-73.86857541778942, 40.732600475393106], [-73.86860018293203, 40.732612426396386], [-73.86862779833044, 40.73262574941996], [-73.86864103242574, 40.7326321401222], [-73.86865401579877, 40.73263840896818], [-73.86865438952294, 40.73263858949629], [-73.86865467809558, 40.73263872850383], [-73.86865516535586, 40.732638964092494], [-73.8686615281384, 40.73264203308096], [-73.8686651057232, 40.73264375983535], [-73.8686673137726, 40.732644825854976], [-73.86867784901742, 40.73264991313964], [-73.86871014784124, 40.7326654927572], [-73.86874495037762, 40.732682292707885], [-73.86874876213659, 40.732684132290245], [-73.8687651303526, 40.73269203040062], [-73.86881497656405, 40.73271608126365], [-73.86882011292555, 40.73271855901262], [-73.86882182779941, 40.732719389434585], [-73.86884891225623, 40.732732460558005], [-73.8688539717426, 40.732734903098034], [-73.86879161848185, 40.732755434817925], [-73.86876468377562, 40.732764303857074], [-73.86872658673789, 40.732776917089865], [-73.86872153255995, 40.732774785226006], [-73.86868407275259, 40.73275898270399], [-73.86860750671171, 40.73272668325315], [-73.86852573991334, 40.73269218867565], [-73.8685222766336, 40.73269072769763], [-73.8685104070963, 40.732685719921015], [-73.86851004988496, 40.73268557002861], [-73.86844102089636, 40.73265644976542], [-73.86841737913257, 40.73264632624425], [-73.86837718058081, 40.7326291129966], [-73.86837352083683, 40.73262763197836], [-73.86835602527532, 40.73262055198672], [-73.86835052308207, 40.73261810621711], [-73.86834959698213, 40.73261769452615], [-73.86831680628187, 40.732603671225114], [-73.86830993064049, 40.732600751115655], [-73.86829821969603, 40.732595777717755], [-73.8682930165405, 40.73259356822083], [-73.86828841633195, 40.732592357177424], [-73.86828524882971, 40.732591587221116], [-73.8682847471128, 40.73259147948669], [-73.86828163267487, 40.73259081405], [-73.86828112611238, 40.732590762141555], [-73.86827882054595, 40.73259052447141], [-73.86827861459426, 40.73259050982769], [-73.86827619050959, 40.73259034226162], [-73.86827594668003, 40.732590325773565], [-73.86827419495131, 40.73259017878779], [-73.86827217336202, 40.73259000898054], [-73.86827042163327, 40.7325898619947], [-73.8682689066242, 40.73258973509082], [-73.8682670246158, 40.73258961947372], [-73.86826442392159, 40.732589565169526]]]]}",391.211943625,9350004489.0,350000
"{'type': 'MultiPolygon', 'coordinates': [[[[-73.90779645520755, 40.80534285941483], [-73.9078362741906, 40.8053035196429], [-73.90787688822319, 40.805263394356814], [-73.90790136130461, 40.80527808754075], [-73.90795062011533, 40.805307653341835], [-73.90796044700434, 40.80531356035627], [-73.90792116634576, 40.80535273671014], [-73.90788330974246, 40.80539047339011], [-73.90787020179631, 40.80538337508859], [-73.90782035870504, 40.805356384213134], [-73.90779645520755, 40.80534285941483]]]]}",130.888976621,14350004055.0,350000
"{'type': 'MultiPolygon', 'coordinates': [[[[-73.90258085716414, 40.633876711397285], [-73.90263681612825, 40.633842844323205], [-73.90269390133527, 40.63380829558103], [-73.90274932398226, 40.63385766933659], [-73.9028074666158, 40.63390946596121], [-73.90274939327416, 40.63394395719092], [-73.90268526727772, 40.63398204354641], [-73.90263516313026, 40.63393149638467], [-73.90258085716414, 40.633876711397285]]]]}",179.665428392,20350001088.0,350010
"{'type': 'MultiPolygon', 'coordinates': [[[[-73.91751032802402, 40.78000911332686], [-73.91754706529176, 40.779976241565564], [-73.91759105580175, 40.779936878755464], [-73.9175908647219, 40.77993812131207], [-73.91759072102752, 40.779939363902606], [-73.91759063655381, 40.7799406155405], [-73.91759061131195, 40.77994186722076], [-73.91759063345556, 40.77994311893486], [-73.91759071484216, 40.779944361686354], [-73.91759085544946, 40.77994561348522], [-73.91759105529977, 40.779946856321395], [-73.91759130254668, 40.779948090186465], [-73.91759160903662, 40.779949315088885], [-73.9175919747584, 40.77995054003366], [-73.9175923666793, 40.779951654235326], [-73.91759239973433, 40.779951747010706], [-73.91759286026054, 40.77995294500822], [-73.91759339187612, 40.779954134051515], [-73.9175939708995, 40.779955305118676], [-73.91759459733068, 40.77995645820964], [-73.91759528301594, 40.779957593332966], [-73.91759601610907, 40.77995871048015], [-73.91759679661, 40.77995980965117], [-73.9175984441862, 40.77996097337786], [-73.9176481413414, 40.779996091575505], [-73.91766672394236, 40.78000921616815], [-73.91769948613995, 40.78003236447177], [-73.9177318731602, 40.78005524504896], [-73.9177508309944, 40.780068637344975], [-73.91780216405836, 40.78010491018665], [-73.91783603656916, 40.78012884808306], [-73.91784290386911, 40.78013370128387], [-73.91787068201033, 40.780153325020684], [-73.91780741502157, 40.78020708492786], [-73.91777943581003, 40.78018719988677], [-73.91776347965556, 40.78017585838068], [-73.91773557149085, 40.78015602020569], [-73.91768581287059, 40.780120657966656], [-73.91767174695879, 40.78011065954642], [-73.91763605431424, 40.780085286700924], [-73.91760208500676, 40.78006114696378], [-73.91758629579968, 40.780049924418556], [-73.91753653734908, 40.780014553109474], [-73.91753523500559, 40.78001393983588], [-73.91753390892468, 40.78001336256543], [-73.91753255911759, 40.780012812293045], [-73.91753117372677, 40.78001229801525], [-73.91752977643388, 40.780011828754034], [-73.91752835541473, 40.7800113864909], [-73.91752692249345, 40.78001098924435], [-73.91752546584598, 40.78001061899588], [-73.91752483105181, 40.7800104798642], [-73.91752398545003, 40.7800102937555], [-73.91752250500943, 40.78001000453515], [-73.91752100082033, 40.78000976032293], [-73.91751949659776, 40.780009543125736], [-73.91751798046194, 40.78000937995012], [-73.91751645244625, 40.78000924378106], [-73.91751492437479, 40.78000915263705], [-73.9175133962587, 40.780009097513094], [-73.91751186808689, 40.780009087414214], [-73.91751032802402, 40.78000911332686]]]]}",283.374278754,13350003925.0,350000
"{'type': 'MultiPolygon', 'coordinates': [[[[-73.85296768930668, 40.716385285927025], [-73.85297168131575, 40.71637829675311], [-73.8529764327133, 40.71638008403267], [-73.85297681348635, 40.716380227700235], [-73.85294531514126, 40.71642869982184], [-73.85294512475359, 40.716428628438216], [-73.85294332376293, 40.71642795075418], [-73.85296685169891, 40.7163867517904], [-73.85296768930668, 40.716385285927025]]]]}",41.6282054782,9350002308.0,350000
"{'type': 'MultiPolygon', 'coordinates': [[[[-73.87266814215438, 40.82438695390461], [-73.87268045717093, 40.824385311489166], [-73.87312068839756, 40.82432658816276], [-73.873576797545, 40.82425980761302], [-73.87416206766173, 40.8241741126735], [-73.87416382376273, 40.82417385614735], [-73.87417432706356, 40.82422002165906], [-73.87418512899619, 40.824267499518754], [-73.87418455627747, 40.824267582640076], [-73.87414797581029, 40.824272882667096], [-73.8741197264375, 40.82427697520642], [-73.87407913099996, 40.82428285705193], [-73.87401027431477, 40.82429283138272], [-73.87394141759191, 40.82430281467733], [-73.8738725727197, 40.82431278893882], [-73.87380371597258, 40.82432276314619], [-73.87373487105904, 40.824332737325456], [-73.87366601427065, 40.824342711450605], [-73.87359715746163, 40.824352685534585], [-73.87352831248621, 40.824362659590456], [-73.8734917532504, 40.824367960333134], [-73.87345945561871, 40.824372642597176], [-73.87339061060203, 40.8243826165708], [-73.87332175371041, 40.82439259049028], [-73.87325290865245, 40.82440256438167], [-73.8731840517195, 40.82441253821893], [-73.87311519476597, 40.824422512015026], [-73.87304634962891, 40.82443249478796], [-73.87297749263408, 40.82444246850181], [-73.8729086474729, 40.82445244218761], [-73.87283979043674, 40.824462415819205], [-73.87276884819605, 40.82447177477131], [-73.8727034326291, 40.82448040317477], [-73.87269061370374, 40.824482089160625], [-73.87267923087968, 40.824433927043266], [-73.87266814215438, 40.82438695390461]]]]}",911.975750922,14350004176.0,350000
"{'type': 'MultiPolygon', 'coordinates': [[[[-73.90297672447262, 40.81000804580872], [-73.90293413673936, 40.80992577555715], [-73.90292349307352, 40.809905213622464], [-73.90289049491015, 40.80984146927465], [-73.90288882151721, 40.80983411259501], [-73.90288604753408, 40.80982564737531], [-73.90288247212158, 40.80981735707764], [-73.90287985285795, 40.8098125101903], [-73.90294311874794, 40.80976757277219], [-73.90297839864624, 40.80974251278353], [-73.90303059414803, 40.80970543815644], [-73.90311675249212, 40.80964423618384], [-73.90312002892273, 40.809646246147885], [-73.90312018405353, 40.80964633272612], [-73.90312111962633, 40.809646819781406], [-73.90312209078031, 40.809647288856596], [-73.90312307382527, 40.80964773092679], [-73.90312406877428, 40.80964813698711], [-73.90312509930452, 40.809648525067324], [-73.9031261298741, 40.80964888613261], [-73.90312718418632, 40.80964922020291], [-73.90312826224117, 40.809649527278154], [-73.90312934033535, 40.80964980733853], [-73.90313043033358, 40.80965005138893], [-73.90313154407448, 40.80965026844434], [-73.90313265785471, 40.8096504584848], [-73.90313377167426, 40.80965062151034], [-73.90313490924954, 40.80965074853591], [-73.90313603501245, 40.809650848536585], [-73.90313717266638, 40.809650921532274], [-73.9031383222244, 40.80965095851803], [-73.90313945995695, 40.809650977483884], [-73.90314059775503, 40.80965095142486], [-73.90314174743094, 40.80965090736584], [-73.90314288530764, 40.80965082727695], [-73.903144011372, 40.809650720163184], [-73.90314513748879, 40.809650577029515], [-73.90314626364487, 40.809650406880905], [-73.90314736613692, 40.80965020969748], [-73.90314848051996, 40.80964998550907], [-73.903149571239, 40.80964973428581], [-73.90315065015879, 40.809649447032704], [-73.90315170541457, 40.80964913274476], [-73.90315276070966, 40.8096487914419], [-73.90315379234069, 40.8096484231042], [-73.90315481215941, 40.809648027741595], [-73.90315580830102, 40.809647614349146], [-73.90315679264337, 40.80964716492688], [-73.90315774147007, 40.80964668845977], [-73.90315867847129, 40.80964619397277], [-73.90315959180845, 40.80964567245092], [-73.90316048148163, 40.80964512389425], [-73.90316134747772, 40.80964455730771], [-73.90316217795815, 40.80964396367639], [-73.90316517857015, 40.80964167803048], [-73.90317038002382, 40.809671171918325], [-73.9031710653277, 40.80967505454219], [-73.90317865182384, 40.809718068713266], [-73.90318633235987, 40.80976162146054], [-73.90318979261615, 40.80980673572924], [-73.90319349249798, 40.80985496051982], [-73.9031740319574, 40.809870467867555], [-73.90306579625678, 40.809956714889275], [-73.90300288386227, 40.81000543656458], [-73.90299937653134, 40.81000815311847], [-73.90299378148522, 40.81000723260409], [-73.90298806705707, 40.81000690541738], [-73.90298234464377, 40.81000717795547], [-73.90297712396607, 40.810007984010525], [-73.90297672447262, 40.81000804580872]]]]}",342.993395341,14350004052.0,350010
"{'type': 'MultiPolygon', 'coordinates': [[[[-73.8750362367396, 40.73040896020008], [-73.87504256876105, 40.73040701296624], [-73.87504338742517, 40.73040854021799], [-73.8750443193364, 40.73041027741131], [-73.87504524416711, 40.730412002890326], [-73.87504615955991, 40.730413711249426], [-73.87504707377575, 40.73041541600517], [-73.87504802927786, 40.73041719824953], [-73.87504895057269, 40.73041891562008], [-73.87504987422327, 40.730420639296746], [-73.8750500570688, 40.73042097898718], [-73.87480452561616, 40.73049778689444], [-73.87474673837791, 40.73051586391209], [-73.8746901237211, 40.73053357386843], [-73.87463020913427, 40.73055231669048], [-73.8744957328406, 40.73059438337798], [-73.87448977207258, 40.73058398050068], [-73.87448892845487, 40.73058250904941], [-73.87448806006483, 40.73058099164516], [-73.87448767070168, 40.73058031313719], [-73.87448722824918, 40.73057953911743], [-73.87448640115166, 40.73057809559989], [-73.874486368115, 40.730578037931295], [-73.87454445337795, 40.73056017749124], [-73.87460276010127, 40.730542248824385], [-73.87462125521947, 40.73053656153555], [-73.87466310877691, 40.73052369199402], [-73.87469898087242, 40.73051266197289], [-73.87472018598193, 40.730506141944346], [-73.87477576838921, 40.73048905130155], [-73.87477840969864, 40.73048823921291], [-73.87484765225813, 40.73046694810524], [-73.87492083067542, 40.73044444644405], [-73.8750362367396, 40.73040896020008]]]]}",344.377168426,9350004554.0,350020
"{'type': 'MultiPolygon', 'coordinates': [[[[-73.9110785791873, 40.65282538557746], [-73.91108474410215, 40.65282539934873], [-73.91108925605404, 40.65282540914034], [-73.91108951980989, 40.652825345407486], [-73.91109420353652, 40.65282422067936], [-73.91110127160032, 40.65282082758895], [-73.9111056962115, 40.652818058314786], [-73.91128785996321, 40.65270402862781], [-73.91136891992299, 40.65265001593373], [-73.91140751377245, 40.65262429896599], [-73.91145795602544, 40.652590687263164], [-73.91146427874872, 40.65258670463796], [-73.91149362384273, 40.652568220683804], [-73.91152816743913, 40.652546462836554], [-73.9115546156233, 40.652529803788816], [-73.91159237201003, 40.6525060222279], [-73.91161978105232, 40.65248875785525], [-73.9116597881456, 40.652463558785705], [-73.9116819087133, 40.6524496258538], [-73.91169174125746, 40.65244343243855], [-73.91169888993787, 40.652438929935315], [-73.91170246569247, 40.652436056426914], [-73.91170548146691, 40.65243283128653], [-73.9117065678132, 40.65243123730361], [-73.91170787687686, 40.652429317504236], [-73.91170960571928, 40.65242558348382], [-73.91171063479013, 40.65242170304236], [-73.91171076950037, 40.652419976853324], [-73.91176421359626, 40.65246942747313], [-73.91182095965455, 40.652521933354414], [-73.91182013208784, 40.652521860678526], [-73.91181931629727, 40.652521824032355], [-73.91181848867112, 40.6525217963823], [-73.91181767283294, 40.652521795756805], [-73.9118168451353, 40.652521822137714], [-73.91181602923761, 40.65252186653804], [-73.91181520149237, 40.65252192893964], [-73.91181438553517, 40.65252201836579], [-73.91181358137788, 40.65252212581132], [-73.91181277719686, 40.65252225126722], [-73.91181197298005, 40.6525224037386], [-73.91181118056319, 40.652522574229366], [-73.91181087422589, 40.65252265143902], [-73.91181039993434, 40.65252277174473], [-73.91180963111734, 40.652522978274284], [-73.9118088622646, 40.65252321181937], [-73.91180810519991, 40.65252347238899], [-73.91180737177078, 40.65252374198193], [-73.91180663830599, 40.65252403859035], [-73.91180592847671, 40.65252434422208], [-73.91180523043546, 40.65252467687837], [-73.91180454419414, 40.65252502755408], [-73.91180386975275, 40.652525396249146], [-73.91180321894691, 40.65252577396754], [-73.91180259175286, 40.652526178719526], [-73.91179769365088, 40.65252939341373], [-73.91175210778573, 40.65255931506825], [-73.91174765818495, 40.652562238336664], [-73.91174297190628, 40.65256531451134], [-73.91170163559222, 40.65259245140378], [-73.91169308430968, 40.652598064069025], [-73.91165115152474, 40.65262558770792], [-73.91160067923094, 40.65265872399887], [-73.91159547815856, 40.65266213656543], [-73.91157012484423, 40.652678773050674], [-73.91155019507518, 40.65269185125325], [-73.91153626991003, 40.652700990703956], [-73.91149971085727, 40.65272498749059], [-73.91149051694693, 40.65273102379011], [-73.91145475902455, 40.65275449887859], [-73.91144923841306, 40.652758123714676], [-73.9114262009553, 40.65277324457874], [-73.91139875409486, 40.652791259907445], [-73.91134828155036, 40.65282439608698], [-73.91132798838292, 40.65283771530959], [-73.91129779713194, 40.65285753223517], [-73.9112825109676, 40.65286756752102], [-73.91125540721465, 40.65288536155266], [-73.91124732448709, 40.65289066837017], [-73.91121194390996, 40.65291389062858], [-73.91119683996838, 40.65292380447377], [-73.91119621274292, 40.65292422723282], [-73.9111956091411, 40.65292466802045], [-73.91119501733913, 40.65292512682753], [-73.91119485517069, 40.65292526358097], [-73.91119444916079, 40.652925603663164], [-73.91119390461814, 40.65292608952228], [-73.91119338369909, 40.652926593409966], [-73.91119288641565, 40.65292710632107], [-73.91119241275588, 40.6529276372608], [-73.91119196273172, 40.65292817722393], [-73.91119153633122, 40.65292873521566], [-73.91119114540214, 40.65292929323476], [-73.91119076627291, 40.65292986927331], [-73.91119042260313, 40.65293045434445], [-73.91119010258096, 40.652931039433824], [-73.91118980618243, 40.65293164255181], [-73.91118954525535, 40.652932245697194], [-73.91118929612811, 40.65293286686204], [-73.91118909429612, 40.65293348806339], [-73.91118890428794, 40.65293410927388], [-73.91118876156301, 40.652934739526], [-73.91118863066193, 40.65293536978733], [-73.91118853522026, 40.65293600908118], [-73.91108030433335, 40.65282712040776], [-73.9110785791873, 40.65282538557746]]]]}",562.21823751,20350002297.0,350000
"{'type': 'MultiPolygon', 'coordinates': [[[[-73.92228069431438, 40.734271817484675], [-73.9223431243595, 40.7342455737638], [-73.92234731766212, 40.73424845551661], [-73.92235087930749, 40.734250903698815], [-73.92235331485253, 40.73425257848553], [-73.92235682090268, 40.73425498880875], [-73.92235757912773, 40.73425550981378], [-73.92237086639794, 40.73426464452304], [-73.9223861243476, 40.734275134022965], [-73.92239473925427, 40.73428105616859], [-73.92239551403985, 40.73428158889113], [-73.92240124272293, 40.73428552707241], [-73.92242615889374, 40.73430265621905], [-73.92243284571387, 40.73430725241523], [-73.92243727205019, 40.73431029551269], [-73.9224746132186, 40.734335966233566], [-73.92250102340688, 40.7343541220486], [-73.92250532081607, 40.73435707590636], [-73.92251390380576, 40.73436297640929], [-73.922514061129, 40.73436308457617], [-73.92251778129166, 40.73436564272186], [-73.92254808910226, 40.73438647745909], [-73.92258550842688, 40.734412201326236], [-73.92259173039513, 40.734416478420684], [-73.92262077611365, 40.734436446001254], [-73.92263297401925, 40.734444831625595], [-73.92264545345535, 40.734453410146514], [-73.9226482746358, 40.734455349935374], [-73.9226521178297, 40.73445799190664], [-73.92265472254245, 40.73445978296607], [-73.92264861934122, 40.73446230659349], [-73.92262564566519, 40.734471728486675], [-73.9226204070926, 40.734473877181536], [-73.92261576076126, 40.734475744415086], [-73.92259300048634, 40.73448488998908], [-73.92254865837188, 40.73450271365185], [-73.92254406178041, 40.734504561104764], [-73.92251986482452, 40.73451428742626], [-73.92251621676755, 40.7345118148775], [-73.92251313413509, 40.73450972632558], [-73.92248919701046, 40.73449351277377], [-73.92248490427508, 40.734490604844545], [-73.92248248643251, 40.73448896699344], [-73.92248189616818, 40.7344885658699], [-73.92245988954943, 40.73447365754742], [-73.9224505008977, 40.73446729723877], [-73.92244499096532, 40.73446356452327], [-73.92243023788443, 40.73445356794959], [-73.92238435691934, 40.73442247940441], [-73.9223814422654, 40.734420505326696], [-73.92237613934907, 40.73441691142571], [-73.92236744625824, 40.734411019843414], [-73.92236401823031, 40.73440869692245], [-73.92234217017227, 40.734393895844654], [-73.92234144869686, 40.7343933298389], [-73.92231786711645, 40.73437481749317], [-73.92231079193455, 40.734369263788054], [-73.92230765766041, 40.7343668032858], [-73.92230005260689, 40.73436083678973], [-73.92229987046457, 40.73436069348599], [-73.9222879566724, 40.73435134627509], [-73.92227974960635, 40.73434490660453], [-73.92227150942516, 40.73433844079624], [-73.92227051000604, 40.73433765667941], [-73.92226328462067, 40.73433198760483], [-73.92225696521814, 40.73432702964254], [-73.92225502197098, 40.73432550377008], [-73.92225080667292, 40.73432219515812], [-73.92224677706562, 40.734319032553756], [-73.92223898397133, 40.734312914641215], [-73.92223857710732, 40.73431259558652], [-73.92223037360223, 40.734306155914794], [-73.92222788038093, 40.73430419832695], [-73.92222661129766, 40.73430320240818], [-73.92222231202433, 40.73429983070286], [-73.92221943677478, 40.734297575689084], [-73.92227274812964, 40.73427515841045], [-73.92228069431438, 40.734271817484675]]]]}",312.703398398,9350000073.0,350000
"{'type': 'MultiPolygon', 'coordinates': [[[[-73.8742141246309, 40.824166496338385], [-73.87425814931363, 40.82416004456843], [-73.87511019430562, 40.82404314684439], [-73.87584719251419, 40.82394202718996], [-73.87680617750198, 40.82381904831411], [-73.87770073423917, 40.82370425070441], [-73.87786469832653, 40.82368320878593], [-73.87787153030835, 40.82368233263476], [-73.87788241823903, 40.823728263187576], [-73.87789504006955, 40.823781508507594], [-73.87788740640079, 40.82378256661201], [-73.8778264248486, 40.823790984696345], [-73.87776153039607, 40.823799947903524], [-73.87770339572009, 40.82380797632411], [-73.87769662407189, 40.82380891106159], [-73.8776602983374, 40.823813928816385], [-73.87763541361807, 40.823817365722505], [-73.87763172958438, 40.823817874195704], [-73.87756683509598, 40.82382682828831], [-73.87737948489736, 40.82385992687996], [-73.87707198851902, 40.82390843972077], [-73.87659234469938, 40.82397101349517], [-73.87623595716164, 40.82401998055427], [-73.87585947335396, 40.82407045122097], [-73.87577470320396, 40.82407959362265], [-73.8757028115354, 40.82408807267105], [-73.8756242082026, 40.8240996007211], [-73.87556975159998, 40.82410687651659], [-73.87553246367337, 40.82411152155836], [-73.87548685737474, 40.82411819543007], [-73.87542005981095, 40.82412708772758], [-73.87535406598607, 40.82413659229232], [-73.87527385238889, 40.82414893331235], [-73.87520517400024, 40.824159452449244], [-73.87516520076801, 40.824166132289854], [-73.87512924622763, 40.824174650779874], [-73.87509731309613, 40.824184191175604], [-73.87502184105567, 40.82415994818038], [-73.87502272526143, 40.82415307024555], [-73.87498516260054, 40.824158160558426], [-73.87491521652161, 40.82416763897532], [-73.87484527042278, 40.82417711734979], [-73.87477532430395, 40.82418659568184], [-73.87470536631103, 40.824196073958575], [-73.87463542016937, 40.82420554320076], [-73.87456547399083, 40.82421502140548], [-73.87449552779238, 40.824224499567734], [-73.87442558157397, 40.824233977687534], [-73.87435563533568, 40.82424345576489], [-73.87428567722317, 40.82425293378692], [-73.87423681475265, 40.82426001243988], [-73.87422539675599, 40.82421295354451], [-73.8742141246309, 40.824166496338385]]]]}",2133.51692619,14350004176.0,350000
"{'type': 'MultiPolygon', 'coordinates': [[[[-73.82564946417831, 40.83814949835686], [-73.82571927444604, 40.83814812975304], [-73.82572219346304, 40.83822014046873], [-73.82572757930019, 40.83826204775162], [-73.82573440022095, 40.838321000876235], [-73.82574047167947, 40.838380001494286], [-73.82574579368558, 40.83843904510342], [-73.82574707931502, 40.838455660282584], [-73.82574856334763, 40.838474841272436], [-73.82574905418943, 40.838481190505455], [-73.82574917461702, 40.83848274404168], [-73.82575036388718, 40.838498123595684], [-73.82575418347731, 40.83855723337103], [-73.82575725247298, 40.8386163672256], [-73.82575956851247, 40.83867552065339], [-73.82576879268179, 40.838900254965274], [-73.82577190999778, 40.83901203003541], [-73.82577255272844, 40.839035087284415], [-73.82578020581992, 40.83942105375867], [-73.8257943041897, 40.83988003847709], [-73.8258090679583, 40.840460377563225], [-73.82581211594277, 40.84057332584246], [-73.82581263360821, 40.84059253418086], [-73.82581409057236, 40.84064653275771], [-73.82581485362783, 40.84067481935562], [-73.82582143697903, 40.84091883099396], [-73.8258388775633, 40.84141940188309], [-73.82585014833565, 40.84187537991769], [-73.82586660872539, 40.842202019597515], [-73.8258714203353, 40.84247025720247], [-73.82587383899356, 40.84254510996671], [-73.8258800858235, 40.84273844658276], [-73.82588159613925, 40.84279112779571], [-73.8258821005763, 40.84280860895787], [-73.82586669156842, 40.84280410483568], [-73.8258164841132, 40.84278917717189], [-73.82579171866385, 40.84278181424782], [-73.82578885025028, 40.84278093283389], [-73.82572411486932, 40.842761044874685], [-73.82571004917912, 40.842756604895165], [-73.82570379673453, 40.84254478110678], [-73.82570299994332, 40.84251625583512], [-73.82569792113195, 40.84233441668105], [-73.82569309359089, 40.84215081923471], [-73.82569238945538, 40.842124043762226], [-73.82568718982061, 40.84191367133723], [-73.82568711241323, 40.8419106311501], [-73.8256829738208, 40.84174876456972], [-73.82568141429282, 40.84168778250948], [-73.82567540163456, 40.84146190231919], [-73.82567374496351, 40.841401797190926], [-73.82566917558636, 40.84123602179729], [-73.82566346515654, 40.841036466211655], [-73.82566271241235, 40.84101014991273], [-73.82565603585299, 40.84078427769653], [-73.82565331223272, 40.8406775082027], [-73.82565259074833, 40.840649220765975], [-73.82565121012192, 40.84059509983503], [-73.82565071977692, 40.84057589063663], [-73.82565034771618, 40.840561315563804], [-73.82564460033198, 40.84033835333277], [-73.825638793701, 40.840115391003245], [-73.8256329278238, 40.83989242857531], [-73.82562701453438, 40.83966947507181], [-73.82562631464376, 40.83964245736074], [-73.82562360142195, 40.83953763743283], [-73.82562359714414, 40.839537460028815], [-73.82561646499867, 40.83927470908749], [-73.82560890177518, 40.83901178368649], [-73.82560674050525, 40.838940676419405], [-73.82560233403966, 40.83879565491211], [-73.82560100999797, 40.83875209235517], [-73.82559381174256, 40.838589704172904], [-73.82558581589151, 40.83848372180216], [-73.82558436866874, 40.83846453816438], [-73.82558157392555, 40.8384274884639], [-73.82556429634748, 40.83826553527566], [-73.82554740542062, 40.838151497119654], [-73.82562723872087, 40.838149934816315], [-73.82564810769468, 40.83814952512216], [-73.82564946417831, 40.83814949835686]]]]}",3476.29405581,14350004176.0,350000
"{'type': 'MultiPolygon', 'coordinates': [[[[-73.92339781354116, 40.79880599663331], [-73.92346185960865, 40.79882709916311], [-73.92355733593168, 40.798858556639125], [-73.9235852777248, 40.79886776296383], [-73.92360660039517, 40.79887375101189], [-73.92384619639819, 40.79894103639834], [-73.92387344284748, 40.798952172864865], [-73.92406645840506, 40.79908034582087], [-73.92404057219453, 40.79911596783953], [-73.92400930128646, 40.79910083324293], [-73.92399047763712, 40.79909172308431], [-73.92386487307897, 40.799030933008716], [-73.9237912163449, 40.798995495599826], [-73.92363837233081, 40.798921957800935], [-73.92362755828857, 40.798916754753506], [-73.92359024391578, 40.798898765956935], [-73.92339781354116, 40.79880599663331]]]]}",438.716396527,13350004145.0,350020
"{'type': 'MultiPolygon', 'coordinates': [[[[-73.87416382376273, 40.82417385614735], [-73.87421277049948, 40.82416669477151], [-73.8742141246309, 40.824166496338385], [-73.87422539675599, 40.82421295354451], [-73.87423681475265, 40.82426001243988], [-73.87423527090372, 40.82426023588026], [-73.87421683245418, 40.82426290825405], [-73.87418512899619, 40.824267499518754], [-73.87417432706356, 40.82422002165906], [-73.87416382376273, 40.82417385614735]]]]}",98.0085969925,14350004176.0,350000
"{'type': 'MultiPolygon', 'coordinates': [[[[-73.89375955609412, 40.66314895528979], [-73.8937607143454, 40.66314937059726], [-73.89376188446535, 40.66314975890013], [-73.89376203458046, 40.663149803164124], [-73.89376307829386, 40.66315011120427], [-73.89376428399109, 40.66315043650383], [-73.89376550157132, 40.663150725793656], [-73.89376673102022, 40.66315098807895], [-73.89376797235211, 40.663151214354514], [-73.89376922556694, 40.663151404620365], [-73.89377049065047, 40.66315156788166], [-73.89377175579139, 40.663151695122345], [-73.89377302098966, 40.663151786342375], [-73.89377429807092, 40.66315184155268], [-73.89377557519516, 40.66315186974753], [-73.8937768523768, 40.66315186192173], [-73.89377812960147, 40.663151827080455], [-73.89377940689783, 40.663151747213405], [-73.89378067241154, 40.66315164031993], [-73.89378193798265, 40.66315149740585], [-73.89378305221162, 40.66315133814266], [-73.89378319178549, 40.6631513184602], [-73.89378444563134, 40.663151112499065], [-73.89381446633037, 40.6631465745944], [-73.8938512883912, 40.663141016368996], [-73.89391813113087, 40.6631309202001], [-73.89398497385025, 40.663120823992365], [-73.89405181654946, 40.66311072774575], [-73.89405672181658, 40.66310998663558], [-73.89411120137896, 40.6631017583462], [-73.89411865922843, 40.66310063146026], [-73.89412734132304, 40.663099320194185], [-73.89418550188711, 40.663090535135986], [-73.89423174644415, 40.66308355003201], [-73.89425234452561, 40.66308043877281], [-73.89426477032276, 40.66307856181116], [-73.89431156370271, 40.66307149433204], [-73.89431918714382, 40.66307034237079], [-73.89434361408792, 40.66306665287888], [-73.89438602974187, 40.6630602459299], [-73.8944528723196, 40.66305014945021], [-73.89453190218536, 40.66304091239305], [-73.89454047616135, 40.66303991077442], [-73.89455036538905, 40.66303875547199], [-73.89455076668268, 40.66303849919255], [-73.8945560699109, 40.663035114508524], [-73.8945612465153, 40.66303103811124], [-73.89456583836952, 40.66302657035348], [-73.89456632533833, 40.663025978259746], [-73.89458394189894, 40.66313751440747], [-73.89457316485962, 40.66313623029963], [-73.89457135824213, 40.66313601522139], [-73.89457026196158, 40.663136043033134], [-73.89455971897824, 40.66313631343056], [-73.89454869274613, 40.66314005847845], [-73.89453702640066, 40.66314402176397], [-73.89449455306867, 40.66315023510452], [-73.89448970343801, 40.66315094206477], [-73.89442250642362, 40.66316076808552], [-73.89435530940234, 40.663170585962355], [-73.89428812417542, 40.6631804110149], [-73.89422720798915, 40.66318931065841], [-73.894220927116, 40.66319022791272], [-73.89419146141131, 40.663194536802145], [-73.89417649021605, 40.66319672569463], [-73.8941537300225, 40.663200053776436], [-73.8941526950382, 40.66320020501145], [-73.89411971866365, 40.66320502304615], [-73.89408654474907, 40.6632098706066], [-73.894019347616, 40.66321969639173], [-73.89395215047739, 40.663229513132514], [-73.89388496513035, 40.663239338850076], [-73.89384316353521, 40.66324545081147], [-73.89381776793786, 40.66324916451746], [-73.89381595791244, 40.66324960409993], [-73.89381415962671, 40.66325009772422], [-73.8938130758805, 40.66325042181038], [-73.8938123849334, 40.66325062829142], [-73.89381064563382, 40.663251211121256], [-73.8938089180868, 40.6632518398883], [-73.89380723777059, 40.66325251372472], [-73.89380558103393, 40.66325323260875], [-73.89380395970248, 40.66325399655128], [-73.89380236196499, 40.6632547965362], [-73.89380081145828, 40.66325564159059], [-73.89379930818242, 40.6632565317144], [-73.89379782850045, 40.66325745788065], [-73.89379640788937, 40.66325842012208], [-73.89379502269774, 40.66325941841682], [-73.89379444962982, 40.66325986184253], [-73.89379368475132, 40.6632604527759], [-73.89379239405005, 40.66326152319924], [-73.89379115060838, 40.66326262068171], [-73.89378996623743, 40.66326375423931], [-73.8937888291117, 40.66326492386128], [-73.89378774988857, 40.66326612055217], [-73.89378737430305, 40.66326656776226], [-73.89378672028862, 40.6632673452049], [-73.89378574860712, 40.663268587020916], [-73.89378355200594, 40.66325855143441], [-73.89377550992101, 40.66322182093297], [-73.89377192092597, 40.66320542731223], [-73.89376721073096, 40.663183917720445], [-73.89375955609412, 40.66314895528979]]]]}",543.564084555,20350002231.0,350000
"{'type': 'MultiPolygon', 'coordinates': [[[[-73.92703337052437, 40.825723976584], [-73.92703984046341, 40.82570475509424], [-73.92704623062578, 40.82568260694247], [-73.9270462663078, 40.82568249890558], [-73.92705942735564, 40.82563693314256], [-73.9270702653133, 40.825640746392715], [-73.92707150244694, 40.82564118211455], [-73.92707740608562, 40.82564326239111], [-73.92708059253448, 40.82564438462276], [-73.92708150500577, 40.82564468236333], [-73.9270824174968, 40.82564496209402], [-73.92708335371658, 40.82564522382978], [-73.92708362629818, 40.82564528973831], [-73.9270842899758, 40.825645449545696], [-73.92708524877838, 40.82564565726597], [-73.92708620998144, 40.8256458379729], [-73.9270871818733, 40.825646000676635], [-73.92708815380465, 40.82564612736057], [-73.9270891257656, 40.825646227029644], [-73.92709012145525, 40.8256463087038], [-73.92709110532991, 40.825646354350624], [-73.9270920892243, 40.825646381987575], [-73.92709247212485, 40.825646382229664], [-73.92709308500281, 40.82564638261714], [-73.92709406895641, 40.82564635622436], [-73.9270950647941, 40.82564630282418], [-73.92709604880683, 40.82564622240168], [-73.92709702099472, 40.8256461149568], [-73.92709799320232, 40.82564598950204], [-73.92709896544939, 40.82564582802745], [-73.92709992586167, 40.82564564853545], [-73.9271008744589, 40.82564543301614], [-73.92710182307582, 40.82564519948693], [-73.92710274800349, 40.82564494793283], [-73.92710366111612, 40.82564466035141], [-73.92710457306302, 40.82564435475934], [-73.92710546370137, 40.8256440221389], [-73.927106329465, 40.825643671492834], [-73.92710719525822, 40.825643293831924], [-73.92710802550758, 40.825642898138604], [-73.92710884393207, 40.825642475422974], [-73.92710965052177, 40.825642034689906], [-73.92711043343205, 40.825641566926976], [-73.92711118079853, 40.825641081131685], [-73.92711191633023, 40.825640577319], [-73.92711262817262, 40.8256400554814], [-73.9270967732781, 40.82566771589153], [-73.92708060481121, 40.8256959236025], [-73.9270616748729, 40.82572894811698], [-73.92705417201879, 40.82574203657875], [-73.92704928690527, 40.825750560282344], [-73.92704948974523, 40.8257493627514], [-73.92704963332241, 40.82574815617797], [-73.92704971762699, 40.82574694956705], [-73.92704975451343, 40.82574574292612], [-73.9270497321273, 40.82574453624774], [-73.92704965046852, 40.825743329531825], [-73.92704952139167, 40.82574212278591], [-73.92704933303233, 40.82574092500745], [-73.92704908540038, 40.82573972719153], [-73.92704885995639, 40.82573883555814], [-73.92704879034054, 40.825738538350514], [-73.92704843599817, 40.825737358476964], [-73.92704803422785, 40.82573618757837], [-73.92704757316518, 40.825735034652205], [-73.9270470646746, 40.82573389070096], [-73.92704650875605, 40.82573275572467], [-73.92704589354517, 40.82573163872083], [-73.9270452308965, 40.82573053969681], [-73.92704452081, 40.82572945865273], [-73.92704428052359, 40.82572912981978], [-73.92704375142131, 40.82572840458599], [-73.92704294645927, 40.82572735950168], [-73.92703337052437, 40.825723976584]]]]}",104.214458994,14350002804.0,350000
"{'type': 'MultiPolygon', 'coordinates': [[[[-73.89487528618163, 40.74461735304653], [-73.89489932172691, 40.74461200975966], [-73.89489913385525, 40.74461251567335], [-73.89489834647888, 40.744614773427124], [-73.89488704727397, 40.74464716787104], [-73.89488676300725, 40.74464798437173], [-73.89486495404672, 40.74471593475688], [-73.89486373845072, 40.744720193046746], [-73.89484585076897, 40.74478297179171], [-73.89484547453637, 40.74478429249241], [-73.89483795273418, 40.74481339902528], [-73.89483695562824, 40.74481725498755], [-73.89480578374815, 40.74482422796539], [-73.89480682330266, 40.7448204846056], [-73.89481148998172, 40.74480368179976], [-73.89481559768878, 40.744789951914626], [-73.89482273112966, 40.74476610309049], [-73.89483473810493, 40.744728661055795], [-73.8948475085227, 40.74469136559887], [-73.89486103881549, 40.744654225721256], [-73.8948615892598, 40.74465280162119], [-73.89487411871822, 40.744620373182954], [-73.89487528618163, 40.74461735304653]]]]}",170.525796826,9350004511.0,350020
"{'type': 'MultiPolygon', 'coordinates': [[[[-73.89074574672166, 40.83249321132633], [-73.8907811021102, 40.832434474002554], [-73.89078187963625, 40.83243315731462], [-73.89081672753615, 40.832372975104704], [-73.89086688980211, 40.83239132604641], [-73.8908313574588, 40.832450309064434], [-73.89079520449283, 40.832510321649664], [-73.89074574672166, 40.83249321132633]]]]}",126.134320964,14350003852.0,350010
"{'type': 'MultiPolygon', 'coordinates': [[[[-73.8375926153233, 40.72571131544322], [-73.83768913112993, 40.72568259917929], [-73.83768994325037, 40.72568449409781], [-73.83770033482615, 40.72570875679406], [-73.83770203086875, 40.72571271242611], [-73.83771834502245, 40.725750809007344], [-73.83772242912049, 40.72576036017537], [-73.83773320913477, 40.72578552572737], [-73.83773761221224, 40.72579581666353], [-73.83763807707741, 40.72582583625173], [-73.83763796570678, 40.72582587931919], [-73.83757828579041, 40.72584388460512], [-73.83757372398979, 40.725833162094425], [-73.83754278593723, 40.725760440941244], [-73.83753028338677, 40.725731054949144], [-73.83752983262457, 40.72572999441217], [-73.8375926153233, 40.72571131544322]]]]}",181.911964609,9350004401.0,350000
"{'type': 'MultiPolygon', 'coordinates': [[[[-73.84122017113462, 40.82917277485569], [-73.84124017505638, 40.8291704881203], [-73.84131221751508, 40.82916110504878], [-73.84131370580045, 40.829160910788524], [-73.84140642411774, 40.82914883480671], [-73.84140747108928, 40.82918209157698], [-73.84136574845256, 40.82918888066602], [-73.84135731616111, 40.82919025312944], [-73.84131720590325, 40.82919700569763], [-73.84122914478091, 40.82921182372756], [-73.84122775209245, 40.829205738957285], [-73.84122708213764, 40.82920281592424], [-73.84122017113462, 40.82917277485569]]]]}",129.366106152,14350004086.0,350000
"{'type': 'MultiPolygon', 'coordinates': [[[[-73.93494930079406, 40.81166540291565], [-73.93495139038359, 40.81165925999861], [-73.93495142460658, 40.81165941130157], [-73.93495146001477, 40.81165956260513], [-73.93495149779339, 40.81165971391005], [-73.93495153557284, 40.81165986431449], [-73.93495157335232, 40.811660014718925], [-73.93495161350131, 40.81166016602522], [-73.93495165365117, 40.811660316430995], [-73.93495169617233, 40.81166046593762], [-73.93495173869262, 40.81166061634473], [-73.9349517812129, 40.81166076675183], [-73.93495182610445, 40.8116609162598], [-73.934951870996, 40.811661065767716], [-73.93495190526036, 40.8116611747473], [-73.93495193834043, 40.81166128282569], [-73.93495197260475, 40.81166139180523], [-73.93495200805516, 40.81166149988498], [-73.9349520435056, 40.81166160796469], [-73.93495207895604, 40.81166171604443], [-73.93495211559085, 40.811661825025304], [-73.93495215222734, 40.81166193220521], [-73.93495218886297, 40.811662040285626], [-73.93495222668383, 40.81166214836669], [-73.93495226568987, 40.811662256448436], [-73.93495230351155, 40.81166236362897], [-73.93495234251759, 40.811662471710704], [-73.93495238270971, 40.81166257889262], [-73.93495242290183, 40.811662686074534], [-73.93495246309398, 40.811662793256424], [-73.93495250447128, 40.81166290043901], [-73.93495254584863, 40.81166300762159], [-73.934952588412, 40.811663113904316], [-73.93495263097454, 40.811663221087585], [-73.93495267353708, 40.81166332827079], [-73.93495271728567, 40.81166343455424], [-73.93495276103428, 40.81166354083764], [-73.93495280478288, 40.81166364712107], [-73.93495284971672, 40.811663753405135], [-73.9349528958357, 40.81166385968988], [-73.93495294076955, 40.811663965973985], [-73.9349529868894, 40.81166407135825], [-73.93495303419361, 40.81166417764365], [-73.9349530814987, 40.81166428302858], [-73.9349531288038, 40.81166438841349], [-73.93495317729415, 40.81166449379906], [-73.93495322578443, 40.81166459918467], [-73.9349532742747, 40.811664704570255], [-73.93495332395023, 40.81166480995655], [-73.93495337362661, 40.81166491444229], [-73.93495342330208, 40.81166501982853], [-73.93495347416366, 40.811665124314985], [-73.93495352502525, 40.81166522880141], [-73.93495357707202, 40.81166533328853], [-73.93495362911881, 40.81166543777563], [-73.93495368116558, 40.8116655422627], [-73.93495373439848, 40.811665645850006], [-73.93495378763042, 40.81166575033777], [-73.9349538420485, 40.8116658539257], [-73.93495389646658, 40.81166595751366], [-73.93495395088466, 40.81166606110158], [-73.93495400530274, 40.8116661646895], [-73.93495406090688, 40.81166626737765], [-73.93495411769534, 40.811666370966904], [-73.93495417329947, 40.811666473655], [-73.93495423008798, 40.81166657724431], [-73.9349542880625, 40.811666679933765], [-73.93495434485187, 40.81166678262253], [-73.93495440282727, 40.81166688441147], [-73.93495446198703, 40.81166698710161], [-73.93495452114679, 40.81166708979171], [-73.93495458030742, 40.811667191581336], [-73.93495463946805, 40.811667293370945], [-73.93495469981394, 40.81166739516126], [-73.93495476015975, 40.81166749695154], [-73.93495482169075, 40.8116675987425], [-73.93495488322272, 40.81166769963295], [-73.93495494475465, 40.81166780052342], [-73.9349550074709, 40.81166790231507], [-73.93495503586996, 40.81166794915692], [-73.93494930079406, 40.81166540291565]]]]}",7.48319085118,13350004137.0,350000
"{'type': 'MultiPolygon', 'coordinates': [[[[-73.85269145729467, 40.71683926692438], [-73.85269997101015, 40.716823431518975], [-73.85270069835367, 40.71682366658255], [-73.85267668425445, 40.71686674423507], [-73.85268595855489, 40.716849494200176], [-73.85269145729467, 40.71683926692438]]]]}",34.3164830236,9350002308.0,350000
"{'type': 'MultiPolygon', 'coordinates': [[[[-73.92169866683477, 40.73449302929467], [-73.92172873621229, 40.734482864987584], [-73.92173484992165, 40.73448856035529], [-73.92173628078906, 40.734489894080035], [-73.92175020926612, 40.73450440172887], [-73.92176236063834, 40.73451704771856], [-73.92177011472309, 40.73452511703815], [-73.92178589839324, 40.73454154312505], [-73.92178645529735, 40.734542122530115], [-73.92179201487795, 40.734547908469715], [-73.9217960385384, 40.73455209676482], [-73.92179856766343, 40.73455472886704], [-73.92181339597514, 40.73457016374221], [-73.92183131977778, 40.73458882633736], [-73.92178998971563, 40.73456675473282], [-73.92175554998884, 40.734548363670136], [-73.92172230401813, 40.73453060916741], [-73.92168030440013, 40.73450818046686], [-73.9216788302731, 40.73450739332052], [-73.92167005058107, 40.73450270560632], [-73.92169468758254, 40.73449437735137], [-73.92169866683477, 40.73449302929467]]]]}",120.353921942,10350004483.0,350000
"{'type': 'MultiPolygon', 'coordinates': [[[[-73.93448287993631, 40.634754303928716], [-73.93448389603019, 40.63475479078807], [-73.93448492397998, 40.63475524163342], [-73.93448598740932, 40.6347556744886], [-73.93448705087403, 40.63475607132301], [-73.93448814982708, 40.634756441162054], [-73.93448924880663, 40.63475678398553], [-73.93449037145388, 40.63475709980689], [-73.93449150595714, 40.634757379614236], [-73.93449266412813, 40.63475763241945], [-73.93449382232565, 40.634757858209106], [-73.93449498055851, 40.634758047978], [-73.9344961624679, 40.6347582017396], [-73.93449734439501, 40.63475833749081], [-73.93449773562759, 40.634758367430784], [-73.93449853818693, 40.63475842822279], [-73.93449972018477, 40.63475849193249], [-73.93450091402973, 40.63475852863331], [-73.93450210790998, 40.63475852931339], [-73.9345033018168, 40.63475850297788], [-73.93450449575897, 40.63475844062162], [-73.93451992026888, 40.63475743542173], [-73.93452628252402, 40.63475702120373], [-73.93457175928215, 40.634754066371116], [-73.93463902278764, 40.634749701086456], [-73.93470628629314, 40.63474532675724], [-73.93477354978107, 40.63474096139389], [-73.93484081326893, 40.634736586986], [-73.93490807673925, 40.634732221543935], [-73.9349753283889, 40.63472784705065], [-73.93504259184162, 40.63472348152989], [-73.93510985529423, 40.63471910696459], [-73.93517711873808, 40.63471473235992], [-73.93520456788644, 40.63471295579792], [-73.93524326150089, 40.634710439932576], [-73.93524438216431, 40.63471036672111], [-73.93524593078376, 40.634710241520565], [-73.93524746761757, 40.634710080292564], [-73.93524900448627, 40.63470988304379], [-73.9352505295781, 40.634709640762416], [-73.93525203107242, 40.634709353441735], [-73.93525353259297, 40.63470903910549], [-73.93525501052467, 40.63470867072478], [-73.93525647666205, 40.63470827532181], [-73.9352579192019, 40.634707834879606], [-73.9352593499561, 40.63470735840995], [-73.9352607452834, 40.63470684589957], [-73.93526212882509, 40.63470629736177], [-73.93526316356242, 40.63470584858522], [-73.93526347693992, 40.634705712783266], [-73.93526367325082, 40.634705621040816], [-73.93526480144853, 40.63470509217064], [-73.9352661023508, 40.63470443552395], [-73.93526736781754, 40.63470375184172], [-73.93526859785744, 40.634703032118736], [-73.9352697924705, 40.63470227635504], [-73.93527096346855, 40.63470149356246], [-73.93527208721912, 40.63470067472253], [-73.93527318735474, 40.634699828853684], [-73.93527424022544, 40.634698964947845], [-73.93527470720487, 40.6347049905853], [-73.9352799186856, 40.63477225240394], [-73.93528480795645, 40.63483535994504], [-73.93528531929456, 40.63484196464124], [-73.93528412597166, 40.63484138763726], [-73.93528289714334, 40.634840855639254], [-73.93528271399632, 40.63484078079307], [-73.93528164465629, 40.634840341638316], [-73.93528038030497, 40.634839872656656], [-73.93527909228625, 40.63483943067722], [-73.93527778059139, 40.63483902470525], [-73.93527644522045, 40.63483865474069], [-73.93527510981453, 40.63483832079685], [-73.93527375073246, 40.63483802286045], [-73.93527237980358, 40.63483775193295], [-73.93527099701049, 40.634837526024704], [-73.9352696023618, 40.63483733613053], [-73.93526877618929, 40.634837244713], [-73.93526820767818, 40.6348371822571], [-73.93526680113902, 40.63483706439776], [-73.93526538274436, 40.634836982552486], [-73.93526397613533, 40.634836936734615], [-73.93526371135539, 40.634836934784495], [-73.93526255767074, 40.63483692693082], [-73.93526113917119, 40.63483695314775], [-73.93525973244864, 40.63483702439727], [-73.93521748307604, 40.634839585091854], [-73.93519249281675, 40.634841101892285], [-73.93512526499734, 40.63484517935468], [-73.93505802534902, 40.63484925677109], [-73.93499079751317, 40.63485333415484], [-73.93492355784842, 40.634857411492604], [-73.9348563181755, 40.634861488791046], [-73.93478909031495, 40.63486556605692], [-73.9347218506168, 40.634869652281886], [-73.9346885286662, 40.63487167303589], [-73.93465462273981, 40.6348737294691], [-73.93463660112808, 40.63487482236212], [-73.93458738303403, 40.634877806610255], [-73.93453308767506, 40.63488109862579], [-73.93452950226585, 40.63488131631108], [-73.9345201551406, 40.634881883718855], [-73.93451879567228, 40.63488198200179], [-73.93451743616853, 40.634882116305455], [-73.9345161002707, 40.63488228664333], [-73.93451476433751, 40.63488249300194], [-73.93451342836894, 40.634882735381275], [-73.93451211601517, 40.63488300478962], [-73.93451081543776, 40.6348833192306], [-73.93450952665444, 40.634883660693916], [-73.93450826147699, 40.634884038191394], [-73.9345070080937, 40.634884442711176], [-73.93450576649559, 40.63488488325844], [-73.93450538808817, 40.63488503342962], [-73.93450456032399, 40.63488535984663], [-73.93450336594647, 40.63488586345709], [-73.93450219518365, 40.634886394096604], [-73.93450104802675, 40.63488696077028], [-73.93449993630512, 40.63488755447975], [-73.93449883637759, 40.63488817521144], [-73.93449778369715, 40.634888831990835], [-73.93449674281963, 40.63488950678736], [-73.93449574918927, 40.63489021763154], [-73.93449477918239, 40.63489094649957], [-73.93449384461086, 40.63489170240335], [-73.93449294548346, 40.634892476337654], [-73.93449206996193, 40.634893286306244], [-73.93449124171403, 40.63489410530691], [-73.93449050096703, 40.6348948955408], [-73.93449044890146, 40.63489495134336], [-73.9344897033537, 40.63489581541714], [-73.93448899324125, 40.63489670652659], [-73.9344857516931, 40.63482118893368], [-73.93448287993631, 40.634754303928716]]]]}",549.973060406,20350000381.0,350000
"{'type': 'MultiPolygon', 'coordinates': [[[[-73.8702292424086, 40.771706309683275], [-73.87021320023159, 40.771698716574036], [-73.87019261380057, 40.77168897334245], [-73.87019128839256, 40.771688345998925], [-73.87012873516056, 40.7716593044922], [-73.8701263032087, 40.77165818782746], [-73.87004770800294, 40.77162210426162], [-73.87003963338294, 40.77161843550576], [-73.87004886345088, 40.77161877730161], [-73.8700744875618, 40.77161937081449], [-73.87010454437784, 40.77161918227836], [-73.87014269455737, 40.7716179123456], [-73.87018353768774, 40.77161572421862], [-73.87018399141333, 40.771615690510636], [-73.87019510747722, 40.771620746757556], [-73.87026525125341, 40.7716526576768], [-73.87028484432878, 40.77166157041292], [-73.87031142419228, 40.771673797660924], [-73.87035014134158, 40.77169160907871], [-73.87045544394293, 40.77174088423547], [-73.87046866360404, 40.77174721163119], [-73.87044939747081, 40.771743741940746], [-73.8703404570199, 40.77172502669398], [-73.8702292424086, 40.771706309683275]]]]}",261.77768918,0.0,350000
"{'type': 'MultiPolygon', 'coordinates': [[[[-73.90027939853395, 40.658572263714355], [-73.90028031559635, 40.658571836763734], [-73.90029637303759, 40.658564376390444], [-73.90030391082537, 40.65856078085507], [-73.90034908786822, 40.65854079249962], [-73.90036153580994, 40.65853528311252], [-73.90041914893911, 40.65850977632562], [-73.90046562042177, 40.65848920190772], [-73.9004767620242, 40.65848426950974], [-73.90048291972022, 40.65848154536973], [-73.90052789313776, 40.65846164501847], [-73.9005343868766, 40.65845877168038], [-73.90055744982998, 40.65844856084505], [-73.90059199987357, 40.658433264806675], [-73.90059339493796, 40.65843264735696], [-73.90064961282651, 40.65840775790405], [-73.90070723754681, 40.6583822599878], [-73.9007325166912, 40.658371067665584], [-73.90076485041162, 40.6583567530273], [-73.90082246323237, 40.658331246037875], [-73.90088008782045, 40.65830574803485], [-73.90090428542395, 40.65829502571332], [-73.90092692346896, 40.658285007148436], [-73.90093700243754, 40.658280546562125], [-73.90093845788607, 40.6582798724277], [-73.9009398897385, 40.658279162252214], [-73.90094127434536, 40.6582784160153], [-73.9009426353561, 40.658277633737384], [-73.90094396095944, 40.65827680640311], [-73.90094521561687, 40.65827597720669], [-73.90094524165805, 40.65827595921878], [-73.90094648221402, 40.658275070576046], [-73.90094768970332, 40.65827415308828], [-73.90094884994708, 40.65827319953912], [-73.90094996291852, 40.658272227938895], [-73.90095102865774, 40.658271211272115], [-73.9009520589494, 40.658270176564514], [-73.90095303015734, 40.65826911479045], [-73.90095396593104, 40.65826802597037], [-73.90095484260769, 40.65826691908902], [-73.9009556720254, 40.65826578515153], [-73.90095644234603, 40.65826463315273], [-73.90095716540772, 40.65826345409773], [-73.90095784118371, 40.65826226599689], [-73.90096735761537, 40.658329272673356], [-73.90097766516048, 40.65840184522608], [-73.90097623493668, 40.658401456772424], [-73.90097517816736, 40.65840120912094], [-73.90097476917164, 40.65840111331399], [-73.90097329152836, 40.65840080586603], [-73.90097181381824, 40.658400543443825], [-73.90097031241855, 40.65840030801674], [-73.90096881095197, 40.65840011761543], [-73.90096729759377, 40.65839997222979], [-73.90096577235731, 40.658399862854516], [-73.90096424706744, 40.65839978949988], [-73.90096272171067, 40.658399761171026], [-73.90096119630043, 40.658399768862814], [-73.90095967083671, 40.6583998125752], [-73.90095814530619, 40.65839990131338], [-73.90095663153356, 40.65840003508753], [-73.9009551177208, 40.65840019587709], [-73.90095361565258, 40.65840041070784], [-73.9009521253691, 40.65840065256422], [-73.90095063501869, 40.65840093944637], [-73.9009327707314, 40.6584068944911], [-73.90092936350882, 40.65840802620824], [-73.90086887483044, 40.65843515170358], [-73.90081496627386, 40.658459321040056], [-73.90080837427809, 40.65846227715681], [-73.90074787366316, 40.65848941158332], [-73.9006873848372, 40.65851653698299], [-73.90062688413724, 40.65854366234053], [-73.90056638338811, 40.658570787666164], [-73.90050589441455, 40.65859791297014], [-73.90044539356698, 40.65862503823197], [-73.90038515299128, 40.6586520466201], [-73.9003849044951, 40.658652163472134], [-73.90032440354913, 40.658679288670164], [-73.9002706827381, 40.658703374165796], [-73.90026390255402, 40.65870641383624], [-73.90026268382846, 40.65870692607431], [-73.90026147687387, 40.65870747434327], [-73.900260293542, 40.658708040643035], [-73.9002591456173, 40.65870865199937], [-73.90025802131538, 40.6587092813865], [-73.90025693243403, 40.658709946825034], [-73.90025586716195, 40.65871063929951], [-73.9002548254991, 40.65871135880999], [-73.90025403235981, 40.6587119434584], [-73.90025383110869, 40.65871209637181], [-73.90025286031405, 40.65871286997477], [-73.9002519367784, 40.65871367063423], [-73.90025103686541, 40.6587144893245], [-73.90025018422482, 40.65871532606606], [-73.90024989997896, 40.65871562659235], [-73.90024936701833, 40.65871618985391], [-73.90024858524593, 40.65871708068798], [-73.90024785075941, 40.65871798056825], [-73.90024715170698, 40.658718907494745], [-73.90024649994042, 40.658719843467374], [-73.90024588360802, 40.65872080648629], [-73.90024755608414, 40.65871339397856], [-73.90027939853395, 40.658572263714355]]]]}",561.89914174,20350007762.0,350000
"{'type': 'MultiPolygon', 'coordinates': [[[[-73.91924539731623, 40.777908344328985], [-73.91930533693811, 40.77786145302158], [-73.919348561114, 40.7778923696223], [-73.91935097679257, 40.77789409757656], [-73.91936842152313, 40.7779065754424], [-73.91942099600921, 40.77794419019298], [-73.91947355870866, 40.77798180491112], [-73.91952613332441, 40.77801941060832], [-73.91954418293373, 40.77803231840945], [-73.91957870798866, 40.77805702528632], [-73.91957982059135, 40.77805779149001], [-73.91958096876478, 40.77805853070346], [-73.91958206016974, 40.77805919333454], [-73.91958210160037, 40.7780592185775], [-73.91958214066292, 40.778059242918374], [-73.91958334814271, 40.77805991913795], [-73.91958459120406, 40.77806055936228], [-73.91958585799019, 40.778061172588096], [-73.91958714851188, 40.778061749810334], [-73.91958846276917, 40.77806229102902], [-73.91958981259722, 40.778062805257434], [-73.91959117432562, 40.778063274469005], [-73.91959255977879, 40.77806371668204], [-73.91959396896755, 40.77806412289147], [-73.91959539005673, 40.7780644840841], [-73.91959682303538, 40.7780648092649], [-73.91959827974966, 40.77806509844214], [-73.9195986776938, 40.778065167158], [-73.91959973650746, 40.77806535159929], [-73.91960121700082, 40.77806556875286], [-73.9196026975485, 40.77806574088134], [-73.91960418998578, 40.77806587699799], [-73.9196056824774, 40.77806596808952], [-73.91960717500164, 40.77806603216598], [-73.91960867942623, 40.778066051225586], [-73.91961018390523, 40.778066025260074], [-73.91961167657082, 40.77806597227122], [-73.91961316930163, 40.77806586525225], [-73.91961466206499, 40.778065731218206], [-73.9196161430367, 40.77806555215077], [-73.91957730078529, 40.778098132248445], [-73.9195393502216, 40.7781299655383], [-73.91953946993337, 40.77812893004389], [-73.9195395304258, 40.77812788550309], [-73.91953955538007, 40.778126840937496], [-73.91953952110411, 40.778125796330556], [-73.91953945127916, 40.77812476070382], [-73.91953932223485, 40.77812371603066], [-73.91953915764154, 40.77812268033774], [-73.91953894565317, 40.77812165361677], [-73.91953867443459, 40.77812062685444], [-73.91953836765612, 40.77811961807729], [-73.91953802533952, 40.778118609275325], [-73.91953762378185, 40.77811760943705], [-73.91953717482917, 40.778116618570735], [-73.91953677894533, 40.7781158249515], [-73.91953669031656, 40.778115645689596], [-73.91953615840892, 40.77811468178037], [-73.9195355909414, 40.778113735856394], [-73.91953497606795, 40.77811280790934], [-73.91953431379949, 40.77811188893427], [-73.91953361597113, 40.77811098794437], [-73.91953288257203, 40.77811011394471], [-73.9195321017779, 40.77810924891697], [-73.91952562155261, 40.77810470765951], [-73.91948731426649, 40.778077862132136], [-73.91947936045935, 40.7780722914685], [-73.91942660736426, 40.778035324982326], [-73.91937385432769, 40.77799835847181], [-73.91932110133878, 40.777961400942004], [-73.9192953936148, 40.777943377390116], [-73.91928936910794, 40.77793915431584], [-73.91926836026535, 40.77792443439107], [-73.9192487338738, 40.777910681670555], [-73.91924539731623, 40.777908344328985]]]]}",286.657157439,13350003936.0,350000
"{'type': 'MultiPolygon', 'coordinates': [[[[-73.94433790035632, 40.75259328797143], [-73.94434914443104, 40.752598288510036], [-73.94441013281791, 40.75262541868134], [-73.94447701022759, 40.752655169429374], [-73.94447677576323, 40.752655172017896], [-73.94446029932988, 40.7526553378724], [-73.94445557690158, 40.75265537251604], [-73.94445147023599, 40.75265540295394], [-73.94444752224078, 40.752655440672264], [-73.9444456086281, 40.75265546766508], [-73.94437378332593, 40.752656119187556], [-73.944364506612, 40.75265619665336], [-73.944344857833, 40.75265636366061], [-73.9443432734258, 40.752656377303175], [-73.94429639956763, 40.7526568229083], [-73.94428629253615, 40.752655755423405], [-73.94428209749971, 40.75265525901663], [-73.94423783458531, 40.75263603431143], [-73.94421211941939, 40.75262486819508], [-73.94414735568964, 40.752596742830455], [-73.94415115921366, 40.75259670685338], [-73.9441512184212, 40.752596706882095], [-73.94415168024757, 40.75259669810094], [-73.94420123655435, 40.7525957900937], [-73.94420146746826, 40.752595784802516], [-73.94420398027621, 40.75259573829289], [-73.94420598625553, 40.752595705945836], [-73.9442064338675, 40.75259570256063], [-73.94424219934217, 40.752595039996756], [-73.94428511838443, 40.75259424490565], [-73.94428540731951, 40.752594242343896], [-73.9443075287805, 40.75259384511233], [-73.94431133114875, 40.7525937749102], [-73.94433539228443, 40.75259333538675], [-73.94433790035632, 40.75259328797143]]]]}",194.497484695,10350001565.0,350000
"{'type': 'MultiPolygon', 'coordinates': [[[[-73.89061183169957, 40.83244688178524], [-73.89064798030724, 40.832386715267916], [-73.8906851559864, 40.83232484237351], [-73.89071026077629, 40.83233402690321], [-73.89074715848018, 40.83234752516529], [-73.8907502592583, 40.832348659124506], [-73.89079130280376, 40.832363674131415], [-73.89081672753615, 40.832372975104704], [-73.89078187963625, 40.83243315731462], [-73.8907811021102, 40.832434474002554], [-73.89074574672166, 40.83249321132633], [-73.89071803900622, 40.8324836254189], [-73.89067756044639, 40.83246962127732], [-73.8906746159699, 40.83246860272769], [-73.89063766250354, 40.83245581848251], [-73.89061183169957, 40.83244688178524]]]]}",178.018953595,14350003852.0,350010
"{'type': 'MultiPolygon', 'coordinates': [[[[-73.91076506788183, 40.683174120224024], [-73.91071769224304, 40.68314741924141], [-73.91067398092156, 40.683122783261915], [-73.91067273979994, 40.68312207989715], [-73.91067280105752, 40.6831213865486], [-73.91067283747384, 40.683120693180726], [-73.91067283840268, 40.683119999785305], [-73.91067281567318, 40.683119306371516], [-73.91067275745618, 40.68311861293016], [-73.91067273754443, 40.68311846523035], [-73.91067266373962, 40.68311792846641], [-73.91067258044013, 40.683117415108505], [-73.9106725463768, 40.68311723497921], [-73.91067239350234, 40.68311655947467], [-73.91067221698162, 40.68311587494664], [-73.91067200496136, 40.6831151993962], [-73.91067175744152, 40.68311453282333], [-73.91067148626337, 40.683113866232105], [-73.91067119140276, 40.68311321763277], [-73.91067086105465, 40.68311256900593], [-73.91067074067948, 40.68311235819207], [-73.910670495207, 40.683111929356656], [-73.91067011750607, 40.683111307708444], [-73.91066970431764, 40.68311068603269], [-73.91066925561766, 40.683110082339645], [-73.91066878324725, 40.68310948763339], [-73.91066828720643, 40.683108901913876], [-73.91066776748318, 40.683108334186315], [-73.91066722407747, 40.68310778445062], [-73.91066665700139, 40.683107243701684], [-73.91066605442575, 40.68310671193033], [-73.91066543998477, 40.683106207165196], [-73.91066480187341, 40.683105711386816], [-73.91066414007959, 40.683105233600344], [-73.91066345460338, 40.68310477380578], [-73.91079961121838, 40.6831690086716], [-73.91079106732056, 40.68316876611329], [-73.9107862649065, 40.683169473796404], [-73.91078291777012, 40.68316996648425], [-73.91077846853379, 40.68317105896057], [-73.91077025638062, 40.68317307424768], [-73.91076961266137, 40.683173232239064], [-73.91076921985562, 40.683173289567385], [-73.91076868980485, 40.683173366600585], [-73.91076776692431, 40.68317351897239], [-73.91076685584879, 40.68317368936361], [-73.91076595655421, 40.68317389578455], [-73.91076506788183, 40.683174120224024]]]]}",93.2178065208,20350007516.0,350000
"{'type': 'MultiPolygon', 'coordinates': [[[[-73.84537315919303, 40.739878910613164], [-73.84545068635491, 40.73984161655292], [-73.8454541352684, 40.73985584921813], [-73.84546647146982, 40.73990651848354], [-73.84547876224373, 40.73995687430928], [-73.84547952458746, 40.73995998298747], [-73.84548268531675, 40.7399729005223], [-73.84548481867115, 40.73998161580572], [-73.84548718425256, 40.73999127603427], [-73.84548822688431, 40.739995536839], [-73.8454894583531, 40.740000563329424], [-73.8454918276213, 40.74001016593024], [-73.84550212674013, 40.740051981358256], [-73.84551333828108, 40.74009754412497], [-73.84551702127762, 40.74011244347814], [-73.84543865621153, 40.740149990400916], [-73.84543854598505, 40.74015004248246], [-73.84536091214427, 40.7401872328317], [-73.84535857720272, 40.74018835082973], [-73.84535482451848, 40.74017288405761], [-73.84534352045688, 40.74012590735304], [-73.84533524186482, 40.74009146078525], [-73.84533350637622, 40.740084254385465], [-73.84533044586537, 40.740071526088165], [-73.84532948795218, 40.7400674950255], [-73.84532708666751, 40.74005741330781], [-73.84532500666866, 40.740048671978435], [-73.8453218655656, 40.74003547170608], [-73.84532112454738, 40.740032359453444], [-73.84530922495027, 40.739981842045125], [-73.8452972199241, 40.73993084812447], [-73.84529398447108, 40.73991698585053], [-73.84529619259264, 40.73991592441546], [-73.84537315919303, 40.739878910613164]]]]}",304.111724506,9350004401.0,350000
"{'type': 'MultiPolygon', 'coordinates': [[[[-73.89707389738068, 40.75096584921323], [-73.89707242723533, 40.75095477347103], [-73.89707712854897, 40.75096144682281], [-73.89711105270483, 40.75100960289704], [-73.8971201921433, 40.75107683476765], [-73.89713443054947, 40.751181575482676], [-73.89714335578019, 40.75124722676966], [-73.89710554714863, 40.75119319323337], [-73.89710371815923, 40.75119057832988], [-73.89709514892948, 40.75112599625844], [-73.89708126916474, 40.75102139903861], [-73.89707389738068, 40.75096584921323]]]]}",219.424259648,9350004608.0,350020
"{'type': 'MultiPolygon', 'coordinates': [[[[-73.9386041803597, 40.64848906531191], [-73.938605281072, 40.64849036354578], [-73.9386076476382, 40.64849208930087], [-73.9386120886153, 40.64849439339517], [-73.93861366879275, 40.648495004789716], [-73.93861708443504, 40.64849632587151], [-73.93862163997503, 40.64849747646318], [-73.9386284507853, 40.648497956471786], [-73.93863887287297, 40.648497869279495], [-73.9386859510209, 40.648496587736446], [-73.93873987280796, 40.648494797425], [-73.93878664995364, 40.64849298257375], [-73.93882441551942, 40.64849123225028], [-73.9389118182688, 40.648486315954756], [-73.93897606599154, 40.64848354855184], [-73.93913702770344, 40.64847775976845], [-73.93934762588664, 40.64846822197663], [-73.93948963768226, 40.648462314642344], [-73.93959663835176, 40.64845853558442], [-73.9396475227535, 40.64845673784896], [-73.93966530983587, 40.648456167248185], [-73.93967431255501, 40.64845543264561], [-73.9396747346679, 40.64845539864734], [-73.93968200917016, 40.64845432094086], [-73.93968629604363, 40.648453186735516], [-73.9396898186764, 40.64845126777819], [-73.9396935407033, 40.64844849973695], [-73.93969665883797, 40.64844543871059], [-73.939698004859, 40.648443510507036], [-73.93969954675603, 40.648439393247166], [-73.9397004324915, 40.64843525763287], [-73.93970056349579, 40.64843158899169], [-73.9397002907738, 40.64842723304362], [-73.93969841015263, 40.64841368466638], [-73.939693391138, 40.648374600458446], [-73.93968638162245, 40.64831012690498], [-73.93967673901285, 40.648218332957605], [-73.93966796405493, 40.648138506446315], [-73.93965177206968, 40.64799911128313], [-73.93963805231132, 40.64785973182135], [-73.9396236780895, 40.64772244841789], [-73.93961219828029, 40.64760985873332], [-73.93960431627077, 40.64753899283445], [-73.93960242357149, 40.64751924528209], [-73.93960119923143, 40.647503011001355], [-73.93960121909812, 40.6474915131981], [-73.9396008352416, 40.64748586224615], [-73.93959956412345, 40.64748081597627], [-73.93959845350405, 40.64747870457879], [-73.93959749812703, 40.647477498283436], [-73.93959452833097, 40.647474769955146], [-73.93959199997032, 40.64747285862846], [-73.93958935668758, 40.647471212894196], [-73.93958687369265, 40.64747012286361], [-73.9395843322758, 40.647469574013634], [-73.9395829374519, 40.647469272507884], [-73.93957810233952, 40.64746879179267], [-73.93957338497776, 40.64746883884263], [-73.93957053523883, 40.64746931461981], [-73.93966543847687, 40.647428786205964], [-73.93966212305574, 40.647433034011016], [-73.93965955221273, 40.647437570372375], [-73.93965905919418, 40.647438883969436], [-73.93965776975928, 40.64744232147061], [-73.93965680296058, 40.64744720717393], [-73.93965666844286, 40.64745214554403], [-73.93965736982568, 40.647457056436664], [-73.93968117291824, 40.64769098837453], [-73.93973068151247, 40.648116112832064], [-73.93973879417837, 40.64818577394546], [-73.93975035958934, 40.64828509002083], [-73.93975036310528, 40.648285124242335], [-73.93976582522866, 40.6484291755828], [-73.93976639626541, 40.648435740657284], [-73.93976623662654, 40.64844231975743], [-73.93976534871952, 40.64844886515694], [-73.93976373731559, 40.648455330031396], [-73.9397614154613, 40.648461668461245], [-73.93975839856799, 40.648467834528034], [-73.93975471032047, 40.6484737850193], [-73.93975037440373, 40.64847947672253], [-73.93974542277637, 40.64848486913105], [-73.93973989094248, 40.64848992354112], [-73.93973381913193, 40.6484946048536], [-73.93972724994029, 40.64849887706995], [-73.93972022950247, 40.648502712298246], [-73.93971281104756, 40.64850608265026], [-73.93970504543654, 40.64850896383853], [-73.93933523882578, 40.64852551269503], [-73.93897562511386, 40.64853641412119], [-73.93872895953452, 40.648548247253906], [-73.93868678355355, 40.64854912889665], [-73.93868038507753, 40.648552817608646], [-73.93867449929294, 40.64855697216141], [-73.93866918417149, 40.64856155026158], [-73.93866449177435, 40.64856650871222], [-73.93866046825786, 40.648571797108914], [-73.93865715386846, 40.64857736324323], [-73.93865458176047, 40.648583153101825], [-73.93865277563407, 40.64858910816371], [-73.9386517556423, 40.648595169906024], [-73.93865153129777, 40.648601279800175], [-73.9386041803597, 40.64848906531191]]]]}",1449.21249987,20350001187.0,350000
"{'type': 'MultiPolygon', 'coordinates': [[[[-73.8877882468093, 40.67041743266643], [-73.88785535900494, 40.67040812013094], [-73.8879262874379, 40.67039827816848], [-73.88793638001422, 40.6704513824303], [-73.88794717835445, 40.670508197504674], [-73.88788336253249, 40.670517336805034], [-73.88781977145918, 40.67052644387062], [-73.88780373985422, 40.67047100507247], [-73.8877882468093, 40.67041743266643]]]]}",156.017709402,20350001254.0,350010
"{'type': 'MultiPolygon', 'coordinates': [[[[-73.90386519920574, 40.62215495955766], [-73.90378115079997, 40.62208094297775], [-73.90378195349999, 40.622081601029784], [-73.90378277986264, 40.62208224109116], [-73.90378364170637, 40.622082863171805], [-73.90378452722575, 40.62208345825666], [-73.90378544823913, 40.6220840263556], [-73.90378638109684, 40.622084576454014], [-73.90378734944855, 40.62208509956651], [-73.90378806984862, 40.62208546037774], [-73.90378834147593, 40.6220855956832], [-73.90378934536056, 40.62208606479416], [-73.90379037292088, 40.622086506909305], [-73.90379142414389, 40.622086931033834], [-73.90379248723718, 40.622087319147425], [-73.90379357400612, 40.62208768026523], [-73.90379467263229, 40.622088014377304], [-73.90379578312881, 40.622088312478475], [-73.90379690546963, 40.62208859257913], [-73.9037980514991, 40.62208883667877], [-73.9037991975675, 40.6220890537628], [-73.90380035550612, 40.622089234835926], [-73.90380151348374, 40.62208938889346], [-73.903802695137, 40.62208951595515], [-73.90380386502383, 40.622089606986165], [-73.90380504676794, 40.622089671011466], [-73.90380622856392, 40.62208969901595], [-73.90380741039888, 40.622089700004835], [-73.90380814316254, 40.62208968260754], [-73.9038085922728, 40.622089673978124], [-73.9038097741986, 40.62208961193062], [-73.90381094435799, 40.6220895138524], [-73.90381211454324, 40.622089397763794], [-73.90381328479344, 40.62208923664917], [-73.90381444325125, 40.62208905751426], [-73.9038155899426, 40.62208884234868], [-73.90381565023434, 40.622088829791835], [-73.90381672485452, 40.6220886001576], [-73.90381785981829, 40.62208832194571], [-73.90381897118435, 40.622088016698456], [-73.90382007077095, 40.6220876844257], [-73.9038211467598, 40.62208732511756], [-73.90382222278754, 40.62208693879387], [-73.90382326339916, 40.6220865254249], [-73.90382429224427, 40.622086076025205], [-73.90382530929702, 40.62208560860523], [-73.90382629093362, 40.62208511413999], [-73.9038272607908, 40.62208459264929], [-73.90382819523184, 40.6220840441133], [-73.9038291060751, 40.62208346854195], [-73.9038347108554, 40.62207983152436], [-73.90384929889663, 40.62207036484434], [-73.90388046940413, 40.6220501381974], [-73.90393357164933, 40.62201564761109], [-73.903986685658, 40.62198115700997], [-73.90403978779338, 40.621946666374356], [-73.90409290169227, 40.621912175723935], [-73.90414600371794, 40.62187768503901], [-73.90419910568873, 40.621843194329394], [-73.90425221942296, 40.621808703605], [-73.90430532128399, 40.62177421284611], [-73.90435805637482, 40.62173996489809], [-73.90435843490843, 40.621739722072384], [-73.90440175506455, 40.62171154748829], [-73.90440875683572, 40.62170699397359], [-73.90440957308387, 40.62170644533459], [-73.90441036573414, 40.62170586966033], [-73.90441112295534, 40.62170527594626], [-73.90441186838405, 40.6217046642119], [-73.9044125665783, 40.621704025422616], [-73.90441325296709, 40.62170337761834], [-73.9044138921215, 40.62170270275914], [-73.90441450765222, 40.621702018875105], [-73.90441459170519, 40.621701918987185], [-73.90441509957216, 40.621701316960994], [-73.90441565606304, 40.62170059700708], [-73.90441616529367, 40.62169986800859], [-73.90441665091353, 40.62169912098006], [-73.90441710109143, 40.62169836491685], [-73.90441752764566, 40.62169759982878], [-73.90441790695255, 40.62169681669103], [-73.90441825081747, 40.62169602451862], [-73.90441855922755, 40.62169523231671], [-73.90441883220853, 40.62169442207492], [-73.9044190697347, 40.62169361180366], [-73.90441926000067, 40.62169279248786], [-73.90441942663006, 40.62169197315249], [-73.9045583371648, 40.621797291005734], [-73.90455235725646, 40.62179800735819], [-73.90454542574527, 40.62179970989103], [-73.90454094266629, 40.621800811107626], [-73.90454009854227, 40.62180101842699], [-73.90452950637473, 40.62180556626648], [-73.9045265446535, 40.62180725498495], [-73.90451663873618, 40.62181290292908], [-73.90451342351007, 40.62181500567625], [-73.90449697474314, 40.62182576854541], [-73.90428686381405, 40.62196351667302], [-73.9042426925825, 40.621992474857976], [-73.90405685950826, 40.62211430536635], [-73.90394981782761, 40.6221843611499], [-73.9039470698293, 40.622186159895534], [-73.903943675931, 40.62218920802427], [-73.90394100120854, 40.62219264757984], [-73.90393912498499, 40.622196381372305], [-73.90393892771016, 40.62219713854545], [-73.9039381005961, 40.6222003031849], [-73.90393795538623, 40.62220430047533], [-73.90393869424742, 40.62220825888156], [-73.90393958938756, 40.62221038305756], [-73.90394029725071, 40.62221206582185], [-73.90394024862937, 40.62221300232286], [-73.9039402590999, 40.62221393887324], [-73.90394030502553, 40.62221487545324], [-73.90394038640628, 40.62221581206285], [-73.90394051507349, 40.62221673970676], [-73.90394069100122, 40.62221767639538], [-73.90394090241, 40.62221859510323], [-73.9039411492739, 40.622219513840705], [-73.90394144342426, 40.62222042361247], [-73.90394178486109, 40.62222132441855], [-73.903942161766, 40.622222216249064], [-73.903942574139, 40.622223099104005], [-73.90386519920574, 40.62215495955766]]]]}",591.397178623,20350000542.0,350000
"{'type': 'MultiPolygon', 'coordinates': [[[[-73.94491704607788, 40.75252184378615], [-73.9449170946548, 40.752521811391176], [-73.94492326996412, 40.752517554050996], [-73.94492781969302, 40.75251441706305], [-73.944930198822, 40.752512776578364], [-73.94493438135524, 40.75250977088846], [-73.94493442874948, 40.752509736691906], [-73.94493562072935, 40.7525088592685], [-73.94493899283297, 40.75250642321122], [-73.94494670743799, 40.752500849165536], [-73.94494738635427, 40.75250036681889], [-73.944947827116, 40.75250005455403], [-73.94494913284674, 40.752499088935295], [-73.94495837262019, 40.75249209912209], [-73.94495978145721, 40.75249102999437], [-73.9449676420311, 40.75248506609799], [-73.94499436112783, 40.75246361260229], [-73.9450200754468, 40.75244145442521], [-73.94502228557066, 40.752439410431386], [-73.94502372540965, 40.752438079270455], [-73.94504477192403, 40.752418638387525], [-73.94506573459316, 40.7524017765094], [-73.94507358596344, 40.752395461404056], [-73.94508088870839, 40.75238958728447], [-73.94508159495224, 40.7523889905858], [-73.94508526481394, 40.752385889192325], [-73.94508669981666, 40.75238467599458], [-73.94509134491442, 40.75238074569994], [-73.94512652203612, 40.75235097733188], [-73.94512148210094, 40.752369913469124], [-73.94512139895251, 40.75237022680554], [-73.94510985448822, 40.75241359777044], [-73.94510274772638, 40.752440298884075], [-73.94509879939129, 40.7524551328358], [-73.94509632514954, 40.75246442667761], [-73.94509255617248, 40.75247858803668], [-73.94508769202065, 40.75249685878212], [-73.94505384842178, 40.75252343548072], [-73.9450538033951, 40.75252347057898], [-73.94504326710607, 40.75253174660409], [-73.94503875256414, 40.75253529784606], [-73.94503267748304, 40.75254007663312], [-73.94502855633269, 40.752543319188916], [-73.94502607629592, 40.75254527030196], [-73.94502582275186, 40.752545434973506], [-73.9450149522929, 40.752553992694835], [-73.94500638413513, 40.75256073429356], [-73.94500389580725, 40.7525626863027], [-73.9450037524344, 40.75256279609592], [-73.94499936825116, 40.752566218626235], [-73.9449984843018, 40.75256691249415], [-73.94499511812283, 40.752565040536254], [-73.94498149832468, 40.75255750490261], [-73.94495799184143, 40.752544498473235], [-73.94491704607788, 40.75252184378615]]]]}",202.836215397,10350001565.0,350000
"{'type': 'MultiPolygon', 'coordinates': [[[[-73.87787153030835, 40.82368233263476], [-73.8779130154485, 40.823677010505186], [-73.87791400431901, 40.8236768836816], [-73.8779141348543, 40.823677453834144], [-73.8779243494494, 40.823722117571926], [-73.87792448350801, 40.82372270573812], [-73.87793661730656, 40.82377577223861], [-73.87793562960185, 40.82377590896907], [-73.87789504006955, 40.823781508507594], [-73.87788241823903, 40.823728263187576], [-73.87787153030835, 40.82368233263476]]]]}",96.9000377694,14350004176.0,350000
"{'type': 'MultiPolygon', 'coordinates': [[[[-74.00203791846745, 40.727954468492065], [-74.00201100988937, 40.72794085147182], [-74.0017691505353, 40.72782279424113], [-74.00152846392068, 40.727705209251994], [-74.00152292055886, 40.727702849992475], [-74.00150577200641, 40.72769555159431], [-74.00148392409073, 40.72768625322425], [-74.00147754147494, 40.72768353647132], [-74.00147543090921, 40.72768291514736], [-74.00147228104089, 40.72768198856413], [-74.00146679453097, 40.727680989969926], [-74.00146587597177, 40.727680919741914], [-74.00146118256058, 40.72768055959805], [-74.0014555445612, 40.727680703750856], [-74.00144998351524, 40.72768141972554], [-74.00144765398932, 40.727681971766685], [-74.00145151041147, 40.72767740343715], [-74.00149145355454, 40.7276286619881], [-74.0015221485981, 40.72759120582372], [-74.00152332642162, 40.72759275378274], [-74.00152619341942, 40.727595379628454], [-74.0015295989948, 40.72759760113844], [-74.00153344844972, 40.72759935617886], [-74.00154324728084, 40.72760393243364], [-74.00156408193463, 40.72761366215001], [-74.00165160033124, 40.727654534121385], [-74.00184439469629, 40.72775171050016], [-74.00188925319405, 40.72777432064765], [-74.00189537306007, 40.72777733094794], [-74.00214189403324, 40.72789857022559], [-74.00215931500257, 40.72790713824104], [-74.00215970681764, 40.72790733094256], [-74.00216371848515, 40.72790937952467], [-74.00216810300579, 40.72791092111317], [-74.0021727526605, 40.727911917888726], [-74.00217755144445, 40.727912344639215], [-74.0021823774348, 40.72791219056088], [-74.00218382155664, 40.72791196810782], [-74.00218332323446, 40.72791260027441], [-74.0021516270786, 40.727952701426275], [-74.00211196125899, 40.728002886612614], [-74.00211229621276, 40.728001709641525], [-74.00211253994709, 40.72799821566314], [-74.00211205451409, 40.72799473610623], [-74.00211085412191, 40.72799137903167], [-74.00210835762955, 40.727990115663616], [-74.0020867545108, 40.727979182980484], [-74.00208342348806, 40.72797749728842], [-74.00203791846745, 40.727954468492065]]]]}",516.910533165,12350004058.0,350000
"{'type': 'MultiPolygon', 'coordinates': [[[[-73.93582869960797, 40.81527805398323], [-73.9358298947511, 40.81527641574355], [-73.93582992323654, 40.81527637523699], [-73.93584548502916, 40.815255029506524], [-73.93584636328715, 40.81525382512996], [-73.93592815035427, 40.815141642542486], [-73.93611559622516, 40.81487751725486], [-73.93611712728105, 40.81487535961126], [-73.9361269046715, 40.81486158201731], [-73.93615984595024, 40.81487583081952], [-73.9361936367225, 40.81489044658482], [-73.9361996683791, 40.81489305506112], [-73.93619465547427, 40.814895987908166], [-73.93619113986908, 40.81489859020062], [-73.93619012575238, 40.81489934065408], [-73.93618614207884, 40.814903064706876], [-73.93618519278255, 40.81490419970849], [-73.93618275902482, 40.81490710876852], [-73.9361800264257, 40.81491141613533], [-73.93617982584746, 40.814911696979436], [-73.93616594326278, 40.81493108600484], [-73.93615835453994, 40.81494168515812], [-73.93615449727028, 40.81494707700071], [-73.93612441059044, 40.814989086542425], [-73.93609046658393, 40.81503649692136], [-73.93605653439029, 40.815083898291505], [-73.93602259028708, 40.81513130864969], [-73.93599195272637, 40.8151740994816], [-73.9359886461355, 40.81517871899756], [-73.93595470194423, 40.81522612033005], [-73.93593220617038, 40.81525754058718], [-73.93592228400101, 40.815271399128065], [-73.93592075769588, 40.81527353065716], [-73.93592009309731, 40.815274412775054], [-73.93591947590062, 40.81527530392427], [-73.9359188823919, 40.81527621309657], [-73.93591834812912, 40.81527714031174], [-73.93591783755431, 40.815278085549984], [-73.93591738624278, 40.81527903082121], [-73.93591697046321, 40.81528000312709], [-73.9359165902416, 40.815280975452744], [-73.93591626927461, 40.81528195681629], [-73.93591598385694, 40.815282947204544], [-73.93591574584121, 40.81528394662415], [-73.93591554338347, 40.8152849460635], [-73.93591540018038, 40.81528595454076], [-73.93591529252657, 40.81528697204272], [-73.93591524414474, 40.81528798057269], [-73.93591523131224, 40.81528899812738], [-73.93591525404638, 40.81529000669689], [-73.93591533603518, 40.81529102430426], [-73.93591546544329, 40.81529203293305], [-73.93588064889242, 40.815286423289734], [-73.93584941129612, 40.81528139104494], [-73.93582869960797, 40.81527805398323]]]]}",386.410673618,13350004135.0,350000
"{'type': 'MultiPolygon', 'coordinates': [[[[-73.87072875447157, 40.771435434034125], [-73.87078320073925, 40.77142621270994], [-73.87079921064813, 40.77143029013587], [-73.87080621343138, 40.771432072881645], [-73.8709309287555, 40.77146901085261], [-73.87097780079954, 40.77148027912676], [-73.87098222990645, 40.77148134397961], [-73.87099383374266, 40.771484096305706], [-73.87094443278885, 40.7714930100051], [-73.87093088875571, 40.77148964946141], [-73.87080882357051, 40.77145795989848], [-73.87077002015765, 40.77144737508293], [-73.87074360315601, 40.77143973078848], [-73.87072875447157, 40.771435434034125]]]]}",154.900872365,10350004949.0,350020
"{'type': 'MultiPolygon', 'coordinates': [[[[-73.88734611901214, 40.8225315990192], [-73.887370728437, 40.82252214353094], [-73.88735029670728, 40.822543291546666], [-73.88733372919565, 40.822561735541036], [-73.88729130676451, 40.82260899717097], [-73.8872853222536, 40.82261566310074], [-73.88726897765062, 40.82262005955643], [-73.88726053851207, 40.822622329562265], [-73.88719031250155, 40.8226394981873], [-73.88718844828436, 40.8226399529153], [-73.88710818722971, 40.82265747907497], [-73.88705657790489, 40.82266762215858], [-73.8870427183385, 40.822670346092515], [-73.88703596523868, 40.82267167311256], [-73.88703342645216, 40.822672172202026], [-73.88701974831079, 40.82267486029104], [-73.88701829220288, 40.822675118207364], [-73.88696773989625, 40.822684060123954], [-73.88695571870585, 40.82268618701917], [-73.88692846055508, 40.822691008567446], [-73.88687513292807, 40.8226994155285], [-73.88684893094741, 40.82270354561224], [-73.88683822510451, 40.82270523344307], [-73.88683622250089, 40.82270550612926], [-73.88682947838645, 40.82270642432058], [-73.8868251079923, 40.822707018861486], [-73.8868264459815, 40.822705120126805], [-73.88682850524982, 40.822702197334955], [-73.88684216438189, 40.82268281224192], [-73.88684692845142, 40.822676567470495], [-73.8868556190396, 40.82266516130312], [-73.88687678295041, 40.82263738733899], [-73.8869046200071, 40.82263299860906], [-73.88691134064541, 40.82263193901236], [-73.88692399146258, 40.8226297010776], [-73.88700074653191, 40.82261612389001], [-73.88700720555076, 40.82261485421567], [-73.88701932673409, 40.82261247167195], [-73.88707610845107, 40.8226013125072], [-73.88708721577693, 40.82259912887377], [-73.88709222119478, 40.822598036069614], [-73.88709339280118, 40.822597780575215], [-73.8871028842406, 40.822595707920165], [-73.887116931665, 40.82259264017321], [-73.88716525213572, 40.82258208952136], [-73.88723505235677, 40.822565025853194], [-73.88726622591079, 40.82255664029275], [-73.88726647970125, 40.82255657210316], [-73.8872950700478, 40.822548316382445], [-73.88732162039163, 40.82254001813883], [-73.8873451190721, 40.82253198345485], [-73.88734611901214, 40.8225315990192]]]]}",345.746914855,14350004425.0,350000
"{'type': 'MultiPolygon', 'coordinates': [[[[-73.83711601748804, 40.743244011406475], [-73.83717504517075, 40.74323625234429], [-73.83717675131538, 40.74325029368214], [-73.83718299577087, 40.74330160447267], [-73.8371885088056, 40.74334698888342], [-73.83719025553941, 40.743361380576005], [-73.83719092176283, 40.74336685840971], [-73.83719290753541, 40.74338324056356], [-73.83719922155862, 40.74343516379626], [-73.83720429372205, 40.74347685549791], [-73.83720647567613, 40.743494841734], [-73.83714490309771, 40.743502228005404], [-73.83714478346877, 40.74350224674693], [-73.83708275962105, 40.743509696283176], [-73.83708267498662, 40.743491046635334], [-73.83708140151276, 40.74345017075935], [-73.8370813899812, 40.74345004467185], [-73.83707863610834, 40.743409337798084], [-73.8370763810969, 40.74339703366382], [-73.83707347481699, 40.743380887039464], [-73.8370724947545, 40.74337544658245], [-73.83706996809191, 40.74336141849068], [-73.83706211095848, 40.743315985732565], [-73.83705327309912, 40.743264905398505], [-73.8370512077107, 40.74325252949105], [-73.8371159002275, 40.743244030151295], [-73.83711601748804, 40.743244011406475]]]]}",258.366192995,9350005101.0,350000
"{'type': 'MultiPolygon', 'coordinates': [[[[-73.89630929344216, 40.72526745726068], [-73.8963108145509, 40.72526663376365], [-73.89631496153851, 40.72526700580655], [-73.89635187139051, 40.72527031509239], [-73.89635869071381, 40.725270933577434], [-73.8963848129477, 40.725273280402725], [-73.89641375901829, 40.72527588010429], [-73.8964847998656, 40.72528226106948], [-73.89658083983123, 40.72529088780601], [-73.89661595196267, 40.72529404050483], [-73.89665447139596, 40.725297501523926], [-73.89666299734377, 40.72529826740528], [-73.89665833207533, 40.72530083957644], [-73.89662223368333, 40.72532074625759], [-73.89661315974762, 40.72531994656229], [-73.89657549350552, 40.72531662857627], [-73.89631006767954, 40.72529324585449], [-73.89627278610686, 40.72528996143466], [-73.89626845093073, 40.72528957931506], [-73.8963065035567, 40.72526896850505], [-73.89630929344216, 40.72526745726068]]]]}",225.37838397,9350004611.0,350020
"{'type': 'MultiPolygon', 'coordinates': [[[[-73.86961899715867, 40.771428430294854], [-73.86958794355866, 40.771414467054036], [-73.86961003172146, 40.77142119810634], [-73.86964955267783, 40.77143241717897], [-73.86969210924771, 40.771443759438164], [-73.86973362535242, 40.77145414597094], [-73.86977374104713, 40.771463504331216], [-73.8698101156421, 40.77147129967788], [-73.86984301788154, 40.771477598955286], [-73.86987082321107, 40.77148211217042], [-73.86989215381578, 40.77148496834424], [-73.8698986490338, 40.77148583836136], [-73.86990989515076, 40.77149099563923], [-73.86991345374354, 40.77149261516136], [-73.87014587750018, 40.77159836238678], [-73.87017555229615, 40.7716118511584], [-73.87018399141333, 40.771615690510636], [-73.87018353768774, 40.77161572421862], [-73.87014269455737, 40.7716179123456], [-73.87010454437784, 40.77161918227836], [-73.8700744875618, 40.77161937081449], [-73.87004886345088, 40.77161877730161], [-73.87003963338294, 40.77161843550576], [-73.8700308960359, 40.77161446613392], [-73.86985402031576, 40.77153410721076], [-73.86961899715867, 40.771428430294854]]]]}",367.721935082,0.0,350000
"{'type': 'MultiPolygon', 'coordinates': [[[[-73.89463911565743, 40.74639371907449], [-73.89465993797586, 40.74639162282901], [-73.89466236415204, 40.74639681737174], [-73.89466311348015, 40.74639842276066], [-73.89468651764031, 40.746441618074115], [-73.89468912558078, 40.74644643186798], [-73.89470133769524, 40.746468969217666], [-73.89471839972272, 40.74650045753702], [-73.89473638617389, 40.74653365405991], [-73.89474997490089, 40.74655873299271], [-73.89475153211666, 40.746561606132694], [-73.89477208287302, 40.746599534455974], [-73.89477232607767, 40.74659998313066], [-73.89475129143375, 40.74660228181654], [-73.89475093725919, 40.74660162412275], [-73.8947305782082, 40.746563772514016], [-73.89472904345887, 40.746560919205436], [-73.89471555420164, 40.746535838560106], [-73.89469768502313, 40.74650261512597], [-73.89468075677735, 40.7464711422345], [-73.89466864056251, 40.74644861397535], [-73.89466603858068, 40.74644377677332], [-73.89464198444229, 40.74639905360116], [-73.89463911565743, 40.74639371907449]]]]}",175.860504583,9350004607.0,350020
"{'type': 'MultiPolygon', 'coordinates': [[[[-73.87798598019376, 40.729819442512174], [-73.87803094444476, 40.729800902733885], [-73.87805631660257, 40.729821107319935], [-73.87805607375026, 40.729821207919784], [-73.8780113878689, 40.72983964084215], [-73.87798598019376, 40.729819442512174]]]]}",48.7057886591,9350004613.0,350020
"{'type': 'MultiPolygon', 'coordinates': [[[[-73.82714994891941, 40.71677198950575], [-73.82711510768063, 40.71680426376485], [-73.8271127681079, 40.71680645209737], [-73.82710061821385, 40.71681782082349], [-73.82709373560569, 40.716824382422395], [-73.82708740318128, 40.71683054592044], [-73.82708163037624, 40.71683632393913], [-73.82707697848336, 40.716841142794955], [-73.82706764753442, 40.716851213611555], [-73.82705593951918, 40.716864236336406], [-73.82704302827884, 40.716878922298875], [-73.82702956430788, 40.71689452865304], [-73.82701696858683, 40.71690939518895], [-73.82700599502806, 40.71692260631867], [-73.82700499894338, 40.71692380520421], [-73.82699483309275, 40.716936347565785], [-73.82698666227704, 40.71694675510946], [-73.82698152365757, 40.716953507529375], [-73.82697554028, 40.716961521197106], [-73.82696926912725, 40.71697005943042], [-73.82696276603465, 40.71697904126709], [-73.82695608328493, 40.71698838664015], [-73.82694865306908, 40.71699889885309], [-73.82693609163239, 40.717016955945], [-73.82692835198331, 40.71701992320332], [-73.82691765413416, 40.71702402516122], [-73.82689378981466, 40.71703306013673], [-73.82686943650202, 40.71704216911437], [-73.826846130715, 40.71705077807732], [-73.82682292945516, 40.71705923950885], [-73.8268012874629, 40.71706702429555], [-73.82678020372148, 40.717074494739016], [-73.82676100854836, 40.71708118097313], [-73.82674270450737, 40.71708743359787], [-73.8267420222065, 40.7170876613011], [-73.82673917928703, 40.7170886097642], [-73.82673554508928, 40.717089821786814], [-73.8267356889504, 40.717089569860015], [-73.82673583516922, 40.717089321538786], [-73.82674414482508, 40.71707515188354], [-73.8267519386367, 40.71706228088996], [-73.82675915124686, 40.71705081021769], [-73.82677226972402, 40.71703065038757], [-73.82678710401221, 40.717008323804485], [-73.82680144179707, 40.716987138321464], [-73.8268023162275, 40.71698584560145], [-73.82681695353511, 40.71696462094455], [-73.82683038159485, 40.71694555119268], [-73.82683668062734, 40.7169367653681], [-73.82684284988063, 40.716928277417345], [-73.82684825867902, 40.71692094457975], [-73.82685349969766, 40.71691395908716], [-73.82685854085547, 40.716907369518964], [-73.82686334768096, 40.71690123345607], [-73.82686567492968, 40.71689832650164], [-73.82687207837027, 40.71689581649919], [-73.82687383299132, 40.716895112235974], [-73.82688869927209, 40.716889150689504], [-73.82690707633469, 40.7168816419372], [-73.82692842278448, 40.71687278777867], [-73.82696726567299, 40.71685645054588], [-73.82704836084903, 40.71682205127966], [-73.82708547406776, 40.71680635977707], [-73.827091687874, 40.716803035414834], [-73.82710422689135, 40.71679632652237], [-73.82711361218789, 40.71679130585493], [-73.82713463676943, 40.71678012965519], [-73.82714994891941, 40.71677198950575]]]]}",338.954141482,8350004878.0,350000
"{'type': 'MultiPolygon', 'coordinates': [[[[-73.89941847652173, 40.725550007214736], [-73.89941837607972, 40.72554989456328], [-73.89942791041236, 40.72555077098284], [-73.89946480387974, 40.72555416210296], [-73.89969534050181, 40.72557535044103], [-73.89972759582848, 40.72557831509736], [-73.89973155347957, 40.72557867874769], [-73.89973193398318, 40.72557910321907], [-73.8997542785618, 40.72560401276125], [-73.89974991850988, 40.72560361634296], [-73.89971781577948, 40.725600707657435], [-73.89948747626954, 40.7255798284114], [-73.89945092238328, 40.72557651503892], [-73.89944120931793, 40.72557563486313], [-73.89942373254725, 40.72555593355736], [-73.89942217039147, 40.72555417259696], [-73.89942037544967, 40.725552148484404], [-73.89941847652173, 40.725550007214736]]]]}",197.312624226,9350004611.0,350020
"{'type': 'MultiPolygon', 'coordinates': [[[[-73.82954265887346, 40.71691131099766], [-73.82955405631643, 40.71687885541676], [-73.82955448566724, 40.71687895961126], [-73.82956081119566, 40.7168804962441], [-73.82957361719475, 40.71688360846005], [-73.82958994197905, 40.716887575065776], [-73.82960077628023, 40.71689020798946], [-73.82961624709515, 40.71689396801079], [-73.82966546273119, 40.71690593659873], [-73.82966779280524, 40.71690650736853], [-73.82971832254194, 40.716918792156655], [-73.82973016104785, 40.71692166518907], [-73.829772018633, 40.716931838934805], [-73.82979485939497, 40.71693739374307], [-73.82983901905237, 40.71694752584222], [-73.82984486931494, 40.71694886814691], [-73.8298333315581, 40.71698163242428], [-73.8298333172456, 40.71698167562768], [-73.82982325646782, 40.717010285324626], [-73.82982064440714, 40.717017713387236], [-73.82980945347204, 40.71704952183108], [-73.82980943797592, 40.717049565032745], [-73.82979825657183, 40.71708134467311], [-73.82979379622603, 40.71708028087809], [-73.82976583596582, 40.71707361627355], [-73.82975858539116, 40.71707188737569], [-73.82972630673358, 40.71706419159328], [-73.8297046496454, 40.717059025742586], [-73.8296721687431, 40.71705128101814], [-73.82964346334491, 40.71704443788057], [-73.82962157917008, 40.71703921854798], [-73.8295822628828, 40.71702984456197], [-73.8295696790754, 40.71702684253843], [-73.829543171348, 40.7170205204234], [-73.82952719882115, 40.71701671102183], [-73.8295210790167, 40.71701525123534], [-73.82951177629732, 40.71701303300671], [-73.82950769563905, 40.71701205981403], [-73.82950732305709, 40.71701197101209], [-73.82951875508448, 40.71697942633563], [-73.82953040300062, 40.7169462237034], [-73.82953227475453, 40.71694089544516], [-73.82954265887346, 40.71691131099766]]]]}",269.238156389,9350004401.0,350000
"{'type': 'MultiPolygon', 'coordinates': [[[[-73.84259268729535, 40.741715356624525], [-73.84262977161424, 40.74169716840437], [-73.84263804746982, 40.74171271618519], [-73.84264145163952, 40.741719111745134], [-73.8426471095421, 40.74172974097299], [-73.84259952717181, 40.74175087842507], [-73.8425228171736, 40.74178495506226], [-73.84247951687368, 40.74180419014223], [-73.8424749693311, 40.74179565520664], [-73.84246543221825, 40.74177775896393], [-73.84247797305909, 40.7417716103356], [-73.84250766806304, 40.741757047400675], [-73.84253533256403, 40.74174348574893], [-73.84253718879752, 40.741742575171216], [-73.84254707566588, 40.74173772684303], [-73.84258041079786, 40.74172137865495], [-73.84258236778551, 40.74172041778578], [-73.84259268729535, 40.741715356624525]]]]}",131.160023377,9350004534.0,350020
"{'type': 'MultiPolygon', 'coordinates': [[[[-73.870400258289, 40.771487145670555], [-73.87042191906848, 40.77148407950208], [-73.87043813076126, 40.771489154063126], [-73.8705239515645, 40.771516016216445], [-73.87061246251291, 40.77154648424347], [-73.8706204631243, 40.77154923886445], [-73.87059432834036, 40.77155361478152], [-73.87058649774093, 40.77155114580952], [-73.87040423376652, 40.7714936688913], [-73.8703883287431, 40.77148865320319], [-73.870400258289, 40.771487145670555]]]]}",138.544799234,11350004890.0,350020
"{'type': 'MultiPolygon', 'coordinates': [[[[-73.89067289501808, 40.727669234544365], [-73.89082154247036, 40.72760225881146], [-73.89091242498826, 40.72758574945913], [-73.89091679525994, 40.72759947466251], [-73.890921391645, 40.727613908780896], [-73.89079333217762, 40.727650756913945], [-73.8907187775176, 40.7276897070574], [-73.89067289501808, 40.727669234544365]]]]}",162.095898962,9350002606.0,350000
"{'type': 'MultiPolygon', 'coordinates': [[[[-73.91127187626218, 40.63386993246217], [-73.91128895316069, 40.63385934021937], [-73.91137685148735, 40.63380481850336], [-73.91147819819811, 40.63374195475497], [-73.91148943329942, 40.63373498617816], [-73.91151806904752, 40.63377006724677], [-73.91156616750851, 40.633856633376375], [-73.91141393055382, 40.63395921864647], [-73.91139830668993, 40.6339686908805], [-73.91133544213277, 40.63391958571722], [-73.91127187626218, 40.63386993246217]]]]}",239.379246716,20350001087.0,350010
"{'type': 'MultiPolygon', 'coordinates': [[[[-73.89917188534538, 40.65907597958989], [-73.89920460575242, 40.659061322632695], [-73.89923858398168, 40.65904610394475], [-73.89924665426825, 40.65915429104302], [-73.89923060046335, 40.65916152074026], [-73.89918044872327, 40.65918410318805], [-73.89917188534538, 40.65907597958989]]]]}",121.752129218,20350007763.0,350010
"{'type': 'MultiPolygon', 'coordinates': [[[[-73.87080637573811, 40.7714222872854], [-73.87085699483394, 40.771413714500525], [-73.870872691995, 40.771417814978854], [-73.87093099845617, 40.77143304749803], [-73.87103547504105, 40.77145747629303], [-73.87106150303663, 40.771463561312586], [-73.87107312707543, 40.771466279434186], [-73.87108489677384, 40.77146901482712], [-73.87102987272291, 40.771478112278004], [-73.87101189289487, 40.77147346986384], [-73.87095446922224, 40.77145864270078], [-73.87093096061534, 40.77145257218579], [-73.87089354925955, 40.77144305426754], [-73.87082300890988, 40.77142625014235], [-73.87080637573811, 40.7714222872854]]]]}",161.396222582,10350004950.0,350020
"{'type': 'MultiPolygon', 'coordinates': [[[[-73.89449526514802, 40.74470182794487], [-73.89451021381905, 40.74469850525792], [-73.89450810820895, 40.74470476365611], [-73.8945080403796, 40.74470497881521], [-73.89449898323949, 40.744733792155806], [-73.8944965044537, 40.74474167832912], [-73.8944856700789, 40.74477872878172], [-73.89447560983757, 40.74481590511291], [-73.89446632492778, 40.744853199219385], [-73.89446283262899, 40.74486855237004], [-73.8944578177345, 40.744890601197994], [-73.89445580244335, 40.744900378860265], [-73.89445534067939, 40.744902619799724], [-73.89443851933545, 40.74490638201176], [-73.89443902245057, 40.74490419784225], [-73.89444197201722, 40.74489137732193], [-73.89444681560546, 40.74487208388997], [-73.89444854809719, 40.7448651821889], [-73.89445122785914, 40.74485450642937], [-73.89445750177318, 40.74483144928668], [-73.89446122943852, 40.7448177496831], [-73.89447197556032, 40.7447811133855], [-73.89448127119113, 40.74474750776587], [-73.89448440523657, 40.74473706385196], [-73.89449038289443, 40.74471714290269], [-73.89449131727812, 40.74471402710286], [-73.894493130584, 40.74470842490702], [-73.89449526514802, 40.74470182794487]]]]}",161.280288302,9350004607.0,350020
"{'type': 'MultiPolygon', 'coordinates': [[[[-73.89509119852367, 40.744203916281315], [-73.89509810769056, 40.7441938161804], [-73.89509945449997, 40.744200955728886], [-73.89509676976175, 40.744205099219464], [-73.89509275862997, 40.744211695384436], [-73.89506739671529, 40.74425340539336], [-73.89502944278708, 40.74432072605629], [-73.89502544151593, 40.74432781840732], [-73.8949892581372, 40.74439854909034], [-73.89498684242314, 40.74440327275029], [-73.89496646650078, 40.74444705934934], [-73.8949584484726, 40.7444642886478], [-73.89495356119644, 40.744439314022735], [-73.89496180508519, 40.744423015154624], [-73.89496859640356, 40.74440958757967], [-73.89498524329902, 40.7443781876604], [-73.89498639045922, 40.74437602388673], [-73.89500489099507, 40.744342684160785], [-73.89502409207606, 40.74430957740112], [-73.89504398895251, 40.74427671170768], [-73.89506457569088, 40.74424409517919], [-73.89506537443876, 40.744242880222], [-73.89508584872273, 40.744211737717684], [-73.89509119852367, 40.744203916281315]]]]}",213.538951129,9350004511.0,350020
"{'type': 'MultiPolygon', 'coordinates': [[[[-73.91921241169425, 40.777885231420015], [-73.91927049133362, 40.77783651981122], [-73.919288042552, 40.777849077008185], [-73.91930533693811, 40.77786145302158], [-73.91924539731623, 40.777908344328985], [-73.91922932645365, 40.77789708398658], [-73.91921241169425, 40.777885231420015]]]]}",73.4515199503,13350003935.0,350010
"{'type': 'MultiPolygon', 'coordinates': [[[[-73.84545402498769, 40.74021423349979], [-73.84553277336043, 40.740176328678444], [-73.84553578938687, 40.74018885789807], [-73.84554766480943, 40.74023763636666], [-73.84555976319231, 40.740287279620944], [-73.84556230368364, 40.74029759475181], [-73.84548339423024, 40.74033547326198], [-73.84548328281751, 40.74033552624252], [-73.84540652804444, 40.740372381011014], [-73.84540418835313, 40.74037350260556], [-73.84540173091868, 40.74036362883199], [-73.84538937506096, 40.74031376188972], [-73.84537711090799, 40.74026417962958], [-73.8453742667095, 40.74025261418082], [-73.84537648076471, 40.74025155095123], [-73.84545402498769, 40.74021423349979]]]]}",193.542419719,9350004401.0,350000
"{'type': 'MultiPolygon', 'coordinates': [[[[-73.8609080551294, 40.66951420679506], [-73.8610088253933, 40.66950104326366], [-73.86102005108226, 40.66954885624728], [-73.86102754895155, 40.66958079132021], [-73.8610405553616, 40.66963618610064], [-73.86107597109932, 40.66978703388414], [-73.86108933044082, 40.66984393474751], [-73.86109704407872, 40.669876787701625], [-73.86110910222112, 40.66992814431156], [-73.86102021136539, 40.669939055682185], [-73.86093002156127, 40.669950125705896], [-73.86091891519439, 40.669912015025595], [-73.86091637405261, 40.669903293152025], [-73.8609066110861, 40.66986978843566], [-73.86090320332843, 40.66985809290875], [-73.8608899985705, 40.669812774654865], [-73.86084639891493, 40.66966314612061], [-73.86082129769706, 40.66957700385591], [-73.8608186180135, 40.66956780814051], [-73.86080685184655, 40.66952742734736], [-73.8609080551294, 40.66951420679506]]]]}",422.98482081,20350003103.0,350010
"{'type': 'MultiPolygon', 'coordinates': [[[[-73.83772398506457, 40.74384296115169], [-73.83772527011413, 40.7438427918657], [-73.83774477061216, 40.743839850363536], [-73.83775046299608, 40.74383899119329], [-73.83777372315966, 40.743834881620245], [-73.83777549162906, 40.74383456893329], [-73.83780032044868, 40.743829543045855], [-73.83782491393465, 40.743823913481165], [-73.83784926024634, 40.74381768022269], [-73.8378522507157, 40.74381683345253], [-73.83787333565954, 40.743810861247304], [-73.83789710467576, 40.743803447500184], [-73.83792055538885, 40.743795465979986], [-73.83794365230045, 40.743786907631886], [-73.83795050011535, 40.74378415991054], [-73.83796637168646, 40.74377779043285], [-73.8379709822782, 40.74377579779079], [-73.83797108894919, 40.74377575201495], [-73.83798870168464, 40.74376812337152], [-73.83799428110964, 40.74376550984011], [-73.83803848620373, 40.743744807190495], [-73.83804784048444, 40.743740129596674], [-73.83807359053495, 40.743727252513295], [-73.83809255514029, 40.74371776890649], [-73.83813000187732, 40.743699036938565], [-73.83813010500921, 40.74369898575453], [-73.83813515614861, 40.74369645972365], [-73.83816715459177, 40.74368045763175], [-73.83821351455104, 40.74365727344019], [-73.8383085080355, 40.743609766348435], [-73.83847127596061, 40.74352836546458], [-73.83865213380435, 40.743439578510646], [-73.8387995866901, 40.74336718870502], [-73.83896077441676, 40.74328805689909], [-73.83915270079584, 40.74319356190329], [-73.83924211033596, 40.7431495402141], [-73.83920525258702, 40.74317762424531], [-73.83916527755854, 40.74320808305461], [-73.83909396508432, 40.74326241827648], [-73.83890115706313, 40.74335808800458], [-73.83883360045233, 40.74339160856527], [-73.83870471504001, 40.743457579480584], [-73.83842464012048, 40.74360093685148], [-73.83823604782242, 40.743697467761805], [-73.83822075172539, 40.743705296908495], [-73.83818999993632, 40.74372133768757], [-73.83817643324696, 40.74372835609902], [-73.83815207151912, 40.7437409614018], [-73.83815196956894, 40.74374101348799], [-73.83811642987303, 40.74375940595032], [-73.83810358374198, 40.74376564732679], [-73.83807718497067, 40.74377847577782], [-73.83803008441387, 40.74380136530702], [-73.83801268600553, 40.74380898255156], [-73.83800541918578, 40.743812163732265], [-73.83799195570879, 40.743817621686226], [-73.83799184904431, 40.743817664760606], [-73.83798030552153, 40.743822349175744], [-73.83797230150468, 40.74382535101664], [-73.83795477894128, 40.74383192168708], [-73.83792885137316, 40.74384084526256], [-73.83790257013379, 40.743849137978636], [-73.83787593528939, 40.74385677281991], [-73.8378728016386, 40.74385758516982], [-73.83784899420047, 40.74386374985279], [-73.83782177056949, 40.74387006010541], [-73.83779429993889, 40.74387569462243], [-73.83778723075817, 40.743876959786064], [-73.83776659414949, 40.74388065342051], [-73.8377617414991, 40.74388139670839], [-73.8377387005837, 40.74388492756105], [-73.83771063227066, 40.743888515261304], [-73.83770900504803, 40.743888683164464], [-73.8377167622575, 40.7438650080251], [-73.83772398506457, 40.74384296115169]]]]}",1017.28884704,9350001419.0,350000
"{'type': 'MultiPolygon', 'coordinates': [[[[-73.86451456647654, 40.83245947410257], [-73.86457472538363, 40.83244290900705], [-73.86464361616494, 40.83242393539794], [-73.86465380662534, 40.83247091720074], [-73.86458444382906, 40.832499265319804], [-73.86452574105057, 40.832523256715746], [-73.86451456647654, 40.83245947410257]]]]}",119.022118653,14350003860.0,350010
"{'type': 'MultiPolygon', 'coordinates': [[[[-73.84251741129015, 40.74160509991658], [-73.84256795093732, 40.74158102818139], [-73.8425798136241, 40.74160331487223], [-73.84253767498214, 40.74162302522966], [-73.84252962819589, 40.74162678915925], [-73.84252897511567, 40.74162709353865], [-73.84249474574271, 40.741643104599405], [-73.84248238338729, 40.74164888696676], [-73.84245572905387, 40.741661353168475], [-73.84242710241361, 40.741674745089824], [-73.84241358085191, 40.74168106977094], [-73.8424020893971, 40.74166002627285], [-73.84244414242772, 40.741639997067935], [-73.84251741129015, 40.74160509991658]]]]}",125.369269745,9350004598.0,350020
"{'type': 'MultiPolygon', 'coordinates': [[[[-73.85229529289569, 40.752517026724945], [-73.85229588417883, 40.752516850083275], [-73.85230999238645, 40.75254398603845], [-73.8523104817197, 40.7525449285961], [-73.85232052667638, 40.75256424924361], [-73.85232126716558, 40.752565673894395], [-73.85233085345084, 40.75258411145611], [-73.85234006713499, 40.75260183353685], [-73.85234764537438, 40.752616410751386], [-73.85235777288986, 40.75263589089095], [-73.85236296104878, 40.75264586975417], [-73.8523677046765, 40.752654994366864], [-73.85237554469784, 40.75267007349722], [-73.8523788945876, 40.75267652271824], [-73.85238831819825, 40.75269464128692], [-73.8523917777636, 40.75270129506314], [-73.85238972536506, 40.752701946201086], [-73.85237703888396, 40.752705972318616], [-73.85236840861523, 40.75270871140607], [-73.85236479007358, 40.75270165940137], [-73.85235577849357, 40.752684102374666], [-73.85235214816298, 40.75267702784177], [-73.85234432272915, 40.752661780333675], [-73.85233973500083, 40.75265284142431], [-73.85233460961872, 40.752642856337], [-73.85232456166463, 40.752623278142124], [-73.85232389667284, 40.752621983261136], [-73.85231707227265, 40.7526086866319], [-73.85230803006368, 40.75259106922798], [-73.85229847732731, 40.752572457009066], [-73.85229774276922, 40.75257102786318], [-73.85228793418456, 40.752551916434435], [-73.8522873458364, 40.75255076933464], [-73.85227338815521, 40.752523574136305], [-73.85228404784576, 40.752520388305506], [-73.8522929431669, 40.75251772880885], [-73.85229529289569, 40.752517026724945]]]]}",158.380785531,9350004439.0,350020
"{'type': 'MultiPolygon', 'coordinates': [[[[-73.9343008718613, 40.818291751247045], [-73.93428157789252, 40.818228652349134], [-73.93426836729303, 40.81816526965701], [-73.93424134240239, 40.818022157203515], [-73.9342244831613, 40.81790633469286], [-73.934214254624, 40.81783606309049], [-73.93420167751191, 40.817718339365676], [-73.9341907122742, 40.817567245043875], [-73.93419341509906, 40.81754414253833], [-73.934194364162, 40.81753132900951], [-73.93419589399774, 40.81751854282702], [-73.93419767201625, 40.8175076946554], [-73.9341979808731, 40.81750581099221], [-73.93420064849393, 40.81749313351855], [-73.93420386127397, 40.81748053740057], [-73.93420765476326, 40.81746803166355], [-73.93421199339336, 40.81745562529211], [-73.9342168771462, 40.81744333629607], [-73.93422231784787, 40.81743119169703], [-73.93422361596397, 40.81742858369807], [-73.93422829180092, 40.81741918247639], [-73.9342306571851, 40.817414874948064], [-73.9342347989784, 40.81740733564905], [-73.93424182750921, 40.817395669218016], [-73.93424937738426, 40.81738419218814], [-73.93425743675027, 40.81737290455265], [-73.9342659818655, 40.8173618423177], [-73.93426766343055, 40.81735982796428], [-73.93430251918464, 40.81731348034397], [-73.93431470695488, 40.81729737649767], [-73.93433754431989, 40.81726720214755], [-73.93437273645836, 40.8172210005774], [-73.93437451679719, 40.81721737799114], [-73.93437552922545, 40.81721358837585], [-73.93437574757607, 40.81720972356734], [-73.93444494914667, 40.81728057530843], [-73.93443179781642, 40.81729902801703], [-73.93441774439786, 40.81731874991166], [-73.93439053961788, 40.81735692450821], [-73.93436573005681, 40.8173917470112], [-73.93436333479777, 40.817395108103106], [-73.93433612995535, 40.817433282686366], [-73.93433449913114, 40.81743552759685], [-73.93432624293362, 40.81744689256821], [-73.93431699572356, 40.81746075495286], [-73.93430837649917, 40.81747484281868], [-73.93430040896679, 40.817489156179434], [-73.93429309314459, 40.817503677025194], [-73.93428644092158, 40.817518369343134], [-73.93428045229808, 40.8175332331333], [-73.93427516286033, 40.81754824140113], [-73.93427054891166, 40.81756338512832], [-73.93426662233217, 40.817578637306745], [-73.93426339498427, 40.817593988938334], [-73.9342608669041, 40.817609404003235], [-73.93426066729253, 40.81761108961958], [-73.93425903809202, 40.817624882501555], [-73.93425792041944, 40.81764040643012], [-73.93425750206937, 40.81765593976229], [-73.93425823979645, 40.817666267981316], [-73.93426084580408, 40.81770275849994], [-73.93426418955232, 40.81774956823218], [-73.93426753330532, 40.81779637796397], [-73.93426796580432, 40.81780251959893], [-73.93427086520096, 40.817843196693524], [-73.93427121877552, 40.81784524102286], [-73.9342716553397, 40.81784726738958], [-73.93427218673776, 40.817849284805355], [-73.93427280111658, 40.81785129326353], [-73.93427351033816, 40.81785328376582], [-73.9342743025583, 40.81785524730045], [-73.93427518962116, 40.81785719287925], [-73.93427615967376, 40.81785912049536], [-73.93429214089329, 40.81792310089766], [-73.9343087915687, 40.81798976425845], [-73.9343087342274, 40.817990216275156], [-73.93430870888336, 40.817990674613604], [-73.93430869776219, 40.817991133860644], [-73.93430871746008, 40.8179915922247], [-73.93430874427608, 40.8179920442894], [-73.93430880190407, 40.81799250267508], [-73.93431394458283, 40.81801572761638], [-73.93431938697992, 40.818040325985706], [-73.93432997207188, 40.818088148394494], [-73.93434056666163, 40.81813597080734], [-73.9343511517778, 40.81818379951693], [-73.93435181378918, 40.81818679224461], [-73.93436173691452, 40.81823162282215], [-73.93437232325266, 40.81827944522621], [-73.93438071661619, 40.81832621370022], [-73.93438910999153, 40.81837298217327], [-73.93438970176356, 40.818376288233566], [-73.93439134624893, 40.81838545622613], [-73.93439152543502, 40.818386453178], [-73.93439316992001, 40.81839562207106], [-73.93439741138776, 40.81841927963322], [-73.93439750218707, 40.81841975694814], [-73.93440589558504, 40.818466526319746], [-73.93436591307093, 40.81839959846104], [-73.93436074293386, 40.8183909444457], [-73.93436017846727, 40.81838999950331], [-73.93435748275344, 40.81838548828098], [-73.93435500714641, 40.81838134548706], [-73.9343014065649, 40.81829162548217], [-73.9343008718613, 40.818291751247045]]]]}",957.120454002,13350003965.0,350000
"{'type': 'MultiPolygon', 'coordinates': [[[[-73.85202674445587, 40.75259729903813], [-73.85202754429079, 40.75259705963025], [-73.85204084953442, 40.75262420269125], [-73.85204185623616, 40.75262625804063], [-73.85204602451547, 40.752634761478355], [-73.85205080931435, 40.75264452281542], [-73.85205158497324, 40.752646105101796], [-73.85206109327589, 40.752665503426556], [-73.8520625986187, 40.752668575187904], [-73.85206499278566, 40.752673460811174], [-73.85206938033103, 40.75268241118102], [-73.85207673848659, 40.7526974230754], [-73.85208137358717, 40.75270687804653], [-73.85208647667766, 40.75271728815572], [-73.85209477082067, 40.75273420942491], [-73.85210302489061, 40.75275104779535], [-73.85210949187854, 40.752764240419864], [-73.85211529637397, 40.75277608143314], [-73.85212079319895, 40.75278729529831], [-73.85208348138194, 40.752799136784034], [-73.85204175664322, 40.752812378280716], [-73.85203547045141, 40.75279989368315], [-73.85202969003122, 40.752788414700554], [-73.85202286623682, 40.75277486411198], [-73.852014384839, 40.75275802004074], [-73.85200598007316, 40.75274133005394], [-73.85199624309841, 40.75272199266547], [-73.8519914412236, 40.75271245643105], [-73.8519884360713, 40.752706489412915], [-73.85198343731189, 40.75269656300566], [-73.85197056079821, 40.75267099277434], [-73.85197030968077, 40.7526704944713], [-73.85196942782818, 40.75266874185209], [-73.85196013061554, 40.75265028121874], [-73.85195800143202, 40.75264605240337], [-73.85195146179612, 40.752633064992274], [-73.85194565664779, 40.7526215364455], [-73.85198905389511, 40.75260856458304], [-73.85202674445587, 40.75259729903813]]]]}",196.527172687,9350004401.0,350000
"{'type': 'MultiPolygon', 'coordinates': [[[[-73.8373636626472, 40.74387740523442], [-73.83736968597925, 40.74385738193249], [-73.83737726468979, 40.7438321829036], [-73.83738741026545, 40.74383416303817], [-73.83739183985756, 40.74383502747662], [-73.83740720143115, 40.74383777770404], [-73.83743220962931, 40.7438417392221], [-73.83743249014564, 40.743841776538886], [-73.83745256067522, 40.743844446958086], [-73.83745738508354, 40.743845088625136], [-73.83747018071345, 40.74384647545532], [-73.83747350686953, 40.74384683494931], [-73.83747425140812, 40.743846915244696], [-73.83748268043337, 40.74384782584621], [-73.83748799195119, 40.74384826828644], [-73.83749408832499, 40.74384876586439], [-73.83750807202016, 40.743849941846726], [-73.8375335479814, 40.74385144561505], [-73.83754789664384, 40.74385201516477], [-73.83754872539099, 40.74385203614488], [-73.83755973824043, 40.74385232183036], [-73.8375622457895, 40.743852386601546], [-73.83758939443273, 40.74385255996431], [-73.83761011064007, 40.74385215603062], [-73.83761654478813, 40.743852030926604], [-73.83763189110039, 40.74385133215572], [-73.83764364949498, 40.74385079942166], [-73.83767068487266, 40.743848865416155], [-73.83769761537849, 40.74384623786516], [-73.83771146027628, 40.743844609444295], [-73.83772169803193, 40.7438432623011], [-73.83772398506457, 40.74384296115169], [-73.8377167622575, 40.7438650080251], [-73.83770900504803, 40.743888683164464], [-73.83770671817388, 40.743888918576715], [-73.8376831080581, 40.743891350896575], [-73.83766482345662, 40.743892855990346], [-73.8376356566956, 40.743894859030455], [-73.83761676994493, 40.74389566987632], [-73.83761023240544, 40.7438959506225], [-73.83760642071499, 40.74389611454372], [-73.83757713919564, 40.74389662256347], [-73.83754785952031, 40.74389637415138], [-73.8375464139774, 40.743896325285995], [-73.83753526754457, 40.74389595116101], [-73.83751871186347, 40.74389539650636], [-73.8374932476598, 40.74389391976663], [-73.83748047836471, 40.743892896781574], [-73.83747401854906, 40.74389237887884], [-73.83746785585895, 40.74389188480833], [-73.83746397450179, 40.74389148580879], [-73.83746052283134, 40.74389112973942], [-73.83745569924773, 40.74389063395599], [-73.83744254832354, 40.74388928264307], [-73.83743886366788, 40.74388881908375], [-73.8374173605739, 40.74388611332116], [-73.83741623026604, 40.743885945131574], [-73.83739230440672, 40.74388239486945], [-73.83737687138823, 40.74387980663064], [-73.83737221797227, 40.743878960786276], [-73.8373636626472, 40.74387740523442]]]]}",227.395630881,9350001419.0,350000
"{'type': 'MultiPolygon', 'coordinates': [[[[-73.85060747563291, 40.750043891002974], [-73.8506515350783, 40.7500285764799], [-73.85066294069621, 40.750047987293996], [-73.85068447330525, 40.750084610923885], [-73.85069546374595, 40.75010330349211], [-73.85065101103328, 40.75011866434837], [-73.85065090673508, 40.75011870743747], [-73.85062333114155, 40.750128244071654], [-73.85061184044588, 40.75011033699068], [-73.85058861600184, 40.75007414159516], [-73.85057619078852, 40.750054773575954], [-73.85060747563291, 40.750043891002974]]]]}",104.515567358,9350004401.0,350000
"{'type': 'MultiPolygon', 'coordinates': [[[[-73.89012428758444, 40.72595755320699], [-73.89012795632345, 40.725955802514946], [-73.89012847390384, 40.72595633070757], [-73.89014442077641, 40.72597263074078], [-73.89014645207332, 40.72597472186128], [-73.89014585146514, 40.72597501485442], [-73.89009919716358, 40.725997738820695], [-73.89008109763026, 40.7259790152557], [-73.89008085420869, 40.72597876288061], [-73.89012428758444, 40.72595755320699]]]]}",48.2298322478,9350004611.0,350020
"{'type': 'MultiPolygon', 'coordinates': [[[[-73.91734873657171, 40.781765805385334], [-73.91729967098044, 40.781729642039124], [-73.91730257330663, 40.78172973417211], [-73.91730547571116, 40.781729763269944], [-73.91730814720034, 40.781729715659345], [-73.91730839006298, 40.78172971133107], [-73.91731129266881, 40.7817295783385], [-73.91731418350616, 40.78172938230229], [-73.9173170625975, 40.781729105212364], [-73.91731992994272, 40.78172874706875], [-73.91732278551954, 40.78172832588147], [-73.91755075721846, 40.781540012311744], [-73.91763178226624, 40.78159380501776], [-73.9176008666383, 40.78161914105689], [-73.9175957081006, 40.78162336972836], [-73.9175525827053, 40.78165871691027], [-73.91754728897223, 40.78166305624461], [-73.91749885793946, 40.781702742731795], [-73.91745043868454, 40.781742438211886], [-73.9174112098424, 40.78177465708565], [-73.91740818584927, 40.78177714300576], [-73.91740398783334, 40.78178059522366], [-73.91740315769344, 40.78178129702033], [-73.91740236306005, 40.78178202585747], [-73.91740160394438, 40.781782772730146], [-73.91740088034643, 40.78178353763832], [-73.91740019226623, 40.78178432058198], [-73.91739953970375, 40.78178512156114], [-73.91739892265899, 40.78178594057576], [-73.91739835297867, 40.78178677763441], [-73.91739786869287, 40.78178753551009], [-73.91739780696943, 40.78178763272007], [-73.91739730834692, 40.78178848783968], [-73.91739684523097, 40.78178936999982], [-73.9173964176551, 40.78179025218541], [-73.91739603744365, 40.781791152414975], [-73.91739570460781, 40.78179206168354], [-73.9173954073009, 40.78179297998262], [-73.91739514553406, 40.78179389830715], [-73.91739493113167, 40.78179483467563], [-73.91739476412722, 40.78179576207312], [-73.91739463264054, 40.78179670750609], [-73.9173945485518, 40.78179764396805], [-73.91739449999199, 40.78179858946046], [-73.91739450000362, 40.78179953498767], [-73.91734873657171, 40.781765805385334]]]]}",266.41084426,13350003927.0,350000
"{'type': 'MultiPolygon', 'coordinates': [[[[-73.9673145911228, 40.77081582926699], [-73.96733958441673, 40.77078024216101], [-73.96734023864263, 40.770779434594985], [-73.96735781379583, 40.77075542855573], [-73.96747152572772, 40.77060010498468], [-73.96748132073105, 40.77058672536987], [-73.96752782434824, 40.77052092790187], [-73.96753236728419, 40.77051505519893], [-73.96753926405871, 40.77050614035828], [-73.96755081043345, 40.770491215066535], [-73.96755671538838, 40.77048315002058], [-73.96755948415074, 40.77047936778569], [-73.96769011816474, 40.7703009301335], [-73.96769264986236, 40.77029747020905], [-73.96770705748473, 40.770278382676466], [-73.96771001225476, 40.770274469016506], [-73.96771965644416, 40.77026168997428], [-73.96776812439707, 40.770282018898634], [-73.96777898374157, 40.77028657578138], [-73.96775125811733, 40.77032254853642], [-73.96774889827796, 40.77032578428493], [-73.96760653591006, 40.77052095005801], [-73.96759829835051, 40.770532242754896], [-73.96756149124089, 40.77058270110659], [-73.9675449502439, 40.77060428961742], [-73.96750135288471, 40.77066119003819], [-73.96745519692081, 40.770723076706496], [-73.96742314845329, 40.77076701040934], [-73.96739666834326, 40.77080331211241], [-73.96739648699474, 40.77080356510252], [-73.96736999658279, 40.77083907615448], [-73.96732933480166, 40.77082201720453], [-73.9673145911228, 40.77081582926699]]]]}",498.271254209,13350004138.0,350000
"{'type': 'MultiPolygon', 'coordinates': [[[[-73.88493958981728, 40.673440235600495], [-73.88500908387981, 40.67342822465931], [-73.8850694112689, 40.673417798432496], [-73.88508751433679, 40.673491276094104], [-73.88510536373974, 40.67356372691086], [-73.88504560141422, 40.67357081730995], [-73.88497816856017, 40.673578818535816], [-73.8849590966284, 40.67351030893524], [-73.88493958981728, 40.673440235600495]]]]}",178.340637459,20350001202.0,350010
"{'type': 'MultiPolygon', 'coordinates': [[[[-73.89012347518981, 40.73933614263018], [-73.8901156858416, 40.73932128762177], [-73.89023583971886, 40.7393439149037], [-73.89023588351036, 40.73934392305001], [-73.89029772751431, 40.739355572415604], [-73.89030524642813, 40.73937003993556], [-73.8903288854189, 40.73941552189539], [-73.89032890783915, 40.73941556694215], [-73.89035532029649, 40.73946638074381], [-73.89030870111387, 40.7394577635139], [-73.89029377644219, 40.73945500635032], [-73.89024231533772, 40.739445495679604], [-73.8902033017209, 40.73943828684556], [-73.89019436941058, 40.73943663670319], [-73.89017592721673, 40.73943322870523], [-73.89017422289402, 40.73943291370314], [-73.89014702028147, 40.73938104821301], [-73.89012347518981, 40.73933614263018]]]]}",190.811396355,9350004704.0,350000
"{'type': 'MultiPolygon', 'coordinates': [[[[-73.88367243484409, 40.82292448517171], [-73.88367476943478, 40.82292418135797], [-73.88369545755165, 40.823018195161076], [-73.88370042760342, 40.823040779225416], [-73.88370071574208, 40.82304208703707], [-73.88370013002209, 40.82304216118755], [-73.88358115427748, 40.8230571451607], [-73.88357201395907, 40.82305830207539], [-73.88349196244876, 40.82306837882305], [-73.88348065030145, 40.823069628088234], [-73.88291459303056, 40.8231321444077], [-73.88286976525345, 40.82313709483704], [-73.88285338211057, 40.823138903501004], [-73.88282816714803, 40.82314168833205], [-73.88260991407581, 40.823168904484056], [-73.88255030101477, 40.82317633861457], [-73.88232923174928, 40.823203905262126], [-73.88173336803797, 40.82328278700891], [-73.8809349541372, 40.82339407450082], [-73.88045969480358, 40.82345896965482], [-73.88045329505874, 40.82346012195939], [-73.8803978128034, 40.82347011396849], [-73.88027354714647, 40.82349249382593], [-73.88024492316815, 40.823497648261615], [-73.88024453659754, 40.823497718098906], [-73.88024542835099, 40.82350017377866], [-73.87986274391922, 40.82357548316732], [-73.87971408006362, 40.82358649164413], [-73.87969185884752, 40.82358813708265], [-73.87968389651176, 40.82358873751082], [-73.87964649866763, 40.82359155666043], [-73.87962202834933, 40.823593404150806], [-73.87955187774587, 40.823598688852236], [-73.87948173896909, 40.8236039825283], [-73.87941158832702, 40.823609276149334], [-73.87934143767377, 40.823614569727674], [-73.87927128702573, 40.82361985425841], [-73.87920113635018, 40.82362514775139], [-73.87913098566347, 40.823630441201665], [-73.87906109534754, 40.82363596000653], [-73.87892988834884, 40.82364789618178], [-73.8788904264124, 40.823651485545156], [-73.8787203792994, 40.823670505411876], [-73.87855107255669, 40.82369300172443], [-73.87848475514129, 40.82370232403849], [-73.87841829641178, 40.82371112387742], [-73.87837810457248, 40.823716451154795], [-73.87835183764817, 40.823719932683], [-73.8782853788835, 40.82372873244528], [-73.87821892010122, 40.823737532169275], [-73.87815246128484, 40.82374634085989], [-73.87808601432161, 40.82375514051976], [-73.87802110808482, 40.82376410386055], [-73.87795621368473, 40.82377306717733], [-73.87793661730656, 40.82377577223861], [-73.87792448350801, 40.82372270573812], [-73.8779243494494, 40.823722117571926], [-73.8779141348543, 40.823677453834144], [-73.87791400431901, 40.8236768836816], [-73.87816927984647, 40.82364412525429], [-73.87965224138641, 40.823447046460664], [-73.87965798727906, 40.82344628253273], [-73.87968203682391, 40.82344306674142], [-73.87979287480137, 40.823428248501585], [-73.87984510009191, 40.82342126645133], [-73.88013844613211, 40.823385554580085], [-73.88021823697612, 40.82337524666073], [-73.88030735559497, 40.8233637335987], [-73.88054142123988, 40.823332570598254], [-73.88105546187292, 40.823261472873995], [-73.881581825745, 40.82318857281465], [-73.88175497265914, 40.82316508274289], [-73.88225675416746, 40.82309700716914], [-73.88232079690191, 40.82308831881676], [-73.88235589601143, 40.82308406466519], [-73.88250463233771, 40.82306603618743], [-73.8825289004224, 40.82306309467661], [-73.88258410473594, 40.823056402579695], [-73.88258564964919, 40.82305621594898], [-73.88270808080884, 40.8230413832985], [-73.8828286741583, 40.82302676476981], [-73.88283223824793, 40.823026332550924], [-73.88284407704727, 40.823024897481595], [-73.88284587687622, 40.82302467958901], [-73.88289145357982, 40.82301915541273], [-73.88303096282945, 40.82300224430677], [-73.88318923977107, 40.82298305848032], [-73.88331793568335, 40.822967458001834], [-73.88343896271347, 40.822952787045], [-73.88354557686466, 40.82293986277777], [-73.88355472656701, 40.82293875360098], [-73.8835701495702, 40.82293688443515], [-73.88367243484409, 40.82292448517171]]]]}",3317.77462887,14350004176.0,350000
"{'type': 'MultiPolygon', 'coordinates': [[[[-73.9228147423923, 40.73439191996588], [-73.92279432538052, 40.734400710549], [-73.92277852759639, 40.73440751410276], [-73.92273714160375, 40.734425337118935], [-73.92273387855893, 40.734426714508366], [-73.92273186528816, 40.73442532997675], [-73.92272774884604, 40.73442250051909], [-73.92269973575536, 40.73440324686119], [-73.92269554006222, 40.73440036331867], [-73.92266606021329, 40.734380101899625], [-73.92265466312634, 40.73437226792769], [-73.92261498211938, 40.734344994589264], [-73.92261376493272, 40.73434415809961], [-73.92259701649688, 40.73433264645173], [-73.92259506119122, 40.73433130338005], [-73.92259497603314, 40.73433123668521], [-73.9225870633924, 40.73432507278998], [-73.9225818072224, 40.7343209791477], [-73.92257306665428, 40.73431417083143], [-73.92252338619443, 40.734275475894115], [-73.92252114369155, 40.73427372920024], [-73.92251895086439, 40.7342720212616], [-73.9224981379369, 40.73425580981306], [-73.92248358769987, 40.73424447612753], [-73.92247989750861, 40.73424160192243], [-73.92247863905828, 40.734240622222714], [-73.92245981672289, 40.734225961881954], [-73.92244261831536, 40.73421256604498], [-73.92244213102117, 40.7342121866028], [-73.92244109729515, 40.73421138175264], [-73.9224340646489, 40.73420590462682], [-73.92248939013436, 40.73418094376777], [-73.92250581958416, 40.734173528332875], [-73.92251301014007, 40.73417861113795], [-73.9225533560483, 40.734207133063954], [-73.922560300577, 40.73421204280301], [-73.922598489, 40.73423903960206], [-73.9226649169385, 40.73428600071507], [-73.92267036635336, 40.734289854047624], [-73.92267866763511, 40.7342957228314], [-73.92268032954814, 40.7342968973096], [-73.92272138531342, 40.73432592123588], [-73.92278120834254, 40.73436821321561], [-73.92280922435405, 40.73438801886727], [-73.9228130627317, 40.734390732870615], [-73.9228147423923, 40.73439191996588]]]]}",281.457319467,10350004487.0,350000
"{'type': 'MultiPolygon', 'coordinates': [[[[-73.95979056781462, 40.81719891017797], [-73.95960393557878, 40.81702045292913], [-73.95960781807062, 40.817023299859116], [-73.95961519623964, 40.81702771397737], [-73.95962988551622, 40.817035721836326], [-73.95968983424137, 40.81706129080465], [-73.9597067203797, 40.81706849347719], [-73.95972437202705, 40.817076022394474], [-73.95985837110304, 40.81713317502682], [-73.95989537873602, 40.817126921347814], [-73.95990908681951, 40.81713266408041], [-73.95996686745934, 40.81715687149973], [-73.9600246481412, 40.81718107888999], [-73.9600494644588, 40.8171914765223], [-73.9600824288651, 40.817205286251166], [-73.96010186291308, 40.817213433468275], [-73.96014020963106, 40.8172294935833], [-73.96019799043904, 40.81725370088638], [-73.96025577128368, 40.817277917165384], [-73.96027069643014, 40.81728416995552], [-73.9602823379276, 40.81728904745456], [-73.96031355099045, 40.81730212440995], [-73.96032948338154, 40.81730883589196], [-73.96037116594462, 40.81732639460362], [-73.96042878093547, 40.81735067377335], [-73.96048346070837, 40.81737371102378], [-73.96048640782145, 40.81737495291827], [-73.96054402290173, 40.81739922302524], [-73.96058784451522, 40.81741768919041], [-73.96057287391416, 40.81743804160173], [-73.9605649212252, 40.817448850245704], [-73.96055892112125, 40.81745700129076], [-73.96055315945105, 40.81746483364119], [-73.96054000262762, 40.817482713004104], [-73.96052976637203, 40.81749662757769], [-73.96048033829057, 40.81747605861037], [-73.96045593768694, 40.81746592145746], [-73.96042061364558, 40.81745124744974], [-73.96036088903978, 40.817426445262996], [-73.96030116447848, 40.81740164304526], [-73.96024143996709, 40.81737683179153], [-73.9602164338943, 40.81736644674231], [-73.96018171668018, 40.81735202951206], [-73.96012199225245, 40.817327227201204], [-73.96006226787463, 40.81730241585432], [-73.9600580610948, 40.81730067643842], [-73.96000254353599, 40.817277613481394], [-73.95994281924183, 40.817252811077395], [-73.95992989320452, 40.817247442326845], [-73.9598830949976, 40.8172279996374], [-73.95981539327956, 40.81719803544539], [-73.95981119218202, 40.81719672195739], [-73.9598063843251, 40.81719521915338], [-73.95980340481456, 40.817194664309206], [-73.95980168018194, 40.81719469792683], [-73.95979594591813, 40.81719629520979], [-73.95979548116013, 40.8171964940575], [-73.95979234759795, 40.81719783920747], [-73.95979056781462, 40.81719891017797]]]]}",660.284795914,13350000378.0,350000
"{'type': 'MultiPolygon', 'coordinates': [[[[-73.92211955806152, 40.7343374817488], [-73.92220232228699, 40.73430459709809], [-73.92220576656524, 40.73430718748585], [-73.92220969815415, 40.734310142908534], [-73.92221122394979, 40.73431129118683], [-73.92221347597741, 40.734312985663685], [-73.92222148344909, 40.73431901187088], [-73.92222327064154, 40.73432035663635], [-73.92222960565343, 40.73432512370333], [-73.92223203864866, 40.7343269542788], [-73.92223781893404, 40.73433130403531], [-73.92223969838467, 40.73433271820197], [-73.92224609608496, 40.7343375339378], [-73.92225437205363, 40.73434376383886], [-73.92225536559557, 40.73434451193151], [-73.92226268942098, 40.73435002528507], [-73.9222710044254, 40.73435628402757], [-73.9222814508172, 40.73436414711269], [-73.92228476973045, 40.73436663925803], [-73.92228631209073, 40.734367797452066], [-73.92229331421126, 40.73437306114575], [-73.92232231976487, 40.73439489372738], [-73.9223250626529, 40.734396960443036], [-73.92234952157251, 40.7344143603506], [-73.92235267386393, 40.73441660113977], [-73.92236111822028, 40.73442260421855], [-73.92236644813664, 40.73442639354874], [-73.92240665317377, 40.73445498657026], [-73.92243363397851, 40.73447417476741], [-73.92243514921017, 40.73447525189541], [-73.92245624771405, 40.734490256866046], [-73.92245720818866, 40.73449094009806], [-73.92246673486831, 40.73449771653393], [-73.92249416045668, 40.734517223796196], [-73.92249685854233, 40.7345191418937], [-73.92250053721304, 40.73452175674401], [-73.92247867032282, 40.73453020770423], [-73.92245459459022, 40.73453951175519], [-73.92243137641857, 40.7345484084486], [-73.922427757017, 40.734549795494814], [-73.92238531312888, 40.734566059792364], [-73.9223728536642, 40.73457083399369], [-73.92236860498029, 40.734567711768875], [-73.92236675150478, 40.734566348950864], [-73.9223398766998, 40.73454659709158], [-73.92227392757626, 40.73449812506306], [-73.92224997319823, 40.73448051836341], [-73.92224127359367, 40.734474124283615], [-73.92223566705151, 40.73447000337378], [-73.92222740509199, 40.7344639301694], [-73.92222465031767, 40.73446190486673], [-73.92217329963931, 40.734424162289386], [-73.92215940631905, 40.73441395013993], [-73.92213662298443, 40.734397205093956], [-73.92210568417683, 40.73437446524653], [-73.92208877234322, 40.7343620348957], [-73.92208538004238, 40.73435954089407], [-73.92207789048543, 40.73435403552163], [-73.92211955806152, 40.7343374817488]]]]}",306.646757249,8350004094.0,350000
"{'type': 'MultiPolygon', 'coordinates': [[[[-73.8644949867127, 40.832347712218365], [-73.86455354209811, 40.83233082647426], [-73.86461930402896, 40.832311861811625], [-73.86462320120266, 40.83232982586817], [-73.8646319058257, 40.83236995586053], [-73.86463310622487, 40.83237548811268], [-73.8646405752311, 40.83240991921897], [-73.86464361616494, 40.83242393539794], [-73.86457472538363, 40.83244290900705], [-73.86451456647654, 40.83245947410257], [-73.86451222725837, 40.832446123310255], [-73.86450621867095, 40.83241182448344], [-73.86450530689329, 40.83240662034944], [-73.8644980900315, 40.83236542590906], [-73.8644949867127, 40.832347712218365]]]]}",157.246256928,14350003860.0,350010
"{'type': 'MultiPolygon', 'coordinates': [[[[-73.84117683663592, 40.82898418726245], [-73.8411979463455, 40.82898200111192], [-73.84125767775659, 40.82897630216132], [-73.84127573366001, 40.828974580051], [-73.84132090006692, 40.828970283804495], [-73.84138373406061, 40.82896453502788], [-73.84138492844569, 40.82897075910064], [-73.84139153819402, 40.82900784162766], [-73.84133886133144, 40.82901471199376], [-73.84132998516556, 40.829015802889636], [-73.84128654116324, 40.82902114158354], [-73.84118810288062, 40.82903322580105], [-73.84117857664685, 40.82899177183837], [-73.84117683663592, 40.82898418726245]]]]}",148.820783284,14350004086.0,350000
"{'type': 'MultiPolygon', 'coordinates': [[[[-73.82730711938613, 40.71637344269081], [-73.82725156193392, 40.71637022825924], [-73.82723817500792, 40.71637717273017], [-73.82723204441325, 40.71637489514074], [-73.82721810544443, 40.7163697151891], [-73.82721360537083, 40.71636803168205], [-73.82719127763455, 40.71635967743923], [-73.82714113365408, 40.71634091563726], [-73.82710674017243, 40.716327956053185], [-73.8270966204659, 40.71632412178411], [-73.82709000523752, 40.716321614729196], [-73.82707470922391, 40.71631581767229], [-73.82704995933385, 40.716306376447875], [-73.82704400626137, 40.71630410541865], [-73.8270157474242, 40.71629323970842], [-73.82698989959313, 40.71628321238905], [-73.82696553820624, 40.716273660066776], [-73.82694358309493, 40.716264943429465], [-73.82692319956244, 40.7162567307358], [-73.82691781323996, 40.71625452088634], [-73.82690517382338, 40.716249336546866], [-73.82689337171367, 40.7162443902996], [-73.82688877523864, 40.716242464397155], [-73.82687621921211, 40.7162370721616], [-73.82685973976942, 40.716229892811576], [-73.8268593070987, 40.71622970305336], [-73.82687413052716, 40.7162306141511], [-73.82688772456339, 40.716231420739966], [-73.82689679491129, 40.716231896341164], [-73.82690294594414, 40.716232218967875], [-73.8269237458915, 40.716233204782455], [-73.82700726704029, 40.71623690804934], [-73.82704143083137, 40.716238474941946], [-73.82706974617854, 40.716239869146364], [-73.82709164979218, 40.716241067308175], [-73.82709235031602, 40.716241110684386], [-73.82710858146274, 40.71624866424111], [-73.82717414796046, 40.71627917567711], [-73.82718002763663, 40.716281911253596], [-73.82718069432941, 40.71628222203051], [-73.82725478726817, 40.71631441396746], [-73.82727002080776, 40.716321033074045], [-73.8273054474954, 40.71633537284295], [-73.82731120041798, 40.71633770119117], [-73.82733688994898, 40.71634810011222], [-73.82734290060723, 40.71635053330478], [-73.82736713240953, 40.71636034199858], [-73.82744061501742, 40.716387891661775], [-73.82746014646357, 40.71639521418128], [-73.8274657886974, 40.71639732983503], [-73.82746930530544, 40.71639854719421], [-73.82755877845266, 40.71643568688235], [-73.82756322486243, 40.716437532387616], [-73.82755470718038, 40.71644483358701], [-73.82753749936822, 40.71645930064882], [-73.82751716093806, 40.71647614036911], [-73.8275105370081, 40.71648155692953], [-73.8275060645877, 40.71647970057714], [-73.82743289568671, 40.716449329222165], [-73.82730779540762, 40.71640304173019], [-73.82728929365182, 40.71639616738346], [-73.82728311930596, 40.71639387352189], [-73.82730711938613, 40.71637344269081]]]]}",453.969537343,9350004401.0,350000
"{'type': 'MultiPolygon', 'coordinates': [[[[-73.91780741502157, 40.78020708492786], [-73.91787068201033, 40.780153325020684], [-73.91788688682223, 40.780164772047954], [-73.91790041431132, 40.78017432791157], [-73.91784189341844, 40.78023159417275], [-73.9178223083118, 40.780217672849886], [-73.91780741502157, 40.78020708492786]]]]}",77.0136843588,13350003924.0,350010
"{'type': 'MultiPolygon', 'coordinates': [[[[-73.89657864898646, 40.670423941707824], [-73.89657993747767, 40.67042435710345], [-73.89658124967858, 40.67042473649976], [-73.89658257374825, 40.67042508889124], [-73.89658392154163, 40.670425396278254], [-73.8965852693769, 40.67042567664979], [-73.89658664092187, 40.670425921021994], [-73.89658801253661, 40.67042612036844], [-73.89658939602019, 40.67042629271007], [-73.89658998039816, 40.67042621038784], [-73.89665068477942, 40.670417621783905], [-73.89666647718062, 40.6704153936848], [-73.8967119616818, 40.670408959819625], [-73.89677323858227, 40.67040028881753], [-73.89683452729365, 40.6703916177934], [-73.89689580414833, 40.67038295573117], [-73.89695718856997, 40.67037355530951], [-73.89700939193368, 40.67036555954609], [-73.89701856114748, 40.670364154844485], [-73.89702736837145, 40.67036280565018], [-73.89703308449018, 40.67036193006165], [-73.89704726240299, 40.670359758998806], [-73.89707993370762, 40.67035475434674], [-73.89711481124783, 40.670349412163915], [-73.8971413062505, 40.67034535381624], [-73.89715696050176, 40.6703429580303], [-73.89717704852427, 40.67033988451442], [-73.89720267876217, 40.67033596225815], [-73.89726405127048, 40.67032656166215], [-73.89727565621521, 40.67032477999791], [-73.8973248677657, 40.67031724608617], [-73.89732542376143, 40.67031716103338], [-73.8973267016898, 40.67031675694167], [-73.89732794419295, 40.67031631679771], [-73.89732917491071, 40.67031584962771], [-73.89733039385705, 40.67031534642656], [-73.89733157737814, 40.670314807173156], [-73.89733273728702, 40.67031424088318], [-73.89733386175678, 40.670313647546116], [-73.89733497445499, 40.670313018177865], [-73.89733605170031, 40.67031237076765], [-73.89733709352036, 40.67031168730516], [-73.89733811172819, 40.6703109768061], [-73.8973386007444, 40.670310609831965], [-73.8973390944969, 40.670310239259955], [-73.89734004181263, 40.670309483671815], [-73.89734095368918, 40.67030870103663], [-73.89734183012668, 40.67030789135428], [-73.89734267112505, 40.67030705462483], [-73.89734347547392, 40.67030620885748], [-73.89734423492212, 40.670305336034595], [-73.89734495774853, 40.670304436163605], [-73.89734564510809, 40.67030352725576], [-73.89734628518782, 40.67030260029538], [-73.8973468779876, 40.6703016552825], [-73.89735826451853, 40.670356490657774], [-73.8973693129529, 40.67040970119901], [-73.89736783575304, 40.67040894344777], [-73.89736632303092, 40.67040821268031], [-73.89736477474496, 40.67040753591202], [-73.8973632027637, 40.67040688613813], [-73.89736160704543, 40.67040629037396], [-73.89736012118581, 40.67040578025675], [-73.89735997579105, 40.670405730598674], [-73.89735832081357, 40.67040521582802], [-73.89735665395382, 40.670404737067386], [-73.89735495153018, 40.670404312305955], [-73.89735323722421, 40.67040392355453], [-73.89735151100824, 40.67040358882342], [-73.89734977290989, 40.670403290102335], [-73.89734801107458, 40.670403045390984], [-73.89734624916998, 40.67040284570535], [-73.89734447536924, 40.670402691034916], [-73.89734268967224, 40.67040258137959], [-73.89734090390597, 40.670402516749995], [-73.89734028181472, 40.67040251349333], [-73.89733911805656, 40.67040250615125], [-73.89733733215168, 40.67040253157307], [-73.8973052376773, 40.67040774393175], [-73.89727048149096, 40.67041337714731], [-73.89720363080859, 40.67042422268276], [-73.89713678010442, 40.67043506817929], [-73.89707100746239, 40.6704447259204], [-73.89703485498549, 40.670450029127196], [-73.89700523481517, 40.67045437461877], [-73.89693947397585, 40.67046402329011], [-73.89687370129056, 40.67047367191322], [-73.89680792857239, 40.6704833295039], [-73.89674215584904, 40.670492978051804], [-73.89668909995996, 40.670500761307146], [-73.89667638310667, 40.67050262656211], [-73.89665484134736, 40.670505786034745], [-73.89664316431636, 40.67050749913236], [-73.89662551331963, 40.67051008846621], [-73.89661061034532, 40.6705122750348], [-73.89660932038649, 40.67051280517997], [-73.89660806585259, 40.67051337137758], [-73.89660694144003, 40.670513921482865], [-73.8966068349167, 40.67051397361705], [-73.89660562759275, 40.670514602893206], [-73.8966044438808, 40.670515259206056], [-73.89660329559375, 40.67051595157138], [-73.89660218274557, 40.67051667098402], [-73.89660109350935, 40.67051741743334], [-73.89660005152497, 40.67051819994574], [-73.89659903316657, 40.670519000489705], [-73.89659806207392, 40.670519828091635], [-73.89659711459323, 40.67052068273025], [-73.89659621437835, 40.670521564426835], [-73.89659536144325, 40.67052246417616], [-73.89659453213406, 40.67052338195711], [-73.89659376191761, 40.67052432680662], [-73.89659302715408, 40.670525289698325], [-73.89659232784335, 40.6705262706322], [-73.89659168763932, 40.670527269629495], [-73.8965910829021, 40.67052827766385], [-73.89659052543071, 40.67052931275618], [-73.89659001525307, 40.67053035689617], [-73.89658955236918, 40.670531410083804], [-73.89658345414954, 40.670471309567326], [-73.89657864898646, 40.670423941707824]]]]}",522.934961286,20350001253.0,350000
"{'type': 'MultiPolygon', 'coordinates': [[[[-73.87007718129803, 40.771532444588544], [-73.87001425411238, 40.77150332695474], [-73.87001305882742, 40.77150278980633], [-73.86999889411933, 40.77149641986858], [-73.87000341686544, 40.77149683740224], [-73.87003767998684, 40.771499559556034], [-73.87006303546916, 40.77150121536337], [-73.87006836143627, 40.77150156266047], [-73.87009588634969, 40.771502894924474], [-73.8701196838601, 40.77150352689072], [-73.87015222171787, 40.77150354825483], [-73.87016100875687, 40.771507542887626], [-73.87025529701641, 40.7715504014318], [-73.87029392048453, 40.77156761482874], [-73.8703292971479, 40.771583073978746], [-73.87034689000251, 40.7715905670599], [-73.870354343739, 40.77159374251985], [-73.87034835781463, 40.77159470832887], [-73.87031746016066, 40.77159969206706], [-73.870280538098, 40.77160532818368], [-73.87027817315187, 40.77160568932479], [-73.87024534099413, 40.77161017828994], [-73.8702422879076, 40.77161051434177], [-73.8702397293961, 40.77160930478497], [-73.87023265621382, 40.77160596045145], [-73.87017327204555, 40.77157788067391], [-73.87007718129803, 40.771532444588544]]]]}",218.339788865,0.0,350000
"{'type': 'MultiPolygon', 'coordinates': [[[[-73.84532805942882, 40.73969193146578], [-73.84540556313787, 40.73965445730195], [-73.8454082319549, 40.73966557316167], [-73.84542125255042, 40.739719747231355], [-73.84543323436353, 40.7397695443333], [-73.84543473651259, 40.73977577696891], [-73.84535729916978, 40.73981265870632], [-73.84535718775984, 40.739812710786204], [-73.84528012484176, 40.73984942457929], [-73.84527767496357, 40.73985058834725], [-73.84527618527353, 40.73984460426678], [-73.84526371900544, 40.73979444089149], [-73.84525064316189, 40.7397416742252], [-73.84524792911351, 40.739730672665765], [-73.84525086972491, 40.73972925381337], [-73.84532805942882, 40.73969193146578]]]]}",192.509261636,9350004401.0,350000
"{'type': 'MultiPolygon', 'coordinates': [[[[-73.87068912507678, 40.77144214604811], [-73.87072875447157, 40.771435434034125], [-73.87074360315601, 40.77143973078848], [-73.87077002015765, 40.77144737508293], [-73.87080882357051, 40.77145795989848], [-73.87093088875571, 40.77148964946141], [-73.87094443278885, 40.7714930100051], [-73.87093087750223, 40.77149545589926], [-73.8707567355271, 40.771526419040114], [-73.8706204631243, 40.77154923886445], [-73.87061246251291, 40.77154648424347], [-73.8705239515645, 40.771516016216445], [-73.87043813076126, 40.771489154063126], [-73.87042191906848, 40.77148407950208], [-73.87046826782087, 40.77147751921464], [-73.87054257981485, 40.77146615642401], [-73.87060771154493, 40.77145563965588], [-73.87068912507678, 40.77144214604811]]]]}",302.096825687,11350000146.0,350000
"{'type': 'MultiPolygon', 'coordinates': [[[[-73.89506879316603, 40.746350460146616], [-73.89508206836933, 40.7463491232804], [-73.89508293859106, 40.746350657636704], [-73.89510927789502, 40.74639708385577], [-73.89511172798264, 40.74640140221742], [-73.89512469515061, 40.74642425718834], [-73.89514283644542, 40.74645623360189], [-73.89516156814311, 40.746489249734964], [-73.89517576098181, 40.74651426613188], [-73.89517762069346, 40.7465175438691], [-73.8951979948761, 40.74655345572043], [-73.89518189620773, 40.746555215069826], [-73.89516433844412, 40.74652333824985], [-73.89516203495725, 40.74651915509889], [-73.8951613277354, 40.74651787123261], [-73.89516023561686, 40.74651588732198], [-73.89514642884649, 40.74649082985128], [-73.89513490551322, 40.74646990958629], [-73.89512908481736, 40.746459341338706], [-73.8951282111218, 40.74645775565075], [-73.89511889919245, 40.74644084915655], [-73.89511058374829, 40.74642575358824], [-73.89510785641272, 40.74642079831558], [-73.89509797421314, 40.74640286832417], [-73.89509556447163, 40.746398494167565], [-73.89508079551175, 40.74637168702743], [-73.89506972477882, 40.746352108022826], [-73.89506879316603, 40.746350460146616]]]]}",170.211042507,9350004511.0,350020
"{'type': 'MultiPolygon', 'coordinates': [[[[-73.90023780644418, 40.669878218394075], [-73.9002388924397, 40.669878813676384], [-73.90024000448115, 40.66987939097093], [-73.90024115087428, 40.669879932274625], [-73.9002423091346, 40.66988044657313], [-73.90024350291584, 40.669880933886915], [-73.90024470857779, 40.66988138519035], [-73.90024593794726, 40.669881800493684], [-73.90024719101079, 40.669882188802106], [-73.90024844412815, 40.66988254108989], [-73.9002497327799, 40.669882857387854], [-73.90025102147207, 40.66988314667034], [-73.90025232204492, 40.66988339994248], [-73.90025282337943, 40.669883482324096], [-73.90025364632525, 40.6698836172145], [-73.9002549706595, 40.66988379846593], [-73.90025629504764, 40.669883943696746], [-73.90025764314328, 40.669884052927465], [-73.90025897945245, 40.66988413513247], [-73.90026032765583, 40.66988417232196], [-73.9002616758996, 40.66988418249599], [-73.90026301238387, 40.66988414763401], [-73.90026990661251, 40.66988311081313], [-73.90031230587782, 40.66987673408522], [-73.900330274876, 40.6698740300958], [-73.90039753736121, 40.66986390351311], [-73.90046478799914, 40.669853776880885], [-73.90053205043007, 40.66984365922466], [-73.90057674812324, 40.669836929583255], [-73.90059931285396, 40.66983353252398], [-73.90066656341727, 40.6698234147789], [-73.90073382580033, 40.66981328799953], [-73.90080108814963, 40.66980317018596], [-73.90086833866503, 40.669793043317746], [-73.90089711737765, 40.66978871411719], [-73.90093560097351, 40.66978292542557], [-73.90096154297574, 40.669779021511296], [-73.90096532958593, 40.669778451142285], [-73.90100286327488, 40.66977279848884], [-73.90100347143428, 40.66977262251102], [-73.90100435409302, 40.669772367524], [-73.90100582131102, 40.6697719005182], [-73.90100727676894, 40.669771388476434], [-73.90100869679998, 40.669770840383556], [-73.90101010505767, 40.6697702562599], [-73.90101147788837, 40.66976963608507], [-73.90101281529208, 40.669768979859114], [-73.90101412909567, 40.66976828759218], [-73.9010154074723, 40.66976755927411], [-73.90101666224876, 40.66976679491509], [-73.90101786975804, 40.669766003499944], [-73.90101904184041, 40.66976517603362], [-73.90102017848247, 40.669764321521306], [-73.90102124771309, 40.6697634660505], [-73.90102127968419, 40.66976343996302], [-73.90102233363214, 40.669762522343426], [-73.9010338899187, 40.669810138064925], [-73.90104714833689, 40.66986477026879], [-73.90104509223475, 40.66986357981916], [-73.90104439501384, 40.66986320100272], [-73.90104430756489, 40.66986315410065], [-73.90104297693176, 40.66986243434434], [-73.90104081424148, 40.669861342859654], [-73.90103860415044, 40.6698603143703], [-73.90103635849886, 40.6698593398813], [-73.90103406545998, 40.6698584193824], [-73.90103172503368, 40.66985755287368], [-73.9010293608469, 40.66985675838574], [-73.90102727318451, 40.66985611452182], [-73.90102696109963, 40.66985601789812], [-73.90098277803384, 40.66986266170782], [-73.90096007728297, 40.66986607313345], [-73.90089319344622, 40.669876128329875], [-73.90082630958925, 40.66988618348736], [-73.90075943753897, 40.66989623861618], [-73.90069255364166, 40.66990629369592], [-73.90063173233703, 40.66991543724808], [-73.90062566972423, 40.66991634873678], [-73.90058919940769, 40.669921831988475], [-73.9005587857866, 40.66992640373868], [-73.90050576362937, 40.669934376090424], [-73.90049191365566, 40.66993645871198], [-73.90043421291779, 40.66994513298847], [-73.90042502967769, 40.66994651363614], [-73.90036421657985, 40.66995565615347], [-73.90035814567955, 40.6699565685214], [-73.90032847018931, 40.669961028285535], [-73.90032657273625, 40.66996131390621], [-73.90029356486654, 40.66996627686417], [-73.9002912616613, 40.66996662336772], [-73.900289474948, 40.66996719814942], [-73.90028771182108, 40.66996781797735], [-73.90028597228041, 40.66996848285149], [-73.9002842681529, 40.66996919278211], [-73.90028259945201, 40.66996993876401], [-73.90028096615085, 40.66997073880756], [-73.90028035777502, 40.669971057062895], [-73.90027936827624, 40.66997157490242], [-73.90027780581477, 40.669972456053785], [-73.90027629059333, 40.66997338227187], [-73.9002748108119, 40.66997433553614], [-73.90027337827046, 40.669975333867114], [-73.90027199298243, 40.66997636825969], [-73.90027065494783, 40.66997743871386], [-73.90026936416673, 40.66997854522961], [-73.90026812063903, 40.66997968780692], [-73.90026693620504, 40.66998085745096], [-73.90026579903797, 40.66998205415145], [-73.90026472095117, 40.669983286923745], [-73.90026369014478, 40.66998453774738], [-73.90026273024547, 40.66998582465313], [-73.90026228223367, 40.66998646453159], [-73.90026181762654, 40.66998712961017], [-73.90025336201992, 40.669948773804734], [-73.90024902614273, 40.669929108178586], [-73.90023780644418, 40.669878218394075]]]]}",527.248050856,20350003102.0,350000
"{'type': 'MultiPolygon', 'coordinates': [[[[-73.89960288901014, 40.75641616375794], [-73.89961713816272, 40.756463685957044], [-73.89961383565576, 40.75645721114457], [-73.89960735697788, 40.75644451197], [-73.89957021119682, 40.756371695315785], [-73.89956656275383, 40.7563645367164], [-73.89959624201491, 40.75640671616215], [-73.89960288901014, 40.75641616375794]]]]}",77.8364060997,10350004522.0,350020
"{'type': 'MultiPolygon', 'coordinates': [[[[-73.86920642902976, 40.77172424477288], [-73.86916748056878, 40.771768247811764], [-73.86913184474145, 40.77174853402953], [-73.86901417254428, 40.771682859829134], [-73.86882439957766, 40.771576832902106], [-73.86872451237737, 40.771520530385104], [-73.86864044370873, 40.77147227381034], [-73.86850683446718, 40.7713955794585], [-73.86840425001603, 40.77133724204609], [-73.86831544157306, 40.77128715269597], [-73.868206570038, 40.771226511634985], [-73.86815909343456, 40.771199653813134], [-73.8680882671024, 40.77115847463833], [-73.86807205786903, 40.77114870181851], [-73.86808024363255, 40.77115119117944], [-73.86811725355025, 40.771162765403766], [-73.86815232270642, 40.77117404022899], [-73.86817729165391, 40.77118239125796], [-73.86819423229213, 40.77118829273152], [-73.86826171380575, 40.77121267271316], [-73.86830133724699, 40.77122759433886], [-73.86833690108531, 40.771241517155445], [-73.86834910761903, 40.771248491099946], [-73.86841713946237, 40.77128694920069], [-73.86866743887681, 40.77142627801538], [-73.86868228315956, 40.77143454085075], [-73.86886750500919, 40.771539201273136], [-73.86899061231352, 40.77160854955835], [-73.86906617374996, 40.77165050528747], [-73.8691203655156, 40.77167937848502], [-73.86920642902976, 40.77172424477288]]]]}",776.558958509,0.0,350000
"{'type': 'MultiPolygon', 'coordinates': [[[[-73.91826773672159, 40.77768682477627], [-73.91827957409771, 40.777677423819206], [-73.9182911114759, 40.77766826038086], [-73.91838519756539, 40.77771317479148], [-73.91837079110464, 40.77772522952188], [-73.91835796295663, 40.777735965231734], [-73.91826773672159, 40.77768682477627]]]]}",82.0907714508,13350003931.0,350010
"{'type': 'MultiPolygon', 'coordinates': [[[[-73.83790006744678, 40.72638547464769], [-73.83799990186937, 40.72635582626573], [-73.83800130039702, 40.72635850365], [-73.83800893867041, 40.72637313598505], [-73.8380125675333, 40.72638008582717], [-73.83803337455309, 40.72641995368096], [-73.83803690914657, 40.72642673049165], [-73.83805841369596, 40.72646793297779], [-73.83805993121595, 40.726470842860394], [-73.8380612508158, 40.72647336614559], [-73.83806686256445, 40.72648413243647], [-73.83806789583566, 40.72648611771415], [-73.83796793059966, 40.72651643504998], [-73.83796782396504, 40.72651647722391], [-73.8379102672086, 40.726533934556315], [-73.83790899006824, 40.72653147616588], [-73.83790037405129, 40.72651490545007], [-73.83785111216045, 40.72642015731747], [-73.83784341632777, 40.726405355595], [-73.83784204139363, 40.726402713361914], [-73.83790006744678, 40.72638547464769]]]]}",196.49164655,9350004401.0,350000
"{'type': 'MultiPolygon', 'coordinates': [[[[-73.89851167186222, 40.65935966522988], [-73.89851309044538, 40.65935993663665], [-73.89851452089465, 40.659360181038366], [-73.89851596323739, 40.65936038042467], [-73.89851741745987, 40.65936054380076], [-73.89851887175081, 40.65936066215104], [-73.8985203260966, 40.65936074448065], [-73.89852179232214, 40.65936079080005], [-73.89852325860248, 40.65936080109879], [-73.89852472493757, 40.65936077537687], [-73.89852619134119, 40.65936070462914], [-73.89852764597467, 40.659360597850295], [-73.8985291006766, 40.659360446045675], [-73.89853054359463, 40.659360267215085], [-73.89853197475624, 40.65936004334826], [-73.89853340597263, 40.6593597834608], [-73.89853481359388, 40.65935948753181], [-73.89853622128356, 40.65935914657701], [-73.89853759353952, 40.65935877857542], [-73.89853896585024, 40.65935837455318], [-73.89854030275458, 40.659357925473806], [-73.89854162787503, 40.65935744936857], [-73.89854292940029, 40.65935693722179], [-73.89854420733046, 40.65935638903348], [-73.89855014749591, 40.65935373774703], [-73.89860250847705, 40.65933037947491], [-73.89866121669681, 40.6593041460166], [-73.89866151962191, 40.659304010305405], [-73.89868817341755, 40.6592921064345], [-73.89872054253135, 40.6592776501211], [-73.89877955356924, 40.659251289895984], [-73.89882735757503, 40.659229928460405], [-73.89883856457413, 40.659224920635424], [-73.89889758734364, 40.65919856036002], [-73.89895659825518, 40.65917219103872], [-73.89901562093142, 40.65914583070262], [-73.89907463173608, 40.65911947032575], [-73.89912663741191, 40.659096237575355], [-73.89913365433263, 40.659093100923755], [-73.89914686343447, 40.65908718530199], [-73.89916615465947, 40.65907854554298], [-73.89917188534538, 40.65907597958989], [-73.89918044872327, 40.65918410318805], [-73.89917176212282, 40.65918801642571], [-73.89915082008801, 40.65919744989495], [-73.89914674953721, 40.65919928338104], [-73.89908579749506, 40.659226902815654], [-73.89902483357757, 40.659254522207526], [-73.89896388144811, 40.65928213257221], [-73.89890291742968, 40.659309751899244], [-73.89888068661025, 40.659319825354686], [-73.89884196518564, 40.659337371204316], [-73.89878100106618, 40.65936499046659], [-73.89872003689631, 40.65939260969647], [-73.89866554753746, 40.65941588510039], [-73.89861104632938, 40.659439151462855], [-73.89860450285276, 40.659441955308544], [-73.89857541579904, 40.659454374811745], [-73.89855986649115, 40.65946101412084], [-73.89855655689448, 40.65946242681504], [-73.89855517303064, 40.6594626507239], [-73.89855380095068, 40.659462901658614], [-73.89855244062724, 40.65946319762956], [-73.89855109208764, 40.65946352062637], [-73.89854976714318, 40.659463879664685], [-73.8985484539552, 40.6594642837392], [-73.89854716438983, 40.65946470584485], [-73.89854588658085, 40.65946517298675], [-73.89854463238072, 40.65946566716496], [-73.89854340177573, 40.659466197384646], [-73.89854220659083, 40.65946676365628], [-73.89854102318988, 40.65946735695379], [-73.89853987522265, 40.65946797729806], [-73.89853875086428, 40.659468624678674], [-73.89853766192599, 40.65946930811115], [-73.89853659659653, 40.65947001857999], [-73.89853556670093, 40.65947075609558], [-73.89853457223907, 40.659471520657966], [-73.89853361321103, 40.65947231226709], [-73.89853268963049, 40.65947312191783], [-73.8985318133087, 40.65947395862572], [-73.89853096059575, 40.659474822369994], [-73.89853015515527, 40.6594757041663], [-73.89852938516235, 40.6594766040042], [-73.89852865061687, 40.65947752188372], [-73.89852797515513, 40.659478466830834], [-73.89852732332965, 40.659479420804004], [-73.8985267306016, 40.659480392839626], [-73.89852617332106, 40.65948138291688], [-73.89851923433875, 40.65942313584859], [-73.89851167186222, 40.65935966522988]]]]}",507.230288754,20350007764.0,350000
"{'type': 'MultiPolygon', 'coordinates': [[[[-73.8702528228548, 40.771717470071216], [-73.8702292424086, 40.771706309683275], [-73.8703404570199, 40.77172502669398], [-73.87044939747081, 40.771743741940746], [-73.87046866360404, 40.77174721163119], [-73.87049579285261, 40.77176019587742], [-73.87054327053973, 40.77178292032073], [-73.87069823582495, 40.77186020538933], [-73.87073451921809, 40.77187792929867], [-73.87073913673846, 40.77188018573903], [-73.8707664460407, 40.77189321965088], [-73.87074512148438, 40.77188960181961], [-73.87054053035587, 40.77185505121974], [-73.87051125439466, 40.771841034395116], [-73.87037916303156, 40.77177779025457], [-73.8702610498591, 40.771721364109624], [-73.8702528228548, 40.771717470071216]]]]}",332.058679275,0.0,350000
"{'type': 'MultiPolygon', 'coordinates': [[[[-73.89643883622358, 40.670435828820615], [-73.89650498351634, 40.67043020518908], [-73.89657864898646, 40.670423941707824], [-73.89658345414954, 40.670471309567326], [-73.89658955236918, 40.670531410083804], [-73.8965316939359, 40.67053510510959], [-73.89646077961602, 40.67053963304098], [-73.89645050648514, 40.67049103465293], [-73.89643883622358, 40.670435828820615]]]]}",152.449055959,20350001255.0,350010
"{'type': 'MultiPolygon', 'coordinates': [[[[-73.83752911361121, 40.72573020861963], [-73.83752983262457, 40.72572999441217], [-73.83753028338677, 40.725731054949144], [-73.83754278593723, 40.725760440941244], [-73.83757372398979, 40.725833162094425], [-73.83757828579041, 40.72584388460512], [-73.83757780486336, 40.72584402980945], [-73.83753835819464, 40.72585593293851], [-73.83753361428074, 40.7258451417305], [-73.83753294444327, 40.72584363423116], [-73.83752119278601, 40.72580872196415], [-73.83751837123005, 40.7258003333287], [-73.8375084069945, 40.72577073839578], [-73.83750378858178, 40.72575702610723], [-73.8374967640708, 40.725740758375736], [-73.83749640742965, 40.72573993300469], [-73.83752911361121, 40.72573020861963]]]]}",109.318452958,9350004496.0,350020
"{'type': 'MultiPolygon', 'coordinates': [[[[-73.89005443336693, 40.73920446928853], [-73.89003778074068, 40.73917271948554], [-73.89007469785246, 40.739179698546444], [-73.89015847861131, 40.73919553647502], [-73.89015854133935, 40.73919554824146], [-73.89022066207023, 40.73920729336658], [-73.89023835288522, 40.73924132061671], [-73.89023838242368, 40.7392413566652], [-73.89023837172695, 40.73924138186922], [-73.8902585574681, 40.73928019859467], [-73.89019668837905, 40.73926873108655], [-73.89019663393536, 40.73926872112903], [-73.89007644409534, 40.739246453974715], [-73.89005686340128, 40.739209102020794], [-73.89005443336693, 40.73920446928853]]]]}",161.650713395,9350004704.0,350000
"{'type': 'MultiPolygon', 'coordinates': [[[[-73.90752184268835, 40.805187544720326], [-73.90756361622786, 40.80514544387876], [-73.90760601749172, 40.80510271857863], [-73.90756364701508, 40.805145461913426], [-73.9075218900555, 40.8051875708728], [-73.90752184268835, 40.805187544720326]]]]}",77.4283272836,14350004055.0,350000
"{'type': 'MultiPolygon', 'coordinates': [[[[-73.9361269046715, 40.81486158201731], [-73.93613173402187, 40.814854776933345], [-73.93613218146929, 40.814854146833135], [-73.93613274997803, 40.81485334480501], [-73.93613433206113, 40.814851122353666], [-73.93613518423494, 40.81484868067713], [-73.93613526133014, 40.81484615482504], [-73.9361345572848, 40.81484368617209], [-73.93613311226736, 40.8148414107156], [-73.93613100675356, 40.814839455470214], [-73.93612835679413, 40.814837929460424], [-73.93612700129006, 40.81483747936135], [-73.93612531046512, 40.81483691741485], [-73.93612203720565, 40.814836474357826], [-73.9361187183351, 40.81483662650405], [-73.93611553757701, 40.814837364950414], [-73.93611267394502, 40.81483864837329], [-73.93611028514674, 40.81484040572076], [-73.93610850521056, 40.8148425389129], [-73.93610753674908, 40.81484388281866], [-73.93610698961625, 40.81484464163461], [-73.93610403913215, 40.81484873546108], [-73.93610241434858, 40.81485098940577], [-73.9361014250676, 40.81485056202182], [-73.93598868038343, 40.81481532065728], [-73.93598113611161, 40.81481296256875], [-73.93598755022221, 40.81480486435617], [-73.93607394060044, 40.81469579453074], [-73.93607604957091, 40.81469661245105], [-73.93608217267287, 40.81469777568618], [-73.93608844690615, 40.81469831045766], [-73.93609476086515, 40.81469820769873], [-73.93610100194691, 40.814697470949035], [-73.93610706109745, 40.814696110954024], [-73.93611283280464, 40.814694152869244], [-73.93611821273208, 40.81469163175633], [-73.93614971653496, 40.81465241814261], [-73.93615000151632, 40.814649405236516], [-73.93614944731573, 40.814646414378124], [-73.93614807869659, 40.81464357795426], [-73.93614595717135, 40.81464102206852], [-73.9361431774498, 40.81463886203706], [-73.93613986270678, 40.81463719338069], [-73.93612327070664, 40.81463061506196], [-73.93612801062723, 40.814624351127264], [-73.93613104754569, 40.814620338392686], [-73.93613916616837, 40.81460961076304], [-73.93618693081406, 40.814546499741866], [-73.93627400207055, 40.81460575109434], [-73.93636825146133, 40.81466988703741], [-73.93635140507351, 40.8146913185789], [-73.93633727147429, 40.814709297308305], [-73.93633326754596, 40.814714391011464], [-73.93632875808373, 40.81472012648992], [-73.93632765387736, 40.81471965311903], [-73.93632469944157, 40.81471922555221], [-73.93632171703754, 40.81471953727815], [-73.93631902197512, 40.81472055515256], [-73.93631690000359, 40.81472217217413], [-73.93629697343921, 40.814749443531966], [-73.9362942259697, 40.81475320339101], [-73.93627906562777, 40.81477395147533], [-73.93627909033536, 40.81477414239442], [-73.93627920936518, 40.814774853853045], [-73.93627937225041, 40.81477556443538], [-73.93627956121904, 40.81477626692769], [-73.93627977508581, 40.81477696132928], [-73.93628002451202, 40.81477765394952], [-73.93628030831847, 40.81477833848429], [-73.93628062650602, 40.81477901403306], [-73.93628096959172, 40.814779681491174], [-73.93628134706019, 40.81478033816226], [-73.93628138256446, 40.81478039401272], [-73.93626835137333, 40.814796972168885], [-73.93624307219692, 40.81482913205937], [-73.9362057146278, 40.814884150687945], [-73.9361996683791, 40.81489305506112], [-73.9361936367225, 40.81489044658482], [-73.93615984595024, 40.81487583081952], [-73.9361269046715, 40.81486158201731]]]]}",369.181811794,13350000355.0,350010
"{'type': 'MultiPolygon', 'coordinates': [[[[-73.87059432834036, 40.77155361478152], [-73.8706204631243, 40.77154923886445], [-73.87073856545112, 40.771589893201515], [-73.87073833496318, 40.7715902522441], [-73.87073365627406, 40.771597550983905], [-73.87062524234254, 40.77156336323458], [-73.87059432834036, 40.77155361478152]]]]}",88.205158032,11350004890.0,350020
"{'type': 'MultiPolygon', 'coordinates': [[[[-73.8423395278464, 40.74125776093492], [-73.8423794252759, 40.741238475323506], [-73.84239911500774, 40.74127474863864], [-73.84234940420346, 40.741297859692004], [-73.84227678827345, 40.741331619389015], [-73.84223402892123, 40.74135149898205], [-73.84221600373913, 40.741318290549], [-73.84221565127179, 40.7413176426005], [-73.84221902940239, 40.74131601010405], [-73.84221911356082, 40.74131596879594], [-73.84225807584393, 40.74129713850328], [-73.84227931894335, 40.74128686938136], [-73.84229429768612, 40.741279627291895], [-73.84233003471851, 40.74126235043814], [-73.8423395278464, 40.74125776093492]]]]}",135.031790714,9350004546.0,350020
"{'type': 'MultiPolygon', 'coordinates': [[[[-73.84136574845256, 40.82918888066602], [-73.84140747108928, 40.82918209157698], [-73.84140780184539, 40.82919253778951], [-73.84140762978289, 40.8292100143861], [-73.84140736340042, 40.829237219815404], [-73.84140732718754, 40.82923798878948], [-73.84140690138683, 40.829247025585246], [-73.84140654319243, 40.82925455684405], [-73.84140524156818, 40.829281881516025], [-73.84140417699297, 40.829296296998365], [-73.84140233574392, 40.829321223806744], [-73.8414022683599, 40.82932213861836], [-73.84140192169788, 40.82932682072255], [-73.8414017756155, 40.82932842340513], [-73.84132835927419, 40.82934215403952], [-73.84125967525627, 40.829354990644916], [-73.84125883429489, 40.8293487103264], [-73.84125876790857, 40.82934821226055], [-73.84125768347361, 40.82934012971374], [-73.84125491275799, 40.82932429517428], [-73.84125164038161, 40.82930903626177], [-73.84124582807586, 40.82928407100461], [-73.8412439774815, 40.82927612157682], [-73.84124178426067, 40.82926668675887], [-73.84123920145073, 40.82925557468033], [-73.84123142226781, 40.829221714313015], [-73.84122914478091, 40.82921182372756], [-73.84131720590325, 40.82919700569763], [-73.84135731616111, 40.82919025312944], [-73.84136574845256, 40.82918888066602]]]]}",197.234067898,14350004086.0,350000
"{'type': 'MultiPolygon', 'coordinates': [[[[-73.83783345616659, 40.74193914066751], [-73.83783393354341, 40.741941960831944], [-73.83783675694973, 40.741958642225605], [-73.83783273893391, 40.74195849518821], [-73.83782834918533, 40.74195833502012], [-73.83781605362982, 40.74195788546197], [-73.83780911643592, 40.74195754250455], [-73.83780855410535, 40.74195752100094], [-73.83776495867859, 40.7419558593947], [-73.837742076133, 40.74195540391983], [-73.83772076343074, 40.74195498667274], [-73.8377000879398, 40.74195495753835], [-73.83768191770795, 40.74195493193112], [-73.83767655436982, 40.741954924372045], [-73.83767582857834, 40.741954933254675], [-73.83767126899535, 40.74195498986378], [-73.83766035370523, 40.741955123962946], [-73.83765623693861, 40.741955174892084], [-73.83765563663145, 40.741955190255034], [-73.83761110140401, 40.7419563359519], [-73.83758816553286, 40.741957357205294], [-73.83758803883599, 40.74195736242969], [-73.83756602300204, 40.741958343552675], [-73.83755018265852, 40.74195935139247], [-73.83753607827644, 40.74196024821481], [-73.83752101354875, 40.7419612067162], [-73.83752055762976, 40.74196124479486], [-73.83746953246266, 40.741965559175625], [-73.8374663268106, 40.741965830207334], [-73.83746504779549, 40.74196596708063], [-73.83744034385029, 40.741968612127835], [-73.83743829979245, 40.741968831668295], [-73.83741563989435, 40.741971260771706], [-73.83741428148333, 40.741971426348634], [-73.83740906930572, 40.74197206195362], [-73.83739928684992, 40.74197325482435], [-73.8374023033459, 40.741956375448304], [-73.83740325762825, 40.74195103587935], [-73.83741770820768, 40.741949942350615], [-73.83742464751704, 40.74194941724433], [-73.8374410697622, 40.7419481734094], [-73.83744122015365, 40.741948161915055], [-73.83746300023543, 40.74194675364214], [-73.83746759710732, 40.741946456658134], [-73.83748695323159, 40.7419452052504], [-73.83751747388793, 40.74194356886463], [-73.83753275375415, 40.74194274934551], [-73.8375439907365, 40.741942270817425], [-73.83755752958432, 40.74194169377751], [-73.83757860869669, 40.741940795082414], [-73.83758564671889, 40.74194057267649], [-73.83762450858855, 40.74193934244768], [-73.83765301513304, 40.74193875317929], [-73.83765744219484, 40.74193866216479], [-73.83766834112838, 40.74193843709149], [-73.8376704404028, 40.74193839322392], [-73.8376732192305, 40.741938366523314], [-73.837686681217, 40.741938235111576], [-73.83771373779557, 40.74193797156976], [-73.83771639230525, 40.74193794559342], [-73.8377392616789, 40.74193797331329], [-73.83776235363702, 40.74193800134214], [-73.83780550073214, 40.741938524975794], [-73.83780831137763, 40.74193855955128], [-73.83782712941975, 40.74193899488163], [-73.83782961915524, 40.74193905241795], [-73.83783345616659, 40.74193914066751]]]]}",256.333268465,9350004654.0,350020
"{'type': 'MultiPolygon', 'coordinates': [[[[-73.91823977570978, 40.780514436769565], [-73.91833347578098, 40.780480356163984], [-73.91833801495277, 40.780483577775925], [-73.91836807410711, 40.78050491036033], [-73.91837973037703, 40.78051318432731], [-73.91842055574915, 40.78054216528476], [-73.91847303746094, 40.78057941118003], [-73.9185255310669, 40.7806166660646], [-73.91856651990547, 40.780645763250135], [-73.91857801289615, 40.78065391191164], [-73.91857951636594, 40.780654759446044], [-73.91858104358383, 40.780655561972104], [-73.91858261824271, 40.780656319506555], [-73.91858422848523, 40.78065704104602], [-73.91858586246481, 40.78065772658215], [-73.91858740297819, 40.78065831299694], [-73.91858752020346, 40.78065835810486], [-73.91858921352564, 40.78065895363263], [-73.91859093059593, 40.78065950415204], [-73.91859267141429, 40.780660009663094], [-73.91859443598067, 40.78066047016578], [-73.91859622429514, 40.78066088566009], [-73.9185980245112, 40.78066125613767], [-73.91859983662874, 40.78066158159854], [-73.9186016725054, 40.780661853045984], [-73.91860307728962, 40.78066202603419], [-73.91860350843713, 40.78066207946837], [-73.91860535627035, 40.780662260874], [-73.91860721600516, 40.78066239726288], [-73.918609075806, 40.780662479621654], [-73.9186109356619, 40.78066251695533], [-73.91861280743029, 40.780662500267226], [-73.91861466739626, 40.78066244755069], [-73.91861652743927, 40.780662331799], [-73.91861837567974, 40.78066218001888], [-73.9186202239863, 40.78066197420861], [-73.91862206050136, 40.78066172336489], [-73.9186238852249, 40.78066142748768], [-73.91862393025151, 40.78066141941496], [-73.9186256863105, 40.780661086568664], [-73.91862747561562, 40.78066069161114], [-73.9186292531182, 40.78066026062518], [-73.9186310069938, 40.78065977559237], [-73.91863273723145, 40.78065924551774], [-73.91863444382993, 40.780658671301794], [-73.91857677235028, 40.7807034971923], [-73.91852339568621, 40.780744986127466], [-73.9185239772561, 40.780744095041406], [-73.91852451145095, 40.78074319491682], [-73.9185250101283, 40.780742276757124], [-73.91852547327711, 40.78074134956725], [-73.9185258890509, 40.780740413338854], [-73.91852625746066, 40.78073945906691], [-73.91852659033088, 40.78073850476986], [-73.9185268758371, 40.78073753242931], [-73.91852711395727, 40.78073656005522], [-73.91852731654892, 40.780735578650976], [-73.91852747175453, 40.780734597213225], [-73.9185275795851, 40.780733606736995], [-73.91852764002964, 40.78073261622727], [-73.91852766493467, 40.78073162569239], [-73.91852764245364, 40.780730635123994], [-73.91852757258661, 40.7807296445221], [-73.91852745533352, 40.78072865388674], [-73.91852730252991, 40.78072767223125], [-73.91852710234026, 40.78072669054225], [-73.91852685475358, 40.78072571782476], [-73.91852657162737, 40.78072474508214], [-73.91852624109312, 40.7807237903161], [-73.91852586317283, 40.7807228355165], [-73.91852543784451, 40.780721898693436], [-73.91852498881217, 40.780720970858624], [-73.91852448052525, 40.780720060992], [-73.91852393669883, 40.780719151100236], [-73.91852335729986, 40.78071826819837], [-73.91852311722462, 40.78071793394229], [-73.91852273050391, 40.780717394267995], [-73.91852206814636, 40.78071653832253], [-73.91852137022728, 40.780715700361995], [-73.91852063673565, 40.780714889391334], [-73.91851986769349, 40.78071408740057], [-73.91851905123228, 40.78071331239131], [-73.91851821105602, 40.78071255537535], [-73.9185173353183, 40.78071181634428], [-73.91851642400796, 40.780711104303165], [-73.91851548897156, 40.78071041926027], [-73.91851386858899, 40.78070927087462], [-73.91849781746085, 40.78069788978202], [-73.91846535068842, 40.78067484997744], [-73.91841795856125, 40.7806411466564], [-73.91837057831745, 40.78060745232916], [-73.91832318628616, 40.78057374896878], [-73.91827579429182, 40.780540054593814], [-73.91823977570978, 40.780514436769565]]]]}",300.200891902,13350003923.0,350000
"{'type': 'MultiPolygon', 'coordinates': [[[[-73.91474825437031, 40.69209245315954], [-73.91474946137258, 40.692092246935566], [-73.91475064475931, 40.69209200467357], [-73.91475182819214, 40.69209172639103], [-73.91475298799799, 40.69209142107563], [-73.91475414784988, 40.69209107973967], [-73.91475527224401, 40.69209071136202], [-73.91475639667262, 40.692090315969004], [-73.91475749748581, 40.69208988453795], [-73.91475857466048, 40.69208943507908], [-73.91475962821968, 40.69208894958221], [-73.91476065815188, 40.69208843705239], [-73.91476096951492, 40.692088269787504], [-73.91476166445703, 40.69208789748967], [-73.91476265896598, 40.692087330902815], [-73.91476360618644, 40.69208673726556], [-73.91476454159915, 40.69208612560923], [-73.9147654415541, 40.69208548691124], [-73.91476631788204, 40.69208482118034], [-73.91476715874066, 40.69208413741289], [-73.91476796414157, 40.692083426603794], [-73.914768745904, 40.69208269776688], [-73.91476948036639, 40.69208195088473], [-73.91477019120177, 40.6920811769696], [-73.91477086655638, 40.6920803940231], [-73.91477675181815, 40.69207434152825], [-73.9149338611302, 40.69191277508263], [-73.91494856117647, 40.69189765822233], [-73.91496308575277, 40.69188283029527], [-73.91498637055014, 40.691859059535446], [-73.91512710603641, 40.691715391037754], [-73.91515641654605, 40.69168568490008], [-73.91530647746009, 40.69153360145318], [-73.91534989588378, 40.69148991346895], [-73.9154866754447, 40.69135228946476], [-73.91561882952803, 40.69121772725264], [-73.9156916211899, 40.69114361070755], [-73.91577290509943, 40.691060738334976], [-73.91589640014944, 40.69093483240245], [-73.91594885103176, 40.69088127936075], [-73.91609810186631, 40.69072889260524], [-73.916100633301, 40.690726309076354], [-73.91610098867429, 40.69072594552797], [-73.91610164075774, 40.69072482936652], [-73.9161022455418, 40.690723695160386], [-73.9161027911959, 40.69072254290081], [-73.91610328953925, 40.69072138160163], [-73.91610374058318, 40.690720202257666], [-73.91610413248586, 40.6907190138655], [-73.91610447707778, 40.69071781643367], [-73.91610475069793, 40.69071660994497], [-73.91610498882652, 40.69071540343037], [-73.91610513091602, 40.69071436524185], [-73.91610515599469, 40.690714178853845], [-73.91610527582944, 40.69071296324787], [-73.91610534835347, 40.6907117386023], [-73.91610534989441, 40.690710513905024], [-73.9161053041133, 40.690709289173185], [-73.91610521101013, 40.690708064406856], [-73.91621344487866, 40.69075423694602], [-73.91620803968891, 40.69075691744143], [-73.91620416574861, 40.69075929647906], [-73.91620169954489, 40.6907608111481], [-73.91620073579556, 40.69076140298425], [-73.91619378367498, 40.69076838860841], [-73.91617300074769, 40.69078927078914], [-73.91617296284244, 40.690789308583064], [-73.91617142887006, 40.69079083383616], [-73.91616154914283, 40.69080121856543], [-73.91602745713402, 40.690938308634394], [-73.91598579299729, 40.690980904934044], [-73.91586747551499, 40.691101793483575], [-73.91585564149194, 40.691113885031676], [-73.9158396388999, 40.69113023656104], [-73.9158099649664, 40.69116055495771], [-73.91569749408256, 40.69127540155964], [-73.91563407689185, 40.69134015963971], [-73.91550190798677, 40.691475047842474], [-73.91548096310008, 40.69149642325914], [-73.91545812876213, 40.691519727984854], [-73.9154310672228, 40.69154683156756], [-73.91525662074137, 40.691721555941875], [-73.91523442032586, 40.69174396778013], [-73.91507024387073, 40.69190971050727], [-73.91505612820913, 40.69192396061995], [-73.91485797080712, 40.692125619246006], [-73.91485666298875, 40.69212695103832], [-73.9148558100007, 40.69212786893089], [-73.91485500432418, 40.69212879586362], [-73.91485424592477, 40.69212975885188], [-73.91485353483685, 40.69213073088027], [-73.9148528592182, 40.69213172094512], [-73.9148522308996, 40.69213272905528], [-73.91485163805028, 40.69213375520192], [-73.9148512039609, 40.69213460316435], [-73.91485110433176, 40.6921347994026], [-73.9148506179248, 40.69213585264343], [-73.91485017882941, 40.692136914924326], [-73.91484978703406, 40.692137995250555], [-73.91484944255026, 40.69213908461689], [-73.91484914538954, 40.69214017401827], [-73.91484890735963, 40.692141281473596], [-73.91484871665284, 40.692142388964015], [-73.9148485614383, 40.69214349648068], [-73.91484847719687, 40.69214461305498], [-73.91484842844774, 40.69214572965549], [-73.91484843884095, 40.69214685530496], [-73.91484849658023, 40.6921479629792], [-73.9148486016311, 40.692149079693564], [-73.91484876583577, 40.69215019645165], [-73.91484897737507, 40.69215130423969], [-73.91484922451019, 40.69215233100783], [-73.91484923624897, 40.69215240305759], [-73.91484954245743, 40.69215349290538], [-73.9148498960005, 40.69215457378302], [-73.91485030869744, 40.69215565470449], [-73.9148507569212, 40.692156708636844], [-73.91479604552491, 40.692122411712695], [-73.91474825437031, 40.69209245315954]]]]}",1339.3283986,20350002648.0,350000
"{'type': 'MultiPolygon', 'coordinates': [[[[-73.868047107047, 40.771102521506556], [-73.86806658853894, 40.77108442026781], [-73.86807531963427, 40.77108965769186], [-73.86814805915988, 40.77113246177309], [-73.86820386774502, 40.77116511036757], [-73.86827307859546, 40.771205053933556], [-73.86829057733169, 40.77121505062354], [-73.86833690108531, 40.771241517155445], [-73.86830133724699, 40.77122759433886], [-73.86826171380575, 40.77121267271316], [-73.86819423229213, 40.77118829273152], [-73.86817729165391, 40.77118239125796], [-73.86815232270642, 40.77117404022899], [-73.86811725355025, 40.771162765403766], [-73.86808024363255, 40.77115119117944], [-73.86807205786903, 40.77114870181851], [-73.86806353740555, 40.77114356459141], [-73.86804510612923, 40.77113197920994], [-73.86804211926425, 40.77112998477448], [-73.86802782371657, 40.77112043926613], [-73.868047107047, 40.771102521506556]]]]}",208.020949369,0.0,350000
"{'type': 'MultiPolygon', 'coordinates': [[[[-73.91727297994497, 40.778003648370806], [-73.91732198434276, 40.77803058335595], [-73.91731638775045, 40.778035775240554], [-73.91707947903492, 40.7782306088516], [-73.91705738607172, 40.77821446945236], [-73.91703335213064, 40.77819691216075], [-73.91727297994497, 40.778003648370806]]]]}",230.335033255,13350003930.0,350000
"{'type': 'MultiPolygon', 'coordinates': [[[[-73.91968328491502, 40.77823375882321], [-73.91972224771496, 40.77820045206891], [-73.91976288960878, 40.778165709268286], [-73.91976300645253, 40.77816705109849], [-73.91976318252658, 40.77816839296997], [-73.91976341783088, 40.77816973488269], [-73.91976371237631, 40.7781710678316], [-73.91976406617373, 40.77817238281177], [-73.91976447920143, 40.77817369783314], [-73.91976495148111, 40.77817499488574], [-73.91976548300194, 40.77817628297449], [-73.91976607376385, 40.77817756209953], [-73.91976671194261, 40.77817881424249], [-73.91976719895521, 40.77817968176555], [-73.91976740936252, 40.77818005742163], [-73.91976816603443, 40.778181282632005], [-73.91976898196918, 40.77818248086856], [-73.9197698453099, 40.77818366112807], [-73.91977075606742, 40.77818481440548], [-73.91977810503991, 40.77819000191426], [-73.91981883392076, 40.778218751791336], [-73.91982219535065, 40.778221122451995], [-73.91987364653605, 40.778257430483606], [-73.9199250859423, 40.77829372947881], [-73.91997653723989, 40.778330037464066], [-73.91999808832699, 40.778345249309474], [-73.92001747815856, 40.778358936000345], [-73.92002797674756, 40.77836634541795], [-73.92006366131466, 40.77839153021907], [-73.91998696251844, 40.7784368983378], [-73.91997007367947, 40.778424936940766], [-73.91994745500135, 40.77840893730946], [-73.9199373766197, 40.778401803730326], [-73.91991914321521, 40.77838889946589], [-73.91986821281695, 40.77835285296335], [-73.91981729431988, 40.77831680644631], [-73.91976636402099, 40.77828076890332], [-73.91975489495407, 40.778272647388945], [-73.91971543378811, 40.778244722332616], [-73.91971440419007, 40.77824388414788], [-73.91971333902129, 40.77824307295339], [-73.91971222643573, 40.77824228874097], [-73.9197110901146, 40.778241540532136], [-73.91970991823358, 40.77824081030852], [-73.91970871076009, 40.77824012508522], [-73.91970746772672, 40.77823945784717], [-73.919706200947, 40.7782388356177], [-73.91970491044255, 40.778238240386784], [-73.9197035843565, 40.778237681151154], [-73.91970224638095, 40.77823715792735], [-73.91970087282387, 40.77823667069882], [-73.91969948737722, 40.77823621948208], [-73.91969887988911, 40.77823604075921], [-73.91969807819505, 40.778235804268895], [-73.91969664527733, 40.77823542505925], [-73.91969520047016, 40.77823508186142], [-73.9196937437626, 40.77823478368038], [-73.91969227516552, 40.77823452151115], [-73.91969079467897, 40.77823429535373], [-73.91968930230297, 40.77823410520809], [-73.91968779802656, 40.778233960079284], [-73.9196862937067, 40.77823385097054], [-73.91968478933256, 40.778233786886844], [-73.91968328491502, 40.77823375882321]]]]}",290.951859621,13350003938.0,350000
"{'type': 'MultiPolygon', 'coordinates': [[[[-73.92918833975521, 40.79985139805429], [-73.92926663262158, 40.799846519490536], [-73.92925880830956, 40.79984968624826], [-73.92932914546226, 40.800111264151994], [-73.92933544680264, 40.8001329178226], [-73.9293357478802, 40.80013395088003], [-73.92934328894935, 40.800159865572915], [-73.92934882167094, 40.80017887580565], [-73.92936932875625, 40.800246343884346], [-73.92939066554229, 40.80031366208353], [-73.92941283085217, 40.800380824998925], [-73.92943582350894, 40.8004478272264], [-73.92945963878161, 40.80051466245906], [-73.92949751884598, 40.80061513904017], [-73.92953616827134, 40.80071544858453], [-73.9295755835087, 40.800815588387785], [-73.92961576337996, 40.8009155548464], [-73.92961966623035, 40.80092506560174], [-73.92958355479917, 40.80091553877782], [-73.9295413683407, 40.8009044080422], [-73.92953520563556, 40.8009027824759], [-73.92950776915363, 40.800831098561304], [-73.92946792946589, 40.800725659937164], [-73.92942855692134, 40.80062010361798], [-73.92938965507109, 40.80051443140741], [-73.92936336577887, 40.800437361369134], [-73.92933775214397, 40.80036015396164], [-73.92931281415937, 40.8002828136879], [-73.92928855419008, 40.800205343251264], [-73.92928442940907, 40.800191771094994], [-73.92927218497697, 40.80015147703914], [-73.92926989527435, 40.8001439411554], [-73.92926497459895, 40.8001277471561], [-73.92918833975521, 40.79985139805429]]]]}",848.617763098,13350004143.0,350000
"{'type': 'MultiPolygon', 'coordinates': [[[[-73.84125967525627, 40.829354990644916], [-73.84132835927419, 40.82934215403952], [-73.8414017756155, 40.82932842340513], [-73.84139760070984, 40.82937397377276], [-73.8413932915923, 40.829421117833846], [-73.84138789092832, 40.82946364985198], [-73.84138074909677, 40.8295060263904], [-73.84136066886917, 40.82950348188254], [-73.84131465845155, 40.829497651802875], [-73.84125136836296, 40.82948963222616], [-73.84125507432934, 40.829468751216076], [-73.84125645866735, 40.829460947619594], [-73.84126047661702, 40.829431040463604], [-73.84126197444346, 40.82941989257988], [-73.84126239191974, 40.82940391834977], [-73.8412621692388, 40.829387934233466], [-73.84126130633669, 40.82937196724587], [-73.84126017805707, 40.82935990084297], [-73.84125967525627, 40.829354990644916]]]]}",191.035508092,14350004086.0,350000
"{'type': 'MultiPolygon', 'coordinates': [[[[-73.83737726468979, 40.7438321829036], [-73.8373820060066, 40.743816418095605], [-73.83739276853044, 40.74381836217993], [-73.8373969817036, 40.743819122754154], [-73.83741220172197, 40.743821656659115], [-73.83741236741508, 40.74382168390827], [-73.83743428714341, 40.74382492065929], [-73.83743788538372, 40.743825375992266], [-73.83745631453175, 40.74382770730392], [-73.83745725083084, 40.74382780678072], [-73.83747533644652, 40.74382972427123], [-73.83747843180004, 40.74383005192157], [-73.83747871589908, 40.7438300766362], [-73.83749338611503, 40.74383133193327], [-73.8374986561699, 40.74383178331965], [-73.83750113150214, 40.74383194980417], [-73.83751892288322, 40.743833144665], [-73.83753889458713, 40.7438341003619], [-73.83753922606132, 40.743834118839644], [-73.83755393747869, 40.743834501594556], [-73.83756495032526, 40.743834787279546], [-73.83756743892978, 40.74383485202391], [-73.8375677230662, 40.74383486142972], [-73.83759490763923, 40.74383486374529], [-73.83760931774366, 40.74383451215399], [-73.83762208199639, 40.74383419966387], [-73.8376365510094, 40.74383348164534], [-73.83764921066101, 40.74383285112532], [-73.8376762580906, 40.74383082708471], [-73.83770300991564, 40.74382815425517], [-73.83770321242233, 40.74382813653036], [-73.83772547824891, 40.74382539433853], [-73.8377276445334, 40.74382508491432], [-73.83772994939545, 40.74382475497362], [-73.83772398506457, 40.74384296115169], [-73.83772169803193, 40.7438432623011], [-73.83771146027628, 40.743844609444295], [-73.83769761537849, 40.74384623786516], [-73.83767068487266, 40.743848865416155], [-73.83764364949498, 40.74385079942166], [-73.83763189110039, 40.74385133215572], [-73.83761654478813, 40.743852030926604], [-73.83761011064007, 40.74385215603062], [-73.83758939443273, 40.74385255996431], [-73.8375622457895, 40.743852386601546], [-73.83755973824043, 40.74385232183036], [-73.83754872539099, 40.74385203614488], [-73.83754789664384, 40.74385201516477], [-73.8375335479814, 40.74385144561505], [-73.83750807202016, 40.743849941846726], [-73.83749408832499, 40.74384876586439], [-73.83748799195119, 40.74384826828644], [-73.83748268043337, 40.74384782584621], [-73.83747425140812, 40.743846915244696], [-73.83747350686953, 40.74384683494931], [-73.83747018071345, 40.74384647545532], [-73.83745738508354, 40.743845088625136], [-73.83745256067522, 40.743844446958086], [-73.83743249014564, 40.743841776538886], [-73.83743220962931, 40.7438417392221], [-73.83740720143115, 40.74383777770404], [-73.83739183985756, 40.74383502747662], [-73.83738741026545, 40.74383416303817], [-73.83737726468979, 40.7438321829036]]]]}",206.837280175,9350005133.0,350020
"{'type': 'MultiPolygon', 'coordinates': [[[[-73.83044305464198, 40.88912802029501], [-73.83048289375732, 40.889064461201556], [-73.83049430700063, 40.88906512631313], [-73.8305802315542, 40.889070076370245], [-73.83068550884546, 40.889076140739725], [-73.83076457741058, 40.88908059794168], [-73.83081476273065, 40.88908342700058], [-73.8308767469467, 40.88908692077601], [-73.8308906447614, 40.889087642617405], [-73.83089399523297, 40.889087816817586], [-73.83093632934984, 40.889090015686484], [-73.83099592362433, 40.88909311058362], [-73.83099720733925, 40.88909317729821], [-73.83105550603855, 40.889096205432566], [-73.83109805608028, 40.88909842166743], [-73.83111510030126, 40.88909930927298], [-73.83114169997806, 40.88910070792382], [-73.83114316996128, 40.889100784814644], [-73.83116230583416, 40.88910178983487], [-73.83117787412466, 40.88910260683525], [-73.83117916736008, 40.88910266275591], [-73.83118046068697, 40.88910268265723], [-73.83118175410527, 40.889102666539166], [-73.8311830476151, 40.88910261440174], [-73.83118432932773, 40.88910253523251], [-73.83118562302049, 40.889102411056356], [-73.8311868930502, 40.889102259830985], [-73.8311881631714, 40.88910207258625], [-73.83118943336122, 40.889101858327], [-73.83119067991088, 40.88910160801367], [-73.8311919146862, 40.88910132166363], [-73.83119313766424, 40.88910100828171], [-73.83119434886798, 40.88910065886309], [-73.83119554829737, 40.88910027340773], [-73.83119672406376, 40.88909986090316], [-73.83119787616711, 40.88909942134937], [-73.83119900463025, 40.889098945741516], [-73.83120012129622, 40.88909844310176], [-73.83120120243333, 40.88909791339551], [-73.83120227179613, 40.889097347652466], [-73.8312033056072, 40.889096763847704], [-73.83120431577807, 40.88909614398887], [-73.83120488747439, 40.88909577022229], [-73.83120529039728, 40.88909550606833], [-73.83120624135347, 40.889094841098526], [-73.83120716864664, 40.88909414907953], [-73.8312067909153, 40.889111596363605], [-73.83120515779845, 40.88918698184739], [-73.8312035327441, 40.88926199454028], [-73.83120319003719, 40.88927779758575], [-73.83120230174585, 40.88927714793612], [-73.83120138965427, 40.88927652526628], [-73.83120044191945, 40.88927592055405], [-73.83119947036153, 40.889275351826484], [-73.83119847502623, 40.889274801073874], [-73.83119744402488, 40.88927427728366], [-73.831196556344, 40.88927385455763], [-73.83119640108907, 40.889273780490626], [-73.83119533435301, 40.88927331067737], [-73.83119424379385, 40.88927287684876], [-73.83119314132311, 40.88927246101244], [-73.83119257936278, 40.88927227108835], [-73.83119201502926, 40.88927208116076], [-73.83119086491234, 40.8892717372937], [-73.83118971474964, 40.88927141143633], [-73.83118854076383, 40.8892711215636], [-73.83118735482071, 40.889270867692815], [-73.83118615694316, 40.889270640819184], [-73.83118494713126, 40.88927044094269], [-73.83118373722783, 40.88927027708552], [-73.83117468850114, 40.889269734364824], [-73.83111682387727, 40.889266262085556], [-73.83111676457098, 40.889266252993934], [-73.83108089593885, 40.88926409877225], [-73.83104991055774, 40.88926223804198], [-73.83098298535755, 40.889258222947014], [-73.8309504291863, 40.88925626533884], [-73.83091607205422, 40.88925419882583], [-73.83084915873602, 40.88925018367069], [-73.83082834324463, 40.88924893210505], [-73.83078224544883, 40.889246159471924], [-73.83071533214685, 40.88924214423921], [-73.83070580412404, 40.8892415710628], [-73.83064841887585, 40.889238119962855], [-73.83058149372422, 40.88923410463514], [-73.83051221967511, 40.889229878707646], [-73.83048539748621, 40.88922824275694], [-73.83044294563474, 40.88922565273854], [-73.8303841238095, 40.88922206342335], [-73.83042732889359, 40.88915311357787], [-73.83043419990716, 40.889142146734855], [-73.83044305464198, 40.88912802029501]]]]}",560.030359449,15350002932.0,350000
"{'type': 'MultiPolygon', 'coordinates': [[[[-73.92238498184037, 40.73422746574543], [-73.9224057567066, 40.7342183846116], [-73.92241066570466, 40.73422171259598], [-73.92241349044826, 40.73422362807936], [-73.92241634358179, 40.734225562492476], [-73.92242772654187, 40.73423328301467], [-73.92244699939374, 40.73424635246584], [-73.92245623896218, 40.73425261812122], [-73.92245931448115, 40.73425470396841], [-73.92246761956699, 40.7342603359363], [-73.9224910727764, 40.73427624119367], [-73.92249772654868, 40.734280753616595], [-73.92250058205158, 40.73428269073072], [-73.92253835184181, 40.73430830318646], [-73.92256642665498, 40.73432734170392], [-73.92257185850687, 40.734331025733724], [-73.92258051492871, 40.73433689836533], [-73.92258296470635, 40.734338557848076], [-73.9225952526197, 40.73434689220808], [-73.92259716417865, 40.7343481884239], [-73.9226368148472, 40.73437507723101], [-73.92265230251073, 40.73438558035739], [-73.9226782055886, 40.73440314685861], [-73.92268658168571, 40.734408826585195], [-73.92271473820296, 40.73442792095253], [-73.9227188061915, 40.734430678337496], [-73.92271946388269, 40.73443112453046], [-73.92272098508937, 40.734432156633304], [-73.92271579856437, 40.73443434589034], [-73.92270851921252, 40.734437398230476], [-73.92269793773893, 40.73444183513636], [-73.92269326882838, 40.73444378070206], [-73.92268659235738, 40.734446562392556], [-73.92267836076621, 40.734449992304945], [-73.9226726507649, 40.73445237211628], [-73.92266508364996, 40.73445550080361], [-73.9226624931044, 40.734453743072734], [-73.92265886279237, 40.734451279545446], [-73.9226586120184, 40.734451109180974], [-73.9226462803139, 40.73444274238017], [-73.92263083049643, 40.734432259990164], [-73.92260481150612, 40.734414606051146], [-73.92259541457982, 40.734408230440074], [-73.92257352036405, 40.73439337534467], [-73.92256296152516, 40.73438546448354], [-73.92252985857036, 40.73436066293177], [-73.92252941738731, 40.73436033214841], [-73.9225264107169, 40.73435807975543], [-73.92251829199824, 40.734351997663104], [-73.92251405403768, 40.73434882232082], [-73.92250252650346, 40.73434018499256], [-73.92245330209286, 40.7343033057568], [-73.922451013385, 40.734301590548235], [-73.92244951951514, 40.734300471110885], [-73.92242613684553, 40.73428295398276], [-73.92241394696883, 40.734273820919796], [-73.92241261159434, 40.73427282045582], [-73.92240863977277, 40.734269844301274], [-73.92239326936925, 40.73425832814905], [-73.92237946498882, 40.734247985512155], [-73.92237609639402, 40.73424546181825], [-73.92237425715105, 40.73424408370125], [-73.92237147640432, 40.734242000752], [-73.92236772103635, 40.734239187733934], [-73.92236414781918, 40.734236510815286], [-73.92238498184037, 40.73422746574543]]]]}",263.447734145,10350004488.0,350000
"{'type': 'MultiPolygon', 'coordinates': [[[[-73.86927454369663, 40.73269387323848], [-73.86929092029801, 40.73268847706676], [-73.86929198304499, 40.732689235601256], [-73.8692922218397, 40.73268940516805], [-73.86929836780168, 40.73269379312104], [-73.86930518640303, 40.73269866180854], [-73.86933322921598, 40.7327186831348], [-73.86934247477535, 40.732725279049], [-73.86935163521973, 40.73273181543225], [-73.86937308170563, 40.73274711960174], [-73.86937575571905, 40.7327490281124], [-73.86939416408781, 40.732762170311204], [-73.86939808408273, 40.732764969037014], [-73.86939838907529, 40.732765187306164], [-73.86938412798094, 40.73276994563069], [-73.86937974675372, 40.732766917651865], [-73.8693610112807, 40.73275396778864], [-73.86928154519816, 40.73269904110405], [-73.86927781182428, 40.73269646050928], [-73.86927454369663, 40.73269387323848]]]]}",91.2246299745,9350004560.0,350020
"{'type': 'MultiPolygon', 'coordinates': [[[[-73.93438169131807, 40.662648446340725], [-73.93438638158912, 40.66264818246324], [-73.93447502602884, 40.662643216214065], [-73.93456738624506, 40.66263804218986], [-73.93456634475858, 40.66263889708811], [-73.93456625006593, 40.66263898708587], [-73.93456553044426, 40.66263962784423], [-73.93456535053889, 40.66263978803385], [-73.93456437995258, 40.662640697003376], [-73.93456346845859, 40.66264164202713], [-73.93456259243236, 40.66264259607625], [-73.9345617636721, 40.66264358707342], [-73.9345609703813, 40.66264458529491], [-73.93456023619079, 40.66264561146598], [-73.93455953745921, 40.66264665566761], [-73.93455889783762, 40.66264771791315], [-73.93455829367498, 40.662648798189224], [-73.93455774863118, 40.66264988750402], [-73.93455725087185, 40.6626509948561], [-73.93455680040582, 40.66265211124025], [-73.9345564090498, 40.66265324566836], [-73.934556064996, 40.662654380123335], [-73.93455576822663, 40.662655532615574], [-73.93455568505115, 40.66265593690016], [-73.93455553058493, 40.662656685141464], [-73.93455534023657, 40.66265784669941], [-73.93455652007628, 40.66266905159643], [-73.93456789329845, 40.662776949843064], [-73.93457640654785, 40.662857710298304], [-73.93457898565265, 40.66288188162627], [-73.93458997711939, 40.66298481420333], [-73.93459774499209, 40.66305755603299], [-73.93460138502239, 40.66309122210764], [-73.93461257704233, 40.663194717616726], [-73.93461935557178, 40.663257383903314], [-73.93461934254574, 40.663258608598184], [-73.93461938864795, 40.66325983332669], [-73.93461949387837, 40.66326105808882], [-73.93461964642024, 40.66326227387266], [-73.93461986991595, 40.66326348969678], [-73.93461993230682, 40.663263780599046], [-73.93462012889749, 40.66326469653597], [-73.93462045884176, 40.663265894410316], [-73.93462083609747, 40.66326708330638], [-73.93462127249025, 40.663268263230854], [-73.93462175619449, 40.66326943417707], [-73.93462229904463, 40.663270587146606], [-73.93462288920622, 40.663271731137854], [-73.93462353852257, 40.66327284814717], [-73.9346242233247, 40.66327395617154], [-73.93462496727277, 40.66327504621918], [-73.93462577037553, 40.66327610928494], [-73.93462660897298, 40.66327715436053], [-73.93462749489953, 40.66327817244752], [-73.93462767564225, 40.66327836616127], [-73.93462842814635, 40.66327917255107], [-73.93462940872232, 40.66328014566602], [-73.93463043662737, 40.663281091792335], [-73.93463150004465, 40.663282001918205], [-73.93463261078227, 40.663282894060615], [-73.93463375703217, 40.66328375020254], [-73.93463495061118, 40.66328457935587], [-73.93463616786802, 40.66328538150709], [-73.9346374206459, 40.663286138652715], [-73.93463872075293, 40.66328686880972], [-73.9346400445466, 40.66328756295951], [-73.93464140385255, 40.66328822110881], [-73.93464278684512, 40.663288843250896], [-73.93445401811772, 40.66334226073876], [-73.93445967659171, 40.66333755696363], [-73.93446417444856, 40.663332177139736], [-73.93446737789921, 40.663326283283915], [-73.93446918979578, 40.66332005634477], [-73.93446955319057, 40.66331368449781], [-73.93446938237075, 40.66331181672949], [-73.93446908668112, 40.66330945810862], [-73.93446753903272, 40.663297084131706], [-73.9344670990254, 40.66329356736453], [-73.93445981367641, 40.66323534753042], [-73.93445662686425, 40.66320625903487], [-73.93445417613, 40.663183861795495], [-73.93444853858345, 40.66313238506519], [-73.93444532483176, 40.66310304260804], [-73.93444290105445, 40.6630808993291], [-73.9344372753509, 40.66302942260437], [-73.9344340733285, 40.66300018821519], [-73.9344316366567, 40.662977936866476], [-73.93442600032755, 40.662926460134464], [-73.93442227441327, 40.66289244280317], [-73.93442036283335, 40.66287497439607], [-73.934414725339, 40.66282349766221], [-73.93441042053331, 40.66278411022048], [-73.93440909968777, 40.662772011929384], [-73.93440346221965, 40.66272052618925], [-73.93439837792478, 40.662674125980374], [-73.93439811773312, 40.662671751170116], [-73.9343978247514, 40.6626690494536], [-73.93439753023758, 40.66266790562974], [-73.93439721553266, 40.662666850945484], [-73.93439718842158, 40.66266676177894], [-73.93439679810314, 40.66266563591074], [-73.93439635101332, 40.66266451901534], [-73.9343958554299, 40.662663411097455], [-73.9343953125266, 40.66266232116294], [-73.9343947104779, 40.66266124920497], [-73.93439407294376, 40.66266018623194], [-73.93439337626421, 40.662659141235515], [-73.93439263225599, 40.662658123227594], [-73.93439225786192, 40.66265763943673], [-73.93439185276138, 40.66265711510508], [-73.9343910141143, 40.6626561321633], [-73.93439013996316, 40.66265517711726], [-73.9343892303177, 40.66265424006131], [-73.934388261518, 40.66265332998712], [-73.9343878314448, 40.6626529470223], [-73.93438726904067, 40.66265244691491], [-73.93438622806096, 40.66265158182533], [-73.93438514210881, 40.66265075273074], [-73.93438403128758, 40.66264995964263], [-73.93438287196398, 40.662649184537216], [-73.93438169131807, 40.662648446340725]]]]}",604.866259794,20350002230.0,350000
"{'type': 'MultiPolygon', 'coordinates': [[[[-73.87115633509617, 40.7713609144727], [-73.87118688449362, 40.77135646231821], [-73.87121516813822, 40.7713629460467], [-73.87122308647032, 40.77136476130812], [-73.87144063578232, 40.771410423871885], [-73.87145033753715, 40.77141245993005], [-73.8714550285729, 40.77141344491207], [-73.87148167110483, 40.77141903704609], [-73.87149220640214, 40.771421248728174], [-73.87146838447728, 40.7714228421638], [-73.87143568671037, 40.77142529737922], [-73.87138284678814, 40.77143017947443], [-73.87131478857037, 40.77143751103063], [-73.87124186540696, 40.771446192368984], [-73.87117844605532, 40.77145451868246], [-73.87114564179839, 40.77145935012684], [-73.87110129178002, 40.77146630374142], [-73.87108489677384, 40.77146901482712], [-73.87107312707543, 40.771466279434186], [-73.87106150303663, 40.771463561312586], [-73.87103547504105, 40.77145747629303], [-73.87093099845617, 40.77143304749803], [-73.870872691995, 40.771417814978854], [-73.87085699483394, 40.771413714500525], [-73.87093106023852, 40.77140116972157], [-73.87106851625286, 40.771374919033164], [-73.87115633509617, 40.7713609144727]]]]}",362.041175886,9350004324.0,350000
"{'type': 'MultiPolygon', 'coordinates': [[[[-73.96708390686739, 40.80689787297636], [-73.96709160459508, 40.80687550769825], [-73.96710704750821, 40.80683063847703], [-73.96713217483358, 40.806757634145974], [-73.96720284771718, 40.80678699160604], [-73.96719699906903, 40.80680644160471], [-73.96719642907307, 40.806808755723], [-73.96719595388187, 40.80681107887328], [-73.96719559719331, 40.806813420067215], [-73.96719533649912, 40.806815761288505], [-73.96714396472535, 40.80695134818612], [-73.96713187117189, 40.80694058018297], [-73.96708390686739, 40.80689787297636]]]]}",162.826282183,13350003942.0,350010
"{'type': 'MultiPolygon', 'coordinates': [[[[-73.84133886133144, 40.82901471199376], [-73.84139153819402, 40.82900784162766], [-73.84139312927847, 40.829016740720185], [-73.8413972794297, 40.82904572530187], [-73.84139815517507, 40.82905183997612], [-73.84139824799817, 40.829052686570385], [-73.84140213765613, 40.829087009836435], [-73.84140613758444, 40.829139730394445], [-73.84140633268521, 40.82914591257025], [-73.84140642411774, 40.82914883480671], [-73.84131370580045, 40.829160910788524], [-73.84131221751508, 40.82916110504878], [-73.84124017505638, 40.8291704881203], [-73.84122017113462, 40.82917277485569], [-73.84121967723438, 40.82917059497447], [-73.84121923957476, 40.82916869342409], [-73.84121495101019, 40.82915004814517], [-73.84121423295551, 40.82914691342914], [-73.84120612527204, 40.82911162081791], [-73.84120283055219, 40.82909728848345], [-73.84120224271493, 40.82909473026434], [-73.84119820525851, 40.82907717493094], [-73.84119070062718, 40.829044529707474], [-73.8411901761614, 40.829042242624936], [-73.84118826832014, 40.8290339455255], [-73.84118810288062, 40.82903322580105], [-73.84128654116324, 40.82902114158354], [-73.84132998516556, 40.829015802889636], [-73.84133886133144, 40.82901471199376]]]]}",212.498650903,14350004086.0,350000
"{'type': 'MultiPolygon', 'coordinates': [[[[-73.7447204685464, 40.771173658289705], [-73.7447121775168, 40.77112906572424], [-73.74467947907668, 40.77099053311483], [-73.74467165567641, 40.77095312222437], [-73.7446630225515, 40.77090570760717], [-73.74465930807054, 40.77087603667383], [-73.74465876077295, 40.77085041333423], [-73.74466166451839, 40.77083110749522], [-73.7446696217874, 40.770807646208745], [-73.74467810961406, 40.770791930458], [-73.74468667165446, 40.77078280838363], [-73.74470971999946, 40.77076160298454], [-73.74472728001334, 40.770742415164314], [-73.74474249367735, 40.77072258008184], [-73.74474689412119, 40.77071513543301], [-73.74475209334504, 40.77070633909148], [-73.74475649567103, 40.770693458085354], [-73.7447572939228, 40.77066752074786], [-73.74475274417934, 40.77057516096759], [-73.74475218700707, 40.77056663013028], [-73.74475213280749, 40.770566246394175], [-73.7447352146303, 40.77044519246851], [-73.74471831605769, 40.77033387216278], [-73.74471598814314, 40.770318534070455], [-73.74470726136298, 40.77025941265193], [-73.7446948402339, 40.77017526605771], [-73.74468983320918, 40.77013455474207], [-73.74468862020296, 40.770124696904105], [-73.74468734978673, 40.770114366172685], [-73.74471136482452, 40.770112214042776], [-73.74473954706784, 40.770109687524034], [-73.74474270568419, 40.77012955880859], [-73.74474313016029, 40.7701322261506], [-73.74475577288776, 40.77022439494837], [-73.74475581678932, 40.77022468410841], [-73.74476783190832, 40.7703047667078], [-73.74476996050724, 40.770318956210986], [-73.74477560693381, 40.77036499363671], [-73.74479226138547, 40.77050079007561], [-73.74479408994404, 40.77058864219316], [-73.7447952092336, 40.77064243466096], [-73.74480157710197, 40.77068753175065], [-73.74480124143263, 40.77069785261909], [-73.74480014781412, 40.770708142992476], [-73.7447982987288, 40.77071837315961], [-73.74479570259875, 40.77072850891987], [-73.74479236427548, 40.770738520567114], [-73.74478829572753, 40.77074837570962], [-73.74478351009766, 40.77075804465971], [-73.74477802171657, 40.770767496831745], [-73.74477184727698, 40.770776703446344], [-73.74476500584413, 40.770785634829], [-73.74475876888029, 40.7707950835408], [-73.74475324277317, 40.77080479677509], [-73.7447484454143, 40.770814742153284], [-73.74474439470225, 40.77082488549593], [-73.74474110260273, 40.77083519531183], [-73.74473857991448, 40.77084563560471], [-73.7447368362447, 40.77085617217662], [-73.74473587527834, 40.77086677081648], [-73.74473570188825, 40.77087739641537], [-73.74473631621638, 40.77088801205273], [-73.74477087650078, 40.77107141923553], [-73.74477453019213, 40.771099660024475], [-73.7447759448738, 40.771108516942974], [-73.74477818969086, 40.77111773230099], [-73.74478088092889, 40.77112450917433], [-73.74478728936901, 40.77113646589292], [-73.74479367782138, 40.771146220827255], [-73.74479657290779, 40.77114987699447], [-73.744799632729, 40.77115320033887], [-73.74480283528717, 40.771156058437235], [-73.74480616092933, 40.77115832517507], [-73.74480999465925, 40.77116029767177], [-73.744815832694, 40.7711628482303], [-73.74482177397424, 40.771165038814395], [-73.74482584177294, 40.771166204074206], [-73.74483192024209, 40.77116721349647], [-73.74484008956618, 40.771167852037216], [-73.74485040194838, 40.77116809729898], [-73.74486513611035, 40.77116800925794], [-73.74487707263457, 40.77119911848816], [-73.7448821589476, 40.77121392688098], [-73.74488447268868, 40.77122370700723], [-73.74488482353475, 40.771225190919054], [-73.7448863238447, 40.771229942614255], [-73.74488840167368, 40.77123420931431], [-73.7448900126995, 40.77123634167978], [-73.74489126492149, 40.77123752141494], [-73.74489461382908, 40.77123990076503], [-73.74489688211213, 40.77124114038216], [-73.74489982675139, 40.771242067219745], [-73.74490620967164, 40.77124337808145], [-73.74498253122118, 40.771246090059755], [-73.74498348609517, 40.77126893353258], [-73.74498377904884, 40.7712759473293], [-73.74498479586839, 40.77129498719768], [-73.74491005540087, 40.771304993879795], [-73.74489223039936, 40.77130582520568], [-73.74487762086207, 40.77130460238807], [-73.74485673387532, 40.77129958083729], [-73.74483157661946, 40.771291517818966], [-73.74480811871287, 40.77128232211896], [-73.74479097264616, 40.771273823879596], [-73.74476352220839, 40.77125557013254], [-73.74474608065023, 40.77124042098774], [-73.7447362826795, 40.771224941178595], [-73.74472772918278, 40.771202465385414], [-73.7447204685464, 40.771173658289705]]]]}",986.00486335,11350003922.0,350030
"{'type': 'MultiPolygon', 'coordinates': [[[[-73.82751356633423, 40.83322284755622], [-73.82801046705305, 40.83297957053318], [-73.82801115326765, 40.83297920415416], [-73.82801561485267, 40.832976820891055], [-73.82802026592825, 40.832973598648046], [-73.82802434545327, 40.832969955921406], [-73.82802601384608, 40.832968014238325], [-73.8280277880743, 40.83296594934508], [-73.82803053908482, 40.83296164457358], [-73.82803255325602, 40.8329571099774], [-73.82803379957448, 40.83295241845039], [-73.82805809786737, 40.83300572802432], [-73.82807897855997, 40.8330515403711], [-73.82807987806454, 40.833053512897806], [-73.82808021287308, 40.83305424730114], [-73.82808033901122, 40.83305452574247], [-73.8280806502431, 40.833055207881884], [-73.82808094025323, 40.83305584406441], [-73.82808120079133, 40.83305641536727], [-73.82808150377072, 40.83305707948448], [-73.82808179024505, 40.83305770755725], [-73.82808207082172, 40.833058323914784], [-73.82808236083187, 40.83305896009725], [-73.82808262608911, 40.83305954041211], [-73.8280828524362, 40.83306003782333], [-73.82808209424385, 40.83305981246959], [-73.82808120455212, 40.83305954819854], [-73.82808023311811, 40.8330592594922], [-73.82807928774598, 40.83305897892918], [-73.82807869422375, 40.83305880244771], [-73.82807825574268, 40.833058730654884], [-73.82807703510638, 40.83305853072614], [-73.8280759863072, 40.83305835896892], [-73.82807482255322, 40.83305816903044], [-73.82807432126195, 40.83305808723851], [-73.82807339067178, 40.83305805073188], [-73.82807249564674, 40.8330580151788], [-73.8280706320976, 40.83305794126149], [-73.82806985087899, 40.833057909480026], [-73.82806560795179, 40.833058258850635], [-73.82806540161654, 40.83305827565244], [-73.82806109324609, 40.83305917512843], [-73.82805703845827, 40.83306058466302], [-73.82805334761201, 40.83306246569953], [-73.82805213253229, 40.833062868210625], [-73.8280091740273, 40.83307708692219], [-73.82772179568465, 40.83322294897875], [-73.82754330243489, 40.83331007084468], [-73.8272839497063, 40.83343665897333], [-73.82707326829001, 40.83353949058121], [-73.82672306284364, 40.83371109835682], [-73.82648989465167, 40.833825354821165], [-73.82611298776153, 40.83400688725527], [-73.82610702259966, 40.834009760748756], [-73.82610265997425, 40.83401142549128], [-73.8260986577061, 40.83401356894029], [-73.82609594345821, 40.83401553783418], [-73.82609510721096, 40.83401614350748], [-73.82607089045621, 40.83397745590312], [-73.82604644940336, 40.83393840955769], [-73.82604997261605, 40.83393674625274], [-73.82610537770411, 40.833910597457944], [-73.82667398998993, 40.8336327472052], [-73.826678881689, 40.83363049791377], [-73.82668326617201, 40.83362770936327], [-73.82668360094961, 40.83362754057315], [-73.82675926875102, 40.83358947052974], [-73.8268367468687, 40.833550489151236], [-73.82683821758562, 40.83355026623545], [-73.82684411978845, 40.83354877847281], [-73.8268497353083, 40.833546746379824], [-73.82719069664434, 40.83338063540125], [-73.82722749296433, 40.83336270852599], [-73.827228676495, 40.83336213218058], [-73.82730947471963, 40.833322767343724], [-73.82746987054085, 40.83324424011636], [-73.82747187792043, 40.833243257076184], [-73.82751356633423, 40.83322284755622]]]]}",1383.84835184,14350001243.0,350000
"{'type': 'MultiPolygon', 'coordinates': [[[[-73.86954711102396, 40.6843423910693], [-73.86954795043407, 40.68434263515993], [-73.86954881352054, 40.68434287027227], [-73.86954968850685, 40.68434306937746], [-73.8695505635108, 40.684343259477544], [-73.8695514504146, 40.6843434135705], [-73.8695518714153, 40.684343477984314], [-73.86955233735362, 40.684343549653214], [-73.8695532361572, 40.684343667739064], [-73.8695541468607, 40.68434374981779], [-73.8695550457524, 40.68434382287797], [-73.86955595654398, 40.68434385993106], [-73.86955686737078, 40.68434387897387], [-73.86955777825042, 40.68434387100129], [-73.86955868916529, 40.68434384501845], [-73.86955960013296, 40.684343792020215], [-73.86956049932414, 40.684343711993165], [-73.86956141037993, 40.68434361396927], [-73.8695622978298, 40.68434348890315], [-73.86956318533252, 40.68434333682166], [-73.86956407287046, 40.68434316672989], [-73.8695649486318, 40.68434296960933], [-73.86956581259906, 40.68434275446509], [-73.86956666478977, 40.684342512292055], [-73.86956750518632, 40.68434225209533], [-73.86956957174036, 40.68434166910309], [-73.86957736451693, 40.68433947167448], [-73.86963136004226, 40.68432423311395], [-73.86966424498681, 40.68431495183853], [-73.86969520303433, 40.68430621408369], [-73.86975904599188, 40.68428819501798], [-73.86982288891494, 40.68427017591679], [-73.86988673180349, 40.68425215678016], [-73.86995057465754, 40.684234137608044], [-73.87001441747708, 40.68421611840054], [-73.87007827209153, 40.684198099170864], [-73.87014211484207, 40.68418007989238], [-73.87016686366678, 40.68417309280829], [-73.87018738233978, 40.6841673022337], [-73.8702059575581, 40.684162060578444], [-73.87020688691884, 40.684161672604255], [-73.87020711778032, 40.68416157560906], [-73.87020824258468, 40.68416105457916], [-73.87020935561223, 40.68416050652051], [-73.87021043320433, 40.684159931406434], [-73.87021149903717, 40.684159320258495], [-73.87021252941702, 40.68415869106024], [-73.87021352436132, 40.68415803480662], [-73.87021449571708, 40.684157342505756], [-73.87021543161985, 40.684156632154576], [-73.87021633206962, 40.68415590375314], [-73.87021720893078, 40.68415513930447], [-73.87021803849208, 40.6841543657973], [-73.8702188444472, 40.6841535652481], [-73.87021960313756, 40.68415273763009], [-73.8702200999087, 40.684152161860844], [-73.8702203263574, 40.68415190096693], [-73.87022101414176, 40.68415103724835], [-73.8702322444253, 40.68420783638117], [-73.87024355204831, 40.68426502282113], [-73.87024248789626, 40.68426476947698], [-73.87024141186235, 40.68426454313491], [-73.87024033579335, 40.684264334803025], [-73.870239235978, 40.68426417147014], [-73.87023814795698, 40.68426402616082], [-73.87023703622468, 40.684263907840204], [-73.87023592442233, 40.6842638255401], [-73.87023481256735, 40.68426377025537], [-73.87023370065981, 40.684263741986], [-73.87023258869971, 40.68426374073202], [-73.87023147666949, 40.68426377549854], [-73.87022650920811, 40.68426514588315], [-73.87020889051846, 40.68427000680232], [-73.87019633634245, 40.68427347042975], [-73.87016687715173, 40.684281604864516], [-73.8701022657876, 40.6842994251757], [-73.87003765438895, 40.68431724545055], [-73.86997305476761, 40.684335074707604], [-73.86990844329989, 40.68435289490984], [-73.86984384360943, 40.68437072409426], [-73.86977923207263, 40.68438854422384], [-73.86971463231309, 40.68440637333566], [-73.86971192310057, 40.684407120397026], [-73.86965002070721, 40.68442419339264], [-73.86961712901062, 40.68443326933892], [-73.86958548715843, 40.68444200449664], [-73.8695854208786, 40.68444202243183], [-73.86958409489449, 40.68444257924819], [-73.86958279248108, 40.68444318111702], [-73.86958151367368, 40.68444381002806], [-73.86958027028392, 40.68444447499981], [-73.86957905048249, 40.68444517601888], [-73.86957787794576, 40.684445904106944], [-73.86957672899736, 40.684446668242344], [-73.86957561548432, 40.684447459433265], [-73.86957454923595, 40.68444827769326], [-73.86957350659351, 40.684449122995446], [-73.86957251121578, 40.684449995366634], [-73.86957155127337, 40.68445089479344], [-73.86957138414778, 40.68445106390079], [-73.86957063859568, 40.68445182128921], [-73.86956977318276, 40.68445277485401], [-73.86956894322272, 40.684453746469316], [-73.86956816054503, 40.68445473614849], [-73.86956742513205, 40.684455752896646], [-73.86956673701901, 40.68445677870359], [-73.86956609617073, 40.684457831579586], [-73.86956550262238, 40.68445889351431], [-73.86955611869259, 40.68439945069798], [-73.86954711102396, 40.6843423910693]]]]}",487.691804761,20350007515.0,350000
"{'type': 'MultiPolygon', 'coordinates': [[[[-73.86446531694693, 40.68443526817926], [-73.86444334528005, 40.68435016164701], [-73.86445549431788, 40.68435062621587], [-73.86446994871844, 40.68435118355021], [-73.86452253812254, 40.68435321760597], [-73.86458957010309, 40.68435580894315], [-73.86465661393645, 40.68435839124999], [-73.8647236577568, 40.68436098252296], [-73.86478580459173, 40.68436338429764], [-73.8647907015823, 40.68436357375683], [-73.86479200279578, 40.684363584290914], [-73.86479330406405, 40.684363567809626], [-73.86479461723472, 40.68436351532169], [-73.864795918649, 40.68436342679932], [-73.86479720830697, 40.68436330224253], [-73.86479849801971, 40.684363150670336], [-73.86479978780548, 40.68436296307763], [-73.86480105400553, 40.684362739436594], [-73.86480232027853, 40.68436247977504], [-73.86480357477697, 40.68436219308418], [-73.86480480567143, 40.68436187935013], [-73.86480602482776, 40.684361520576545], [-73.86480702978648, 40.68436120387551], [-73.86480722036184, 40.68436114376491], [-73.86480839229185, 40.684360739910055], [-73.8648095406362, 40.68436030000688], [-73.8648106772059, 40.6843598330744], [-73.8648117901716, 40.684359339098734], [-73.86481287955156, 40.684358809074766], [-73.86481393347982, 40.68435826099882], [-73.86481497565175, 40.68435767688847], [-73.86481599420144, 40.68435707474005], [-73.86481697733598, 40.684356436529484], [-73.86481793684825, 40.68435578028079], [-73.8648188609089, 40.684355105980146], [-73.86481976138373, 40.684354395631196], [-73.86482062640697, 40.68435366723029], [-73.86482145597857, 40.684352920777414], [-73.86483854620316, 40.68440880879911], [-73.8648527267704, 40.68445518396295], [-73.86485140333815, 40.68445446199671], [-73.86485004436298, 40.684453767004115], [-73.86484864982665, 40.68445310799033], [-73.86484723154035, 40.68445249397435], [-73.86484578954048, 40.68445190694599], [-73.86484432379059, 40.68445136491542], [-73.86484283430893, 40.6844508588776], [-73.86484130926614, 40.68445038881857], [-73.86483977230267, 40.68444996377129], [-73.8648392757145, 40.68444984161849], [-73.86483822341856, 40.68444958373571], [-73.8648366508209, 40.68444923068771], [-73.86483506628443, 40.68444893165653], [-73.8648334698455, 40.68444866863198], [-73.86483184967479, 40.68444844160011], [-73.86483020575406, 40.684448259566054], [-73.86482857357143, 40.68444812257152], [-73.86482691763874, 40.68444803057482], [-73.86482527344417, 40.68444798361763], [-73.86482361734726, 40.68444797266702], [-73.86482333701069, 40.68444796243204], [-73.86475593424649, 40.684445578814355], [-73.86468825116891, 40.68444317591679], [-73.86462056809616, 40.68444077297942], [-73.86455287318064, 40.6844383789934], [-73.86454417800144, 40.68443806978718], [-73.86449925429514, 40.68443646981138], [-73.8644851901177, 40.684435975976385], [-73.86446531694693, 40.68443526817926]]]]}",284.145252402,20350007517.0,350000
"{'type': 'MultiPolygon', 'coordinates': [[[[-73.9210338868857, 40.73470608857558], [-73.92086765503853, 40.73475818143415], [-73.92080829926394, 40.73477668389804], [-73.92066152448909, 40.73481891756527], [-73.92059986632798, 40.734839167122445], [-73.92054372804228, 40.73485769598192], [-73.92051345132509, 40.73486572293006], [-73.9204853785174, 40.73487208995434], [-73.92045728681998, 40.73487840923171], [-73.92042917623392, 40.73488467986175], [-73.92040104794422, 40.73489090094474], [-73.92037290194983, 40.73489707338117], [-73.92035477695626, 40.73490141120245], [-73.92033662834825, 40.73490569497408], [-73.92031845849345, 40.73490992469762], [-73.92030026620914, 40.734914099471766], [-73.92028205267815, 40.73491822019782], [-73.92026381790048, 40.73492228687581], [-73.9202455618773, 40.73492629860518], [-73.92022728460863, 40.73493025538592], [-73.92020898846106, 40.73493415812022], [-73.92019067106814, 40.73493800590588], [-73.92017233361257, 40.73494179964419], [-73.92015397728046, 40.73494553753499], [-73.92013560206966, 40.7349492213793], [-73.92011720679848, 40.73495284937524], [-73.92009879383255, 40.73495642332547], [-73.92008847076967, 40.73495839367857], [-73.92008036199027, 40.734959941428095], [-73.92007004014896, 40.73496187936215], [-73.92006191245436, 40.73496340458459], [-73.92004344522486, 40.734966812794774], [-73.92002496030186, 40.734970166058666], [-73.92000645768644, 40.73497346347582], [-73.91998793856143, 40.734976705947545], [-73.91996940174417, 40.73497989257248], [-73.91995084960122, 40.73498302425278], [-73.91993228094876, 40.73498610098762], [-73.91991369697185, 40.73498912187727], [-73.91989509767048, 40.73499208692173], [-73.91987648304467, 40.73499499612105], [-73.91985785309454, 40.73499784947514], [-73.91983920781897, 40.73500064788459], [-73.91982054958682, 40.73500339045051], [-73.91980187603038, 40.735006077171164], [-73.9197831895175, 40.73500870804831], [-73.91976449004811, 40.73501128308182], [-73.91974577643852, 40.73501380227098], [-73.91972704987357, 40.735016264716], [-73.91970831153513, 40.73501867221881], [-73.91984113005635, 40.73499599089346], [-73.91993488856565, 40.734977549773205], [-73.9199729342806, 40.734970066880315], [-73.92006565482168, 40.73494937636314], [-73.92008382686146, 40.73494532137962], [-73.92010355843095, 40.734940918078046], [-73.9202328840526, 40.73490858943394], [-73.92029307752344, 40.73489268311144], [-73.92035337763987, 40.7348766687702], [-73.92038930900866, 40.73486712841703], [-73.92041368956573, 40.73486065440555], [-73.92047400146258, 40.73484464000929], [-73.92053430149211, 40.73482862557319], [-73.92059553626041, 40.73481299896863], [-73.9206567591617, 40.73479737232329], [-73.92071798203423, 40.734781745645385], [-73.92077921670571, 40.73476612794809], [-73.9208404395208, 40.73475050120504], [-73.92090167414557, 40.734734874437486], [-73.92096289690323, 40.73471924762926], [-73.9210338868857, 40.73470608857558]]]]}",770.643814653,10350004480.0,350020
"{'type': 'MultiPolygon', 'coordinates': [[[[-73.90788330974246, 40.80539047339011], [-73.90792116634576, 40.80535273671014], [-73.90796044700434, 40.80531356035627], [-73.90796133508586, 40.80531409235965], [-73.90799987895491, 40.80533722992768], [-73.90805331921398, 40.80536824972519], [-73.90810288975521, 40.80539701696686], [-73.90810677137372, 40.8053992695072], [-73.90816021173241, 40.80543028925489], [-73.9081915098364, 40.805448452032905], [-73.90821366399176, 40.80546130898702], [-73.90826710445008, 40.805492328684814], [-73.90826723115431, 40.80549240172603], [-73.9083205567967, 40.80552335737207], [-73.90836196049496, 40.80554739038725], [-73.90837399735464, 40.80555437701997], [-73.90842744981333, 40.80558539665238], [-73.90848089047088, 40.80561641625043], [-73.9085235684387, 40.8056411832248], [-73.9085343430292, 40.80564743583296], [-73.9085877956373, 40.805678455390556], [-73.90862849750631, 40.805701949254455], [-73.90863270600437, 40.805704378533854], [-73.9086400051565, 40.80570859144916], [-73.90867405209669, 40.805728237594195], [-73.9086922147353, 40.80573871847903], [-73.90874443501492, 40.8057688544985], [-73.90874618292209, 40.805769800505395], [-73.90880024371894, 40.805799063571946], [-73.90883724835314, 40.805819870950174], [-73.9088508436177, 40.80582866066316], [-73.90885564498409, 40.805831734259776], [-73.90887762115888, 40.805845801215], [-73.90888028780095, 40.80584740891212], [-73.90891235262674, 40.80586415381335], [-73.90891826678713, 40.80586724179406], [-73.90892125584178, 40.805868802919036], [-73.90892320908651, 40.80586952215973], [-73.90886821415037, 40.80590183902387], [-73.90885260568585, 40.805911002766926], [-73.9088255036284, 40.80592744245372], [-73.90881919635898, 40.805931023251496], [-73.90881836148331, 40.80593057054075], [-73.90871530591558, 40.80587470398311], [-73.90870122412947, 40.80586638032721], [-73.90868255499247, 40.80585534523607], [-73.90864883783118, 40.80583541569821], [-73.90859590675855, 40.80580421648357], [-73.90857417779692, 40.805791409468426], [-73.90854298757411, 40.80577302625885], [-73.90849005660068, 40.80574182699531], [-73.90844742292849, 40.80571669714311], [-73.9084371256769, 40.80571062770729], [-73.90838420665365, 40.80567942840424], [-73.9083312758291, 40.805648229067316], [-73.90829274766678, 40.8056255193609], [-73.90827834505416, 40.80561702970597], [-73.90822694137312, 40.80558708322916], [-73.90817552588739, 40.80555713671991], [-73.90812412228642, 40.805527199201975], [-73.9081156983079, 40.80552229107269], [-73.90807271874407, 40.80549725265599], [-73.90802130339712, 40.805467306077496], [-73.90796989994735, 40.80543735948542], [-73.90792005677646, 40.805410367752806], [-73.90788330974246, 40.80539047339011]]]]}",732.030264944,14350004055.0,350000
"{'type': 'MultiPolygon', 'coordinates': [[[[-73.8907473564599, 40.686720600942664], [-73.89075010364573, 40.68671969493193], [-73.89075235377493, 40.68671819140822], [-73.89075388894315, 40.68671623424706], [-73.89075455978214, 40.68671401421568], [-73.89074533135674, 40.6866959537447], [-73.89073682370731, 40.68667768864005], [-73.89072904626757, 40.68665923692116], [-73.89072200374385, 40.68664061390136], [-73.89071570438696, 40.6866218375989], [-73.89071015290166, 40.68660292422764], [-73.89070535398815, 40.686583892702984], [-73.89070131353431, 40.68656475923981], [-73.89070029016527, 40.68656265016378], [-73.89069853641368, 40.686560836663226], [-73.89069619044577, 40.686559466553675], [-73.89069343663473, 40.68655864446988], [-73.89069049135765, 40.68655843635494], [-73.89068758408995, 40.68655885593444], [-73.8906849455622, 40.68655987281023], [-73.89068278174545, 40.68656140613159], [-73.8906812608187, 40.68656333628993], [-73.89067042418647, 40.68657521098268], [-73.89065890322193, 40.68658670950965], [-73.89064672280442, 40.686597809381524], [-73.89063390663172, 40.686608487207096], [-73.89062048194928, 40.686618720499375], [-73.89060647600104, 40.68662848767158], [-73.89059191839247, 40.68663776984082], [-73.89057683991372, 40.686646547224974], [-73.89056127017034, 40.686654800941106], [-73.89054524231412, 40.686662513910804], [-73.89054377790586, 40.686665322122515], [-73.8905430632255, 40.68666830214511], [-73.89054312685825, 40.68667133603831], [-73.89054396781792, 40.68667430403283], [-73.8905455531733, 40.686677089030475], [-73.89054781803941, 40.68667958200728], [-73.89055067503993, 40.68668168292301], [-73.89041957563964, 40.686684695548806], [-73.89045844006046, 40.68667033512859], [-73.89059090130198, 40.68659650730815], [-73.89061006794854, 40.686581359968145], [-73.89062228701437, 40.686571220985634], [-73.89063509001102, 40.686559196879834], [-73.8906490636835, 40.68654457319971], [-73.89065977124285, 40.68653205451858], [-73.89066389463466, 40.68652657070216], [-73.89066650497254, 40.68652254428127], [-73.89066872828595, 40.68651791234697], [-73.89067069883153, 40.686512321124724], [-73.89067759817135, 40.68648693857868], [-73.8906983420954, 40.68648813435564], [-73.89069883061873, 40.68648816273563], [-73.89071908483719, 40.68648933012779], [-73.89072293834467, 40.68652653223277], [-73.89072436875864, 40.686533633246036], [-73.89072640465878, 40.686543743452525], [-73.89072889264668, 40.68655446013442], [-73.8907314162029, 40.68656296338581], [-73.89073512951364, 40.686573829815856], [-73.89074022936997, 40.686587527878814], [-73.89074467100409, 40.686598635437406], [-73.8907510262817, 40.68661216539503], [-73.89076715981673, 40.68664318631884], [-73.89076868296058, 40.68664712391271], [-73.89077935059666, 40.686672697838205], [-73.89079073660614, 40.68669809144109], [-73.89080283036205, 40.686723293004235], [-73.89081562951839, 40.68674829081859], [-73.89082912699556, 40.686773074071056], [-73.8907473564599, 40.686720600942664]]]]}",418.645463371,20350007765.0,350000
"{'type': 'MultiPolygon', 'coordinates': [[[[-73.887858000036, 40.738811639007395], [-73.88794772500226, 40.73878476512874], [-73.88795516935433, 40.73878620417957], [-73.88799395848513, 40.73879347479265], [-73.88799602493494, 40.73879386221991], [-73.88803443888274, 40.738801069418855], [-73.88807313688686, 40.73880833001104], [-73.88807751122776, 40.73880915102316], [-73.88812755106771, 40.73881852890752], [-73.88805227233014, 40.738841079222055], [-73.88803702184497, 40.73884564708247], [-73.88803693774682, 40.738845671314444], [-73.88794169056072, 40.73887420672984], [-73.88789173535487, 40.738864476748475], [-73.88788764510916, 40.73886368031961], [-73.88781131400354, 40.73884881153842], [-73.88781017309144, 40.73884858890195], [-73.8877643993016, 40.73883967069447], [-73.88777453392572, 40.73883663595289], [-73.88778610772356, 40.7388331694683], [-73.887858000036, 40.738811639007395]]]]}",212.001342074,9350004704.0,350000
"{'type': 'MultiPolygon', 'coordinates': [[[[-73.9076182082743, 40.805242038233395], [-73.90765951925319, 40.80520104369995], [-73.90770232306403, 40.80515857532947], [-73.90770434905832, 40.805159793525576], [-73.907729238858, 40.80517474372219], [-73.9077535970145, 40.805189369308366], [-73.90777178245523, 40.80520028890058], [-73.90777184284475, 40.80520032496885], [-73.90779397373102, 40.80521360702114], [-73.90779448289531, 40.80521391269752], [-73.90775240525514, 40.805254895859704], [-73.90771145254723, 40.80529478309927], [-73.90770936605674, 40.80529360267579], [-73.90768792091052, 40.8052814755962], [-73.90766169295668, 40.80526663958295], [-73.90764572930068, 40.805257612801114], [-73.9076182082743, 40.805242038233395]]]]}",140.370171873,14350004055.0,350000
"{'type': 'MultiPolygon', 'coordinates': [[[[-73.92377462717717, 40.804675299858225], [-73.92379215936829, 40.80466896023125], [-73.92380998369497, 40.80466312327302], [-73.92382807644448, 40.80465779887321], [-73.92384641153843, 40.80465299331799], [-73.92386496171115, 40.80464871469375], [-73.92388370207122, 40.804644967486354], [-73.92390205414215, 40.80464189089128], [-73.92392056198487, 40.80463938891434], [-73.92393919359544, 40.80463746783782], [-73.92395791934551, 40.80463612944312], [-73.92397670486517, 40.80463537640912], [-73.92399552052701, 40.8046352096166], [-73.92401433314737, 40.80463563084474], [-73.92403311191771, 40.804636637371786], [-73.92405182365657, 40.80463822917585], [-73.92407043637134, 40.80464040263387], [-73.92408891925464, 40.80464315412368], [-73.92410724150014, 40.8046464791225], [-73.92412536993233, 40.804650372205614], [-73.92414327611789, 40.80465482615044], [-73.92416092806842, 40.80465983373201], [-73.92417829616662, 40.80466538682639], [-73.92419535079718, 40.804671475508925], [-73.92431831372014, 40.8047221715381], [-73.92435142352797, 40.804735822319685], [-73.92438893030433, 40.80475128597835], [-73.92439617130319, 40.80475427137853], [-73.92439714991107, 40.80475450705052], [-73.92437571991248, 40.80476303512612], [-73.92429925465639, 40.80474460485784], [-73.92404695798933, 40.80468058183334], [-73.92403086264324, 40.80467713042169], [-73.92401456277068, 40.80467428761012], [-73.92399809628643, 40.80467205972715], [-73.92398150466063, 40.80467045310345], [-73.92396482936736, 40.80466947046792], [-73.92394810832454, 40.80466911544745], [-73.92393138537847, 40.8046693889715], [-73.92391384052506, 40.80467230311374], [-73.92389648460389, 40.80467581080678], [-73.92387935435924, 40.80467990577144], [-73.92386248298305, 40.80468457902476], [-73.92384590485156, 40.80468982248514], [-73.92382965197481, 40.80469562446728], [-73.92381375754707, 40.80470197418729], [-73.92379825357955, 40.804708859059566], [-73.92378317090152, 40.80471626379604], [-73.92376854034032, 40.804724174909886], [-73.92375439035624, 40.80473257621107], [-73.92374075059564, 40.80474145060997], [-73.92372764596473, 40.804750781013645], [-73.92369668474912, 40.8047692441636], [-73.92368615878601, 40.80477552087681], [-73.92364407151726, 40.80480061692503], [-73.92363862116035, 40.80480386681706], [-73.9236294103393, 40.804809360061746], [-73.92342281034584, 40.80493005103859], [-73.92339491424892, 40.804946908752704], [-73.92338985516672, 40.8049499661862], [-73.9233849735067, 40.80494817094937], [-73.92337163748996, 40.80494326697404], [-73.92340680015468, 40.80491745503113], [-73.92344793590625, 40.80488725891333], [-73.92351097335671, 40.80484446943077], [-73.92354551199132, 40.804819155007024], [-73.92355893840518, 40.804809313354134], [-73.92358408563919, 40.80479088150695], [-73.92360037286029, 40.80477894358328], [-73.92362064173679, 40.80476408707725], [-73.92362589651414, 40.804759838403236], [-73.92363396253756, 40.8047533160308], [-73.9236477995881, 40.80474292893725], [-73.92365093781613, 40.80474074190305], [-73.92365559297158, 40.80473749868774], [-73.92366213509571, 40.80473294019254], [-73.92367694771146, 40.8047233650909], [-73.92369221608959, 40.80471421622497], [-73.92370792006942, 40.80470550618819], [-73.9237240359341, 40.80469724847226], [-73.92374054233892, 40.804689454769274], [-73.92375741320113, 40.80468213496739], [-73.92377462717717, 40.804675299858225]]]]}",656.690496817,13350004144.0,350020
"{'type': 'MultiPolygon', 'coordinates': [[[[-73.89395444939392, 40.63384412564813], [-73.89395587993774, 40.633843955868706], [-73.89395729873274, 40.633843741052445], [-73.89395870575022, 40.63384349920972], [-73.89396010101882, 40.633843212330156], [-73.89396149634459, 40.63384288942983], [-73.89396285625203, 40.63384253948123], [-73.893964216231, 40.63384214450668], [-73.89396555261202, 40.63384172249477], [-73.8939668654237, 40.63384125543512], [-73.89396815463739, 40.63384076133808], [-73.8939694320879, 40.633840231209426], [-73.89397045410266, 40.63383977288681], [-73.89397067412003, 40.633839674032515], [-73.89397190438895, 40.633839080823925], [-73.89397308741898, 40.63383846055616], [-73.89397425868586, 40.63383780425675], [-73.89397539453435, 40.63383712090905], [-73.89398638586893, 40.63382999352375], [-73.89400378102084, 40.63381871344048], [-73.8940129193531, 40.633812791941445], [-73.89402941047346, 40.63380210446354], [-73.89404082303668, 40.633794704603716], [-73.89408342637019, 40.63376707898734], [-73.8941246760175, 40.633740331916506], [-73.89413743037547, 40.63373206247993], [-73.89414667755028, 40.633726066327284], [-73.89416515296371, 40.63371408570913], [-73.89418715447924, 40.633699820112135], [-73.8941914461588, 40.633697036952704], [-73.89423862619455, 40.63366645187942], [-73.89424546187117, 40.63366202040516], [-73.89429947752684, 40.63362700383207], [-73.89431813983863, 40.63361490269141], [-73.89435349314003, 40.633591978228324], [-73.89435930291918, 40.633588212189316], [-73.89439069938281, 40.633567858665444], [-73.894400819751, 40.6335612977679], [-73.89440750868235, 40.633556961604256], [-73.89443339944202, 40.633540177175625], [-73.89446152416795, 40.633521944954694], [-73.89447986102762, 40.63351005421061], [-73.89450615879434, 40.633493002684624], [-73.89451554197659, 40.6334869183761], [-73.89454386662814, 40.633468555743015], [-73.89456955498332, 40.633451902573846], [-73.89457745909267, 40.63344677685812], [-73.89460351778656, 40.6334298844826], [-73.89462088314205, 40.633418627691924], [-73.89462357029886, 40.63341688584774], [-73.89462431643156, 40.63341596800132], [-73.89462502714584, 40.63341502310683], [-73.89462570241324, 40.63341406917465], [-73.8946263186073, 40.63341309717798], [-73.89462689936866, 40.633412107138405], [-73.89462743287707, 40.63341109904511], [-73.89462791911829, 40.633410081903314], [-73.89462836992688, 40.63340904671867], [-73.89462876163368, 40.63340801147983], [-73.89462910608749, 40.63340695818729], [-73.89462940327412, 40.63340589584623], [-73.89462965317931, 40.63340483346189], [-73.89470081331386, 40.633444327912194], [-73.89477340491142, 40.63348461608573], [-73.89477183276016, 40.633484641662555], [-73.89477027235822, 40.6334847122761], [-73.89476870006492, 40.63348482790472], [-73.89476713953516, 40.63348497956487], [-73.89476559076903, 40.63348516725653], [-73.89476405375218, 40.63348539998496], [-73.8947625284989, 40.63348566874492], [-73.89476101499496, 40.63348598254162], [-73.89475951324042, 40.633486341375026], [-73.89475802326358, 40.633486727234775], [-73.89475655685645, 40.63348715814209], [-73.89475511403322, 40.63348762509177], [-73.89475369479395, 40.63348812808379], [-73.8947535422189, 40.63348818647791], [-73.89475228731817, 40.63348866710739], [-73.89475091523245, 40.633489251189324], [-73.89474956674484, 40.63348986230842], [-73.89474824184117, 40.63349050946991], [-73.89474695234172, 40.63349119268459], [-73.89474569826073, 40.633491902947256], [-73.89474446776364, 40.63349264925232], [-73.89474327267088, 40.63349343161056], [-73.89474212481689, 40.63349424102757], [-73.89474100056098, 40.633495077481804], [-73.89473634441957, 40.63349813318563], [-73.89470408273482, 40.63351930368358], [-73.8946921317675, 40.633527145271465], [-73.89464325112093, 40.63355920402421], [-73.8945943822477, 40.633591262766885], [-73.89458607572018, 40.63359671050086], [-73.89454550150715, 40.63362332147781], [-73.89453288077817, 40.63363159918696], [-73.8945206162099, 40.63363964308628], [-73.89449729754821, 40.633654936832635], [-73.89449662071969, 40.63365538016788], [-73.89444775170563, 40.633687438847936], [-73.89439423060657, 40.633722181286075], [-73.89439396082335, 40.633722356639645], [-73.89434619976117, 40.633753368088925], [-73.89434016987057, 40.63375728341124], [-73.89433087891767, 40.63376331465945], [-73.89431118474235, 40.633776099248614], [-73.8942863788757, 40.63379220115236], [-73.89428043417352, 40.63379606071766], [-73.89423258782453, 40.63382711886818], [-73.89423173824159, 40.63382767100583], [-73.89417879671709, 40.63386203655876], [-73.89412501737378, 40.633896954234864], [-73.89410433391187, 40.63391037994817], [-73.8940905027278, 40.6339193588992], [-73.89407439375594, 40.63392981530421], [-73.89407122615381, 40.63393187187482], [-73.89407032629907, 40.633932816591596], [-73.8940694736975, 40.633933779362266], [-73.89406865652865, 40.633934760175975], [-73.89406788659868, 40.633935768048836], [-73.89406716392186, 40.63393679397558], [-73.89406648851254, 40.633937828951034], [-73.89406586034214, 40.63393889098565], [-73.89406527942486, 40.63393997107419], [-73.89406474577505, 40.63394106021147], [-73.89406425939275, 40.63394215839747], [-73.8940638202636, 40.63394327463741], [-73.89406344022238, 40.633944399937015], [-73.8940630956282, 40.633945534274446], [-73.89406281012197, 40.6339466776715], [-73.89406258371794, 40.63394782112304], [-73.8940069196386, 40.63389444194331], [-73.89395444939392, 40.63384412564813]]]]}",606.104860297,20350001086.0,350000
"{'type': 'MultiPolygon', 'coordinates': [[[[-73.87591674912812, 40.67345146112053], [-73.87591770039975, 40.673452548168726], [-73.87591945069248, 40.67345454830131], [-73.87592309498505, 40.673457593273994], [-73.87592730192944, 40.67346018319219], [-73.87593197464598, 40.67346226121892], [-73.87593300305939, 40.67346257120493], [-73.87593700559873, 40.67346377680935], [-73.87593958433271, 40.67346422714648], [-73.87594227893885, 40.67346469741986], [-73.87594767524921, 40.67346500130926], [-73.8759505780317, 40.673464828838505], [-73.87595306917207, 40.67346468113826], [-73.87595833768675, 40.67346374487893], [-73.87596156378895, 40.673463341323874], [-73.87596969154521, 40.67346211367785], [-73.87611912379701, 40.67343832455322], [-73.87611985140057, 40.67343820917012], [-73.87615436563947, 40.67343347809583], [-73.87619051484391, 40.67342852364167], [-73.87621948767197, 40.673424555625076], [-73.87626116642258, 40.67341884706221], [-73.87630562650682, 40.67341275875528], [-73.87633182980818, 40.673409170452075], [-73.87634577201267, 40.67340726103512], [-73.87640249317323, 40.67339949379854], [-73.87647315651783, 40.673389817101615], [-73.87650300121764, 40.673385729280604], [-73.87653824888318, 40.673380901622735], [-73.87654380801449, 40.673380140348556], [-73.87661447131806, 40.67337046356479], [-73.87665546384518, 40.673364843274236], [-73.87668513460116, 40.67336078673759], [-73.87668712234205, 40.673360392641065], [-73.87668909835531, 40.67335994450098], [-73.876691050797, 40.67335945130983], [-73.87669299152779, 40.673358895069946], [-73.87669489684279, 40.67335830277145], [-73.8766967667754, 40.67335765640402], [-73.87669861315301, 40.67335695598035], [-73.87670042413149, 40.67335621049295], [-73.87670064430314, 40.6733561125727], [-73.87670219971092, 40.673355419941764], [-73.87670395173532, 40.6733545753344], [-73.87670564468914, 40.67335369464302], [-73.87670730226047, 40.67335275988274], [-73.87670892441609, 40.67335178906384], [-73.87671049934518, 40.67335077316851], [-73.87671201520361, 40.673349721189275], [-73.876713495663, 40.67334862414624], [-73.87671361174328, 40.67334853151748], [-73.8767149170518, 40.67334749101924], [-73.8767162911974, 40.67334632182097], [-73.87671761809976, 40.67334511655147], [-73.87671887410417, 40.67334387518528], [-73.87673236793785, 40.673395126300036], [-73.87674511246674, 40.673443527377664], [-73.87674390703258, 40.673443003787014], [-73.87674268972108, 40.6734425071991], [-73.87674144870478, 40.67344203760127], [-73.87674047000482, 40.6734417051629], [-73.87674017213965, 40.67344160398597], [-73.87673889549126, 40.67344121539636], [-73.87673759515471, 40.67344084479168], [-73.87673627108008, 40.67344051918736], [-73.87673494695552, 40.67344022059842], [-73.87673359909293, 40.67343996700987], [-73.87673225118036, 40.673439740436706], [-73.87673087952969, 40.67343955886388], [-73.87672950782911, 40.67343940430653], [-73.87672813606198, 40.67343928576969], [-73.87672675240081, 40.6734392032407], [-73.87672600730845, 40.673439182631014], [-73.87672536865641, 40.67343916573743], [-73.87672398486208, 40.67343915524955], [-73.87672258915713, 40.67343918977469], [-73.87672120522964, 40.673439251327935], [-73.87671983304635, 40.67343935791951], [-73.87671846081314, 40.673439491526516], [-73.87667732591649, 40.673445327810676], [-73.87665198481706, 40.673448929724145], [-73.87658550881878, 40.67345835887827], [-73.87656236938751, 40.673461644351036], [-73.87652162249726, 40.67346743056699], [-73.8765190446125, 40.673467797011774], [-73.87645256857667, 40.67347722608906], [-73.8763860925053, 40.67348666413306], [-73.87634082039636, 40.67349308568973], [-73.87631961643187, 40.67349609313351], [-73.87627302755183, 40.673502708659896], [-73.87625315215034, 40.673505531113385], [-73.87618667603927, 40.67351496003694], [-73.87612019989272, 40.67352439792727], [-73.87605372372731, 40.67353383577918], [-73.8760150376518, 40.67353932326355], [-73.87598725938733, 40.673543264600255], [-73.87598572156602, 40.67354339802003], [-73.87598420731592, 40.673543576490985], [-73.87598386067917, 40.67354362564571], [-73.87598269299883, 40.673543790982514], [-73.87598119044226, 40.673544041507306], [-73.87597969962937, 40.67354433707055], [-73.8759782205602, 40.67354467767224], [-73.87597676509569, 40.673545045314825], [-73.87597532137495, 40.673545457995814], [-73.87597390124209, 40.67354590672287], [-73.87597249285294, 40.67354640048839], [-73.87597111989591, 40.673546921307576], [-73.87596977051012, 40.67354748717793], [-73.87596844472894, 40.67354808008921], [-73.87596714253567, 40.67354870904654], [-73.87596664292774, 40.67354897145856], [-73.87596587575777, 40.67354937406267], [-73.8759646325678, 40.6735500751248], [-73.87596343663746, 40.673550803253406], [-73.87596226429498, 40.67355156742808], [-73.87596112738461, 40.67355235865637], [-73.87596002588963, 40.67355318594351], [-73.87595897167098, 40.67355403129192], [-73.87595795286776, 40.67355491269911], [-73.8759569694966, 40.67355582116], [-73.87595603340178, 40.67355674768218], [-73.8759554040905, 40.6735574313958], [-73.8759551445498, 40.67355771027593], [-73.87595429116344, 40.67355868191306], [-73.87595349684739, 40.67355968963447], [-73.87591674912812, 40.67345146112053]]]]}",533.173412925,20350001201.0,350000
"{'type': 'MultiPolygon', 'coordinates': [[[[-73.94539647478332, 40.80763473109622], [-73.9453977903958, 40.80763458763965], [-73.94539910603044, 40.80763441716808], [-73.94540040984332, 40.80763421067099], [-73.94540170183437, 40.80763396814835], [-73.94540298199632, 40.807633698605144], [-73.94540425033652, 40.80763339303639], [-73.94540550685495, 40.80763305144211], [-73.94540673851515, 40.8076326738161], [-73.94540796071648, 40.80763226917065], [-73.94540915805962, 40.807631828493506], [-73.94541034357358, 40.807631360795774], [-73.94541149356321, 40.80763085706132], [-73.94541263172364, 40.80763032630629], [-73.94541373435229, 40.80762976851947], [-73.94541482515181, 40.80762918371207], [-73.94541588041957, 40.80762857187291], [-73.94541690016297, 40.807627923996975], [-73.9454178962185, 40.80762725809985], [-73.94541886860097, 40.80762655617164], [-73.94541980544423, 40.807625836216566], [-73.94542069490448, 40.80762508922413], [-73.94542156067689, 40.807624324210494], [-73.94542240276884, 40.80762353217071], [-73.94542318561903, 40.807622722092894], [-73.9454239447814, 40.80762189399393], [-73.94542466841199, 40.80762103886315], [-73.9454253446447, 40.80762017470494], [-73.9454265797196, 40.80761852287535], [-73.94543501524458, 40.807607240023216], [-73.94544189535493, 40.80759803928684], [-73.94545901553579, 40.80757514771717], [-73.94549338646229, 40.80752907647224], [-73.94552774548991, 40.80748300521118], [-73.94556211631388, 40.80743694295005], [-73.94559648709763, 40.8073908716734], [-73.94563084598256, 40.807344800380534], [-73.94566521667116, 40.807298729082675], [-73.94569958731223, 40.807252657774285], [-73.94573395790566, 40.80720658645522], [-73.94576831660031, 40.80716051512003], [-73.9457924957716, 40.80712811755764], [-73.94580129185529, 40.807116335971365], [-73.94580432433224, 40.80711227434858], [-73.94580494128422, 40.807111428170224], [-73.94580551084597, 40.807110563959576], [-73.9458060448688, 40.80710968172226], [-73.94580654334533, 40.80710879046325], [-73.94580699443169, 40.807107881172], [-73.9458074099644, 40.80710697186408], [-73.94580777810697, 40.80710604452385], [-73.94580811070323, 40.807105108161956], [-73.94580839590198, 40.80710416277277], [-73.94580863370325, 40.80710320835633], [-73.94580878955301, 40.80710247272247], [-73.9458088359509, 40.807102253923226], [-73.94580900265224, 40.80710129046835], [-73.94580911009757, 40.807100326985655], [-73.9458696588332, 40.80713709846418], [-73.945892308361, 40.80715085340239], [-73.94590046271452, 40.80715580546751], [-73.94589940440261, 40.80715726107665], [-73.94589767693412, 40.80715963668099], [-73.94582214988026, 40.80726352141706], [-73.94577051727516, 40.807333728803236], [-73.94575365203168, 40.80735666196288], [-73.94564370554811, 40.807506162226936], [-73.94563263719499, 40.807521211537605], [-73.94561394470517, 40.80754665710504], [-73.94553064045185, 40.80766005534081], [-73.94553002230987, 40.807660897014586], [-73.94552676075223, 40.8076653358303], [-73.94551431367249, 40.80768228002655], [-73.9455129148449, 40.80768418301871], [-73.94551260162095, 40.807684609706826], [-73.94550536064544, 40.80768149866492], [-73.94549952711048, 40.80767899342265], [-73.94547532458046, 40.807668598333365], [-73.94539647478332, 40.80763473109622]]]]}",517.119620945,13350004136.0,350000
"{'type': 'MultiPolygon', 'coordinates': [[[[-73.83770900504803, 40.743888683164464], [-73.83771063227066, 40.743888515261304], [-73.8377387005837, 40.74388492756105], [-73.8377617414991, 40.74388139670839], [-73.83776659414949, 40.74388065342051], [-73.83778723075817, 40.743876959786064], [-73.83779429993889, 40.74387569462243], [-73.83782177056949, 40.74387006010541], [-73.83784899420047, 40.74386374985279], [-73.8378728016386, 40.74385758516982], [-73.83787593528939, 40.74385677281991], [-73.83790257013379, 40.743849137978636], [-73.83792885137316, 40.74384084526256], [-73.83795477894128, 40.74383192168708], [-73.83797230150468, 40.74382535101664], [-73.83798030552153, 40.743822349175744], [-73.83799184904431, 40.743817664760606], [-73.83799195570879, 40.743817621686226], [-73.83800541918578, 40.743812163732265], [-73.83801268600553, 40.74380898255156], [-73.83803008441387, 40.74380136530702], [-73.83807718497067, 40.74377847577782], [-73.83810358374198, 40.74376564732679], [-73.83811642987303, 40.74375940595032], [-73.83815196956894, 40.74374101348799], [-73.83815207151912, 40.7437409614018], [-73.83817643324696, 40.74372835609902], [-73.83818999993632, 40.74372133768757], [-73.83822075172539, 40.743705296908495], [-73.83823604782242, 40.743697467761805], [-73.83842464012048, 40.74360093685148], [-73.83870471504001, 40.743457579480584], [-73.83883360045233, 40.74339160856527], [-73.83890115706313, 40.74335808800458], [-73.83909396508432, 40.74326241827648], [-73.83901066029817, 40.74332588945837], [-73.83900108670223, 40.743333183701125], [-73.8389636834135, 40.74335225100244], [-73.83873283807822, 40.743469927910795], [-73.83854650111103, 40.74356491451425], [-73.83852137747267, 40.74357782229848], [-73.83824777777201, 40.74371839133767], [-73.83820201490401, 40.74374190326616], [-73.83819467919153, 40.74374566969237], [-73.83819134563834, 40.743747381377894], [-73.83816401223058, 40.74376138550015], [-73.83816391383674, 40.74376143579033], [-73.8381285630662, 40.74377954936423], [-73.83811505461486, 40.74378646879437], [-73.83810607229412, 40.74379106947274], [-73.83805150736326, 40.743819018379824], [-73.83802482728578, 40.74383066045385], [-73.83802224600238, 40.74383170411475], [-73.83800311511177, 40.743839438688894], [-73.83800300844727, 40.743839481763295], [-73.83799767522197, 40.74384163548164], [-73.83798407413522, 40.74384671322662], [-73.83797006301229, 40.743851943479555], [-73.83794202619922, 40.743861575492154], [-73.83791360034695, 40.743870513559074], [-73.83788482097607, 40.74387875772994], [-73.83787321285695, 40.74388175989389], [-73.83785569997113, 40.74388629001111], [-73.83782627287465, 40.74389310144731], [-73.83779657518545, 40.743899201093306], [-73.83778601997192, 40.743901091703094], [-73.83776664249001, 40.74390456198386], [-73.83776619003528, 40.74390463068567], [-73.837734591558, 40.74390946062309], [-73.8377023532222, 40.7439135215166], [-73.83770081601324, 40.74391367693936], [-73.83770163551601, 40.74391117468113], [-73.83770900504803, 40.743888683164464]]]]}",916.017097321,9350004656.0,350020
"{'type': 'MultiPolygon', 'coordinates': [[[[-73.84500511705203, 40.737891838543376], [-73.84509200390798, 40.73788629214855], [-73.84509484467185, 40.73791709337468], [-73.8450087158835, 40.73792246069015], [-73.84500859745066, 40.737922479441465], [-73.84492130822599, 40.73792793608118], [-73.84491780225936, 40.737897615727235], [-73.84491778017419, 40.73789744009823], [-73.84491785832338, 40.737897434800395], [-73.84500499861925, 40.737891857294656], [-73.84500511705203, 40.737891838543376]]]]}",119.108436102,9350004401.0,350000
"{'type': 'MultiPolygon', 'coordinates': [[[[-73.8441615967988, 40.73422807365812], [-73.84425536702422, 40.73420100963527], [-73.84427112085679, 40.73423263882037], [-73.84417819827807, 40.734259675186685], [-73.844178091635, 40.73425971736633], [-73.84411422684097, 40.7342783092972], [-73.84410940973781, 40.734268235981816], [-73.8440982903591, 40.73424634665502], [-73.84416148662956, 40.73422810502689], [-73.8441615967988, 40.73422807365812]]]]}",117.894712343,9350004401.0,350000
"{'type': 'MultiPolygon', 'coordinates': [[[[-73.84662932158139, 40.74369284761375], [-73.84671854331569, 40.74366478048608], [-73.84672080469166, 40.74366994971099], [-73.84673783335097, 40.743708868021194], [-73.84675145133885, 40.743739891538084], [-73.84676505523915, 40.74377086820808], [-73.84678117642218, 40.74380746739592], [-73.84678318111797, 40.74381201852945], [-73.8466882054908, 40.74384192498995], [-73.84668809646183, 40.74384196896973], [-73.84667955011349, 40.74384465281388], [-73.84667944700865, 40.74384469500051], [-73.84658489542988, 40.74387448397375], [-73.84658356382029, 40.74387174465527], [-73.84658234653567, 40.74386923241711], [-73.84656514544753, 40.74383374569156], [-73.84656158671056, 40.743826392804074], [-73.84655027529388, 40.743803047369084], [-73.84653960965143, 40.743781031943335], [-73.84653537915585, 40.74377232739773], [-73.84651762078238, 40.743735671062375], [-73.8465164715374, 40.74373343537013], [-73.84651571833783, 40.74373197104063], [-73.8465142142944, 40.74372904778783], [-73.84658041205547, 40.74370822618786], [-73.84662932158139, 40.74369284761375]]]]}",233.787738803,9350004401.0,350000
"{'type': 'MultiPolygon', 'coordinates': [[[[-73.94684559674445, 40.832052195372235], [-73.94686283609092, 40.83204472200729], [-73.94690370900487, 40.83212722343643], [-73.94692206653791, 40.8321670751705], [-73.94692331272964, 40.83217430491464], [-73.94692389377322, 40.83218159108379], [-73.94692380733167, 40.832188890453146], [-73.94692305225166, 40.832196162499926], [-73.94692163568291, 40.83220336130221], [-73.9469195635847, 40.832210447240904], [-73.94691684903329, 40.8322173761978], [-73.94691350747179, 40.832224109458735], [-73.94690955908771, 40.832230605610086], [-73.94690502762172, 40.83223682774252], [-73.94689993918573, 40.83224273894771], [-73.94689432344767, 40.83224830321943], [-73.9468685124902, 40.832277918503394], [-73.9468424196813, 40.83226407848482], [-73.9468474917369, 40.83226087145987], [-73.94685427132848, 40.832255783187904], [-73.9468604572851, 40.832250274111054], [-73.94686600570843, 40.832244384731396], [-73.94687087744168, 40.83223815645379], [-73.9468750356964, 40.83223163428608], [-73.94688031980328, 40.83221823465916], [-73.94688052992414, 40.83221788986651], [-73.94688322580227, 40.83221208021661], [-73.94688519506354, 40.832206099138055], [-73.94688642225331, 40.8321999997529], [-73.9468868954737, 40.832193835184896], [-73.9468866099396, 40.83218765946151], [-73.94688055526686, 40.832169812472124], [-73.94686575777195, 40.832137687714834], [-73.94682732678118, 40.83206011490474], [-73.94684559674445, 40.832052195372235]]]]}",192.876573398,13350004134.0,350000
"{'type': 'MultiPolygon', 'coordinates': [[[[-73.90170196745046, 40.819777389847246], [-73.90170145981371, 40.81977679598709], [-73.9017053595762, 40.819773606149724], [-73.9018173416937, 40.81968201476699], [-73.90181716274951, 40.819682789041934], [-73.90181701935235, 40.819683572352076], [-73.90181691151552, 40.819684355692544], [-73.90181682738556, 40.81968513905319], [-73.90181679066937, 40.819685922454184], [-73.90181678951349, 40.81968670588548], [-73.90181682271927, 40.81968749835101], [-73.90181689386942, 40.819688281843824], [-73.90181699940781, 40.81968905636101], [-73.90181712863979, 40.81968983990333], [-73.90181730529883, 40.81969061448106], [-73.90181740787241, 40.81969098827459], [-73.90181751751821, 40.81969138908906], [-73.90181776532448, 40.819692145717454], [-73.90181804869108, 40.81969290237608], [-73.9018183557778, 40.819693650049956], [-73.90181871027836, 40.81969439776421], [-73.9018190885124, 40.819695127488735], [-73.90181950232002, 40.81969584823859], [-73.90181995171457, 40.819696551008796], [-73.90182043666948, 40.81969725380922], [-73.90182094537111, 40.819697929615025], [-73.9018214896331, 40.81969860545109], [-73.90182206949527, 40.81969925430256], [-73.90182267307763, 40.81969989416927], [-73.90182330039347, 40.81970051604623], [-73.90182396328292, 40.81970112894851], [-73.90182464991908, 40.81970171485605], [-73.90182536028875, 40.81970228277392], [-73.90182609439191, 40.81970283270204], [-73.90182686408197, 40.819703364650515], [-73.90182764566534, 40.81970386959421], [-73.90182846282234, 40.81970436556321], [-73.90182929187264, 40.81970483452743], [-73.90183014466966, 40.81970527649697], [-73.90183102120018, 40.81970570047675], [-73.90183190962404, 40.819706097451714], [-73.90183282178134, 40.819706476436984], [-73.90183374584522, 40.819706819412495], [-73.90183469362931, 40.81970715340322], [-73.90183564146652, 40.819707451374136], [-73.90183661303716, 40.8197077313553], [-73.90183759651443, 40.81970797532669], [-73.90185064136307, 40.81971111115538], [-73.90188865499175, 40.8197202385248], [-73.90189300959219, 40.81972128770679], [-73.90189341839144, 40.819721386208776], [-73.90189619230098, 40.81972205493657], [-73.90189653784685, 40.8197224451457], [-73.90183502916334, 40.81975209748707], [-73.90183319048344, 40.81975304144342], [-73.90177111429811, 40.81978487517133], [-73.9017705229847, 40.819784756702475], [-73.90176934983528, 40.81978452337488], [-73.9017677974855, 40.81978421498299], [-73.90175101910236, 40.81978086254602], [-73.9017424290545, 40.81977914608338], [-73.90173575514865, 40.819777812163224], [-73.90173469457535, 40.81977760054314], [-73.9017225424272, 40.81977517145177], [-73.90172166551076, 40.81977500861494], [-73.9017207767143, 40.8197748637779], [-73.90171988787795, 40.81977474595572], [-73.90171898716153, 40.81977464613335], [-73.90171808640527, 40.81977457332582], [-73.90171718562236, 40.81977451852823], [-73.90171627294609, 40.81977449073539], [-73.90171537208339, 40.819774489967514], [-73.9017144711941, 40.81977450720956], [-73.90171357026489, 40.81977455146645], [-73.90171265744239, 40.81977462272811], [-73.90171176830013, 40.8197747120199], [-73.90171086726453, 40.81977482831644], [-73.90170998990924, 40.81977496264308], [-73.90170910066057, 40.819775123974495], [-73.90170823509222, 40.81977530333603], [-73.90170736948396, 40.81977550971242], [-73.90170710742017, 40.819775578827276], [-73.9017065157026, 40.81977573410883], [-73.90170567373472, 40.819775985530214], [-73.90170483174026, 40.819776254961496], [-73.9017040134261, 40.81977654242291], [-73.90170320692548, 40.81977685690923], [-73.90170298631416, 40.81977694947236], [-73.90170196745046, 40.819777389847246]]]]}",137.919414034,14350004339.0,350000
"{'type': 'MultiPolygon', 'coordinates': [[[[-73.91901243597194, 40.77878392859972], [-73.91906554030547, 40.7787388381261], [-73.91911861610566, 40.7786937728218], [-73.91911879241967, 40.77869490757872], [-73.91911901611829, 40.77869604236892], [-73.91911928721242, 40.77869716818736], [-73.91911961754825, 40.77869828504237], [-73.9191199952796, 40.778699392925574], [-73.91912042040651, 40.77870049183705], [-73.91912089292894, 40.77870158177678], [-73.91912141285788, 40.77870265373971], [-73.91912199202844, 40.778703716739166], [-73.91912260675939, 40.77870476175356], [-73.91912326889683, 40.77870578879114], [-73.9191239902869, 40.77870679786031], [-73.91912474723733, 40.778707788944374], [-73.91913433795541, 40.7787145611505], [-73.91914597157165, 40.778722775593316], [-73.91914629351145, 40.77872300274585], [-73.91917625757273, 40.778744160361306], [-73.91919644983699, 40.77875841146695], [-73.91922777981057, 40.77878053176339], [-73.91927930210473, 40.778816903142214], [-73.91933082445513, 40.77885327449782], [-73.91933998319733, 40.778859742914925], [-73.91938233501563, 40.77888964582189], [-73.91939819536009, 40.77890084115766], [-73.91942585509244, 40.77892037439026], [-73.91934392866186, 40.77900685536632], [-73.91929830195149, 40.77897446836757], [-73.9192980060476, 40.778974261044766], [-73.9192467087428, 40.77893785381283], [-73.91924032084785, 40.778933319808644], [-73.91919541150502, 40.77890143755282], [-73.91914411431242, 40.77886503027479], [-73.91910101951518, 40.77883443697359], [-73.91909281717584, 40.778828622973734], [-73.91905869526106, 40.778804405210415], [-73.91905146111995, 40.77879927086656], [-73.91904152009542, 40.7787922156497], [-73.91903992191445, 40.77879135004446], [-73.91903827629406, 40.77879052943098], [-73.91903691474732, 40.77878990172461], [-73.91903659508047, 40.778789753817605], [-73.91903487828465, 40.778789014199305], [-73.91903313773088, 40.77878832859444], [-73.91903136158388, 40.77878768798971], [-73.91902956168983, 40.778787092393344], [-73.9190277262026, 40.77878654179709], [-73.91902587880351, 40.778786045222546], [-73.9190239958112, 40.77878559364812], [-73.91902211276421, 40.778785187098734], [-73.91902019411299, 40.77878483455447], [-73.9190182753961, 40.77878453604026], [-73.91901633293217, 40.77878428253447], [-73.91901439041347, 40.7787840740537], [-73.91901243597194, 40.77878392859972]]]]}",325.44934506,13350003934.0,350000
"{'type': 'MultiPolygon', 'coordinates': [[[[-73.8382296381826, 40.744682731849636], [-73.83844886296201, 40.74456841206706], [-73.8385739135052, 40.74449702401597], [-73.83862574649658, 40.74446743661342], [-73.83862732222411, 40.744466536511986], [-73.83864512353657, 40.744456375803914], [-73.83864523143144, 40.744456313819995], [-73.83865017439564, 40.74445349224853], [-73.8386534354233, 40.74445142564801], [-73.83865644831151, 40.74444915158293], [-73.83865921299474, 40.7444466970684], [-73.83866168209113, 40.744444071043205], [-73.83866200869537, 40.74444365726694], [-73.8386638673752, 40.74444130053907], [-73.83869322808843, 40.744423827679555], [-73.83877519777755, 40.74437504665738], [-73.83882115368363, 40.744347696807104], [-73.83882571554908, 40.74434578510849], [-73.8388259099629, 40.74434568722516], [-73.83883006617495, 40.744343584951544], [-73.83883415695176, 40.744341123283384], [-73.83892828128205, 40.744279182923265], [-73.83902218010745, 40.744217395257145], [-73.83903521456907, 40.74420818326518], [-73.83904824907059, 40.744198953261595], [-73.83906125988845, 40.74418972322346], [-73.83907425890628, 40.74418047515718], [-73.83908724610225, 40.74417121806782], [-73.83910022147636, 40.744161951955405], [-73.83911318502864, 40.744152676819965], [-73.83912613678073, 40.744143383656365], [-73.83913907668929, 40.74413409047475], [-73.83915199295777, 40.74412477924851], [-73.83916490924435, 40.74411545901575], [-73.83917780186904, 40.74410612974342], [-73.83919069451191, 40.74409679146457], [-73.83920356351469, 40.744087435141104], [-73.83921642067388, 40.74407807879967], [-73.83922926603293, 40.744068704430155], [-73.83924208773016, 40.744059321021126], [-73.83925490944544, 40.744049928605556], [-73.83926771933893, 40.74404052716697], [-73.83928050557058, 40.74403111668888], [-73.83929329184207, 40.744021688199226], [-73.83930605445173, 40.74401225067007], [-73.83931880521774, 40.74400281312293], [-73.83933154418368, 40.743993357547765], [-73.83934427132775, 40.743983892949664], [-73.83935698664996, 40.743974419328524], [-73.83936967833209, 40.74396492766283], [-73.83938237001058, 40.743955435995744], [-73.8393950380489, 40.743945926284105], [-73.83968242598458, 40.743731177240896], [-73.83972991705396, 40.74369630361575], [-73.83977740809527, 40.743661420965836], [-73.8398248990652, 40.74362654730121], [-73.83987239000706, 40.7435916646118], [-73.83992411288712, 40.74355464457484], [-73.8399758357097, 40.74351762451452], [-73.84002755847477, 40.74348060443072], [-73.84007929300063, 40.743443593345006], [-73.84013101565081, 40.7434065732144], [-73.84018273824347, 40.74336955306035], [-73.84022049945224, 40.74334229663751], [-73.84023493594879, 40.74333187617096], [-73.84028713359506, 40.7432941992577], [-73.84033933118229, 40.74325652232061], [-73.84038240096386, 40.74322543523694], [-73.8403915287105, 40.743218845359614], [-73.84044371433984, 40.74318116835841], [-73.84049591172841, 40.743143500354776], [-73.84054810907952, 40.74310582332227], [-73.84059565780262, 40.743071219570616], [-73.84064319463654, 40.743036615782835], [-73.84069074326086, 40.74300201199163], [-73.84073754465966, 40.74296793844737], [-73.84073827999602, 40.742967408164276], [-73.84078582852158, 40.74293280433348], [-73.84083336515795, 40.742898200466485], [-73.84088091358467, 40.742863596596095], [-73.84092845012228, 40.74282899268956], [-73.84097598661053, 40.74279438876324], [-73.84102572895878, 40.7427582299825], [-73.84107547123149, 40.74272208018515], [-73.84112520163202, 40.742685921344744], [-73.84117494379677, 40.74264977150408], [-73.84122468592908, 40.74261361263672], [-73.84127441614615, 40.74257746273638], [-73.84132415817048, 40.74254130382566], [-73.84137296306801, 40.742505873014416], [-73.841421756074, 40.74247044216604], [-73.8414705608892, 40.74243500230804], [-73.841519365631, 40.74239957143425], [-73.84156817032097, 40.74236414053959], [-73.84161697498041, 40.74232870061903], [-73.84164243165814, 40.74231021576796], [-73.84166576772684, 40.74229326966637], [-73.84176598108075, 40.742222573400724], [-73.84186907727938, 40.74215433038864], [-73.84197498511662, 40.742088612565425], [-73.84208357421102, 40.74202548278019], [-73.84216624201044, 40.74197908483924], [-73.84225056312303, 40.74193442708463], [-73.84233647824773, 40.74189155445706], [-73.84234297476473, 40.741888504323114], [-73.84242390440468, 40.74185051186495], [-73.84245114544956, 40.74183630308901], [-73.84248717391863, 40.74181855742127], [-73.8425051071656, 40.74185220603205], [-73.84252231196656, 40.74188449027401], [-73.84252055897174, 40.74188530013566], [-73.84240033128467, 40.74194079070295], [-73.84232099840632, 40.741980403544076], [-73.842288765956, 40.74199649652183], [-73.84216732377475, 40.742061708872605], [-73.84204888591127, 40.74213006618885], [-73.84193362306043, 40.74220147956368], [-73.84182165382043, 40.742275861820026], [-73.84171502276108, 40.74235177856601], [-73.84171311452549, 40.742353136611634], [-73.84166433301799, 40.74238881253783], [-73.84161532938576, 40.74242377403457], [-73.84156633398779, 40.74245873642225], [-73.84151732908376, 40.74249369157178], [-73.84146832529945, 40.742528652104994], [-73.84141932145943, 40.74256361441818], [-73.84137031758507, 40.742598569506306], [-73.84132265004193, 40.74263316441023], [-73.84127498481939, 40.74266775839702], [-73.84122731717511, 40.74270235416165], [-73.84117966014132, 40.74273694812007], [-73.84113199358413, 40.74277154294603], [-73.84111365517279, 40.742784851476074], [-73.84108432816575, 40.74280613595277], [-73.84103666150742, 40.742840731639426], [-73.84103476978531, 40.74284210410471], [-73.84098899361776, 40.742875326404096], [-73.84094132686256, 40.74290992115049], [-73.84088934679177, 40.742947499606004], [-73.84086084412151, 40.74296810888254], [-73.84083737495014, 40.74298507804934], [-73.84078540186381, 40.74302265736789], [-73.84073342872101, 40.74306023576223], [-73.8406814567057, 40.74309781323405], [-73.84062948344558, 40.74313539158115], [-73.8405860535527, 40.74316712122187], [-73.84058408215776, 40.74316863044669], [-73.84058218285634, 40.74317019380173], [-73.84058034619379, 40.743171804069924], [-73.84057858875234, 40.74317345857263], [-73.84057690460993, 40.74317515820216], [-73.84057530087259, 40.74317690206793], [-73.8405737799083, 40.74317869017311], [-73.84057233227531, 40.74318050989758], [-73.84047944996364, 40.74324669832313], [-73.84037763678803, 40.74331925169611], [-73.84037492378525, 40.74332044291056], [-73.8403722674712, 40.74332169363704], [-73.84036967017292, 40.743323020988484], [-73.8403671319356, 40.7433244060543], [-73.84036465628105, 40.74332586144637], [-73.84036224914858, 40.74332737906852], [-73.84035991171788, 40.743328960723275], [-73.84035764637854, 40.743330597408914], [-73.84031210139058, 40.74336440058624], [-73.84026655517023, 40.74339820464423], [-73.84022100891882, 40.7434320023805], [-73.84021580786153, 40.74343586374866], [-73.84017546379005, 40.74346580640377], [-73.84012991744622, 40.74349960410371], [-73.84007973324945, 40.743535914067614], [-73.8400295419092, 40.743572217696], [-73.83997935879134, 40.7436085258164], [-73.83992916615554, 40.74364483029956], [-73.83987898292835, 40.743681138375834], [-73.83982879018532, 40.74371744191437], [-73.83979522591125, 40.74374172606491], [-73.83977860566253, 40.743753750845386], [-73.83972860655449, 40.74378875697702], [-73.83967861568185, 40.74382376309827], [-73.83962788523375, 40.743861522822726], [-73.83957715473029, 40.743899281624095], [-73.83952642416936, 40.743937040402905], [-73.83947569474793, 40.743974793757815], [-73.839424964072, 40.74401255249155], [-73.83942407205711, 40.74401323563417], [-73.83937756460183, 40.744048560758024], [-73.83933016508043, 40.74408456900481], [-73.83928276549041, 40.74412058443597], [-73.83928225358616, 40.74412173817319], [-73.83919949436434, 40.74420211638801], [-73.83917351442742, 40.74422734837407], [-73.83915927061147, 40.74424118190202], [-73.8391347468313, 40.74426500031382], [-73.83901324311748, 40.74434827523782], [-73.83901234296695, 40.74434889172822], [-73.83899739539785, 40.744362888144835], [-73.83899422218448, 40.744365858988104], [-73.83899329657316, 40.744366722182015], [-73.83899471699307, 40.74439627884713], [-73.83898727057291, 40.7444252657021], [-73.8389834858998, 40.74443824483892], [-73.83897855328296, 40.744450998144124], [-73.83897252019307, 40.74446347975809], [-73.83896538680374, 40.744475617640184], [-73.83895720058335, 40.74448736683115], [-73.83894799718243, 40.74449867335021], [-73.83893782411309, 40.744509474227876], [-73.83892670512063, 40.744519742481955], [-73.83891471139758, 40.74452941517615], [-73.83890189039127, 40.74453845635618], [-73.8388883014108, 40.74454682107938], [-73.83887493558781, 40.7445539722281], [-73.83887401560561, 40.744554464419565], [-73.8388590685397, 40.74456136841613], [-73.838843555021, 40.74456749718104], [-73.8387937412425, 40.74458319536762], [-73.83877311096126, 40.74458469645367], [-73.8387557396495, 40.74458596076245], [-73.83872442069755, 40.744587711624625], [-73.83870278352568, 40.744588921324564], [-73.83870195991267, 40.744588731964946], [-73.83862587746495, 40.74457125368571], [-73.83841961741477, 40.74468089854519], [-73.83838548450089, 40.744699042720995], [-73.8382709800628, 40.74475991033047], [-73.8382539876645, 40.7447689428792], [-73.83823935568005, 40.74477672073065], [-73.83822464344185, 40.744784390406544], [-73.83820989572374, 40.74479204202056], [-73.83819514804594, 40.744799675622595], [-73.8381803649101, 40.74480728215766], [-73.83816556999636, 40.74481486165902], [-73.83815075144284, 40.74482242311514], [-73.8381359210896, 40.74482996654255], [-73.83812105527825, 40.744837482902966], [-73.83810618952927, 40.744844972246305], [-73.8380912883003, 40.74485244352772], [-73.83807637527171, 40.74485989678041], [-73.83806143862516, 40.74486732298273], [-73.838046490179, 40.74487473115637], [-73.8380315181149, 40.74488211227959], [-73.83801652241108, 40.74488947535743], [-73.83800151492952, 40.74489681140155], [-73.83798648383005, 40.74490412039521], [-73.8379714409091, 40.74491142036519], [-73.83795637439218, 40.74491868427972], [-73.83794128423557, 40.74492593014882], [-73.83792618227932, 40.744933157989195], [-73.83791105670532, 40.74494035877906], [-73.83789591933171, 40.74494754154018], [-73.83788075834029, 40.74495469725086], [-73.83786557373114, 40.74496182591099], [-73.83785037732238, 40.74496893654234], [-73.837835157274, 40.74497602912831], [-73.837819925448, 40.74498309468037], [-73.83780467000422, 40.74499013318195], [-73.83778940276098, 40.74499715365469], [-73.83777411189998, 40.74500414707696], [-73.83772022755772, 40.745028805425186], [-73.83762691636618, 40.745071504783304], [-73.83759538195888, 40.74508819176364], [-73.83755376206624, 40.74511021533035], [-73.83749252009115, 40.74514262467406], [-73.83746205972645, 40.74515874311154], [-73.83733885117333, 40.74522394156017], [-73.83733217688953, 40.74522731624359], [-73.83720423680558, 40.745291997277185], [-73.83719327341446, 40.745297539716624], [-73.83718254000512, 40.74530296631455], [-73.83711960003913, 40.74533478592791], [-73.83709978576873, 40.74534480307333], [-73.83709370544311, 40.74534785620102], [-73.83708491987976, 40.745352256264106], [-73.83707032556343, 40.74536001600991], [-73.83705602649992, 40.745368082344314], [-73.83704205705888, 40.74537644180848], [-73.83704115699076, 40.74537701145714], [-73.83702834969598, 40.74538511681962], [-73.83701498383961, 40.74539406696734], [-73.83700196066277, 40.745403296755946], [-73.83698928016554, 40.74541280618564], [-73.83697694239181, 40.74542257724637], [-73.83696498288437, 40.745432600983506], [-73.83695338978096, 40.74544288638544], [-73.836942174988, 40.74545340645385], [-73.8369313621859, 40.74546416122244], [-73.83692093955668, 40.745475141669445], [-73.83691093080287, 40.74548633882353], [-73.83690133594664, 40.74549774367968], [-73.83689215501008, 40.745509347233], [-73.83688393235752, 40.745521267320534], [-73.83687546129957, 40.74553308799976], [-73.83686675367645, 40.74554480928743], [-73.83685779766992, 40.745556422161584], [-73.83680233565936, 40.74561481538071], [-73.83679995316689, 40.745617324422454], [-73.83679323186088, 40.745624400096155], [-73.83678602859278, 40.74563198387355], [-73.8367854267367, 40.74563261787888], [-73.83670843784718, 40.74571367334879], [-73.83668894070325, 40.74573480764509], [-73.83668591337931, 40.74573808930657], [-73.83668008785932, 40.7457444035134], [-73.8366737862717, 40.745751235737494], [-73.83667156860541, 40.745753640551335], [-73.83659350856414, 40.7458382820486], [-73.83659299688493, 40.7458388369361], [-73.83658761772388, 40.745844669999684], [-73.83657942848134, 40.745853549997214], [-73.83657775810359, 40.74585536125041], [-73.83642680047618, 40.746019041229026], [-73.83618138269871, 40.746280118917305], [-73.83598594767977, 40.74648580497463], [-73.8359769210421, 40.746495694106294], [-73.83597259595143, 40.74650041201191], [-73.83597242498843, 40.746500599074075], [-73.83597198927932, 40.74650107212078], [-73.83593378199758, 40.746542633779036], [-73.83589771852206, 40.746584860352236], [-73.83586348458078, 40.74662795580983], [-73.83583110160637, 40.74667187245713], [-73.83580061943545, 40.74671656804276], [-73.83577205711985, 40.746762000271545], [-73.83574815796818, 40.74680342287755], [-73.8357454550777, 40.74680810526647], [-73.83574305322095, 40.74681267191908], [-73.83572084180936, 40.74685485065121], [-73.83569839913442, 40.74689140807829], [-73.83569815296833, 40.74689184087151], [-73.8356774553601, 40.746928480028345], [-73.83565802597427, 40.746966028702886], [-73.8356401241081, 40.7470040117976], [-73.8356237735248, 40.74704239692874], [-73.83560899326939, 40.74708114450188], [-73.83559578934013, 40.747120223908816], [-73.8355763795497, 40.747169941160195], [-73.8355569697347, 40.74721965660692], [-73.83553756817692, 40.7472693729624], [-73.83553740611403, 40.74726979056666], [-73.83551815948584, 40.74731908930411], [-73.83549874839544, 40.7473688065393], [-73.835479346753, 40.74741852198338], [-73.83546151148943, 40.7474692392253], [-73.83544368331862, 40.7475199501707], [-73.83542585510727, 40.74757066651599], [-73.83540802806401, 40.74762137835731], [-73.83539019980066, 40.747672093795856], [-73.83537236439908, 40.747722811922635], [-73.83535453609257, 40.74777352285238], [-73.8353367077455, 40.747824239182044], [-73.83531887938469, 40.74787495010553], [-73.8353034645078, 40.74791880350788], [-73.83530105216742, 40.74792566643064], [-73.83528321546387, 40.74797637733602], [-73.83526538700605, 40.74802709455367], [-73.83524755970735, 40.7480778108694], [-73.83522973120854, 40.748128522677774], [-73.83521189438302, 40.7481792389737], [-73.83519406701626, 40.748229949876986], [-73.83517623842269, 40.748280667079], [-73.83517083653855, 40.748296032817656], [-73.8350579581892, 40.74840089655039], [-73.83505993488284, 40.74839736038552], [-73.83506175539219, 40.748393778071055], [-73.8350634102424, 40.74839015049392], [-73.83506489943136, 40.748386478554664], [-73.83506622177045, 40.748382764052636], [-73.8350673689245, 40.74837902588651], [-73.83506834920415, 40.74837525506315], [-73.83506915310583, 40.74837146417606], [-73.83506978774503, 40.748367648732845], [-73.83510900738752, 40.74822388478743], [-73.83515311030467, 40.74808094547612], [-73.8352144425557, 40.74790875888853], [-73.83522674998342, 40.747874206900555], [-73.83530574898042, 40.74766862408335], [-73.83539424298, 40.74743025287619], [-73.83546105793943, 40.74724921117954], [-73.83547553997145, 40.74720996972187], [-73.83547802655188, 40.74720323297195], [-73.83548210925741, 40.74719217426282], [-73.83548225229998, 40.74719178724874], [-73.83549480980162, 40.74715846748103], [-73.8354988669072, 40.74714770410127], [-73.83550882015493, 40.74712130011527], [-73.83551548147018, 40.74710362995617], [-73.83553209601119, 40.74705955580843], [-73.83554412664958, 40.74702763827381], [-73.83554870934618, 40.747015481656305], [-73.83556532384323, 40.7469714075032], [-73.83558193832056, 40.7469273324469], [-73.83559489788018, 40.74689754143123], [-73.83560892199041, 40.74686531065639], [-73.83563863894778, 40.74680402577296], [-73.83567105353589, 40.74674352997323], [-73.83570612175689, 40.74668389703379], [-73.83574382211012, 40.746625200763255], [-73.83578484593463, 40.746569418759776], [-73.83582819618891, 40.7465146585319], [-73.83587381943659, 40.746460981235494], [-73.83589855352731, 40.746433821136584], [-73.83590274453415, 40.746429220108766], [-73.83591704501434, 40.74641351671182], [-73.83592166817976, 40.7464084408307], [-73.83597170203866, 40.74635708588463], [-73.83597984457927, 40.74634847691715], [-73.8360039540264, 40.74632299085069], [-73.83601213573387, 40.74631434051329], [-73.83603667251761, 40.746288404794306], [-73.83605257055898, 40.74627159602963], [-73.83606250326345, 40.746261096736525], [-73.83607623715059, 40.74624657848214], [-73.83609301245194, 40.74622884523814], [-73.83613344598926, 40.746186100723925], [-73.83617388065876, 40.746143356196896], [-73.8362143141078, 40.74610060535028], [-73.8362547486757, 40.74605785989387], [-73.83629518201874, 40.74601510991877], [-73.83633518738306, 40.74597207746215], [-73.83637518439195, 40.745929051283156], [-73.8364151813647, 40.74588601878639], [-73.83643535492922, 40.745864318177254], [-73.83645518657399, 40.745842986287315], [-73.8364762184417, 40.74582035936632], [-73.83648980319894, 40.7458057435954], [-73.83649518344113, 40.74579995466279], [-73.8365052897907, 40.74578908186663], [-73.83651318919765, 40.745780582377805], [-73.8365351814451, 40.745756921224796], [-73.83657044378111, 40.74571899053607], [-73.83657518649709, 40.74571388958373], [-73.83657599428373, 40.74571281102074], [-73.83657675475568, 40.7457117134799], [-73.83657745725448, 40.7457105978466], [-73.8365781219108, 40.745709463248986], [-73.8365787274055, 40.74570831235828], [-73.8365792772797, 40.74570714968205], [-73.83657977746451, 40.74570597072614], [-73.83658022796212, 40.74570477459005], [-73.8365806133604, 40.74570356935657], [-73.83658095732432, 40.745702361362774], [-73.83658123383634, 40.74570113796457], [-73.83658146180765, 40.74569991269653], [-73.83658163059751, 40.745698679239965], [-73.83658175085992, 40.74569743851042], [-73.83668555274971, 40.74558670438015], [-73.83668716675736, 40.74558614925417], [-73.83668727341662, 40.745586109783055], [-73.83668875480686, 40.74558555717056], [-73.83669032046807, 40.74558492093033], [-73.8366918589894, 40.7455842468302], [-73.83669336444633, 40.74558353666283], [-73.83669483567246, 40.74558278322257], [-73.83669627146614, 40.745581993711674], [-73.83669768010003, 40.74558117444554], [-73.83669904384254, 40.74558031369236], [-73.83670037213933, 40.7455794222716], [-73.83670166499924, 40.74557849658131], [-73.83670290940016, 40.74557753570245], [-73.83670411124464, 40.74557654684749], [-73.83670527173429, 40.74557552281411], [-73.83670638728178, 40.74557447800529], [-73.83671057761491, 40.74556962390391], [-73.83671494962176, 40.7455645584405], [-73.8367384125774, 40.745537397257145], [-73.8367704472941, 40.745500322816945], [-73.83678672631592, 40.745482507721434], [-73.83680378336342, 40.745465123268396], [-73.83682159476031, 40.74544816762292], [-73.8368401308132, 40.745431678563925], [-73.83685937610099, 40.74541566777576], [-73.8368793163713, 40.74540015324815], [-73.83689763540362, 40.74538476069134], [-73.83691657021758, 40.745369812053475], [-73.83693611722586, 40.7453553217374], [-73.8369562432605, 40.74534129599929], [-73.8369755903889, 40.74532864423111], [-73.8369981765464, 40.74531472552618], [-73.83701994469006, 40.74530219514335], [-73.83704221238807, 40.745290187757945], [-73.83705290330764, 40.745284709783945], [-73.83708481191535, 40.745268096422755], [-73.83711772820634, 40.74525095948159], [-73.83716787776201, 40.74522565317251], [-73.83717809663385, 40.745220496901474], [-73.83718193641695, 40.74521855903307], [-73.83718215454472, 40.74521844947942], [-73.83719068528914, 40.745214143602034], [-73.8372402456068, 40.74518913359616], [-73.83731288366234, 40.74515247747868], [-73.83731427189181, 40.74515176443609], [-73.83744188926454, 40.7450862282418], [-73.83745547633717, 40.74507925046937], [-73.83745554628199, 40.745079214547765], [-73.83748441448726, 40.74506439600007], [-73.83754690668107, 40.74503005953536], [-73.83754761922236, 40.74502967152085], [-73.83755817111337, 40.74502387812596], [-73.83761223930779, 40.7449966788786], [-73.83766631692582, 40.744969481420135], [-73.83767167643724, 40.74496678564842], [-73.83772039094325, 40.74494228573217], [-73.83777446137327, 40.74491508641167], [-73.8378025166584, 40.74490097714006], [-73.83782854004501, 40.7448878879779], [-73.83788261038893, 40.744860687705916], [-73.83793471292921, 40.74483394389879], [-73.83798681424584, 40.74480719916582], [-73.83817385974706, 40.74471181915099], [-73.8382296381826, 40.744682731849636]], [[-73.83878178493175, 40.74455293056203], [-73.83878130108002, 40.744552272513786], [-73.83878074610078, 40.744551650386285], [-73.83878011997221, 40.74455107318459], [-73.8387794227162, 40.74455053190367], [-73.83877867799093, 40.744550035581696], [-73.83877787391285, 40.7445496022122], [-73.83877702236558, 40.74454921380168], [-73.83877613516738, 40.74454887937173], [-73.83877521227467, 40.74454861693247], [-73.8387742655711, 40.74454840849035], [-73.83877329505673, 40.74454825404539], [-73.83877231252788, 40.744548171624274], [-73.83877132982472, 40.74454816124354], [-73.83877033515074, 40.744548204876544], [-73.83876936398254, 40.7445483205831], [-73.83876840452363, 40.74454849033653], [-73.83876745673048, 40.744548732146946], [-73.83876655616677, 40.744549028053946], [-73.83876567913062, 40.74454938702946], [-73.83876484934571, 40.744549791096524], [-73.83876407860855, 40.74455025828181], [-73.83876335512265, 40.74455077055867], [-73.83876269072807, 40.74455132794364], [-73.83876209726488, 40.744551930453326], [-73.83876157475491, 40.74455256908263], [-73.83876111137982, 40.74455323480998], [-73.8387607426598, 40.74455392768511], [-73.83876044491477, 40.74455464767485], [-73.83876023000657, 40.74455538579071], [-73.83876010979705, 40.744556133044235], [-73.8387600606279, 40.74455688039714], [-73.83876010617925, 40.74455762788273], [-73.83876022277097, 40.74455837546775], [-73.83876043410497, 40.744559114180355], [-73.83876072836301, 40.74455983499886], [-73.8387610937268, 40.74456052890167], [-73.83876155387647, 40.744561195921904], [-73.8387620732918, 40.74456183600984], [-73.83876266383473, 40.74456244017706], [-73.83876332552701, 40.74456299941848], [-73.8387640465286, 40.744563513717495], [-73.8387648149994, 40.74456398305756], [-73.83876564282309, 40.744564389445124], [-73.83876651811599, 40.74456475087373], [-73.83876741724158, 40.74456504930013], [-73.83876836385815, 40.74456529376249], [-73.83876932248917, 40.744565466201024], [-73.83877029309102, 40.744565584625796], [-73.83877128754733, 40.744565631043315], [-73.83877227029434, 40.74456562341395], [-73.83877325321568, 40.74456554374413], [-73.83877422444947, 40.74456540102241], [-73.83877517217749, 40.744565186227085], [-73.83877609633436, 40.74456492637337], [-73.83877698514534, 40.74456459442952], [-73.8387778385669, 40.74456420840561], [-73.83877864473715, 40.74456377729015], [-73.8387793918596, 40.74456328305647], [-73.83878009173071, 40.74456274373123], [-73.83878072064866, 40.74456216828631], [-73.83878127863517, 40.74456154771669], [-73.83878176566847, 40.7445608910275], [-73.83878218170496, 40.7445602162287], [-73.83878251494816, 40.7445595052937], [-73.8387827771946, 40.74455877624913], [-73.8387829447423, 40.74455803806694], [-73.83878302943138, 40.74455729076368], [-73.83878303126183, 40.74455653433939], [-73.83878295019004, 40.7445557868041], [-73.83878278621604, 40.74455504815784], [-73.83878252749976, 40.744554318384075], [-73.83878219769954, 40.74455360652094], [-73.83878178493175, 40.74455293056203]], [[-73.8386947715632, 40.744548234148866], [-73.8386942522794, 40.74454754003032], [-73.83869365004978, 40.744546872810815], [-73.8386929766708, 40.74454625051706], [-73.83869224396071, 40.7445456821707], [-73.83869145194139, 40.74454515876667], [-73.83869058875085, 40.74454468929346], [-73.83868968990932, 40.744544273800784], [-73.83868874355493, 40.74454392127717], [-73.8386877496877, 40.74454363172254], [-73.83868674380598, 40.74454341419175], [-73.83868570227332, 40.74454325064154], [-73.83868466054439, 40.74454316813675], [-73.83868360682276, 40.74454314865073], [-73.8386825529267, 40.7445432012051], [-73.83868151071806, 40.74454331681141], [-73.83868048017504, 40.74454350447468], [-73.83867947315954, 40.74454375520649], [-73.8386785133298, 40.74454407804505], [-73.83867757704932, 40.74454445494707], [-73.8386766998165, 40.744544894967376], [-73.83867586981306, 40.7445453890843], [-73.83867509887907, 40.74454593731446], [-73.83867438703635, 40.7445465306528], [-73.83867375796505, 40.744547169132474], [-73.83867318798497, 40.744547852720316], [-73.83867271265991, 40.74454856345597], [-73.838672308288, 40.7445493103114], [-73.83867199859294, 40.74455007530956], [-73.83867177173468, 40.74455085843393], [-73.83867162773504, 40.74455165067944], [-73.83867157843407, 40.74455245206265], [-73.83867162385359, 40.744553253578566], [-73.83867176399359, 40.74455405522718], [-73.83867198705762, 40.74455483898175], [-73.83867229304572, 40.74455560484234], [-73.83867269381972, 40.74455634382044], [-73.83867316567769, 40.74455706488789], [-73.83867373236521, 40.7445577410628], [-73.83867435834021, 40.744558381300436], [-73.83867506728295, 40.744558985633944], [-73.83867583557864, 40.74455952701501], [-73.83867666316185, 40.744560032458786], [-73.83867753825798, 40.744560474933536], [-73.83867847270706, 40.744560854455834], [-73.8386794309889, 40.74456117097589], [-73.83868043676179, 40.74456143353202], [-73.8386814664111, 40.74456161507583], [-73.8386825080313, 40.7445617426059], [-73.838683561666, 40.74456179811215], [-73.83868461547515, 40.74456178157798], [-73.83868565761865, 40.74456169298677], [-73.83868669991473, 40.74456154136022], [-73.83868770686512, 40.74456131764351], [-73.83868870212804, 40.74456103087486], [-73.83868965016153, 40.744560690009536], [-73.8386905510092, 40.744560277037465], [-73.83869141646748, 40.74455980998532], [-73.83869221101615, 40.744559288803366], [-73.83869294649537, 40.74455871350819], [-73.83869362288328, 40.74455809310484], [-73.83869422831803, 40.74455743658179], [-73.83869475098135, 40.74455673491739], [-73.83869519082964, 40.744556006121805], [-73.8386955478629, 40.74455525019495], [-73.83869582205934, 40.744554476141914], [-73.83869600155708, 40.74455369295117], [-73.83869608637794, 40.74455289161766], [-73.83869608831836, 40.74455209016812], [-73.83869600737839, 40.74455128860245], [-73.83869583169611, 40.7445504959092], [-73.83869556124976, 40.74454972109337], [-73.8386952078794, 40.74454896417158], [-73.8386947715632, 40.744548234148866]], [[-73.838822064611, 40.74454817822349], [-73.83882259582333, 40.74454883633786], [-73.83882321000326, 40.74454945854801], [-73.83882388349241, 40.74455003581575], [-73.83882462815265, 40.744550559152565], [-73.83882543212212, 40.74455103754701], [-73.83882628356073, 40.74455147098242], [-73.83882717069386, 40.74455183242714], [-73.83882810529616, 40.74455214891286], [-73.83882907559294, 40.744552393407886], [-73.83883005788228, 40.744552574884025], [-73.83883106400422, 40.74455269335802], [-73.83883208214046, 40.74455273980814], [-73.83883310040744, 40.74455273222796], [-73.83883410703044, 40.74455264358572], [-73.83883511378413, 40.74455250091318], [-73.8388360851919, 40.744552286150544], [-73.83883703307202, 40.744552008319374], [-73.83883795740267, 40.74455167642473], [-73.83883883452562, 40.74455128142845], [-73.83883965257894, 40.744550832319035], [-73.8388404234027, 40.744550329113025], [-73.83884114699691, 40.74454977181044], [-73.83884178779783, 40.744549178371685], [-73.83884236950735, 40.74454853982482], [-73.83884286842357, 40.744547865141804], [-73.83884329636477, 40.74454716334418], [-73.8388436414909, 40.74454643441546], [-73.83884390378012, 40.74454568736067], [-73.83884408323253, 40.74454492217979], [-73.83884416796447, 40.7445441568664], [-73.83884416983777, 40.74454338243198], [-73.83884408883067, 40.74454260788159], [-73.83884391305952, 40.744541851208744], [-73.83884365438625, 40.744541103425], [-73.83884331278895, 40.7445403735354], [-73.8388428882459, 40.74453967054496], [-73.83884239259717, 40.74453899447032], [-73.83884181398092, 40.744538354299856], [-73.83884117605547, 40.74453775907183], [-73.83884045516248, 40.744537199748045], [-73.83883968677858, 40.744536694388266], [-73.83883887090377, 40.74453624299253], [-73.83883799569799, 40.74453584554426], [-73.83883707300132, 40.74453550206005], [-73.83883612645023, 40.74453523058309], [-73.83883515608832, 40.74453501310328], [-73.83883415005378, 40.74453485860912], [-73.83883314384495, 40.74453477615536], [-73.83883212564359, 40.74453475672041], [-73.838831107268, 40.744534809325856], [-73.83883010057993, 40.74453492498322], [-73.83882911741946, 40.74453510370908], [-73.83882814594656, 40.74453534548685], [-73.83882720984136, 40.744535650349675], [-73.83882632094385, 40.74453601831414], [-73.83882546743585, 40.7445364403586], [-73.83882466115732, 40.74453691649964], [-73.83882391394833, 40.744537446753846], [-73.83882323767077, 40.744538022132716], [-73.83882262048455, 40.74453864261967], [-73.8388220860916, 40.74453929924277], [-73.8388216226736, 40.744539982980484], [-73.83882123020884, 40.74454070283782], [-73.83882093242094, 40.74454144083782], [-73.83882070562983, 40.744542196947336], [-73.83882057353738, 40.74454296219444], [-73.83882053614363, 40.74454373657912], [-73.83882056979023, 40.74454451106326], [-73.83882069817908, 40.7445452766749], [-73.83882092131022, 40.74454603341405], [-73.83882121552526, 40.7445467722425], [-73.83882160450437, 40.74454749319342], [-73.838822064611, 40.74454817822349]], [[-73.83890065291268, 40.74449691418226], [-73.83889955183153, 40.744496894631965], [-73.83889845057617, 40.74449694712207], [-73.83889736098665, 40.74449707166915], [-73.83889629490308, 40.744497268289734], [-73.83889525234713, 40.744497527978815], [-73.83889423329705, 40.74449785974141], [-73.83889326145474, 40.74449825460561], [-73.83889234866024, 40.74449871258798], [-73.83889148307348, 40.7444992336719], [-73.83889067655633, 40.74449980886899], [-73.83888994097065, 40.744500429190694], [-73.83888927631631, 40.74450109463701], [-73.83888868259339, 40.74450180520798], [-73.83888818350376, 40.74450255193162], [-73.83888776722917, 40.7445033257864], [-73.83888743376959, 40.744504126772185], [-73.83888719498685, 40.74450494590063], [-73.83888705090276, 40.74450577416662], [-73.8388870015173, 40.74450661157016], [-73.83888704685228, 40.74450744910621], [-73.83888718692944, 40.744508277769675], [-73.83888742174882, 40.74450909756061], [-73.83888775133217, 40.74450989947396], [-73.83888816386123, 40.74451067448808], [-73.838888659336, 40.744511422602976], [-73.83888924964009, 40.7445121258251], [-73.83888991104985, 40.74451280213143], [-73.83889064363055, 40.74451342450684], [-73.83889144736051, 40.74451400195638], [-73.83889231044319, 40.744514516453336], [-73.83889322101676, 40.74451497698624], [-73.83889419094304, 40.744515374566575], [-73.83889520838198, 40.7445157091778], [-73.83889624965346, 40.74451598078678], [-73.83889731477922, 40.74451618038843], [-73.83889840375933, 40.74451630798281], [-73.83889950475373, 40.74451636355332], [-73.8389006059223, 40.74451634708341], [-73.8389017072651, 40.744516258573086], [-73.83890278510191, 40.7445160979892], [-73.83890383943285, 40.74451586533176], [-73.8389048702361, 40.744515569605866], [-73.83890586569338, 40.74451520178984], [-73.83890681394286, 40.744514770872215], [-73.8389077031227, 40.74451428584146], [-73.83890854509467, 40.74451373770909], [-73.83890931613523, 40.74451314445211], [-73.83891001626608, 40.744512497065486], [-73.83891064544372, 40.74451181355925], [-73.83891118000977, 40.744511084895294], [-73.83891164362258, 40.74451032011175], [-73.83891202439858, 40.74450953720216], [-73.8389122986794, 40.7445087271284], [-73.83891249012339, 40.74450789892865], [-73.83891258686873, 40.74450706159134], [-73.83891258889365, 40.74450622412156], [-73.83891249617639, 40.744505395524314], [-73.8389123087387, 40.74450456679462], [-73.83891203837712, 40.7445037559591], [-73.83891166141153, 40.74450296298468], [-73.8389112014785, 40.74450220591449], [-73.83891067043983, 40.74450147576012], [-73.83891004459367, 40.74450078149346], [-73.83890934757657, 40.74450014115774], [-73.8389085794321, 40.744499536742865], [-73.83890774011674, 40.74449898625898], [-73.83890685328872, 40.74449849874415], [-73.8389059071298, 40.74449806517684], [-73.83890491343651, 40.744497703583676], [-73.83890388407065, 40.7444974049762], [-73.83890283087226, 40.74449716937092], [-73.83890175381966, 40.744497005772956], [-73.83890065291268, 40.74449691418226]], [[-73.83877202242945, 40.744496806230664], [-73.83877104057696, 40.744496444652924], [-73.83877003489181, 40.744496146077395], [-73.83876899351219, 40.74449591949253], [-73.83876792829993, 40.744495755909874], [-73.83876685107332, 40.744495664351064], [-73.83876576183228, 40.74449564481606], [-73.83876468425693, 40.74449569733805], [-73.83876360650723, 40.74449582190044], [-73.83876255228506, 40.744496009531304], [-73.83876152156871, 40.744496269235746], [-73.8387605261981, 40.74449660103032], [-73.83875957805691, 40.74449698692147], [-73.83875866526151, 40.74449744490279], [-73.83875781155737, 40.7444979479922], [-73.83875701690093, 40.74449851419989], [-73.83875629317579, 40.74449912553221], [-73.83875564038205, 40.744499781989305], [-73.8387550703596, 40.74450048358767], [-73.83875457131208, 40.74450121230066], [-73.83875415505773, 40.74450197714987], [-73.8387538334584, 40.74450276914684], [-73.83875359471762, 40.744503570264875], [-73.83875346249371, 40.744504389542215], [-73.83875341315017, 40.74450520893559], [-73.83875345850525, 40.74450603746665], [-73.8387535867625, 40.74450685710869], [-73.8387538216238, 40.7445076588898], [-73.83875413938729, 40.74450845178184], [-73.83875455193657, 40.74450921779141], [-73.83875504745343, 40.74450994789678], [-73.83875561407599, 40.74451065108646], [-73.83875626368786, 40.7445113093669], [-73.83875698444908, 40.74451192272152], [-73.83875777635961, 40.74451249115034], [-73.838758627623, 40.74451299662667], [-73.8387595381956, 40.744513457160636], [-73.83876048446275, 40.744513845703885], [-73.8387614782209, 40.74451418028314], [-73.8387625076735, 40.744514442871704], [-73.83876356098062, 40.74451463345297], [-73.83876463812041, 40.74451476103204], [-73.83876571543455, 40.744514816570685], [-73.83876680476307, 40.744514800085476], [-73.83876788242584, 40.74451471154325], [-73.83876894842297, 40.744514550944054], [-73.8387699908925, 40.744514327276335], [-73.83877099801623, 40.74451403151847], [-73.83877198161238, 40.744513672692094], [-73.8387729061608, 40.74451325074747], [-73.83877379531974, 40.74451277472279], [-73.83877461359094, 40.744512235563356], [-73.83877537277084, 40.744511651295745], [-73.83877606104113, 40.74451101289837], [-73.83877667838007, 40.74451032937629], [-73.83877722474406, 40.74450961873963], [-73.83877767647476, 40.74450887195014], [-73.83877804541227, 40.74450808902445], [-73.83877831965113, 40.744507296961146], [-73.83877851105319, 40.74450648677168], [-73.83877860777844, 40.74450565843955], [-73.83877860976146, 40.74450483897984], [-73.83877851704585, 40.74450401038251], [-73.83877832956627, 40.744503199662724], [-73.83877805916272, 40.744502406837], [-73.838777694017, 40.74450162288371], [-73.83877724590374, 40.74450087483462], [-73.83877670298293, 40.74450016267317], [-73.83877608895645, 40.744499477427404], [-73.8387754037807, 40.74449883710749], [-73.83877464743392, 40.74449825071839], [-73.83877383177794, 40.74449770927169], [-73.83877294492918, 40.74449723076089], [-73.83877202242945, 40.744496806230664]], [[-73.83882479020278, 40.74446889229097], [-73.83882437745685, 40.744468207327124], [-73.83882389360531, 40.74446754927906], [-73.83882332680811, 40.74446691813013], [-73.83882268886173, 40.744466331907034], [-73.8388219916062, 40.74446579062636], [-73.83882124688155, 40.74446529430466], [-73.83882043098602, 40.744464851913854], [-73.83881957943957, 40.74446446350363], [-73.83881868040224, 40.74446412905743], [-73.83881775753233, 40.74446385761347], [-73.83881679898978, 40.744463649155136], [-73.83881581663644, 40.744463494693996], [-73.83881482226877, 40.74446341225666], [-73.83881382772687, 40.744463401859726], [-73.83881283305418, 40.74446344549309], [-73.83881185004722, 40.744463561183416], [-73.83881087874961, 40.7444637309206], [-73.83880993095778, 40.744463972731374], [-73.83880901853357, 40.7444642776272], [-73.8388081414988, 40.74446463660304], [-73.83880729985337, 40.74446504965889], [-73.83880651727745, 40.744465516827916], [-73.83880579377102, 40.74446603811007], [-73.83880511753759, 40.744466595478734], [-73.83880452407553, 40.74446719798866], [-73.83880398970476, 40.744467845606664], [-73.83880353814892, 40.7444685203558], [-73.83880315756798, 40.74446922221955], [-73.83880285982384, 40.744469942209406], [-73.83880264491638, 40.744470680325364], [-73.83880251284567, 40.744471436567395], [-73.83880246365528, 40.74447219292544], [-73.83880250918524, 40.744472949416014], [-73.83880263759555, 40.74447370602265], [-73.83880284892976, 40.74447444473516], [-73.83880314318782, 40.744475165553574], [-73.83880352036984, 40.74447586847788], [-73.83880396865752, 40.74447654448645], [-73.83880449989091, 40.74447719359581], [-73.83880509043348, 40.74447779776281], [-73.83880576394354, 40.744478366025625], [-73.83880648494453, 40.74447888032438], [-73.8388072652547, 40.744479349680724], [-73.83880810489586, 40.74447976508963], [-73.83880898018782, 40.74448012651791], [-73.83880989113074, 40.744480433965606], [-73.8388108377463, 40.74448067842762], [-73.83881180821626, 40.744480850882375], [-73.838812790657, 40.74448096932338], [-73.83881378511208, 40.74448101574051], [-73.83881477969783, 40.74448100812735], [-73.83881577445793, 40.744480928473756], [-73.83881675755227, 40.744480776763154], [-73.83881771709721, 40.74448057098913], [-73.83881864127453, 40.74448030213], [-73.83881954192422, 40.744479970202384], [-73.83882039534444, 40.74447958417817], [-73.83882121337517, 40.74447914407392], [-73.83882196049636, 40.74447864983995], [-73.83882266036629, 40.74447811051443], [-73.83882330114491, 40.74447752608081], [-73.83882387099214, 40.74447689652256], [-73.8388243580244, 40.744476239833126], [-73.83882477408171, 40.744475556029116], [-73.83882511918588, 40.74447483610548], [-73.83882536959148, 40.744474107044255], [-73.83882554900032, 40.744473359873496], [-73.83882563371061, 40.744472603565136], [-73.83882563554054, 40.74447184714085], [-73.83882555449019, 40.744471090600534], [-73.83882537869765, 40.7444703429327], [-73.83882513182128, 40.74446961317559], [-73.83882479020278, 40.74446889229097]], [[-73.8389392366494, 40.74446881825806], [-73.8389402547627, 40.74446887371229], [-73.83894126121012, 40.744468857109524], [-73.83894226780993, 40.744468777471404], [-73.8389432627438, 40.74446862577629], [-73.83894423412822, 40.74446842001775], [-73.83894518200671, 40.744468142185724], [-73.83894609449567, 40.74446781027366], [-73.83894697161685, 40.74446741527657], [-73.83894778966842, 40.744466966166385], [-73.8389485604904, 40.74446646295965], [-73.83894927222093, 40.74446591464486], [-73.83894991302009, 40.74446532120548], [-73.83895049470607, 40.74446469166312], [-73.83895099362057, 40.7444640169796], [-73.8389514215601, 40.74446331518161], [-73.83895175482279, 40.74446259524106], [-73.83895201711051, 40.74446184818599], [-73.83895219653968, 40.744461092009985], [-73.83895228127028, 40.74446032669649], [-73.83895228314232, 40.74445955226204], [-73.8389522021123, 40.74445878671682], [-73.83895202634015, 40.744458030044136], [-73.83895176766593, 40.74445728226062], [-73.83895143788617, 40.74445656139292], [-73.83895101334251, 40.74445585840288], [-73.83895051769329, 40.74445518232865], [-73.83894993905496, 40.74445455116383], [-73.83894930112935, 40.7444539559364], [-73.83894859205469, 40.744453405634864], [-73.83894782367094, 40.74445290027582], [-73.83894700779642, 40.744452448880864], [-73.83894613259109, 40.7444520514334], [-73.83894522171323, 40.74445171697164], [-73.83894427518467, 40.7444514364905], [-73.83894330480187, 40.744451228016665], [-73.83894231060843, 40.74445107354001], [-73.83894130440073, 40.74445099108722], [-73.83894029804067, 40.744450971669764], [-73.83893927966639, 40.74445102427616], [-73.8389382848198, 40.74445113995104], [-73.83893730166093, 40.74445131867779], [-73.8389363420297, 40.744451560473046], [-73.83893540592614, 40.74445186533677], [-73.83893451705212, 40.74445222429701], [-73.83893366354583, 40.74445264634229], [-73.83893286910913, 40.74445312250066], [-73.83893213374199, 40.74445365277213], [-73.83893145748803, 40.74445421914657], [-73.8389308403036, 40.74445483963407], [-73.83893030593416, 40.74445548725267], [-73.83892984251787, 40.74445617099084], [-73.83892945007652, 40.7444568818435], [-73.8389291522902, 40.74445761984378], [-73.83892893734064, 40.74445837597006], [-73.83892880524961, 40.74445914121732], [-73.83892875603888, 40.74445990658044], [-73.83892880154852, 40.744460672076066], [-73.83892892993845, 40.7444614376876], [-73.83892914123048, 40.74446219440999], [-73.83892943544637, 40.74446293323816], [-73.83892982444793, 40.74446364518365], [-73.83893028455509, 40.74446433021332], [-73.8389308157896, 40.74446497932214], [-73.83893142996976, 40.744465601531736], [-73.83893210348072, 40.744466169793775], [-73.83893283627906, 40.74446670211842], [-73.83893362840826, 40.744467180495526], [-73.83893447986831, 40.74446760492511], [-73.83893536700091, 40.744467966369], [-73.83893630162433, 40.74446827384874], [-73.83893726008023, 40.74446851832629], [-73.83893824236857, 40.744468699801594], [-73.8389392366494, 40.74446881825806]], [[-73.83887159869025, 40.74442781356532], [-73.83887052129032, 40.74442779404788], [-73.83886944371615, 40.744427846570844], [-73.83886836596776, 40.74442797113419], [-73.83886731174701, 40.74442815876601], [-73.83886629287211, 40.74442841848796], [-73.83886529750302, 40.74442875028343], [-73.83886433752336, 40.744429136158914], [-73.83886343659142, 40.74442958515255], [-73.83886258286718, 40.744430097247836], [-73.83886180007426, 40.74443065446773], [-73.83886107635087, 40.74443126580077], [-73.83886042355876, 40.74443192225846], [-73.83885984169798, 40.744432623840744], [-73.8388593426521, 40.74443335255419], [-73.83885893823941, 40.74443411742033], [-73.83885861666343, 40.74443490041257], [-73.83885837792415, 40.74443570153087], [-73.83885823386164, 40.74443652079177], [-73.83885819635948, 40.74443734020175], [-73.83885822989755, 40.744438159711144], [-73.838858369996, 40.744438979369626], [-73.83885860485833, 40.74443978115053], [-73.83885892262273, 40.74444057404235], [-73.83885932335454, 40.744441331029904], [-73.83885981885027, 40.74444207013986], [-73.83886039733518, 40.74444276434054], [-73.83886104694747, 40.74444342262041], [-73.83886176770888, 40.744444035974375], [-73.83886254780124, 40.74444459538088], [-73.83886339904275, 40.744445109861516], [-73.83886429779692, 40.74444556137302], [-73.83886525588196, 40.744445958937014], [-73.8388662496614, 40.744446284510296], [-73.83886726727337, 40.74444654708136], [-73.83886832057966, 40.74444673766168], [-73.83886939771855, 40.74444686523977], [-73.83887047503168, 40.74444692077744], [-73.83887155251904, 40.74444690427465], [-73.83887263018063, 40.744446815731486], [-73.83887369615456, 40.74444666413636], [-73.83887472680443, 40.74444643144607], [-73.83887574574493, 40.74444614470889], [-73.83887671749947, 40.74444578586509], [-73.83887764204628, 40.744445363919624], [-73.83887853120362, 40.744444887894154], [-73.8388793494731, 40.744444348733914], [-73.8388801086513, 40.744443764465615], [-73.8388807969199, 40.7444431260676], [-73.83888141423536, 40.74444245155003], [-73.83888194877939, 40.744441731891214], [-73.83888240050847, 40.74444098510136], [-73.83888276942258, 40.74444021118039], [-73.83888304365993, 40.744439419116766], [-73.83888323506054, 40.74443860892714], [-73.83888333176259, 40.74443778959995], [-73.83888333376609, 40.74443696113522], [-73.8388832410275, 40.74443614154302], [-73.83888305354682, 40.74443533082337], [-73.83888278314232, 40.74443453799787], [-73.83888241797395, 40.744433763049976], [-73.83888196985998, 40.74443301500129], [-73.83888143877864, 40.74443230285691], [-73.83888082475171, 40.74443161761169], [-73.83888013955388, 40.74443098629741], [-73.83887938322871, 40.74443039090396], [-73.83887856755099, 40.744429858463036], [-73.83887768072411, 40.74442937094798], [-73.83887675820289, 40.74442895542364], [-73.83887578819086, 40.744428593863354], [-73.83887477066622, 40.74442829527217], [-73.83887374112736, 40.74442806870487], [-73.83887267591597, 40.74442790512319], [-73.83887159869025, 40.74442781356532]], [[-73.83894568942709, 40.74438068553833], [-73.83894460018787, 40.74438066600502], [-73.8389435107745, 40.74438071851212], [-73.83894243304881, 40.74438083407112], [-73.83894137880722, 40.744381030708695], [-73.83894034809329, 40.74438129041474], [-73.83893934088523, 40.74438162219432], [-73.83893838090668, 40.74438200807039], [-73.83893747995418, 40.74438246606969], [-73.83893661439107, 40.74438297814895], [-73.83893581973751, 40.74438354435786], [-73.83893509601528, 40.744384155691314], [-73.83893443136255, 40.74438482113792], [-73.83893386134298, 40.744385522737176], [-73.83893336229828, 40.744386251450955], [-73.83893294602491, 40.744387025305876], [-73.83893262445004, 40.744387808298306], [-73.83893238569006, 40.744388618421766], [-73.83893224160677, 40.74438944668783], [-73.83893219226552, 40.74439026608131], [-73.83893223762274, 40.7443910946123], [-73.83893237770022, 40.74439192327576], [-73.83893261256328, 40.74439272505648], [-73.83893293032834, 40.7443935179481], [-73.83893334287897, 40.744394283957014], [-73.83893383837516, 40.74439502306668], [-73.83893440499864, 40.74439572625548], [-73.83893506642946, 40.744396393556556], [-73.8389357871911, 40.74439700691008], [-73.83893657910178, 40.744397575337636], [-73.83893744218331, 40.744398089834284], [-73.83893834093728, 40.744398541345234], [-73.8389392990221, 40.74439893890864], [-73.83894030461946, 40.744399273502914], [-73.83894133407104, 40.744399536089865], [-73.83894238737686, 40.74439972666951], [-73.83894346451507, 40.74439985424691], [-73.83894455366753, 40.74439990980043], [-73.83894564299415, 40.74439989331352], [-73.8389467324949, 40.744399804786205], [-73.83894779846798, 40.7443996531904], [-73.8389488409569, 40.744399420516004], [-73.83894985991806, 40.74439912477311], [-73.83895084351155, 40.744398765945206], [-73.83895177989727, 40.74439834401569], [-73.83895266907524, 40.74439785898457], [-73.83895348734357, 40.744397319823825], [-73.83895425836063, 40.74439673557162], [-73.83895494662804, 40.74439609717319], [-73.838955563964, 40.74439541365013], [-73.83895611034691, 40.744394694007546], [-73.8389565620966, 40.74439393821232], [-73.83895693100959, 40.74439316429106], [-73.83895721710766, 40.74439236323882], [-73.83895739668895, 40.74439154402745], [-73.8389574934118, 40.74439071569515], [-73.83895749541439, 40.74438988723036], [-73.83895740267496, 40.74438906763823], [-73.8389572270553, 40.74438824793019], [-73.83895694483185, 40.744387446083294], [-73.83895657966288, 40.744386671135636], [-73.83895613157016, 40.74438591408218], [-73.83895558867013, 40.744385192916475], [-73.83895497464292, 40.74438450767167], [-73.83895428946664, 40.744383867352774], [-73.83895352127956, 40.74438328094832], [-73.83895270562353, 40.744382739502875], [-73.83895181879673, 40.74438225198838], [-73.83895088445743, 40.74438182744304], [-73.83894990260566, 40.74438146586681], [-73.83894888508148, 40.74438116727627], [-73.83894784372481, 40.744380931687985], [-73.83894677849217, 40.744380777112035], [-73.83894568942709, 40.74438068553833]]]]}",6739.70041181,9350005299.0,350000
"{'type': 'MultiPolygon', 'coordinates': [[[[-73.8476693153222, 40.73923475523539], [-73.84770464230745, 40.73921656755659], [-73.84770565766992, 40.739217794491665], [-73.84770608152091, 40.739218308342124], [-73.84771326464232, 40.739226978933495], [-73.84767766974579, 40.73924479885303], [-73.84767034723639, 40.73923599209827], [-73.84767005087748, 40.73923564050788], [-73.8476693153222, 40.73923475523539]]]]}",32.4434516648,9350004549.0,350020
"{'type': 'MultiPolygon', 'coordinates': [[[[-73.9016720870028, 40.67228945882462], [-73.90173928489054, 40.67228134225493], [-73.90180859785191, 40.67227296990368], [-73.9018154319816, 40.67232335328866], [-73.9018223339721, 40.67237424462172], [-73.90176516100118, 40.67238142155702], [-73.90170447703363, 40.672389038517984], [-73.90168917093649, 40.67234198159699], [-73.9016720870028, 40.67228945882462]]]]}",145.944674171,20350007464.0,350010
"{'type': 'MultiPolygon', 'coordinates': [[[[-73.86464361616494, 40.83242393539794], [-73.86464407286603, 40.83242380986457], [-73.8648700923792, 40.83235868993634], [-73.86509481243755, 40.832291046657616], [-73.86526824474853, 40.83224191575478], [-73.86539634193082, 40.83220562678303], [-73.86540846617474, 40.83226275936128], [-73.86540725815289, 40.83226213660959], [-73.86540602634676, 40.83226154984995], [-73.86540488801835, 40.83226105324898], [-73.86540475890077, 40.832260999068566], [-73.86540347954448, 40.8322604752881], [-73.86540216454833, 40.83225998748583], [-73.8654008376237, 40.832259535689445], [-73.86539948691481, 40.83225911988511], [-73.86539811242173, 40.83225874007281], [-73.86539672483278, 40.832258387260076], [-73.86539532766824, 40.832258079460935], [-73.86539391738957, 40.832257807666274], [-73.86539249516413, 40.83225758088245], [-73.86539122933159, 40.83225740470889], [-73.86539106102838, 40.83225738109955], [-73.86538961496414, 40.832257217322535], [-73.86538816880876, 40.832257098570174], [-73.86538671072483, 40.83225701582369], [-73.86538525256805, 40.83225696909691], [-73.86538379432021, 40.832256967394805], [-73.86538233599944, 40.83225700171238], [-73.86538088946146, 40.83225707206352], [-73.86537943099493, 40.832257178420555], [-73.86537798429302, 40.832257329816066], [-73.86537654939207, 40.8322575082402], [-73.86537512625567, 40.83225773170284], [-73.86537370304639, 40.83225799118518], [-73.8653732487737, 40.83225808970939], [-73.86537230345739, 40.832258295719846], [-73.86537091566933, 40.832258627283146], [-73.86533267312764, 40.832268389029906], [-73.86532757254415, 40.83226968879236], [-73.86529164539404, 40.83227887240964], [-73.86528342276266, 40.83228097446687], [-73.86522517623338, 40.832298258961366], [-73.8651669296921, 40.83231553442146], [-73.8651086712466, 40.832332818843156], [-73.86505042462655, 40.832350103249254], [-73.86499217797622, 40.83236738762589], [-73.86493391943989, 40.83238467195918], [-73.86487567274733, 40.83240194727194], [-73.86482431912742, 40.83241679929703], [-73.86477296548459, 40.83243165129924], [-73.8647560967148, 40.832436530214046], [-73.86472161181882, 40.83244650327854], [-73.86467363887567, 40.83246044069653], [-73.86467202549174, 40.8324609340759], [-73.86467059588963, 40.83246141866591], [-73.86467043572762, 40.832461472507696], [-73.86466886958338, 40.83246205599199], [-73.8646673270772, 40.83246267552381], [-73.86466582006487, 40.8324633311171], [-73.8646643366724, 40.83246403176282], [-73.86466288877371, 40.83246476846999], [-73.86466147636884, 40.83246554123863], [-73.86466009945782, 40.83246635006873], [-73.8646587580406, 40.83246719496029], [-73.8646580207935, 40.832467689367604], [-73.864657463973, 40.83246807592721], [-73.86465620539917, 40.83246899295558], [-73.86465498115011, 40.832469937939585], [-73.86465494314587, 40.8324699703128], [-73.86465380662534, 40.83247091720074], [-73.86464361616494, 40.83242393539794]]]]}",485.570026332,14350003849.0,350000
"{'type': 'MultiPolygon', 'coordinates': [[[[-73.90372707520406, 40.725947345410184], [-73.9037291745987, 40.72593372785921], [-73.90377312699312, 40.725939421600444], [-73.90377080763153, 40.72595208893079], [-73.90377055469868, 40.725953469200554], [-73.90376909315391, 40.72596146000119], [-73.90372581819751, 40.725955497572514], [-73.90372680755101, 40.72594908226928], [-73.90372707520406, 40.725947345410184]]]]}",40.6400290771,9350004611.0,350020
"{'type': 'MultiPolygon', 'coordinates': [[[[-73.92288325313189, 40.73436204197459], [-73.92288300321631, 40.734362152569766], [-73.92284826380306, 40.73437748656927], [-73.92284233342097, 40.734380040039525], [-73.9228147423923, 40.73439191996588], [-73.9228130627317, 40.734390732870615], [-73.92280922435405, 40.73438801886727], [-73.92278120834254, 40.73436821321561], [-73.92272138531342, 40.73432592123588], [-73.92268032954814, 40.7342968973096], [-73.92267866763511, 40.7342957228314], [-73.92267036635336, 40.734289854047624], [-73.9226649169385, 40.73428600071507], [-73.922598489, 40.73423903960206], [-73.922560300577, 40.73421204280301], [-73.9225533560483, 40.734207133063954], [-73.92251301014007, 40.73417861113795], [-73.92250581958416, 40.734173528332875], [-73.9225431758131, 40.73415666623277], [-73.92254390189639, 40.73415632272694], [-73.92256976963291, 40.73414409501077], [-73.92257471481186, 40.73414175791456], [-73.92258153027986, 40.734146683774775], [-73.92262085349093, 40.73417510503325], [-73.92263013753563, 40.73418181465525], [-73.92264822421691, 40.73419488687792], [-73.92266879867768, 40.73420951954822], [-73.92273460057997, 40.73425631900984], [-73.92273881270982, 40.73425931422509], [-73.9227393568202, 40.734259701808696], [-73.9227464101568, 40.73426471786949], [-73.92274762730918, 40.73426558407451], [-73.92274896156525, 40.734266532304304], [-73.92281010432673, 40.734310017427696], [-73.92284967547243, 40.73433816141691], [-73.92287753521619, 40.73435797595242], [-73.92288124346356, 40.73436061242261], [-73.92288325313189, 40.73436204197459]]]]}",278.367074545,10350004599.0,350020
"{'type': 'MultiPolygon', 'coordinates': [[[[-73.83772994939545, 40.74382475497362], [-73.83773090284544, 40.743824618539186], [-73.83773735797419, 40.74382365598521], [-73.83773760670265, 40.743823619414805], [-73.83776244512431, 40.74381951206757], [-73.83776841643532, 40.74381836962919], [-73.83778710743489, 40.74381479212126], [-73.83781154623014, 40.74380947751948], [-73.83783573787353, 40.74380355021888], [-73.83784477656809, 40.74380109195018], [-73.83785968229869, 40.74379703723471], [-73.83788332032731, 40.74378992947885], [-73.83790665189315, 40.7437822539666], [-73.83792964149787, 40.74377400164305], [-73.83794275840656, 40.74376888810338], [-73.83795226543923, 40.743765181480214], [-73.83796351308752, 40.74376044262112], [-73.83797449999322, 40.743755811455124], [-73.83798764857498, 40.743749842471985], [-73.83799633329755, 40.74374590055631], [-73.83804818778503, 40.743720486396775], [-73.8380590876081, 40.74371514369865], [-73.83808433797631, 40.74370276389131], [-73.83811801295643, 40.74368628059704], [-73.83812225432699, 40.743684207284716], [-73.83812235506468, 40.74368416690341], [-73.83815940849773, 40.743666000792814], [-73.83820568673995, 40.743643309968135], [-73.83828665580518, 40.74360361041043], [-73.83863362029511, 40.74343348674905], [-73.83875570313391, 40.743373626244185], [-73.83876334183249, 40.74336987731595], [-73.83907261710573, 40.743218098747136], [-73.83922969313184, 40.74314102028152], [-73.83929315176643, 40.743109851300744], [-73.83929606662362, 40.74310842536069], [-73.83929366463211, 40.74311025904616], [-73.8392556717733, 40.743139205097236], [-73.83924211033596, 40.7431495402141], [-73.83915270079584, 40.74319356190329], [-73.83896077441676, 40.74328805689909], [-73.8387995866901, 40.74336718870502], [-73.83865213380435, 40.743439578510646], [-73.83847127596061, 40.74352836546458], [-73.8383085080355, 40.743609766348435], [-73.83821351455104, 40.74365727344019], [-73.83816715459177, 40.74368045763175], [-73.83813515614861, 40.74369645972365], [-73.83813010500921, 40.74369898575453], [-73.83813000187732, 40.743699036938565], [-73.83809255514029, 40.74371776890649], [-73.83807359053495, 40.743727252513295], [-73.83804784048444, 40.743740129596674], [-73.83803848620373, 40.743744807190495], [-73.83799428110964, 40.74376550984011], [-73.83798870168464, 40.74376812337152], [-73.83797108894919, 40.74377575201495], [-73.8379709822782, 40.74377579779079], [-73.83796637168646, 40.74377779043285], [-73.83795050011535, 40.74378415991054], [-73.83794365230045, 40.743786907631886], [-73.83792055538885, 40.743795465979986], [-73.83789710467576, 40.743803447500184], [-73.83787333565954, 40.743810861247304], [-73.8378522507157, 40.74381683345253], [-73.83784926024634, 40.74381768022269], [-73.83782491393465, 40.743823913481165], [-73.83780032044868, 40.743829543045855], [-73.83777549162906, 40.74383456893329], [-73.83777372315966, 40.743834881620245], [-73.83775046299608, 40.74383899119329], [-73.83774477061216, 40.743839850363536], [-73.83772527011413, 40.7438427918657], [-73.83772398506457, 40.74384296115169], [-73.83772994939545, 40.74382475497362]]]]}",1028.90565734,9350005133.0,350020
"{'type': 'MultiPolygon', 'coordinates': [[[[-73.96011163319763, 40.818125332926996], [-73.96018956881147, 40.81805032958226], [-73.96019280162807, 40.81804955987329], [-73.9601959776254, 40.8180486631746], [-73.9601990873199, 40.818047641283854], [-73.96020212241204, 40.818046497800246], [-73.96020507460315, 40.81804523542244], [-73.96020793677901, 40.81804385774989], [-73.9602106994551, 40.818042368381306], [-73.96021335670257, 40.81804077091673], [-73.960215900221, 40.81803907075624], [-73.9602183240817, 40.818037271499776], [-73.9602206199836, 40.818035379447906], [-73.96022278318338, 40.81803339820114], [-73.96022480656532, 40.818031334060315], [-73.96022668656975, 40.81802919332783], [-73.9602284148968, 40.818026980503255], [-73.96022999035736, 40.81802470188971], [-73.96023140583529, 40.81802236468863], [-73.96023265895668, 40.818019974302246], [-73.96023374616185, 40.81801753703284], [-73.96023466389005, 40.81801506098357], [-73.96023540976744, 40.81801255155669], [-73.96023598260388, 40.818010016856185], [-73.9602363800255, 40.81800746228425], [-73.96023660084217, 40.81800489594501], [-73.96023664504966, 40.818002325042336], [-73.96023651264417, 40.817999755879775], [-73.96023620715803, 40.81799722808033], [-73.96023620362146, 40.81799719566122], [-73.96023571797721, 40.81799465159073], [-73.96023505926307, 40.81799213087344], [-73.96023422747528, 40.81798963981289], [-73.96023322498023, 40.81798718561379], [-73.96023205533012, 40.817984774580886], [-73.96025797495803, 40.81799410816035], [-73.9602654479467, 40.81799679871832], [-73.96036587354729, 40.81803295940627], [-73.9603777514181, 40.81803723634509], [-73.96041124007756, 40.81804929469202], [-73.96043681134786, 40.81805850204206], [-73.96043446108521, 40.818058133832935], [-73.96043005297166, 40.81805800535023], [-73.96042493226105, 40.818058250328846], [-73.96042136181755, 40.81805870745613], [-73.96041859842194, 40.818059420601394], [-73.96041508275668, 40.8180614437109], [-73.96041169684759, 40.81806452314739], [-73.96040840412923, 40.81806835723198], [-73.96040355942691, 40.818074863457525], [-73.96035062709426, 40.8181479115639], [-73.96034079391026, 40.818161481367696], [-73.96034007976095, 40.81816246806637], [-73.95993072912586, 40.81872737013127], [-73.95992386136903, 40.8187371570423], [-73.95991578828148, 40.81874866258174], [-73.9599077021422, 40.81876018522552], [-73.95990286659047, 40.818767077745484], [-73.95987002490708, 40.818813895741485], [-73.95984357523665, 40.818851599327346], [-73.95983325161151, 40.81886631614807], [-73.95983310331755, 40.81886652771311], [-73.95980050355347, 40.818912998181204], [-73.9596773151858, 40.81908394144212], [-73.95954708901884, 40.81926823646047], [-73.95945793653391, 40.81939031246681], [-73.95944431163302, 40.819383527837736], [-73.95942949583026, 40.819376150261384], [-73.95940845177938, 40.81936567098194], [-73.95939821474389, 40.819360573269286], [-73.95936334911103, 40.81934321292305], [-73.9593546798084, 40.81933889648946], [-73.95930343662279, 40.81931338085786], [-73.95929651635474, 40.81930993491677], [-73.95926173253847, 40.81929261509079], [-73.95926060562577, 40.81929205368338], [-73.9592502880342, 40.819286916307256], [-73.95925456848516, 40.819284660275265], [-73.95925839521337, 40.81928197634703], [-73.95926160811676, 40.81927899773946], [-73.95926169588138, 40.819278916725764], [-73.95926440763148, 40.819275538120635], [-73.95926815752983, 40.81927056150095], [-73.95951491172869, 40.818943048683906], [-73.95961092162827, 40.81881153422142], [-73.95962935578002, 40.81878628265003], [-73.95963225749138, 40.81878233138667], [-73.95963254943455, 40.81878175066862], [-73.95963438535004, 40.818778104300435], [-73.95967429982676, 40.8187159786029], [-73.95970862726173, 40.81866254793441], [-73.95971037496452, 40.81866167056097], [-73.95971296568999, 40.81866037114918], [-73.95971679354368, 40.818657696210806], [-73.95972207815029, 40.818651126233156], [-73.95979083725193, 40.818565642680724], [-73.95979671526834, 40.8185578113108], [-73.95986608998119, 40.81846540220769], [-73.95998280860684, 40.818309928815616], [-73.9600904283031, 40.81816810007931], [-73.96009294901796, 40.81816293120069], [-73.96009470649545, 40.818157582859016], [-73.96009567817578, 40.81815211988237], [-73.96009582313582, 40.81814758052903], [-73.96009585453663, 40.81814660890407], [-73.96009523079657, 40.81814111745982], [-73.96011163319763, 40.818125332926996]]]]}",1241.77262505,13350000350.0,350000
"{'type': 'MultiPolygon', 'coordinates': [[[[-73.91998696251844, 40.7784368983378], [-73.92006366131466, 40.77839153021907], [-73.92007763735425, 40.77840139321224], [-73.92009045701239, 40.778410440447], [-73.92003772734041, 40.778472827607125], [-73.92001280179385, 40.77845518657279], [-73.91998696251844, 40.7784368983378]]]]}",83.2685472615,13350003937.0,350010
"{'type': 'MultiPolygon', 'coordinates': [[[[-73.9075218900555, 40.8051875708728], [-73.90756364701508, 40.805145461913426], [-73.90760601749172, 40.80510271857863], [-73.90763819362449, 40.80512074803748], [-73.90765509166648, 40.80513021681353], [-73.9076819813906, 40.8051463671865], [-73.90770232306403, 40.80515857532947], [-73.90765951925319, 40.80520104369995], [-73.9076182082743, 40.805242038233395], [-73.90760880841634, 40.805236726761756], [-73.90759657487126, 40.80522981103044], [-73.90755591207143, 40.80520681480709], [-73.90754971893541, 40.80520330689985], [-73.9075218900555, 40.8051875708728]]]]}",143.790956919,14350004055.0,350000
"{'type': 'MultiPolygon', 'coordinates': [[[[-73.8373489378009, 40.743211797108295], [-73.83734939970783, 40.743211734725044], [-73.8373519897864, 40.743227452254175], [-73.83735608497884, 40.74325227604855], [-73.83736008688449, 40.74327651438046], [-73.83736371539185, 40.743298509919015], [-73.83736765880731, 40.74332246000525], [-73.83737010084751, 40.74333722728837], [-73.83737100512131, 40.74334268294448], [-73.83737134579351, 40.743344752793774], [-73.83737358585256, 40.743358353633226], [-73.83737896436593, 40.743390995650955], [-73.83738244129745, 40.74341203643567], [-73.83738659478871, 40.74343723852407], [-73.83738929139969, 40.74345297421244], [-73.8373916466031, 40.743467911568295], [-73.83738014579257, 40.743469656724535], [-73.83733891582568, 40.743475901159975], [-73.83733879738082, 40.74347591990336], [-73.83728166054249, 40.74348456511961], [-73.8372791444349, 40.74346765001781], [-73.83727814103021, 40.74346157917387], [-73.83727136063351, 40.743426062549254], [-73.83726148236394, 40.7433742963758], [-73.8372584861084, 40.74335861339078], [-73.83725744682314, 40.74335317645372], [-73.8372546083661, 40.74333832936329], [-73.83724588730745, 40.74329268828008], [-73.83723635969629, 40.74324279565643], [-73.83723357739125, 40.743228230503725], [-73.83730245016145, 40.743218422224615], [-73.83730256860586, 40.743218403481244], [-73.8373489378009, 40.743211797108295]]]]}",252.132151782,9350005101.0,350000
"{'type': 'MultiPolygon', 'coordinates': [[[[-73.8930878061667, 40.67230561065938], [-73.89306788929312, 40.672228004603824], [-73.89306898824398, 40.672228617976025], [-73.89307012270541, 40.672229213370905], [-73.8930712808791, 40.67222977276715], [-73.89307246275052, 40.67223030516995], [-73.89307366833422, 40.67223080157416], [-73.89307489761572, 40.67223127098489], [-73.89307615060946, 40.672231704397014], [-73.89307741548814, 40.672232101799544], [-73.89307870406465, 40.6722324722086], [-73.89308000452615, 40.67223280660805], [-73.89308131687267, 40.67223310499791], [-73.89308265291695, 40.67223337639429], [-73.89308398903337, 40.672233602764926], [-73.89308533703482, 40.672233793125955], [-73.89308669690683, 40.672233956482536], [-73.89310167503301, 40.67223168309022], [-73.89312231742238, 40.67222855046284], [-73.89312468581439, 40.67222819065561], [-73.89315599780457, 40.672223430795455], [-73.89322531049324, 40.67221291408276], [-73.89329461134723, 40.67220238831222], [-73.89336392400658, 40.672191862510815], [-73.89343322480248, 40.672181345661876], [-73.89350253741807, 40.672170819777], [-73.89357183818458, 40.67216029383936], [-73.89364115074206, 40.67214977687609], [-73.89364544033687, 40.672149125266024], [-73.89371046329205, 40.67213925086587], [-73.89377976399292, 40.67212872480295], [-73.89383803901475, 40.67211988149462], [-73.89384784143714, 40.67211838667801], [-73.89384907649915, 40.672118198709214], [-73.89385061504008, 40.672117569767664], [-73.89385211817103, 40.672116895767594], [-73.89385360954637, 40.672116176730874], [-73.89385505365578, 40.67211543063508], [-73.89385646235523, 40.6721146394808], [-73.89385783563031, 40.6721138122732], [-73.89385917346675, 40.672112958017365], [-73.8938604758931, 40.672112058703085], [-73.89386173105362, 40.67211113232969], [-73.89386294960708, 40.67211016990192], [-73.89386400956549, 40.6721092766675], [-73.89386412326006, 40.67210918041719], [-73.89386524846446, 40.67210816387228], [-73.89386632641724, 40.67210711126315], [-73.89386735710417, 40.67210603159493], [-73.8938683405109, 40.672104933872795], [-73.89386927666607, 40.672103800086376], [-73.89387016554103, 40.672102648246046], [-73.89387099530856, 40.67210147834084], [-73.89387176598295, 40.67210028136569], [-73.89387203636556, 40.67209982775512], [-73.89387248937719, 40.67209906633657], [-73.8938898124735, 40.67217653298259], [-73.8938919004986, 40.672185872357254], [-73.89389315355395, 40.67219147382102], [-73.89390999872722, 40.6722668039987], [-73.89390841542418, 40.67226582998161], [-73.89390679658216, 40.6722648919523], [-73.89390513035966, 40.67226399890509], [-73.89390341675656, 40.67226315083994], [-73.89390258118391, 40.6722627646486], [-73.89390167942742, 40.67226234777867], [-73.89389989471779, 40.67226158969946], [-73.89389851179043, 40.672261048114635], [-73.8938980862677, 40.672260885629356], [-73.89389624226432, 40.67226022655216], [-73.89389436270761, 40.67225961246794], [-73.89389247123782, 40.67225905240366], [-73.89389054421464, 40.67225853733236], [-73.89388859345108, 40.67225807627005], [-73.89388663077436, 40.672257669227726], [-73.89388179463187, 40.672258398687525], [-73.8938729788464, 40.672259727821746], [-73.89382071353604, 40.67226757712168], [-73.89375480810538, 40.67227748498878], [-73.89370164130314, 40.67228547658413], [-73.89368889082793, 40.67228739280718], [-73.8936229853581, 40.67229730059871], [-73.8935570798687, 40.67230720835251], [-73.89349116253251, 40.6723171160576], [-73.89342525700394, 40.672327023735846], [-73.89335933962852, 40.67233693136533], [-73.89329343406078, 40.67234683896805], [-73.89322751664628, 40.67235674652205], [-73.89316161103936, 40.672366654049235], [-73.89315771903519, 40.67236717273412], [-73.89313846840332, 40.67236973663401], [-73.8931276358562, 40.67237117910394], [-73.89312609764892, 40.672371591912324], [-73.89312455938389, 40.67237204074125], [-73.89312305652851, 40.672372534628884], [-73.89312156544261, 40.67237306454804], [-73.89312010976629, 40.67237363952588], [-73.89311963043622, 40.67237384259719], [-73.89311866585948, 40.67237425053527], [-73.89311726921844, 40.67237488860403], [-73.89311588433242, 40.672375571709495], [-73.89311454669767, 40.67237629087943], [-73.8931132326597, 40.67237704609193], [-73.89311195406023, 40.672377828352836], [-73.89311071088473, 40.67237864666725], [-73.89310951496049, 40.672379501046215], [-73.89310835448914, 40.67238037346839], [-73.89310722942739, 40.672381290949225], [-73.8930878061667, 40.67230561065938]]]]}",578.711724479,20350007463.0,350000
"{'type': 'MultiPolygon', 'coordinates': [[[[-73.86895905099946, 40.732269336098945], [-73.86896988150465, 40.73226572387358], [-73.86897038708192, 40.732270489943645], [-73.86897062415855, 40.732272736083424], [-73.86897284680249, 40.732286845089405], [-73.86897330770742, 40.732289044657364], [-73.8689757893434, 40.732300877470685], [-73.86897944709078, 40.73231481070906], [-73.8689807400438, 40.732318896889964], [-73.8689838153489, 40.732328624987986], [-73.86898888587591, 40.73234229778523], [-73.8689946516084, 40.73235580928145], [-73.86899766160697, 40.732362027119834], [-73.86900110311898, 40.732369137853645], [-73.86900243952036, 40.73237159776405], [-73.86901678655708, 40.73239595845013], [-73.86902225504379, 40.73240471491817], [-73.86903696740592, 40.732426911192995], [-73.8690477865894, 40.73244232310486], [-73.86905236098714, 40.73244883898824], [-73.86906842634248, 40.73247048568583], [-73.86908515520518, 40.732491841370425], [-73.86908836394413, 40.73249572621292], [-73.86908839464844, 40.73249576406921], [-73.86909344572403, 40.73250188066674], [-73.8690942133635, 40.7325028108649], [-73.8691025381337, 40.73251289162291], [-73.86912056567745, 40.7325336265266], [-73.86913768566576, 40.7325523468575], [-73.86913922720753, 40.732554033461994], [-73.86915851327676, 40.73257410071144], [-73.86917841088317, 40.732593818354296], [-73.86918049163953, 40.7325958099429], [-73.86920134766409, 40.732615767305454], [-73.86920476715122, 40.732619039137255], [-73.86919083420467, 40.73262368614746], [-73.86918719571068, 40.732620416768015], [-73.86918052848685, 40.73261442621098], [-73.86916591300835, 40.73260072096632], [-73.86915764875015, 40.73259297079955], [-73.86913536636767, 40.73257115585866], [-73.8691136919739, 40.73254899130633], [-73.86909263501765, 40.73252648795979], [-73.86907671123689, 40.732508690203026], [-73.86907580997935, 40.73250768330959], [-73.86907220613509, 40.732503654836556], [-73.86907057742555, 40.732501749308305], [-73.86907053254407, 40.73250169702775], [-73.8690524135894, 40.73248050365296], [-73.86904026377762, 40.732465110039584], [-73.86902880353466, 40.732449413737534], [-73.86901804348068, 40.73243343186881], [-73.86900799659985, 40.73241718335906], [-73.8689992574599, 40.732401717978135], [-73.86899867469253, 40.73240068713263], [-73.86899008837875, 40.7323839603114], [-73.86898680074225, 40.73237685875745], [-73.86898255121304, 40.73236768133579], [-73.86898224708764, 40.73236702361804], [-73.86897516025361, 40.732349895073526], [-73.86896883493812, 40.73233259539781], [-73.86896327820799, 40.73231514260923], [-73.86895849830667, 40.73229755832946], [-73.86895801852185, 40.73229412414182], [-73.8689564192271, 40.73228268315324], [-73.86895568413776, 40.73227543681952], [-73.86895519523023, 40.73227062214083], [-73.86895905099946, 40.732269336098945]]]]}",301.555545917,9350004560.0,350020
"{'type': 'MultiPolygon', 'coordinates': [[[[-73.92029129752035, 40.777738112115905], [-73.92033708563066, 40.777699644589354], [-73.92037195494646, 40.77767035102494], [-73.92037217842609, 40.7776716839233], [-73.92037246114631, 40.77767300785759], [-73.92037280310713, 40.77767432282775], [-73.92037320430858, 40.77767562883386], [-73.92037365290466, 40.777676925867674], [-73.92037417259803, 40.77767820494053], [-73.92037473968611, 40.77767947504114], [-73.92037514150783, 40.777680262358125], [-73.92037537787152, 40.777680727180844], [-73.92037605161643, 40.77768196133503], [-73.92037679645867, 40.777683177528274], [-73.92037758870634, 40.777684375744236], [-73.92042932364203, 40.77772105293294], [-73.92043653174979, 40.77772615475505], [-73.9204810704914, 40.77775772110136], [-73.92053281738706, 40.77779439825132], [-73.9205363030845, 40.777796868932825], [-73.92058455250445, 40.77783106636468], [-73.92061463962007, 40.77785239118729], [-73.9206318373397, 40.77786457963029], [-73.92063629951413, 40.777867743467816], [-73.92066406562292, 40.77788742055997], [-73.92059776424365, 40.77793646129165], [-73.92056784409407, 40.77791516179413], [-73.92055410254571, 40.77790537376304], [-73.92053892885122, 40.77789456537376], [-73.9204884721849, 40.77785864553961], [-73.9204753603248, 40.77784931178681], [-73.92043801557301, 40.77782272568317], [-73.92038755901551, 40.777786805804446], [-73.9203715923716, 40.77777543042891], [-73.9203371025125, 40.77775088590343], [-73.92033556382808, 40.77774980423649], [-73.92033397770591, 40.77774876756194], [-73.92033234414608, 40.777747775879625], [-73.9203306750052, 40.77774682019283], [-73.92032895841582, 40.77774591850335], [-73.92032720624546, 40.77774505280935], [-73.9203254066374, 40.77774423210771], [-73.92032358327275, 40.777743465419704], [-73.92032171247035, 40.77774274372402], [-73.92031981791143, 40.77774207604205], [-73.92031789960669, 40.77774145336874], [-73.92031594571014, 40.77774087569591], [-73.92031396805709, 40.77774035203681], [-73.92031197849337, 40.77773988239962], [-73.9203099533271, 40.777739466767905], [-73.92030792809625, 40.777739105166276], [-73.92030586727354, 40.7777387885651], [-73.92030380637541, 40.777738534999045], [-73.92030333851541, 40.777738487849305], [-73.92030173357749, 40.77773832644984], [-73.92029964886889, 40.77773817192253], [-73.92029756408488, 40.77773808043031], [-73.92029547924695, 40.77773803396316], [-73.92029338248759, 40.777738050522885], [-73.92029129752035, 40.777738112115905]]]]}",285.574713427,13350003940.0,350000
"{'type': 'MultiPolygon', 'coordinates': [[[[-73.83764492873377, 40.744067765189726], [-73.8376349323313, 40.744093464211105], [-73.83763108509187, 40.74410335177134], [-73.83762708473668, 40.744103678419215], [-73.83760320221707, 40.74410562676579], [-73.83752346748808, 40.74411213214653], [-73.83746016015726, 40.74411937656061], [-73.83745968997812, 40.744119429927565], [-73.83745929423709, 40.74411954643516], [-73.83744653336265, 40.74412330425669], [-73.83743962922077, 40.74412533686496], [-73.837428125849, 40.74412954131042], [-73.83742727853199, 40.744129850789726], [-73.83739690356627, 40.74413881389355], [-73.83737583445404, 40.744145030972035], [-73.83725277050945, 40.74421719767258], [-73.83722410851163, 40.74423400567773], [-73.83721619157048, 40.744238648315154], [-73.83723093062784, 40.74419479908478], [-73.83723546675603, 40.74418550504596], [-73.83723548937303, 40.74418545554999], [-73.83723976268234, 40.744182933862255], [-73.83725004381631, 40.74417694110005], [-73.83725803063454, 40.74417228595193], [-73.83726303257463, 40.74416957168362], [-73.83727980964476, 40.74416046603492], [-73.83730030518188, 40.74415010312418], [-73.83730999558293, 40.744145526021605], [-73.83732121392481, 40.74414022706782], [-73.83734251451568, 40.74413085674618], [-73.83735000369015, 40.74412780019155], [-73.83736419270939, 40.74412200744765], [-73.837364275675, 40.74412197244496], [-73.83738623431378, 40.74411367284833], [-73.83738741925931, 40.74411328640229], [-73.83740464953256, 40.744107674446845], [-73.83741229308622, 40.74410539794628], [-73.83742091414973, 40.74410283106034], [-73.83742330994069, 40.74410211853814], [-73.83742433951832, 40.74410183993335], [-73.8374421847369, 40.744097012282566], [-73.83745769144474, 40.74409319800261], [-73.83745834063583, 40.74409305123543], [-73.83747072262219, 40.74409026452632], [-73.83747331700962, 40.74408968105601], [-73.83749324287669, 40.744085674895366], [-73.83751333210911, 40.74408216424133], [-73.83753356221351, 40.74407914816159], [-73.8375469916684, 40.74407748315413], [-73.83755390950606, 40.744076628423585], [-73.8375921717446, 40.7440727255505], [-73.83761799176759, 40.7440700910491], [-73.8376412208457, 40.74406808504632], [-73.83764492873377, 40.744067765189726]]]]}",285.760710563,9350004534.0,350020
"{'type': 'MultiPolygon', 'coordinates': [[[[-73.83783972916486, 40.726403399896604], [-73.83784204139363, 40.726402713361914], [-73.83784341632777, 40.726405355595], [-73.83785111216045, 40.72642015731747], [-73.83790037405129, 40.72651490545007], [-73.83790899006824, 40.72653147616588], [-73.8379102672086, 40.726533934556315], [-73.83790709257802, 40.72653489723551], [-73.83786644780962, 40.72654722743271], [-73.83786094076889, 40.726548898229616], [-73.83785886754832, 40.72654621719206], [-73.83785152690265, 40.7265367271813], [-73.83785068990107, 40.72653483583114], [-73.83784866268545, 40.72653027459238], [-73.83783225192408, 40.72649334135752], [-73.8378265081667, 40.72648041274359], [-73.83781296987064, 40.72644995461965], [-73.8378057286123, 40.726433680299905], [-73.83779901247718, 40.726418558472226], [-73.8377978069757, 40.72641584893905], [-73.83781159151305, 40.72641175572513], [-73.83783972916486, 40.726403399896604]]]]}",130.925792802,9350004496.0,350020
"{'type': 'MultiPolygon', 'coordinates': [[[[-73.84235577936072, 40.741309548014264], [-73.84240498103195, 40.74128545290616], [-73.84242041540905, 40.74131332495328], [-73.84237071643504, 40.74133693131164], [-73.8423617094586, 40.741341208105815], [-73.84233486275254, 40.74135395857734], [-73.84230269291257, 40.74136923938698], [-73.8422983298748, 40.74137131178643], [-73.84226457411727, 40.74138734053738], [-73.84225575677026, 40.741391528432665], [-73.8422520824146, 40.74138475877981], [-73.84224057721482, 40.741363563059856], [-73.84228332478233, 40.74134366273663], [-73.84230471870707, 40.74133370269101], [-73.8423399137735, 40.74131731749614], [-73.84235577936072, 40.741309548014264]]]]}",129.553946946,9350004546.0,350020
"{'type': 'MultiPolygon', 'coordinates': [[[[-73.98174012983546, 40.74632266388352], [-73.98174195396383, 40.746320082420674], [-73.9817444497757, 40.74631628448002], [-73.98175267991208, 40.746303759739305], [-73.98175434418063, 40.74630122777879], [-73.98175677779678, 40.74629538567836], [-73.9817584003908, 40.74628937955722], [-73.98175919299995, 40.74628327604993], [-73.98175914613368, 40.74627714269296], [-73.98175826214174, 40.746271047024706], [-73.98175721107611, 40.746248110058], [-73.98178654136473, 40.74620738209054], [-73.98178776375542, 40.74620568482915], [-73.98181774310459, 40.74616405644968], [-73.98182008838596, 40.74616079968792], [-73.98185242481334, 40.74611591453923], [-73.98188474935677, 40.74607102937931], [-73.98191707385422, 40.74602615321512], [-73.98194939831053, 40.74598126803649], [-73.98198172272335, 40.74593638284849], [-73.98201404709253, 40.74589149765112], [-73.98201721082722, 40.74588710547432], [-73.98204637141816, 40.74584661244439], [-73.98207888044053, 40.74580161019122], [-73.98208092246915, 40.745798782918456], [-73.98208147917643, 40.74579799055932], [-73.98208200036525, 40.74579718918958], [-73.98208247419771, 40.74579636980235], [-73.98208291251166, 40.74579554140452], [-73.98208331530955, 40.74579469499108], [-73.98208368258652, 40.74579384857207], [-73.98208400250714, 40.745792984135555], [-73.98208428690683, 40.74579211969351], [-73.98208453578802, 40.74579124624091], [-73.98208474915074, 40.745790363777715], [-73.98208489738549, 40.74578950471756], [-73.98208490331439, 40.745789472300224], [-73.98208503379742, 40.74578858081905], [-73.982085116919, 40.74578769023106], [-73.98208516452017, 40.74578679783643], [-73.9820851647599, 40.74578590633506], [-73.98208512948116, 40.74578500582303], [-73.98208504683879, 40.7457841143087], [-73.98208492867553, 40.74578322278886], [-73.98208476314866, 40.74578234026671], [-73.9820845621009, 40.74578145773905], [-73.98208432553224, 40.74578057520585], [-73.98208404159755, 40.74577971067541], [-73.98208372214197, 40.745778846139444], [-73.98216981077944, 40.745813513691374], [-73.98223564054169, 40.74584002306889], [-73.98223509584425, 40.74584018507606], [-73.98223457482021, 40.74584037410206], [-73.98223407746718, 40.74584059915198], [-73.98223360378759, 40.74584085122075], [-73.98223316561929, 40.74584113931524], [-73.98223276296477, 40.74584145443042], [-73.98223239582393, 40.74584179656625], [-73.98223206419895, 40.745842157618206], [-73.98222832127054, 40.74584737007301], [-73.9822237989555, 40.74585368282634], [-73.98221375699741, 40.74586769766001], [-73.98221146504261, 40.7458708959052], [-73.98208593308892, 40.74604609970649], [-73.982008503562, 40.74615416642624], [-73.98189936978892, 40.74630647990241], [-73.981877726807, 40.746336686689844], [-73.9818744574513, 40.74634185418193], [-73.98187364958869, 40.74634313097294], [-73.98185721988476, 40.74636909448979], [-73.98185715828845, 40.74636919083428], [-73.98185666788461, 40.74636996609307], [-73.98179233189974, 40.74634385205952], [-73.98174012983546, 40.74632266388352]]]]}",526.611523439,12350004057.0,350000
"{'type': 'MultiPolygon', 'coordinates': [[[[-73.87764954984993, 40.72951247648528], [-73.87766232943352, 40.72950736976682], [-73.87766297481132, 40.72950788464337], [-73.87766452679655, 40.72950911999012], [-73.87766607759808, 40.72951035533565], [-73.8776676496789, 40.72951160601241], [-73.87766920284474, 40.72951284316139], [-73.87767079619991, 40.72951411187089], [-73.87767235173006, 40.72951535082338], [-73.8776739509941, 40.7295166249422], [-73.87767556326119, 40.729517908980384], [-73.87767722872064, 40.72951923449844], [-73.87767893909613, 40.729520596084626], [-73.87768064592369, 40.729521955865984], [-73.87768347330208, 40.72952420744147], [-73.87763781278622, 40.72954227357732], [-73.87763417455017, 40.729539374573314], [-73.87763247126766, 40.72953801839708], [-73.8776307809898, 40.72953667123973], [-73.87762905643153, 40.729535297931136], [-73.87762736970008, 40.72953395347904], [-73.87762565223449, 40.729532585580976], [-73.87762395013604, 40.729531229405865], [-73.87762224330933, 40.72952986962368], [-73.87762056603151, 40.729528534186635], [-73.87761886038707, 40.72952717530617], [-73.8776171913857, 40.729525845280875], [-73.87761682496216, 40.72952555312639], [-73.87764954984993, 40.72951247648528]]]]}",45.4172503649,9350004554.0,350020
"{'type': 'MultiPolygon', 'coordinates': [[[[-73.83783675694973, 40.741958642225605], [-73.83783393354341, 40.741941960831944], [-73.83783345616659, 40.74193914066751], [-73.83784788550315, 40.74193947436096], [-73.83785425368644, 40.741939621104585], [-73.83792595256351, 40.74194237402322], [-73.8379542371821, 40.74194346021436], [-73.83797256447818, 40.741944137067264], [-73.83797736265281, 40.74194431401357], [-73.83800707273865, 40.7419454112022], [-73.83801179751451, 40.74194558534229], [-73.83804053447193, 40.74194664603374], [-73.83805423407179, 40.741947151572745], [-73.83809163581917, 40.741948476577406], [-73.83814038606795, 40.741950203837746], [-73.83815423725109, 40.74195069516974], [-73.83818878602018, 40.74195186754969], [-73.83824453901819, 40.741953760392356], [-73.83825424080179, 40.7419540900965], [-73.83829032517693, 40.74195526190107], [-73.83833332454078, 40.74195665862276], [-73.8383357929115, 40.74195673863083], [-73.83835423643322, 40.741957337241914], [-73.83864091476575, 40.74196645707171], [-73.83871118591124, 40.7419686924102], [-73.8387482366133, 40.741968804625536], [-73.83878529007048, 40.74196826756609], [-73.8388223214207, 40.74196708029668], [-73.83885930816332, 40.741965244586815], [-73.8388962242501, 40.74196276040007], [-73.83889784153023, 40.74196325614104], [-73.83901316056729, 40.74199863628153], [-73.83875034829971, 40.74199004877707], [-73.83863140563543, 40.74198630536457], [-73.83833682107522, 40.74197703303379], [-73.83831095139597, 40.74197608180125], [-73.83831081880338, 40.74197607711258], [-73.83826729305693, 40.741974477028926], [-73.83822481502335, 40.74197291712232], [-73.83822472149927, 40.74197291338892], [-73.8381697667921, 40.74197089108462], [-73.83815033969049, 40.74197017039364], [-73.83813170575507, 40.741969486834535], [-73.83808237913588, 40.74196766330633], [-73.83808226782614, 40.74196767035391], [-73.83802934936378, 40.741965722886], [-73.83799742308148, 40.7419645460426], [-73.83799388334538, 40.74196441589274], [-73.8379937862694, 40.74196441215416], [-73.83795951830817, 40.74196315276147], [-73.83795870618168, 40.741963122802574], [-73.83792135190103, 40.74196175099513], [-73.83784072760723, 40.74195878919618], [-73.83784009779532, 40.74195876579671], [-73.83783675694973, 40.741958642225605]]]]}",663.233007341,9350004654.0,350020
"{'type': 'MultiPolygon', 'coordinates': [[[[-73.83783675694973, 40.741958642225605], [-73.83783796848213, 40.74196580027286], [-73.83784110469438, 40.7419843299503], [-73.83784457821845, 40.742004854728954], [-73.83783954203523, 40.7420046891486], [-73.8378300722566, 40.742004378646904], [-73.83782124768621, 40.74200408976467], [-73.83782093751265, 40.7420040794223], [-73.8378166637432, 40.74200393832778], [-73.83781601029335, 40.74200389778522], [-73.83777240198586, 40.74200119247425], [-73.83774927074927, 40.742000268386136], [-73.83772806682582, 40.74199941904955], [-73.83768367012262, 40.74199860906516], [-73.8376827087488, 40.74199860680973], [-73.83767898164952, 40.74199859795476], [-73.83766803832339, 40.74199857352564], [-73.8376650452775, 40.74199856660544], [-73.83766344811902, 40.74199856255316], [-73.83766255893383, 40.74199857390693], [-73.83765345512924, 40.741998697051166], [-73.83761847967034, 40.74199916553614], [-73.83759451413394, 40.742000023247535], [-73.83759411865597, 40.74200003709797], [-73.83757355614246, 40.74200076812939], [-73.83752871307414, 40.742003361378046], [-73.8375279172988, 40.74200342329104], [-73.83751818564079, 40.74200417589484], [-73.83750687545766, 40.74200505144141], [-73.8374948926549, 40.742005979167764], [-73.83748393609544, 40.742007010999025], [-73.83746115374827, 40.74200915537787], [-73.83745937493167, 40.74200936088494], [-73.83743597553465, 40.74201207350943], [-73.83743244513438, 40.742012483660595], [-73.8374086774134, 40.74201524078504], [-73.83740726447557, 40.74201543239968], [-73.83739136330412, 40.74201758647909], [-73.83739494395999, 40.7419975552195], [-73.83739601947842, 40.74199153773887], [-73.83739928684992, 40.74197325482435], [-73.83740906930572, 40.74197206195362], [-73.83741428148333, 40.741971426348634], [-73.83741563989435, 40.741971260771706], [-73.83743829979245, 40.741968831668295], [-73.83744034385029, 40.741968612127835], [-73.83746504779549, 40.74196596708063], [-73.8374663268106, 40.741965830207334], [-73.83746953246266, 40.741965559175625], [-73.83752055762976, 40.74196124479486], [-73.83752101354875, 40.7419612067162], [-73.83753607827644, 40.74196024821481], [-73.83755018265852, 40.74195935139247], [-73.83756602300204, 40.741958343552675], [-73.83758803883599, 40.74195736242969], [-73.83758816553286, 40.741957357205294], [-73.83761110140401, 40.7419563359519], [-73.83765563663145, 40.741955190255034], [-73.83765623693861, 40.741955174892084], [-73.83766035370523, 40.741955123962946], [-73.83767126899535, 40.74195498986378], [-73.83767582857834, 40.741954933254675], [-73.83767655436982, 40.741954924372045], [-73.83768191770795, 40.74195493193112], [-73.8377000879398, 40.74195495753835], [-73.83772076343074, 40.74195498667274], [-73.837742076133, 40.74195540391983], [-73.83776495867859, 40.7419558593947], [-73.83780855410535, 40.74195752100094], [-73.83780911643592, 40.74195754250455], [-73.83781605362982, 40.74195788546197], [-73.83782834918533, 40.74195833502012], [-73.83783273893391, 40.74195849518821], [-73.83783675694973, 40.741958642225605]]]]}",280.96611474,9350000912.0,350000
"{'type': 'MultiPolygon', 'coordinates': [[[[-73.91798741546567, 40.77789492088075], [-73.91798852305149, 40.77789493427607], [-73.91798982017114, 40.77789494960727], [-73.91799223678922, 40.77789492431204], [-73.91799465349601, 40.777894826976606], [-73.91799705842327, 40.7778946756026], [-73.91799945159327, 40.77789445217994], [-73.91800184484083, 40.77789416572214], [-73.91800421447404, 40.777893816212284], [-73.9180065723277, 40.77789341266384], [-73.91800857243655, 40.7778930052588], [-73.91800890657808, 40.77789293705832], [-73.91801121720293, 40.7778924074058], [-73.9180135042133, 40.77789181470125], [-73.91801575576329, 40.777891158936214], [-73.91801798368776, 40.777890449124186], [-73.91802495851508, 40.77788476110842], [-73.9180577669869, 40.77785800529527], [-73.91806421768037, 40.777852750946664], [-73.91811045160955, 40.777815061755355], [-73.9181389567763, 40.777791823826064], [-73.9181566854864, 40.77777737254531], [-73.91820291931091, 40.777739683316476], [-73.91822289862502, 40.77772338849304], [-73.91824914124818, 40.77770198505548], [-73.91825808443667, 40.77769469372609], [-73.91826773672159, 40.77768682477627], [-73.91835796295663, 40.777735965231734], [-73.91835650203312, 40.77773718707929], [-73.91834778036065, 40.77774448577723], [-73.91834054451235, 40.77775054193326], [-73.91830832233582, 40.77777749995546], [-73.91829213949552, 40.777791039246], [-73.91824372257379, 40.77783153652974], [-73.9182141423245, 40.77785628386474], [-73.91819531743916, 40.77787203380128], [-73.91814690039965, 40.77791253104386], [-73.91813854035205, 40.77791953101582], [-73.91810634054814, 40.777946465583824], [-73.9180984951473, 40.77795302827427], [-73.91809779552361, 40.777953604098705], [-73.91809713141579, 40.77795419795843], [-73.91809649097783, 40.77795480984504], [-73.91809593708336, 40.77795536686246], [-73.91809587422082, 40.7779554307535], [-73.91809529296862, 40.77795607870227], [-73.91809473539736, 40.77795673567285], [-73.91809421334197, 40.777957410678766], [-73.91809371496758, 40.77795809470657], [-73.91809325212012, 40.777958787764604], [-73.9180928247885, 40.77795949885796], [-73.91809242113786, 40.77796021897318], [-73.91809205301416, 40.7779609481186], [-73.91809172040637, 40.77796169529939], [-73.9180914233366, 40.77796244250543], [-73.9180911617938, 40.77796319874176], [-73.91809093578905, 40.777963955003315], [-73.91809074530018, 40.77796472930022], [-73.91809057851442, 40.77796549460887], [-73.91809045909058, 40.77796627796127], [-73.91809037521585, 40.777967052333935], [-73.91809031502207, 40.77796783572845], [-73.91809030221238, 40.777968619156646], [-73.91804079156161, 40.777933154577006], [-73.91798741546567, 40.77789492088075]]]]}",293.14246541,13350003932.0,350000
