file_num,summary,intro_date
Int 1110-2024,"This bill would require the Department of Education (DOE) to report annually on the number of schools with safe passage routes, as well as to distribute information annually on such safe passage routes to students of such schools. Additionally, this bill would require the Chancellor of DOE to conduct a feasibility study on implementing safe passage routes at all DOE schools.",2024-11-13T00:00:00.000
Int 1114-2024,"This bill would require the Commissioner of Transportation to create and maintain an online capital project tracker on the Department of Transportation’s (DOT) website, to be updated quarterly, which provides detailed information on each pending capital project under DOT’s jurisdiction. This tracker would not include any capital projects undertaken by DOT to address specific benchmarks included in any transportation master plan issued by DOT under section 19-199.1 of the Administrative Code.",2024-11-13T00:00:00.000
Int 1147-2024,This bill would require that medians be cleaned at least once per quarter.,2024-12-19T00:00:00.000
Int 1118-2024,"This bill would update section 1109 of the Charter to reflect the creation of the Twelfth and Thirteenth Judicial Districts. Currently, section 1109 permits any supreme court justice “in the first, second or eleventh judicial district” to order a summary inquiry into alleged misconduct regarding the property, government, or affairs of the City. When the Legislature reassigned Bronx County to the Twelfth District and Richmond County to the Thirteenth District, it did not update section 1109 accordingly. This bill would make the necessary updates to section 1109 to clarify that justices in Bronx and Richmond Counties continue to be able to order summary inquiries.",2024-11-21T00:00:00.000
Int 1163-2025,"This bill would require the New York City Department of Education (“DOE”) to produce an annual report and to submit that report to the mayor, and the speaker of the council. The reporting mandate would be for DOE to report on all outreach by participating city schools to parents and guardians of eligible students about the New York City Scholarship program (“program”). Such report would be mandated to include the following information: (1) identify and list each participating city school for the year in question; (2) disaggregated by participating city school, identify, list and describe: the steps taken by each school to notify parents and guardians of eligible students about the program; the resources, tools, or other engagement methods, disaggregated by program benefit, used by the school to inform parents or guardians how to obtain each type of program benefit; (3) an assessment on outreach DOE considered most effective at improving parent and guardian engagement with the program for that year; (4) a description of the steps DOE will take in the next year to improve parent and guardian engagement and use of the program. As this local law would contain reporting requirements with a sunset clause, it is deemed repealed after such reporting requirements are completed and therefore an unconsolidated local law.",2025-01-08T00:00:00.000
Int 1129-2024,"This bill would require the Department of Information Technology and Telecommunications (DOITT) to provide information on its 311 customer center website on identifying whether an overhead wire is electrical or non-electrical. This bill would also require the 311 customer service center to add a 311 complaint category for non-electrical overhead wires. When it receives a non-electric overhead wire complaint, DOITT would be required to identify the cable company responsible for the repair and maintenance of the non-electric wire. The complaint would be considered closed once DOITT provides the name of the cable provider to the 311 customer. Lastly, this bill would also make a technical correction to section 23-304 of the administrative code.",2024-11-21T00:00:00.000
Int 1127-2024,"This bill would establish a basement and cellar dwelling unit legalization program in certain community districts. Building owners would be able to apply for an authorization for temporary residence for units that existed prior to April 20, 2024. The Department of Buildings would inspect such units prior to issuing an authorization and, if issued, the building owner would be permitted to do any necessary construction on the unit to legalize the unit and apply for an amended or partial certificate of occupancy. The Department of Housing Preservation and Development would be required to provide technical assistance and outreach to owners of eligible basement or cellar residences. Tenants who resided in the basement or cellar unit on April 20, 2024 would have a right of first refusal to return to such unit upon its first occupancy following any necessary alterations.",2024-11-21T00:00:00.000
Int 1070-2024,This bill would expand the current reporting requirements on exits from domestic violence shelters to include both domestic violence emergency shelter exists as well as domestic violence tier II shelter exits.,2024-10-10T00:00:00.000
Int 1187-2025,"The Department of Health and Mental Hygiene inspects food service establishments for compliance with food safety rules at least once a year. These inspections result in the Department issuing a score, which corresponds to a letter grade. Food service establishments are required to post these grades in an area visible to passersby. However, consumers who purchase food or beverages online do not have access to such letter grades. This bill requires food service establishments and third-party food delivery services (such as Seamless or Grubhub) to post sanitary inspection grades on their websites or other online platforms.",2025-02-13T00:00:00.000
Int 1028-2024,"This bill would require the Commissioner of Social Services to create a system to automatically enroll individuals in City-created benefit programs, like Fair Fares NYC. The Commissioner would be required to use recent records, like tax and social services assistance rolls, to identify individuals who meet the eligibility criteria for these programs for automatic enrollment. The bill would also require the Commissioner to notify eligible individuals about automatic enrollment. This notice would have to include information such as details about the relevant benefit programs and any steps necessary to complete enrollment. Additionally, the Commissioner would have to establish a plainly and conspicuously communicated opt-out mechanism that would allow eligible individuals to decline automatic enrollment at the time they receive the notice. The bill would require the Commissioner to make the system, including the notice and the opt-out mechanism, available in designated citywide languages.",2024-09-12T00:00:00.000
Int 1008-2024,This bill would eliminate the $340 fee for a license or permit to carry or possess a pistol or revolver in the city.,2024-08-15T00:00:00.000
Int 1094-2024,"This bill would require the Department of Education, the Department of Health, the Police Department, the Administration for Children’s Services, the Mayor’s Office to End Domestic and Gender-Based Violence and service providers who work with families and contract with such agencies conduct culturally competent training for all staff on recognizing the signs of female genital mutilation and cutting, including with regard to information on resources for individuals who have undergone physical or psychological trauma.",2024-10-23T00:00:00.000
Int 1177-2025,"The Health Code currently requires certain chain restaurants to post sodium warnings when they sell food containing high sodium. This bill would codify that rule in the Administrative Code and expand it to include all restaurants, regardless of the number of locations. Additionally, this bill would expand the requirement to post added sugar notifications to all restaurants.",2025-01-23T00:00:00.000
Int 1007-2024,"A Community Land Trust (CLT) is a non-profit, community-run organization that can acquire and develop land usually with the goal of promoting permanent affordable housing and stabilizing housing markets. This bill would permit City agencies to enter into regulatory agreements with CLTs that cover more uses beneficial to the local community beyond housing, such as manufacturing and commercial uses the development of open space and community gardening.",2024-08-15T00:00:00.000
Int 1201-2025,"This bill would update an existing local law on the prevention of interference with access to reproductive health care facilities, by prohibiting activities that prevent access to facilities offering gender-affirming care. Unlawful actions may subject a person to criminal charges or civil suits. The bill would update cross-references to this local law that exist in another section of the Administrative Code. This bill would also expand a person’s private right of action for interference with reproductive or endocrine medical care when a lawsuit is commenced against the person on the basis of this care, to explicitly include all forms of gender-affirming care. Along with expanding this private right of action, the relevant chapter of the Administrative Code is redesignated to prevent confusion with an identically numbered chapter.",2025-02-27T00:00:00.000
Int 1071-2024,This bill would amend the existing reporting requirements regarding multi-agency emergency housing assistance to include reporting on referrals to HRA domestic violence shelters disaggregated by household type and source of referral. This bill would also require reporting on transfers between city-administered facility systems and exits from HRA-administered domestic violence shelters including domestic violence emergency shelters and domestic violence tier II shelters.,2024-10-10T00:00:00.000
Int 1043-2024,This bill would require the department of health and mental hygiene to create and implement a public awareness strategy to offer overdose prevention and reversal training for the general public to public health sanitarians of the department and to teaching staff of child care programs.,2024-09-12T00:00:00.000
Int 1096-2024,"This bill would amend the Administrative Code to preserve health care choice for retirees from city service. The bill provides that the City must offer Medicare-eligible City retirees and their Medicare-eligible dependents at least one Medigap plan with benefits equivalent to or better than those available to City retirees and their dependents as of December 31, 2021.",2024-10-23T00:00:00.000
Int 1063-2024,"This bill would make amendments to the Third Party Transfer (“TPT”) program. Through the TPT program, the City forecloses on financially and physically distressed properties and transfers them to a third party for rehabilitation. This bill would expand the definition of distressed properties, create additional notice requirements to property owners and building residents, and provide opportunities for building owners to avoid the transfer of their property in particular circumstances, among other changes to the program.",2024-09-26T00:00:00.000
Int 1053-2024,"This bill would require the New York City Department for the Aging (DFTA) to conduct a feasibility study regarding the creation of older adult information points. Older adult information points would serve as physical locations where older adults can receive information concerning DFTA services and programming. In the feasibility study, DFTA would be required to identify potential locations in each borough for the creation of older adult information points. The feasibility study would also identify considerations for locating proposed sites and potential services that could be provided at older adult information points. Additionally, the feasibility study would require DFTA to assess the potential benefits and constraints in establishing older adult information points. Finally, this bill would require DFTA to submit a report to the Mayor and Speaker of the Council regarding the findings of the feasibility report, and to post the report on DFTA’s website.",2024-09-26T00:00:00.000
Int 1169-2025,"This bill would require that syringe exchange program staff provide guidance to each program participant regarding safe disposal practices for needles, syringes, and sharps. Such guidance would include information about safe needle, syringe and sharp disposal sites located in the surrounding community. The bill would also require that syringe exchange program staff maintain safe needle, syringe, and sharp disposal receptacles in each program location in areas that are publicly accessible at all times, and that the Department of Health and Mental Hygiene (DOHMH) and syringe exchange programs contracted with DOHMH create and implement a plan that ensures that needles, syringes, and sharps provided by each program are collected and safely disposed of following their use. The bill requires DOHMH to publish on its website information regarding the number of needles, syringes, and sharps provided by each syringe exchange program to program participants, and the number of discarded or used needles, syringes, and sharps collected by such programs. Such information would be published on a monthly basis.",2025-01-23T00:00:00.000
Int 1176-2025,"This bill would regulate the Police Department’s response to public gathering at which individuals are expressing rights protected by the First Amendment to the United States Constitution and Article I, Section 8 of the New York State Constitution. Specifically, the bill would prohibit the deployment the Police Department’s Strategic Response Group to such events, and generally prohibit the Strategic Response Group from being used for crowd control purposes.  Additionally, the bill would prohibited the Police Department from using certain police tactics when responding to first amendment events, or for the purpose of conducting crowd control.  Finally, the bill would require the Police Department to publish a quarterly report on officer deployment in response to first amendment events.",2025-01-23T00:00:00.000
Int 1159-2025,"This bill would require the Department of Parks and Recreation (Parks) to report on any instance where it has waived the requirement that a development plant a certain number of street trees along its lot. This report would include each time a waiver has been granted, which type of alternate compliance has been used, and the locations of any trees that have been planted off-site to account for the waived trees.",2025-01-08T00:00:00.000
Int 1039-2024,This bill would prohibit a bike share company from charging a bike share member more than the base fare of a subway ride to use an e-bike for 1 hour or less or to use a regular bicycle for 2 hours or less.,2024-09-12T00:00:00.000
Int 1132-2024,"This bill would require the Department of Small Business Services (SBS), together with the Office for Administrative Trials and Hearings (OATH) to determine, on an annual basis, the most common types of regulatory violations issued to businesses in each Community District. SBS would also be required to develop specially tailored regulatory compliance services for small businesses in each Community District, and to annually report on its findings, programming, and recommendations in relation to geographic trends in regulatory compliance challenges.",2024-12-05T00:00:00.000
Int 1055-2024,"This bill would protect non-traditional families and relationships by prohibiting discrimination on the basis of “family or relationship structure” in employment, housing, and public accommodations.",2024-09-26T00:00:00.000
Int 1200-2025,"This bill would require the city to administer a public education program to inform the public about the legal rights and resources available to TGNCNBI individuals. The public education program would provide information on protections against discrimination and harassment related to gender, sexual orientation, and sexual and reproductive health decisions. It would also include information on hate crime protections, access to gender-affirming care, community-based organizations offering support services for TGNCNBI individuals, and legal name and gender marker changes.",2025-02-27T00:00:00.000
Int 1172-2025,This bill would require the Commissioner of Health and Mental Hygiene to establish a pet food pantry in at least one location for at least 12 months. It would also require the Commissioner to deliver a report on the impact of the pilot program and feasibility of continuing or expanding the program.,2025-01-23T00:00:00.000
Int 1203-2025,"This bill would require the Chair of the Commission on Gender Equity to work with the Director of the Office of Immigrant Affairs and the Commissioner of Youth and Community Development to develop a plan for the City to provide support to newly arrived migrants 24 years old and younger in the city and newly arrived migrants who are transgender, gender non-conforming, non-binary, and intersex. The plan would review the particular needs of these communities, what resources exist for them, and recommendations on how to address any gaps in city resources. The bill would require the Chair of the Commission on Gender Equity to submit the plan to the Mayor and the Speaker of the Council no later than 1 year after the effective date of the local law.",2025-02-27T00:00:00.000
Int 1002-2024,"This bill would require all schools to stock airway clearance devices. Additionally, for each school year, this bill would require the Department of Education to report the number of airway clearance devices made available in each school building and the number of instances airway clearance devices were used during an emergency, disaggregated by school building. However, such reporting requirement would cease after 5 years.",2024-08-15T00:00:00.000
Int 1149-2024,"This bill would require all written information at ferry terminals regarding ferry schedules, fares, and tickets to be provided in the designated citywide languages and any other language deemed appropriate.",2024-12-19T00:00:00.000
Int 1011-2024,This bill would require the Department of Information Technology and Telecommunications to submit four quarterly reports to the Mayor and the Speaker of the Council on the number of complaints received by the 311 Customer Service Center about residential spaces used as businesses. The report would include the number of complaints disaggregated by the Council district and by a description of the issue. It would also include the status of each complaint.,2024-08-15T00:00:00.000
Int 1097-2024,"This bill would require retail stores that primarily sell food for off-site consumption and retail stores that include a pharmacy to accept flexible benefits cards distributed by health insurance providers. This requirement would only apply to such retail stores that currently accept credit or debit cards. The Department of Consumer and Worker Protection (“DCWP”) would be required to provide outreach and education on this requirement. For any violation that occurs within one year of this requirement becoming law, DCWP would issue a warning. After one year, DCWP may issue a civil penalty of $250 for a first violation and $500 for any subsequent violation within 18 months of a previous violation.",2024-10-23T00:00:00.000
Int 1031-2024,"This bill would require agencies that issue vacate orders—specifically, Department of Buildings (DOB), Department of Health and Mental Hygiene (DOHMH), Department of Housing Preservation and Development (HPD), and New York City Fire Department (FDNY) — to provide documentation about vacate orders, including the reason for an order and the date it was issued, to affected occupants upon request. Occupants who were required to leave a building due to a vacate order would be allowed to submit a request for documentation online and by mail to the agency that issued the order, and the agency would be required to provide the requested documentation within 14 days of receipt of the request.",2024-09-12T00:00:00.000
Int 1089-2024,"This bill would amend the Earned Safe and Sick Time Act to include the care of a companion or service animal that needs medical diagnosis, care or treatment of a physical illness, injury or health condition as a covered use of sick time.",2024-10-23T00:00:00.000
Int 1180-2025,This bill would limit the deduction a building owner can take due to the purchase of renewable energy credits in order to comply with Local Law 97 of 2019. A building would be limited to using RECs to offset any excess of its annual building emissions limits for up to 10% of the building’s electricity emissions.,2025-02-13T00:00:00.000
Int 1115-2024,"This bill would require the Department of Sanitation, with the Department of Citywide Administrative Services and the Department of Education to create a program that would require City-owned non-residential buildings dispose of their waste in containerized waste receptacles placed outside of such buildings, by June 1, 2030.",2024-11-21T00:00:00.000
Int 1042-2024,"This bill would require the Department of Health and Mental Hygiene (DOHMH) to annually report on training provided to employees of DOHMH who inspect child care programs, including the types of training required, the types of training made available for voluntary participation, the entity that provides each type of training, how often each training is required or made available, and any other information DOHMH deems relevant.",2024-09-12T00:00:00.000
Int 1061-2024,This bill would amend the Department of Correction’s semi-annual reports on alleged incidents and investigations of sexual harassment and abuse to require a single report on incidents and investigations that includes a unique identification number for each alleged incident. It would also require the Department to provide a justification for not reporting any substantiated allegations to a District Attorney’s office.,2024-09-26T00:00:00.000
Int 1021-2024,"This bill would suspend alternate side parking regulations on September 11th of each year, also known as Patriot Day.",2024-09-12T00:00:00.000
Int 1058-2024,"This bill would require the Department of Parks and Recreation to consult with the Department of Education (DOE) to conduct a feasibility study on how high school students, could be trained and developed with the goal of preparing those students to become lifeguards at City managed beaches and pools. The study would have to be submitted to the Mayor and the Speaker of the Council no later than July 1, 2025.",2024-09-26T00:00:00.000
Int 1036-2024,"This bill would require the Department of Correction to issue quarterly public reports on people in custody who have been ordered to undergo a mental health evaluation pursuant to Section 730 of the New York Criminal Procedure Law. Among other things, information in these reports would include the number of people in custody who have been ordered to undergo mental health evaluations, the housing area type where these individuals are being detained, and the average length of time spent in custody.",2024-09-12T00:00:00.000
Int 1124-2024,"This bill would prohibit the sale of disposable electronic cigarettes (e-cigarettes). The prohibition would be enforced by the Department of Health and Mental Hygiene, the Department of Consumer and Worker Protection, and the Department of Finance. Violations of the ban on disposable e-cigarettes would be punishable by civil penalties, license suspension, seizure, and sealing.",2024-11-21T00:00:00.000
Int 1075-2024,"This bill would require each borough president, in coordination with the Civic Engagement Commission, to conduct annual trainings on the legislative processes of the New York City Council and New York State Legislature and on rules of parliamentary procedure, including Robert’s Rules of Order, for members and district managers of community boards within their respective borough. The bill would also require that each borough president make these trainings available to members of precinct community councils and members of community district education councils, and to the boards of directors of district management associations for business improvement districts, within their respective borough.",2024-10-10T00:00:00.000
Int 1056-2024,"This bill would require the Department of Mental Health and Hygiene, in collaboration with the Department of Education and community based organizations, to conduct an annual LGBTQIA+ competency training for public school medical personnel. This training would be required for DOHMH employees and contractors and be offered to Department of Education employees and contractors and would focus on health concerns for the community including gender and sexuality affirming care and a list of referrals and resources to help medical personnel connect students with such care. This bill would also require reporting on attendance of such training.",2024-09-26T00:00:00.000
Int 1119-2024,"This bill would update section 40 of the Charter to reflect the creation of the Twelfth and Thirteenth Judicial Districts. Currently, section 40 permits any supreme court justice “in the first, second or eleventh judicial district” to resolve disputes regarding the validity of voter petitions to amend the Charter. When the Legislature reassigned Bronx County to the Twelfth District and Richmond County to the Thirteenth District, it did not update section 40 accordingly. This bill would make the necessary updates to section 40 to clarify that justices in Bronx and Richmond Counties continue to be able to resolve disputes regarding the validity of Charter amendment petitions.",2024-11-21T00:00:00.000
Int 1078-2024,"This bill would prohibit any person from selling or offering for sale a physical gift card that is usable at multiple affiliated merchants or at multiple unaffiliated merchants unless it is equipped with chip-and-PIN technology. Any person who violates this prohibition would be liable for a civil penalty of not less than $500 nor greater than $1,000 that would be recoverable in a proceeding before the Office of Administrative Trials and Hearings.",2024-10-10T00:00:00.000
Int 1052-2024,"This bill would require expansion of the foster youth experience survey that the Administration for Children’s Services (ACS) is required to distribute annually to foster youth, to include questions about the treatment of foster youth by foster placements and ACS employees  related to their gender expression, gender identity, sex characteristics, and sexual orientation. The bill would also require ACS to allow foster youth to express any grievances about their interactions with ACS employees, and require ACS to provide the option to foster youth to provide anonymous responses to the survey.",2024-09-26T00:00:00.000
Int 1033-2024,"This bill would require the Department of Education (DOE) to develop and implement an education and outreach campaign targeting families with children who are eligible to enroll in 3-K or pre-K. DOE would be required to provide the public with information on the benefits of early childhood education, how to apply to 3-K and pre-K, and 3-K and pre-K programs with available seats. Additionally, DOE would be required to collaborate with the New York City Housing Authority, Department of Social Services, and Administration for Children’s Services in its outreach efforts.",2024-09-12T00:00:00.000
Int 1160-2025,"This bill would require the Department of Transportation (“DOT”) to ensure, where practicable, that pavement markings or temporary markings are installed on a street within 5 business days after the street is resurfaced. This bill would also require an annual report on March 1 of each year from DOT to the mayor and the speaker of the council on the number of streets where pavement markings were installed, the percentage of such streets where pavement markings or temporary markings were installed within 5 business days after resurfacing, and for any resurfacing where pavement markings or temporary markings were not installed within 5 business days, the reason for the delay. The requirement for the installation of markings within 5 business days will take effect at the same time that the resurfacing timeline in Proposed Int. No. 552-A takes effect, while the annual reporting requirement will take effect at the same time that the notice requirement in Proposed Int. No. 552-A takes effect.",2025-01-08T00:00:00.000
Int 1146-2024,This bill would require the Department of Health and Mental Hygiene to establish a Newborn Home Visiting Program and ensure that such program is available to 75 percent of all Taskforce on Racial Inclusion & Equity identified neighborhoods within 3 years of the effective date of the bill and to be available in 100% of such neighborhoods within 5 years. The bill would also require the Department to submit two progress reports to the Mayor and the Speaker of the Council detailing the availability of the program in priority neighborhoods.,2024-12-19T00:00:00.000
Int 1017-2024,"This bill would require a study on the feasibility of expanding ferry service directly to Coney Island, with particular consideration to study the possible use of the Steeplechase Pier for such ferry service.",2024-09-12T00:00:00.000
Int 1152-2024,This bill would prohibit the sale of flavored cigarettes and flavored nicotine pouches. The bill imposes civil penalties for violations of the prohibition of sale.,2024-12-19T00:00:00.000
Int 1026-2024,"This bill would require the Department of Correction to report separately on in-person and tele-visits and provide more detailed reporting on the reasons jail visits are not completed. The bill would also require the Department of Correction to record interactions in which a person in custody is informed about a visitor and refuses to attend the visit and, upon request, provide those video recordings to defense attorneys.",2024-09-12T00:00:00.000
Int 1010-2024,"This bill would require Department of Parks and Recreation (Parks) to place surveillance cameras in at least 10 city parks where there are frequent complaints of illegal all-terrain vehicle or dirtbike usage or where the commissioner otherwise has reason to believe that damage to park property may occur as a result of such usage. Within a year of the law’s enactment, Parks must report to the mayor and the Council on the effectiveness of the program, whether more resources are needed to deter illegal vehicle use in parks, and whether a permanent program would benefit from greater coordination with other city departments.",2024-08-15T00:00:00.000
Int 1079-2024,This bill would require the New York City Police Department (NYPD) to retrieve previously unreported sexual offense evidence collection kits from their storage location within 7 days of a survivor providing consent for such retrieval. This bill would also require NYPD to report annually on the timeframe between receiving a survivor’s consent for the retrieval of a sexual offense evidence kit and the NYPD’s retrieval of such kit.,2024-10-10T00:00:00.000
Int 1049-2024,This bill would prohibit the initiation of a transaction that would result in a preauthorization hold in connection with the sale or offer for sale of any petroleum product for use in motor vehicles or motor boats unless the retailer posts written notice of the preauthorization hold in a conspicuous manner at the place where payment is accepted. The Commissioner of the Department of Consumer and Worker Protection would set by rule the information in the notice and manner in which the notice must be displayed.,2024-09-26T00:00:00.000
Int 1135-2024,This bill would require third-party grocery delivery services to pay their grocery delivery workers a minimum pay rate that would meet or exceed the minimum pay rate established by the Department of Consumer and Worker Protection that must be paid to food delivery workers.,2024-12-05T00:00:00.000
Int 1105-2024,"This bill would require the Department of Transportation, upon submission of its annual streets plan update, to post on its website a description of all projects planned for that year that will contribute to the requirements of the streets master plan, and the contribution each project will make to those requirements. The Department would also be required to provide monthly updates on the progress of each project including their current status, the actual and estimated start and completion dates, community board presentations if applicable, project funding, and whether any delays or cost overruns have occurred.",2024-11-13T00:00:00.000
Int 1136-2024,"This bill would require that when the Department of Transportation (DOT) is engaged in street work that reduces the number of available parking spaces, alternate side of the street parking rules would be suspended within a 2 block radius of any parking space that has become unavailable due to such work. DOT would also be required to post signs within the designated area indicating that the rules have been suspended. Lastly, prior to the suspension, DOT would also be required to post on its website and to notify the Department of Sanitation, Police Department, and Department of Finance of the time and place of the suspension.",2024-12-05T00:00:00.000
Int 1155-2024,"This bill would mandate the Department of Housing Preservation and Development (HPD) to create a resource guide on shared driveways. The resource guide would include information on how to determine whether a property includes a shared driveway, resources for dispute resolution, and any other information HPD deems to be appropriate. HPD would be required to post the resource guide on its website.",2024-12-19T00:00:00.000
Int 1085-2024,"This bill would require the New York City Sheriff to post annually on the Department of Finance’s website a watch list of commercial property owners determined within the past year, through payment of civil penalties or a hearing decision of the Office of Administrative Trials and Hearings (OATH), to have knowingly leased premises to unlicensed sellers of cigarettes, electronic cigarettes, tobacco products, or illicit cannabis. The Sheriff would have to coordinate with the Police Commissioner, Commissioner of Consumer and Worker Protection, and the Chief Administrative Law Judge to produce this list. The list would contain the name of the owner; the address of each premises that is the subject of a violation determination; for each premises, the number of times a determination occurred within the previous year, disaggregated by type of sale; and the number of times the owner was the subject of a violation determination within the past 5 years.",2024-10-10T00:00:00.000
Int 1102-2024,"This bill would require certain stores to have a bin for collection of unwanted reusable bags. Returned reusable bags, if in good condition, would be sanitized and reused by the store for future consumers.",2024-11-13T00:00:00.000
Int 1069-2024,"The proposed legislation would limit parking of commercial vehicles that are tractor-trailer combinations, tractors, truck trailers or semi-trailers to no more than 90 minutes.",2024-09-26T00:00:00.000
Int 1158-2024,"This bill would require the Police Commissioner to establish procedures for blood alcohol level testing of each uniformed member of the Police Department who, whether on or off duty, discharges a firearm within New York City in a manner that results in physical injury to or death of an individual. The bill would also require the Police Commissioner to include these procedures in the Police Department’s Patrol Guide.",2024-12-19T00:00:00.000
Int 1157-2024,"This bill would require child protective specialists, when conducting an investigation of a report of child abuse or maltreatment, to provide certain information verbally upon first making contact with parents or other persons legally responsible for the care of children who are the subject of such reports.",2024-12-19T00:00:00.000
Int 1193-2025,"This bill would require home improvement contractors disclose in writing to owners whether there are any permits foreseeably required to perform the work specified in the contract and, if so, which permits are required, what actions need to be taken to obtain the permits, and how owners can verify the status of any permits. The bill would also require the Department of Buildings (DOB) to conduct an outreach and education campaign on the watch list of contractors who have performed work without the required permits.",2025-02-13T00:00:00.000
Int 1131-2024,"This bill would establish a task force to study options for making street design and infrastructure safer for pedestrians, motorists, cyclists, and operators of electric bicycles (also known as e-bikes) in consideration of increased use of electric bicycles and related collisions in New York City. The task force would submit a report to the mayor and the speaker of the Council with recommendations for legislation and policy within 270 days of its creation.",2024-12-05T00:00:00.000
Int 1166-2025,This bill would amend the existing community notification requirement to require the Department of Homeless Services to notifying elected officials and community boards for affected areas when an emergency homeless shelter contract is renewed.,2025-01-23T00:00:00.000
Int 1064-2024,"This bill would require employers to make reasonable efforts to notify their current employees of job opportunities prior to selecting a candidate for the role. This bill would also require employers to provide current employees with information about the selected candidate, so that current employees can prepare for similar opportunities in the future. This bill would only apply to employers with more than 100 employees.",2024-09-26T00:00:00.000
Int 1103-2024,"This bill would require the New York City Police Department, within 48 hours of a determination that a violent or traumatic incident has occurred, to notify the Mayor’s Office of Community Mental Health (OCMH) and any additional mayoral office or agency designated by the mayor, of such incident. A violent or traumatic incident would mean any incident or series of incidents that can cause severe emotional and mental distress to the public, such as a violent act or series of violent acts that cause death or any other incident or incidents that may be shocking, traumatic, or dangerous to the community. Upon receiving notice of a violent or traumatic incident, OCMH and any additional agencies and offices would be required to conduct outreach to local community members regarding the availability of mental health resources in the city, such as the 988 suicide and crisis hotline.",2024-11-13T00:00:00.000
Int 1104-2024,"This bill would require the Commissioner of Transportation, in consultation with the Department of Small Business Services and the New York City Economic Development Corporation, to study and report on the feasibility of siting additional ferry terminals in New York City. The study would identify potential locations for additional ferry terminals and would consider the local benefits of each new siting, logistical challenges associated with each new siting, any solutions to these challenges, and the estimated costs associated with each siting. The Commissioner of Transportation would be required to submit a report containing the findings of the study to the Mayor and Speaker of the Council, and post a copy of the report on the Department of Transportation website.",2024-11-13T00:00:00.000
Int 1111-2024,"This bill would change the frequency with which the Campaign Finance Board recalculates contribution and expenditure limits to account for changes in the consumer price index from once every four years to once every local general election. This means that, in those instances that occur once every 20 years in which members of the Council serve two-year terms, the contribution and expenditure limits for candidates for the Council will be recalculated prior to the next general election.",2024-11-13T00:00:00.000
Int 1168-2025,"This bill would require the dismissal of a charge for parking where parking is prohibited by a posted sign in cases where it is proven by a preponderance of the evidence that the person charged was a doula providing doula services at the time, and at or around the location, where the violation occurred. This would not apply to charges for parking where parking is prohibited by rule or where stopping or standing are prohibited by a posted sign or rule.",2025-01-23T00:00:00.000
Int 1167-2025,This bill would require any member of a board of directors of a business improvement district management association who intends to resign from such board to provide no fewer than 30 days’ notice prior to such resignation.,2025-01-23T00:00:00.000
Int 1106-2024,"This bill would require the Commissioner of Transportation, in consultation with the Chancellor of New York City Public Schools, to conduct an annual study to determine which schools in the City are non-operational and accordingly which school speed zones selected for speed camera installation under the Vehicle and Traffic Law no longer exist. The Commissioner would be required to remove speed cameras that are located in these eliminated zones.",2024-11-13T00:00:00.000
Int 1083-2024,This bill would require DSNY to adopt rules which allow community composters to charge the general public for organic waste collection at drop-off sites. The bill would also allow community composters to sell compost generated from drop-off sites to the public.,2024-10-10T00:00:00.000
Int 1141-2024,"This bill would require the Commissioner of the Department of Parks and Recreation (Parks) to install security cameras in city parks. Security cameras would be installed in at least 25 percent of all city parks every two years after the local law goes into effect, until all city parks have cameras installed. The Commissioner would consider the number of major felony crime complaints in each park when determining which parks to prioritize. The Commissioner of Parks would work in consultation with the Commissioner of the New York Police Department (NYPD) to install the cameras in areas where crime is likely to occur.",2024-12-19T00:00:00.000
Int 1057-2024,"This bill would require the Department of Education (DOE) to issue an annual report on journalism courses, journalism clubs, and student publications available at each DOE high school during the preceding school year. DOE would be required to submit the report to the Mayor and the Speaker of the Council and publish the report on the DOE website. High schools would be required to distribute information to students regarding the availability of journalism clubs and student publications at the beginning of the school year.",2024-09-26T00:00:00.000
Int 1092-2024,"This bill would require the Department for the Aging (DFTA), in consultation with the Department of Information Technology and Telecommunications and the Department of Consumer and Worker Protection (DCWP), to develop printed and digital informational materials to educate older adults about internet scams, phone scams, and phishing scams, and provide quarterly guidance to older adult centers about emerging scams. The bill would also require that DFTA post a digital version of the informational materials on its website, and would require the Commissioner for the Aging to ensure that such informational materials are distributed to homebound older adults and that older adult centers distribute such informational materials to older adults in their facilities. Additionally, this bill would require DFTA, in consultation with DCWP, to develop printed and digital informational materials to educate older adults about financial literacy and end of life preparation.",2024-10-23T00:00:00.000
Int 1185-2025,"This bill would require the Department of Parks and Recreation (DPR), in consultation with other appropriate City agencies, to develop a plan to mitigate the occurrences of wildfires in parks by October 1, 2025. The plan would have to be posted on DPR’s website and updated regularly. This bill would also require DPR to report annually on wildfires that occur in parks under its jurisdiction.",2025-02-13T00:00:00.000
Int 1107-2024,"This bill would address the common household requirement, commonly known as the “unlocked doors provision”, as it relates to short-term rentals in one- and two-family dwellings, by requiring the permanent occupant of a one- or two-family dwelling hosting a short-term rental to provide boarders, roomers, or lodgers reasonable access to the dwelling units, which need not include the bedrooms, offices, or other similar private spaces of any permanent occupant of the dwelling.",2024-11-13T00:00:00.000
Int 1143-2024,"This bill would require that the Mayor’s Office of Long-Term Planning and Sustainability conduct a study in consultation with the city Economic Development Corporation on transitioning all city ports to zero-emission port operations. The study would be required to evaluate whether such a transition can be completed by 2040, the technology and investments required to make such a transition, and whether any additional workforce development would be necessary to complete the transition. The study would also evaluate whether it would be possible to provide shore power to all commercial maritime vessels by 2027, as well as whether incentives can be provided for the use of low to zero-emission vessels. The office would be required to complete this study and publicly report on it within one year.",2024-12-19T00:00:00.000
Int 1117-2024,"This bill would require the department of small business services, or another office or agency designated by the mayor, to conduct an annual inventory of the City’s waterfront infrastructure and report on the state of such infrastructure. The report would include information on the structural integrity of existing waterfront infrastructure, the suitability of City land for the development of new waterfront infrastructure, the feasibility of implementing urban agriculture or aquaculture alongside the City’s waterfront infrastructure, and the state of the City’s facilities supporting recreational access to its waterfront infrastructure.",2024-11-21T00:00:00.000
Int 1183-2025,"This bill would require the Department of Small Business Services (SBS) to conduct a study to measure the negative economic impact of film and television production on local businesses, including loss of revenue, and to issue an associated report to the Mayor, Speaker of the Council, and the public. This bill would further require SBS to create a plan to mitigate the loss in revenue that local businesses experience due to filming activity.",2025-02-13T00:00:00.000
Int 1091-2024,"This bill would require that the Commissioner of Parks and Recreation identify tree pits located on streets and in landscaped parks and display them on the City's online tree map within 3 years after the effective date of the bill. The Commissioner would thereafter have to update the map annually to reflect changes to tree pits and the creation of new tree pits. The map must note whether each tree pit contains a tree, and if a tree pit does not contain a tree the reason for the disuse of the tree pit.",2024-10-23T00:00:00.000
Int 1099-2024,"This bill would add to the annual algorithmic tools compliance report to require agencies to report on the impacts of algorithmic tools on city employees and employment responsibilities. Specifically it would require the city to report on the number of employees whose employment status have been impacted by the use of such tool; including the number funded agency positions eliminated due to the use of such tool, the number of funded agency positions for which there was any displacement, the number of salaries changed due to changes in responsibility due to use of such tool, and the number of city employees who were required to undertake any new trainings due to the use of an algorithmic tool.",2024-10-23T00:00:00.000
Int 1050-2024,This bill would prohibit the Taxi and Limousine Commission from requiring the vehicles it licenses to have personal injury protection (also known as no-fault) liability coverage in an amount greater than the amount required by state law.,2024-09-26T00:00:00.000
Int 1154-2024,"This bill would require that the commissioner of transportation establish a pilot program to install high visibility pavement markings in at least five locations per borough. The commissioner must prioritize placing the high visibility pavement markings in locations where high numbers of traffic related injuries or fatalities have occurred as a result of poor driving conditions. Upon completion of the pilot program, the commissioner would be required to submit a report making recommendations on whether to expand or make the program permanent and identifying any challenges and issues presented by the pilot program.",2024-12-19T00:00:00.000
Int 1081-2024,This bill would require that the Department of Consumer and Worker Protection (DCWP) confirm receipt of a complaint alleging a violation of the city’s fair work practice laws within 30 days. DCWP would also be required to notify the employer of the complaint within 90 days.,2024-10-10T00:00:00.000
Int 1171-2025,"This bill would require the Commissioner of Veterans' Services, in consultation with the Commissioner of Health and Mental Hygiene, to conduct a one-year feasibility study on implementing a pilot program to provide Reconsolidation of Traumatic Memories therapy to Veterans residing in the city. The study would evaluate whether this therapy is recommended for Veterans suffering from post-traumatic stress disorder or other psychological disorders, estimate how many Veterans could benefit from such a program, analyze the costs of implementation, evaluate potential funding sources or partnerships, and determine whether the pilot program should proceed based on the findings. Within six months after completing the study, the Commissioner would develop recommendations on the feasibility and advisability of implementing the pilot program, submit such recommendations to the Mayor and the Speaker, and post such recommendations on the department's website.",2025-01-23T00:00:00.000
Int 1120-2024,"This bill would set timelines for decisions regarding the sale of co-op apartments. It would generally require the co-op to acknowledge receipt of application materials within 10 days, and provide notice of whether it has consented to the sale within 45 days after the application is complete, with extensions possible in some circumstances. A co-op’s failure to communicate whether or not it consents to a sale within the required period, and 10 business days after receiving notice from the prospective purchaser, would mean the co-op is deemed to consent to the sale.",2024-11-21T00:00:00.000
Int 1101-2024,"This bill would require the Police Department to post information on its website about identity theft, including information about reporting suspected identity theft to the department. Additionally, the Police Department would also be required to train officers on responding to and investigating suspected identity theft.",2024-10-23T00:00:00.000
Int 1138-2024,"This bill would prohibit standing or parking a vehicle within 20 feet of a crosswalk at an intersection, and require citywide community education and outreach efforts with regard to the change. This bill would also amend section 19-175.8 of the administrative code to set a requirement for the Department of Transportation to implement daylighting barriers at a minimum of 1000 intersections per year.",2024-12-05T00:00:00.000
Int 1142-2024,This bill would require that the Commissioner of Transportation install warning signs with plaques warning motorists of the presence of a child with autism at the request of the child’s parent or legal guardian. The bill sets forth processes involved with making these requests and installation and would dictate the removal procedures for these signs.,2024-12-19T00:00:00.000
Int 1054-2024,"This bill would require the Commissioner for the Aging (“the Commissioner”), in consultation with coordinating agencies, to submit a 10-year aging in place plan to the Mayor and the Speaker of the Council, and to post the plan on the Department for the Aging’s (“the Department”) website. The aging in place plan would focus on assisting older adults with aging in place throughout New York City, including in naturally occurring retirement communities and neighborhood naturally occurring retirement communities, and would include proposed projects and recommendations. The Commissioner would be required to submit the aging in place plan no later than 2 years after the effective date of the local law that enacted the plan. Two years after the publication of the aging in place plan and every two years until the plan’s completion, or until January 30, 2037, the Commissioner would be required to post on the Department’s website and to submit to the Mayor and the Speaker of the Council a progress report detailing the status of projects and recommendations included in the 10-year plan.",2024-09-26T00:00:00.000
Int 1084-2024,"This bill would require the Department of Transportation (DOT) to install at least 35 electric bicycle (e-bike) battery stations in commercial corridors each year for a five-year period, and at least 25% of those would be installed in the street next to the curb and allow for e-bikes to be parked and secured. DOT would also be required to report on the installation and operation of the battery stations and post the locations of the battery stations on its website.",2024-10-10T00:00:00.000
Int 1080-2024,"This bill would require the Police Commissioner to establish a program to integrate licensed mental health professionals into 911 call centers, or public service answering points (PSAPs). The Police Commissioner would have to staff these professionals at each PSAP in New York City and provide them and 911 operators with training on the handling of 911 callers experiencing mental health crises. These professionals would provide feedback to 911 operators during 911 calls and provide emotional support and guidance to 911 callers experiencing mental health crises. The Police Commissioner would also have to issue to the Mayor and Speaker of the Council, and post online, a report on this program, including the numbers and types of mental health professionals involved, the number of 911 calls involving mental health crises that were handled and how they were handled, and a statement of any challenges encountered during implementation.",2024-10-10T00:00:00.000
Int 1027-2024,"This bill would establish a process for people in custody to obtain wigs, hair extensions, chest binders, tucking undergarments or gaffs, prosthetics, or other similar items or medical devices that are used by individuals to affirm their self-determined gender identity. The bill also requires Department of Correction staff to have access to gender-affirming items or medical devices while at work.",2024-09-12T00:00:00.000
Int 1151-2024,This bill would require the Commissioner of Environmental Protection to establish a program that would allow lessors of motor vehicles to transfer the liability for certain engine idling violations to lessees.,2024-12-19T00:00:00.000
Int 1037-2024,This bill would require the owner of a multiple dwelling containing rent stabilized units to post a sign in the common area of such building’s entrance stating that the building contains rent stabilized units and providing information about how tenants can submit inquiries to New York State Homes and Community Renewal to find out if their units are rent stabilized.,2024-09-12T00:00:00.000
Int 1023-2024,"This bill would require the Department of Correction (DOC) to establish, operate, and maintain an online scheduling system to facilitate visits to incarcerated individuals. At minimum, this online scheduling system must be accessible by all major operating systems used by wireless communication devices or computers, give the public the ability to select, reserve, and modify dates for jail visits, provide real-time updates when DOC must cancel a scheduled visit, and provide the option for the public to save information to ease the administrative burden of scheduling repeat visits.",2024-09-12T00:00:00.000
Int 1116-2024,"This bill would require the Department of City Planning (DCP) to conduct an inventory of vacant industrial buildings, vacant land, and vacant ground floor spaces within areas identified by DCP as Significant Maritime Industrial Areas (SMIAs). The inventory would include information like the zoning district, square footage, and development potential for each property. DCP would also be required to estimate the annual zoned economic output capacity of each SMIA, including potential capacity if used for green port water dependent manufacturing, and analyze the feasibility of establishing clean energy research & development centers in underutilized spaces. DCP would be required to review and update the inventory every 5 years and publish the inventory online.",2024-11-21T00:00:00.000
Int 1198-2025,This bill would prohibit any mayoral agency or office that operates emergency or temporary shelter facilities exclusively serving new arrivals from publicly disclosing the address or location of any such shelter facility unless such disclosure is required by a judicial warrant or otherwise required by law.,2025-02-13T00:00:00.000
Int 1025-2024,"This bill would require the New York City Department for the Aging (DFTA) to provide information in paper form regarding older adult workforce programs administered by DFTA to all contracted older adult centers and clients of all contracted providers. This bill would also require that DFTA update its existing know-your-rights pamphlet for older adults to include information and resources regarding employment opportunities, volunteer opportunities, and workforce program opportunities. The pamphlet would also include information to assist older adults in identifying and addressing employment discrimination, as well as the name, address, contact information, and website of relevant government agencies or community-based organizations that an older adult may contact to obtain additional information about issues regarding employment discrimination.",2024-09-12T00:00:00.000
Int 1164-2025,This bill would require the Office of Street Vendor Enforcement (OSVE) to create a portal that would allow all agencies enforcing street vending laws and regulations to share enforcement-related information. OSVE would also ensure that each enforcing agency has the capability to verify the authenticity of vendor licenses.,2025-01-23T00:00:00.000
Int 1186-2025,This bill would require the Department of Sanitation (DSNY) to analyze the ways in which the practices of New York City’s religious communities may conflict with the set-out times for solid waste and recycling material. DSNY would be required to propose accommodations for religious practices that conflict with set-out times and to evaluate the feasibility of these proposals.,2025-02-13T00:00:00.000
Int 1076-2024,This bill would require the inclusion of businesses owned by persons of Middle Eastern and North African descent in any future disparity study conducted for the purpose of determining eligibility for certification in the City’s Minority- and Women-owned Business Enterprise program.,2024-10-10T00:00:00.000
Int 1093-2024,This bill would require the Department of Housing Preservation and Development to require developers who receive city financial assistance for a housing development project to set aside at least 10 percent of units for individuals with mobility issues and at least 5 percent of units for individuals with vision or hearing impairments.,2024-10-23T00:00:00.000
Int 1192-2025,This bill would establish a climate migrant services coordinator to provide guidance to individuals who have relocated to New York City after being displaced from their homes by severe weather or natural disaster events.,2025-02-13T00:00:00.000
Int 1090-2024,"This bill would authorize nine existing business improvement districts throughout the City to increase the amount they expend annually as follows: 34th Street Business Improvement District, $14,300,000; Times Square Business Improvement District, $17,200,000; North Flatbush Avenue Business Improvement District, $350,000; Madison/23rd/Flatiron/Chelsea Business Improvement District, $9,000,000; Bayside Village Business Improvement District, $430,000; Fulton Street Business Improvement District, $800,000; Hudson Square Business Improvement District, $5,850,000; Atlantic Avenue Business Improvement District, $637,000; and the SoHo Business Improvement District, $1,757,934.",2024-10-23T00:00:00.000
Int 1088-2024,The bill would establish a charter revision commission to draft a new or revised City charter.,2024-10-23T00:00:00.000
Int 1022-2024,"This bill would require the Commissioner for the Aging to conduct a three-year study on Naturally Occurring Retirement Communities (NORCs) and Neighborhood Naturally Occurring Retirement Communities (N-NORCs) in New York City. The study would identify potential NORCs and N-NORCs, assess the needs of older adults, evaluate necessary improvements, and collect data on demographic trends and health outcomes. Within two years of completing the study, the Commissioner would be required to develop and implement a plan to support aging in place within these communities. This plan would include recommendations for officially designating identified communities, resource estimates for supportive service programs, training for community-based organizations, infrastructure improvements, and the establishment of a program to provide grant funding and other resources to support the operations of community-based organizations to provide services within such identified communities.",2024-09-12T00:00:00.000
Int 1068-2024,This bill would require the Commissioner of Information Technology and Telecommunications or the head of another office or agency designated by the Mayor to establish rules of decorum for posting by New York City agencies on official social media accounts. The bill sets forth three specific prohibitions relating to decorum. The bill would also require the Commissioner or agency head to establish a complaint intake and referral mechanism and inform the public of the rules and the complaint intake and referral mechanism. The rules would not apply to social media accounts used by the offices of elected officials or those associated with online aliases used by law enforcement.,2024-09-26T00:00:00.000
Int 1086-2024,"This bill would amend Section 7-628 of the Administrative Code by requiring the Department of Finance (DOF) to notify interested parties by e-mail, text message, and postal mail when a deed-related or mortgage-related document has been recorded for the property. DOF would be required to send such notice no later than 30 days after such deed-related or mortgage-related document has been recorded.",2024-10-10T00:00:00.000
Int 1072-2024,This bill would establish that Room 9 in City Hall is reserved for the press. It would require adequate space in Room 9 to be made available for members of the press and would allow additional space in City Hall to be allocated to the press as needed. It would establish that no changes to press access to Room 9 be made without the joint approval of the Mayor and the Council Speaker.,2024-10-10T00:00:00.000
Int 1156-2024,This bill would require certain developers of economic development projects receiving $1 million or more in financial assistance from the City or a City economic development entity to provide prevailing wages to workers performing construction work at such economic development projects.,2024-12-19T00:00:00.000
Int 1189-2025,"This bill would require the Child Care Advisory Board, in consultation with the Department of Buildings and the Fire Department of the City of New York to conduct a study and submit a report on expediting the child care permitting process. The study would identify barriers faced by child care providers in the permitting process, and provide recommendations on steps to expedite the process and make it more effective.",2025-02-13T00:00:00.000
Int 1199-2025,This bill would create an office within the Department of Housing Preservation and Development dedicated to issues relating to the management of Housing Finance Development Companies (HDFCs) and providing advice to HDFCs on these issues.,2025-02-27T00:00:00.000
Int 1040-2024,"This bill would create a process for expedited processing of FOIL requests to professional journalists, by requiring agencies to respond to their requests within 10 days of acknowledgment of receipt, unless unreasonable, but no later than six months from acknowledgement of receipt.",2024-09-12T00:00:00.000
Int 1130-2024,"This bill would require the Commissioner of the Department of Environmental Protection (DEP) to promulgate an indirect source rule to reduce emissions attributable to the use of indirect sources, such as warehouses or other structures that attract mobile sources of air pollution, such as vehicles. The indirect source rule would regulate certain large warehouses and any other indirect sources determined by the Commissioner.",2024-12-05T00:00:00.000
Int 1139-2024,"This bill would set hours of operation for adult-use cannabis retail dispensaries in New York City. All adult-use cannabis retail dispensaries would be permitted to open at 9:30 AM and would have to close by 9:30 PM. The Department of Consumer and Worker Protection would be responsible for enforcement. Violation of this local law would result in civil penalties of $1,000 for a first violation and $2,000 for each subsequent violation committed on a different day within a period of 2 years after the date of the first violation.",2024-12-19T00:00:00.000
Int 1045-2024,This bill would prohibit a shared electric scooter organization from operating a shared electric scooter system on certain streets in downtown Flushing.,2024-09-12T00:00:00.000
Int 1144-2024,"This bill would require the Department of Homeless Services to conduct bi-annual reporting on the number of shelters, safe havens, and drug treatment centers located in each council district. The reporting would also require information on the populations served by the facility and the demographics of the population served.",2024-12-19T00:00:00.000
Int 1150-2024,"This bill would require the Department of Environmental Protection (DEP) to develop a comprehensive stormwater plan that recommends a capacity at which the stormwater system should be able to convey rainfall. The plan would also identify projects or policies necessary to achieve such capacity and to reduce stormwater flooding. Additionally, this bill requires DEP to develop and maintain a dashboard that indicates the status of the comprehensive stormwater plan and of any projects recommended by the plan.",2024-12-19T00:00:00.000
Int 1029-2024,"This bill would require, when any agency other than the Department of Transportation plans to close a street or issues a permit to close a street, the head of the agency to notify the Commissioner of Transportation of such planned street closure. This bill would also require the Commissioner of Transportation to provide 72 hours’ advance notice to community boards and certain elected officials of all planned street closures within their districts.",2024-09-12T00:00:00.000
Int 1173-2025,"This bill would require any individual riding or operating a bicycle to wear protective headgear, otherwise known as a helmet. This bill would only cover individuals who are not already required to wear a helmet pursuant to other laws. Any person who violates this law would be liable for a civil penalty of up to $50.",2025-01-23T00:00:00.000
Int 1014-2024,"This bill would require that the Campaign Finance Board (CFB) accept required filings, reports, or submissions that are complete until 11:59 pm on their final due date.",2024-08-15T00:00:00.000
Int 1098-2024,"This bill would authorize an increase in the amount the Madison Avenue business improvement district is authorized to expend annually to $2,520,000, and change in the method of assessment upon which the district charge in the business improvement district is based.",2024-10-23T00:00:00.000
Int 1145-2024,"This bill would require that e-bikes and e-scooters that are part of self-service share systems have functioning speedometers. In addition, it would require that, when used by new riders, the electric speed assistance on the e-bike or e-scooter would cease to function when the device reaches a speed of 10 miles per hour.",2024-12-19T00:00:00.000
Int 1041-2024,"This bill would require the Department of Health and Mental Hygiene (DOHMH) to conduct an annual outreach campaign to inform parents and legal guardians about their rights regarding their children in child care programs. DOHMH would be required to include in the campaign: 1) information on making complaints to local and state agencies regarding child care programs; 2) a description of  the information that child care programs are required to post on the premises; 3) a description of the information that child care programs are required to provide to parents; and 4) a description of the rights that parents have, including that parents have the right to unrestricted access to their child and the right to inspect during operating hours any area of a child care program to which a child or parent has access, or which could present a hazard to the health and safety of the child or parent.",2024-09-12T00:00:00.000
Int 1019-2024,"This bill would require the Office of Community Mental Health (OCMH), in coordination and consultation with other relevant agencies, to report to the Mayor and Speaker of the Council and online regarding each 911 call that is identified as involving a mental health emergency, on a quarterly basis. The report would include information about responses to these emergencies and would specify whether B-HEARD, the Behavioral Health Emergency Assistance Response Division of OCMH, responded. Additionally, the bill would require the New York City Police Department (NYPD) and New York City Fire Department (FDNY) to include the unique identifiers generated by their respective computer-aided dispatch systems in their 911 call data publication on the Open Data Portal. The NYPD and FDNY would also be required to indicate whether a B-HEARD team was dispatched and able to respond in their 911 call data publication on the Open Data Portal.",2024-09-12T00:00:00.000
Int 1137-2024,This bill would set minimum appropriations available to pay for certain expenses of the equal employment practices commission and the commission on civil and human rights.,2024-12-05T00:00:00.000
Int 1112-2024,"This bill would require each police precinct in New York City to develop and implement a special needs plan for identifying and responding to individuals with special needs, such as those with Alzheimer's disease, autism spectrum disorder, dementia, Down syndrome, and other related conditions. The precincts' plans would include processes for identifying individuals with special needs within their communities and establishing precinct-specific response protocols for interactions with them. The plans would involve community outreach to build relationships with individuals with special needs, their families, caregivers, and local organizations, and provide specialized training for officers on interacting effectively with these individuals. The Police Commissioner would review and approve the precincts' special needs plans and make them publicly available on the department's website within 30 days of approval. If a precinct fails to submit a plan or if the plan is not approved within specified timeframes, a default special needs plan would be implemented for that precinct.",2024-11-13T00:00:00.000
Int 1196-2025,"This bill would permit elected officials and candidates for elected office to notify, in writing, owners of generative artificial intelligence (AI) systems that they do not authorize those systems to produce manipulated audio, photos, or videos with their likeness. After a notification is provided, owners of generative AI systems would be required to implement methods that would prohibit uses from generating media of those elected officials or candidates. Any entity that violates this law is guilty of a misdemeanor and can be fined up to $2,500 per depiction. This would not apply where the media is processed by a third party over which an owner has no control. An elected official or candidate can also seek injunctive relief prohibiting use of their image.",2025-02-13T00:00:00.000
Int 1066-2024,This bill would create an interagency task force to examine the impacts of artificial intelligence on civil service and civil service employees. The task force would convene not less than once every six months and have a mechanism for city employees to provide information and evidence about the impacts of artificial intelligence on their jobs.,2024-09-26T00:00:00.000
Int 1034-2024,This bill would require that relevant agencies provide: (1) notices to tenants in connection with eligibility for senior citizen and disability rent increase exemptions (SCRIE and DRIE); (2) notices to landlords in connection with eligibility for real property tax abatements and eligibility for exemptions from payments in lieu of taxes for certain properties occupied by senior citizens or persons with disabilities; and (3) notices to designated third parties about exemption renewal and transfers.,2024-09-12T00:00:00.000
Int 1035-2024,"This bill would require that the New York City Department of Correction (DOC) conduct a study on the efficacy of using lower-strength OC sprays in DOC facilities. The study would also require DOC to study the extent to which incarcerated persons, staff, or visitors to DOC facilities may have medical complications due to the use of higher-strength OC spray, and to consider whether it may be appropriate to use lower-strength spray in targeted situations where people in the facility may be at higher risk of medical complications from the use of higher-strength spray.",2024-09-12T00:00:00.000
Int 1001-2024,This bill would require the Department of Health and Mental Hygiene to establish an automated text messaging system to provide participants with text message reminders for important child life deadlines including health checkups and child care and school registration deadlines. The Department would also be required to conduct an outreach campaign to inform the public about the existence of such a program and comply with all laws and regulations related to private identifying information.,2024-08-15T00:00:00.000
Int 1067-2024,"This bill would require the Department of Environmental Protection (DEP) to issue a request for proposals for a community-based organization (CBO) to identify residential properties citywide that have experienced damage from groundwater flooding and, for a period of at least five years, connect those properties to retrofit repair assistance, provide case management support, and provide information regarding such assistance via mailings. It would also require the contracted CBO to submit an annual report on the number of such properties, the damage sustained, the estimated cost of retrofit repairs, and recommendations to improve the assistance programs. DEP would be required to submit the CBO’s feedback to any state or federal agency administering such assistance programs.  DEP would be required to report on the status of any studies it is involved in relating to groundwater levels in Southeast Queens. This bill also creates an interagency task force to recommend changes in law regarding flooding adaptation assistance in Southeast Queens. Such task force would disband upon the submission of its fifth annual report.",2024-09-26T00:00:00.000
Int 1121-2024,This bill would require the inclusion of middle school students in the NYC Ferry discount fare program.,2024-11-21T00:00:00.000
Int 1113-2024,"This bill would require the Commissioner of Consumer and Worker Protection, or where jurisdictionally appropriate, the Commissioner of Small Business Services, to provide notice of an application for a stoop line stand license to the community board and council member in whose district the stoop line stand would be located, within 5 days after the filing of the application. When practicable, the relevant commissioner would then have to allow the community board and council member to submit comments on the application.",2024-11-13T00:00:00.000
Int 1095-2024,This bill would require the Civilian Complaint Review Board to investigate all instances in which an injury or death to a civilian occurs during a police action. It would also require the Police Department to notify the Board of all such instances.,2024-10-23T00:00:00.000
Int 1128-2024,"This bill would set forth eligibility and design requirements for ancillary dwelling units (“ADU”) in one- or two-family dwellings. Specifically, this bill would require ADUs to have separate utilities from the primary dwelling, including heating, ventilation, air-conditioning, electrical, and gas systems. Additionally, this bill would require ADUs to have separate entrances, with basement ADUs required to have at least 1 means of egress and cellar ADUs required to have at least 2 means of egress. This bill would also set forth required means of fire prevention in ADUs, including fire separation, automatic sprinklers, smoke alarms, and exit stairways. Additionally, this bill would set forth requirements for light, ventilation, window size, emergency service access to units, and occupancy. Finally, this bill would prohibit basement and cellar ADUs in coastal and inland flood hazard areas, to mirror such prohibitions in the New York City Zoning Resolution.",2024-11-21T00:00:00.000
Int 1108-2024,"This bill would require that anyone in charge of certain structures pursuant to a franchise or concession agreement with New York City keep the area around their structures clean from litter, debris, or other refuse. It would also impose penalties for violations, which would range from $100 to $500, depending on whether it is a first offense or a subsequent offense.",2024-11-13T00:00:00.000
Int 1134-2024,This bill would require agencies that collect demographic information from individuals through form documents to include additional race and ethnicity options.,2024-12-05T00:00:00.000
Int 1062-2024,This bill would amend the New York City Charter’s requirement that mayoral agencies advise and assist elected officials and bodies. This bill would ensure that the advice and assistance is provided without requiring elected officials and bodies to complete a digital or physical form or other paperwork before such advice or assistance are offered. The advice and assistance that heads of agencies provide would not require prior approval from any elected official.,2024-09-26T00:00:00.000
Int 0999-2024,"This bill would require the Commissioner of Health and Mental Hygiene, in consultation with the Chancellor of the City School District, to provide each public middle and high school with an adequate supply of vape detectors. The Chancellor would be required to install, at the Chancellor’s discretion, vape detectors in each public middle and high school and would have the discretion to determine the appropriate number, type, and locations of detectors for each school. Additionally, no later than two years after this proposed law takes effect, the Chancellor would be required to submit to the Mayor and the Speaker of the Council and post online a report detailing the progress of vape detector installation in public middle and high schools. This report would need to include the name and borough of each school, whether vape detectors have been installed, the number and locations of any detectors installed, and explanations for any lack of detector installation.",2024-08-15T00:00:00.000
Int 1184-2025,"This bill would require the Commissioner for the Aging to create a kinship care program that would support older adults who provide full-time care for someone who is not their biological child. At a minimum, the program would provide case assistance and workshops on issues related to kinship caregiving. The bill would require the Commissioner to provide written materials about the kinship care program to older adult centers and to provide in-person information sessions at older adult centers.",2025-02-13T00:00:00.000
Int 1044-2024,"This bill would require the Commissioner of the Office of Technology and Innovation to create a mobile app with information on exercise and nutrition programs that are run by a city agency or submitted by a city agency for inclusion. City-contracted community-based organizations would be able to submit requests to include information about other exercise and nutrition programs in the app, and those programs would be included if approved by the Commissioner in consultation with the Commissioners of the Department of Health and Mental Hygiene and the Department of Parks and Recreation.",2024-09-12T00:00:00.000
Int 1082-2024,"This bill would require the Department of Small Business Services (SBS) to conduct a study of fees and costs required to start and maintain a small business, and to post online and issue to the Mayor and Speaker of the Council a report that includes recommendations to reduce or offset such fees and costs. The study and report would have a distinct focus on regulatory compliance fees and costs, and on fees and costs unique to small businesses that are minority or women-owned business enterprises (M/WBEs) and to small businesses located in neighborhoods underserved by public transportation.",2024-10-10T00:00:00.000
Int 1191-2025,"This bill would require the Department of Social Services (DSS) to conduct a study of the 2010e supportive housing application to determine which parts of the application are mandated by federal or state law or through contractual agreements. The study would review all questions, evaluations, interviews, and documentation requirements in the application, identifying any items that are not legally required. Following the study, DSS would be required to remove non-mandated items from the application. The bill would also prohibit DSS from requiring any information or documentation in the supportive housing application unless that information or documentation is mandated by federal, state, or local law, or through contractual agreements with state or federal entities.",2025-02-13T00:00:00.000
Int 1122-2024,"This bill would require the Department of Information Technology and Telecommunications (DOITT) to develop and publish on their website a plan for the City to achieve universal, affordable, and equitable access to internet in homes throughout the City. The plan would need to be updated every 5 years, and would address how the City will build out the necessary infrastructure and work with internet service providers to facilitate the provision of low-cost internet throughout the City, prioritizing access for underserved areas. This bill would also create an internet advisory board, which would be responsible for reviewing previously published plans, and making recommendations for policy related to internet access and infrastructure needs in the city and improvements to the plan. DOITT would also be required to post online an annual report that details any progress made in implementing the plan.",2024-11-21T00:00:00.000
Int 1181-2025,This bill would require New York City Department of Health and Mental Hygiene food service establishment inspectors to include photographs or video documentation of each violation listed in the notices of violation that are provided to food service establishments during sanitary inspections.,2025-02-13T00:00:00.000
Int 1109-2024,"This bill would suspend alternate side parking regulations on January 26th of each year, also known as Duarte Day.",2024-11-13T00:00:00.000
Int 1170-2025,"This bill would require the Mayor to establish and maintain regular ferry service to LaGuardia Airport and John F. Kennedy International Airport. The Mayor would designate either a city agency or contracted entity to operate the service, which would connect the airports to locations throughout the city and integrate with the existing ferry system.",2025-01-23T00:00:00.000
Int 1174-2025,"This bill would require the Commissioner of Emergency Management to create and publicize a portal on its website where individuals can voluntarily self-identify as vulnerable or homebound and request inclusion in outreach and recovery plans for emergencies. The portal would allow individuals to provide relevant information to facilitate their inclusion in existing systems used by the Emergency Management Department to assist vulnerable and homebound individuals before, during, and after emergency conditions.",2025-01-23T00:00:00.000
Int 1100-2024,"This bill would require the Department of Social Services to include single adults or adult families and families with children where the head of household has a severe mental illness, substance use disorder, or both, is homeless or at risk of homelessness, and has had justice system involvement in the last 12 months to any eligibility parameters for any existing supportive housing program administered and wholly funded by the city.",2024-10-23T00:00:00.000
Int 1060-2024,This bill would prohibit the distribution and sale of tianeptine in New York City. The bill would not prohibit licensed medical professionals from dispensing tianeptine. The bill imposes civil penalties for non-compliance with the prohibition of sale.,2024-09-26T00:00:00.000
Int 1020-2024,"This bill would require that the Commissioner of Investigation replace the Inspector General for the New York City Police Department (NYPD) within 90 days after an Inspector General resigns or is removed. This bill would also require the Department of Investigation (DOI) to report: the subject matter of any investigation, review, study, or audit relating to the NYPD that has been open for more than three years; descriptions of the incidents when the NYPD restricted or significantly delayed access to any information that the Inspector General required or interfered with the Inspector General’s duties; and the number of investigations, reviews, studies, and audits relating to the police department that were closed without issuing a report during the preceding calendar year.",2024-09-12T00:00:00.000
Int 1175-2025,"This bill would require the Office of Civil Justice (OCJ) to establish a program, subject to appropriation, to provide domestic violence survivors with legal representation throughout a divorce proceeding. OCJ would be required to submit to the Mayor and the Speaker of the Council an annual report with data on the program for the preceding year.",2025-01-23T00:00:00.000
Int 1140-2024,"This bill would require the New York City Fire Department to report annually on needs for and the status of firehouse assets that are not included in existing capital asset reporting, including vehicles, equipment and supplies.",2024-12-19T00:00:00.000
Int 1165-2025,This bill would direct various agencies to work with the Department of Finance to create targeted outreach programs to increase awareness of the disability rent increase exemption program.,2025-01-23T00:00:00.000
Int 1148-2024,"This bill would require the Department of Social Services (DSS) to provide an application receipt to any applicant for benefits or services. The receipt would include the date of the application, a description of what DSS received, a copy of the application and documents submitted to DSS, and an acknowledgement of whether the application is complete, and if incomplete, information on how to complete the application.",2024-12-19T00:00:00.000
Int 1059-2024,"This bill would require the Department of Parks and Recreation (Parks) to develop written materials containing information about water safety and drowning prevention. Specifically, the materials developed should contain information regarding: water safety practices, contact information for non-governmental organizations providing swimming lessons and water safety programing, and programming offered by the City regarding water safety. This bill would also require Parks to provide the written materials to the Department of Education for distribution to every student at the beginning and end of the academic year. Finally, Parks would be required publish the materials developed to their website.",2024-09-26T00:00:00.000
Int 1016-2024,"This bill would require dealers in firearms, rifles, and shotguns to display a warning sign where the firearms, rifles, or shotguns are displayed or where they are transferred to the purchaser. The warning sign would include the following message: “A firearm in the home significantly increases the risk of suicide, homicide, death during domestic disputes, and unintentional deaths to children, household members and others. If you or a loved one is experiencing distress or depression, call the Mobile Crisis Team at 1-888-NYC WELL (1-888-692-9355) or the National Suicide Hotline at 988.” Failure to display the sign would be a violation punishable by a fine of not more than $5,000. In addition, the bill would require that graphic images depicting the nature of such risks be posted adjacent to the warning sign. The Department of Health and Mental Hygiene would design and disseminate the graphic images and any rules for posting them.",2024-09-12T00:00:00.000
Int 1161-2025,"This bill would require entities that contract with certain New York City agencies (City contractors) to report pay and employment information for their employees to the Department of Citywide Administrative Services (DCAS). DCAS would be required to provide such data to the Mayor’s Office of Data Analytics (MODA), and MODA would have to provide such data to the Council. MODA would also be required to issue to the Mayor and the Speaker of the Council an annual report that includes data showing employees of City contractors by contractor, pay band, racial group, ethnicity, and gender. MODA and DCAS would be required to conduct an annual analysis, to be included in MODA’s reports, of the pay and employment data for employees of City contractors in order to identify potential disparities based on gender, race, or other protected classes identified in the City’s Human Rights Law. Finally, DCAS would be required to post an anonymized report describing this analysis annually on its website.",2025-01-08T00:00:00.000
Int 1126-2024,"This bill would require the Department of Sanitation (“DSNY”), or other administering agency as designated by the mayor, to distribute official NYC waste bins to owners of eligible buildings. This bill would also require DSNY or the administering agency to establish and implement a program to reimburse owners of eligible buildings who purchased official NYC waste bins on or before August 1, 2026. Eligible buildings include those with up to 2 dwelling units where the building owner is enrolled in a New York STAR or Enhanced STAR tax benefit program. DSNY or the administering agency would be required to submit a report on the law’s implementation one month after the law’s expiration.",2024-11-21T00:00:00.000
Int 1046-2024,This bill would require the New York City Department of Health and Mental Hygiene (DOHMH) or another agency designated by the Mayor with the appropriate subject matter expertise to establish a 3-year pilot program that provides sleep apnea treatment at no cost to individuals. The bill would require DOHMH to provide oral appliances that have been cleared by the United States Food and Drug Administration to treat sleep apnea. The bill would also require DOHMH to publish a report on the pilot program’s effectiveness and whether it should be made permanent.,2024-09-26T00:00:00.000
Int 1188-2025,This bill would require the Office to End Gender Based Violence to create an informational resource for newly married individuals that details their legal rights as it pertains to divorce and annulment of such marriage as well as available domestic violence resources. The bill requires the Office to End Gender Based Violence to provide this resource to the Office of the City Clerk and for the City Clerk to distribute this resource when issuing a marriage certificate and post on its website.,2025-02-13T00:00:00.000
Int 1018-2024,"On December 15, 2024, New York State law prohibiting the sale of dogs and cats in retail pet shops will take effect. This bill would conform the City’s pet shop laws to State law, amending local law to prohibit the sale of dogs and cats in pet shops.",2024-09-12T00:00:00.000
Int 1197-2025,"This bill would require the Commissioner of the New York City Department of Investigation (DOI) to conduct an ongoing investigation into the Fire Department’s (FDNY) compliance with federal, state, and local laws and policies relating to discrimination, harassment, and equal employment opportunity. DOI would be specifically required to examine how FDNY awards promotions and special assignments, how it handles complaints, and retaliation against complainants. DOI would also be required to provide a website that allows individuals to provide information relevant to this investigation. Finally, DOI would be required to regularly report their findings and recommendations to the mayor and the Council.",2025-02-13T00:00:00.000
Int 1015-2024,"This bill would prohibit the wearing of a ski mask in public places, on school premises, and on child care program premises. This bill includes certain exceptions to this prohibition, including when a ski mask is worn as part of a traditional holiday costume, as a garment for religious purposes, during the course of employment and for the purpose of ensuring the safety of the wearer, as part of a costume for a theatrical production, to protect the body from the elements while a person is participating in a winter sport, or as a form of expression protected by the First Amendment. Any person who violates this prohibition would be liable for a civil penalty of $250 that would be recoverable in a proceeding before the Office of Administrative Trials and Hearings.",2024-09-12T00:00:00.000
Int 1032-2024,"This bill would require the creation of a universal initial application and universal recertification application for the Senior Citizen Rent Increase Exemption (SCRIE) program and Disability Rent Increase Exemption (DRIE) program, to be administered jointly by the Department of Finance (DOF) and the Department of Housing Preservation and Development (HPD), by December 31, 2025. Additionally, the bill would require the implementation of an online application website for SCRIE and DRIE benefits, as well as the institution of an online recertification process for SCRIE and DRIE benefits, by December 31, 2025.",2024-09-12T00:00:00.000
Int 1178-2025,"This bill would officially rename a portion of a street located on Murdock Avenue between 180th Street and a dead end in Jamaica, Queens to “the Live End.”",2025-01-23T00:00:00.000
Int 1162-2025,"This bill would require the Commissioner of Health and Mental Hygiene to report annually on the number of suicides, in total and subdivided into certain subsets, including the decedent’s age group, occupational category, race, ethnicity, borough of residence, and sex.",2025-01-08T00:00:00.000
Int 1087-2024,This bill would require the Office of Management and Budget (OMB) to conduct a study on the feasibility of creating a bridge loan program for not-for-profit entities that receive capital funding grants from the city and to report on the findings of the study.,2024-10-10T00:00:00.000
Int 1047-2024,"The bill would require the New York City Department of Health and Mental Hygiene (DOHMH), or another agency designated by the Mayor with the appropriate subject matter expertise, to establish a 3-year pilot program that provides access to sleep apnea screenings at no cost as well as access to home sleep apnea tests, if deemed appropriate. The bill would require DOHMH to prioritize individuals without insurance. This bill would also require DOHMH to publish a report on the pilot program’s effectiveness and whether it should be made permanent, and to conduct a public education and outreach campaign on sleep apnea and the pilot program’s availability. The bill would take effect immediately deemed repealed upon submission of the report.",2024-09-26T00:00:00.000
Int 1194-2025,This bill would expand eligibility for services provided by the HIV/AIDS Services Administration to include any person living with HIV infection.,2025-02-13T00:00:00.000
Int 1048-2024,"This bill would direct the Department of Environmental Protection, with assistance from the Fire Department, and any other relevant agency, to conduct study to determine locations within the city that experience the highest levels of siren noise, the most common times for siren noise and propose mitigation measures for reducing siren noise impact. The bill would also require DEP to establish a toll-free telephone number and web page to facilitate the centralized collection of complaints about siren noise during the study period. The DEP would then be required to submit a report to the Speaker of the Council and the Mayor with the results of this study.",2024-09-26T00:00:00.000
Int 1030-2024,"This bill would require the Department of Transportation (DOT) to mail notices to each mailing address along the route of a proposed bicycle lane project prior to installing or removing a bicycle lane. Residents, organizations, and businesses would be afforded fifteen days, from the notice’s postmark, to submit comments and recommendations regarding the bicycle lane to DOT. DOT would be required to consider these comments and could choose to incorporate such comments into its plan.",2024-09-12T00:00:00.000
Int 1065-2024,"This bill would limit the term of community board district managers to four years, with the possibility of re-appointment, and provide borough presidents with the power to remove district managers at will.",2024-09-26T00:00:00.000
Int 1024-2024,"This bill would require that the mayor, or an agency designated by the mayor, to make a publically available list of artificial intelligence tools approved for use by agencies. This list would include, among other items, the name of the tool, who approved the tool, and when it was discontinued. The list would be required to be updated every six months.",2024-09-12T00:00:00.000
Int 1202-2025,"This bill would prohibit the Commissioner of Parks and Recreation from installing artificial grass in New York City parks, with the exception of repairing or reconstructing artificial grass installed prior to the effective date of the bill.",2025-02-27T00:00:00.000
Int 1123-2024,"This bill would require the Department of Sanitation (“DSNY”) to establish a program requiring all residential buildings with 10 or more dwelling units to place residential waste in stationary on-street containers provided by DSNY by June 1, 2032. Buildings with 10-30 units would be allowed to opt out of the program if they comply with alternative containerization requirements established by DSNY by rule. DSNY would be permitted to charge property owners a fee of up to $55 per dwelling unit for maintenance and other costs related to such containers, and would be required to discount fees for Mitchell-Lama developments.",2024-11-21T00:00:00.000
Int 1077-2024,"This bill would require the Administration for Children’s Services (ACS) to provide luggage to youth entering the foster care system, transitioning between foster homes, or exiting the foster care system. The bill would also require ACS to report on the number of foster care youth that were provided with luggage, and the demographic information of those youth.",2024-10-10T00:00:00.000
Int 1074-2024,"This bill would require that any limited hoist machine operator license requirements established via rule by the commissioner of the Department of Buildings not take effect prior to November 7, 2025.",2024-10-10T00:00:00.000
Int 1133-2024,"This bill would expand delivery worker protections to cover all contracted delivery workers who deliver goods for a delivery service. Such protections would include requiring delivery services to provide delivery workers with the opportunity to set a maximum distance per trip, and provide trip information prior to accepting such trip. Protections would also include requiring the Department of Consumer and Worker Protection to study the working conditions of delivery workers and promulgate rules establishing a minimum pay rate that must be paid to contracted delivery workers. In addition, this bill would require delivery services to provide insulated delivery bags and fire safety materials to their delivery workers. This bill would also require that food service establishments provide access to a toilet facility to contracted delivery workers picking up goods from such establishment. The bill would set forth enforcement options, including those available to the City and to workers, that would apply to all laws relating to contracted delivery workers.",2024-12-05T00:00:00.000
Int 1038-2024,"This bill would require the Department of Citywide Administrative Services to submit a master plan for the redevelopment of Rikers Island for sustainability and resiliency purposes, including wastewater treatment, renewable energy generation and storage, and off-shore wind converter stations. The plan shall include a proposed capital project plan, estimated implementation timeline, details about the design, funding, and construction timeline for each proposed project, and evaluations of physical alterations or infrastructure improvements that Rikers Island may require to support the new infrastructure. The plan shall also include a proposed schedule for all necessary land use approvals and environmental reviews, and, for each proposed capital project, a preliminary scope of project and a recommendation as to whether the project should be included in the relevant agency’s departmental estimate for the purpose of requesting capital funding.",2024-09-12T00:00:00.000
Int 1204-2025,"This bill would require the Commissioner of the Department of Health and Mental Hygiene to develop a citywide health agenda focused on transgender, gender non-conforming, nonbinary, and intersex (TGNCNBI) New Yorkers in light of health disparities between TGNCNBI New Yorkers and cisgender New Yorkers. The bill would require the agenda include citywide health goals for TGNCNBI New Yorkers and strategies for the Department of Health and Mental Hygiene to advance the health goals. The bill would require the Commissioner of the Department of Health and Mental Hygiene to deliver the health agenda no later than September 30, 2026 and to provide an updated plan annually afterwards.",2025-02-27T00:00:00.000
Int 1009-2024,"This bill would require the Department of Education (DOE) to report information quarterly on 3-K and Pre-K applicants, seat capacity, enrollment, and vacancies. This bill would require such information to be disaggregated by seat type and seat setting. 
Additionally, this bill would require DOE to report on 3-K outreach efforts, including the number of DOE staff assigned to 3-K outreach, the number of households reached by outreach efforts, the total budgeted amount for 3-K outreach, the number of outreach events related to 3-K hosted or attended by DOE staff, and information on the advertising methods used for 3-K outreach. This bill would also require DOE to report on the number and percentage of staff vacancies in each 3-K and pre-K program, disaggregated by staff title.",2024-08-15T00:00:00.000
Int 1125-2024,"This bill would require the Department of Education (DOE) to report annually information on school librarians and library access in DOE school. DOE would be required to report on the number of certified and non-certified school librarians, the number of students who have weekly scheduled class time with school librarians, the average amount of weekly class time students spend with school librarians, the number of school libraries, and the hours of operation of each school library.",2024-11-21T00:00:00.000
Int 1073-2024,"This bill would require that by January 1, 2030, buildings that are classified as business, mercantile, or residential under the city Building Code would be required to comply with the bird-friendly windows and exteriors requirements of the Building Code, except for detached one and two family dwellings, which would not be required to comply. Buildings replacing any exterior glazing would be required to replace the specific glazing being altered with bird-friendly materials.",2024-10-10T00:00:00.000
Int 1179-2025,"This bill would require the Commissioner of Health and Mental Hygiene to, no later than one year after the effective date of the proposed legislation, establish an ongoing public outreach and education campaign regarding the use and availability of fentanyl test strips. The campaign would focus on the creation and distribution of informational materials that inform New Yorkers about organizations through which and locations where these strips are available, educate New Yorkers on how to use these strips effectively, and encourage New Yorkers to use these strips. The Commissioner would also be required to post these materials online and make all of the materials available in English and in each of the designated citywide languages.",2025-02-13T00:00:00.000
Int 1006-2024,"A Community Land Trust (CLT) is a non-profit, community-run organization that can acquire and develop land with the goal of promoting permanent affordable housing and stabilizing housing markets. This bill would define CLTs that are established in the City to be entities that cover more uses beneficial to the local community beyond housing, such as manufacturing and commercial uses, as well as the development of open space and community gardening.",2024-08-15T00:00:00.000
Int 1182-2025,"This bill adds protections for tipped workers against tip-based wage theft by their employers. Pursuant to this bill, employers would be required to disclose the daily amount of total compensation, amount of wages, amount of gratuities, aggregate amount of gratuities earned through cashless payments, and total amount of gratuities in the tip pool if the worker is part of a tip pool. The bill also creates additional administrative remedies and a private right of action. This bill also requires fast food and food service establishments to allow customers the option to confer a gratuity in same the manner that they paid for their food. Finally, this bill adds new terms and definitions to the Administrative Code’s Fair Work Practices subchapter.",2025-02-13T00:00:00.000
Int 1153-2024,"This bill would co-name 109 thoroughfares and public places, based on requests of Council Members whose district includes the location.  Of these 109 co-names, 12 are either a relocation of a previously enacted co-naming or a revision to the street sign installed with respect to a previously enacted co-naming.",2024-12-19T00:00:00.000
Int 1051-2024,"This bill would require the Department of Cultural Affairs (DCLA) to maintain a list of all known burial sites of formerly enslaved African Americans citywide. This bill would also require DCLA to develop and implement a plan to locate any currently unmarked burial sites for formerly enslaved African Americans citywide, in consultation with other city agencies, organizations and experts. This bill would also require DCLA to notify elected officials when a burial site has been located in their district. Finally, this bill would require DCLA to develop an educational campaign to inform City residents about the burial sites and develop and maintain an interactive map of the burial sites on the DCLA website.",2024-09-26T00:00:00.000
Int 1190-2025,"This bill would require the commissioner of the department of investigation to appoint a special inspector of cybersecurity with the power and duties to investigate any city agency security breaches; assist and ensure compliance with security breach notification requirements; refer cyberattacks or incidents of a security breach to law enforcement agencies, and submit to the mayor and speaker of the council an annual report on cyberattacks or incidents of a data breach.",2025-02-13T00:00:00.000
Int 1195-2025,"This bill would require the Commissioner of Transportation to conduct a one-year study and implement a five-year plan concerning the installation of tactile paving on sidewalks in New York City. The study would involve the identification of high-priority City blocks for installation based on specific criteria, evaluation of best practices from other jurisdictions, consultation with disability advocacy groups, and evaluation of existing City laws regarding sidewalk maintenance and liability. Based on the study’s findings, the Commissioner would develop and implement a plan, to be submitted to the Mayor and Speaker of the Council and posted online, that includes a schedule for installation, a budget, design standards, guidelines on maintenance responsibility and liability, and public outreach strategies. The Commissioner would have to submit annual progress reports on plan implementation to the Mayor and the Speaker and post these reports online.",2025-02-13T00:00:00.000
