Active NYC Health Code Regulated Child Care Programs_normal/Active NYC Health Code Regulated Child Care Programs_1.csv,Active NYC Health Code Regulated Child Care Programs_normal/Active NYC Health Code Regulated Child Care Programs_2.csv,dcid,dcid,1
Active NYC Health Code Regulated Child Care Programs_normal/Active NYC Health Code Regulated Child Care Programs_1.csv,Active NYC Health Code Regulated Child Care Programs_normal/Active NYC Health Code Regulated Child Care Programs_3.csv,address,address,1
Active NYC Health Code Regulated Child Care Programs_normal/Active NYC Health Code Regulated Child Care Programs_1.csv,Active NYC Health Code Regulated Child Care Programs_normal/Active NYC Health Code Regulated Child Care Programs_4.csv,latitude,latitude,1
Active NYC Health Code Regulated Child Care Programs_normal/Active NYC Health Code Regulated Child Care Programs_1.csv,Active NYC Health Code Regulated Child Care Programs_normal/Active NYC Health Code Regulated Child Care Programs_4.csv,longitude,longitude-zipcode,1
Active NYC Health Code Regulated Child Care Programs_normal/Active NYC Health Code Regulated Child Care Programs_1.csv,Active NYC Health Code Regulated Child Care Programs_normal/Active NYC Health Code Regulated Child Care Programs_5.csv,bbl,bbl,1
Active NYC Health Code Regulated Child Care Programs_normal/Active NYC Health Code Regulated Child Care Programs_2.csv,Active NYC Health Code Regulated Child Care Programs_normal/Active NYC Health Code Regulated Child Care Programs_6.csv,bin,bin-administer_medication,1
Active NYC Health Code Regulated Child Care Programs_normal/Active NYC Health Code Regulated Child Care Programs_3.csv,Active NYC Health Code Regulated Child Care Programs_normal/Active NYC Health Code Regulated Child Care Programs_7.csv,phone,phone,1
Cash Assistance Emergency Assistance Requests_normal/Cash Assistance Emergency Assistance Requests_1.csv,Cash Assistance Emergency Assistance Requests_normal/Cash Assistance Emergency Assistance Requests_2.csv,date,date,1
Cash Assistance Emergency Assistance Requests_normal/Cash Assistance Emergency Assistance Requests_1.csv,Cash Assistance Emergency Assistance Requests_normal/Cash Assistance Emergency Assistance Requests_3.csv,_001_rent_arrears_total,_001_rent_arrears_total,1
Cash Assistance Emergency Assistance Requests_normal/Cash Assistance Emergency Assistance Requests_1.csv,Cash Assistance Emergency Assistance Requests_normal/Cash Assistance Emergency Assistance Requests_4.csv,_001_rent_arrears_req_accepted,_001_rent_arrears_req_accepted,1
Cash Assistance Emergency Assistance Requests_normal/Cash Assistance Emergency Assistance Requests_2.csv,Cash Assistance Emergency Assistance Requests_normal/Cash Assistance Emergency Assistance Requests_5.csv,_001_rent_arrears_req_rejected,_001_rent_arrears_req_rejected,1
Replacement Projects by school_normal/Replacement Projects by school_1.csv,Replacement Projects by school_normal/Replacement Projects by school_2.csv,existing_site_identified,existing_site_identified,1
Replacement Projects by school_normal/Replacement Projects by school_1.csv,Replacement Projects by school_normal/Replacement Projects by school_3.csv,district,district,1
Replacement Projects by school_normal/Replacement Projects by school_1.csv,Replacement Projects by school_normal/Replacement Projects by school_4.csv,project,project,1
Replacement Projects by school_normal/Replacement Projects by school_2.csv,Replacement Projects by school_normal/Replacement Projects by school_5.csv,school,school,1
Replacement Projects by school_normal/Replacement Projects by school_3.csv,Replacement Projects by school_normal/Replacement Projects by school_6.csv,boro,boro,1
NYC Benefits Platform： Benefits and Programs Multilingual Dataset_normal/NYC Benefits Platform： Benefits and Programs Multilingual Dataset_1.csv,NYC Benefits Platform： Benefits and Programs Multilingual Dataset_normal/NYC Benefits Platform： Benefits and Programs Multilingual Dataset_2.csv,unique_id_number,unique_id_number,1
NYC Benefits Platform： Benefits and Programs Multilingual Dataset_normal/NYC Benefits Platform： Benefits and Programs Multilingual Dataset_1.csv,NYC Benefits Platform： Benefits and Programs Multilingual Dataset_normal/NYC Benefits Platform： Benefits and Programs Multilingual Dataset_3.csv,program_description,program_description,1
NYC Benefits Platform： Benefits and Programs Multilingual Dataset_normal/NYC Benefits Platform： Benefits and Programs Multilingual Dataset_1.csv,NYC Benefits Platform： Benefits and Programs Multilingual Dataset_normal/NYC Benefits Platform： Benefits and Programs Multilingual Dataset_4.csv,plain_language_program_name,plain_language_program_name,1
NYC Benefits Platform： Benefits and Programs Multilingual Dataset_normal/NYC Benefits Platform： Benefits and Programs Multilingual Dataset_1.csv,NYC Benefits Platform： Benefits and Programs Multilingual Dataset_normal/NYC Benefits Platform： Benefits and Programs Multilingual Dataset_5.csv,brief_excerpt,brief_excerpt,1
NYC Benefits Platform： Benefits and Programs Multilingual Dataset_normal/NYC Benefits Platform： Benefits and Programs Multilingual Dataset_1.csv,NYC Benefits Platform： Benefits and Programs Multilingual Dataset_normal/NYC Benefits Platform： Benefits and Programs Multilingual Dataset_6.csv,plain_language_eligibility,plain_language_eligibility,1
VZV_Workshops_Locations_normal/VZV_Workshops_Locations_1.csv,VZV_Workshops_Locations_normal/VZV_Workshops_Locations_2.csv,the_geom,the_geom,1
VZV_Workshops_Locations_normal/VZV_Workshops_Locations_1.csv,VZV_Workshops_Locations_normal/VZV_Workshops_Locations_3.csv,name,name,1
VZV_Workshops_Locations_normal/VZV_Workshops_Locations_2.csv,VZV_Workshops_Locations_normal/VZV_Workshops_Locations_4.csv,address,address,1
VZV_Workshops_Locations_normal/VZV_Workshops_Locations_4.csv,VZV_Workshops_Locations_normal/VZV_Workshops_Locations_5.csv,long,long,1
New York City Deferred Compensation Plan  - Summary of Administrative Revenues and Expenses_normal/New York City Deferred Compensation Plan  - Summary of Administrative Revenues and Expenses_1.csv,New York City Deferred Compensation Plan  - Summary of Administrative Revenues and Expenses_normal/New York City Deferred Compensation Plan  - Summary of Administrative Revenues and Expenses_2.csv,revenues_1,revenues_1,1
New York City Deferred Compensation Plan  - Summary of Administrative Revenues and Expenses_normal/New York City Deferred Compensation Plan  - Summary of Administrative Revenues and Expenses_1.csv,New York City Deferred Compensation Plan  - Summary of Administrative Revenues and Expenses_normal/New York City Deferred Compensation Plan  - Summary of Administrative Revenues and Expenses_3.csv,total_expenses,total_expenses,1
New York City Deferred Compensation Plan  - Summary of Administrative Revenues and Expenses_normal/New York City Deferred Compensation Plan  - Summary of Administrative Revenues and Expenses_1.csv,New York City Deferred Compensation Plan  - Summary of Administrative Revenues and Expenses_normal/New York City Deferred Compensation Plan  - Summary of Administrative Revenues and Expenses_4.csv,recordkeeping_loan_fees_2,recordkeeping_loan_fees_2,1
New York City Deferred Compensation Plan  - Summary of Administrative Revenues and Expenses_normal/New York City Deferred Compensation Plan  - Summary of Administrative Revenues and Expenses_2.csv,New York City Deferred Compensation Plan  - Summary of Administrative Revenues and Expenses_normal/New York City Deferred Compensation Plan  - Summary of Administrative Revenues and Expenses_5.csv,communication_expenses-year,communication_expenses,1
New York City Deferred Compensation Plan  - Summary of Administrative Revenues and Expenses_normal/New York City Deferred Compensation Plan  - Summary of Administrative Revenues and Expenses_3.csv,New York City Deferred Compensation Plan  - Summary of Administrative Revenues and Expenses_normal/New York City Deferred Compensation Plan  - Summary of Administrative Revenues and Expenses_6.csv,administrative_support,administrative_support,1
DSNY Frequencies_normal/DSNY Frequencies_1.csv,DSNY Frequencies_normal/DSNY Frequencies_2.csv,schedulecode,schedulecode,1
DSNY Frequencies_normal/DSNY Frequencies_1.csv,DSNY Frequencies_normal/DSNY Frequencies_3.csv,objectid,objectid,1
DSNY Frequencies_normal/DSNY Frequencies_1.csv,DSNY Frequencies_normal/DSNY Frequencies_4.csv,shape_area,shape_area,1
DSNY Frequencies_normal/DSNY Frequencies_2.csv,DSNY Frequencies_normal/DSNY Frequencies_5.csv,shape_length,shape_length,1
DSNY Frequencies_normal/DSNY Frequencies_3.csv,DSNY Frequencies_normal/DSNY Frequencies_6.csv,multipolygon,multipolygon,1
DSNY Frequencies_normal/DSNY Frequencies_6.csv,DSNY Frequencies_normal/DSNY Frequencies_7.csv,freq_resfuseid,freq_resfuseid,1
Hydrants_normal/Hydrants_1.csv,Hydrants_normal/Hydrants_2.csv,the_geom,the_geom,1
Hydrants_normal/Hydrants_1.csv,Hydrants_normal/Hydrants_3.csv,unitid,unitid,1
Hydrants_normal/Hydrants_2.csv,Hydrants_normal/Hydrants_4.csv,point_x,point_x,1
Hydrants_normal/Hydrants_4.csv,Hydrants_normal/Hydrants_5.csv,point_y,point_y,1
Open Storefronts Applications (Historical)_normal/Open Storefronts Applications (Historical)_1.csv,Open Storefronts Applications (Historical)_normal/Open Storefronts Applications (Historical)_2.csv,bizaddress,bizaddress,1
Open Storefronts Applications (Historical)_normal/Open Storefronts Applications (Historical)_1.csv,Open Storefronts Applications (Historical)_normal/Open Storefronts Applications (Historical)_3.csv,bizstreetn,bizstreetn,1
Open Storefronts Applications (Historical)_normal/Open Storefronts Applications (Historical)_2.csv,Open Storefronts Applications (Historical)_normal/Open Storefronts Applications (Historical)_4.csv,the_geom,the_geom,1
Open Storefronts Applications (Historical)_normal/Open Storefronts Applications (Historical)_4.csv,Open Storefronts Applications (Historical)_normal/Open Storefronts Applications (Historical)_5.csv,long,long,1
List of NYC Aging Providers with Sites Open to the Public_normal/List of NYC Aging Providers with Sites Open to the Public_1.csv,List of NYC Aging Providers with Sites Open to the Public_normal/List of NYC Aging Providers with Sites Open to the Public_2.csv,site_name,site_name,1
List of NYC Aging Providers with Sites Open to the Public_normal/List of NYC Aging Providers with Sites Open to the Public_1.csv,List of NYC Aging Providers with Sites Open to the Public_normal/List of NYC Aging Providers with Sites Open to the Public_3.csv,dfta_id,dfta_id,1
List of NYC Aging Providers with Sites Open to the Public_normal/List of NYC Aging Providers with Sites Open to the Public_1.csv,List of NYC Aging Providers with Sites Open to the Public_normal/List of NYC Aging Providers with Sites Open to the Public_4.csv,site_address,site_address,1
List of NYC Aging Providers with Sites Open to the Public_normal/List of NYC Aging Providers with Sites Open to the Public_2.csv,List of NYC Aging Providers with Sites Open to the Public_normal/List of NYC Aging Providers with Sites Open to the Public_5.csv,latitude,latitude,1
List of NYC Aging Providers with Sites Open to the Public_normal/List of NYC Aging Providers with Sites Open to the Public_2.csv,List of NYC Aging Providers with Sites Open to the Public_normal/List of NYC Aging Providers with Sites Open to the Public_5.csv,longitude,longitude,1
List of NYC Aging Providers with Sites Open to the Public_normal/List of NYC Aging Providers with Sites Open to the Public_2.csv,List of NYC Aging Providers with Sites Open to the Public_normal/List of NYC Aging Providers with Sites Open to the Public_6.csv,x_coordinate,x_coordinate,1
SIDEWALK_LINE_normal/SIDEWALK_LINE_1.csv,SIDEWALK_LINE_normal/SIDEWALK_LINE_2.csv,the_geom,the_geom-full_stree,1
SIDEWALK_LINE_normal/SIDEWALK_LINE_1.csv,SIDEWALK_LINE_normal/SIDEWALK_LINE_3.csv,physicalid-l_high_hn,physicalid,1
SIDEWALK_LINE_normal/SIDEWALK_LINE_4.csv,SIDEWALK_LINE_normal/SIDEWALK_LINE_1.csv,shape_leng,pivot-value,1
SIDEWALK_LINE_normal/SIDEWALK_LINE_1.csv,SIDEWALK_LINE_normal/SIDEWALK_LINE_4.csv,pivot-value,shape_leng,1
SIDEWALK_LINE_normal/SIDEWALK_LINE_5.csv,SIDEWALK_LINE_normal/SIDEWALK_LINE_2.csv,r_blkfc_id,pivot-value,1
Five Year Summary By Citywide Category_normal/Five Year Summary By Citywide Category_1.csv,Five Year Summary By Citywide Category_normal/Five Year Summary By Citywide Category_2.csv,program_category,program_category,1
Five Year Summary By Citywide Category_normal/Five Year Summary By Citywide Category_1.csv,Five Year Summary By Citywide Category_normal/Five Year Summary By Citywide Category_3.csv,code,code,1
Five Year Summary By Citywide Category_normal/Five Year Summary By Citywide Category_2.csv,Five Year Summary By Citywide Category_normal/Five Year Summary By Citywide Category_4.csv,fy25,fy25,1
Five Year Summary By Citywide Category_normal/Five Year Summary By Citywide Category_4.csv,Five Year Summary By Citywide Category_normal/Five Year Summary By Citywide Category_5.csv,fy27,fy27,1
2010 Census Blocks_normal/2010 Census Blocks_1.csv,2010 Census Blocks_normal/2010 Census Blocks_2.csv,bctcb2010,bctcb2010,1
2010 Census Blocks_normal/2010 Census Blocks_1.csv,2010 Census Blocks_normal/2010 Census Blocks_3.csv,shape_area,shape_area,1
2010 Census Blocks_normal/2010 Census Blocks_2.csv,2010 Census Blocks_normal/2010 Census Blocks_4.csv,shape_leng,shape_leng,1
2010 Census Blocks_normal/2010 Census Blocks_4.csv,2010 Census Blocks_normal/2010 Census Blocks_5.csv,the_geom,the_geom,1
DOF： Condominium Comparable Rental Income – Bronx – FY 2008 2009_normal/DOF： Condominium Comparable Rental Income – Bronx – FY 2008 2009_1.csv,DOF： Condominium Comparable Rental Income – Bronx – FY 2008 2009_normal/DOF： Condominium Comparable Rental Income – Bronx – FY 2008 2009_2.csv,bronx_condominium_property_condo_section,bronx_condominium_property_condo_section,1
DOF： Condominium Comparable Rental Income – Bronx – FY 2008 2009_normal/DOF： Condominium Comparable Rental Income – Bronx – FY 2008 2009_1.csv,DOF： Condominium Comparable Rental Income – Bronx – FY 2008 2009_normal/DOF： Condominium Comparable Rental Income – Bronx – FY 2008 2009_3.csv,bronx_condominium_property_address,bronx_condominium_property_address,1
DOF： Condominium Comparable Rental Income – Bronx – FY 2008 2009_normal/DOF： Condominium Comparable Rental Income – Bronx – FY 2008 2009_1.csv,DOF： Condominium Comparable Rental Income – Bronx – FY 2008 2009_normal/DOF： Condominium Comparable Rental Income – Bronx – FY 2008 2009_4.csv,bronx_condominium_property_est_gross_income,bronx_condominium_property_est_gross_income,1
DOF： Condominium Comparable Rental Income – Bronx – FY 2008 2009_normal/DOF： Condominium Comparable Rental Income – Bronx – FY 2008 2009_2.csv,DOF： Condominium Comparable Rental Income – Bronx – FY 2008 2009_normal/DOF： Condominium Comparable Rental Income – Bronx – FY 2008 2009_5.csv,bronx_condominium_property_gross_sqft,bronx_condominium_property_gross_sqft,1
In-Service Alarm Box Locations_normal/In-Service Alarm Box Locations_1.csv,In-Service Alarm Box Locations_normal/In-Service Alarm Box Locations_2.csv,borobox,borobox,1
In-Service Alarm Box Locations_normal/In-Service Alarm Box Locations_1.csv,In-Service Alarm Box Locations_normal/In-Service Alarm Box Locations_3.csv,location,location,1
In-Service Alarm Box Locations_normal/In-Service Alarm Box Locations_2.csv,In-Service Alarm Box Locations_normal/In-Service Alarm Box Locations_4.csv,location_point,location_point,1
In-Service Alarm Box Locations_normal/In-Service Alarm Box Locations_4.csv,In-Service Alarm Box Locations_normal/In-Service Alarm Box Locations_5.csv,latitude,latitude,1
In-Service Alarm Box Locations_normal/In-Service Alarm Box Locations_4.csv,In-Service Alarm Box Locations_normal/In-Service Alarm Box Locations_5.csv,longitude,longitude,1
2019-2020 Arts Report_normal/2019-2020 Arts Report_1.csv,2019-2020 Arts Report_normal/2019-2020 Arts Report_2.csv,community_school_district,community_school_district,1
2019-2020 Arts Report_normal/2019-2020 Arts Report_1.csv,2019-2020 Arts Report_normal/2019-2020 Arts Report_3.csv,of_graduates,of_graduates,1
2019-2020 Arts Report_normal/2019-2020 Arts Report_1.csv,2019-2020 Arts Report_normal/2019-2020 Arts Report_4.csv,of_graduates_that_met,of_graduates_that_met,1
2019-2020 Arts Report_normal/2019-2020 Arts Report_2.csv,2019-2020 Arts Report_normal/2019-2020 Arts Report_5.csv,of_8th_grade_students,of_8th_grade_students,1
2019-2020 Arts Report_normal/2019-2020 Arts Report_3.csv,2019-2020 Arts Report_normal/2019-2020 Arts Report_6.csv,of_8th_grade_students_that,of_8th_grade_students_that,1
2019-2020 Arts Report_normal/2019-2020 Arts Report_6.csv,2019-2020 Arts Report_normal/2019-2020 Arts Report_7.csv,of_8th_grade_students_that_2,of_8th_grade_students_that_2,1
Parks Inspection Program – All Sites (MAPPED)_normal/Parks Inspection Program – All Sites (MAPPED)_1.csv,Parks Inspection Program – All Sites (MAPPED)_normal/Parks Inspection Program – All Sites (MAPPED)_2.csv,prop_id,prop_id,1
Parks Inspection Program – All Sites (MAPPED)_normal/Parks Inspection Program – All Sites (MAPPED)_1.csv,Parks Inspection Program – All Sites (MAPPED)_normal/Parks Inspection Program – All Sites (MAPPED)_3.csv,multipolygon,multipolygon,1
Parks Inspection Program – All Sites (MAPPED)_normal/Parks Inspection Program – All Sites (MAPPED)_1.csv,Parks Inspection Program – All Sites (MAPPED)_normal/Parks Inspection Program – All Sites (MAPPED)_4.csv,site_location,site_location,1
A Foundation Report： Stalking_normal/A Foundation Report： Stalking_1.csv,A Foundation Report： Stalking_normal/A Foundation Report： Stalking_2.csv,year,year,1
A Foundation Report： Stalking_normal/A Foundation Report： Stalking_1.csv,A Foundation Report： Stalking_normal/A Foundation Report： Stalking_3.csv,dv_stalking_arrests,dv_stalking_arrests,1
A Foundation Report： Stalking_normal/A Foundation Report： Stalking_2.csv,A Foundation Report： Stalking_normal/A Foundation Report： Stalking_4.csv,total_stalking_arrests,total_stalking_arrests,1
A Foundation Report： Stalking_normal/A Foundation Report： Stalking_4.csv,A Foundation Report： Stalking_normal/A Foundation Report： Stalking_5.csv,dv_stalking_arrest_bx,dv_stalking_arrest_bx,1
Expense Budget Funding - All Source_normal/Expense Budget Funding - All Source_1.csv,Expense Budget Funding - All Source_normal/Expense Budget Funding - All Source_2.csv,total_financial_plan_amount,total_financial_plan_amount,1
Expense Budget Funding - All Source_normal/Expense Budget Funding - All Source_1.csv,Expense Budget Funding - All Source_normal/Expense Budget Funding - All Source_3.csv,city_funds_financial_plan_amount,city_funds_financial_plan_amount,1
Expense Budget Funding - All Source_normal/Expense Budget Funding - All Source_1.csv,Expense Budget Funding - All Source_normal/Expense Budget Funding - All Source_4.csv,total_current_budget_amount,total_current_budget_amount,1
Expense Budget Funding - All Source_normal/Expense Budget Funding - All Source_2.csv,Expense Budget Funding - All Source_normal/Expense Budget Funding - All Source_5.csv,city_funds_current_budget_amount,city_funds_current_budget_amount,1
Individual Landmark Sites_normal/Individual Landmark Sites_1.csv,Individual Landmark Sites_normal/Individual Landmark Sites_2.csv,the_geom,the_geom,1
Individual Landmark Sites_normal/Individual Landmark Sites_1.csv,Individual Landmark Sites_normal/Individual Landmark Sites_3.csv,objectid,objectid,1
Individual Landmark Sites_normal/Individual Landmark Sites_1.csv,Individual Landmark Sites_normal/Individual Landmark Sites_4.csv,lpc_lpnumb,lpc_lpnumb,1
Individual Landmark Sites_normal/Individual Landmark Sites_2.csv,Individual Landmark Sites_normal/Individual Landmark Sites_5.csv,url_report,url_report,1
Recovery Data Partnership (RDP) Data Partners_normal/Recovery Data Partnership (RDP) Data Partners_1.csv,Recovery Data Partnership (RDP) Data Partners_normal/Recovery Data Partnership (RDP) Data Partners_2.csv,partner_name,partner_name,1
Recovery Data Partnership (RDP) Data Partners_normal/Recovery Data Partnership (RDP) Data Partners_1.csv,Recovery Data Partnership (RDP) Data Partners_normal/Recovery Data Partnership (RDP) Data Partners_3.csv,data_description,data_description,1
Voting Poll Sites_normal/Voting Poll Sites_1.csv,Voting Poll Sites_normal/Voting Poll Sites_2.csv,site_number,site_number,1
Voting Poll Sites_normal/Voting Poll Sites_1.csv,Voting Poll Sites_normal/Voting Poll Sites_3.csv,voter_entrance,voter_entrance,1
Voting Poll Sites_normal/Voting Poll Sites_1.csv,Voting Poll Sites_normal/Voting Poll Sites_4.csv,bin,bin,1
Voting Poll Sites_normal/Voting Poll Sites_1.csv,Voting Poll Sites_normal/Voting Poll Sites_5.csv,handicap_entrance,handicap_entrance,1
Voting Poll Sites_normal/Voting Poll Sites_2.csv,Voting Poll Sites_normal/Voting Poll Sites_6.csv,bbl,bbl,1
Capital Grant Awards 2014_normal/Capital Grant Awards 2014_1.csv,Capital Grant Awards 2014_normal/Capital Grant Awards 2014_2.csv,project_description,project_description,1
Capital Grant Awards 2014_normal/Capital Grant Awards 2014_1.csv,Capital Grant Awards 2014_normal/Capital Grant Awards 2014_3.csv,project_title,project_title,1
Capital Grant Awards 2014_normal/Capital Grant Awards 2014_1.csv,Capital Grant Awards 2014_normal/Capital Grant Awards 2014_4.csv,organization_name,organization_name,1
Capital Grant Awards 2014_normal/Capital Grant Awards 2014_2.csv,Capital Grant Awards 2014_normal/Capital Grant Awards 2014_5.csv,organization_address,organization_address,1
Capital Grant Awards 2014_normal/Capital Grant Awards 2014_3.csv,Capital Grant Awards 2014_normal/Capital Grant Awards 2014_6.csv,latitude,latitude,1
Capital Grant Awards 2014_normal/Capital Grant Awards 2014_3.csv,Capital Grant Awards 2014_normal/Capital Grant Awards 2014_6.csv,longitude,longitude,1
Capital Grant Awards 2014_normal/Capital Grant Awards 2014_6.csv,Capital Grant Awards 2014_normal/Capital Grant Awards 2014_7.csv,bin,bin,1
DOHMH New York City Restaurant Inspection Results_normal/DOHMH New York City Restaurant Inspection Results_1.csv,DOHMH New York City Restaurant Inspection Results_normal/DOHMH New York City Restaurant Inspection Results_2.csv,camis,camis,1
DOHMH New York City Restaurant Inspection Results_normal/DOHMH New York City Restaurant Inspection Results_1.csv,DOHMH New York City Restaurant Inspection Results_normal/DOHMH New York City Restaurant Inspection Results_3.csv,dba,dba,1
DOHMH New York City Restaurant Inspection Results_normal/DOHMH New York City Restaurant Inspection Results_1.csv,DOHMH New York City Restaurant Inspection Results_normal/DOHMH New York City Restaurant Inspection Results_4.csv,phone,phone,1
DOHMH New York City Restaurant Inspection Results_normal/DOHMH New York City Restaurant Inspection Results_2.csv,DOHMH New York City Restaurant Inspection Results_normal/DOHMH New York City Restaurant Inspection Results_5.csv,latitude,latitude,1
DOHMH New York City Restaurant Inspection Results_normal/DOHMH New York City Restaurant Inspection Results_2.csv,DOHMH New York City Restaurant Inspection Results_normal/DOHMH New York City Restaurant Inspection Results_5.csv,longitude-:@computed_region_92fq_4b7q,longitude,1
DOHMH New York City Restaurant Inspection Results_normal/DOHMH New York City Restaurant Inspection Results_3.csv,DOHMH New York City Restaurant Inspection Results_normal/DOHMH New York City Restaurant Inspection Results_6.csv,location,location,1
Borough Enrollment Offices_normal/Borough Enrollment Offices_1.csv,Borough Enrollment Offices_normal/Borough Enrollment Offices_2.csv,zip_code,zip_code,1
Borough Enrollment Offices_normal/Borough Enrollment Offices_1.csv,Borough Enrollment Offices_normal/Borough Enrollment Offices_3.csv,phone,phone,1
Borough Enrollment Offices_normal/Borough Enrollment Offices_1.csv,Borough Enrollment Offices_normal/Borough Enrollment Offices_4.csv,address,address,1
Borough Enrollment Offices_normal/Borough Enrollment Offices_2.csv,Borough Enrollment Offices_normal/Borough Enrollment Offices_5.csv,districts_served,districts_served,1
Borough Enrollment Offices_normal/Borough Enrollment Offices_3.csv,Borough Enrollment Offices_normal/Borough Enrollment Offices_6.csv,council_district,council_district,1
Child Abuse Liaisons_normal/Child Abuse Liaisons_1.csv,Child Abuse Liaisons_normal/Child Abuse Liaisons_2.csv,borough_districts-bbl,borough_districts,1
Child Abuse Liaisons_normal/Child Abuse Liaisons_1.csv,Child Abuse Liaisons_normal/Child Abuse Liaisons_3.csv,field_support_liaisondeputy_dir_student_svcs,field_support_liaisondeputy_dir_student_svcs,1
Child Abuse Liaisons_normal/Child Abuse Liaisons_1.csv,Child Abuse Liaisons_normal/Child Abuse Liaisons_4.csv,office_phone,office_phone,1
Child Abuse Liaisons_normal/Child Abuse Liaisons_1.csv,Child Abuse Liaisons_normal/Child Abuse Liaisons_5.csv,office_address,office_address,1
Child Abuse Liaisons_normal/Child Abuse Liaisons_2.csv,Child Abuse Liaisons_normal/Child Abuse Liaisons_6.csv,postcode,postcode,1
Child Abuse Liaisons_normal/Child Abuse Liaisons_2.csv,Child Abuse Liaisons_normal/Child Abuse Liaisons_7.csv,council_district,council_district,1
2011-2012 School Progress Report - All Schools_normal/2011-2012 School Progress Report - All Schools_1.csv,2011-2012 School Progress Report - All Schools_normal/2011-2012 School Progress Report - All Schools_2.csv,dbn,dbn,1
2011-2012 School Progress Report - All Schools_normal/2011-2012 School Progress Report - All Schools_1.csv,2011-2012 School Progress Report - All Schools_normal/2011-2012 School Progress Report - All Schools_3.csv,school,school,1
2011-2012 School Progress Report - All Schools_normal/2011-2012 School Progress Report - All Schools_1.csv,2011-2012 School Progress Report - All Schools_normal/2011-2012 School Progress Report - All Schools_4.csv,principal,principal,1
2011-2012 School Progress Report - All Schools_normal/2011-2012 School Progress Report - All Schools_1.csv,2011-2012 School Progress Report - All Schools_normal/2011-2012 School Progress Report - All Schools_5.csv,peer_index,peer_index,1
2009 Public Data File Students D75_normal/2009 Public Data File Students D75_1.csv,2009 Public Data File Students D75_normal/2009 Public Data File Students D75_2.csv,dbn,dbn,1
2009 Public Data File Students D75_normal/2009 Public Data File Students D75_1.csv,2009 Public Data File Students D75_normal/2009 Public Data File Students D75_3.csv,school_name,school_name,1
2009 Public Data File Students D75_normal/2009 Public Data File Students D75_2.csv,2009 Public Data File Students D75_normal/2009 Public Data File Students D75_4.csv,principal,principal,1
2009 Public Data File Students D75_normal/2009 Public Data File Students D75_4.csv,2009 Public Data File Students D75_normal/2009 Public Data File Students D75_5.csv,horizion_communication_score,horizion_communication_score,1
COVID-19 DOE Active Testing Locations as of Feb 25_normal/COVID-19 DOE Active Testing Locations as of Feb 25_1.csv,COVID-19 DOE Active Testing Locations as of Feb 25_normal/COVID-19 DOE Active Testing Locations as of Feb 25_2.csv,org_testing_code,org_testing_code,1
COVID-19 DOE Active Testing Locations as of Feb 25_normal/COVID-19 DOE Active Testing Locations as of Feb 25_1.csv,COVID-19 DOE Active Testing Locations as of Feb 25_normal/COVID-19 DOE Active Testing Locations as of Feb 25_3.csv,name,name,1
COVID-19 DOE Active Testing Locations as of Feb 25_normal/COVID-19 DOE Active Testing Locations as of Feb 25_1.csv,COVID-19 DOE Active Testing Locations as of Feb 25_normal/COVID-19 DOE Active Testing Locations as of Feb 25_4.csv,dbn,dbn,1
COVID-19 DOE Active Testing Locations as of Feb 25_normal/COVID-19 DOE Active Testing Locations as of Feb 25_2.csv,COVID-19 DOE Active Testing Locations as of Feb 25_normal/COVID-19 DOE Active Testing Locations as of Feb 25_5.csv,building_code,building_code,1
COVID-19 DOE Active Testing Locations as of Feb 25_normal/COVID-19 DOE Active Testing Locations as of Feb 25_2.csv,COVID-19 DOE Active Testing Locations as of Feb 25_normal/COVID-19 DOE Active Testing Locations as of Feb 25_6.csv,building_primary_address,building_primary_address,1
Office of The Comptroller： Police Retirement System Holdings Data_normal/Office of The Comptroller： Police Retirement System Holdings Data_1.csv,Office of The Comptroller： Police Retirement System Holdings Data_normal/Office of The Comptroller： Police Retirement System Holdings Data_2.csv,local_market_value,local_market_value,1
Office of The Comptroller： Police Retirement System Holdings Data_normal/Office of The Comptroller： Police Retirement System Holdings Data_1.csv,Office of The Comptroller： Police Retirement System Holdings Data_normal/Office of The Comptroller： Police Retirement System Holdings Data_4.csv,base_unrealized_gain_loss,base_unrealized_gain_loss,1
Office of The Comptroller： Police Retirement System Holdings Data_normal/Office of The Comptroller： Police Retirement System Holdings Data_2.csv,Office of The Comptroller： Police Retirement System Holdings Data_normal/Office of The Comptroller： Police Retirement System Holdings Data_5.csv,local_unrealized_gain_loss,local_unrealized_gain_loss,1
Office of The Comptroller： Police Retirement System Holdings Data_normal/Office of The Comptroller： Police Retirement System Holdings Data_2.csv,Office of The Comptroller： Police Retirement System Holdings Data_normal/Office of The Comptroller： Police Retirement System Holdings Data_6.csv,local_total_cost_amount,local_total_cost_amount,1
Capacity Projects by School_normal/Capacity Projects by School_1.csv,Capacity Projects by School_normal/Capacity Projects by School_2.csv,project,project,1
Capacity Projects by School_normal/Capacity Projects by School_1.csv,Capacity Projects by School_normal/Capacity Projects by School_3.csv,fundingreq_dfy_15_19,fundingreq_dfy_15_19,1
Capacity Projects by School_normal/Capacity Projects by School_1.csv,Capacity Projects by School_normal/Capacity Projects by School_4.csv,school,school,1
Capacity Projects by School_normal/Capacity Projects by School_2.csv,Capacity Projects by School_normal/Capacity Projects by School_5.csv,total_est_cost,total_est_cost,1
NYC Parks SkateParks_normal/NYC Parks SkateParks_1.csv,NYC Parks SkateParks_normal/NYC Parks SkateParks_2.csv,the_geom,the_geom,1
NYC Parks SkateParks_normal/NYC Parks SkateParks_1.csv,NYC Parks SkateParks_normal/NYC Parks SkateParks_3.csv,system,system,1
NYC Parks SkateParks_normal/NYC Parks SkateParks_1.csv,NYC Parks SkateParks_normal/NYC Parks SkateParks_4.csv,gispropnum,gispropnum,1
NYC Parks SkateParks_normal/NYC Parks SkateParks_2.csv,NYC Parks SkateParks_normal/NYC Parks SkateParks_5.csv,name,name,1
NYCHA Customer Contact Centers_normal/NYCHA Customer Contact Centers_1.csv,NYCHA Customer Contact Centers_normal/NYCHA Customer Contact Centers_2.csv,name,name,1
NYCHA Customer Contact Centers_normal/NYCHA Customer Contact Centers_1.csv,NYCHA Customer Contact Centers_normal/NYCHA Customer Contact Centers_3.csv,address_1,address_1,1
NYCHA Customer Contact Centers_normal/NYCHA Customer Contact Centers_1.csv,NYCHA Customer Contact Centers_normal/NYCHA Customer Contact Centers_4.csv,city,city,1
NYCHA Customer Contact Centers_normal/NYCHA Customer Contact Centers_1.csv,NYCHA Customer Contact Centers_normal/NYCHA Customer Contact Centers_5.csv,zip_code,zip_code,1
NYCHA Customer Contact Centers_normal/NYCHA Customer Contact Centers_2.csv,NYCHA Customer Contact Centers_normal/NYCHA Customer Contact Centers_6.csv,community_board,community_board,1
NYCHA Customer Contact Centers_normal/NYCHA Customer Contact Centers_3.csv,NYCHA Customer Contact Centers_normal/NYCHA Customer Contact Centers_7.csv,community_council,community_council,1
Open Market Order (OMO) Charges_normal/Open Market Order (OMO) Charges_1.csv,Open Market Order (OMO) Charges_normal/Open Market Order (OMO) Charges_2.csv,omoid,omoid,1
Open Market Order (OMO) Charges_normal/Open Market Order (OMO) Charges_1.csv,Open Market Order (OMO) Charges_normal/Open Market Order (OMO) Charges_3.csv,omonumber,omonumber,1
Open Market Order (OMO) Charges_normal/Open Market Order (OMO) Charges_1.csv,Open Market Order (OMO) Charges_normal/Open Market Order (OMO) Charges_4.csv,buildingid,buildingid,1
Open Market Order (OMO) Charges_normal/Open Market Order (OMO) Charges_2.csv,Open Market Order (OMO) Charges_normal/Open Market Order (OMO) Charges_5.csv,bin,bin,1
Open Market Order (OMO) Charges_normal/Open Market Order (OMO) Charges_3.csv,Open Market Order (OMO) Charges_normal/Open Market Order (OMO) Charges_6.csv,latitude,latitude,1
Open Market Order (OMO) Charges_normal/Open Market Order (OMO) Charges_3.csv,Open Market Order (OMO) Charges_normal/Open Market Order (OMO) Charges_6.csv,longitude,longitude,1
DSNY Sections_normal/DSNY Sections_1.csv,DSNY Sections_normal/DSNY Sections_2.csv,section,section,1
DSNY Sections_normal/DSNY Sections_1.csv,DSNY Sections_normal/DSNY Sections_3.csv,sectioncode,sectioncode,1
DSNY Sections_normal/DSNY Sections_2.csv,DSNY Sections_normal/DSNY Sections_4.csv,shape_area,shape_area,1
WiredNYC – Certified Buildings_normal/WiredNYC – Certified Buildings_1.csv,WiredNYC – Certified Buildings_normal/WiredNYC – Certified Buildings_2.csv,bble,bble,1
WiredNYC – Certified Buildings_normal/WiredNYC – Certified Buildings_1.csv,WiredNYC – Certified Buildings_normal/WiredNYC – Certified Buildings_3.csv,bbl,bbl,1
WiredNYC – Certified Buildings_normal/WiredNYC – Certified Buildings_1.csv,WiredNYC – Certified Buildings_normal/WiredNYC – Certified Buildings_4.csv,building_name,building_name,1
WiredNYC – Certified Buildings_normal/WiredNYC – Certified Buildings_1.csv,WiredNYC – Certified Buildings_normal/WiredNYC – Certified Buildings_5.csv,street_address,street_address,1
WiredNYC – Certified Buildings_normal/WiredNYC – Certified Buildings_2.csv,WiredNYC – Certified Buildings_normal/WiredNYC – Certified Buildings_6.csv,isps_2,isps_2,1
WiredNYC – Certified Buildings_normal/WiredNYC – Certified Buildings_3.csv,WiredNYC – Certified Buildings_normal/WiredNYC – Certified Buildings_7.csv,bin,bin,1
New York Public Library (NYPL) Branch Services from 7-2010 to 6-2011_normal/New York Public Library (NYPL) Branch Services from 7-2010 to 6-2011_1.csv,New York Public Library (NYPL) Branch Services from 7-2010 to 6-2011_normal/New York Public Library (NYPL) Branch Services from 7-2010 to 6-2011_2.csv,branch,branch,1
New York Public Library (NYPL) Branch Services from 7-2010 to 6-2011_normal/New York Public Library (NYPL) Branch Services from 7-2010 to 6-2011_1.csv,New York Public Library (NYPL) Branch Services from 7-2010 to 6-2011_normal/New York Public Library (NYPL) Branch Services from 7-2010 to 6-2011_3.csv,circulation_juvenile,circulation_juvenile,1
New York Public Library (NYPL) Branch Services from 7-2010 to 6-2011_normal/New York Public Library (NYPL) Branch Services from 7-2010 to 6-2011_1.csv,New York Public Library (NYPL) Branch Services from 7-2010 to 6-2011_normal/New York Public Library (NYPL) Branch Services from 7-2010 to 6-2011_4.csv,circulation,circulation,1
New York Public Library (NYPL) Branch Services from 7-2010 to 6-2011_normal/New York Public Library (NYPL) Branch Services from 7-2010 to 6-2011_2.csv,New York Public Library (NYPL) Branch Services from 7-2010 to 6-2011_normal/New York Public Library (NYPL) Branch Services from 7-2010 to 6-2011_5.csv,_total_attendance,_total_attendance,1
New York Public Library (NYPL) Branch Services from 7-2010 to 6-2011_normal/New York Public Library (NYPL) Branch Services from 7-2010 to 6-2011_5.csv,New York Public Library (NYPL) Branch Services from 7-2010 to 6-2011_normal/New York Public Library (NYPL) Branch Services from 7-2010 to 6-2011_6.csv,circulation_adult,circulation_adult,1
Fire Companies_normal/Fire Companies_1.csv,Fire Companies_normal/Fire Companies_2.csv,the_geom,the_geom,1
Fire Companies_normal/Fire Companies_1.csv,Fire Companies_normal/Fire Companies_3.csv,shape_leng,shape_leng,1
NYC Independent Budget Office (IBO) Tax Revenue FY 1980 - FY 2020_normal/NYC Independent Budget Office (IBO) Tax Revenue FY 1980 - FY 2020_1.csv,NYC Independent Budget Office (IBO) Tax Revenue FY 1980 - FY 2020_normal/NYC Independent Budget Office (IBO) Tax Revenue FY 1980 - FY 2020_2.csv,year,year,1
NYC Independent Budget Office (IBO) Tax Revenue FY 1980 - FY 2020_normal/NYC Independent Budget Office (IBO) Tax Revenue FY 1980 - FY 2020_1.csv,NYC Independent Budget Office (IBO) Tax Revenue FY 1980 - FY 2020_normal/NYC Independent Budget Office (IBO) Tax Revenue FY 1980 - FY 2020_3.csv,property,property,1
NYC Independent Budget Office (IBO) Tax Revenue FY 1980 - FY 2020_normal/NYC Independent Budget Office (IBO) Tax Revenue FY 1980 - FY 2020_2.csv,NYC Independent Budget Office (IBO) Tax Revenue FY 1980 - FY 2020_normal/NYC Independent Budget Office (IBO) Tax Revenue FY 1980 - FY 2020_4.csv,personal_income_total,personal_income_total,1
NYC Independent Budget Office (IBO) Tax Revenue FY 1980 - FY 2020_normal/NYC Independent Budget Office (IBO) Tax Revenue FY 1980 - FY 2020_4.csv,NYC Independent Budget Office (IBO) Tax Revenue FY 1980 - FY 2020_normal/NYC Independent Budget Office (IBO) Tax Revenue FY 1980 - FY 2020_5.csv,personal_income_general_fund_revenue,personal_income_general_fund_revenue,1
Radiation Producing Equipment_normal/Radiation Producing Equipment_1.csv,Radiation Producing Equipment_normal/Radiation Producing Equipment_2.csv,origid,origid,1
Radiation Producing Equipment_normal/Radiation Producing Equipment_1.csv,Radiation Producing Equipment_normal/Radiation Producing Equipment_3.csv,name,name,1
Radiation Producing Equipment_normal/Radiation Producing Equipment_1.csv,Radiation Producing Equipment_normal/Radiation Producing Equipment_4.csv,address,address,1
Radiation Producing Equipment_normal/Radiation Producing Equipment_1.csv,Radiation Producing Equipment_normal/Radiation Producing Equipment_5.csv,latitude,latitude,1
Radiation Producing Equipment_normal/Radiation Producing Equipment_1.csv,Radiation Producing Equipment_normal/Radiation Producing Equipment_5.csv,longitude,longitude-census_tract,1
2013 - 2018 Demographic Snapshot_normal/2013 - 2018 Demographic Snapshot_1.csv,2013 - 2018 Demographic Snapshot_normal/2013 - 2018 Demographic Snapshot_2.csv,year,year,1
2013 - 2018 Demographic Snapshot_normal/2013 - 2018 Demographic Snapshot_1.csv,2013 - 2018 Demographic Snapshot_normal/2013 - 2018 Demographic Snapshot_3.csv,total_enrollment,total_enrollment,1
2013 - 2018 Demographic Snapshot_normal/2013 - 2018 Demographic Snapshot_1.csv,2013 - 2018 Demographic Snapshot_normal/2013 - 2018 Demographic Snapshot_4.csv,grade_pk_half_day_full_day,grade_pk_half_day_full_day,1
2013 - 2018 Demographic Snapshot_normal/2013 - 2018 Demographic Snapshot_2.csv,2013 - 2018 Demographic Snapshot_normal/2013 - 2018 Demographic Snapshot_5.csv,grade_k,grade_k,1
2013 - 2018 Demographic Snapshot_normal/2013 - 2018 Demographic Snapshot_3.csv,2013 - 2018 Demographic Snapshot_normal/2013 - 2018 Demographic Snapshot_6.csv,grade_1,grade_1,1
2013 - 2018 Demographic Snapshot_normal/2013 - 2018 Demographic Snapshot_6.csv,2013 - 2018 Demographic Snapshot_normal/2013 - 2018 Demographic Snapshot_7.csv,grade_2,grade_2,1
FCRC Annual Concession Plan_normal/FCRC Annual Concession Plan_1.csv,FCRC Annual Concession Plan_normal/FCRC Annual Concession Plan_2.csv,doc_id_automatically_generated_contract_id_number_from_fms,doc_id_automatically_generated_contract_id_number_from_fms,1
FCRC Annual Concession Plan_normal/FCRC Annual Concession Plan_1.csv,FCRC Annual Concession Plan_normal/FCRC Annual Concession Plan_3.csv,concession_id_pre_registration,concession_id_pre_registration,1
FCRC Annual Concession Plan_normal/FCRC Annual Concession Plan_1.csv,FCRC Annual Concession Plan_normal/FCRC Annual Concession Plan_4.csv,brief_description_of_concession,brief_description_of_concession,1
FCRC Annual Concession Plan_normal/FCRC Annual Concession Plan_2.csv,FCRC Annual Concession Plan_normal/FCRC Annual Concession Plan_5.csv,revenue_collected_in_fy_2015,revenue_collected_in_fy_2015,1
FCRC Annual Concession Plan_normal/FCRC Annual Concession Plan_3.csv,FCRC Annual Concession Plan_normal/FCRC Annual Concession Plan_6.csv,concessionaire,concessionaire,1
FCRC Annual Concession Plan_normal/FCRC Annual Concession Plan_6.csv,FCRC Annual Concession Plan_normal/FCRC Annual Concession Plan_7.csv,registration_date_or_date_sent_to_comptroller_for_registration,registration_date_or_date_sent_to_comptroller_for_registration,1
Broadband Adoption Basic Indicators_normal/Broadband Adoption Basic Indicators_1.csv,Broadband Adoption Basic Indicators_normal/Broadband Adoption Basic Indicators_2.csv,neighborhood_tabulation_area,neighborhood_tabulation_area,1
Broadband Adoption Basic Indicators_normal/Broadband Adoption Basic Indicators_1.csv,Broadband Adoption Basic Indicators_normal/Broadband Adoption Basic Indicators_3.csv,neighborhood_tabulation_area_1,neighborhood_tabulation_area_1,1
Broadband Adoption Basic Indicators_normal/Broadband Adoption Basic Indicators_2.csv,Broadband Adoption Basic Indicators_normal/Broadband Adoption Basic Indicators_4.csv,total_population,total_population,1
Broadband Adoption Basic Indicators_normal/Broadband Adoption Basic Indicators_4.csv,Broadband Adoption Basic Indicators_normal/Broadband Adoption Basic Indicators_5.csv,density_of_poles_reserved,density_of_poles_reserved,1
Capital Project Detail Data - Dollars_normal/Capital Project Detail Data - Dollars_1.csv,Capital Project Detail Data - Dollars_normal/Capital Project Detail Data - Dollars_2.csv,project_id,project_id,1
Capital Project Detail Data - Dollars_normal/Capital Project Detail Data - Dollars_1.csv,Capital Project Detail Data - Dollars_normal/Capital Project Detail Data - Dollars_3.csv,project_descr,project_descr,1
Capital Project Detail Data - Dollars_normal/Capital Project Detail Data - Dollars_2.csv,Capital Project Detail Data - Dollars_normal/Capital Project Detail Data - Dollars_4.csv,scope_text,scope_text,1
Capital Project Detail Data - Dollars_normal/Capital Project Detail Data - Dollars_4.csv,Capital Project Detail Data - Dollars_normal/Capital Project Detail Data - Dollars_5.csv,city_plan_total,city_plan_total,1
Universal Solicitation of Broadband Target Neighborhoods_normal/Universal Solicitation of Broadband Target Neighborhoods_1.csv,Universal Solicitation of Broadband Target Neighborhoods_normal/Universal Solicitation of Broadband Target Neighborhoods_2.csv,the_geom,the_geom,1
Universal Solicitation of Broadband Target Neighborhoods_normal/Universal Solicitation of Broadband Target Neighborhoods_1.csv,Universal Solicitation of Broadband Target Neighborhoods_normal/Universal Solicitation of Broadband Target Neighborhoods_3.csv,shape_area,shape_area,1
Universal Solicitation of Broadband Target Neighborhoods_normal/Universal Solicitation of Broadband Target Neighborhoods_2.csv,Universal Solicitation of Broadband Target Neighborhoods_normal/Universal Solicitation of Broadband Target Neighborhoods_4.csv,shape_leng,shape_leng,1
Bus Lanes - Local Streets_normal/Bus Lanes - Local Streets_1.csv,Bus Lanes - Local Streets_normal/Bus Lanes - Local Streets_2.csv,segmentid,segmentid,1
Bus Lanes - Local Streets_normal/Bus Lanes - Local Streets_1.csv,Bus Lanes - Local Streets_normal/Bus Lanes - Local Streets_3.csv,the_geom,the_geom,1
Bus Lanes - Local Streets_normal/Bus Lanes - Local Streets_2.csv,Bus Lanes - Local Streets_normal/Bus Lanes - Local Streets_4.csv,shape_leng,shape_leng,1
Bus Lanes - Local Streets_normal/Bus Lanes - Local Streets_4.csv,Bus Lanes - Local Streets_normal/Bus Lanes - Local Streets_5.csv,shape_le_1,pivot-value,1
DOF： Condominium Comparable Rental Income – Brooklyn – FY 2009 2010_normal/DOF： Condominium Comparable Rental Income – Brooklyn – FY 2009 2010_1.csv,DOF： Condominium Comparable Rental Income – Brooklyn – FY 2009 2010_normal/DOF： Condominium Comparable Rental Income – Brooklyn – FY 2009 2010_2.csv,brooklyn_condominium_property_condo_section,brooklyn_condominium_property_condo_section,1
DOF： Condominium Comparable Rental Income – Brooklyn – FY 2009 2010_normal/DOF： Condominium Comparable Rental Income – Brooklyn – FY 2009 2010_1.csv,DOF： Condominium Comparable Rental Income – Brooklyn – FY 2009 2010_normal/DOF： Condominium Comparable Rental Income – Brooklyn – FY 2009 2010_3.csv,brooklyn_condominium_property_address,brooklyn_condominium_property_address,1
DOF： Condominium Comparable Rental Income – Brooklyn – FY 2009 2010_normal/DOF： Condominium Comparable Rental Income – Brooklyn – FY 2009 2010_1.csv,DOF： Condominium Comparable Rental Income – Brooklyn – FY 2009 2010_normal/DOF： Condominium Comparable Rental Income – Brooklyn – FY 2009 2010_4.csv,brooklyn_condominium_property_boro_block_lot,brooklyn_condominium_property_boro_block_lot,1
DOF： Condominium Comparable Rental Income – Brooklyn – FY 2009 2010_normal/DOF： Condominium Comparable Rental Income – Brooklyn – FY 2009 2010_2.csv,DOF： Condominium Comparable Rental Income – Brooklyn – FY 2009 2010_normal/DOF： Condominium Comparable Rental Income – Brooklyn – FY 2009 2010_5.csv,brooklyn_condominium_property_gross_sqft,brooklyn_condominium_property_gross_sqft,1
NYC Condom Availability Program - HIV condom distribution locations_normal/NYC Condom Availability Program - HIV condom distribution locations_1.csv,NYC Condom Availability Program - HIV condom distribution locations_normal/NYC Condom Availability Program - HIV condom distribution locations_2.csv,facility_pk,facility_pk,1
NYC Condom Availability Program - HIV condom distribution locations_normal/NYC Condom Availability Program - HIV condom distribution locations_1.csv,NYC Condom Availability Program - HIV condom distribution locations_normal/NYC Condom Availability Program - HIV condom distribution locations_3.csv,facilityname,facilityname-service_category,1
NYC Condom Availability Program - HIV condom distribution locations_normal/NYC Condom Availability Program - HIV condom distribution locations_1.csv,NYC Condom Availability Program - HIV condom distribution locations_normal/NYC Condom Availability Program - HIV condom distribution locations_4.csv,address,address,1
NYC Condom Availability Program - HIV condom distribution locations_normal/NYC Condom Availability Program - HIV condom distribution locations_2.csv,NYC Condom Availability Program - HIV condom distribution locations_normal/NYC Condom Availability Program - HIV condom distribution locations_5.csv,latitude,latitude,1
NYC Condom Availability Program - HIV condom distribution locations_normal/NYC Condom Availability Program - HIV condom distribution locations_2.csv,NYC Condom Availability Program - HIV condom distribution locations_normal/NYC Condom Availability Program - HIV condom distribution locations_5.csv,longitude,longitude-saturday,1
NYC Condom Availability Program - HIV condom distribution locations_normal/NYC Condom Availability Program - HIV condom distribution locations_3.csv,NYC Condom Availability Program - HIV condom distribution locations_normal/NYC Condom Availability Program - HIV condom distribution locations_6.csv,phone,phone,1
Forestry Inspections_normal/Forestry Inspections_1.csv,Forestry Inspections_normal/Forestry Inspections_2.csv,objectid,objectid,1
Forestry Inspections_normal/Forestry Inspections_1.csv,Forestry Inspections_normal/Forestry Inspections_3.csv,globalid,globalid,1
Forestry Inspections_normal/Forestry Inspections_2.csv,Forestry Inspections_normal/Forestry Inspections_4.csv,plantingspaceglobalid,plantingspaceglobalid,1
Forestry Inspections_normal/Forestry Inspections_4.csv,Forestry Inspections_normal/Forestry Inspections_5.csv,geometry,geometry,1
NYPL Branch Services - Bronx_normal/NYPL Branch Services - Bronx_1.csv,NYPL Branch Services - Bronx_normal/NYPL Branch Services - Bronx_3.csv,young_adult_attendance,young_adult_attendance,1
NYPL Branch Services - Bronx_normal/NYPL Branch Services - Bronx_1.csv,NYPL Branch Services - Bronx_normal/NYPL Branch Services - Bronx_4.csv,juvenile_attendance,juvenile_attendance,1
NYPL Branch Services - Bronx_normal/NYPL Branch Services - Bronx_2.csv,NYPL Branch Services - Bronx_normal/NYPL Branch Services - Bronx_5.csv,_total_program,_total_program,1
"Cash Assistance Applications for Youth Heads of Household, Ages 16 - 20_normal/Cash Assistance Applications for Youth Heads of Household, Ages 16 - 20_1.csv","Cash Assistance Applications for Youth Heads of Household, Ages 16 - 20_normal/Cash Assistance Applications for Youth Heads of Household, Ages 16 - 20_2.csv",total,total,1
"Cash Assistance Applications for Youth Heads of Household, Ages 16 - 20_normal/Cash Assistance Applications for Youth Heads of Household, Ages 16 - 20_1.csv","Cash Assistance Applications for Youth Heads of Household, Ages 16 - 20_normal/Cash Assistance Applications for Youth Heads of Household, Ages 16 - 20_3.csv",deny,deny,1
Parking Meters- Citywide Rate Zones_normal/Parking Meters- Citywide Rate Zones_1.csv,Parking Meters- Citywide Rate Zones_normal/Parking Meters- Citywide Rate Zones_2.csv,the_geom,the_geom,1
Parking Meters- Citywide Rate Zones_normal/Parking Meters- Citywide Rate Zones_1.csv,Parking Meters- Citywide Rate Zones_normal/Parking Meters- Citywide Rate Zones_3.csv,shape_leng,shape_leng,1
Parking Meters- Citywide Rate Zones_normal/Parking Meters- Citywide Rate Zones_1.csv,Parking Meters- Citywide Rate Zones_normal/Parking Meters- Citywide Rate Zones_4.csv,shape_le_1,shape_le_1,1
Parking Meters- Citywide Rate Zones_normal/Parking Meters- Citywide Rate Zones_2.csv,Parking Meters- Citywide Rate Zones_normal/Parking Meters- Citywide Rate Zones_5.csv,shape_area,shape_area,1
Shapefiles of BOA and Community Brownfield Planning Areas - OER Existing Conditions Studies_normal/Shapefiles of BOA and Community Brownfield Planning Areas - OER Existing Conditions Studies_1.csv,Shapefiles of BOA and Community Brownfield Planning Areas - OER Existing Conditions Studies_normal/Shapefiles of BOA and Community Brownfield Planning Areas - OER Existing Conditions Studies_2.csv,the_geom,the_geom,1
Shapefiles of BOA and Community Brownfield Planning Areas - OER Existing Conditions Studies_normal/Shapefiles of BOA and Community Brownfield Planning Areas - OER Existing Conditions Studies_1.csv,Shapefiles of BOA and Community Brownfield Planning Areas - OER Existing Conditions Studies_normal/Shapefiles of BOA and Community Brownfield Planning Areas - OER Existing Conditions Studies_3.csv,cartodb_id,cartodb_id,1
Shapefiles of BOA and Community Brownfield Planning Areas - OER Existing Conditions Studies_normal/Shapefiles of BOA and Community Brownfield Planning Areas - OER Existing Conditions Studies_2.csv,Shapefiles of BOA and Community Brownfield Planning Areas - OER Existing Conditions Studies_normal/Shapefiles of BOA and Community Brownfield Planning Areas - OER Existing Conditions Studies_4.csv,shape_area,shape_area,1
KayakCanoeLaunch_20190417_normal/KayakCanoeLaunch_20190417_1.csv,KayakCanoeLaunch_20190417_normal/KayakCanoeLaunch_20190417_2.csv,system,system,1
KayakCanoeLaunch_20190417_normal/KayakCanoeLaunch_20190417_1.csv,KayakCanoeLaunch_20190417_normal/KayakCanoeLaunch_20190417_3.csv,objectid,objectid,1
KayakCanoeLaunch_20190417_normal/KayakCanoeLaunch_20190417_2.csv,KayakCanoeLaunch_20190417_normal/KayakCanoeLaunch_20190417_4.csv,the_geom,the_geom,1
KayakCanoeLaunch_20190417_normal/KayakCanoeLaunch_20190417_4.csv,KayakCanoeLaunch_20190417_normal/KayakCanoeLaunch_20190417_5.csv,name,name,1
NYC Agencies and Governance Organizations_normal/NYC Agencies and Governance Organizations_1.csv,NYC Agencies and Governance Organizations_normal/NYC Agencies and Governance Organizations_2.csv,record_id,record_id,1
NYC Agencies and Governance Organizations_normal/NYC Agencies and Governance Organizations_1.csv,NYC Agencies and Governance Organizations_normal/NYC Agencies and Governance Organizations_3.csv,name,name,1
NYC Agencies and Governance Organizations_normal/NYC Agencies and Governance Organizations_1.csv,NYC Agencies and Governance Organizations_normal/NYC Agencies and Governance Organizations_4.csv,name_alphabetized,name_alphabetized,1
NYC Agencies and Governance Organizations_normal/NYC Agencies and Governance Organizations_2.csv,NYC Agencies and Governance Organizations_normal/NYC Agencies and Governance Organizations_5.csv,url,url,1
NYC Agencies and Governance Organizations_normal/NYC Agencies and Governance Organizations_3.csv,NYC Agencies and Governance Organizations_normal/NYC Agencies and Governance Organizations_6.csv,principal_officer_full_name,principal_officer_full_name,1
2012-2013 Young Adult Borough Centers_normal/2012-2013 Young Adult Borough Centers_1.csv,2012-2013 Young Adult Borough Centers_normal/2012-2013 Young Adult Borough Centers_2.csv,location,location,1
2012-2013 Young Adult Borough Centers_normal/2012-2013 Young Adult Borough Centers_1.csv,2012-2013 Young Adult Borough Centers_normal/2012-2013 Young Adult Borough Centers_3.csv,site_administrator,site_administrator,1
2012-2013 Young Adult Borough Centers_normal/2012-2013 Young Adult Borough Centers_1.csv,2012-2013 Young Adult Borough Centers_normal/2012-2013 Young Adult Borough Centers_4.csv,phone_number,phone_number,1
2012-2013 Young Adult Borough Centers_normal/2012-2013 Young Adult Borough Centers_2.csv,2012-2013 Young Adult Borough Centers_normal/2012-2013 Young Adult Borough Centers_5.csv,location_1,location_1,1
2012-2013 Young Adult Borough Centers_normal/2012-2013 Young Adult Borough Centers_2.csv,2012-2013 Young Adult Borough Centers_normal/2012-2013 Young Adult Borough Centers_6.csv,postcode,postcode,1
Cool It! NYC 2020 - Spray Showers_normal/Cool It! NYC 2020 - Spray Showers_1.csv,Cool It! NYC 2020 - Spray Showers_normal/Cool It! NYC 2020 - Spray Showers_2.csv,x,x,1
Cool It! NYC 2020 - Spray Showers_normal/Cool It! NYC 2020 - Spray Showers_1.csv,Cool It! NYC 2020 - Spray Showers_normal/Cool It! NYC 2020 - Spray Showers_3.csv,y,y,1
Cool It! NYC 2020 - Spray Showers_normal/Cool It! NYC 2020 - Spray Showers_2.csv,Cool It! NYC 2020 - Spray Showers_normal/Cool It! NYC 2020 - Spray Showers_5.csv,omppropid,omppropid,1
Cool It! NYC 2020 - Spray Showers_normal/Cool It! NYC 2020 - Spray Showers_2.csv,Cool It! NYC 2020 - Spray Showers_normal/Cool It! NYC 2020 - Spray Showers_6.csv,subpropertyname,subpropertyname,1
DOB Certificate Of Occupancy_normal/DOB Certificate Of Occupancy_1.csv,DOB Certificate Of Occupancy_normal/DOB Certificate Of Occupancy_2.csv,job_number,job_number,1
DOB Certificate Of Occupancy_normal/DOB Certificate Of Occupancy_1.csv,DOB Certificate Of Occupancy_normal/DOB Certificate Of Occupancy_3.csv,bin_number,bin_number,1
DOB Certificate Of Occupancy_normal/DOB Certificate Of Occupancy_2.csv,DOB Certificate Of Occupancy_normal/DOB Certificate Of Occupancy_4.csv,location,location,1
DOB Certificate Of Occupancy_normal/DOB Certificate Of Occupancy_4.csv,DOB Certificate Of Occupancy_normal/DOB Certificate Of Occupancy_5.csv,latitude-council_district,latitude,1
DOB Certificate Of Occupancy_normal/DOB Certificate Of Occupancy_4.csv,DOB Certificate Of Occupancy_normal/DOB Certificate Of Occupancy_5.csv,longitude,longitude,1
2017-2018 EMS Transports Final 6 Months_normal/2017-2018 EMS Transports Final 6 Months_1.csv,2017-2018 EMS Transports Final 6 Months_normal/2017-2018 EMS Transports Final 6 Months_2.csv,admin_district-june_transports,admin_district,1
2017-2018 EMS Transports Final 6 Months_normal/2017-2018 EMS Transports Final 6 Months_1.csv,2017-2018 EMS Transports Final 6 Months_normal/2017-2018 EMS Transports Final 6 Months_3.csv,may_transports,may_transports,1
2017-2018 EMS Transports Final 6 Months_normal/2017-2018 EMS Transports Final 6 Months_1.csv,2017-2018 EMS Transports Final 6 Months_normal/2017-2018 EMS Transports Final 6 Months_4.csv,march_transports,march_transports,1
2017-2018 EMS Transports Final 6 Months_normal/2017-2018 EMS Transports Final 6 Months_2.csv,2017-2018 EMS Transports Final 6 Months_normal/2017-2018 EMS Transports Final 6 Months_5.csv,april_transports,april_transports,1
DOF： Condominium Comparable Rental Income – Staten Island – FY 2008 2009_normal/DOF： Condominium Comparable Rental Income – Staten Island – FY 2008 2009_1.csv,DOF： Condominium Comparable Rental Income – Staten Island – FY 2008 2009_normal/DOF： Condominium Comparable Rental Income – Staten Island – FY 2008 2009_2.csv,staten_island_condominium_property_condo_section,staten_island_condominium_property_condo_section,1
DOF： Condominium Comparable Rental Income – Staten Island – FY 2008 2009_normal/DOF： Condominium Comparable Rental Income – Staten Island – FY 2008 2009_1.csv,DOF： Condominium Comparable Rental Income – Staten Island – FY 2008 2009_normal/DOF： Condominium Comparable Rental Income – Staten Island – FY 2008 2009_3.csv,staten_island_condominium_property_address,staten_island_condominium_property_address,1
DOF： Condominium Comparable Rental Income – Staten Island – FY 2008 2009_normal/DOF： Condominium Comparable Rental Income – Staten Island – FY 2008 2009_1.csv,DOF： Condominium Comparable Rental Income – Staten Island – FY 2008 2009_normal/DOF： Condominium Comparable Rental Income – Staten Island – FY 2008 2009_4.csv,staten_island_condominium_property_full_market_value,staten_island_condominium_property_full_market_value,1
DOF： Condominium Comparable Rental Income – Staten Island – FY 2008 2009_normal/DOF： Condominium Comparable Rental Income – Staten Island – FY 2008 2009_2.csv,DOF： Condominium Comparable Rental Income – Staten Island – FY 2008 2009_normal/DOF： Condominium Comparable Rental Income – Staten Island – FY 2008 2009_5.csv,bin,bin,1
DOF： Condominium Comparable Rental Income – Staten Island – FY 2008 2009_normal/DOF： Condominium Comparable Rental Income – Staten Island – FY 2008 2009_2.csv,DOF： Condominium Comparable Rental Income – Staten Island – FY 2008 2009_normal/DOF： Condominium Comparable Rental Income – Staten Island – FY 2008 2009_6.csv,latitude,latitude,1
DOF： Condominium Comparable Rental Income – Staten Island – FY 2008 2009_normal/DOF： Condominium Comparable Rental Income – Staten Island – FY 2008 2009_2.csv,DOF： Condominium Comparable Rental Income – Staten Island – FY 2008 2009_normal/DOF： Condominium Comparable Rental Income – Staten Island – FY 2008 2009_6.csv,longitude,longitude,1
Wastewater Co-digestion and Biogas-to-grid Performance Indicators_normal/Wastewater Co-digestion and Biogas-to-grid Performance Indicators_1.csv,Wastewater Co-digestion and Biogas-to-grid Performance Indicators_normal/Wastewater Co-digestion and Biogas-to-grid Performance Indicators_2.csv,sludge_digested_wet_tons,sludge_digested_wet_tons,1
Wastewater Co-digestion and Biogas-to-grid Performance Indicators_normal/Wastewater Co-digestion and Biogas-to-grid Performance Indicators_1.csv,Wastewater Co-digestion and Biogas-to-grid Performance Indicators_normal/Wastewater Co-digestion and Biogas-to-grid Performance Indicators_3.csv,food_scraps_digested_wet,food_scraps_digested_wet,1
Wastewater Co-digestion and Biogas-to-grid Performance Indicators_normal/Wastewater Co-digestion and Biogas-to-grid Performance Indicators_2.csv,Wastewater Co-digestion and Biogas-to-grid Performance Indicators_normal/Wastewater Co-digestion and Biogas-to-grid Performance Indicators_4.csv,rng_production_mmbtu,rng_production_mmbtu,1
Wastewater Co-digestion and Biogas-to-grid Performance Indicators_normal/Wastewater Co-digestion and Biogas-to-grid Performance Indicators_4.csv,Wastewater Co-digestion and Biogas-to-grid Performance Indicators_normal/Wastewater Co-digestion and Biogas-to-grid Performance Indicators_5.csv,flared_biogas_mscf,flared_biogas_mscf,1
NYC Honorary Street Names Map (Intersection)_normal/NYC Honorary Street Names Map (Intersection)_1.csv,NYC Honorary Street Names Map (Intersection)_normal/NYC Honorary Street Names Map (Intersection)_2.csv,coordinates,coordinates,1
NYC Honorary Street Names Map (Intersection)_normal/NYC Honorary Street Names Map (Intersection)_1.csv,NYC Honorary Street Names Map (Intersection)_normal/NYC Honorary Street Names Map (Intersection)_3.csv,new_name,new_name,1
NYC Honorary Street Names Map (Intersection)_normal/NYC Honorary Street Names Map (Intersection)_1.csv,NYC Honorary Street Names Map (Intersection)_normal/NYC Honorary Street Names Map (Intersection)_4.csv,limits,limits,1
Digital Tax Map： Condominiums_normal/Digital Tax Map： Condominiums_1.csv,Digital Tax Map： Condominiums_normal/Digital Tax Map： Condominiums_2.csv,condo_base_bbl,condo_base_bbl,1
Digital Tax Map： Condominiums_normal/Digital Tax Map： Condominiums_1.csv,Digital Tax Map： Condominiums_normal/Digital Tax Map： Condominiums_3.csv,condo_base_bbl_key,condo_base_bbl_key,1
Digital Tax Map： Condominiums_normal/Digital Tax Map： Condominiums_2.csv,Digital Tax Map： Condominiums_normal/Digital Tax Map： Condominiums_4.csv,condo_billing_bbl,condo_billing_bbl,1
Digital Tax Map： Condominiums_normal/Digital Tax Map： Condominiums_4.csv,Digital Tax Map： Condominiums_normal/Digital Tax Map： Condominiums_5.csv,condo_key,condo_key,1
2017 - 2018 Diversity Report K-8 District_normal/2017 - 2018 Diversity Report K-8 District_1.csv,2017 - 2018 Diversity Report K-8 District_normal/2017 - 2018 Diversity Report K-8 District_2.csv,total_enrollment,total_enrollment,1
2017 - 2018 Diversity Report K-8 District_normal/2017 - 2018 Diversity Report K-8 District_1.csv,2017 - 2018 Diversity Report K-8 District_normal/2017 - 2018 Diversity Report K-8 District_3.csv,hispanic,hispanic,1
2017 - 2018 Diversity Report K-8 District_normal/2017 - 2018 Diversity Report K-8 District_2.csv,2017 - 2018 Diversity Report K-8 District_normal/2017 - 2018 Diversity Report K-8 District_4.csv,ela_test_takers,ela_test_takers,1
2017 - 2018 Diversity Report K-8 District_normal/2017 - 2018 Diversity Report K-8 District_4.csv,2017 - 2018 Diversity Report K-8 District_normal/2017 - 2018 Diversity Report K-8 District_5.csv,male,male,1
Office of The Comptroller： NYC Employee Retirement System (NYCERS) Holdings Data_normal/Office of The Comptroller： NYC Employee Retirement System (NYCERS) Holdings Data_1.csv,Office of The Comptroller： NYC Employee Retirement System (NYCERS) Holdings Data_normal/Office of The Comptroller： NYC Employee Retirement System (NYCERS) Holdings Data_2.csv,base_unrealized_gain_loss,base_unrealized_gain_loss,1
Office of The Comptroller： NYC Employee Retirement System (NYCERS) Holdings Data_normal/Office of The Comptroller： NYC Employee Retirement System (NYCERS) Holdings Data_1.csv,Office of The Comptroller： NYC Employee Retirement System (NYCERS) Holdings Data_normal/Office of The Comptroller： NYC Employee Retirement System (NYCERS) Holdings Data_3.csv,local_unrealized_gain_loss,local_unrealized_gain_loss,1
Office of The Comptroller： NYC Employee Retirement System (NYCERS) Holdings Data_normal/Office of The Comptroller： NYC Employee Retirement System (NYCERS) Holdings Data_1.csv,Office of The Comptroller： NYC Employee Retirement System (NYCERS) Holdings Data_normal/Office of The Comptroller： NYC Employee Retirement System (NYCERS) Holdings Data_4.csv,base_market_value,base_market_value,1
Office of The Comptroller： NYC Employee Retirement System (NYCERS) Holdings Data_normal/Office of The Comptroller： NYC Employee Retirement System (NYCERS) Holdings Data_2.csv,Office of The Comptroller： NYC Employee Retirement System (NYCERS) Holdings Data_normal/Office of The Comptroller： NYC Employee Retirement System (NYCERS) Holdings Data_5.csv,local_market_value,local_market_value,1
NYC Citywide Annualized Calendar Sales Update_normal/NYC Citywide Annualized Calendar Sales Update_1.csv,NYC Citywide Annualized Calendar Sales Update_normal/NYC Citywide Annualized Calendar Sales Update_2.csv,address,address,1
NYC Citywide Annualized Calendar Sales Update_normal/NYC Citywide Annualized Calendar Sales Update_1.csv,NYC Citywide Annualized Calendar Sales Update_normal/NYC Citywide Annualized Calendar Sales Update_3.csv,latitude,latitude,1
NYC Citywide Annualized Calendar Sales Update_normal/NYC Citywide Annualized Calendar Sales Update_1.csv,NYC Citywide Annualized Calendar Sales Update_normal/NYC Citywide Annualized Calendar Sales Update_3.csv,longitude,longitude,1
NYC Citywide Annualized Calendar Sales Update_normal/NYC Citywide Annualized Calendar Sales Update_1.csv,NYC Citywide Annualized Calendar Sales Update_normal/NYC Citywide Annualized Calendar Sales Update_4.csv,bbl,bbl,1
NYC Citywide Annualized Calendar Sales Update_normal/NYC Citywide Annualized Calendar Sales Update_2.csv,NYC Citywide Annualized Calendar Sales Update_normal/NYC Citywide Annualized Calendar Sales Update_5.csv,bin,bin,1
NYC Citywide Annualized Calendar Sales Update_normal/NYC Citywide Annualized Calendar Sales Update_2.csv,NYC Citywide Annualized Calendar Sales Update_normal/NYC Citywide Annualized Calendar Sales Update_6.csv,block,block,1
Evictions_normal/Evictions_1.csv,Evictions_normal/Evictions_2.csv,court_index_number,court_index_number,1
Evictions_normal/Evictions_1.csv,Evictions_normal/Evictions_3.csv,docket_number,docket_number,1
Evictions_normal/Evictions_1.csv,Evictions_normal/Evictions_4.csv,eviction_address,eviction_address,1
Evictions_normal/Evictions_1.csv,Evictions_normal/Evictions_5.csv,latitude,latitude,1
Evictions_normal/Evictions_1.csv,Evictions_normal/Evictions_5.csv,longitude,longitude,1
Evictions_normal/Evictions_1.csv,Evictions_normal/Evictions_6.csv,bin,bin,1
Evictions_normal/Evictions_1.csv,Evictions_normal/Evictions_7.csv,bbl,bbl,1
Evictions_normal/Evictions_1.csv,Evictions_normal/Evictions_8.csv,executed_date,executed_date,1
Housing Database by 2020 NTA_normal/Housing Database by 2020 NTA_1.csv,Housing Database by 2020 NTA_normal/Housing Database by 2020 NTA_2.csv,the_geom,the_geom,1
Housing Database by 2020 NTA_normal/Housing Database by 2020 NTA_1.csv,Housing Database by 2020 NTA_normal/Housing Database by 2020 NTA_3.csv,nta2010,nta2010,1
Housing Database by 2020 NTA_normal/Housing Database by 2020 NTA_1.csv,Housing Database by 2020 NTA_normal/Housing Database by 2020 NTA_4.csv,ntaname2010,ntaname2010,1
Housing Database by 2020 NTA_normal/Housing Database by 2020 NTA_2.csv,Housing Database by 2020 NTA_normal/Housing Database by 2020 NTA_5.csv,shape_area,shape_area,1
NYCDCP_Manhattan_Bike_Counts_normal/NYCDCP_Manhattan_Bike_Counts_1.csv,NYCDCP_Manhattan_Bike_Counts_normal/NYCDCP_Manhattan_Bike_Counts_2.csv,location_id,location_id,1
NYCDCP_Manhattan_Bike_Counts_normal/NYCDCP_Manhattan_Bike_Counts_1.csv,NYCDCP_Manhattan_Bike_Counts_normal/NYCDCP_Manhattan_Bike_Counts_3.csv,the_geom,the_geom,1
VZV_SIP Intersections_normal/VZV_SIP Intersections_1.csv,VZV_SIP Intersections_normal/VZV_SIP Intersections_2.csv,pjct_name,pjct_name,1
VZV_SIP Intersections_normal/VZV_SIP Intersections_1.csv,VZV_SIP Intersections_normal/VZV_SIP Intersections_3.csv,the_geom,the_geom,1
VZV_SIP Intersections_normal/VZV_SIP Intersections_2.csv,VZV_SIP Intersections_normal/VZV_SIP Intersections_4.csv,long,long,1
VZV_SIP Intersections_normal/VZV_SIP Intersections_4.csv,VZV_SIP Intersections_normal/VZV_SIP Intersections_5.csv,lat,lat,1
Order to Repair Vacate Orders_normal/Order to Repair Vacate Orders_1.csv,Order to Repair Vacate Orders_normal/Order to Repair Vacate Orders_2.csv,vacate_order_number,vacate_order_number,1
Order to Repair Vacate Orders_normal/Order to Repair Vacate Orders_1.csv,Order to Repair Vacate Orders_normal/Order to Repair Vacate Orders_3.csv,building_id,building_id,1
Order to Repair Vacate Orders_normal/Order to Repair Vacate Orders_1.csv,Order to Repair Vacate Orders_normal/Order to Repair Vacate Orders_4.csv,latitude,latitude,1
Order to Repair Vacate Orders_normal/Order to Repair Vacate Orders_1.csv,Order to Repair Vacate Orders_normal/Order to Repair Vacate Orders_4.csv,longitude,longitude,1
Order to Repair Vacate Orders_normal/Order to Repair Vacate Orders_2.csv,Order to Repair Vacate Orders_normal/Order to Repair Vacate Orders_5.csv,bbl,bbl,1
NYC Community Boards_normal/NYC Community Boards_1.csv,NYC Community Boards_normal/NYC Community Boards_2.csv,neighborhoods,neighborhoods,1
NYC Community Boards_normal/NYC Community Boards_1.csv,NYC Community Boards_normal/NYC Community Boards_3.csv,cb_office_address,cb_office_address,1
NYC Community Boards_normal/NYC Community Boards_1.csv,NYC Community Boards_normal/NYC Community Boards_4.csv,cb_office_phone,cb_office_phone,1
NYC Community Boards_normal/NYC Community Boards_1.csv,NYC Community Boards_normal/NYC Community Boards_5.csv,cb_chair,cb_chair,1
NYC Community Boards_normal/NYC Community Boards_2.csv,NYC Community Boards_normal/NYC Community Boards_6.csv,cb_precinct_s,cb_precinct_s,1
NYC DOT Pedestrian Plazas_normal/NYC DOT Pedestrian Plazas_1.csv,NYC DOT Pedestrian Plazas_normal/NYC DOT Pedestrian Plazas_2.csv,the_geom,the_geom,1
NYC DOT Pedestrian Plazas_normal/NYC DOT Pedestrian Plazas_1.csv,NYC DOT Pedestrian Plazas_normal/NYC DOT Pedestrian Plazas_3.csv,objectid,objectid,1
NYC DOT Pedestrian Plazas_normal/NYC DOT Pedestrian Plazas_1.csv,NYC DOT Pedestrian Plazas_normal/NYC DOT Pedestrian Plazas_4.csv,plazaname,plazaname,1
NYC DOT Pedestrian Plazas_normal/NYC DOT Pedestrian Plazas_1.csv,NYC DOT Pedestrian Plazas_normal/NYC DOT Pedestrian Plazas_5.csv,shape_leng,shape_leng,1
NYC DOT Pedestrian Plazas_normal/NYC DOT Pedestrian Plazas_2.csv,NYC DOT Pedestrian Plazas_normal/NYC DOT Pedestrian Plazas_6.csv,shape_area,shape_area,1
Position Schedule_normal/Position Schedule_1.csv,Position Schedule_normal/Position Schedule_2.csv,annual_rate,annual_rate,1
Position Schedule_normal/Position Schedule_1.csv,Position Schedule_normal/Position Schedule_3.csv,mean_salary,mean_salary,1
Position Schedule_normal/Position Schedule_2.csv,Position Schedule_normal/Position Schedule_4.csv,maxmum_salary,maxmum_salary,1
Position Schedule_normal/Position Schedule_4.csv,Position Schedule_normal/Position Schedule_5.csv,minmum_salary,minmum_salary,1
GED Plus Locations_normal/GED Plus Locations_1.csv,GED Plus Locations_normal/GED Plus Locations_2.csv,program_site_name,program_site_name,1
GED Plus Locations_normal/GED Plus Locations_1.csv,GED Plus Locations_normal/GED Plus Locations_3.csv,address,address,1
GED Plus Locations_normal/GED Plus Locations_1.csv,GED Plus Locations_normal/GED Plus Locations_4.csv,contact_number,contact_number,1
GED Plus Locations_normal/GED Plus Locations_1.csv,GED Plus Locations_normal/GED Plus Locations_5.csv,latitude-community_council,latitude,1
GED Plus Locations_normal/GED Plus Locations_1.csv,GED Plus Locations_normal/GED Plus Locations_5.csv,longitude,longitude,1
GED Plus Locations_normal/GED Plus Locations_2.csv,GED Plus Locations_normal/GED Plus Locations_6.csv,bin,bin,1
GED Plus Locations_normal/GED Plus Locations_3.csv,GED Plus Locations_normal/GED Plus Locations_7.csv,bbl,bbl,1
Work Order Management Module_normal/Work Order Management Module_1.csv,Work Order Management Module_normal/Work Order Management Module_2.csv,workorder_number,workorder_number,1
Work Order Management Module_normal/Work Order Management Module_1.csv,Work Order Management Module_normal/Work Order Management Module_3.csv,workorder_added,workorder_added,1
Work Order Management Module_normal/Work Order Management Module_2.csv,Work Order Management Module_normal/Work Order Management Module_4.csv,svc_request_number,svc_request_number,1
Work Order Management Module_normal/Work Order Management Module_4.csv,Work Order Management Module_normal/Work Order Management Module_5.csv,workorder_completed,workorder_completed,1
Civil Service List Certification_normal/Civil Service List Certification_1.csv,Civil Service List Certification_normal/Civil Service List Certification_2.csv,list_no,list_no,1
Civil Service List Certification_normal/Civil Service List Certification_1.csv,Civil Service List Certification_normal/Civil Service List Certification_3.csv,last_name,last_name,1
Civil Service List Certification_normal/Civil Service List Certification_1.csv,Civil Service List Certification_normal/Civil Service List Certification_4.csv,first_name,first_name,1
Civil Service List Certification_normal/Civil Service List Certification_2.csv,Civil Service List Certification_normal/Civil Service List Certification_5.csv,cert_seq_no,cert_seq_no,1
NYC DOT Pedestrian Plazas (Point Feature)_normal/NYC DOT Pedestrian Plazas (Point Feature)_1.csv,NYC DOT Pedestrian Plazas (Point Feature)_normal/NYC DOT Pedestrian Plazas (Point Feature)_2.csv,the_geom,the_geom,1
NYC DOT Pedestrian Plazas (Point Feature)_normal/NYC DOT Pedestrian Plazas (Point Feature)_1.csv,NYC DOT Pedestrian Plazas (Point Feature)_normal/NYC DOT Pedestrian Plazas (Point Feature)_3.csv,plazaname,plazaname,1
NYC DOT Pedestrian Plazas (Point Feature)_normal/NYC DOT Pedestrian Plazas (Point Feature)_1.csv,NYC DOT Pedestrian Plazas (Point Feature)_normal/NYC DOT Pedestrian Plazas (Point Feature)_4.csv,point_x,point_x,1
NYC DOT Pedestrian Plazas (Point Feature)_normal/NYC DOT Pedestrian Plazas (Point Feature)_2.csv,NYC DOT Pedestrian Plazas (Point Feature)_normal/NYC DOT Pedestrian Plazas (Point Feature)_5.csv,point_y,point_y,1
NYC DOT Pedestrian Plazas (Point Feature)_normal/NYC DOT Pedestrian Plazas (Point Feature)_2.csv,NYC DOT Pedestrian Plazas (Point Feature)_normal/NYC DOT Pedestrian Plazas (Point Feature)_6.csv,fromstreet,fromstreet,1
NYCDCP Manhattan Bike Counts - Off Street_normal/NYCDCP Manhattan Bike Counts - Off Street_1.csv,NYCDCP Manhattan Bike Counts - Off Street_normal/NYCDCP Manhattan Bike Counts - Off Street_2.csv,jogger,jogger,1
NYCDCP Manhattan Bike Counts - Off Street_normal/NYCDCP Manhattan Bike Counts - Off Street_1.csv,NYCDCP Manhattan Bike Counts - Off Street_normal/NYCDCP Manhattan Bike Counts - Off Street_3.csv,alluservolume,alluservolume,1
NYCDCP Manhattan Bike Counts - Off Street_normal/NYCDCP Manhattan Bike Counts - Off Street_1.csv,NYCDCP Manhattan Bike Counts - Off Street_normal/NYCDCP Manhattan Bike Counts - Off Street_4.csv,walker,walker,1
NYCDCP Manhattan Bike Counts - Off Street_normal/NYCDCP Manhattan Bike Counts - Off Street_2.csv,NYCDCP Manhattan Bike Counts - Off Street_normal/NYCDCP Manhattan Bike Counts - Off Street_5.csv,cyc_helmet_greenwy,cyc_helmet_greenwy,1
NYCDCP Manhattan Bike Counts - Off Street_normal/NYCDCP Manhattan Bike Counts - Off Street_5.csv,NYCDCP Manhattan Bike Counts - Off Street_normal/NYCDCP Manhattan Bike Counts - Off Street_6.csv,cyclists_all,cyclists_all,1
Speculation Watch List_normal/Speculation Watch List_1.csv,Speculation Watch List_normal/Speculation Watch List_2.csv,bbl,bbl,1
Speculation Watch List_normal/Speculation Watch List_1.csv,Speculation Watch List_normal/Speculation Watch List_3.csv,geocoded_column,geocoded_column,1
Speculation Watch List_normal/Speculation Watch List_1.csv,Speculation Watch List_normal/Speculation Watch List_4.csv,crfn,crfn,1
Speculation Watch List_normal/Speculation Watch List_2.csv,Speculation Watch List_normal/Speculation Watch List_5.csv,grantee,grantee,1
Speculation Watch List_normal/Speculation Watch List_3.csv,Speculation Watch List_normal/Speculation Watch List_6.csv,latitude,latitude,1
Speculation Watch List_normal/Speculation Watch List_3.csv,Speculation Watch List_normal/Speculation Watch List_6.csv,longitude,longitude,1
Speculation Watch List_normal/Speculation Watch List_6.csv,Speculation Watch List_normal/Speculation Watch List_7.csv,bin,bin,1
LinkNYC New Site Permit Applications_normal/LinkNYC New Site Permit Applications_1.csv,LinkNYC New Site Permit Applications_normal/LinkNYC New Site Permit Applications_2.csv,site_id,site_id,1
LinkNYC New Site Permit Applications_normal/LinkNYC New Site Permit Applications_1.csv,LinkNYC New Site Permit Applications_normal/LinkNYC New Site Permit Applications_3.csv,street_address,street_address,1
LinkNYC New Site Permit Applications_normal/LinkNYC New Site Permit Applications_1.csv,LinkNYC New Site Permit Applications_normal/LinkNYC New Site Permit Applications_4.csv,location2,location2,1
LinkNYC New Site Permit Applications_normal/LinkNYC New Site Permit Applications_2.csv,LinkNYC New Site Permit Applications_normal/LinkNYC New Site Permit Applications_5.csv,latitude,latitude,1
LinkNYC New Site Permit Applications_normal/LinkNYC New Site Permit Applications_2.csv,LinkNYC New Site Permit Applications_normal/LinkNYC New Site Permit Applications_5.csv,longitude,longitude,1
LinkNYC New Site Permit Applications_normal/LinkNYC New Site Permit Applications_2.csv,LinkNYC New Site Permit Applications_normal/LinkNYC New Site Permit Applications_6.csv,cross_street_1,cross_street_1,1
2015 - 2016 Arts Report_normal/2015 - 2016 Arts Report_1.csv,2015 - 2016 Arts Report_normal/2015 - 2016 Arts Report_2.csv,community_school_district,community_school_district,1
2015 - 2016 Arts Report_normal/2015 - 2016 Arts Report_1.csv,2015 - 2016 Arts Report_normal/2015 - 2016 Arts Report_3.csv,of_graduates,of_graduates,1
2015 - 2016 Arts Report_normal/2015 - 2016 Arts Report_1.csv,2015 - 2016 Arts Report_normal/2015 - 2016 Arts Report_4.csv,of_graduates_that_completed,of_graduates_that_completed,1
2015 - 2016 Arts Report_normal/2015 - 2016 Arts Report_1.csv,2015 - 2016 Arts Report_normal/2015 - 2016 Arts Report_5.csv,of_8th_grade_students,of_8th_grade_students,1
2015 - 2016 Arts Report_normal/2015 - 2016 Arts Report_2.csv,2015 - 2016 Arts Report_normal/2015 - 2016 Arts Report_6.csv,of_8th_grade_students_that,of_8th_grade_students_that,1
2015 - 2016 Arts Report_normal/2015 - 2016 Arts Report_2.csv,2015 - 2016 Arts Report_normal/2015 - 2016 Arts Report_7.csv,of_8th_grade_students_that_2,of_8th_grade_students_that_2,1
2015 - 2016 Arts Report_normal/2015 - 2016 Arts Report_6.csv,2015 - 2016 Arts Report_normal/2015 - 2016 Arts Report_8.csv,of_8th_grade_students_that_3,of_8th_grade_students_that_3,1
2015-16 Guidance Counselor Reporting - Demographic Data_normal/2015-16 Guidance Counselor Reporting - Demographic Data_1.csv,2015-16 Guidance Counselor Reporting - Demographic Data_normal/2015-16 Guidance Counselor Reporting - Demographic Data_2.csv,dbn,dbn,1
2015-16 Guidance Counselor Reporting - Demographic Data_normal/2015-16 Guidance Counselor Reporting - Demographic Data_1.csv,2015-16 Guidance Counselor Reporting - Demographic Data_normal/2015-16 Guidance Counselor Reporting - Demographic Data_3.csv,school_name,school_name,1
2015-16 Guidance Counselor Reporting - Demographic Data_normal/2015-16 Guidance Counselor Reporting - Demographic Data_2.csv,2015-16 Guidance Counselor Reporting - Demographic Data_normal/2015-16 Guidance Counselor Reporting - Demographic Data_4.csv,black,black,1
2015-16 Guidance Counselor Reporting - Demographic Data_normal/2015-16 Guidance Counselor Reporting - Demographic Data_4.csv,2015-16 Guidance Counselor Reporting - Demographic Data_normal/2015-16 Guidance Counselor Reporting - Demographic Data_5.csv,hispanic,hispanic,1
Police- Community Relations Awards 2016_normal/Police- Community Relations Awards 2016_1.csv,Police- Community Relations Awards 2016_normal/Police- Community Relations Awards 2016_2.csv,organization,organization,1
Police- Community Relations Awards 2016_normal/Police- Community Relations Awards 2016_1.csv,Police- Community Relations Awards 2016_normal/Police- Community Relations Awards 2016_3.csv,project_title,project_title,1
Police- Community Relations Awards 2016_normal/Police- Community Relations Awards 2016_1.csv,Police- Community Relations Awards 2016_normal/Police- Community Relations Awards 2016_4.csv,project_address,project_address,1
Police- Community Relations Awards 2016_normal/Police- Community Relations Awards 2016_2.csv,Police- Community Relations Awards 2016_normal/Police- Community Relations Awards 2016_5.csv,postcode,postcode,1
Bedbug Reporting_normal/Bedbug Reporting_1.csv,Bedbug Reporting_normal/Bedbug Reporting_2.csv,building_id,building_id,1
Bedbug Reporting_normal/Bedbug Reporting_1.csv,Bedbug Reporting_normal/Bedbug Reporting_3.csv,registration_id,registration_id,1
Bedbug Reporting_normal/Bedbug Reporting_1.csv,Bedbug Reporting_normal/Bedbug Reporting_4.csv,bin,bin,1
Bedbug Reporting_normal/Bedbug Reporting_1.csv,Bedbug Reporting_normal/Bedbug Reporting_5.csv,latitude,latitude-re_infested_dwelling_unit,1
Bedbug Reporting_normal/Bedbug Reporting_1.csv,Bedbug Reporting_normal/Bedbug Reporting_5.csv,longitude,longitude,1
Taxi and  For Hire Vehicle (FHV) Relief Stands_normal/Taxi and  For Hire Vehicle (FHV) Relief Stands_1.csv,Taxi and  For Hire Vehicle (FHV) Relief Stands_normal/Taxi and  For Hire Vehicle (FHV) Relief Stands_2.csv,the_geom,the_geom,1
Taxi and  For Hire Vehicle (FHV) Relief Stands_normal/Taxi and  For Hire Vehicle (FHV) Relief Stands_1.csv,Taxi and  For Hire Vehicle (FHV) Relief Stands_normal/Taxi and  For Hire Vehicle (FHV) Relief Stands_3.csv,shape_stle,shape_stle,1
Taxi and  For Hire Vehicle (FHV) Relief Stands_normal/Taxi and  For Hire Vehicle (FHV) Relief Stands_2.csv,Taxi and  For Hire Vehicle (FHV) Relief Stands_normal/Taxi and  For Hire Vehicle (FHV) Relief Stands_4.csv,on_street,on_street,1
Taxi and  For Hire Vehicle (FHV) Relief Stands_normal/Taxi and  For Hire Vehicle (FHV) Relief Stands_4.csv,Taxi and  For Hire Vehicle (FHV) Relief Stands_normal/Taxi and  For Hire Vehicle (FHV) Relief Stands_5.csv,to_street,to_street,1
City Council Legislation： Bills and Local Laws_normal/City Council Legislation： Bills and Local Laws_1.csv,City Council Legislation： Bills and Local Laws_normal/City Council Legislation： Bills and Local Laws_2.csv,matter_id,matter_id,1
City Council Legislation： Bills and Local Laws_normal/City Council Legislation： Bills and Local Laws_1.csv,City Council Legislation： Bills and Local Laws_normal/City Council Legislation： Bills and Local Laws_3.csv,file_num,file_num,1
City Council Legislation： Bills and Local Laws_normal/City Council Legislation： Bills and Local Laws_1.csv,City Council Legislation： Bills and Local Laws_normal/City Council Legislation： Bills and Local Laws_4.csv,name,name,1
City Council Legislation： Bills and Local Laws_normal/City Council Legislation： Bills and Local Laws_2.csv,City Council Legislation： Bills and Local Laws_normal/City Council Legislation： Bills and Local Laws_5.csv,title,title,1
City Council Legislation： Bills and Local Laws_normal/City Council Legislation： Bills and Local Laws_3.csv,City Council Legislation： Bills and Local Laws_normal/City Council Legislation： Bills and Local Laws_6.csv,summary,summary,1
City Council Legislation： Bills and Local Laws_normal/City Council Legislation： Bills and Local Laws_4.csv,City Council Legislation： Bills and Local Laws_normal/City Council Legislation： Bills and Local Laws_7.csv,modified_date-law_number,modified_date,1
FY 2017 PMMR Data Extract_normal/FY 2017 PMMR Data Extract_1.csv,FY 2017 PMMR Data Extract_normal/FY 2017 PMMR Data Extract_2.csv,performance_indicator,performance_indicator,1
FY 2017 PMMR Data Extract_normal/FY 2017 PMMR Data Extract_1.csv,FY 2017 PMMR Data Extract_normal/FY 2017 PMMR Data Extract_3.csv,actual_fy16,actual_fy16,1
FY 2017 PMMR Data Extract_normal/FY 2017 PMMR Data Extract_1.csv,FY 2017 PMMR Data Extract_normal/FY 2017 PMMR Data Extract_4.csv,actual_fy15,actual_fy15,1
FY 2017 PMMR Data Extract_normal/FY 2017 PMMR Data Extract_2.csv,FY 2017 PMMR Data Extract_normal/FY 2017 PMMR Data Extract_5.csv,actual_fy14,actual_fy14,1
VZV_Priority Intersections_normal/VZV_Priority Intersections_1.csv,VZV_Priority Intersections_normal/VZV_Priority Intersections_2.csv,the_geom,the_geom,1
VZV_Priority Intersections_normal/VZV_Priority Intersections_1.csv,VZV_Priority Intersections_normal/VZV_Priority Intersections_3.csv,long,long,1
"DOF： Summary of Neighborhood Sales Citywide for Class 1-, 2- and 3-Family homes - 2008_normal/DOF： Summary of Neighborhood Sales Citywide for Class 1-, 2- and 3-Family homes - 2008_1.csv","DOF： Summary of Neighborhood Sales Citywide for Class 1-, 2- and 3-Family homes - 2008_normal/DOF： Summary of Neighborhood Sales Citywide for Class 1-, 2- and 3-Family homes - 2008_2.csv",_number_of_sales_,_number_of_sales_,1
"DOF： Summary of Neighborhood Sales Citywide for Class 1-, 2- and 3-Family homes - 2008_normal/DOF： Summary of Neighborhood Sales Citywide for Class 1-, 2- and 3-Family homes - 2008_1.csv","DOF： Summary of Neighborhood Sales Citywide for Class 1-, 2- and 3-Family homes - 2008_normal/DOF： Summary of Neighborhood Sales Citywide for Class 1-, 2- and 3-Family homes - 2008_3.csv",_average_sale_price_,_average_sale_price_,1
"DOF： Summary of Neighborhood Sales Citywide for Class 1-, 2- and 3-Family homes - 2008_normal/DOF： Summary of Neighborhood Sales Citywide for Class 1-, 2- and 3-Family homes - 2008_2.csv","DOF： Summary of Neighborhood Sales Citywide for Class 1-, 2- and 3-Family homes - 2008_normal/DOF： Summary of Neighborhood Sales Citywide for Class 1-, 2- and 3-Family homes - 2008_4.csv",_median_sale_price_,_median_sale_price_,1
2020-2021 Demographic Snapshot Citywide_normal/2020-2021 Demographic Snapshot Citywide_1.csv,2020-2021 Demographic Snapshot Citywide_normal/2020-2021 Demographic Snapshot Citywide_2.csv,year,year,1
2020-2021 Demographic Snapshot Citywide_normal/2020-2021 Demographic Snapshot Citywide_1.csv,2020-2021 Demographic Snapshot Citywide_normal/2020-2021 Demographic Snapshot Citywide_3.csv,total_enrollment,total_enrollment,1
2020-2021 Demographic Snapshot Citywide_normal/2020-2021 Demographic Snapshot Citywide_2.csv,2020-2021 Demographic Snapshot Citywide_normal/2020-2021 Demographic Snapshot Citywide_4.csv,grade_3k_pk_half_day_full,grade_3k_pk_half_day_full,1
2020-2021 Demographic Snapshot Citywide_normal/2020-2021 Demographic Snapshot Citywide_4.csv,2020-2021 Demographic Snapshot Citywide_normal/2020-2021 Demographic Snapshot Citywide_5.csv,grade_k,grade_k,1
TLC Authorized Wheelchair Passenger Assistance Training Providers_normal/TLC Authorized Wheelchair Passenger Assistance Training Providers_1.csv,TLC Authorized Wheelchair Passenger Assistance Training Providers_normal/TLC Authorized Wheelchair Passenger Assistance Training Providers_2.csv,buildingnumber,buildingnumber,1
TLC Authorized Wheelchair Passenger Assistance Training Providers_normal/TLC Authorized Wheelchair Passenger Assistance Training Providers_1.csv,TLC Authorized Wheelchair Passenger Assistance Training Providers_normal/TLC Authorized Wheelchair Passenger Assistance Training Providers_3.csv,streetname,streetname,1
TLC Authorized Wheelchair Passenger Assistance Training Providers_normal/TLC Authorized Wheelchair Passenger Assistance Training Providers_1.csv,TLC Authorized Wheelchair Passenger Assistance Training Providers_normal/TLC Authorized Wheelchair Passenger Assistance Training Providers_4.csv,bin,bin,1
TLC Authorized Wheelchair Passenger Assistance Training Providers_normal/TLC Authorized Wheelchair Passenger Assistance Training Providers_2.csv,TLC Authorized Wheelchair Passenger Assistance Training Providers_normal/TLC Authorized Wheelchair Passenger Assistance Training Providers_5.csv,bbl,bbl,1
TLC Authorized Wheelchair Passenger Assistance Training Providers_normal/TLC Authorized Wheelchair Passenger Assistance Training Providers_3.csv,TLC Authorized Wheelchair Passenger Assistance Training Providers_normal/TLC Authorized Wheelchair Passenger Assistance Training Providers_6.csv,census_tract,census_tract,1
Address Assignments_normal/Address Assignments_1.csv,Address Assignments_normal/Address Assignments_2.csv,x,x,1
Address Assignments_normal/Address Assignments_1.csv,Address Assignments_normal/Address Assignments_3.csv,y,pivot-value,1
Address Assignments_normal/Address Assignments_1.csv,Address Assignments_normal/Address Assignments_4.csv,latitude,latitude,1
Address Assignments_normal/Address Assignments_1.csv,Address Assignments_normal/Address Assignments_4.csv,longitude,longitude,1
2017-2018 Health Education Report MS (54) -  City Council District_normal/2017-2018 Health Education Report MS (54) -  City Council District_1.csv,2017-2018 Health Education Report MS (54) -  City Council District_normal/2017-2018 Health Education Report MS (54) -  City Council District_2.csv,city_council_district,city_council_district,1
2017-2018 Health Education Report MS (54) -  City Council District_normal/2017-2018 Health Education Report MS (54) -  City Council District_1.csv,2017-2018 Health Education Report MS (54) -  City Council District_normal/2017-2018 Health Education Report MS (54) -  City Council District_3.csv,_,_,1
2017-2018 Health Education Report MS (54) -  City Council District_normal/2017-2018 Health Education Report MS (54) -  City Council District_2.csv,2017-2018 Health Education Report MS (54) -  City Council District_normal/2017-2018 Health Education Report MS (54) -  City Council District_4.csv,of_8th_graders,of_8th_graders,1
Active Projects Under Construction_normal/Active Projects Under Construction_1.csv,Active Projects Under Construction_normal/Active Projects Under Construction_2.csv,award,award,1
Active Projects Under Construction_normal/Active Projects Under Construction_1.csv,Active Projects Under Construction_normal/Active Projects Under Construction_3.csv,name,name,1
Active Projects Under Construction_normal/Active Projects Under Construction_1.csv,Active Projects Under Construction_normal/Active Projects Under Construction_4.csv,buildingid-:@computed_region_yeji_bk3q,buildingid,1
Active Projects Under Construction_normal/Active Projects Under Construction_2.csv,Active Projects Under Construction_normal/Active Projects Under Construction_5.csv,location_1,location_1,1
DOF： Cooperative Comparable Rental Income – Staten Island – FY 2009 2010_normal/DOF： Cooperative Comparable Rental Income – Staten Island – FY 2009 2010_1.csv,DOF： Cooperative Comparable Rental Income – Staten Island – FY 2009 2010_normal/DOF： Cooperative Comparable Rental Income – Staten Island – FY 2009 2010_2.csv,staten_island_cooperatives_comparable_properties_boro_block_lot,staten_island_cooperatives_comparable_properties_boro_block_lot,1
DOF： Cooperative Comparable Rental Income – Staten Island – FY 2009 2010_normal/DOF： Cooperative Comparable Rental Income – Staten Island – FY 2009 2010_1.csv,DOF： Cooperative Comparable Rental Income – Staten Island – FY 2009 2010_normal/DOF： Cooperative Comparable Rental Income – Staten Island – FY 2009 2010_3.csv,staten_island_cooperatives_comparable_properties_address,staten_island_cooperatives_comparable_properties_address,1
DOF： Cooperative Comparable Rental Income – Staten Island – FY 2009 2010_normal/DOF： Cooperative Comparable Rental Income – Staten Island – FY 2009 2010_1.csv,DOF： Cooperative Comparable Rental Income – Staten Island – FY 2009 2010_normal/DOF： Cooperative Comparable Rental Income – Staten Island – FY 2009 2010_4.csv,bin,bin,1
DOF： Cooperative Comparable Rental Income – Staten Island – FY 2009 2010_normal/DOF： Cooperative Comparable Rental Income – Staten Island – FY 2009 2010_2.csv,DOF： Cooperative Comparable Rental Income – Staten Island – FY 2009 2010_normal/DOF： Cooperative Comparable Rental Income – Staten Island – FY 2009 2010_5.csv,latitude,latitude,1
DOF： Cooperative Comparable Rental Income – Staten Island – FY 2009 2010_normal/DOF： Cooperative Comparable Rental Income – Staten Island – FY 2009 2010_2.csv,DOF： Cooperative Comparable Rental Income – Staten Island – FY 2009 2010_normal/DOF： Cooperative Comparable Rental Income – Staten Island – FY 2009 2010_5.csv,longitude,longitude,1
2020 Community District Tabulation Areas (CDTAs)_normal/2020 Community District Tabulation Areas (CDTAs)_1.csv,2020 Community District Tabulation Areas (CDTAs)_normal/2020 Community District Tabulation Areas (CDTAs)_2.csv,cdta2020,cdta2020,1
2020 Community District Tabulation Areas (CDTAs)_normal/2020 Community District Tabulation Areas (CDTAs)_1.csv,2020 Community District Tabulation Areas (CDTAs)_normal/2020 Community District Tabulation Areas (CDTAs)_3.csv,cdtaname,cdtaname,1
2020 Community District Tabulation Areas (CDTAs)_normal/2020 Community District Tabulation Areas (CDTAs)_2.csv,2020 Community District Tabulation Areas (CDTAs)_normal/2020 Community District Tabulation Areas (CDTAs)_4.csv,shape_leng,shape_leng,1
2020 Community District Tabulation Areas (CDTAs)_normal/2020 Community District Tabulation Areas (CDTAs)_4.csv,2020 Community District Tabulation Areas (CDTAs)_normal/2020 Community District Tabulation Areas (CDTAs)_5.csv,shape_area,shape_area,1
Parks Inspection Program - All Sites (UNMAPPED)_normal/Parks Inspection Program - All Sites (UNMAPPED)_1.csv,Parks Inspection Program - All Sites (UNMAPPED)_normal/Parks Inspection Program - All Sites (UNMAPPED)_2.csv,prop_id,prop_id,1
Parks Inspection Program - All Sites (UNMAPPED)_normal/Parks Inspection Program - All Sites (UNMAPPED)_1.csv,Parks Inspection Program - All Sites (UNMAPPED)_normal/Parks Inspection Program - All Sites (UNMAPPED)_3.csv,site_location,site_location,1
Parks Inspection Program - All Sites (UNMAPPED)_normal/Parks Inspection Program - All Sites (UNMAPPED)_2.csv,Parks Inspection Program - All Sites (UNMAPPED)_normal/Parks Inspection Program - All Sites (UNMAPPED)_4.csv,propnum,propnum,1
Parks Inspection Program - All Sites (UNMAPPED)_normal/Parks Inspection Program - All Sites (UNMAPPED)_4.csv,Parks Inspection Program - All Sites (UNMAPPED)_normal/Parks Inspection Program - All Sites (UNMAPPED)_5.csv,prop_location,prop_location,1
2018 - 2019 Students in Temporary Housing Citywide Report_normal/2018 - 2019 Students in Temporary Housing Citywide Report_1.csv,2018 - 2019 Students in Temporary Housing Citywide Report_normal/2018 - 2019 Students in Temporary Housing Citywide Report_2.csv,year,year,1
2018 - 2019 Students in Temporary Housing Citywide Report_normal/2018 - 2019 Students in Temporary Housing Citywide Report_1.csv,2018 - 2019 Students in Temporary Housing Citywide Report_normal/2018 - 2019 Students in Temporary Housing Citywide Report_3.csv,doe_students,doe_students,1
Production office space_normal/Production office space_1.csv,Production office space_normal/Production office space_2.csv,studio_name,studio_name,1
Production office space_normal/Production office space_1.csv,Production office space_normal/Production office space_3.csv,website,website,1
Production office space_normal/Production office space_1.csv,Production office space_normal/Production office space_4.csv,location_1,location_1,1
Production office space_normal/Production office space_2.csv,Production office space_normal/Production office space_5.csv,number_and_street_address,number_and_street_address,1
Production office space_normal/Production office space_2.csv,Production office space_normal/Production office space_6.csv,phone,phone,1
2015 - 2016 School Locations_normal/2015 - 2016 School Locations_1.csv,2015 - 2016 School Locations_normal/2015 - 2016 School Locations_2.csv,ats_system_code,ats_system_code,1
2015 - 2016 School Locations_normal/2015 - 2016 School Locations_1.csv,2015 - 2016 School Locations_normal/2015 - 2016 School Locations_3.csv,location_code,location_code,1
2015 - 2016 School Locations_normal/2015 - 2016 School Locations_1.csv,2015 - 2016 School Locations_normal/2015 - 2016 School Locations_4.csv,location_name,location_name,1
2015 - 2016 School Locations_normal/2015 - 2016 School Locations_5.csv,2015 - 2016 School Locations_normal/2015 - 2016 School Locations_1.csv,beds_number,pivot-value,1
2015 - 2016 School Locations_normal/2015 - 2016 School Locations_2.csv,2015 - 2016 School Locations_normal/2015 - 2016 School Locations_6.csv,principal_name,principal_name,1
2015 - 2016 School Locations_normal/2015 - 2016 School Locations_2.csv,2015 - 2016 School Locations_normal/2015 - 2016 School Locations_7.csv,principal_phone_number,principal_phone_number,1
Asset Management Parks System (AMPS) – Labor_normal/Asset Management Parks System (AMPS) – Labor_1.csv,Asset Management Parks System (AMPS) – Labor_normal/Asset Management Parks System (AMPS) – Labor_3.csv,boo_code,boo_code,1
Asset Management Parks System (AMPS) – Labor_normal/Asset Management Parks System (AMPS) – Labor_1.csv,Asset Management Parks System (AMPS) – Labor_normal/Asset Management Parks System (AMPS) – Labor_4.csv,boo_entered,boo_entered,1
Asset Management Parks System (AMPS) – Labor_normal/Asset Management Parks System (AMPS) – Labor_2.csv,Asset Management Parks System (AMPS) – Labor_normal/Asset Management Parks System (AMPS) – Labor_5.csv,boo_event,boo_event,1
"DOF： Summary of Neighborhood Sales in the Bronx for Class 1-, 2- and 3-Family homes - 2008_normal/DOF： Summary of Neighborhood Sales in the Bronx for Class 1-, 2- and 3-Family homes - 2008_1.csv","DOF： Summary of Neighborhood Sales in the Bronx for Class 1-, 2- and 3-Family homes - 2008_normal/DOF： Summary of Neighborhood Sales in the Bronx for Class 1-, 2- and 3-Family homes - 2008_2.csv",average_sale_price,average_sale_price,1
"DOF： Summary of Neighborhood Sales in the Bronx for Class 1-, 2- and 3-Family homes - 2008_normal/DOF： Summary of Neighborhood Sales in the Bronx for Class 1-, 2- and 3-Family homes - 2008_1.csv","DOF： Summary of Neighborhood Sales in the Bronx for Class 1-, 2- and 3-Family homes - 2008_normal/DOF： Summary of Neighborhood Sales in the Bronx for Class 1-, 2- and 3-Family homes - 2008_3.csv",median_sale_price,median_sale_price,1
TAX_LOT_FACE_normal/TAX_LOT_FACE_1.csv,TAX_LOT_FACE_normal/TAX_LOT_FACE_2.csv,the_geom,the_geom,1
TAX_LOT_FACE_normal/TAX_LOT_FACE_1.csv,TAX_LOT_FACE_normal/TAX_LOT_FACE_3.csv,direction,direction,1
TAX_LOT_FACE_normal/TAX_LOT_FACE_1.csv,TAX_LOT_FACE_normal/TAX_LOT_FACE_4.csv,shape_length,shape_length,1
TAX_LOT_FACE_normal/TAX_LOT_FACE_2.csv,TAX_LOT_FACE_normal/TAX_LOT_FACE_5.csv,distance,distance,1
NYPD Shooting Incident Data (Historic)_normal/NYPD Shooting Incident Data (Historic)_1.csv,NYPD Shooting Incident Data (Historic)_normal/NYPD Shooting Incident Data (Historic)_2.csv,incident_key,incident_key,1
NYPD Shooting Incident Data (Historic)_normal/NYPD Shooting Incident Data (Historic)_1.csv,NYPD Shooting Incident Data (Historic)_normal/NYPD Shooting Incident Data (Historic)_3.csv,y_coord_cd,y_coord_cd,1
NYPD Shooting Incident Data (Historic)_normal/NYPD Shooting Incident Data (Historic)_2.csv,NYPD Shooting Incident Data (Historic)_normal/NYPD Shooting Incident Data (Historic)_4.csv,x_coord_cd,x_coord_cd,1
NYPD Shooting Incident Data (Historic)_normal/NYPD Shooting Incident Data (Historic)_4.csv,NYPD Shooting Incident Data (Historic)_normal/NYPD Shooting Incident Data (Historic)_5.csv,geocoded_column,geocoded_column,1
School Zones 2024-2025 (Elementary School)_normal/School Zones 2024-2025 (Elementary School)_1.csv,School Zones 2024-2025 (Elementary School)_normal/School Zones 2024-2025 (Elementary School)_2.csv,the_geom,the_geom,1
School Zones 2024-2025 (Elementary School)_normal/School Zones 2024-2025 (Elementary School)_1.csv,School Zones 2024-2025 (Elementary School)_normal/School Zones 2024-2025 (Elementary School)_3.csv,esid_no,esid_no,1
School Zones 2024-2025 (Elementary School)_normal/School Zones 2024-2025 (Elementary School)_2.csv,School Zones 2024-2025 (Elementary School)_normal/School Zones 2024-2025 (Elementary School)_4.csv,shape_leng,shape_leng,1
School Zones 2024-2025 (Elementary School)_normal/School Zones 2024-2025 (Elementary School)_4.csv,School Zones 2024-2025 (Elementary School)_normal/School Zones 2024-2025 (Elementary School)_5.csv,shape_area,shape_area,1
Income By Type Of Income And AGI Range_normal/Income By Type Of Income And AGI Range_1.csv,Income By Type Of Income And AGI Range_normal/Income By Type Of Income And AGI Range_2.csv,income_group,income_group,1
Income By Type Of Income And AGI Range_normal/Income By Type Of Income And AGI Range_1.csv,Income By Type Of Income And AGI Range_normal/Income By Type Of Income And AGI Range_3.csv,wages_and_saleries_dollars_in_millions,wages_and_saleries_dollars_in_millions,1
Income By Type Of Income And AGI Range_normal/Income By Type Of Income And AGI Range_2.csv,Income By Type Of Income And AGI Range_normal/Income By Type Of Income And AGI Range_4.csv,percentage,percentage,1
Queens Library Branches_normal/Queens Library Branches_1.csv,Queens Library Branches_normal/Queens Library Branches_2.csv,name,name,1
Queens Library Branches_normal/Queens Library Branches_1.csv,Queens Library Branches_normal/Queens Library Branches_3.csv,address,address,1
Queens Library Branches_normal/Queens Library Branches_1.csv,Queens Library Branches_normal/Queens Library Branches_4.csv,phone,phone,1
Queens Library Branches_normal/Queens Library Branches_2.csv,Queens Library Branches_normal/Queens Library Branches_5.csv,location_1,location_1,1
Queens Library Branches_normal/Queens Library Branches_2.csv,Queens Library Branches_normal/Queens Library Branches_6.csv,census_tract,census_tract,1
New York City Community Health Survey_normal/New York City Community Health Survey_1.csv,New York City Community Health Survey_normal/New York City Community Health Survey_2.csv,prevelance,prevelance,1
New York City Community Health Survey_normal/New York City Community Health Survey_1.csv,New York City Community Health Survey_normal/New York City Community Health Survey_3.csv,q_5,q_5,1
New York City Community Health Survey_normal/New York City Community Health Survey_1.csv,New York City Community Health Survey_normal/New York City Community Health Survey_4.csv,q_4,q_4,1
New York City Community Health Survey_normal/New York City Community Health Survey_1.csv,New York City Community Health Survey_normal/New York City Community Health Survey_5.csv,q_8,q_8,1
New York City Community Health Survey_normal/New York City Community Health Survey_1.csv,New York City Community Health Survey_normal/New York City Community Health Survey_6.csv,q_10,q_10,1
DOF： Cooperative Comparable Rental Income – Manhattan– FY 2009 2010_normal/DOF： Cooperative Comparable Rental Income – Manhattan– FY 2009 2010_1.csv,DOF： Cooperative Comparable Rental Income – Manhattan– FY 2009 2010_normal/DOF： Cooperative Comparable Rental Income – Manhattan– FY 2009 2010_2.csv,manhattan_cooperatives_comparable_properties_boro_block_lot,manhattan_cooperatives_comparable_properties_boro_block_lot,1
DOF： Cooperative Comparable Rental Income – Manhattan– FY 2009 2010_normal/DOF： Cooperative Comparable Rental Income – Manhattan– FY 2009 2010_1.csv,DOF： Cooperative Comparable Rental Income – Manhattan– FY 2009 2010_normal/DOF： Cooperative Comparable Rental Income – Manhattan– FY 2009 2010_3.csv,manhattan_cooperatives_comparable_properties_address,manhattan_cooperatives_comparable_properties_address,1
DOF： Cooperative Comparable Rental Income – Manhattan– FY 2009 2010_normal/DOF： Cooperative Comparable Rental Income – Manhattan– FY 2009 2010_1.csv,DOF： Cooperative Comparable Rental Income – Manhattan– FY 2009 2010_normal/DOF： Cooperative Comparable Rental Income – Manhattan– FY 2009 2010_4.csv,manhattan_cooperatives_comparable_properties_est_gross_income,manhattan_cooperatives_comparable_properties_est_gross_income,1
DOF： Cooperative Comparable Rental Income – Manhattan– FY 2009 2010_normal/DOF： Cooperative Comparable Rental Income – Manhattan– FY 2009 2010_1.csv,DOF： Cooperative Comparable Rental Income – Manhattan– FY 2009 2010_normal/DOF： Cooperative Comparable Rental Income – Manhattan– FY 2009 2010_5.csv,manhattan_cooperatives_comparable_properties_gross_sqft,manhattan_cooperatives_comparable_properties_gross_sqft,1
WiredNYC – Participating Buildings_normal/WiredNYC – Participating Buildings_1.csv,WiredNYC – Participating Buildings_normal/WiredNYC – Participating Buildings_2.csv,street_address,street_address,1
WiredNYC – Participating Buildings_normal/WiredNYC – Participating Buildings_1.csv,WiredNYC – Participating Buildings_normal/WiredNYC – Participating Buildings_3.csv,bbl,bbl,1
WiredNYC – Participating Buildings_normal/WiredNYC – Participating Buildings_2.csv,WiredNYC – Participating Buildings_normal/WiredNYC – Participating Buildings_5.csv,latitude-borough,latitude,1
WiredNYC – Participating Buildings_normal/WiredNYC – Participating Buildings_2.csv,WiredNYC – Participating Buildings_normal/WiredNYC – Participating Buildings_5.csv,longitude,longitude,1
WiredNYC – Participating Buildings_normal/WiredNYC – Participating Buildings_2.csv,WiredNYC – Participating Buildings_normal/WiredNYC – Participating Buildings_6.csv,bble,bble,1
WiredNYC – Participating Buildings_normal/WiredNYC – Participating Buildings_5.csv,WiredNYC – Participating Buildings_normal/WiredNYC – Participating Buildings_7.csv,bin,bin,1
Early Learn Project Sites_normal/Early Learn Project Sites_1.csv,Early Learn Project Sites_normal/Early Learn Project Sites_2.csv,district,district,1
Early Learn Project Sites_normal/Early Learn Project Sites_1.csv,Early Learn Project Sites_normal/Early Learn Project Sites_3.csv,project,project,1
Early Learn Project Sites_normal/Early Learn Project Sites_1.csv,Early Learn Project Sites_normal/Early Learn Project Sites_4.csv,school,school,1
Early Learn Project Sites_normal/Early Learn Project Sites_1.csv,Early Learn Project Sites_normal/Early Learn Project Sites_5.csv,total_est_cost,total_est_cost,1
Early Learn Project Sites_normal/Early Learn Project Sites_2.csv,Early Learn Project Sites_normal/Early Learn Project Sites_6.csv,funding_req_d_fy_20_24,funding_req_d_fy_20_24,1
Early Learn Project Sites_normal/Early Learn Project Sites_3.csv,Early Learn Project Sites_normal/Early Learn Project Sites_7.csv,location,location,1
FY03 – FY12 MMR Agency Performance Indicators_normal/FY03 – FY12 MMR Agency Performance Indicators_1.csv,FY03 – FY12 MMR Agency Performance Indicators_normal/FY03 – FY12 MMR Agency Performance Indicators_2.csv,indicator_name,indicator_name,1
FY03 – FY12 MMR Agency Performance Indicators_normal/FY03 – FY12 MMR Agency Performance Indicators_1.csv,FY03 – FY12 MMR Agency Performance Indicators_normal/FY03 – FY12 MMR Agency Performance Indicators_3.csv,_9,_9,1
FY03 – FY12 MMR Agency Performance Indicators_normal/FY03 – FY12 MMR Agency Performance Indicators_2.csv,FY03 – FY12 MMR Agency Performance Indicators_normal/FY03 – FY12 MMR Agency Performance Indicators_4.csv,_8,_8,1
FY03 – FY12 MMR Agency Performance Indicators_normal/FY03 – FY12 MMR Agency Performance Indicators_4.csv,FY03 – FY12 MMR Agency Performance Indicators_normal/FY03 – FY12 MMR Agency Performance Indicators_5.csv,_7,_7,1
2010 Census Tracts_normal/2010 Census Tracts_1.csv,2010 Census Tracts_normal/2010 Census Tracts_2.csv,the_geom,the_geom,1
2010 Census Tracts_normal/2010 Census Tracts_1.csv,2010 Census Tracts_normal/2010 Census Tracts_3.csv,boroct2010,boroct2010,1
2010 Census Tracts_normal/2010 Census Tracts_1.csv,2010 Census Tracts_normal/2010 Census Tracts_4.csv,shape_area,shape_area,1
2010 Census Tracts_normal/2010 Census Tracts_2.csv,2010 Census Tracts_normal/2010 Census Tracts_5.csv,shape_leng,shape_leng,1
2010 Census Tracts_normal/2010 Census Tracts_3.csv,2010 Census Tracts_normal/2010 Census Tracts_6.csv,ctlabel,ctlabel,1
2010 Census Tracts_normal/2010 Census Tracts_4.csv,2010 Census Tracts_normal/2010 Census Tracts_7.csv,ct2010,ct2010,1
Forestry Tree Points_normal/Forestry Tree Points_1.csv,Forestry Tree Points_normal/Forestry Tree Points_2.csv,objectid,objectid,1
Forestry Tree Points_normal/Forestry Tree Points_1.csv,Forestry Tree Points_normal/Forestry Tree Points_3.csv,globalid,globalid,1
Forestry Tree Points_normal/Forestry Tree Points_1.csv,Forestry Tree Points_normal/Forestry Tree Points_4.csv,plantingspaceglobalid,plantingspaceglobalid,1
Forestry Tree Points_normal/Forestry Tree Points_1.csv,Forestry Tree Points_normal/Forestry Tree Points_5.csv,geometry,geometry,1
Forestry Tree Points_normal/Forestry Tree Points_1.csv,Forestry Tree Points_normal/Forestry Tree Points_6.csv,location,location,1
Math Test Results 2013-2023_normal/Math Test Results 2013-2023_1.csv,Math Test Results 2013-2023_normal/Math Test Results 2013-2023_2.csv,number_tested,number_tested,1
Math Test Results 2013-2023_normal/Math Test Results 2013-2023_1.csv,Math Test Results 2013-2023_normal/Math Test Results 2013-2023_3.csv,num_level_3_and_4,num_level_3_and_4,1
Math Test Results 2013-2023_normal/Math Test Results 2013-2023_1.csv,Math Test Results 2013-2023_normal/Math Test Results 2013-2023_4.csv,num_level_2,num_level_2,1
Math Test Results 2013-2023_normal/Math Test Results 2013-2023_2.csv,Math Test Results 2013-2023_normal/Math Test Results 2013-2023_5.csv,num_level_1,num_level_1,1
Math Test Results 2013-2023_normal/Math Test Results 2013-2023_3.csv,Math Test Results 2013-2023_normal/Math Test Results 2013-2023_6.csv,num_level_4,num_level_4,1
facilities_normal/facilities_1.csv,facilities_normal/facilities_2.csv,uid,uid,1
facilities_normal/facilities_1.csv,facilities_normal/facilities_3.csv,xcoord,xcoord,1
facilities_normal/facilities_2.csv,facilities_normal/facilities_5.csv,latitude,latitude,1
facilities_normal/facilities_2.csv,facilities_normal/facilities_5.csv,longitude,longitude-nta2020,1
facilities_normal/facilities_3.csv,facilities_normal/facilities_6.csv,facname,facname,1
BOA and Community Brownfield Planning Areas - Designated BOAs_normal/BOA and Community Brownfield Planning Areas - Designated BOAs_1.csv,BOA and Community Brownfield Planning Areas - Designated BOAs_normal/BOA and Community Brownfield Planning Areas - Designated BOAs_2.csv,the_geom,the_geom,1
BOA and Community Brownfield Planning Areas - Designated BOAs_normal/BOA and Community Brownfield Planning Areas - Designated BOAs_1.csv,BOA and Community Brownfield Planning Areas - Designated BOAs_normal/BOA and Community Brownfield Planning Areas - Designated BOAs_3.csv,cartodb_id,cartodb_id,1
BOA and Community Brownfield Planning Areas - Designated BOAs_normal/BOA and Community Brownfield Planning Areas - Designated BOAs_2.csv,BOA and Community Brownfield Planning Areas - Designated BOAs_normal/BOA and Community Brownfield Planning Areas - Designated BOAs_4.csv,objectid_1,objectid_1,1
BOA and Community Brownfield Planning Areas - Designated BOAs_normal/BOA and Community Brownfield Planning Areas - Designated BOAs_4.csv,BOA and Community Brownfield Planning Areas - Designated BOAs_normal/BOA and Community Brownfield Planning Areas - Designated BOAs_5.csv,shape_leng,shape_leng,1
NYCDEP Recreation Area Maps_normal/NYCDEP Recreation Area Maps_1.csv,NYCDEP Recreation Area Maps_normal/NYCDEP Recreation Area Maps_2.csv,recreation_unit,recreation_unit,1
NYCDEP Recreation Area Maps_normal/NYCDEP Recreation Area Maps_1.csv,NYCDEP Recreation Area Maps_normal/NYCDEP Recreation Area Maps_3.csv,map,map,1
NYCDEP Recreation Area Maps_normal/NYCDEP Recreation Area Maps_1.csv,NYCDEP Recreation Area Maps_normal/NYCDEP Recreation Area Maps_4.csv,acres,acres,1
NYCDEP Recreation Area Maps_normal/NYCDEP Recreation Area Maps_2.csv,NYCDEP Recreation Area Maps_normal/NYCDEP Recreation Area Maps_5.csv,lastmodifi,lastmodifi,1
Community Board Leadership_normal/Community Board Leadership_1.csv,Community Board Leadership_normal/Community Board Leadership_2.csv,community_board_number,community_board_number,1
Community Board Leadership_normal/Community Board Leadership_1.csv,Community Board Leadership_normal/Community Board Leadership_3.csv,chair,chair,1
Community Board Leadership_normal/Community Board Leadership_1.csv,Community Board Leadership_normal/Community Board Leadership_4.csv,district_manager,district_manager,1
Community Board Leadership_normal/Community Board Leadership_2.csv,Community Board Leadership_normal/Community Board Leadership_5.csv,board_meeting_cabinet_meeting,board_meeting_cabinet_meeting,1
Community Board Leadership_normal/Community Board Leadership_3.csv,Community Board Leadership_normal/Community Board Leadership_6.csv,address_1,address_1,1
Landmarks Complaints_normal/Landmarks Complaints_1.csv,Landmarks Complaints_normal/Landmarks Complaints_2.csv,complaint,complaint,1
Landmarks Complaints_normal/Landmarks Complaints_1.csv,Landmarks Complaints_normal/Landmarks Complaints_3.csv,latitude,latitude,1
Landmarks Complaints_normal/Landmarks Complaints_1.csv,Landmarks Complaints_normal/Landmarks Complaints_3.csv,longitude,longitude,1
Landmarks Complaints_normal/Landmarks Complaints_2.csv,Landmarks Complaints_normal/Landmarks Complaints_4.csv,bin,bin,1
Landmarks Complaints_normal/Landmarks Complaints_4.csv,Landmarks Complaints_normal/Landmarks Complaints_5.csv,work_reported,work_reported,1
2016-17 - 2020-21 End-of-Year Borough Attendance and Chronic Absenteeism Data_normal/2016-17 - 2020-21 End-of-Year Borough Attendance and Chronic Absenteeism Data_1.csv,2016-17 - 2020-21 End-of-Year Borough Attendance and Chronic Absenteeism Data_normal/2016-17 - 2020-21 End-of-Year Borough Attendance and Chronic Absenteeism Data_2.csv,total_days,total_days,1
2016-17 - 2020-21 End-of-Year Borough Attendance and Chronic Absenteeism Data_normal/2016-17 - 2020-21 End-of-Year Borough Attendance and Chronic Absenteeism Data_1.csv,2016-17 - 2020-21 End-of-Year Borough Attendance and Chronic Absenteeism Data_normal/2016-17 - 2020-21 End-of-Year Borough Attendance and Chronic Absenteeism Data_3.csv,days_present,days_present,1
2016-17 - 2020-21 End-of-Year Borough Attendance and Chronic Absenteeism Data_normal/2016-17 - 2020-21 End-of-Year Borough Attendance and Chronic Absenteeism Data_1.csv,2016-17 - 2020-21 End-of-Year Borough Attendance and Chronic Absenteeism Data_normal/2016-17 - 2020-21 End-of-Year Borough Attendance and Chronic Absenteeism Data_4.csv,days_absent,days_absent,1
2016-17 - 2020-21 End-of-Year Borough Attendance and Chronic Absenteeism Data_normal/2016-17 - 2020-21 End-of-Year Borough Attendance and Chronic Absenteeism Data_2.csv,2016-17 - 2020-21 End-of-Year Borough Attendance and Chronic Absenteeism Data_normal/2016-17 - 2020-21 End-of-Year Borough Attendance and Chronic Absenteeism Data_5.csv,contributing_10_total_days,contributing_10_total_days,1
OATH Trials Division Case Status_normal/OATH Trials Division Case Status_1.csv,OATH Trials Division Case Status_normal/OATH Trials Division Case Status_2.csv,case_number,case_number,1
OATH Trials Division Case Status_normal/OATH Trials Division Case Status_1.csv,OATH Trials Division Case Status_normal/OATH Trials Division Case Status_3.csv,name,name,1
OATH Trials Division Case Status_normal/OATH Trials Division Case Status_2.csv,OATH Trials Division Case Status_normal/OATH Trials Division Case Status_4.csv,filing_agency_case_id,filing_agency_case_id,1
Protected Streets Map - Block (Dataset)_normal/Protected Streets Map - Block (Dataset)_1.csv,Protected Streets Map - Block (Dataset)_normal/Protected Streets Map - Block (Dataset)_2.csv,the_geom,the_geom,1
Protected Streets Map - Block (Dataset)_normal/Protected Streets Map - Block (Dataset)_1.csv,Protected Streets Map - Block (Dataset)_normal/Protected Streets Map - Block (Dataset)_3.csv,oftcode,oftcode,1
Protected Streets Map - Block (Dataset)_normal/Protected Streets Map - Block (Dataset)_1.csv,Protected Streets Map - Block (Dataset)_normal/Protected Streets Map - Block (Dataset)_4.csv,shape_stle,shape_stle,1
DCM_StreetNameChanges_Points_normal/DCM_StreetNameChanges_Points_1.csv,DCM_StreetNameChanges_Points_normal/DCM_StreetNameChanges_Points_2.csv,ll_limits,ll_limits,1
DCM_StreetNameChanges_Points_normal/DCM_StreetNameChanges_Points_1.csv,DCM_StreetNameChanges_Points_normal/DCM_StreetNameChanges_Points_3.csv,the_geom,the_geom,1
EMS Incident Dispatch Data_normal/EMS Incident Dispatch Data_1.csv,EMS Incident Dispatch Data_normal/EMS Incident Dispatch Data_2.csv,cad_incident_id,cad_incident_id,1
EMS Incident Dispatch Data_normal/EMS Incident Dispatch Data_1.csv,EMS Incident Dispatch Data_normal/EMS Incident Dispatch Data_3.csv,incident_datetime,incident_datetime,1
EMS Incident Dispatch Data_normal/EMS Incident Dispatch Data_2.csv,EMS Incident Dispatch Data_normal/EMS Incident Dispatch Data_4.csv,incident_close_datetime,incident_close_datetime,1
Wi-Fi in Public Space (Open Space)_normal/Wi-Fi in Public Space (Open Space)_1.csv,Wi-Fi in Public Space (Open Space)_normal/Wi-Fi in Public Space (Open Space)_2.csv,oid,oid,1
Wi-Fi in Public Space (Open Space)_normal/Wi-Fi in Public Space (Open Space)_1.csv,Wi-Fi in Public Space (Open Space)_normal/Wi-Fi in Public Space (Open Space)_3.csv,hotspot_dataset_object_id,hotspot_dataset_object_id,1
Wi-Fi in Public Space (Open Space)_normal/Wi-Fi in Public Space (Open Space)_2.csv,Wi-Fi in Public Space (Open Space)_normal/Wi-Fi in Public Space (Open Space)_4.csv,latitude,latitude-neighborhood_tabulation_area_1,1
Wi-Fi in Public Space (Open Space)_normal/Wi-Fi in Public Space (Open Space)_2.csv,Wi-Fi in Public Space (Open Space)_normal/Wi-Fi in Public Space (Open Space)_4.csv,longitude,longitude,1
Archaeology Reports Database_normal/Archaeology Reports Database_1.csv,Archaeology Reports Database_normal/Archaeology Reports Database_2.csv,biblioid,biblioid,1
Archaeology Reports Database_normal/Archaeology Reports Database_1.csv,Archaeology Reports Database_normal/Archaeology Reports Database_3.csv,title,title,1
NYC Planimetric Database： Roadbed_normal/NYC Planimetric Database： Roadbed_1.csv,NYC Planimetric Database： Roadbed_normal/NYC Planimetric Database： Roadbed_2.csv,the_geom,the_geom,1
NYC Planimetric Database： Roadbed_normal/NYC Planimetric Database： Roadbed_1.csv,NYC Planimetric Database： Roadbed_normal/NYC Planimetric Database： Roadbed_3.csv,shape_leng,shape_leng,1
"DOF： Summary of Neighborhood Sales in Queens for Class 1-, 2- and 3-Family homes - 2007_normal/DOF： Summary of Neighborhood Sales in Queens for Class 1-, 2- and 3-Family homes - 2007_1.csv","DOF： Summary of Neighborhood Sales in Queens for Class 1-, 2- and 3-Family homes - 2007_normal/DOF： Summary of Neighborhood Sales in Queens for Class 1-, 2- and 3-Family homes - 2007_2.csv",average_sale_price,average_sale_price,1
"DOF： Summary of Neighborhood Sales in Queens for Class 1-, 2- and 3-Family homes - 2007_normal/DOF： Summary of Neighborhood Sales in Queens for Class 1-, 2- and 3-Family homes - 2007_1.csv","DOF： Summary of Neighborhood Sales in Queens for Class 1-, 2- and 3-Family homes - 2007_normal/DOF： Summary of Neighborhood Sales in Queens for Class 1-, 2- and 3-Family homes - 2007_3.csv",median_sale_price,median_sale_price,1
2016 DOE High School Programs_normal/2016 DOE High School Programs_1.csv,2016 DOE High School Programs_normal/2016 DOE High School Programs_2.csv,code,code,1
2016 DOE High School Programs_normal/2016 DOE High School Programs_1.csv,2016 DOE High School Programs_normal/2016 DOE High School Programs_3.csv,program,pivot-value,1
2016 DOE High School Programs_normal/2016 DOE High School Programs_1.csv,2016 DOE High School Programs_normal/2016 DOE High School Programs_4.csv,app_gr09,app_gr09,1
2016-17 - 2020-21 School End-of-Year Attendance and Chronic Absenteeism Data_normal/2016-17 - 2020-21 School End-of-Year Attendance and Chronic Absenteeism Data_1.csv,2016-17 - 2020-21 School End-of-Year Attendance and Chronic Absenteeism Data_normal/2016-17 - 2020-21 School End-of-Year Attendance and Chronic Absenteeism Data_2.csv,total_days,total_days,1
2016-17 - 2020-21 School End-of-Year Attendance and Chronic Absenteeism Data_normal/2016-17 - 2020-21 School End-of-Year Attendance and Chronic Absenteeism Data_1.csv,2016-17 - 2020-21 School End-of-Year Attendance and Chronic Absenteeism Data_normal/2016-17 - 2020-21 School End-of-Year Attendance and Chronic Absenteeism Data_3.csv,days_present,days_present,1
Agency Authorized Parking Permits_normal/Agency Authorized Parking Permits_1.csv,Agency Authorized Parking Permits_normal/Agency Authorized Parking Permits_2.csv,arid,arid,1
Agency Authorized Parking Permits_normal/Agency Authorized Parking Permits_1.csv,Agency Authorized Parking Permits_normal/Agency Authorized Parking Permits_3.csv,parkingplacardnumber,parkingplacardnumber,1
Agency Authorized Parking Permits_normal/Agency Authorized Parking Permits_2.csv,Agency Authorized Parking Permits_normal/Agency Authorized Parking Permits_4.csv,abpermitnumber,abpermitnumber,1
FCRC Annual Concession Plan Franchises_normal/FCRC Annual Concession Plan Franchises_1.csv,FCRC Annual Concession Plan Franchises_normal/FCRC Annual Concession Plan Franchises_2.csv,franchisee,franchisee,1
FCRC Annual Concession Plan Franchises_normal/FCRC Annual Concession Plan Franchises_1.csv,FCRC Annual Concession Plan Franchises_normal/FCRC Annual Concession Plan Franchises_3.csv,actual_fee_revenue_collected_in_fy2015,actual_fee_revenue_collected_in_fy2015,1
FCRC Annual Concession Plan Franchises_normal/FCRC Annual Concession Plan Franchises_2.csv,FCRC Annual Concession Plan Franchises_normal/FCRC Annual Concession Plan Franchises_4.csv,doc_id_automatically_generated_contract_id_number_from_fms,doc_id_automatically_generated_contract_id_number_from_fms,1
Pedestrian Ramp Locations_normal/Pedestrian Ramp Locations_1.csv,Pedestrian Ramp Locations_normal/Pedestrian Ramp Locations_2.csv,the_geom,the_geom,1
Pedestrian Ramp Locations_normal/Pedestrian Ramp Locations_1.csv,Pedestrian Ramp Locations_normal/Pedestrian Ramp Locations_3.csv,rampid,rampid,1
Mayor's Management Report Agency Resources_normal/Mayor's Management Report Agency Resources_1.csv,Mayor's Management Report Agency Resources_normal/Mayor's Management Report Agency Resources_2.csv,current_fy_projected_actual,current_fy_projected_actual,1
Mayor's Management Report Agency Resources_normal/Mayor's Management Report Agency Resources_1.csv,Mayor's Management Report Agency Resources_normal/Mayor's Management Report Agency Resources_3.csv,current_fy_authorized_budget,current_fy_authorized_budget,1
DOHMH Tuberculosis Surveillance： Data from the Tuberculosis Control Annual Summary_normal/DOHMH Tuberculosis Surveillance： Data from the Tuberculosis Control Annual Summary_1.csv,DOHMH Tuberculosis Surveillance： Data from the Tuberculosis Control Annual Summary_normal/DOHMH Tuberculosis Surveillance： Data from the Tuberculosis Control Annual Summary_2.csv,year,year,1
DOHMH Tuberculosis Surveillance： Data from the Tuberculosis Control Annual Summary_normal/DOHMH Tuberculosis Surveillance： Data from the Tuberculosis Control Annual Summary_1.csv,DOHMH Tuberculosis Surveillance： Data from the Tuberculosis Control Annual Summary_normal/DOHMH Tuberculosis Surveillance： Data from the Tuberculosis Control Annual Summary_3.csv,number_of_tb_cases,number_of_tb_cases,1
Open Parking and Camera Violations_normal/Open Parking and Camera Violations_1.csv,Open Parking and Camera Violations_normal/Open Parking and Camera Violations_2.csv,summons_number,summons_number,1
Open Parking and Camera Violations_normal/Open Parking and Camera Violations_1.csv,Open Parking and Camera Violations_normal/Open Parking and Camera Violations_3.csv,summons_image,summons_image,1
2009 - 2010 School Progress Reports - All Schools_normal/2009 - 2010 School Progress Reports - All Schools_1.csv,2009 - 2010 School Progress Reports - All Schools_normal/2009 - 2010 School Progress Reports - All Schools_2.csv,dbn,dbn,1
2009 - 2010 School Progress Reports - All Schools_normal/2009 - 2010 School Progress Reports - All Schools_1.csv,2009 - 2010 School Progress Reports - All Schools_normal/2009 - 2010 School Progress Reports - All Schools_3.csv,school,school,1
NYC Planimetric Database： Elevation Points_normal/NYC Planimetric Database： Elevation Points_1.csv,NYC Planimetric Database： Elevation Points_normal/NYC Planimetric Database： Elevation Points_2.csv,the_geom,the_geom,1
NYC Planimetric Database： Elevation Points_normal/NYC Planimetric Database： Elevation Points_1.csv,NYC Planimetric Database： Elevation Points_normal/NYC Planimetric Database： Elevation Points_3.csv,source_id,source_id,1
NYC Planimetric Database： Curbs_normal/NYC Planimetric Database： Curbs_1.csv,NYC Planimetric Database： Curbs_normal/NYC Planimetric Database： Curbs_2.csv,the_geom,the_geom,1
NYC Planimetric Database： Curbs_normal/NYC Planimetric Database： Curbs_1.csv,NYC Planimetric Database： Curbs_normal/NYC Planimetric Database： Curbs_3.csv,source_id,source_id,1