the_geom,shape_leng,boroname,ntaname
"{'type': 'MultiPolygon', 'coordinates': [[[[-73.91829936279647, 40.66116125790161], [-73.91818493104374, 40.66072620891558], [-73.91741819217512, 40.66005119210086], [-73.9170736343648, 40.65974535396289], [-73.91572803769873, 40.65855012827679], [-73.91556629546189, 40.65839257171779], [-73.91441247690497, 40.657362419291054], [-73.9140287814533, 40.65700370908498], [-73.91377943741749, 40.656783679711374], [-73.9131435625853, 40.656220864047825], [-73.91236458896573, 40.655513565249386], [-73.91199538384834, 40.655561559629234], [-73.91108323560228, 40.65570239282392], [-73.9101225569847, 40.655851771554126], [-73.90977962087938, 40.65446625508405], [-73.90975756152349, 40.65436711767473], [-73.90974279768352, 40.65431111194748], [-73.91007575405706, 40.65426552662586], [-73.91070974643269, 40.65417873430873], [-73.91093487182496, 40.65417328041045], [-73.91222770305262, 40.65413607396686], [-73.91232824406798, 40.65413478210958], [-73.91239958882122, 40.65413615123155], [-73.91274240280993, 40.65414523687049], [-73.91324842337065, 40.654155084156734], [-73.91352395177712, 40.654161163340866], [-73.9137592512996, 40.6541693448454], [-73.91482282470093, 40.6542056356321], [-73.91530757835524, 40.654222176325014], [-73.91539424322657, 40.654282538550355], [-73.91550963086695, 40.65438697571081], [-73.91633222143146, 40.65513143172691], [-73.91814781057464, 40.6567656633944], [-73.91726963416531, 40.65733324400145], [-73.91908916310649, 40.658966446441255], [-73.91995821996733, 40.659746784219436], [-73.92008167071675, 40.65985763346024], [-73.91998634754196, 40.66011546686565], [-73.9199044050508, 40.66033711672689], [-73.9197439953138, 40.66077097395042], [-73.91966280892859, 40.6614050329524], [-73.91962719168652, 40.661708059872495], [-73.91959479824045, 40.6619956797906], [-73.91945727792728, 40.661880785292475], [-73.91920451043306, 40.66165520014891], [-73.91893607302589, 40.66141601117571], [-73.9186016809777, 40.661118048606525], [-73.91829936279647, 40.66116125790161]]]]}",9452.90977672,Brooklyn,Rugby-Remsen Village
"{'type': 'MultiPolygon', 'coordinates': [[[[-73.94716450741116, 40.685112390966935], [-73.94701720846516, 40.68437947679447], [-73.94687279964053, 40.68364622060341], [-73.9467267728914, 40.68291392686572], [-73.9465805842019, 40.68218066046959], [-73.94643715447481, 40.68144855623871], [-73.94635671223884, 40.681058236762546], [-73.9462867460403, 40.68071878149474], [-73.94627470970133, 40.68021332642698], [-73.9467491597985, 40.68023966186567], [-73.94773023556641, 40.68029184628237], [-73.9495568871113, 40.680390402923344], [-73.94971436952525, 40.681070062941835], [-73.94986111081907, 40.6818040200851], [-73.95000845856703, 40.68253676014891], [-73.95015504126295, 40.68326896822755], [-73.95029937923275, 40.684001410626315], [-73.95044580177985, 40.68473476217628], [-73.95059026538276, 40.68546662716392], [-73.94731056625577, 40.685845486082506], [-73.94716450741116, 40.685112390966935]]]]}",5777.65534679,Brooklyn,Bedford
"{'type': 'MultiPolygon', 'coordinates': [[[[-73.9530366795168, 40.60150590938762], [-73.95397802921507, 40.60140163224036], [-73.95494183718068, 40.60129649039936], [-73.95590485025015, 40.60119091749463], [-73.95628728407772, 40.601147333963716], [-73.95683001633175, 40.60108734907758], [-73.95728347449587, 40.60346964169762], [-73.95753057660406, 40.60482330883048], [-73.95772401273773, 40.60579983320428], [-73.95718715888233, 40.6058636892159], [-73.95679474176515, 40.60590270563883], [-73.95583074074815, 40.606007204699225], [-73.95486939420455, 40.60611367908789], [-73.95392245016285, 40.60621661031639], [-73.95348473346691, 40.603890647765816], [-73.9530366795168, 40.60150590938762]]]]}",5599.34479239,Brooklyn,Madison
"{'type': 'MultiPolygon', 'coordinates': [[[[-73.9493455179803, 40.588513895217346], [-73.95010000319932, 40.5884314668562], [-73.95053877464193, 40.58838352370929], [-73.95100840299101, 40.58833180102591], [-73.95149337537185, 40.58827838985007], [-73.95245327575216, 40.588173492836006], [-73.95265109340704, 40.58921122882623], [-73.95272270780771, 40.589586939155666], [-73.95285743974742, 40.590293679602965], [-73.95307167080173, 40.591426499124154], [-73.95326012874342, 40.59241275670981], [-73.95230036006912, 40.59251402260288], [-73.95237014636747, 40.59288557118217], [-73.9524970472552, 40.593561205601446], [-73.95262488125283, 40.59424175619884], [-73.95263111854909, 40.594274970272096], [-73.95269927278541, 40.594637791650946], [-73.95276840892019, 40.59500018132204], [-73.95291182719855, 40.59575192543371], [-73.95314947405706, 40.597027918568166], [-73.95220370821761, 40.59713035149433], [-73.95100585510703, 40.59726261947361], [-73.95088024460901, 40.59660979514292], [-73.95055414715881, 40.59487085431102], [-73.95015202350199, 40.59275348829088], [-73.94975060101409, 40.59063361633411], [-73.9493455179803, 40.588513895217346]]]]}",8185.0959122,Brooklyn,Sheepshead Bay-Gerritsen Beach-Manhattan Beach
"{'type': 'MultiPolygon', 'coordinates': [[[[-73.88116730337693, 40.68135366366726], [-73.88210725265975, 40.681217491138135], [-73.88303083264556, 40.68108517540948], [-73.8839719377404, 40.680947115195345], [-73.88489254738121, 40.68081111619076], [-73.88581541338192, 40.68067451867771], [-73.88630332605835, 40.682588919641525], [-73.88650461817556, 40.683348567847645], [-73.88564663772854, 40.68375304906111], [-73.88479646292525, 40.68415211132302], [-73.88389603437231, 40.68457400641411], [-73.8830416517419, 40.684972573321744], [-73.88220333078613, 40.68536028983371], [-73.88205690921343, 40.68492967640307], [-73.88164398745342, 40.683270459026865], [-73.88116730337693, 40.68135366366726]]]]}",5193.71814857,Brooklyn,Cypress Hills-City Line
"{'type': 'MultiPolygon', 'coordinates': [[[[-73.94767622840752, 40.660297324236005], [-73.94760091739121, 40.659585773186784], [-73.9475225439303, 40.658875752843784], [-73.94743290329555, 40.658031206508795], [-73.94735403396606, 40.657280095229694], [-73.94726367459748, 40.656437430622724], [-73.94715896323054, 40.65559378777362], [-73.95006664927287, 40.65542299720061], [-73.95015966048459, 40.656260231082676], [-73.95024701130465, 40.657095146785636], [-73.9503259672948, 40.65783743224603], [-73.95041539950725, 40.658693150196946], [-73.95049313972766, 40.6594051050902], [-73.95056848213086, 40.66011654553492], [-73.95064444098895, 40.660827130904536], [-73.95072412677708, 40.66156906477342], [-73.95081041735997, 40.66235357725821], [-73.95011282349051, 40.662396951232694], [-73.94974014723978, 40.6624201208041], [-73.94791392928235, 40.6625336399175], [-73.94783213321794, 40.66174564137611], [-73.9477527377973, 40.66100689403111], [-73.94767622840752, 40.660297324236005]]]]}",6685.94142548,Brooklyn,Prospect Lefferts Gardens-Wingate
"{'type': 'MultiPolygon', 'coordinates': [[[[-73.97981769507334, 40.625773625245614], [-73.98008712844054, 40.62551183793174], [-73.98039701549395, 40.6252107382311], [-73.9809853420186, 40.624653145003286], [-73.98129337616092, 40.624356519926856], [-73.981565551754, 40.62409443152354], [-73.98273633157505, 40.62480149454438], [-73.98383100957399, 40.62546256352387], [-73.98326376873668, 40.6260348617433], [-73.98346435512757, 40.6261557762907], [-73.9847618610704, 40.62601968875113], [-73.98493834316572, 40.626122596068704], [-73.98596674177702, 40.6267560623667], [-73.98842824402895, 40.62823089180314], [-73.98833888540986, 40.628319557031354], [-73.98784191992222, 40.628796654786846], [-73.98725890908335, 40.62935523869049], [-73.98667493047405, 40.62991579130532], [-73.98420395929347, 40.628448189183594], [-73.98301600647025, 40.627704271326785], [-73.9821325938447, 40.62717144400488], [-73.98124489519638, 40.62662909956526], [-73.98109510007633, 40.62654333720041], [-73.98086712356837, 40.62640938341995], [-73.97981769507334, 40.625773625245614]]]]}",6789.74047827,Brooklyn,Borough Park
"{'type': 'MultiPolygon', 'coordinates': [[[[-73.91932072862139, 40.697060396871876], [-73.91856440692271, 40.6966300949912], [-73.91848765661173, 40.69658666446815], [-73.91842289822198, 40.69655002038476], [-73.91835160543692, 40.696509677147745], [-73.91824631872902, 40.69645009919075], [-73.91812143899853, 40.69637943246623], [-73.91800959451801, 40.69631614190954], [-73.91781824895689, 40.69620786264961], [-73.91839222279421, 40.69562405410304], [-73.91927079183588, 40.69473110426807], [-73.92115385566042, 40.69279669397854], [-73.92199459075542, 40.6931436579031], [-73.92274749956842, 40.69357280048982], [-73.92349832768406, 40.6940006769318], [-73.92424880923994, 40.694428611375514], [-73.92227093771318, 40.69644243278428], [-73.92198298561108, 40.69673601547306], [-73.92189050524081, 40.69683030416511], [-73.92121811475184, 40.69751582772912], [-73.92114194109662, 40.69759348715001], [-73.92082397449292, 40.69791765760238], [-73.92049620493216, 40.6977308390135], [-73.92043053949844, 40.69769341208214], [-73.92007372419296, 40.697490034399905], [-73.9196050846693, 40.69722264374144], [-73.91956944214998, 40.69720230748511], [-73.91932072862139, 40.697060396871876]]]]}",5222.70030619,Brooklyn,Bushwick South
"{'type': 'MultiPolygon', 'coordinates': [[[[-73.95398278705585, 40.62355503207883], [-73.95490800486338, 40.623454478198774], [-73.95594076577467, 40.62334016063696], [-73.95714256395165, 40.623207887260286], [-73.95808804111296, 40.62310580188351], [-73.9585383331625, 40.62549418085623], [-73.95899416297213, 40.62788559454315], [-73.9580529314662, 40.62797111863201], [-73.95684697280595, 40.62811987905406], [-73.9558120719495, 40.62823349190701], [-73.95488499156899, 40.628335548840035], [-73.95443415146855, 40.62594456216945], [-73.95398278705585, 40.62355503207883]]]]}",5822.84477033,Brooklyn,Midwood
"{'type': 'MultiPolygon', 'coordinates': [[[[-73.93503274566054, 40.60173379090118], [-73.93447158901418, 40.601231511897375], [-73.9352598196141, 40.60114234811643], [-73.93619686434418, 40.60105507045559], [-73.93715063009022, 40.60094886618557], [-73.93811308681073, 40.600843757169905], [-73.93904134714633, 40.600741432095354], [-73.93939740850357, 40.602634904844855], [-73.93946548934625, 40.6029968966242], [-73.93991672776626, 40.60538600315016], [-73.9392097868506, 40.60547889853825], [-73.9389159228333, 40.605222939718836], [-73.9386747858081, 40.60500138257622], [-73.93773810518582, 40.60416126749797], [-73.93682747858846, 40.60334437571569], [-73.93655774141634, 40.60309499907738], [-73.93503274566054, 40.60173379090118]]]]}",5221.45259126,Brooklyn,Madison
"{'type': 'MultiPolygon', 'coordinates': [[[[-73.93298420763749, 40.63955446223741], [-73.93391820703276, 40.63949666733303], [-73.9348875040951, 40.639438596518644], [-73.93537774498009, 40.63940800242174], [-73.93585629308835, 40.63937813097508], [-73.93679195475151, 40.639319142633965], [-73.9370413303326, 40.641658799331154], [-73.93728427248608, 40.6439577220251], [-73.9363486870851, 40.644017055842426], [-73.93538239913546, 40.64407436719263], [-73.93441051540462, 40.64413417865119], [-73.93347837846225, 40.644192779592295], [-73.93323426647333, 40.641894613938085], [-73.93302326537264, 40.63991995175206], [-73.93298420763749, 40.63955446223741]]]]}",5510.79876481,Brooklyn,East Flatbush-Farragut
"{'type': 'MultiPolygon', 'coordinates': [[[[-73.91746991635154, 40.621512428609115], [-73.91741279788268, 40.62095853067417], [-73.91726440925842, 40.61954803796828], [-73.91826562963043, 40.61948427618001], [-73.91920055491559, 40.61942644892271], [-73.92013375124505, 40.61936966511039], [-73.92110242801024, 40.61930919820453], [-73.92097112918647, 40.61812359000237], [-73.92085197859551, 40.616971435842736], [-73.92182333752011, 40.61691126107683], [-73.92275533938091, 40.61685390618896], [-73.92300753155868, 40.61919286338609], [-73.9232613529739, 40.62160068410337], [-73.92232973423631, 40.62165803398704], [-73.92135912271041, 40.6217177441445], [-73.92038944356148, 40.6217769620927], [-73.91982948633265, 40.621811575597015], [-73.91945570413255, 40.62183467421124], [-73.91900416275413, 40.621862893995214], [-73.91852229366357, 40.62189300034415], [-73.91801813081604, 40.62192533131849], [-73.91751556159461, 40.62194031579216], [-73.91746991635154, 40.621512428609115]]]]}",6663.14362636,Brooklyn,Flatlands
"{'type': 'MultiPolygon', 'coordinates': [[[[-74.00474646711004, 40.64356697977728], [-74.00532944413116, 40.64300644448842], [-74.00591235211326, 40.64244496956113], [-74.00649698801892, 40.641884284960646], [-74.00707894260734, 40.64132528050812], [-74.00928151062453, 40.64265634138009], [-74.01148370452388, 40.64398661340751], [-74.010902224838, 40.64454699976925], [-74.01031893880946, 40.6451066629451], [-74.00973537056362, 40.64566683595484], [-74.0091528209351, 40.646226735160596], [-74.00695078858615, 40.64489723903702], [-74.00474646711004, 40.64356697977728]]]]}",5203.9793279,Brooklyn,Sunset Park East
"{'type': 'MultiPolygon', 'coordinates': [[[[-73.88371830492846, 40.637679758682744], [-73.88444426064454, 40.63719737964735], [-73.88518197993609, 40.63670758691193], [-73.88594417756666, 40.63622681167491], [-73.88664641970718, 40.635774678987964], [-73.88669930711585, 40.63582219784455], [-73.88701548264211, 40.6361062356464], [-73.88850752849541, 40.637446575524585], [-73.89032791622309, 40.63907941948053], [-73.88961349439121, 40.63954186296521], [-73.88887037353761, 40.64002489803869], [-73.88812746511795, 40.6405016500332], [-73.88738553527432, 40.64098063300277], [-73.88676137874651, 40.64042670538115], [-73.8861865451543, 40.63990444802871], [-73.88556522801865, 40.63934667118815], [-73.88495249679407, 40.63878658512877], [-73.88437159166368, 40.63827141940552], [-73.88377841535308, 40.63773420142419], [-73.88371830492846, 40.637679758682744]]]]}",5294.22320135,Brooklyn,Canarsie
"{'type': 'MultiPolygon', 'coordinates': [[[[-73.94722949801006, 40.675052711204295], [-73.94731223877704, 40.674161887708216], [-73.94739574630316, 40.673271676555345], [-73.94748050653838, 40.67237964713722], [-73.9502511329594, 40.672529868268334], [-73.95301930018383, 40.6726810663684], [-73.95293648353115, 40.67357148010141], [-73.9528490516301, 40.67446186548719], [-73.95276824053983, 40.675354467812255], [-73.95000107466053, 40.67520429902112], [-73.94722949801006, 40.675052711204295]]]]}",5033.48598215,Brooklyn,Crown Heights North
"{'type': 'MultiPolygon', 'coordinates': [[[[-74.00343557036693, 40.62069540384769], [-74.00401906907375, 40.620136189069065], [-74.00459906977372, 40.61957685399818], [-74.005226659917, 40.61897315402657], [-74.00585319934184, 40.618370477260555], [-74.00643394992089, 40.61781471690192], [-74.00701531620906, 40.61725394643714], [-74.00759806889573, 40.61669446086931], [-74.0097998573523, 40.618023814725], [-74.00921772651256, 40.61858223981409], [-74.00863712356524, 40.61914217358746], [-74.00805376795847, 40.61970027835653], [-74.00742666810375, 40.62030364221056], [-74.00680205262027, 40.6209056603851], [-74.00621887870271, 40.6214643940125], [-74.00563745682207, 40.62202355728935], [-74.00343557036693, 40.62069540384769]]]]}",5279.39727322,Brooklyn,Dyker Heights
"{'type': 'MultiPolygon', 'coordinates': [[[[-73.90377394897381, 40.641652857442416], [-73.90462641561378, 40.64110236881184], [-73.90520058384547, 40.64072908258958], [-73.90597221388826, 40.640238248737], [-73.90674187400086, 40.63973557588609], [-73.90745386973812, 40.639275454985736], [-73.90911926743973, 40.64077015835976], [-73.91012024837882, 40.64167092346021], [-73.91076410034859, 40.64224565023108], [-73.91005029443558, 40.642708780282994], [-73.90927970102157, 40.64320402774255], [-73.9080234272856, 40.64401706270216], [-73.9075796721109, 40.64430395423767], [-73.90708399180873, 40.64462319340351], [-73.90655850939281, 40.64415219210356], [-73.90541680534773, 40.643128809895735], [-73.90448450777686, 40.642291709969044], [-73.90377394897381, 40.641652857442416]]]]}",5517.26274687,Brooklyn,Canarsie
"{'type': 'MultiPolygon', 'coordinates': [[[[-73.92308304799766, 40.70397548617403], [-73.92233171431549, 40.70354296093349], [-73.92157981795008, 40.70311462659686], [-73.92082687795602, 40.70268644910185], [-73.92007482182785, 40.70225876247546], [-73.92163116397205, 40.70067556137892], [-73.9230816944169, 40.699200671882004], [-73.92383266991749, 40.699627798216774], [-73.92458241318437, 40.70005525202627], [-73.9253295998091, 40.700481194533474], [-73.92608301619079, 40.700910145119074], [-73.92683805761695, 40.70133421036639], [-73.92538977579035, 40.70281006661583], [-73.9238344977471, 40.704397416156255], [-73.92308304799766, 40.70397548617403]]]]}",5385.17094207,Brooklyn,Bushwick North
"{'type': 'MultiPolygon', 'coordinates': [[[[-73.93534896372627, 40.625835032595795], [-73.93631792195528, 40.62577464503403], [-73.93728861481252, 40.62571445614544], [-73.93822067921211, 40.62565653462723], [-73.93851401950434, 40.62563872727311], [-73.93915724418619, 40.62559953621175], [-73.93935602931188, 40.6274581702207], [-73.93960544146321, 40.62979489026353], [-73.93867362745215, 40.629852803880404], [-73.93773796826883, 40.629913185947785], [-73.9367674395246, 40.62997355764742], [-73.93580024323316, 40.63003138411911], [-73.93554872032529, 40.62769178368606], [-73.93534896372627, 40.625835032595795]]]]}",5187.84492383,Brooklyn,Flatlands
"{'type': 'MultiPolygon', 'coordinates': [[[[-73.93753749374089, 40.608557389754964], [-73.9382967955253, 40.60806269360591], [-73.93901246938964, 40.60759947730705], [-73.93933968959354, 40.60738556023579], [-73.9393926909823, 40.60735090934695], [-73.9397261393271, 40.6071329151229], [-73.93843493575841, 40.605973863058786], [-73.93791557907792, 40.60549790060331], [-73.93609407296226, 40.60387316224379], [-73.9342626672588, 40.60223071136699], [-73.93503274566054, 40.60173379090118], [-73.93655774141634, 40.60309499907738], [-73.93682747858846, 40.60334437571569], [-73.93773810518582, 40.60416126749797], [-73.9386747858081, 40.60500138257622], [-73.9389159228333, 40.605222939718836], [-73.9392097868506, 40.60547889853825], [-73.94003133542176, 40.60620314169837], [-73.94050812697783, 40.606642403762905], [-73.94116729880949, 40.60724379628829], [-73.94154700777685, 40.607582288304904], [-73.9423117585933, 40.60826819732584], [-73.94187230011019, 40.608555467466886], [-73.94154757693073, 40.60876773629731], [-73.94082897916039, 40.609229317663356], [-73.9401152876221, 40.60969107767297], [-73.93934703447131, 40.61018714136911], [-73.93753749374089, 40.608557389754964]]]]}",8403.55014018,Brooklyn,Madison
"{'type': 'MultiPolygon', 'coordinates': [[[[-73.95791873735388, 40.64414326559375], [-73.95875335836047, 40.643772256720204], [-73.95972713518834, 40.64333185191732], [-73.95937694894458, 40.64147155523351], [-73.96050179995993, 40.64094058727479], [-73.96138536962722, 40.6405251270064], [-73.96228158164404, 40.640101325352376], [-73.96318588314621, 40.63967181829412], [-73.96355684630169, 40.64160992507839], [-73.96408758355717, 40.644406417265316], [-73.9631244909098, 40.64451197767658], [-73.96216160873865, 40.64461720575631], [-73.9612134072085, 40.6447228802047], [-73.96001600744538, 40.64485312683706], [-73.95897898403, 40.644966469810036], [-73.9580217647043, 40.645069962320854], [-73.95797764682956, 40.644576255516505], [-73.95791873735388, 40.64414326559375]]]]}",6293.56260371,Brooklyn,Flatbush
"{'type': 'MultiPolygon', 'coordinates': [[[[-73.94181428761928, 40.80123649161335], [-73.9422717512097, 40.800608199873444], [-73.94273380479531, 40.799978342517534], [-73.9429647902603, 40.79966832643989], [-73.94323386401436, 40.79930718664977], [-73.94374198883924, 40.79861507762979], [-73.94391130118711, 40.79838357805667], [-73.94396683034356, 40.798307652951806], [-73.9441702689505, 40.79802949059467], [-73.94432290472277, 40.797820789329975], [-73.94442935688569, 40.79767523506538], [-73.94463158311375, 40.797398719729046], [-73.94469410526997, 40.79731322842944], [-73.94476157518521, 40.797220973636044], [-73.94486067310096, 40.79708546827279], [-73.94492765571252, 40.796993876879874], [-73.9450961463569, 40.796763483463565], [-73.94522698885575, 40.796820133297174], [-73.94556506780818, 40.79696479511533], [-73.94566684714073, 40.79700834433972], [-73.94670030971344, 40.797450543718], [-73.94722520890936, 40.79767168595846], [-73.94831125388248, 40.798129217566526], [-73.94820641538013, 40.79827285109837], [-73.94815384324836, 40.79834487657842], [-73.94810109026562, 40.798417148381446], [-73.94805130202991, 40.798485359854325], [-73.9478467911888, 40.798765542700856], [-73.94781663052815, 40.798806862971986], [-73.94775716468848, 40.79888833204087], [-73.94771055979315, 40.79895218061348], [-73.94741996235193, 40.7993502952957], [-73.94737599844727, 40.799410524218], [-73.9473277151459, 40.79947667147866], [-73.9472801829742, 40.79954178928657], [-73.94697366806989, 40.79996170341282], [-73.94646133852031, 40.80066530588232], [-73.94596789749369, 40.801342395172476], [-73.94550863918158, 40.80197023174224], [-73.94505127984516, 40.80259859871751], [-73.94343585256632, 40.80191926448627], [-73.94195597543727, 40.801295959982134], [-73.94181428761928, 40.80123649161335]]]]}",5771.87384935,Manhattan,East Harlem North
"{'type': 'MultiPolygon', 'coordinates': [[[[-74.01004189178258, 40.624686202492164], [-74.01029663257064, 40.62444088792647], [-74.01037840558328, 40.62436213034713], [-74.01062410400387, 40.624125514122184], [-74.0112061054603, 40.623565992475925], [-74.01156835664975, 40.62321804011075], [-74.01183245632667, 40.62296437370594], [-74.01212465395972, 40.62268318277417], [-74.01245837055107, 40.6223620388643], [-74.01304073202054, 40.62180286914411], [-74.01362246814834, 40.62124382165817], [-74.01420288284814, 40.6206847443858], [-74.01640622335891, 40.622014177389474], [-74.01582540140983, 40.622573608194116], [-74.01524185216776, 40.62313302667511], [-74.01466131817894, 40.623691812537466], [-74.01403349690514, 40.624293942070175], [-74.0134087723857, 40.62489587947142], [-74.01282730885728, 40.62545573546108], [-74.01224533997598, 40.62601560712521], [-74.01004189178258, 40.624686202492164]]]]}",5280.33883591,Brooklyn,Dyker Heights
"{'type': 'MultiPolygon', 'coordinates': [[[[-73.9190087992064, 40.612120502428624], [-73.92038860196269, 40.613366707362175], [-73.92081911236352, 40.613755516654024], [-73.92052694107498, 40.61394269500626], [-73.92010699963082, 40.614212128891005], [-73.91960797147065, 40.61453446453847], [-73.91937088698582, 40.61469022304979], [-73.91893348463408, 40.61496778028131], [-73.9186283821214, 40.61516860665799], [-73.9178875335176, 40.615646580379554], [-73.91739073173478, 40.61596630640253], [-73.91719587388143, 40.616091716413315], [-73.91690302737105, 40.61627422991109], [-73.9169765168347, 40.6169322128547], [-73.91700809992273, 40.617201923723314], [-73.91711554441459, 40.61792519123928], [-73.91716779456259, 40.6183879621651], [-73.91678184722558, 40.618041163114334], [-73.91569464110174, 40.61706419650062], [-73.91387690387846, 40.6154318066527], [-73.91467032529606, 40.614920245574396], [-73.91538776044973, 40.61445775481878], [-73.91609507675528, 40.61399870076918], [-73.91680665126391, 40.613538016717925], [-73.9175614118372, 40.613055015383736], [-73.91828922113933, 40.61257930440572], [-73.9190087992064, 40.612120502428624]]]]}",6255.09029683,Brooklyn,Georgetown-Marine Park-Bergen Beach-Mill Basin
"{'type': 'MultiPolygon', 'coordinates': [[[[-73.95392245016285, 40.60621661031639], [-73.95486939420455, 40.60611367908789], [-73.95583074074815, 40.606007204699225], [-73.95679474176515, 40.60590270563883], [-73.95718715888233, 40.6058636892159], [-73.95772401273773, 40.60579983320428], [-73.95828056952232, 40.608747354279494], [-73.95859278495766, 40.61040303093509], [-73.95804731927223, 40.61046276244426], [-73.95766801379435, 40.61050371521898], [-73.95670471406346, 40.61061187782894], [-73.9557406698918, 40.61071482695364], [-73.95479552709989, 40.610820766155186], [-73.95469559436981, 40.610266059790646], [-73.9543891391047, 40.6086748702632], [-73.95392245016285, 40.60621661031639]]]]}",5520.89472736,Brooklyn,Madison
"{'type': 'MultiPolygon', 'coordinates': [[[[-73.94526519230124, 40.59789362694904], [-73.94622941179414, 40.59778899208439], [-73.94719207003335, 40.59768208727084], [-73.94812013074082, 40.59757939994927], [-73.94855032686569, 40.59753296361025], [-73.94904681622317, 40.59747936153664], [-73.94944810515335, 40.59959756723467], [-73.94987458880875, 40.60185315696847], [-73.94894926078035, 40.60195392402286], [-73.94802259326018, 40.602056519308306], [-73.94705837472739, 40.60216200684758], [-73.94652440251737, 40.602221770241506], [-73.94609624165321, 40.602269685425426], [-73.94603166528474, 40.601928546537074], [-73.94600677168553, 40.60179704976838], [-73.94586617572816, 40.60105421501967], [-73.94584715271276, 40.60095373497191], [-73.94574628739123, 40.60042079423799], [-73.94566886811036, 40.60001176686964], [-73.94561084934067, 40.599705724108354], [-73.94543178268721, 40.59876121624505], [-73.94526519230124, 40.59789362694904]]]]}",5342.00109832,Brooklyn,Madison
"{'type': 'MultiPolygon', 'coordinates': [[[[-73.96528613372128, 40.614992637070294], [-73.96621451220791, 40.614891766939245], [-73.96728599074099, 40.61477218213299], [-73.96837620639091, 40.614652321768396], [-73.96865662785416, 40.6146214921716], [-73.96893331455703, 40.61459087833389], [-73.97002975185498, 40.61446956305112], [-73.97095543469057, 40.614368798335974], [-73.97188096069814, 40.61426576549255], [-73.97290326943252, 40.61415296888713], [-73.97335879350726, 40.61654171579923], [-73.97233734757239, 40.616653732609244], [-73.9714119417168, 40.616757319304696], [-73.970482823634, 40.616859158312124], [-73.96939034497962, 40.6169717615867], [-73.96926611164892, 40.61698562479025], [-73.96911050452687, 40.61700298832522], [-73.96882927049984, 40.61703452142007], [-73.96826363058202, 40.6171031209961], [-73.96773971023343, 40.61716059051054], [-73.96666442629514, 40.61727780152448], [-73.96573927568069, 40.617380324720045], [-73.96539460853353, 40.6155740191604], [-73.96528613372128, 40.614992637070294]]]]}",6032.53550589,Brooklyn,Ocean Parkway South
"{'type': 'MultiPolygon', 'coordinates': [[[[-73.93140358512959, 40.59847680641868], [-73.93173217202086, 40.59825930004674], [-73.93257531401879, 40.59771858445517], [-73.93348304222292, 40.597141301958175], [-73.93341293223459, 40.5967562429879], [-73.93397438982875, 40.596694051899625], [-73.93441032160992, 40.59664576362463], [-73.93536880924118, 40.59654154864442], [-73.93553436420866, 40.59744777993898], [-73.9355514588902, 40.59754135426316], [-73.93560736964221, 40.59784739933596], [-73.9356239251744, 40.59793801444252], [-73.93570147159618, 40.59836247837245], [-73.93571678225985, 40.59844628454496], [-73.9358039975266, 40.598923666382], [-73.9359392580459, 40.59890858834112], [-73.93675736758374, 40.598817383897334], [-73.93694429131153, 40.59879659756319], [-73.93755506778697, 40.59872867179428], [-73.93771133641519, 40.5987112925184], [-73.93817886092033, 40.59865960304508], [-73.93863736969836, 40.59860890583287], [-73.93895266499695, 40.598575527874004], [-73.93909628948684, 40.59856032323815], [-73.9395610928414, 40.598511112330584], [-73.9401666162705, 40.598443609014154], [-73.94027565948915, 40.59843145252178], [-73.94048860934916, 40.59840771236466], [-73.94137709415426, 40.59831511711232], [-73.94148000390203, 40.59830439123593], [-73.94248473340741, 40.59820036561234], [-73.94278946000966, 40.59979454990714], [-73.94283742407704, 40.600045693639444], [-73.9428895406154, 40.60031864969622], [-73.94189057649263, 40.60042741932569], [-73.9411660980562, 40.60050801622872], [-73.9408926360581, 40.60053783648952], [-73.9399669929643, 40.600639448293876], [-73.93952543849434, 40.600688097278876], [-73.93904134714633, 40.600741432095354], [-73.93811308681073, 40.600843757169905], [-73.93715063009022, 40.60094886618557], [-73.93619686434418, 40.60105507045559], [-73.9352598196141, 40.60114234811643], [-73.93447158901418, 40.601231511897375], [-73.9342271132134, 40.60101020358843], [-73.93392151266282, 40.60073923195586], [-73.93322184684375, 40.60010737304132], [-73.93292657506866, 40.59981792626609], [-73.93140358512959, 40.59847680641868]]]]}",8653.41638314,Brooklyn,Sheepshead Bay-Gerritsen Beach-Manhattan Beach
"{'type': 'MultiPolygon', 'coordinates': [[[[-73.99174340405398, 40.57343001107267], [-73.99277258948487, 40.573198231755896], [-73.99382750900746, 40.573012902055076], [-73.99490444381989, 40.57287304071553], [-73.99568523467171, 40.57280999597189], [-73.99579140428621, 40.57280142239687], [-73.99596084547966, 40.57278774014141], [-73.99636029761535, 40.57277403164797], [-73.99644946236958, 40.57277097233303], [-73.99678403560111, 40.572759489155885], [-73.99686813048726, 40.57275660226446], [-73.99704433384458, 40.572750554089964], [-73.99714601190672, 40.57275076640807], [-73.99740979371823, 40.572751316627105], [-73.99750151734982, 40.572751508637175], [-73.99808758407316, 40.572752728111965], [-73.99915261084696, 40.5728123109001], [-73.99939056703747, 40.57283710946485], [-73.99947706271121, 40.57284612331673], [-74.00030997943124, 40.572932920820186], [-74.00142189819474, 40.57310184254657], [-74.00254829105583, 40.57332704412403], [-74.00279577156185, 40.574636716177], [-74.0017342720248, 40.57475034726059], [-74.00067580330948, 40.57486856117145], [-73.99961512279324, 40.57498420714532], [-73.99855647023543, 40.57510056523504], [-73.99749692764964, 40.57521779458624], [-73.996438267627, 40.575335501702426], [-73.99537975761496, 40.57545082098605], [-73.99431553806208, 40.57557399189109], [-73.99326198042282, 40.575695154264935], [-73.99219597103405, 40.57580857129259], [-73.9920554591561, 40.575070127031715], [-73.99202830196508, 40.57492740255421], [-73.9919132382061, 40.574322677883835], [-73.99174340405398, 40.57343001107267]]]]}",7381.41760556,Brooklyn,Seagate-Coney Island
"{'type': 'MultiPolygon', 'coordinates': [[[[-73.91716779456259, 40.6183879621651], [-73.91711554441459, 40.61792519123928], [-73.91700809992273, 40.617201923723314], [-73.9169765168347, 40.6169322128547], [-73.91690302737105, 40.61627422991109], [-73.91719587388143, 40.616091716413315], [-73.91739073173478, 40.61596630640253], [-73.9178875335176, 40.615646580379554], [-73.9186283821214, 40.61516860665799], [-73.91893348463408, 40.61496778028131], [-73.91937088698582, 40.61469022304979], [-73.91960797147065, 40.61453446453847], [-73.92010699963082, 40.614212128891005], [-73.92052694107498, 40.61394269500626], [-73.92062400307957, 40.614838681674975], [-73.92085197859551, 40.616971435842736], [-73.92097112918647, 40.61812359000237], [-73.92110242801024, 40.61930919820453], [-73.92013375124505, 40.61936966511039], [-73.91920055491559, 40.61942644892271], [-73.91826562963043, 40.61948427618001], [-73.91726440925842, 40.61954803796828], [-73.91717137732488, 40.618711251963], [-73.91716779456259, 40.6183879621651]]]]}",5544.89292062,Brooklyn,Flatlands
"{'type': 'MultiPolygon', 'coordinates': [[[[-74.02835031608427, 40.622798626925196], [-74.02864338068372, 40.622086008710035], [-74.0286800021249, 40.62199620868149], [-74.0289231215321, 40.62140418249095], [-74.02900836845947, 40.62119206102643], [-74.02920031510213, 40.62072136408267], [-74.02929556017955, 40.62048690826071], [-74.02956408409689, 40.61983253935205], [-74.03021113041962, 40.62014827366867], [-74.0320500278872, 40.62104063283038], [-74.03219532767785, 40.620687470346155], [-74.03488649895603, 40.62131959788916], [-74.0346006153585, 40.6220007390482], [-74.03432262014285, 40.62268220963577], [-74.03404330705307, 40.62336319472773], [-74.03374211670449, 40.624098972604855], [-74.03105991786607, 40.62346289800925], [-74.0305556321425, 40.623339274968565], [-74.02910595217665, 40.622983882884114], [-74.02835031608427, 40.622798626925196]]]]}",5498.33438799,Brooklyn,Bay Ridge
"{'type': 'MultiPolygon', 'coordinates': [[[[-73.99301822153384, 40.697462364566825], [-73.99378519586247, 40.6958701947754], [-73.9939781073281, 40.695462956634486], [-73.99429815724346, 40.69479168667164], [-73.99461862467244, 40.694119874500615], [-73.994829170219, 40.693673535949536], [-73.99508016977992, 40.69314721511914], [-73.99592548140669, 40.69330093811047], [-73.9967170257997, 40.6934393277962], [-73.99645485886953, 40.69396695787661], [-73.99641650931223, 40.69404730047], [-73.99617348165155, 40.69455632470748], [-73.99585487317633, 40.69522062160498], [-73.99554669331646, 40.6958926726413], [-73.99532576622259, 40.69637864305878], [-73.99460471371123, 40.69788875288607], [-73.9942921101263, 40.69853508050367], [-73.99270830309769, 40.6980992598135], [-73.99301822153384, 40.697462364566825]]]]}",4828.17027524,Brooklyn,Brooklyn Heights-Cobble Hill
"{'type': 'MultiPolygon', 'coordinates': [[[[-73.93536880924118, 40.59654154864442], [-73.93524798362976, 40.595934094474714], [-73.93523211725952, 40.59585432117214], [-73.93517115460385, 40.595547826037794], [-73.93515315929501, 40.59545734841105], [-73.93506484343366, 40.59501332623247], [-73.93504617042899, 40.59491944015335], [-73.93494853538179, 40.59442855063524], [-73.93528750222042, 40.59439499743667], [-73.93538260636282, 40.59438558303729], [-73.93589906619417, 40.5943344577216], [-73.93611727014893, 40.59431017524317], [-73.93678368624624, 40.594236012020794], [-73.93692952937651, 40.594219779834106], [-73.93760527635665, 40.59414457292589], [-73.93768259295642, 40.594135967689574], [-73.93777948946384, 40.59412518255928], [-73.93793843146389, 40.59410812942698], [-73.9387170582348, 40.594024584982435], [-73.93908423707008, 40.593984047981166], [-73.9394766272324, 40.593940725516646], [-73.93964133594521, 40.59392254056836], [-73.93974913860463, 40.593909807454224], [-73.94051817562165, 40.593818971489384], [-73.94061132717552, 40.59380796809797], [-73.94067085232666, 40.59411651371927], [-73.94069017642461, 40.594216677047854], [-73.94075108359989, 40.594532378503246], [-73.94077966551806, 40.59468052730119], [-73.94081668328306, 40.59487240071292], [-73.94085213946097, 40.59505617946442], [-73.94090202206421, 40.59531473007351], [-73.94091644263771, 40.595389473460045], [-73.94101897126488, 40.59592089505461], [-73.94105584336575, 40.59611153259521], [-73.94106836959712, 40.596176291080205], [-73.94120559831842, 40.59688576172238], [-73.94123828174638, 40.59705473015363], [-73.94127905147937, 40.59726550761126], [-73.94129863491433, 40.597366751837114], [-73.9413643669377, 40.59770657769646], [-73.94138092322446, 40.59779217396867], [-73.94148000390203, 40.59830439123593], [-73.94137709415426, 40.59831511711232], [-73.94048860934916, 40.59840771236466], [-73.94027565948915, 40.59843145252178], [-73.9401666162705, 40.598443609014154], [-73.9395610928414, 40.598511112330584], [-73.93909628948684, 40.59856032323815], [-73.93895266499695, 40.598575527874004], [-73.93863736969836, 40.59860890583287], [-73.93817886092033, 40.59865960304508], [-73.93771133641519, 40.5987112925184], [-73.93755506778697, 40.59872867179428], [-73.93694429131153, 40.59879659756319], [-73.93675736758374, 40.598817383897334], [-73.9359392580459, 40.59890858834112], [-73.9358039975266, 40.598923666382], [-73.93571678225985, 40.59844628454496], [-73.93570147159618, 40.59836247837245], [-73.9356239251744, 40.59793801444252], [-73.93560736964221, 40.59784739933596], [-73.9355514588902, 40.59754135426316], [-73.93553436420866, 40.59744777993898], [-73.93536880924118, 40.59654154864442]]]]}",6491.89482944,Brooklyn,Sheepshead Bay-Gerritsen Beach-Manhattan Beach
"{'type': 'MultiPolygon', 'coordinates': [[[[-74.00193011441124, 40.62903276738879], [-74.00222793462211, 40.628751169643785], [-74.00251454806298, 40.628474209562604], [-74.00309826282376, 40.62791592651402], [-74.00372265972534, 40.627312307910856], [-74.00435001094564, 40.626710369931686], [-74.0065543231073, 40.62803972131473], [-74.00875385418286, 40.62937122591171], [-74.0100034083154, 40.63011308984557], [-74.00922358682914, 40.63063393433624], [-74.00845601121125, 40.63115026994152], [-74.0077396831576, 40.63163009029664], [-74.00702302420386, 40.63210999547643], [-74.00633870652987, 40.63169362618104], [-74.00413727968571, 40.630363965836565], [-74.00368597245085, 40.63009178102785], [-74.00306154030783, 40.629715175404584], [-74.00193011441124, 40.62903276738879]]]]}",5986.10498602,Brooklyn,Dyker Heights
"{'type': 'MultiPolygon', 'coordinates': [[[[-73.86822341610207, 40.827425455594664], [-73.86858073226446, 40.82737780113525], [-73.86863613597342, 40.82737041177535], [-73.86918329430983, 40.827297435318954], [-73.8693365994807, 40.82727654344837], [-73.86942613135527, 40.8272643423776], [-73.8694742039731, 40.827257790814286], [-73.87011529527979, 40.82717041967146], [-73.87038983338377, 40.8271353628423], [-73.87045336459596, 40.82712725066794], [-73.8710371152109, 40.82705270682893], [-73.87120773159005, 40.82702901624876], [-73.87128003083947, 40.82701897716551], [-73.87202920992816, 40.82691494629907], [-73.87275968620166, 40.8268162135182], [-73.87280482805829, 40.82681059061069], [-73.87281403717603, 40.827103179911475], [-73.87295706877731, 40.828448562039526], [-73.87306851575622, 40.82898359113235], [-73.87316167504048, 40.82943081459], [-73.87327288487577, 40.82989371961134], [-73.87322660117368, 40.8299061665495], [-73.87275546539014, 40.83002788204159], [-73.87179422426082, 40.830305439654474], [-73.87090345624775, 40.830563653616174], [-73.87000669891275, 40.83082034052983], [-73.86907935360439, 40.831085928690115], [-73.86814994382976, 40.83136038547576], [-73.86776219067276, 40.829687117623585], [-73.8687203256698, 40.82955797378504], [-73.86854017175138, 40.82878486403748], [-73.86822341610207, 40.827425455594664]]]]}",5612.22944252,Bronx,Soundview-Bruckner
"{'type': 'MultiPolygon', 'coordinates': [[[[-73.94068803134334, 40.711962048636806], [-73.94047713466229, 40.711562643310494], [-73.94042252027594, 40.71121764774935], [-73.9407535590888, 40.71118651349185], [-73.94116852850446, 40.71114748327299], [-73.94159179583863, 40.71110767140721], [-73.94196964849229, 40.711072130661336], [-73.94210580711076, 40.711059322922864], [-73.94245994740949, 40.71102586406806], [-73.94283637055865, 40.7109902983194], [-73.94326978850377, 40.71094934563768], [-73.94357731304203, 40.71092028693047], [-73.94378799623537, 40.71090037906394], [-73.94399256733875, 40.710880975612724], [-73.94405151250635, 40.71087538525177], [-73.94416508256323, 40.71086461278519], [-73.94454355602055, 40.71082871309056], [-73.94494587405786, 40.71079055088591], [-73.94536940904898, 40.71075037445711], [-73.94547479529106, 40.71074037749034], [-73.94559624746117, 40.71148150116531], [-73.94571657012376, 40.71221766212344], [-73.94583357910908, 40.712927022533705], [-73.94594877968466, 40.71363724601242], [-73.9442644791824, 40.71379532948908], [-73.94258293747644, 40.71395548780767], [-73.94171302224883, 40.71400706392149], [-73.94138523814352, 40.713347074725064], [-73.94104052086806, 40.712665852369696], [-73.94068803134334, 40.711962048636806]]]]}",4737.9783623,Brooklyn,East Williamsburg
"{'type': 'MultiPolygon', 'coordinates': [[[[-73.96737610335964, 40.595461075210466], [-73.9683024706499, 40.59536072764029], [-73.96922788091884, 40.595255545996494], [-73.9697713119069, 40.59492988157008], [-73.97011108143963, 40.594956850174846], [-73.97056817604438, 40.595000527093774], [-73.97108255219185, 40.595049672547205], [-73.97176509065001, 40.59511141144379], [-73.97169555014412, 40.595488542319444], [-73.97153324516661, 40.59636870925109], [-73.97132951066904, 40.59635243071841], [-73.97148350788788, 40.59717158495783], [-73.97163038223722, 40.59794401746698], [-73.97176105340291, 40.598651932444845], [-73.97191080543013, 40.59942305913237], [-73.97098384089291, 40.599529810599364], [-73.97005558742842, 40.5996320879261], [-73.9691298602932, 40.599733295628596], [-73.96820158932026, 40.59983503595418], [-73.96777646104212, 40.59758037900248], [-73.96737610335964, 40.595461075210466]]]]}",5569.96036747,Brooklyn,Homecrest
"{'type': 'MultiPolygon', 'coordinates': [[[[-73.93032510585428, 40.68929726462213], [-73.93205604625582, 40.68909818714831], [-73.93215763591667, 40.68908650223144], [-73.93229280817573, 40.689070954203], [-73.93239739323046, 40.689058924389876], [-73.93261586594774, 40.689033794566896], [-73.9327103555528, 40.6890229257218], [-73.93293427420593, 40.6889971682401], [-73.93324840736952, 40.68896103426656], [-73.93617169991664, 40.68862674768565], [-73.93632030277564, 40.689354003314385], [-73.9364673134326, 40.690090758456115], [-73.9366119070993, 40.69082209165733], [-73.93675794449723, 40.69155615258102], [-73.93383261946695, 40.69189276839798], [-73.93090708852644, 40.69222768806877], [-73.93076092295594, 40.69149517650193], [-73.93061691424631, 40.690761540530794], [-73.93046966482707, 40.6900302343349], [-73.93032510585428, 40.68929726462213]]]]}",5439.93873614,Brooklyn,Stuyvesant Heights
"{'type': 'MultiPolygon', 'coordinates': [[[[-73.97439072889581, 40.61057921305033], [-73.97418385455614, 40.609463501519535], [-73.97403097835277, 40.608702310159], [-73.97499506093494, 40.60859606428528], [-73.97591937773905, 40.60849511484736], [-73.97684703586908, 40.60839281757921], [-73.97777375870469, 40.60828914292554], [-73.97869929621817, 40.60818766743928], [-73.97918101403799, 40.61073872640811], [-73.97954398809793, 40.61270748419066], [-73.97920804615912, 40.61249723256932], [-73.97846953273276, 40.612044044756836], [-73.97740717630181, 40.611410477403204], [-73.9770115719101, 40.6111727688596], [-73.97637170304222, 40.61176868550265], [-73.97439072889581, 40.61057921305033]]]]}",5543.21185713,Brooklyn,Bensonhurst East
"{'type': 'MultiPolygon', 'coordinates': [[[[-73.88990669497632, 40.663778289998135], [-73.89082995434603, 40.66364167069124], [-73.89173786762021, 40.66350745098548], [-73.8926613110503, 40.66336921357695], [-73.8936501232994, 40.6632233120268], [-73.89462796527656, 40.6630795619218], [-73.89553070809032, 40.66294485740158], [-73.89592090099558, 40.66447126298599], [-73.89631628311461, 40.66601829249549], [-73.89540926627802, 40.666153107505565], [-73.89443917502982, 40.66629669125945], [-73.89344599770551, 40.66644523376868], [-73.89252548558304, 40.66658133701653], [-73.89161038676613, 40.66671664592789], [-73.89069385391426, 40.666852234347], [-73.89029917759834, 40.665311759354125], [-73.88990669497632, 40.663778289998135]]]]}",5460.42147207,Brooklyn,East New York (Pennsylvania Ave)
"{'type': 'MultiPolygon', 'coordinates': [[[[-73.95896596120764, 40.639304860691475], [-73.95867347162195, 40.63776647153397], [-73.95839961041402, 40.63632693831697], [-73.95952517985316, 40.6357862277288], [-73.9604087879137, 40.635360292838946], [-73.96130783799173, 40.634907665021835], [-73.9621998512432, 40.63448106161408], [-73.9624805888576, 40.6359331050144], [-73.96278088908002, 40.637513595083654], [-73.96318588314621, 40.63967181829412], [-73.96228158164404, 40.640101325352376], [-73.96138536962722, 40.6405251270064], [-73.96050179995993, 40.64094058727479], [-73.95937694894458, 40.64147155523351], [-73.95896596120764, 40.639304860691475]]]]}",6299.57545567,Brooklyn,Flatbush
"{'type': 'MultiPolygon', 'coordinates': [[[[-73.98549063159696, 40.597929673240316], [-73.98548008183722, 40.597875711933874], [-73.9852661420596, 40.596743846319505], [-73.98574725796807, 40.59704049347067], [-73.98645717402141, 40.59747892630208], [-73.98719210847075, 40.59792604759248], [-73.98793938533895, 40.598372049378945], [-73.98865795669548, 40.59880069916263], [-73.98939449084237, 40.59925456961748], [-73.99015003215155, 40.599705024057776], [-73.99086378713947, 40.60013402897952], [-73.99159842611225, 40.60058036605473], [-73.99097171154969, 40.601184560392845], [-73.99038998474988, 40.60174340324398], [-73.98980757332926, 40.6023029106634], [-73.98922343893858, 40.60286567522342], [-73.9886900877298, 40.6034253066536], [-73.98806312972611, 40.60397945221712], [-73.9874799819328, 40.60453971291759], [-73.9868476264827, 40.605097236630385], [-73.9866438805088, 40.604043826739485], [-73.98645717442184, 40.603013095458365], [-73.98638523760637, 40.602640314960844], [-73.98630272432158, 40.60222860490967], [-73.98625104281649, 40.60195835150951], [-73.98605968666567, 40.60095774121912], [-73.98594205242215, 40.600321633867665], [-73.98587827134983, 40.59995860682714], [-73.98574706831648, 40.599312772143016], [-73.98566927519178, 40.59890879741062], [-73.98549063159696, 40.597929673240316]]]]}",7431.07792572,Brooklyn,Bensonhurst East
"{'type': 'MultiPolygon', 'coordinates': [[[[-73.87462484689819, 40.67238934626588], [-73.87459926173779, 40.672290063911966], [-73.87454100127815, 40.67206398436034], [-73.87452517204596, 40.67200255602561], [-73.87448530560323, 40.67184786007415], [-73.87447184426496, 40.6717956270776], [-73.87443350337256, 40.67164685119787], [-73.87441901067866, 40.67159061901234], [-73.87440981256101, 40.67155492517177], [-73.874334922837, 40.67126432336035], [-73.87429632350141, 40.6711145414718], [-73.8742879155615, 40.67108191659073], [-73.87423134628987, 40.67086239758476], [-73.87518101830989, 40.67072439179902], [-73.87610626503688, 40.67059162951005], [-73.87702774596264, 40.670459783526724], [-73.87794991038561, 40.6703270831978], [-73.87887144499042, 40.67019411414219], [-73.8792539694807, 40.671731760922725], [-73.87956799805136, 40.67298640050104], [-73.87988260293072, 40.67425552056972], [-73.87895987587902, 40.674384065851], [-73.8780359373261, 40.67451931127317], [-73.87711709251698, 40.67465472542882], [-73.87619215784365, 40.6747873517675], [-73.87527450818386, 40.67491882631281], [-73.87495739464072, 40.67365069994916], [-73.87462484689819, 40.67238934626588]]]]}",5622.86376522,Brooklyn,East New York
"{'type': 'MultiPolygon', 'coordinates': [[[[-73.97445730550224, 40.76229308352492], [-73.97491476221624, 40.76166727005671], [-73.97537360664667, 40.7610399070742], [-73.97583011985374, 40.76041852021438], [-73.97628870099064, 40.7597867491654], [-73.9767446760211, 40.75916473827931], [-73.97720026523596, 40.75853793354629], [-73.9776548272757, 40.75791142378001], [-73.97891172591584, 40.7584365388348], [-73.98088574583751, 40.75927066953555], [-73.98042606433056, 40.75989908107931], [-73.9799718818968, 40.760524701378], [-73.97951319160578, 40.76114856185014], [-73.97905731164806, 40.76177071972655], [-73.97860169447023, 40.762396072352296], [-73.97813931745709, 40.76302401446688], [-73.97768600593265, 40.76364440302324], [-73.97445730550224, 40.76229308352492]]]]}",5693.03636707,Manhattan,Midtown-Midtown South
"{'type': 'MultiPolygon', 'coordinates': [[[[-73.981565551754, 40.62409443152354], [-73.98214413370073, 40.623532670164174], [-73.98440060310352, 40.62489262176358], [-73.98496213931966, 40.62432309927225], [-73.98553038899546, 40.623758132302136], [-73.98610080628896, 40.623183112536076], [-73.98830220299183, 40.62451369556649], [-73.98969261184634, 40.625357292311755], [-73.98994774791105, 40.625512086463466], [-73.99014014396806, 40.625625343312834], [-73.99075597963649, 40.62599758913173], [-73.9901748133742, 40.626557735594], [-73.98959063545297, 40.627117123929246], [-73.98900841025876, 40.627676058295904], [-73.98842824402895, 40.62823089180314], [-73.98596674177702, 40.6267560623667], [-73.98493834316572, 40.626122596068704], [-73.9847618610704, 40.62601968875113], [-73.98346435512757, 40.6261557762907], [-73.98326376873668, 40.6260348617433], [-73.98383100957399, 40.62546256352387], [-73.98273633157505, 40.62480149454438], [-73.981565551754, 40.62409443152354]]]]}",7325.24788028,Brooklyn,Borough Park
"{'type': 'MultiPolygon', 'coordinates': [[[[-73.94078821476057, 40.632075846220744], [-73.94175680815002, 40.63201662687598], [-73.94272878015164, 40.63195729417186], [-73.94365994531901, 40.63189942745122], [-73.94462885491956, 40.63183773463248], [-73.9448804281905, 40.63417695449506], [-73.94512335128123, 40.63644827998134], [-73.9441549211506, 40.63650692332348], [-73.94322098606983, 40.6365638111377], [-73.94224918053563, 40.636627191223575], [-73.94128334512374, 40.63668675805431], [-73.94103942839925, 40.63441713608262], [-73.94078821476057, 40.632075846220744]]]]}",5509.69439387,Brooklyn,East Flatbush-Farragut
"{'type': 'MultiPolygon', 'coordinates': [[[[-73.94894926078035, 40.60195392402286], [-73.94987458880875, 40.60185315696847], [-73.95080167613067, 40.601749727377815], [-73.9518344852117, 40.60163707700523], [-73.9530366795168, 40.60150590938762], [-73.95348473346691, 40.603890647765816], [-73.95392245016285, 40.60621661031639], [-73.95272420043507, 40.60634895094376], [-73.95169115449102, 40.60646245571373], [-73.95076435789878, 40.60656497418869], [-73.94983714662644, 40.606666773513545], [-73.94939862123182, 40.604343477904756], [-73.94894926078035, 40.60195392402286]]]]}",5761.25968585,Brooklyn,Madison
"{'type': 'MultiPolygon', 'coordinates': [[[[-73.90879898826837, 40.69584486209633], [-73.91035644513411, 40.694259624883266], [-73.91180565427025, 40.692785082754625], [-73.91255469973726, 40.6932120203087], [-73.91331306228413, 40.693632242459486], [-73.91405670859827, 40.694068468239635], [-73.91480825343996, 40.69449685206576], [-73.91502132211853, 40.69461706745646], [-73.91506798842843, 40.69464339617306], [-73.91556201290929, 40.69492212544741], [-73.91411389259606, 40.69639802130617], [-73.91255555465422, 40.6979817596131], [-73.91180580475849, 40.697554461137656], [-73.91104844581487, 40.69712663035412], [-73.91030271508403, 40.696699442568615], [-73.90955039260257, 40.696271470261], [-73.90879898826837, 40.69584486209633]]]]}",5385.05187483,Brooklyn,Bushwick North
"{'type': 'MultiPolygon', 'coordinates': [[[[-73.94451833304542, 40.619713647094784], [-73.94551663574784, 40.61960561195174], [-73.94651373127873, 40.61949401914967], [-73.94744366751976, 40.61939311187629], [-73.94836912170449, 40.61929125925147], [-73.94881988922987, 40.62168184760949], [-73.94927380969362, 40.62407238991434], [-73.9483463863166, 40.62417451093051], [-73.94742038076488, 40.62427596622324], [-73.94642266064318, 40.624385567286446], [-73.94542442897408, 40.62449560959825], [-73.9449703134899, 40.622104512435065], [-73.94451833304542, 40.619713647094784]]]]}",5679.86383198,Brooklyn,Midwood
"{'type': 'MultiPolygon', 'coordinates': [[[[-73.93617169991664, 40.68862674768565], [-73.9390961618172, 40.68828890155322], [-73.94193245081841, 40.687962958755136], [-73.94207684924386, 40.688697202983484], [-73.94222203471806, 40.6894279788675], [-73.9423693268267, 40.69015994466503], [-73.94251587862578, 40.69089200097046], [-73.93968061541337, 40.69121871451269], [-73.93675794449723, 40.69155615258102], [-73.9366119070993, 40.69082209165733], [-73.9364673134326, 40.690090758456115], [-73.93632030277564, 40.689354003314385], [-73.93617169991664, 40.68862674768565]]]]}",5389.74576592,Brooklyn,Stuyvesant Heights
"{'type': 'MultiPolygon', 'coordinates': [[[[-73.91556201290929, 40.69492212544741], [-73.91506798842843, 40.69464339617306], [-73.91502132211853, 40.69461706745646], [-73.91480825343996, 40.69449685206576], [-73.91548438821229, 40.69380830299468], [-73.91556526900833, 40.693725936342865], [-73.91625677767455, 40.69302171204562], [-73.91779027670788, 40.69145946415024], [-73.91862072981169, 40.69180831908658], [-73.91896053011187, 40.691946436336295], [-73.91924112830338, 40.692060487274006], [-73.9193040975442, 40.69208608139619], [-73.91945993255597, 40.69214942012312], [-73.92006225824748, 40.69238952934447], [-73.9201046954664, 40.69240644575049], [-73.92030064171809, 40.69248455560279], [-73.92115385566042, 40.69279669397854], [-73.91927079183588, 40.69473110426807], [-73.91839222279421, 40.69562405410304], [-73.91781824895689, 40.69620786264961], [-73.91769867114172, 40.696139745330726], [-73.91760570498232, 40.696086786560045], [-73.91750809643551, 40.696031183987095], [-73.91743326144247, 40.69598855407279], [-73.91736166599597, 40.69594776856697], [-73.91728545099429, 40.69590435253164], [-73.9170716303827, 40.69578254612303], [-73.91691887420782, 40.69569567216789], [-73.91686074421116, 40.69566261338582], [-73.91677235158907, 40.69561234270602], [-73.91670957662276, 40.69557664159624], [-73.91661144267569, 40.695520831484124], [-73.91655004872202, 40.69548591514816], [-73.91631325673524, 40.69535124633652], [-73.91556201290929, 40.69492212544741]]]]}",5025.01521984,Brooklyn,Bushwick South
"{'type': 'MultiPolygon', 'coordinates': [[[[-73.9423117585933, 40.60826819732584], [-73.94154700777685, 40.607582288304904], [-73.94116729880949, 40.60724379628829], [-73.94050812697783, 40.606642403762905], [-73.94003133542176, 40.60620314169837], [-73.9392097868506, 40.60547889853825], [-73.93991672776626, 40.60538600315016], [-73.94084264807431, 40.60528503086278], [-73.94177070565412, 40.605183015696845], [-73.94276896191587, 40.60507244734215], [-73.94376581111696, 40.604960904996524], [-73.94469321871962, 40.604862108105465], [-73.94561989542854, 40.604758360607214], [-73.94605865698057, 40.60708243597965], [-73.94513211705154, 40.607183269888395], [-73.94559791936187, 40.6096430861711], [-73.94467206530891, 40.6097433941642], [-73.94412113158111, 40.609805066135245], [-73.94364091185486, 40.60985881739124], [-73.94354698000075, 40.60934655519563], [-73.9423117585933, 40.60826819732584]]]]}",6411.19290432,Brooklyn,Madison
"{'type': 'MultiPolygon', 'coordinates': [[[[-73.95503698247002, 40.618557804042865], [-73.95472880198196, 40.616881435887606], [-73.95458660242568, 40.616169392608015], [-73.95578652571822, 40.61603654626587], [-73.95672887967977, 40.61593240017048], [-73.95769451141982, 40.61582820935121], [-73.95865526099095, 40.61572147797296], [-73.95897636061576, 40.617409718174756], [-73.9591070449443, 40.618113350581986], [-73.95814639385318, 40.61821719437748], [-73.95817963540057, 40.618408242969934], [-73.9583099971833, 40.619105816242595], [-73.95840173758079, 40.6195836750337], [-73.95859677151094, 40.620608096363306], [-73.957632052433, 40.62071394305225], [-73.95668950214922, 40.620817862580616], [-73.95549070038507, 40.62095009671464], [-73.95503698247002, 40.618557804042865]]]]}",5802.05822168,Brooklyn,Midwood
"{'type': 'MultiPolygon', 'coordinates': [[[[-74.00830383413292, 40.61256800004551], [-74.00862109588185, 40.612260782072674], [-74.00888340274324, 40.61200677918839], [-74.00951152113721, 40.611406153084], [-74.01039737511704, 40.610553895106165], [-74.01095560796476, 40.61001682697432], [-74.01127852809675, 40.60970614324748], [-74.0130231768455, 40.608030421128326], [-74.01469487567549, 40.60642428369996], [-74.01549855009637, 40.60684152427694], [-74.01623636729718, 40.60723326610036], [-74.01701910088792, 40.60765441697125], [-74.01522379433108, 40.60935638411848], [-74.01348255850198, 40.61103739791972], [-74.01171201489785, 40.612735029187625], [-74.01108648104116, 40.61333904420227], [-74.01050403587408, 40.613896611492514], [-74.01019858717072, 40.613712166889044], [-74.00830383413292, 40.61256800004551]]]]}",7327.42686795,Brooklyn,Bath Beach
"{'type': 'MultiPolygon', 'coordinates': [[[[-73.93315984132026, 40.611381331581825], [-73.93390125797748, 40.610899728806416], [-73.93462114587392, 40.61044196444857], [-73.93616523020735, 40.61182507053485], [-73.93643804226942, 40.61206942502865], [-73.9367140426384, 40.61231740980342], [-73.93825493972989, 40.61370188059768], [-73.93754231444727, 40.61416486792669], [-73.93680051412336, 40.614642720400276], [-73.93605774303619, 40.61512319639319], [-73.93534816207313, 40.615584559463954], [-73.93379749185921, 40.614195100888345], [-73.93352711273486, 40.61395282162626], [-73.93325403211934, 40.613707595495995], [-73.93171046494989, 40.61232138994289], [-73.93242269670282, 40.611858573467565], [-73.93315984132026, 40.611381331581825]]]]}",5236.66077202,Brooklyn,Georgetown-Marine Park-Bergen Beach-Mill Basin
"{'type': 'MultiPolygon', 'coordinates': [[[[-73.92572164989693, 40.644673383913606], [-73.92668924672725, 40.644613552514244], [-73.92765995023937, 40.64455306726383], [-73.92859396596695, 40.644494666595115], [-73.92959986320591, 40.64443271943727], [-73.92974213614676, 40.64574338429319], [-73.92980243889905, 40.646320077427426], [-73.92999915467311, 40.648181064137816], [-73.92929013141423, 40.64822492622821], [-73.9289937091178, 40.64824325832666], [-73.92806117938258, 40.64830104114668], [-73.92708972403916, 40.64836071026979], [-73.92611941480727, 40.64842023706381], [-73.92592240468412, 40.64655965730532], [-73.92576233149421, 40.64505558151845], [-73.92572164989693, 40.644673383913606]]]]}",4899.59694592,Brooklyn,Rugby-Remsen Village
"{'type': 'MultiPolygon', 'coordinates': [[[[-73.94169393104794, 40.67474789852109], [-73.9417755136238, 40.67385884275463], [-73.94185986279177, 40.6729683933976], [-73.94194505140898, 40.67207733098879], [-73.94471040033147, 40.672228413160376], [-73.94748050653838, 40.67237964713722], [-73.94739574630316, 40.673271676555345], [-73.94731223877704, 40.674161887708216], [-73.94722949801006, 40.675052711204295], [-73.94446183290735, 40.67490674942093], [-73.94169393104794, 40.67474789852109]]]]}",5030.77696399,Brooklyn,Crown Heights North
"{'type': 'MultiPolygon', 'coordinates': [[[[-73.96816303924855, 40.611951843579625], [-73.96829002949627, 40.611936267497846], [-73.96842220291653, 40.61192005458206], [-73.96952014296913, 40.61178029291306], [-73.97045160320961, 40.61170363079829], [-73.97137851061542, 40.61160238652003], [-73.97239812034097, 40.611490187101865], [-73.97348373564776, 40.61137106120137], [-73.97451543928018, 40.61125680143393], [-73.97458407480241, 40.61161357623686], [-73.97477658040467, 40.61263847542963], [-73.97489295756635, 40.613186368916644], [-73.97497264664409, 40.61366811017183], [-73.97517176991676, 40.61472418638367], [-73.97399319461395, 40.61402989373997], [-73.97290326943252, 40.61415296888713], [-73.97188096069814, 40.61426576549255], [-73.97095543469057, 40.614368798335974], [-73.97002975185498, 40.61446956305112], [-73.96893331455703, 40.61459087833389], [-73.96865662785416, 40.6146214921716], [-73.96837620639091, 40.614652321768396], [-73.96728599074099, 40.61477218213299], [-73.96678232523259, 40.61210945745253], [-73.96788811186798, 40.611983393216974], [-73.96816303924855, 40.611951843579625]]]]}",6721.50846539,Brooklyn,Ocean Parkway South
"{'type': 'MultiPolygon', 'coordinates': [[[[-73.9317317921372, 40.617926921394485], [-73.93248727385684, 40.617431702361465], [-73.93320457580427, 40.61697044225128], [-73.93501858675283, 40.61860011051676], [-73.93686699540793, 40.620253281232394], [-73.93633573001148, 40.620610944258296], [-73.9361499655518, 40.62071803086916], [-73.93538014766979, 40.62121557027864], [-73.93454349053722, 40.62175725605437], [-73.93400697651639, 40.62211426633255], [-73.93376053422068, 40.62227519115165], [-73.9331000693046, 40.62269392908268], [-73.9321951234809, 40.62326916455695], [-73.93195075799093, 40.62106027777608], [-73.93169293748228, 40.618653024596725], [-73.93163061347371, 40.61809654657856], [-73.9317317921372, 40.617926921394485]]]]}",5765.93730162,Brooklyn,Flatlands
"{'type': 'MultiPolygon', 'coordinates': [[[[-73.9428895406154, 40.60031864969622], [-73.94283742407704, 40.600045693639444], [-73.94278946000966, 40.59979454990714], [-73.94248473340741, 40.59820036561234], [-73.94341159130691, 40.59809781505673], [-73.94387596479534, 40.59804616334439], [-73.9443392262397, 40.59799462615248], [-73.94479667452052, 40.59794473278826], [-73.94526519230124, 40.59789362694904], [-73.94543178268721, 40.59876121624505], [-73.94561084934067, 40.599705724108354], [-73.94566886811036, 40.60001176686964], [-73.94574628739123, 40.60042079423799], [-73.94584715271276, 40.60095373497191], [-73.94586617572816, 40.60105421501967], [-73.94600677168553, 40.60179704976838], [-73.94603166528474, 40.601928546537074], [-73.94609624165321, 40.602269685425426], [-73.94516877599689, 40.602369403300564], [-73.94523348909587, 40.602712100076715], [-73.94542657132088, 40.6037346271441], [-73.94561989542854, 40.604758360607214], [-73.94469321871962, 40.604862108105465], [-73.94376581111696, 40.604960904996524], [-73.94367135643377, 40.60446052020568], [-73.94331542824324, 40.602574931019554], [-73.94301836254951, 40.60100113898821], [-73.9428895406154, 40.60031864969622]]]]}",6539.23873077,Brooklyn,Madison
"{'type': 'MultiPolygon', 'coordinates': [[[[-73.88838556471705, 40.66133773863623], [-73.88919997579814, 40.66098808100298], [-73.89001492663942, 40.66063583315393], [-73.89083184286315, 40.660283968380355], [-73.89164919956768, 40.65993257633927], [-73.89246408790068, 40.65958027537734], [-73.89327894253923, 40.65923017428115], [-73.89469022426992, 40.66112612756617], [-73.89494951237482, 40.66101606947276], [-73.89515162431081, 40.66131355922689], [-73.89553070809032, 40.66294485740158], [-73.89462796527656, 40.6630795619218], [-73.8936501232994, 40.6632233120268], [-73.8926613110503, 40.66336921357695], [-73.89173786762021, 40.66350745098548], [-73.89082995434603, 40.66364167069124], [-73.88990669497632, 40.663778289998135], [-73.88978541639021, 40.66329546134351], [-73.88838556471705, 40.66133773863623]]]]}",5742.49257142,Brooklyn,East New York (Pennsylvania Ave)
"{'type': 'MultiPolygon', 'coordinates': [[[[-73.94076893329961, 40.6821008390389], [-73.94062005382142, 40.68137013060522], [-73.94047635005943, 40.68063569542302], [-73.94032793896038, 40.67988997506434], [-73.94120864299748, 40.679938353752206], [-73.94326176928656, 40.68005060712661], [-73.94397347804971, 40.680088128929626], [-73.94627470970133, 40.68021332642698], [-73.9462867460403, 40.68071878149474], [-73.94635671223884, 40.681058236762546], [-73.94643715447481, 40.68144855623871], [-73.9465805842019, 40.68218066046959], [-73.94374461154082, 40.68250758269978], [-73.9409133427312, 40.682833617234344], [-73.94076893329961, 40.6821008390389]]]]}",5051.01894821,Brooklyn,Bedford
"{'type': 'MultiPolygon', 'coordinates': [[[[-73.93320457580427, 40.61697044225128], [-73.93391769578318, 40.616508788755795], [-73.93463319271184, 40.61604760862402], [-73.93534816207313, 40.615584559463954], [-73.93605774303619, 40.61512319639319], [-73.93787509099654, 40.61675674794439], [-73.9397167155042, 40.61840609588911], [-73.93949341896213, 40.61855079052495], [-73.93900236311202, 40.618867271295045], [-73.93864732350123, 40.619097246400706], [-73.9382880233995, 40.61932901989138], [-73.93781351892383, 40.619652096372704], [-73.93757616339336, 40.61979552855867], [-73.93696272673385, 40.62019914053266], [-73.93686699540793, 40.620253281232394], [-73.93501858675283, 40.61860011051676], [-73.93320457580427, 40.61697044225128]]]]}",5217.26457153,Brooklyn,Georgetown-Marine Park-Bergen Beach-Mill Basin
"{'type': 'MultiPolygon', 'coordinates': [[[[-73.93580780201182, 40.80949763825765], [-73.93586263420018, 40.80943020292137], [-73.93625936035667, 40.808855608725736], [-73.93671827467928, 40.808220478726824], [-73.93695924314586, 40.80789622167864], [-73.93718011798988, 40.80759900086058], [-73.93763439424363, 40.80697460692187], [-73.93808666916728, 40.806353011910986], [-73.93854407929403, 40.8057296529329], [-73.93869430486176, 40.80579102921089], [-73.94015793743944, 40.80640908964357], [-73.9417714010389, 40.80708900034937], [-73.94131742369481, 40.80771334638104], [-73.94086063175601, 40.8083342675993], [-73.94040344902201, 40.80895809564562], [-73.93994875977052, 40.809581418032636], [-73.93949397473773, 40.8102088095332], [-73.93901753248453, 40.81085655687416], [-73.93740733660461, 40.81017561140126], [-73.93580780201182, 40.80949763825765]]]]}",5176.87275706,Manhattan,Central Harlem North-Polo Grounds
"{'type': 'MultiPolygon', 'coordinates': [[[[-73.90051316964491, 40.6296878238662], [-73.90125410308625, 40.62920622593633], [-73.9019649388809, 40.628745451870195], [-73.90238728790185, 40.62859916141252], [-73.90322264952759, 40.62897004548553], [-73.90403819315304, 40.62933742986861], [-73.90448104615395, 40.629539505574506], [-73.9048537748102, 40.629708490757785], [-73.90570990294167, 40.63009134061923], [-73.90651965975519, 40.630457811670524], [-73.90702573027552, 40.63068390076905], [-73.90735138910517, 40.63083035455297], [-73.90703219298686, 40.63109298578313], [-73.90631947017575, 40.6315495383078], [-73.90596007422222, 40.63178145308608], [-73.90560209628029, 40.632012448336454], [-73.90524602989046, 40.632243409533004], [-73.90489168772496, 40.6324732532981], [-73.90453331116326, 40.63270471429542], [-73.90414936533871, 40.632952685761495], [-73.90233028311982, 40.63132039451459], [-73.90051316964491, 40.6296878238662]]]]}",4996.86858358,Brooklyn,Canarsie
"{'type': 'MultiPolygon', 'coordinates': [[[[-73.94282892246841, 40.66284748566933], [-73.94420751436117, 40.66276115470153], [-73.94502217926419, 40.66271524252619], [-73.94561371405695, 40.66267566729085], [-73.94791392928235, 40.6625336399175], [-73.94974014723978, 40.6624201208041], [-73.95011282349051, 40.662396951232694], [-73.95081041735997, 40.66235357725821], [-73.95369968725231, 40.66217391688852], [-73.95378528776554, 40.662946784098445], [-73.95384851143018, 40.66372780885405], [-73.95097410077457, 40.663904867863906], [-73.94940638959486, 40.66400530778234], [-73.94816604175239, 40.66408182248141], [-73.945462936545, 40.66422610413661], [-73.94489227687055, 40.66417414358656], [-73.94408198675569, 40.664128572936896], [-73.94269628960055, 40.664055129738216], [-73.94282892246841, 40.66284748566933]]]]}",7138.85275709,Brooklyn,Prospect Lefferts Gardens-Wingate
"{'type': 'MultiPolygon', 'coordinates': [[[[-73.96093990822376, 40.62279134519037], [-73.96048581603651, 40.62040059609586], [-73.96141475046194, 40.620298045098416], [-73.96233869572029, 40.62019617936705], [-73.96326789643739, 40.62009477445668], [-73.96426798339365, 40.61998380378798], [-73.96471983385558, 40.622372961205336], [-73.96494557544207, 40.62356855201072], [-73.9651725895607, 40.62476548434325], [-73.96417250276335, 40.62487697565307], [-73.96324802425151, 40.62497738083179], [-73.96231881492557, 40.6250787300968], [-73.96139319631463, 40.62517906570705], [-73.96093990822376, 40.62279134519037]]]]}",5639.95138385,Brooklyn,Midwood
"{'type': 'MultiPolygon', 'coordinates': [[[[-73.99530287947384, 40.60744494982059], [-73.99588192163935, 40.60688666582587], [-73.99646484131412, 40.60632749796727], [-73.99704340379166, 40.605769163481824], [-73.99762947031648, 40.6052098991024], [-73.99825418891973, 40.60460855955161], [-74.00002266096661, 40.60290731622918], [-74.00032353820895, 40.602620292372514], [-74.00109809580917, 40.60303462672598], [-74.00184603088394, 40.603431431726236], [-74.00263069656332, 40.60384644946047], [-74.00045724790152, 40.60593448290835], [-73.999831143123, 40.60653674286224], [-73.99924872219837, 40.60709579392917], [-73.99866710612027, 40.60765668701986], [-73.99839539618462, 40.607918140708534], [-73.99808518508077, 40.60821664181646], [-73.99750245198214, 40.60877541270604], [-73.99530287947384, 40.60744494982059]]]]}",6096.04496431,Brooklyn,Bensonhurst West
"{'type': 'MultiPolygon', 'coordinates': [[[[-73.93435066473968, 40.67956340805351], [-73.93487210891469, 40.67959308824473], [-73.93739763665229, 40.679729900176774], [-73.93843613260636, 40.679785851703684], [-73.93862212664904, 40.67979609034869], [-73.94032793896038, 40.67988997506434], [-73.94047635005943, 40.68063569542302], [-73.94062005382142, 40.68137013060522], [-73.94076893329961, 40.6821008390389], [-73.93793221333743, 40.68242734809364], [-73.93500821654055, 40.68276376850544], [-73.9348625715524, 40.682030568699936], [-73.9347144105197, 40.68129738430251], [-73.93457098230293, 40.680564761712894], [-73.93450839038897, 40.6802216925322], [-73.93439531043768, 40.67983538025146], [-73.93435066473968, 40.67956340805351]]]]}",5273.31374195,Brooklyn,Stuyvesant Heights
"{'type': 'MultiPolygon', 'coordinates': [[[[-73.95638851612784, 40.65587456589984], [-73.95630035122711, 40.655048281831185], [-73.9596966586306, 40.65483921472623], [-73.95986103113133, 40.65563478893678], [-73.96007276872973, 40.65648587818183], [-73.96013625475021, 40.65676262034132], [-73.9602429625642, 40.65723189838983], [-73.96042584053122, 40.65807224315238], [-73.95664922366085, 40.65830579056965], [-73.95655768697911, 40.657453624072744], [-73.95647813056286, 40.656710784286574], [-73.95642774732298, 40.65624064838827], [-73.95638851612784, 40.65587456589984]]]]}",4382.68486483,Brooklyn,Prospect Lefferts Gardens-Wingate
"{'type': 'MultiPolygon', 'coordinates': [[[[-73.93605774303619, 40.61512319639319], [-73.93680051412336, 40.614642720400276], [-73.93754231444727, 40.61416486792669], [-73.93825493972989, 40.61370188059768], [-73.93897047219963, 40.613239511240025], [-73.94078752177357, 40.6148718371534], [-73.9427526214885, 40.61663379228783], [-73.94287141637896, 40.61677783560055], [-73.94297154446369, 40.61693132586454], [-73.94305123401244, 40.61709208068934], [-73.94310925822349, 40.61725769731334], [-73.94314510050559, 40.617425617347756], [-73.94221251483519, 40.617526055296764], [-73.94138899931558, 40.61761741989831], [-73.94128215867137, 40.61762927064657], [-73.94078914021121, 40.61769678989065], [-73.9404527462937, 40.61792905021247], [-73.94037010908445, 40.617992385726524], [-73.9397167155042, 40.61840609588911], [-73.93787509099654, 40.61675674794439], [-73.93605774303619, 40.61512319639319]]]]}",5619.58902163,Brooklyn,Georgetown-Marine Park-Bergen Beach-Mill Basin
"{'type': 'MultiPolygon', 'coordinates': [[[[-73.9839430237905, 40.66803081273761], [-73.9844373325666, 40.667436468353394], [-73.9849423245192, 40.666833820351734], [-73.98544518029244, 40.666232214358], [-73.98594772975407, 40.66563066053381], [-73.98830660707068, 40.66676994143386], [-73.9906634472922, 40.66790943481441], [-73.99072559032835, 40.66794617267976], [-73.99022252191959, 40.66854809796779], [-73.98972203461041, 40.66914780736338], [-73.98921685310061, 40.66975347457385], [-73.98907079764699, 40.669928620391346], [-73.98907007715616, 40.66992948493422], [-73.98871322517387, 40.67035690652925], [-73.98864720123544, 40.670324688446456], [-73.98630429200723, 40.669172665877234], [-73.9839430237905, 40.66803081273761]]]]}",5219.68047842,Brooklyn,Park Slope-Gowanus
"{'type': 'MultiPolygon', 'coordinates': [[[[-73.87887144499042, 40.67019411414219], [-73.8784894738658, 40.668654540638826], [-73.8794110904487, 40.66852150418806], [-73.88031337327645, 40.668391710390836], [-73.88115244038262, 40.66826802936477], [-73.88196763365012, 40.66814654199832], [-73.88278179599737, 40.66802582295852], [-73.88317488989186, 40.66956281023999], [-73.8835668308551, 40.67109958647458], [-73.88388887336339, 40.67235434869965], [-73.88307350248236, 40.6724748942427], [-73.88226101663957, 40.672594510363695], [-73.88139136184152, 40.67272322828497], [-73.88048787392648, 40.672853903772406], [-73.87956799805136, 40.67298640050104], [-73.8792539694807, 40.671731760922725], [-73.87887144499042, 40.67019411414219]]]]}",5646.04773697,Brooklyn,East New York
"{'type': 'MultiPolygon', 'coordinates': [[[[-73.92115385566042, 40.69279669397854], [-73.92030064171809, 40.69248455560279], [-73.9201046954664, 40.69240644575049], [-73.92006225824748, 40.69238952934447], [-73.91945993255597, 40.69214942012312], [-73.9193040975442, 40.69208608139619], [-73.91924112830338, 40.692060487274006], [-73.91896053011187, 40.691946436336295], [-73.91862072981169, 40.69180831908658], [-73.91779027670788, 40.69145946415024], [-73.91696376099227, 40.69111019208029], [-73.91619910868829, 40.690691385275535], [-73.9154502815049, 40.69026392197302], [-73.91469935960835, 40.689835471174], [-73.913946280652, 40.689408696311105], [-73.9131938521888, 40.68898008138127], [-73.91464246723457, 40.68750704198458], [-73.91539430902343, 40.68793521504198], [-73.916147134518, 40.68836025931752], [-73.91689895915852, 40.68878957589949], [-73.91764894861753, 40.68921755220457], [-73.91840015453262, 40.68964598515528], [-73.91915367528183, 40.690076061594354], [-73.9199053096978, 40.69049879271135], [-73.92065676844359, 40.69092752546761], [-73.92141022955278, 40.691352716139], [-73.92223097532369, 40.69182299061803], [-73.92127943972368, 40.69279726628163], [-73.92115385566042, 40.69279669397854]]]]}",6391.34880983,Brooklyn,Bushwick South
"{'type': 'MultiPolygon', 'coordinates': [[[[-73.96147581181627, 40.77432401139129], [-73.96193924573703, 40.77368952710466], [-73.96240244595131, 40.77305405861783], [-73.96286485480145, 40.772419426253954], [-73.96332667510583, 40.77178634089841], [-73.9638246155694, 40.77110398045725], [-73.96431940640112, 40.77042295736226], [-73.96478171550235, 40.76979576405271], [-73.96488147210884, 40.769838099749], [-73.96638770810085, 40.77047735753088], [-73.96799327777012, 40.77114723095269], [-73.96753398444372, 40.77177618398404], [-73.96703947579951, 40.772461218816446], [-73.96653617013206, 40.773140368590234], [-73.96607449041005, 40.77377298910019], [-73.96560968621523, 40.77440720144547], [-73.96514745374779, 40.77504423208978], [-73.9646873584175, 40.7756770817154], [-73.96308760254303, 40.7750028422446], [-73.96158453862105, 40.77436878420817], [-73.96147581181627, 40.77432401139129]]]]}",5807.97295649,Manhattan,Upper East Side-Carnegie Hill
"{'type': 'MultiPolygon', 'coordinates': [[[[-73.93669078722112, 40.8371932495326], [-73.93834307233793, 40.83790887508163], [-73.937919660843, 40.83848984473936], [-73.93778083485705, 40.83868698667672], [-73.93733219323627, 40.83929429801746], [-73.93720524289213, 40.83946777139383], [-73.9369132888775, 40.83986670164854], [-73.93646387764863, 40.84048139285461], [-73.93604128237843, 40.84106789416436], [-73.93556697174424, 40.841712527557945], [-73.93561105150835, 40.84160899486554], [-73.93561108645704, 40.84160889604604], [-73.93561111102899, 40.84160880660209], [-73.93563665024215, 40.84150019461355], [-73.93563666176526, 40.84150014034229], [-73.93564243665733, 40.841389446056574], [-73.93564244894738, 40.84138928306284], [-73.9356424252715, 40.841389130435495], [-73.93562830241858, 40.84127961412806], [-73.93562826736883, 40.8412793616502], [-73.9356281844606, 40.841279099764336], [-73.9355950629473, 40.84117340009375], [-73.93543637094344, 40.84075133160894], [-73.93529543255468, 40.84047481865725], [-73.93519180612901, 40.84033568827733], [-73.9351916999474, 40.84033554431475], [-73.93519161692767, 40.8403353998626], [-73.93510666614674, 40.84018372666806], [-73.93504376865354, 40.84002162055336], [-73.93504374466244, 40.84002156676471], [-73.9350437332446, 40.84002151298315], [-73.93500577800755, 40.83985200963474], [-73.93500575406057, 40.839851910782194], [-73.93500574269646, 40.83985180205286], [-73.93499462419074, 40.83967821651815], [-73.93499462426898, 40.839678136441826], [-73.93499463670099, 40.839678055199784], [-73.93501119273694, 40.83950397196243], [-73.93505508825102, 40.83933323566066], [-73.93512471770407, 40.83916963793197], [-73.93512477718961, 40.83916948484866], [-73.93512487196809, 40.83916933178523], [-73.93521769510788, 40.8390159210953], [-73.93521773045309, 40.83901586734002], [-73.93521776600976, 40.839015822966175], [-73.93533051973384, 40.83887504026261], [-73.93533061470693, 40.83887491299775], [-73.93533073327194, 40.838874796132615], [-73.93545962206119, 40.838748403594714], [-73.93563711335673, 40.83863142004616], [-73.9358041674299, 40.83850497704455], [-73.93595950346084, 40.83836989797316], [-73.93610200505144, 40.83822716914314], [-73.93623075758269, 40.83807785621748], [-73.93638316925271, 40.83785012505355], [-73.93669078722112, 40.8371932495326]]]]}",3927.82153159,Manhattan,Washington Heights South
"{'type': 'MultiPolygon', 'coordinates': [[[[-73.92959986320591, 40.64443271943727], [-73.930605628824, 40.644370754020656], [-73.93153923661188, 40.64431286008429], [-73.93250935234272, 40.6442526853639], [-73.93347837846225, 40.644192779592295], [-73.93441051540462, 40.64413417865119], [-73.93538239913546, 40.64407436719263], [-73.9363486870851, 40.644017055842426], [-73.93728427248608, 40.6439577220251], [-73.93738309184027, 40.64490488713047], [-73.93645634169238, 40.644946117653454], [-73.93548506507034, 40.64498985463101], [-73.93451037531118, 40.64502837736025], [-73.9335758884141, 40.64508370106694], [-73.93261418271368, 40.645245478093145], [-73.93270476033618, 40.646142140358265], [-73.93292069191484, 40.64799717163943], [-73.9319384924116, 40.64806233268485], [-73.9310054145368, 40.64811848286657], [-73.92999915467311, 40.648181064137816], [-73.92980243889905, 40.646320077427426], [-73.92974213614676, 40.64574338429319], [-73.92959986320591, 40.64443271943727]]]]}",7007.33739981,Brooklyn,East Flatbush-Farragut
"{'type': 'MultiPolygon', 'coordinates': [[[[-73.92751430507488, 40.65231809719812], [-73.92847568974231, 40.65217589513347], [-73.92939161395975, 40.65193918392152], [-73.93038144303132, 40.65173405423817], [-73.93139116688346, 40.65168960812487], [-73.93160868651243, 40.65374163911997], [-73.9317715320336, 40.655273641666746], [-73.93190743894837, 40.656537652543], [-73.93090354932272, 40.656610355984185], [-73.92989802426044, 40.65668443579573], [-73.92896419474016, 40.65674261332475], [-73.92799465183614, 40.65680210198449], [-73.92785585144057, 40.65551577828328], [-73.92769362495784, 40.65398516658246], [-73.92751430507488, 40.65231809719812]]]]}",5606.51952093,Brooklyn,Rugby-Remsen Village
"{'type': 'MultiPolygon', 'coordinates': [[[[-73.98167893126346, 40.603160414872264], [-73.98260527779127, 40.60305794456245], [-73.98353133800153, 40.602956970988195], [-73.9844575025316, 40.60285376501164], [-73.98492571673394, 40.605312756435175], [-73.98500620412308, 40.60573161722498], [-73.98597299672231, 40.60587677704897], [-73.98702465189089, 40.60603057514179], [-73.98850456434607, 40.606329444998956], [-73.9891319148225, 40.60645613720722], [-73.98855078940467, 40.6070022830439], [-73.98842267576015, 40.60711914900993], [-73.98725487001735, 40.607244189224154], [-73.98625770583988, 40.607356018051405], [-73.9853315885826, 40.60745769824046], [-73.98440295180225, 40.6075595148671], [-73.98347678180018, 40.60766229718576], [-73.98254766697193, 40.60776405435735], [-73.98247067984514, 40.60735468717011], [-73.98214354968896, 40.60561516644952], [-73.98210030947739, 40.60537908800665], [-73.98167893126346, 40.603160414872264]]]]}",6669.64558119,Brooklyn,Bensonhurst East
"{'type': 'MultiPolygon', 'coordinates': [[[[-73.91009068718934, 40.667154312159276], [-73.9099064652888, 40.66643619371876], [-73.90989734528661, 40.66640064332798], [-73.90988811783248, 40.66636467620999], [-73.90988178105421, 40.66633997258942], [-73.90987422305406, 40.66631051356633], [-73.90986555415537, 40.66627671687421], [-73.90969893782788, 40.665627207679904], [-73.90951662997368, 40.66491854627009], [-73.90950213747048, 40.66486221311075], [-73.90947772934736, 40.66476733265267], [-73.90946045511767, 40.664700185037184], [-73.90930543419903, 40.664097577724306], [-73.90917163714369, 40.66356147697041], [-73.90914238058225, 40.66344425289524], [-73.90892035289359, 40.662554607681635], [-73.90985632468598, 40.66241136141954], [-73.91077513186124, 40.66227799966417], [-73.91172740296469, 40.66213473272778], [-73.91212154222433, 40.66367213554092], [-73.91251614993183, 40.665208753205164], [-73.91291019659974, 40.66674548623636], [-73.91355503573679, 40.66926370746147], [-73.91403857192037, 40.670896839826575], [-73.91308574663636, 40.67131022633249], [-73.91221776895031, 40.67168716252569], [-73.91133533666564, 40.67207645396323], [-73.91106539578395, 40.670955400903104], [-73.9107424697341, 40.669684405962364], [-73.91041596879671, 40.668414757572606], [-73.91009068718934, 40.667154312159276]]]]}",8447.42166985,Brooklyn,Brownsville
"{'type': 'MultiPolygon', 'coordinates': [[[[-73.90398200553061, 40.64662856757716], [-73.90477576861635, 40.646116174952674], [-73.90565516922486, 40.645548673134996], [-73.90636885749103, 40.6450864706635], [-73.90708399180873, 40.64462319340351], [-73.90889895267149, 40.64625588924222], [-73.90943437182074, 40.64673824261155], [-73.91048886111227, 40.64768406317816], [-73.91071693420656, 40.64788844265178], [-73.91000330031729, 40.64835482318906], [-73.9092898282357, 40.648816182437145], [-73.90839915338007, 40.649388224627856], [-73.9076150338829, 40.64989589420057], [-73.90754641388139, 40.64983425329294], [-73.90637218779626, 40.6487793817764], [-73.90588893978108, 40.648345144474604], [-73.9057998371168, 40.64826507856761], [-73.90509580281233, 40.6476068514773], [-73.90398200553061, 40.64662856757716]]]]}",5377.96114003,Brooklyn,Canarsie
"{'type': 'MultiPolygon', 'coordinates': [[[[-73.90066994206177, 40.64365991433881], [-73.90146528321725, 40.643145286308965], [-73.90234519356413, 40.64257664791544], [-73.9030597828702, 40.6421151868048], [-73.90377394897381, 40.641652857442416], [-73.90448450777686, 40.642291709969044], [-73.90541680534773, 40.643128809895735], [-73.90655850939281, 40.64415219210356], [-73.90708399180873, 40.64462319340351], [-73.90636885749103, 40.6450864706635], [-73.90565516922486, 40.645548673134996], [-73.90477576861635, 40.646116174952674], [-73.90398200553061, 40.64662856757716], [-73.90343569484114, 40.64614316312325], [-73.90231269803822, 40.645134705370126], [-73.9013803418702, 40.644296697028224], [-73.90066994206177, 40.64365991433881]]]]}",5097.84052718,Brooklyn,Canarsie
"{'type': 'MultiPolygon', 'coordinates': [[[[-73.9852661420596, 40.596743846319505], [-73.98520027370782, 40.59639812611657], [-73.9850613649743, 40.59567091881942], [-73.98501532570762, 40.5954136159335], [-73.98467794058081, 40.59365865034361], [-73.98601936824284, 40.59444604946169], [-73.98676314924316, 40.594894065627244], [-73.9875043065475, 40.59534148328446], [-73.98822326571391, 40.595775539277646], [-73.98896339138365, 40.59622296547169], [-73.98970549936607, 40.59667122486969], [-73.99042080141503, 40.59710383452108], [-73.9911629876661, 40.59755365053633], [-73.99190618808103, 40.59800370556423], [-73.99262012517006, 40.59843478841596], [-73.99336225798434, 40.5988886887647], [-73.99159842611225, 40.60058036605473], [-73.99086378713947, 40.60013402897952], [-73.99015003215155, 40.599705024057776], [-73.98939449084237, 40.59925456961748], [-73.98865795669548, 40.59880069916263], [-73.98793938533895, 40.598372049378945], [-73.98719210847075, 40.59792604759248], [-73.98645717402141, 40.59747892630208], [-73.98574725796807, 40.59704049347067], [-73.9852661420596, 40.596743846319505]]]]}",7243.13150027,Brooklyn,Bensonhurst East
"{'type': 'MultiPolygon', 'coordinates': [[[[-73.92624885113779, 40.60741352226008], [-73.92696222704504, 40.60696137521577], [-73.92769136206485, 40.6064805076001], [-73.92952402935232, 40.60811674141723], [-73.93134520149016, 40.609747058386915], [-73.93060090960633, 40.61022716522487], [-73.9298873498605, 40.61068805213825], [-73.9291741563889, 40.61115079741954], [-73.92846013766403, 40.61161355701224], [-73.92664079663302, 40.60997959358489], [-73.92634016004389, 40.609708929713975], [-73.92482131281133, 40.60834144906763], [-73.92517043609851, 40.60811193641675], [-73.92552903936031, 40.607876187046436], [-73.92586463608077, 40.60766047745877], [-73.92624885113779, 40.60741352226008]]]]}",5223.5968951,Brooklyn,Georgetown-Marine Park-Bergen Beach-Mill Basin
"{'type': 'MultiPolygon', 'coordinates': [[[[-73.91172740296469, 40.66213473272778], [-73.91133533986947, 40.66059733858595], [-73.91229257383213, 40.6604554043114], [-73.91321011168571, 40.660319032425605], [-73.91413057914457, 40.660181439489435], [-73.91452630730531, 40.661722067853795], [-73.9154773162497, 40.66157348309225], [-73.91587511516677, 40.66311591032574], [-73.9162671204376, 40.66465376486008], [-73.91531019138779, 40.6647941119034], [-73.9143912361551, 40.66493019371821], [-73.91347143865734, 40.66506598745225], [-73.91251614993183, 40.665208753205164], [-73.91212154222433, 40.66367213554092], [-73.91172740296469, 40.66213473272778]]]]}",5546.68353105,Brooklyn,Brownsville
"{'type': 'MultiPolygon', 'coordinates': [[[[-73.92446856453084, 40.62374272281208], [-73.92543133412266, 40.62368076456989], [-73.9263653185916, 40.62362269833099], [-73.92736928380532, 40.62356136339471], [-73.92837632073503, 40.6234993821481], [-73.92931134107161, 40.62344076943042], [-73.93028165196603, 40.62338034244145], [-73.93125002222676, 40.62332084325916], [-73.9321951234809, 40.62326916455695], [-73.93130709312577, 40.62384991452019], [-73.93039315247938, 40.624441358226136], [-73.92948143120529, 40.62503205753407], [-73.92860608006075, 40.6256044452004], [-73.92831638065907, 40.62578452302674], [-73.9276603060383, 40.62621107535678], [-73.92670816326535, 40.626821420991845], [-73.92582589828041, 40.627392730756085], [-73.92491871701561, 40.627983864918896], [-73.92470922253946, 40.626010706468485], [-73.92446856453084, 40.62374272281208]]]]}",6353.53503109,Brooklyn,Flatlands
"{'type': 'MultiPolygon', 'coordinates': [[[[-73.8950006233778, 40.63038585945847], [-73.89576910574027, 40.629883987385945], [-73.89648499592322, 40.62941698435748], [-73.89720451100881, 40.62896040926589], [-73.89791912521197, 40.628503347682326], [-73.89865732749936, 40.62802614839179], [-73.89941286590326, 40.627543548000524], [-73.8995519299379, 40.62746672931105], [-73.89979666880151, 40.62742161913628], [-73.90074286528947, 40.62785818324147], [-73.90155064913364, 40.62821865467322], [-73.90195130720507, 40.628402171152764], [-73.90238728790185, 40.62859916141252], [-73.9019649388809, 40.628745451870195], [-73.90125410308625, 40.62920622593633], [-73.90051316964491, 40.6296878238662], [-73.8997722283758, 40.630167508846675], [-73.89905604163572, 40.63062997458037], [-73.89834907371397, 40.63109370548065], [-73.89762854635653, 40.631552646217116], [-73.89685952193516, 40.6320498743562], [-73.89503861783112, 40.6304198708199], [-73.8950006233778, 40.63038585945847]]]]}",5343.1404916,Brooklyn,Canarsie
"{'type': 'MultiPolygon', 'coordinates': [[[[-73.98920592411011, 40.63782406436581], [-73.98978863833325, 40.63726421075205], [-73.99037329418316, 40.63670498505933], [-73.99095601251139, 40.6361457111431], [-73.99153919439033, 40.63558236383413], [-73.99373770445455, 40.63691376854189], [-73.99464078417282, 40.63746011403469], [-73.99594165714214, 40.638246374102856], [-73.99694186991746, 40.63885246323715], [-73.99622742149047, 40.639331193113264], [-73.99551033696265, 40.63980966763264], [-73.9947953953937, 40.64028848788702], [-73.99433124126965, 40.64060028845553], [-73.99407692009133, 40.64077040176039], [-73.99140800923699, 40.63915538680424], [-73.98920592411011, 40.63782406436581]]]]}",5742.17947592,Brooklyn,Borough Park
"{'type': 'MultiPolygon', 'coordinates': [[[[-73.92846013766403, 40.61161355701224], [-73.9291741563889, 40.61115079741954], [-73.9298873498605, 40.61068805213825], [-73.93060090960633, 40.61022716522487], [-73.93134520149016, 40.609747058386915], [-73.93315984132026, 40.611381331581825], [-73.93242269670282, 40.611858573467565], [-73.93171046494989, 40.61232138994289], [-73.93325403211934, 40.613707595495995], [-73.93352711273486, 40.61395282162626], [-73.93379749185921, 40.614195100888345], [-73.93534816207313, 40.615584559463954], [-73.93463319271184, 40.61604760862402], [-73.93391769578318, 40.616508788755795], [-73.93209952877987, 40.61487579541995], [-73.93027953420189, 40.61324531146329], [-73.92846013766403, 40.61161355701224]]]]}",6780.00306073,Brooklyn,Georgetown-Marine Park-Bergen Beach-Mill Basin
"{'type': 'MultiPolygon', 'coordinates': [[[[-73.99771358995557, 40.62368026991603], [-73.99794034444957, 40.622832893055005], [-73.99798570025398, 40.62256685384617], [-73.99829450506074, 40.62161940411842], [-73.99838944944356, 40.62125945802406], [-73.9985954333006, 40.62050169068115], [-73.9988119309991, 40.619721337790516], [-73.99903621076469, 40.618945550827405], [-73.99927191284505, 40.61817725499145], [-73.99942566521017, 40.61762759643623], [-73.99948826466796, 40.61740451097099], [-73.9996202548675, 40.61747105008596], [-74.00181846005628, 40.618806121494764], [-74.00401906907375, 40.620136189069065], [-74.00343557036693, 40.62069540384769], [-74.00285701640152, 40.62125364333948], [-74.00227586285989, 40.621814274427024], [-74.00169380156665, 40.62237242731967], [-74.00120222368227, 40.62284271235202], [-74.0005298749299, 40.6234899390831], [-73.99994664989222, 40.62405062260482], [-73.99932090284946, 40.62465524684658], [-73.99771358995557, 40.62368026991603]]]]}",6614.31879917,Brooklyn,Bensonhurst West
"{'type': 'MultiPolygon', 'coordinates': [[[[-73.99159743652733, 40.61445169431277], [-73.98939734506109, 40.61312289227427], [-73.98719488358827, 40.611792382771], [-73.98496383485828, 40.61044799444133], [-73.98535587535235, 40.61007201422716], [-73.98554853225936, 40.609887242594965], [-73.98575987188943, 40.60968408446955], [-73.9861291535397, 40.609329864468734], [-73.9883579199232, 40.61067459012155], [-73.99055892633127, 40.61200464598557], [-73.99276014992712, 40.61333466824201], [-73.99334367268797, 40.61277262455857], [-73.9953702001785, 40.613995227253454], [-73.99479741350659, 40.61456227869217], [-73.99422253642688, 40.615130551942855], [-73.99365164544983, 40.61569382411464], [-73.99159743652733, 40.61445169431277]]]]}",7706.99961567,Brooklyn,Bensonhurst West
"{'type': 'MultiPolygon', 'coordinates': [[[[-73.91251614993183, 40.665208753205164], [-73.91347143865734, 40.66506598745225], [-73.9143912361551, 40.66493019371821], [-73.91531019138779, 40.6647941119034], [-73.9162671204376, 40.66465376486008], [-73.91665806019934, 40.666187600846364], [-73.91730570520963, 40.66870857690706], [-73.91748266125647, 40.66939223110007], [-73.91713589044302, 40.66954376367961], [-73.91658459949997, 40.66978754948585], [-73.91652296113396, 40.66981426418319], [-73.9164716345359, 40.669836509653095], [-73.91586213225663, 40.670100669191235], [-73.91580361911345, 40.670126028141766], [-73.9157287451547, 40.670158478096305], [-73.9155846732804, 40.67022136347986], [-73.91553422510998, 40.67024338351534], [-73.91487246337705, 40.67053222822069], [-73.914618577297, 40.67064323875395], [-73.91454485538057, 40.670675473015855], [-73.91403857192037, 40.670896839826575], [-73.91355503573679, 40.66926370746147], [-73.91291019659974, 40.66674548623636], [-73.91251614993183, 40.665208753205164]]]]}",6035.6802338,Brooklyn,Brownsville
"{'type': 'MultiPolygon', 'coordinates': [[[[-73.92842985426594, 40.61497277981082], [-73.9294609481756, 40.61589682022154], [-73.92989884493674, 40.616294272363724], [-73.9306024460184, 40.616922263421124], [-73.9317317921372, 40.617926921394485], [-73.93163061347371, 40.61809654657856], [-73.93169293748228, 40.618653024596725], [-73.93195075799093, 40.62106027777608], [-73.9321951234809, 40.62326916455695], [-73.93125002222676, 40.62332084325916], [-73.93028165196603, 40.62338034244145], [-73.92931134107161, 40.62344076943042], [-73.92911735473557, 40.62162274177803], [-73.92907650383061, 40.62123985105733], [-73.92881955801091, 40.61882987178969], [-73.92860217797667, 40.61681164307605], [-73.92856778812097, 40.61649237744371], [-73.92842985426594, 40.61497277981082]]]]}",7270.49788157,Brooklyn,Flatlands
"{'type': 'MultiPolygon', 'coordinates': [[[[-73.99948826466796, 40.61740451097099], [-73.99970876023524, 40.61662028439948], [-73.99994344218128, 40.61578207988245], [-74.00019136580389, 40.6149503854679], [-74.00144909895704, 40.61571072256135], [-74.00203157665072, 40.61515271492403], [-74.00423319194388, 40.616481876905006], [-74.00643394992089, 40.61781471690192], [-74.00585319934184, 40.618370477260555], [-74.005226659917, 40.61897315402657], [-74.00459906977372, 40.61957685399818], [-74.00401906907375, 40.620136189069065], [-74.00181846005628, 40.618806121494764], [-73.9996202548675, 40.61747105008596], [-73.99948826466796, 40.61740451097099]]]]}",5864.28942653,Brooklyn,Bensonhurst West
"{'type': 'MultiPolygon', 'coordinates': [[[[-73.94570606186483, 40.65100678447145], [-73.94667414461573, 40.65094811918967], [-73.94765619211289, 40.650899293731634], [-73.94859156898967, 40.650855005355], [-73.94957113083304, 40.650807899871225], [-73.94966851174581, 40.65169751958088], [-73.94976874975221, 40.652642323158794], [-73.94993008857374, 40.654150326869264], [-73.95006664927287, 40.65542299720061], [-73.94715896323054, 40.65559378777362], [-73.94703257592046, 40.654338714330144], [-73.94606690611364, 40.65441026232336], [-73.94590468778354, 40.65285465047678], [-73.94570606186483, 40.65100678447145]]]]}",5542.99893981,Brooklyn,Erasmus
"{'type': 'MultiPolygon', 'coordinates': [[[[-73.92085197859551, 40.616971435842736], [-73.92062400307957, 40.614838681674975], [-73.92159370078788, 40.61477818387686], [-73.92252930293753, 40.614719033353715], [-73.92349786366519, 40.61465815803782], [-73.9244665140724, 40.614599417650915], [-73.92539545805559, 40.61454056392988], [-73.92640044600994, 40.614478535531354], [-73.92662740968515, 40.616611960904734], [-73.92687894657263, 40.61894981888279], [-73.92587569897447, 40.619012807850915], [-73.92494401140777, 40.61907126847405], [-73.92397567255347, 40.61913148920298], [-73.92300753155868, 40.61919286338609], [-73.92275533938091, 40.61685390618896], [-73.92182333752011, 40.61691126107683], [-73.92085197859551, 40.616971435842736]]]]}",6486.69652828,Brooklyn,Flatlands
"{'type': 'MultiPolygon', 'coordinates': [[[[-73.91406086554711, 40.698838200016844], [-73.91330879021086, 40.69841041444628], [-73.91255555465422, 40.6979817596131], [-73.91411389259606, 40.69639802130617], [-73.91556201290929, 40.69492212544741], [-73.91631325673524, 40.69535124633652], [-73.91655004872202, 40.69548591514816], [-73.91661144267569, 40.695520831484124], [-73.91670957662276, 40.69557664159624], [-73.91677235158907, 40.69561234270602], [-73.91686074421116, 40.69566261338582], [-73.91691887420782, 40.69569567216789], [-73.9170716303827, 40.69578254612303], [-73.91728545099429, 40.69590435253164], [-73.91736166599597, 40.69594776856697], [-73.91743326144247, 40.69598855407279], [-73.91750809643551, 40.696031183987095], [-73.91760570498232, 40.696086786560045], [-73.91769867114172, 40.696139745330726], [-73.91781824895689, 40.69620786264961], [-73.91800959451801, 40.69631614190954], [-73.91812143899853, 40.69637943246623], [-73.91824631872902, 40.69645009919075], [-73.91835160543692, 40.696509677147745], [-73.91842289822198, 40.69655002038476], [-73.91848765661173, 40.69658666446815], [-73.91856440692271, 40.6966300949912], [-73.91932072862139, 40.697060396871876], [-73.9178712834344, 40.69853669933667], [-73.91752228639069, 40.69889324163429], [-73.91631608293072, 40.70012139062869], [-73.9155647019299, 40.699693296565194], [-73.91481429831636, 40.69926598164715], [-73.91468113193665, 40.69919014993166], [-73.91406086554711, 40.698838200016844]]]]}",5387.2012476,Brooklyn,Bushwick North
"{'type': 'MultiPolygon', 'coordinates': [[[[-74.07920577013245, 40.64343078374571], [-74.07913504647637, 40.643337899548115], [-74.07819773831595, 40.642114816722774], [-74.07884632409665, 40.6419955685282], [-74.0791223401088, 40.641944319286296], [-74.07965266950632, 40.64185535155284], [-74.08055489346589, 40.641691503773515], [-74.08148001617707, 40.64155046162586], [-74.08130714145031, 40.640741917093266], [-74.08110049694088, 40.63992282533914], [-74.08191207797016, 40.63980591176024], [-74.08194326513642, 40.639933277888616], [-74.0820464807701, 40.640338526958125], [-74.08228199570526, 40.64060089645306], [-74.08503312179074, 40.640197858068746], [-74.0872057798552, 40.63989536764717], [-74.08709163679771, 40.64033437636216], [-74.08701899114665, 40.64061379085049], [-74.08682767812078, 40.64133802397941], [-74.08667746827268, 40.641909633272356], [-74.08652380457303, 40.642564083572246], [-74.08575006381034, 40.64284612067609], [-74.08496857468032, 40.64313007581632], [-74.08414352403344, 40.64343089730634], [-74.0820726845645, 40.644207605437934], [-74.08237118148979, 40.644645079984386], [-74.08028198256949, 40.64479321566106], [-74.07920577013245, 40.64343078374571]]]]}",7729.01679383,Staten Island,West New Brighton-New Brighton-St. George
"{'type': 'MultiPolygon', 'coordinates': [[[[-73.98900841025876, 40.627676058295904], [-73.98959063545297, 40.627117123929246], [-73.9901748133742, 40.626557735594], [-73.99075597963649, 40.62599758913173], [-73.99295979658102, 40.62732639926511], [-73.99516084078732, 40.628655301203096], [-73.99611483104519, 40.62923240906632], [-73.99735860407546, 40.6299863231965], [-73.99677888887234, 40.63054687273859], [-73.99619479034577, 40.631105851446684], [-73.99561773897994, 40.6316670171893], [-73.99546076223604, 40.631574698321394], [-73.99341325337446, 40.63033682638997], [-73.99121130245868, 40.62900554107489], [-73.98900841025876, 40.627676058295904]]]]}",6240.45934957,Brooklyn,Borough Park
"{'type': 'MultiPolygon', 'coordinates': [[[[-73.96651951178761, 40.59095287346441], [-73.96744527544173, 40.590851210293934], [-73.9678770216766, 40.59080375616196], [-73.96837099961164, 40.590749466611136], [-73.96929959284081, 40.59064758991978], [-73.97022337670373, 40.59054017534082], [-73.97115101831331, 40.59044244403069], [-73.97128748924906, 40.59115950174972], [-73.9714184756329, 40.59183850998368], [-73.97155530513315, 40.59256045755621], [-73.97178220253625, 40.59375608385796], [-73.97189684823076, 40.59435251069317], [-73.97176509065001, 40.59511141144379], [-73.97108255219185, 40.595049672547205], [-73.97056817604438, 40.595000527093774], [-73.97011108143963, 40.594956850174846], [-73.9697713119069, 40.59492988157008], [-73.96922788091884, 40.595255545996494], [-73.9683024706499, 40.59536072764029], [-73.96737610335964, 40.595461075210466], [-73.96722141109493, 40.59465166850312], [-73.96692340553074, 40.59307410090594], [-73.96665397056448, 40.591676744301026], [-73.96651951178761, 40.59095287346441]]]]}",5947.05624464,Brooklyn,Homecrest
"{'type': 'MultiPolygon', 'coordinates': [[[[-73.92817215363178, 40.65847734532556], [-73.92799465183614, 40.65680210198449], [-73.92896419474016, 40.65674261332475], [-73.92989802426044, 40.65668443579573], [-73.93090354932272, 40.656610355984185], [-73.93108323098912, 40.65829591603632], [-73.9320904796259, 40.658235090754765], [-73.93399584821424, 40.65811864639313], [-73.93423037484955, 40.66041523394802], [-73.93233560703489, 40.66053172412118], [-73.93132569780049, 40.66059330702456], [-73.93031984118441, 40.66065651222518], [-73.92938735008052, 40.660715097917645], [-73.92935402789752, 40.66040201383586], [-73.92914281087548, 40.65841710817447], [-73.92869321409728, 40.65844500773368], [-73.92817215363178, 40.65847734532556]]]]}",6146.79498863,Brooklyn,Prospect Lefferts Gardens-Wingate
"{'type': 'MultiPolygon', 'coordinates': [[[[-73.92687894657263, 40.61894981888279], [-73.92662740968515, 40.616611960904734], [-73.92640044600994, 40.614478535531354], [-73.9263159900524, 40.61343967604685], [-73.9262976991461, 40.613192155173046], [-73.92629604565613, 40.61311679907702], [-73.92739580756164, 40.61405269057586], [-73.9276920362311, 40.61431264133292], [-73.92776130050665, 40.614373425017405], [-73.9280893539052, 40.61466788526042], [-73.92842985426594, 40.61497277981082], [-73.92856778812097, 40.61649237744371], [-73.92860217797667, 40.61681164307605], [-73.92881955801091, 40.61882987178969], [-73.92907650383061, 40.62123985105733], [-73.92911735473557, 40.62162274177803], [-73.92931134107161, 40.62344076943042], [-73.92837632073503, 40.6234993821481], [-73.92736928380532, 40.62356136339471], [-73.92732106076782, 40.62310763260208], [-73.92713509237151, 40.62135782130102], [-73.92687894657263, 40.61894981888279]]]]}",8351.80782096,Brooklyn,Flatlands
"{'type': 'MultiPolygon', 'coordinates': [[[[-73.94983714662644, 40.606666773513545], [-73.95076435789878, 40.60656497418869], [-73.95169115449102, 40.60646245571373], [-73.95272420043507, 40.60634895094376], [-73.95392245016285, 40.60621661031639], [-73.9543891391047, 40.6086748702632], [-73.95469559436981, 40.610266059790646], [-73.95479552709989, 40.610820766155186], [-73.95359888852906, 40.61094986560642], [-73.95258786948973, 40.611112239589055], [-73.95256553090685, 40.61098718473396], [-73.9516323504994, 40.611123539861744], [-73.95070512926118, 40.61125045222408], [-73.95029931616574, 40.609124596218834], [-73.94983714662644, 40.606666773513545]]]]}",5722.06050116,Brooklyn,Madison
"{'type': 'MultiPolygon', 'coordinates': [[[[-73.9691298602932, 40.599733295628596], [-73.97005558742842, 40.5996320879261], [-73.97098384089291, 40.599529810599364], [-73.97191080543013, 40.59942305913237], [-73.97291116907182, 40.5993158037008], [-73.97256533709847, 40.60179437302312], [-73.97245261654382, 40.60261705453982], [-73.97235152087218, 40.603348118861064], [-73.97217742800865, 40.60419471153739], [-73.97099040689531, 40.60432186881207], [-73.97002127999427, 40.60444366805616], [-73.96957672619415, 40.60212241941118], [-73.9691298602932, 40.599733295628596]]]]}",5189.9688504,Brooklyn,Homecrest
"{'type': 'MultiPolygon', 'coordinates': [[[[-73.94904681622317, 40.59747936153664], [-73.94997334604547, 40.597377441937276], [-73.95100585510703, 40.59726261947361], [-73.95220370821761, 40.59713035149433], [-73.95314947405706, 40.597027918568166], [-73.95355183593594, 40.599146453010206], [-73.95397802921507, 40.60140163224036], [-73.9530366795168, 40.60150590938762], [-73.9518344852117, 40.60163707700523], [-73.95080167613067, 40.601749727377815], [-73.94987458880875, 40.60185315696847], [-73.94944810515335, 40.59959756723467], [-73.94904681622317, 40.59747936153664]]]]}",5522.41391228,Brooklyn,Madison
"{'type': 'MultiPolygon', 'coordinates': [[[[-73.95899416297213, 40.62788559454315], [-73.95995565121865, 40.62777867203803], [-73.96014773493893, 40.62891518491449], [-73.96022560057942, 40.62925450079455], [-73.96024902920506, 40.629370622335024], [-73.96025855076716, 40.62941826306823], [-73.96040734342024, 40.630162531078874], [-73.96046280639736, 40.63015566071689], [-73.96136921593188, 40.63005838826246], [-73.96163639940355, 40.63002222352101], [-73.96182099849075, 40.63000487740184], [-73.96197454283188, 40.62999504108039], [-73.9623259936459, 40.62996871673761], [-73.9632214934303, 40.62984106103686], [-73.96414862901239, 40.62973896505889], [-73.96508072828969, 40.62965467509231], [-73.96608191359866, 40.6295427068263], [-73.96666143644512, 40.631922958621324], [-73.96655432880176, 40.63193460710655], [-73.96616426743911, 40.63197700704946], [-73.96553343195669, 40.63204001732912], [-73.96459843687057, 40.63212889381249], [-73.96367388187821, 40.63225025665483], [-73.96248721959877, 40.63237974915041], [-73.96229875946295, 40.63240033607914], [-73.96211090138708, 40.63242075201818], [-73.96091271560286, 40.63255560045817], [-73.96085965123375, 40.63256183993474], [-73.96080311206319, 40.63256726903923], [-73.95989339733457, 40.632659357555], [-73.95988501323332, 40.63262503656576], [-73.95944201661345, 40.630269023935575], [-73.95929333854362, 40.629488985176714], [-73.95926740533744, 40.629354366051814], [-73.95918905050348, 40.62893320138244], [-73.95899416297213, 40.62788559454315]]]]}",7275.90189656,Brooklyn,Flatbush
"{'type': 'MultiPolygon', 'coordinates': [[[[-73.93139116688346, 40.65168960812487], [-73.93232520345862, 40.651647567449864], [-73.93329560807219, 40.65160549472042], [-73.93426812874824, 40.651562352716475], [-73.93448240560436, 40.653563189993605], [-73.93541604439515, 40.653504257913944], [-73.93557827755015, 40.65503868605544], [-73.9357181326128, 40.65630329672938], [-73.93478437377982, 40.656360395087304], [-73.93381012074782, 40.656422992675026], [-73.93284657358834, 40.656478482051924], [-73.93190743894837, 40.656537652543], [-73.9317715320336, 40.655273641666746], [-73.93160868651243, 40.65374163911997], [-73.93139116688346, 40.65168960812487]]]]}",5647.03602708,Brooklyn,East Flatbush-Farragut
"{'type': 'MultiPolygon', 'coordinates': [[[[-73.93462114587392, 40.61044196444857], [-73.93280115826268, 40.60880497328901], [-73.93351310733408, 40.60834345581009], [-73.93423157627713, 40.60789771518759], [-73.93531145154154, 40.60886003972746], [-73.93572378349039, 40.609227486311525], [-73.93604627615385, 40.609514868916946], [-73.93676116245757, 40.609055286718366], [-73.93709376048243, 40.60884198346815], [-73.93753749374089, 40.608557389754964], [-73.93934703447131, 40.61018714136911], [-73.93891056618816, 40.610470286706835], [-73.93857912188423, 40.610685306938166], [-73.93786561387576, 40.61114457728227], [-73.93715225896084, 40.611606859791834], [-73.93643804226942, 40.61206942502865], [-73.93616523020735, 40.61182507053485], [-73.93462114587392, 40.61044196444857]]]]}",5230.94540177,Brooklyn,Georgetown-Marine Park-Bergen Beach-Mill Basin
"{'type': 'MultiPolygon', 'coordinates': [[[[-73.98411754823195, 40.75484205346464], [-73.9845958428486, 40.754176942373924], [-73.98504363809306, 40.75355414871729], [-73.98548819085713, 40.75293517965366], [-73.98594653087758, 40.75231680555555], [-73.98731031988817, 40.75289242302916], [-73.98878655043399, 40.753516779347486], [-73.9916327131064, 40.75470680500962], [-73.99117738158363, 40.75532984908395], [-73.99072636339713, 40.75595040556484], [-73.99027621412581, 40.756567565049636], [-73.98979085401604, 40.75723313191888], [-73.98841835499525, 40.75665498686526], [-73.98694873852376, 40.75603590226133], [-73.98640436709023, 40.75580802928723], [-73.98411754823195, 40.75484205346464]]]]}",5699.86064037,Manhattan,Midtown-Midtown South
"{'type': 'MultiPolygon', 'coordinates': [[[[-73.92041799874801, 40.63090438455293], [-73.92130049649215, 40.630324002870715], [-73.92221536898661, 40.62973036467353], [-73.92271133861003, 40.629411248393616], [-73.92312808957169, 40.62914310057465], [-73.92400437881899, 40.62856619727018], [-73.9242972096997, 40.62838658306125], [-73.92495622240207, 40.62834939233288], [-73.92592688252854, 40.628287660739275], [-73.92685881773953, 40.628228381946265], [-73.9278650140523, 40.628166899174246], [-73.9288690331543, 40.6281064871454], [-73.92980463530833, 40.62804944737751], [-73.93077281682513, 40.627987709548336], [-73.93174317860021, 40.62792968349593], [-73.93198360097787, 40.63026852981557], [-73.9310245020546, 40.630329122320205], [-73.93005327705961, 40.63038843779022], [-73.92911992121834, 40.630446778146464], [-73.92811370409315, 40.63050675843957], [-73.92710673685477, 40.63057097060777], [-73.92617596536242, 40.63062806457406], [-73.92520537961157, 40.630689014961284], [-73.92423916579888, 40.63074874361117], [-73.92330514863846, 40.63080827101909], [-73.92233487923625, 40.630866459131944], [-73.92136605920292, 40.63092726086747], [-73.92062111410822, 40.63097246068584], [-73.92041799874801, 40.63090438455293]]]]}",7568.72837888,Brooklyn,Flatlands
"{'type': 'MultiPolygon', 'coordinates': [[[[-73.98868737979164, 40.61724846240047], [-73.98927042567198, 40.6166902225365], [-73.9898515256969, 40.61613013334419], [-73.99043494329779, 40.615571013545875], [-73.99101484163528, 40.61501161221471], [-73.99159743652733, 40.61445169431277], [-73.99365164544983, 40.61569382411464], [-73.99600132069855, 40.61711187236395], [-73.99541754637059, 40.61767238818127], [-73.99483514475244, 40.61823170390259], [-73.99425411618573, 40.61878917054238], [-73.99387689516293, 40.619155780680046], [-73.99151796439376, 40.617819798026645], [-73.99137097018966, 40.61796144863241], [-73.99079542190532, 40.61852356272421], [-73.98868737979164, 40.61724846240047]]]]}",5699.18915516,Brooklyn,Bensonhurst West
"{'type': 'MultiPolygon', 'coordinates': [[[[-73.87859203470767, 40.65970104366969], [-73.87937356864495, 40.65936426201084], [-73.87978228429222, 40.65918743732178], [-73.88019000750768, 40.65901104052543], [-73.88060038826595, 40.658835455877785], [-73.88100156692528, 40.6586638055352], [-73.88182597645896, 40.65830768176404], [-73.88196183637677, 40.658492075694696], [-73.88219915851295, 40.658814174407624], [-73.88222887477286, 40.65885450593175], [-73.88250838586704, 40.65923385940817], [-73.88254466594388, 40.65928309832727], [-73.88269870972029, 40.65949216254435], [-73.88273957686347, 40.65954762740586], [-73.88291170730974, 40.65978123723728], [-73.88305171589488, 40.65997023707103], [-73.88308419953422, 40.66001408726333], [-73.88333370454612, 40.660350893198945], [-73.88336252513531, 40.66038979617289], [-73.88350368675269, 40.660580348590926], [-73.88353249897955, 40.66061924062325], [-73.8836780716932, 40.66081574470575], [-73.88370804975378, 40.66085621062643], [-73.8838801037598, 40.66108845839264], [-73.88390709893639, 40.661124898561916], [-73.88399317060046, 40.66124108025096], [-73.88406633900944, 40.66133984151912], [-73.8840991130521, 40.66138407216567], [-73.8836851588854, 40.66156381028404], [-73.88351334265026, 40.66163841195287], [-73.8833019410049, 40.66173019946458], [-73.88319508860275, 40.6617756022204], [-73.88304131475529, 40.66184094194958], [-73.88287122263293, 40.661913215267155], [-73.88266156309537, 40.66200489900464], [-73.88246945078076, 40.66208991960103], [-73.8820538336627, 40.662270290771595], [-73.88192941260081, 40.6623242841106], [-73.88183078748776, 40.66236708328331], [-73.88167275564618, 40.66243149674236], [-73.88152268264501, 40.662495233661524], [-73.88137262211598, 40.6625589709002], [-73.88085396990654, 40.66278129523897], [-73.8808139802381, 40.66272626755149], [-73.88075176507786, 40.66264065431377], [-73.88071112554886, 40.662584730645264], [-73.88065651087139, 40.662509575642886], [-73.88059525009811, 40.66242527086544], [-73.88054852664419, 40.662360974800684], [-73.88050927968233, 40.66230696550893], [-73.88046337672014, 40.66224379605014], [-73.8803504185608, 40.662088345986525], [-73.8802565689043, 40.66195919199389], [-73.88013753947693, 40.661795384617605], [-73.88012422621397, 40.6617770641022], [-73.8800900235925, 40.66172999441383], [-73.87998475298232, 40.66158512268697], [-73.87993034557223, 40.661510246982644], [-73.87968292755153, 40.661169744228765], [-73.87955742467176, 40.66100077914355], [-73.87951639387833, 40.66094554132858], [-73.87935032657553, 40.66072196287953], [-73.87929113042779, 40.660642265907626], [-73.8790044401769, 40.6602562871179], [-73.87894912171042, 40.660181810704785], [-73.87876527496215, 40.65993428746742], [-73.87870995768965, 40.659859810937164], [-73.87859203470767, 40.65970104366969]]]]}",4637.06883207,Brooklyn,East New York
"{'type': 'MultiPolygon', 'coordinates': [[[[-73.9396641041718, 40.63914132850186], [-73.94059709950075, 40.63908298361209], [-73.9415326931778, 40.639024523748], [-73.94250291178643, 40.63896441740359], [-73.94265118372918, 40.64034459107963], [-73.94271389781208, 40.64094914946952], [-73.94275063189117, 40.64130325992555], [-73.94372044513288, 40.64124284557534], [-73.94396498588735, 40.64354277215829], [-73.94299634392334, 40.64360355804989], [-73.94202961708643, 40.64366389598123], [-73.94109159524054, 40.64372026873056], [-73.94015829773792, 40.64378010462827], [-73.93991368690432, 40.641480241275644], [-73.9396641041718, 40.63914132850186]]]]}",5511.62421035,Brooklyn,East Flatbush-Farragut
"{'type': 'MultiPolygon', 'coordinates': [[[[-73.93964133594521, 40.59392254056836], [-73.93925356177321, 40.59186975561914], [-73.93923856248676, 40.59178976366814], [-73.94012735361846, 40.591692109124246], [-73.94020105017579, 40.59168400691545], [-73.94028006304377, 40.591675375516914], [-73.94123257589017, 40.59157137924304], [-73.94215379127132, 40.591469240509475], [-73.94308478449315, 40.59136796502595], [-73.94401164156683, 40.59126489579754], [-73.94497238858033, 40.5911601429466], [-73.94537361635065, 40.59327927439926], [-73.94577449198324, 40.59539762935432], [-73.94622941179414, 40.59778899208439], [-73.94526519230124, 40.59789362694904], [-73.94479667452052, 40.59794473278826], [-73.9443392262397, 40.59799462615248], [-73.94387596479534, 40.59804616334439], [-73.94341159130691, 40.59809781505673], [-73.94248473340741, 40.59820036561234], [-73.94148000390203, 40.59830439123593], [-73.94138092322446, 40.59779217396867], [-73.9413643669377, 40.59770657769646], [-73.94129863491433, 40.597366751837114], [-73.94127905147937, 40.59726550761126], [-73.94123828174638, 40.59705473015363], [-73.94120559831842, 40.59688576172238], [-73.94106836959712, 40.596176291080205], [-73.94105584336575, 40.59611153259521], [-73.94101897126488, 40.59592089505461], [-73.94091644263771, 40.595389473460045], [-73.94090202206421, 40.59531473007351], [-73.94085213946097, 40.59505617946442], [-73.94081668328306, 40.59487240071292], [-73.94077966551806, 40.59468052730119], [-73.94075108359989, 40.594532378503246], [-73.94069017642461, 40.594216677047854], [-73.94067085232666, 40.59411651371927], [-73.94061132717552, 40.59380796809797], [-73.94051817562165, 40.593818971489384], [-73.93974913860463, 40.593909807454224], [-73.93964133594521, 40.59392254056836]]]]}",8094.77383611,Brooklyn,Sheepshead Bay-Gerritsen Beach-Manhattan Beach
"{'type': 'MultiPolygon', 'coordinates': [[[[-73.97477658040467, 40.61263847542963], [-73.97458407480241, 40.61161357623686], [-73.97451543928018, 40.61125680143393], [-73.97439072889581, 40.61057921305033], [-73.97637170304222, 40.61176868550265], [-73.9770115719101, 40.6111727688596], [-73.97740717630181, 40.611410477403204], [-73.97846953273276, 40.612044044756836], [-73.97920804615912, 40.61249723256932], [-73.97954398809793, 40.61270748419066], [-73.98070684560388, 40.61340218511177], [-73.98143750071507, 40.61383768844173], [-73.9808050623508, 40.61444713027801], [-73.98022027459378, 40.61500494876014], [-73.97963821772845, 40.61556454722809], [-73.9774081645899, 40.614218112990315], [-73.97520829413772, 40.612885258215336], [-73.97477658040467, 40.61263847542963]]]]}",5828.14337958,Brooklyn,Bensonhurst East
"{'type': 'MultiPolygon', 'coordinates': [[[[-73.89882815471786, 40.642005244914024], [-73.89962586605749, 40.64149089177332], [-73.90050328727193, 40.64092287835624], [-73.9012165581271, 40.64046178766498], [-73.9019326330969, 40.640000649860816], [-73.90274756434394, 40.639472053602944], [-73.90336188368082, 40.63907618956896], [-73.90412992443476, 40.638577963397985], [-73.90489548958583, 40.63808403333848], [-73.90561196245241, 40.63762194677584], [-73.90571965817534, 40.63771863361362], [-73.90745386973812, 40.639275454985736], [-73.90674187400086, 40.63973557588609], [-73.90597221388826, 40.640238248737], [-73.90520058384547, 40.64072908258958], [-73.90462641561378, 40.64110236881184], [-73.90377394897381, 40.641652857442416], [-73.9030597828702, 40.6421151868048], [-73.90234519356413, 40.64257664791544], [-73.90146528321725, 40.643145286308965], [-73.90066994206177, 40.64365991433881], [-73.89991439200487, 40.64297826014091], [-73.89940579460283, 40.6425236853096], [-73.89882815471786, 40.642005244914024]]]]}",6518.29073421,Brooklyn,Canarsie
"{'type': 'MultiPolygon', 'coordinates': [[[[-73.88330883390573, 40.666112005448184], [-73.88391264573167, 40.665851798568156], [-73.88412169962537, 40.66576074271453], [-73.88474247383917, 40.66549489364875], [-73.88493743678782, 40.66540710875857], [-73.8855636451942, 40.66514048671243], [-73.88641344683577, 40.66478080762298], [-73.88657767927934, 40.66470803747973], [-73.88726131274228, 40.66441357421631], [-73.88739217285882, 40.66435345726953], [-73.88810817419545, 40.664047412960386], [-73.88898470696255, 40.66391661475814], [-73.88990669497632, 40.663778289998135], [-73.89029917759834, 40.665311759354125], [-73.89069385391426, 40.666852234347], [-73.88976988627573, 40.66698991467192], [-73.88888919892364, 40.66712017405382], [-73.88798795965488, 40.66725460292859], [-73.88708404560293, 40.667388229376265], [-73.88618276516037, 40.66752098671631], [-73.88529697628564, 40.667653211663385], [-73.88441120802909, 40.66778496324657], [-73.88359681807393, 40.66790484656324], [-73.88319916866749, 40.666376051269964], [-73.88315201522792, 40.666181193684274], [-73.88330883390573, 40.666112005448184]]]]}",5874.91829026,Brooklyn,East New York
"{'type': 'MultiPolygon', 'coordinates': [[[[-73.98725890908335, 40.62935523869049], [-73.98784191992222, 40.628796654786846], [-73.98833888540986, 40.628319557031354], [-73.98842824402895, 40.62823089180314], [-73.98900841025876, 40.627676058295904], [-73.99121130245868, 40.62900554107489], [-73.99341325337446, 40.63033682638997], [-73.99546076223604, 40.631574698321394], [-73.99561773897994, 40.6316670171893], [-73.9953944908085, 40.631880756181175], [-73.99503449535298, 40.63223029545354], [-73.99445182267755, 40.63278509699035], [-73.99386586462512, 40.63334763016014], [-73.9916643249372, 40.632016487835735], [-73.98946251913321, 40.63068615903996], [-73.98725890908335, 40.62935523869049]]]]}",6244.55673068,Brooklyn,Borough Park
"{'type': 'MultiPolygon', 'coordinates': [[[[-73.93017996947648, 40.68856514015487], [-73.93014355334444, 40.68838147034545], [-73.93012502068372, 40.68828800234672], [-73.93003469538881, 40.68783242967569], [-73.9298876503294, 40.687099411457346], [-73.92974998938917, 40.686366021606915], [-73.93266904646838, 40.68603234288048], [-73.9355897567262, 40.68569478296533], [-73.93573599710628, 40.686428278701015], [-73.9358797938149, 40.687159549059814], [-73.93597165186655, 40.687617123986065], [-73.93600014689477, 40.6877590489043], [-73.93601070823635, 40.687811647872444], [-73.93602676471421, 40.687891614178206], [-73.93617169991664, 40.68862674768565], [-73.93324840736952, 40.68896103426656], [-73.93293427420593, 40.6889971682401], [-73.9327103555528, 40.6890229257218], [-73.93261586594774, 40.689033794566896], [-73.93239739323046, 40.689058924389876], [-73.93229280817573, 40.689070954203], [-73.93215763591667, 40.68908650223144], [-73.93205604625582, 40.68909818714831], [-73.93032510585428, 40.68929726462213], [-73.93017996947648, 40.68856514015487]]]]}",5437.78521716,Brooklyn,Stuyvesant Heights
"{'type': 'MultiPolygon', 'coordinates': [[[[-73.96664515713734, 40.62216223742479], [-73.96618841724802, 40.61977364498082], [-73.96573927568069, 40.617380324720045], [-73.96666442629514, 40.61727780152448], [-73.96773971023343, 40.61716059051054], [-73.96826363058202, 40.6171031209961], [-73.96882927049984, 40.61703452142007], [-73.96911050452687, 40.61700298832522], [-73.96956472786043, 40.619398242332174], [-73.9697763041657, 40.62051858172667], [-73.97001867578425, 40.62179247663353], [-73.97013413890535, 40.622376367743165], [-73.97047171931136, 40.62417003048167], [-73.97019276977215, 40.6242032499742], [-73.96909724465438, 40.62433282564061], [-73.96864510622713, 40.62194169531228], [-73.96757137736036, 40.62206027486025], [-73.96664515713734, 40.62216223742479]]]]}",7171.83871499,Brooklyn,Ocean Parkway South
"{'type': 'MultiPolygon', 'coordinates': [[[[-73.98192689720048, 40.670448641109154], [-73.9824284223703, 40.66984713847318], [-73.98293217427899, 40.66924495813201], [-73.9834345087248, 40.66864204575518], [-73.9839430237905, 40.66803081273761], [-73.98630429200723, 40.669172665877234], [-73.98864720123544, 40.670324688446456], [-73.98871322517387, 40.67035690652925], [-73.98821210711046, 40.670960814116484], [-73.98771576044813, 40.671555381148764], [-73.9874449644332, 40.67188008635538], [-73.98721100462444, 40.67216061625108], [-73.98670905431369, 40.672766732626755], [-73.98664204724719, 40.67273418945784], [-73.98428861857721, 40.67159109255282], [-73.98192689720048, 40.670448641109154]]]]}",5226.63136924,Brooklyn,Park Slope-Gowanus
"{'type': 'MultiPolygon', 'coordinates': [[[[-73.95214849968484, 40.6188753507115], [-73.95307696524787, 40.6187742178333], [-73.95400311081556, 40.61867267077315], [-73.95503698247002, 40.618557804042865], [-73.95549070038507, 40.62095009671464], [-73.95668950214922, 40.620817862580616], [-73.957632052433, 40.62071394305225], [-73.95808804111296, 40.62310580188351], [-73.95714256395165, 40.623207887260286], [-73.95594076577467, 40.62334016063696], [-73.95490800486338, 40.623454478198774], [-73.95398278705585, 40.62355503207883], [-73.95305163172793, 40.62365813475512], [-73.95260522614348, 40.62126706142594], [-73.95214849968484, 40.6188753507115]]]]}",6345.00330382,Brooklyn,Midwood
"{'type': 'MultiPolygon', 'coordinates': [[[[-73.95810672219409, 40.64651800935823], [-73.95803664426087, 40.64530250097158], [-73.9580217647043, 40.645069962320854], [-73.95897898403, 40.644966469810036], [-73.96001600744538, 40.64485312683706], [-73.9612134072085, 40.6447228802047], [-73.96167258532384, 40.64711423324366], [-73.9604711350616, 40.647244041304546], [-73.9594341944594, 40.64735812786319], [-73.95814068445158, 40.64750340358299], [-73.95810672219409, 40.64651800935823]]]]}",3652.72638077,Brooklyn,Flatbush
"{'type': 'MultiPolygon', 'coordinates': [[[[-73.94401164156683, 40.59126489579754], [-73.9439385950518, 40.59087989540676], [-73.94379717325263, 40.59013450812612], [-73.94360983096196, 40.58914704733799], [-73.9445692259455, 40.58904062172682], [-73.94553391024706, 40.58893468633228], [-73.94582782003953, 40.58890129863004], [-73.94645886564594, 40.5888296152548], [-73.94738063531112, 40.58873083906746], [-73.94831366237351, 40.588628126123524], [-73.9493455179803, 40.588513895217346], [-73.94975060101409, 40.59063361633411], [-73.95015202350199, 40.59275348829088], [-73.95055414715881, 40.59487085431102], [-73.95088024460901, 40.59660979514292], [-73.95100585510703, 40.59726261947361], [-73.94997334604547, 40.597377441937276], [-73.94904681622317, 40.59747936153664], [-73.94855032686569, 40.59753296361025], [-73.94812013074082, 40.59757939994927], [-73.94719207003335, 40.59768208727084], [-73.94622941179414, 40.59778899208439], [-73.94577449198324, 40.59539762935432], [-73.94537361635065, 40.59327927439926], [-73.94497238858033, 40.5911601429466], [-73.94401164156683, 40.59126489579754]]]]}",9659.79815497,Brooklyn,Sheepshead Bay-Gerritsen Beach-Manhattan Beach
"{'type': 'MultiPolygon', 'coordinates': [[[[-73.90804254478043, 40.690647001625386], [-73.90729183111033, 40.69021906972516], [-73.90874150338037, 40.68874561923596], [-73.91018949259997, 40.687270906566276], [-73.9109402618909, 40.68769930560578], [-73.9112350409578, 40.68786651648599], [-73.91129211601987, 40.68789889114308], [-73.91169120954902, 40.68812526902859], [-73.91216165586472, 40.6883933014592], [-73.9122223943629, 40.688427905057246], [-73.91228074263839, 40.68846114815249], [-73.9124432643554, 40.688553740439225], [-73.91254327838688, 40.688610550372296], [-73.91260170144568, 40.68864373573117], [-73.91281943114386, 40.688767408571394], [-73.9131938521888, 40.68898008138127], [-73.913946280652, 40.689408696311105], [-73.91249979639022, 40.690882899776604], [-73.91105300980686, 40.69235724593208], [-73.91029860251041, 40.691929951770355], [-73.90955061508035, 40.691502973300466], [-73.9087965331596, 40.69107475110099], [-73.90804254478043, 40.690647001625386]]]]}",5284.90284431,Brooklyn,Bushwick South
"{'type': 'MultiPolygon', 'coordinates': [[[[-73.9844575025316, 40.60285376501164], [-73.98401838828585, 40.600529933779264], [-73.98356634880102, 40.5981406319412], [-73.98449382911406, 40.59803845227182], [-73.98549063159696, 40.597929673240316], [-73.98566927519178, 40.59890879741062], [-73.98574706831648, 40.599312772143016], [-73.98587827134983, 40.59995860682714], [-73.98594205242215, 40.600321633867665], [-73.98605968666567, 40.60095774121912], [-73.98625104281649, 40.60195835150951], [-73.98630272432158, 40.60222860490967], [-73.98638523760637, 40.602640314960844], [-73.98645717442184, 40.603013095458365], [-73.9866438805088, 40.604043826739485], [-73.9868476264827, 40.605097236630385], [-73.98864527954069, 40.606166653600916], [-73.9891319148225, 40.60645613720722], [-73.98850456434607, 40.606329444998956], [-73.98702465189089, 40.60603057514179], [-73.98597299672231, 40.60587677704897], [-73.98500620412308, 40.60573161722498], [-73.98492571673394, 40.605312756435175], [-73.9844575025316, 40.60285376501164]]]]}",7953.54165322,Brooklyn,Bensonhurst East
"{'type': 'MultiPolygon', 'coordinates': [[[[-73.99750245198214, 40.60877541270604], [-73.99808518508077, 40.60821664181646], [-73.99839539618462, 40.607918140708534], [-73.99866710612027, 40.60765668701986], [-73.99924872219837, 40.60709579392917], [-73.999831143123, 40.60653674286224], [-74.00045724790152, 40.60593448290835], [-74.00263069656332, 40.60384644946047], [-74.00340902744843, 40.60425938146528], [-74.00416249537011, 40.60465473897291], [-74.00444636770055, 40.60480184666465], [-74.00493448904162, 40.60507440589864], [-74.00442477241343, 40.60556859747444], [-74.00264412402818, 40.60725717532034], [-74.00195012006182, 40.607817682963216], [-74.00171808551744, 40.608002977933936], [-74.00130866077217, 40.608343569615926], [-74.00094408424447, 40.608639709670676], [-74.00065405199399, 40.60886040248531], [-74.00002128092747, 40.609385524784756], [-73.99945464617434, 40.60995044728146], [-73.99750245198214, 40.60877541270604]]]]}",6104.40787351,Brooklyn,Bensonhurst West
"{'type': 'MultiPolygon', 'coordinates': [[[[-73.93808043659739, 40.651375980770545], [-73.93905113601062, 40.65132622370287], [-73.94002474349314, 40.65127609039221], [-73.94095699972785, 40.65122872785447], [-73.94189204362668, 40.65116934638713], [-73.94209856386841, 40.653090974761575], [-73.94226066704319, 40.65462362849381], [-73.94240147928623, 40.655884811092534], [-73.94146260988943, 40.65594424853244], [-73.94053214686076, 40.656001538965164], [-73.93955925377138, 40.656062753248136], [-73.93859348998208, 40.6561223787949], [-73.93845448945419, 40.654858770545836], [-73.93828907951057, 40.65332682049347], [-73.93808043659739, 40.651375980770545]]]]}",5579.3555594,Brooklyn,East Flatbush-Farragut
"{'type': 'MultiPolygon', 'coordinates': [[[[-73.92052694107498, 40.61394269500626], [-73.92081911236352, 40.613755516654024], [-73.92038860196269, 40.613366707362175], [-73.9190087992064, 40.612120502428624], [-73.91970537952024, 40.611606406184684], [-73.91975534197721, 40.61157481444568], [-73.92005097890548, 40.611387910482655], [-73.92040764581294, 40.6111609921799], [-73.92075617949568, 40.610934499719846], [-73.92111577948133, 40.61070169141679], [-73.92147448906624, 40.61046945834662], [-73.92183319682455, 40.610237215943094], [-73.92236957414593, 40.60988986105334], [-73.92249750838403, 40.609809079613896], [-73.92255375209669, 40.60986118571692], [-73.92288038039601, 40.61016375620611], [-73.92301405204141, 40.6102813273909], [-73.92358279163012, 40.61077803895971], [-73.92367732145189, 40.610860598249914], [-73.92436541696401, 40.6114622505543], [-73.92515997629816, 40.61217248898954], [-73.92523500873233, 40.6122384475776], [-73.92531005296654, 40.61230440545369], [-73.92620275123495, 40.613042599604704], [-73.92629604565613, 40.61311679907702], [-73.9262976991461, 40.613192155173046], [-73.9263159900524, 40.61343967604685], [-73.92640044600994, 40.614478535531354], [-73.92539545805559, 40.61454056392988], [-73.9244665140724, 40.614599417650915], [-73.92349786366519, 40.61465815803782], [-73.92252930293753, 40.614719033353715], [-73.92159370078788, 40.61477818387686], [-73.92062400307957, 40.614838681674975], [-73.92052694107498, 40.61394269500626]]]]}",6204.72071168,Brooklyn,Georgetown-Marine Park-Bergen Beach-Mill Basin
"{'type': 'MultiPolygon', 'coordinates': [[[[-73.93134520149016, 40.609747058386915], [-73.92952402935232, 40.60811674141723], [-73.92769136206485, 40.6064805076001], [-73.92844217800587, 40.6060011974819], [-73.92915810729235, 40.6055298571087], [-73.9295009170536, 40.60530869293203], [-73.92986880245913, 40.60507134146082], [-73.93169716569189, 40.60671405878857], [-73.93201257885733, 40.60699707239949], [-73.93351310733408, 40.60834345581009], [-73.93280115826268, 40.60880497328901], [-73.93462114587392, 40.61044196444857], [-73.93390125797748, 40.610899728806416], [-73.93315984132026, 40.611381331581825], [-73.93134520149016, 40.609747058386915]]]]}",6272.71622399,Brooklyn,Georgetown-Marine Park-Bergen Beach-Mill Basin
"{'type': 'MultiPolygon', 'coordinates': [[[[-73.86264225702611, 40.828170145264785], [-73.86357257532678, 40.82804895386929], [-73.86387708847826, 40.82800830645161], [-73.8639030317663, 40.82800484419059], [-73.86449491641523, 40.827925835652856], [-73.86457946982378, 40.827914459896654], [-73.86463527650277, 40.82790695047151], [-73.86474836235121, 40.827891735253466], [-73.86480138452538, 40.827884601924644], [-73.8649248825816, 40.827867985170215], [-73.86498310435317, 40.827860150728064], [-73.86542001824017, 40.827801362367026], [-73.86628082825756, 40.82768788819093], [-73.86634545631772, 40.82767936827899], [-73.86718329013318, 40.82756588871293], [-73.86726829964233, 40.827554373638485], [-73.86740713523393, 40.82753563544144], [-73.86745751319067, 40.82752883591528], [-73.86769485966244, 40.82749679989931], [-73.86775926428963, 40.827488106556366], [-73.86791847280817, 40.82746661673467], [-73.86822341610207, 40.827425455594664], [-73.86854017175138, 40.82878486403748], [-73.8687203256698, 40.82955797378504], [-73.86776219067276, 40.829687117623585], [-73.86814994382976, 40.83136038547576], [-73.86725770371064, 40.831623917957636], [-73.86635554734734, 40.831874483597446], [-73.86546044854106, 40.832131642151296], [-73.86456547270937, 40.83238923465536], [-73.86366561257752, 40.832695324571596], [-73.8631349815122, 40.830304474814426], [-73.86264225702611, 40.828170145264785]]]]}",6251.69253063,Bronx,Soundview-Bruckner
"{'type': 'MultiPolygon', 'coordinates': [[[[-73.89723306249616, 40.665877148506475], [-73.89815789837266, 40.66574697307735], [-73.89865928816836, 40.665671222424514], [-73.89874764859202, 40.66565787335891], [-73.89907664179138, 40.665608166890905], [-73.89999713900276, 40.66547185859955], [-73.90085135672511, 40.66534589452358], [-73.90126570398769, 40.666880650164885], [-73.9016676789062, 40.66841352919278], [-73.9019821814221, 40.669670071198674], [-73.90110388475304, 40.669799515914455], [-73.90018401187844, 40.669938950608575], [-73.89926204792889, 40.6700736385941], [-73.89834125806937, 40.67021132785929], [-73.89801999321459, 40.66895744334104], [-73.89763330504304, 40.66741867658949], [-73.89723306249616, 40.665877148506475]]]]}",5266.48503662,Brooklyn,East New York (Pennsylvania Ave)
"{'type': 'MultiPolygon', 'coordinates': [[[[-73.99724067105693, 40.625288687028075], [-73.99748404026887, 40.62451984605613], [-73.99771358995557, 40.62368026991603], [-73.99932090284946, 40.62465524684658], [-73.99994664989222, 40.62405062260482], [-74.0005298749299, 40.6234899390831], [-74.00272954945672, 40.62482150746263], [-74.00493201694844, 40.62615074534391], [-74.00435001094564, 40.626710369931686], [-74.00372265972534, 40.627312307910856], [-74.00309826282376, 40.62791592651402], [-74.00251454806298, 40.628474209562604], [-74.00031369476771, 40.627144582593765], [-73.99811614328407, 40.62581570660963], [-73.99724067105693, 40.625288687028075]]]]}",6220.29263355,Brooklyn,Dyker Heights
"{'type': 'MultiPolygon', 'coordinates': [[[[-73.97335879350726, 40.61654171579923], [-73.97290326943252, 40.61415296888713], [-73.97399319461395, 40.61402989373997], [-73.97517176991676, 40.61472418638367], [-73.97497264664409, 40.61366811017183], [-73.97489295756635, 40.613186368916644], [-73.97477658040467, 40.61263847542963], [-73.97520829413772, 40.612885258215336], [-73.9774081645899, 40.614218112990315], [-73.97963821772845, 40.61556454722809], [-73.97905795856794, 40.616125836595245], [-73.9784549121324, 40.616706101764294], [-73.97785009338085, 40.61728760679464], [-73.97562954146068, 40.61594539066699], [-73.97537335532103, 40.61575472288502], [-73.97544276701375, 40.61611408985248], [-73.97548097046197, 40.616311925144366], [-73.97444328442452, 40.61642164346213], [-73.97335879350726, 40.61654171579923]]]]}",6573.68896378,Brooklyn,Borough Park
"{'type': 'MultiPolygon', 'coordinates': [[[[-73.98796510275164, 40.60756553584416], [-73.98842267576015, 40.60711914900993], [-73.98855078940467, 40.6070022830439], [-73.99077456329027, 40.608352274503474], [-73.9913576689595, 40.60779429361676], [-73.9919403037434, 40.60723603965148], [-73.9925208258902, 40.606675333625454], [-73.99310450391384, 40.60611547084748], [-73.99530287947384, 40.60744494982059], [-73.99750245198214, 40.60877541270604], [-73.99692222430158, 40.60933469448849], [-73.99471921926434, 40.60800468815754], [-73.99413741531951, 40.6085643165433], [-73.99355659531538, 40.609122851227], [-73.992975458343, 40.609682878289064], [-73.99239401590197, 40.61024145256595], [-73.99019344452967, 40.60891154036636], [-73.98796510275164, 40.60756553584416]]]]}",7299.79737066,Brooklyn,Bensonhurst West
"{'type': 'MultiPolygon', 'coordinates': [[[[-73.95314947405706, 40.597027918568166], [-73.9541103620352, 40.59692073930352], [-73.95507631404308, 40.59681539077453], [-73.95545313439195, 40.596773383930575], [-73.95600127865953, 40.596713385777875], [-73.95692719713631, 40.59661207631134], [-73.9573324639424, 40.598730913767646], [-73.95775745988533, 40.60098588910539], [-73.95683001633175, 40.60108734907758], [-73.95628728407772, 40.601147333963716], [-73.95590485025015, 40.60119091749463], [-73.95494183718068, 40.60129649039936], [-73.95397802921507, 40.60140163224036], [-73.95355183593594, 40.599146453010206], [-73.95314947405706, 40.597027918568166]]]]}",5340.45620972,Brooklyn,Madison
"{'type': 'MultiPolygon', 'coordinates': [[[[-74.02956408409689, 40.61983253935205], [-74.0282052488583, 40.61917266328429], [-74.02870074538735, 40.618593551972204], [-74.02930182080097, 40.617896009441466], [-74.03048495050136, 40.61651863484186], [-74.03084507393038, 40.61669948871432], [-74.03160330357417, 40.617076818098546], [-74.03167122262983, 40.61711061359852], [-74.0318775574358, 40.61721328810934], [-74.03209446071162, 40.617321397787954], [-74.03230579701483, 40.617426735348275], [-74.03251940529138, 40.61753669248968], [-74.03331256633786, 40.61794500474637], [-74.03414129732471, 40.618146514244934], [-74.03430435417778, 40.61818616032101], [-74.03552904809666, 40.61848392332563], [-74.03598944354782, 40.61859585874574], [-74.03571148705346, 40.61927492034761], [-74.03543728497831, 40.619955808144894], [-74.03515779409116, 40.62063792031863], [-74.03488649895603, 40.62131959788916], [-74.03219532767785, 40.620687470346155], [-74.0320500278872, 40.62104063283038], [-74.03021113041962, 40.62014827366867], [-74.02956408409689, 40.61983253935205]]]]}",6098.16754691,Brooklyn,Bay Ridge
"{'type': 'MultiPolygon', 'coordinates': [[[[-73.92611941480727, 40.64842023706381], [-73.92708972403916, 40.64836071026979], [-73.92806117938258, 40.64830104114668], [-73.9289937091178, 40.64824325832666], [-73.92929013141423, 40.64822492622821], [-73.92999915467311, 40.648181064137816], [-73.93020593233082, 40.650108666648265], [-73.93038144303132, 40.65173405423817], [-73.92939161395975, 40.65193918392152], [-73.92847568974231, 40.65217589513347], [-73.92751430507488, 40.65231809719812], [-73.92654698542403, 40.652391370831715], [-73.9263259607184, 40.650349909362326], [-73.92611941480727, 40.64842023706381]]]]}",4925.08719883,Brooklyn,Rugby-Remsen Village
"{'type': 'MultiPolygon', 'coordinates': [[[[-73.92910623169982, 40.639795105916015], [-73.93011074418904, 40.639734260140536], [-73.93104187682987, 40.639675874705176], [-73.93201328427791, 40.6396161271249], [-73.93298420763749, 40.63955446223741], [-73.93302326537264, 40.63991995175206], [-73.93323426647333, 40.641894613938085], [-73.93347837846225, 40.644192779592295], [-73.93250935234272, 40.6442526853639], [-73.93153923661188, 40.64431286008429], [-73.930605628824, 40.644370754020656], [-73.92959986320591, 40.64443271943727], [-73.92935451268099, 40.6421343197805], [-73.92910623169982, 40.639795105916015]]]]}",5550.28251363,Brooklyn,East Flatbush-Farragut
"{'type': 'MultiPolygon', 'coordinates': [[[[-73.91182280208035, 40.64998342260486], [-73.91253589221265, 40.64952147916122], [-73.91325294190813, 40.64906142549382], [-73.9139612934687, 40.64860065872118], [-73.91473216837684, 40.64810117524873], [-73.9155002970811, 40.647604854879006], [-73.91620934098133, 40.64715114257128], [-73.9169368364258, 40.64668353568811], [-73.91851421252964, 40.648105808350444], [-73.9178008368624, 40.648567103498635], [-73.91708738157907, 40.64902753070643], [-73.91631994149256, 40.64952762746791], [-73.91813733495854, 40.651157441031245], [-73.91736938616687, 40.651653833237916], [-73.91665346867612, 40.65211675034621], [-73.91594064163249, 40.652577052636204], [-73.91522595862598, 40.65303870074154], [-73.9134065182765, 40.65140732768787], [-73.91259390862825, 40.65067672612048], [-73.91182280208035, 40.64998342260486]]]]}",6635.84834479,Brooklyn,Rugby-Remsen Village
"{'type': 'MultiPolygon', 'coordinates': [[[[-73.95899416297213, 40.62788559454315], [-73.9585383331625, 40.62549418085623], [-73.95808804111296, 40.62310580188351], [-73.95904655452875, 40.622999463338395], [-73.96001047619353, 40.62289538702237], [-73.96038771191542, 40.62285422881899], [-73.96093990822376, 40.62279134519037], [-73.96139319631463, 40.62517906570705], [-73.96184657346146, 40.62757081760884], [-73.96209681211222, 40.62892343604765], [-73.96211947416853, 40.6290409074058], [-73.96214214883854, 40.62915837809203], [-73.9623259936459, 40.62996871673761], [-73.96197454283188, 40.62999504108039], [-73.96182099849075, 40.63000487740184], [-73.96163639940355, 40.63002222352101], [-73.96136921593188, 40.63005838826246], [-73.96046280639736, 40.63015566071689], [-73.96040734342024, 40.630162531078874], [-73.96025855076716, 40.62941826306823], [-73.96024902920506, 40.629370622335024], [-73.96022560057942, 40.62925450079455], [-73.96014773493893, 40.62891518491449], [-73.95995565121865, 40.62777867203803], [-73.95899416297213, 40.62788559454315]]]]}",6887.34065281,Brooklyn,Midwood
"{'type': 'MultiPolygon', 'coordinates': [[[[-73.92842985426594, 40.61497277981082], [-73.9280893539052, 40.61466788526042], [-73.92776130050665, 40.614373425017405], [-73.9276920362311, 40.61431264133292], [-73.92739580756164, 40.61405269057586], [-73.92629604565613, 40.61311679907702], [-73.92620275123495, 40.613042599604704], [-73.92629635890746, 40.61298300862612], [-73.92703301915098, 40.61253599195171], [-73.92774665413204, 40.612074565163], [-73.92846013766403, 40.61161355701224], [-73.93027953420189, 40.61324531146329], [-73.93209952877987, 40.61487579541995], [-73.93391769578318, 40.616508788755795], [-73.93320457580427, 40.61697044225128], [-73.93248727385684, 40.617431702361465], [-73.9317317921372, 40.617926921394485], [-73.9306024460184, 40.616922263421124], [-73.92989884493674, 40.616294272363724], [-73.9294609481756, 40.61589682022154], [-73.92842985426594, 40.61497277981082]]]]}",6302.37444023,Brooklyn,Georgetown-Marine Park-Bergen Beach-Mill Basin
"{'type': 'MultiPolygon', 'coordinates': [[[[-73.98855078940467, 40.6070022830439], [-73.9891319148225, 40.60645613720722], [-73.98864527954069, 40.606166653600916], [-73.9868476264827, 40.605097236630385], [-73.9874799819328, 40.60453971291759], [-73.98806312972611, 40.60397945221712], [-73.9886900877298, 40.6034253066536], [-73.99087326678195, 40.60476929649342], [-73.99310450391384, 40.60611547084748], [-73.9925208258902, 40.606675333625454], [-73.9919403037434, 40.60723603965148], [-73.9913576689595, 40.60779429361676], [-73.99077456329027, 40.608352274503474], [-73.98855078940467, 40.6070022830439]]]]}",5255.80077531,Brooklyn,Bensonhurst West
"{'type': 'MultiPolygon', 'coordinates': [[[[-73.88489254738121, 40.68081111619076], [-73.88467046559649, 40.67994028568076], [-73.88555502383082, 40.67965659711127], [-73.88643790512275, 40.67937347654736], [-73.88730460904789, 40.67909753722668], [-73.88815634486824, 40.67882783549846], [-73.8890056975244, 40.678557044274626], [-73.88940652329072, 40.68014202166452], [-73.88977375846939, 40.681800393246014], [-73.88900923740434, 40.68216543860664], [-73.88892660932278, 40.68220242372027], [-73.88819092591433, 40.68255594629342], [-73.88735392048916, 40.68295010524331], [-73.88650461817556, 40.683348567847645], [-73.88630332605835, 40.682588919641525], [-73.88581541338192, 40.68067451867771], [-73.88489254738121, 40.68081111619076]]]]}",5149.18179844,Brooklyn,Cypress Hills-City Line
"{'type': 'MultiPolygon', 'coordinates': [[[[-73.957632052433, 40.62071394305225], [-73.95859677151094, 40.620608096363306], [-73.95840173758079, 40.6195836750337], [-73.9583099971833, 40.619105816242595], [-73.95817963540057, 40.618408242969934], [-73.95814639385318, 40.61821719437748], [-73.9591070449443, 40.618113350581986], [-73.95897636061576, 40.617409718174756], [-73.95865526099095, 40.61572147797296], [-73.95902706972818, 40.61567716953963], [-73.9595835066945, 40.615619814826], [-73.9605108637469, 40.615517909505016], [-73.96143603235551, 40.6154143853456], [-73.9623639738088, 40.61531358235325], [-73.96336094023287, 40.61520442783362], [-73.96356470625156, 40.616238722467486], [-73.96362245555162, 40.61658973720422], [-73.96375418658953, 40.617302433040386], [-73.96381145236617, 40.61758940154482], [-73.96388935578909, 40.61800054988435], [-73.96426798339365, 40.61998380378798], [-73.96326789643739, 40.62009477445668], [-73.96233869572029, 40.62019617936705], [-73.96141475046194, 40.620298045098416], [-73.96048581603651, 40.62040059609586], [-73.96093990822376, 40.62279134519037], [-73.96038771191542, 40.62285422881899], [-73.96001047619353, 40.62289538702237], [-73.95904655452875, 40.622999463338395], [-73.95808804111296, 40.62310580188351], [-73.957632052433, 40.62071394305225]]]]}",9001.20974336,Brooklyn,Midwood
"{'type': 'MultiPolygon', 'coordinates': [[[[-73.94594877968466, 40.71363724601242], [-73.94583357910908, 40.712927022533705], [-73.94571657012376, 40.71221766212344], [-73.94559624746117, 40.71148150116531], [-73.94547479529106, 40.71074037749034], [-73.94586908437157, 40.71070345817527], [-73.94649424137575, 40.7106449198067], [-73.94684363121746, 40.710612201642846], [-73.94699704519559, 40.7105978349013], [-73.94710459888077, 40.7105877627234], [-73.94700515369075, 40.710060963532406], [-73.94697363941067, 40.70989402070637], [-73.94865533511803, 40.709724983182234], [-73.94877149748584, 40.71043225942834], [-73.94889233878422, 40.711167535857236], [-73.9490135844783, 40.711903756280705], [-73.94913083041739, 40.712612420734025], [-73.9492452624374, 40.71332030861261], [-73.94937231850682, 40.714066878309744], [-73.94771891117722, 40.7142156969947], [-73.94606995097386, 40.71437202066807], [-73.94594877968466, 40.71363724601242]]]]}",5030.78800734,Brooklyn,East Williamsburg
"{'type': 'MultiPolygon', 'coordinates': [[[[-73.89829969630499, 40.63673639929129], [-73.89892907335528, 40.63632654178219], [-73.89972590151487, 40.63581144090583], [-73.90049501726176, 40.63531444531823], [-73.90126434715415, 40.634817607758464], [-73.90175315673257, 40.63525666902846], [-73.90209472653841, 40.63556348850645], [-73.90290849046009, 40.63629440107769], [-73.9021767835193, 40.63682341205348], [-73.90369084498637, 40.63816958869675], [-73.90412992443476, 40.638577963397985], [-73.90336188368082, 40.63907618956896], [-73.90274756434394, 40.639472053602944], [-73.9019326330969, 40.640000649860816], [-73.90011126732108, 40.63836489194466], [-73.89829969630499, 40.63673639929129]]]]}",5262.82476595,Brooklyn,Canarsie
"{'type': 'MultiPolygon', 'coordinates': [[[[-73.91551250506066, 40.70562644465353], [-73.91477063847638, 40.70518943777516], [-73.9140309753655, 40.70474911303559], [-73.91329162431975, 40.70431263854717], [-73.91438608407131, 40.70323829176171], [-73.91560000003723, 40.70204600081281], [-73.9170678439888, 40.70054811099717], [-73.91781950543198, 40.70097612284781], [-73.91857148414954, 40.701403861102435], [-73.9193228702063, 40.70183144908728], [-73.92007482182785, 40.70225876247546], [-73.91850337152529, 40.70385762651614], [-73.91735009593141, 40.704991476776236], [-73.91625252031217, 40.70606554297958], [-73.91589738629794, 40.7058548171301], [-73.91551250506066, 40.70562644465353]]]]}",5552.17295106,Brooklyn,Bushwick North
"{'type': 'MultiPolygon', 'coordinates': [[[[-73.85970333313733, 40.82627734853559], [-73.86120690859045, 40.82608779473054], [-73.8621668755934, 40.82596516373449], [-73.86354738877057, 40.82577932854453], [-73.8636169678924, 40.82576996248265], [-73.86395604461923, 40.82572431542106], [-73.86406913796299, 40.82570908981998], [-73.86446141959438, 40.82565627881904], [-73.86455514519798, 40.82564366061044], [-73.86474490947383, 40.825618112569636], [-73.86490949539224, 40.82559595523553], [-73.86529634294874, 40.825541318562486], [-73.86538050255251, 40.82552943114394], [-73.86567536788516, 40.825487784679396], [-73.86577274914697, 40.82547403007144], [-73.86653521346612, 40.825366333983936], [-73.86662745245839, 40.82535330562168], [-73.86707924634969, 40.825289487707046], [-73.8671850432559, 40.82527454330516], [-73.86753173976739, 40.82522557015441], [-73.86761742395494, 40.82521337712304], [-73.86770310879234, 40.82520117414486], [-73.86779104452445, 40.82518945129556], [-73.86787899170965, 40.825177720183646], [-73.86840249587814, 40.82510980837049], [-73.86849386401903, 40.82509795605554], [-73.86911744442764, 40.82501705853033], [-73.86922974567936, 40.82500248902628], [-73.86984170825951, 40.82492309435821], [-73.87051877809324, 40.82484090289029], [-73.87145992831213, 40.8247202088391], [-73.87216881511188, 40.82461073986094], [-73.87253656972877, 40.82456891338758], [-73.87258431949024, 40.824562563880015], [-73.87262674021662, 40.82475153464823], [-73.87267991085547, 40.82495400766386], [-73.87272927795281, 40.82522397669282], [-73.87275362095984, 40.82535709761335], [-73.87277538391376, 40.82591024168702], [-73.87279745664752, 40.82671014932571], [-73.87280482805829, 40.82681059061069], [-73.87275968620166, 40.8268162135182], [-73.87202920992816, 40.82691494629907], [-73.87128003083947, 40.82701897716551], [-73.87120773159005, 40.82702901624876], [-73.8710371152109, 40.82705270682893], [-73.87045336459596, 40.82712725066794], [-73.87038983338377, 40.8271353628423], [-73.87011529527979, 40.82717041967146], [-73.8694742039731, 40.827257790814286], [-73.86942613135527, 40.8272643423776], [-73.8693365994807, 40.82727654344837], [-73.86918329430983, 40.827297435318954], [-73.86863613597342, 40.82737041177535], [-73.86858073226446, 40.82737780113525], [-73.86822341610207, 40.827425455594664], [-73.86791847280817, 40.82746661673467], [-73.86775926428963, 40.827488106556366], [-73.86769485966244, 40.82749679989931], [-73.86745751319067, 40.82752883591528], [-73.86740713523393, 40.82753563544144], [-73.86726829964233, 40.827554373638485], [-73.86718329013318, 40.82756588871293], [-73.86634545631772, 40.82767936827899], [-73.86628082825756, 40.82768788819093], [-73.86542001824017, 40.827801362367026], [-73.86498310435317, 40.827860150728064], [-73.8649248825816, 40.827867985170215], [-73.86480138452538, 40.827884601924644], [-73.86474836235121, 40.827891735253466], [-73.86463527650277, 40.82790695047151], [-73.86457946982378, 40.827914459896654], [-73.86449491641523, 40.827925835652856], [-73.8639030317663, 40.82800484419059], [-73.86387708847826, 40.82800830645161], [-73.86357257532678, 40.82804895386929], [-73.86264225702611, 40.828170145264785], [-73.86171697514325, 40.82829625337374], [-73.8606732411649, 40.82841898633739], [-73.85970333313733, 40.82627734853559]]]]}",8675.98318252,Bronx,Soundview-Bruckner
"{'type': 'MultiPolygon', 'coordinates': [[[[-73.88322587735524, 40.67637046473747], [-73.88403982853956, 40.676250060431286], [-73.88485338732241, 40.676129388799446], [-73.8856685621149, 40.676009289317896], [-73.8864820923909, 40.67588741820324], [-73.8873711108701, 40.67575570866459], [-73.88825585449382, 40.67562473595062], [-73.88857467329863, 40.676885342768465], [-73.88859260468422, 40.67695622207168], [-73.8886081054879, 40.67701630218296], [-73.8890056975244, 40.678557044274626], [-73.88815634486824, 40.67882783549846], [-73.88730460904789, 40.67909753722668], [-73.88643790512275, 40.67937347654736], [-73.88555502383082, 40.67965659711127], [-73.88467046559649, 40.67994028568076], [-73.88421208270165, 40.678155543560706], [-73.88419494172646, 40.67808880801015], [-73.88371907718818, 40.678224791736994], [-73.88370100579884, 40.67816201636857], [-73.88322587735524, 40.67637046473747]]]]}",5331.20070974,Brooklyn,East New York
"{'type': 'MultiPolygon', 'coordinates': [[[[-73.91180710069368, 40.70343495252922], [-73.91290404121959, 40.70236189129669], [-73.91216169804075, 40.70192316410305], [-73.91142242657371, 40.70148658801674], [-73.91256832753676, 40.70035834755111], [-73.91360570520779, 40.699300623891375], [-73.91406086554711, 40.698838200016844], [-73.91468113193665, 40.69919014993166], [-73.91481429831636, 40.69926598164715], [-73.9155647019299, 40.699693296565194], [-73.91631608293072, 40.70012139062869], [-73.9170678439888, 40.70054811099717], [-73.91560000003723, 40.70204600081281], [-73.91438608407131, 40.70323829176171], [-73.91329162431975, 40.70431263854717], [-73.91254913842347, 40.70387341983595], [-73.91180710069368, 40.70343495252922]]]]}",5513.91064978,Brooklyn,Bushwick North
"{'type': 'MultiPolygon', 'coordinates': [[[[-73.89553070809032, 40.66294485740158], [-73.89515162431081, 40.66131355922689], [-73.89494951237482, 40.66101606947276], [-73.89469022426992, 40.66112612756617], [-73.89327894253923, 40.65923017428115], [-73.89409845021302, 40.65887791979045], [-73.89491382043487, 40.65852644892089], [-73.89571848160548, 40.658159959567435], [-73.89616756045136, 40.65797845213079], [-73.89644912296872, 40.6591031009926], [-73.89674045724888, 40.660216221457475], [-73.89697554016624, 40.66113525721344], [-73.89789638199619, 40.66099946056333], [-73.89829032898908, 40.662534668035114], [-73.89868064085508, 40.664061992153336], [-73.89907664179138, 40.665608166890905], [-73.89874764859202, 40.66565787335891], [-73.89865928816836, 40.665671222424514], [-73.89815789837266, 40.66574697307735], [-73.89723306249616, 40.665877148506475], [-73.89631628311461, 40.66601829249549], [-73.89592090099558, 40.66447126298599], [-73.89553070809032, 40.66294485740158]]]]}",7587.90163759,Brooklyn,East New York (Pennsylvania Ave)
"{'type': 'MultiPolygon', 'coordinates': [[[[-73.94134827184915, 40.685031202512555], [-73.94120399291621, 40.68429983923364], [-73.94105783787931, 40.68356687284597], [-73.9409133427312, 40.682833617234344], [-73.94374461154082, 40.68250758269978], [-73.9465805842019, 40.68218066046959], [-73.9467267728914, 40.68291392686572], [-73.94687279964053, 40.68364622060341], [-73.94701720846516, 40.68437947679447], [-73.94716450741116, 40.685112390966935], [-73.94432825929327, 40.68543830145569], [-73.94149491757302, 40.68576452933172], [-73.94134827184915, 40.685031202512555]]]]}",5340.24406544,Brooklyn,Bedford
"{'type': 'MultiPolygon', 'coordinates': [[[[-73.94561989542854, 40.604758360607214], [-73.94542657132088, 40.6037346271441], [-73.94523348909587, 40.602712100076715], [-73.94516877599689, 40.602369403300564], [-73.94609624165321, 40.602269685425426], [-73.94652440251737, 40.602221770241506], [-73.94705837472739, 40.60216200684758], [-73.94802259326018, 40.602056519308306], [-73.94894926078035, 40.60195392402286], [-73.94939862123182, 40.604343477904756], [-73.94983714662644, 40.606666773513545], [-73.9489114433896, 40.606768737243584], [-73.94794840921186, 40.606875295728884], [-73.94698611817444, 40.6069791449146], [-73.94605865698057, 40.60708243597965], [-73.94561989542854, 40.604758360607214]]]]}",5590.08512766,Brooklyn,Madison
"{'type': 'MultiPolygon', 'coordinates': [[[[-73.98743540744765, 40.61845428217749], [-73.98806551723963, 40.61785218134241], [-73.98868737979164, 40.61724846240047], [-73.99079542190532, 40.61852356272421], [-73.99137097018966, 40.61796144863241], [-73.99151796439376, 40.617819798026645], [-73.99387689516293, 40.619155780680046], [-73.99424261589292, 40.61936042429448], [-73.99452931513065, 40.619520857181385], [-73.99513083337288, 40.61986576572998], [-73.99574324104071, 40.62021323722573], [-73.99639307185326, 40.620581987138394], [-73.99554647608993, 40.62139251581411], [-73.9949198276433, 40.62199392900012], [-73.9942935105003, 40.622597365009675], [-73.99184042968083, 40.62111172777201], [-73.98956668441842, 40.6197379892408], [-73.98743540744765, 40.61845428217749]]]]}",6686.60698462,Brooklyn,Bensonhurst West
"{'type': 'MultiPolygon', 'coordinates': [[[[-73.95326012874342, 40.59241275670981], [-73.95422294529114, 40.59230795484298], [-73.95461004986039, 40.59223566103369], [-73.9551474575448, 40.592207011115136], [-73.95607720352429, 40.59210143244555], [-73.95655540492012, 40.59464772534321], [-73.95692719713631, 40.59661207631134], [-73.95600127865953, 40.596713385777875], [-73.95545313439195, 40.596773383930575], [-73.95507631404308, 40.59681539077453], [-73.9541103620352, 40.59692073930352], [-73.95314947405706, 40.597027918568166], [-73.95291182719855, 40.59575192543371], [-73.95276840892019, 40.59500018132204], [-73.95269927278541, 40.594637791650946], [-73.95263111854909, 40.594274970272096], [-73.95262488125283, 40.59424175619884], [-73.9524970472552, 40.593561205601446], [-73.95237014636747, 40.59288557118217], [-73.95230036006912, 40.59251402260288], [-73.95326012874342, 40.59241275670981]]]]}",5442.13946934,Brooklyn,Sheepshead Bay-Gerritsen Beach-Manhattan Beach
"{'type': 'MultiPolygon', 'coordinates': [[[[-73.9832222699385, 40.612122209144786], [-73.98335142357595, 40.61199230152613], [-73.98380893612803, 40.611559873493206], [-73.98416201093033, 40.61121730102249], [-73.9843824486777, 40.61100542096353], [-73.98496383485828, 40.61044799444133], [-73.98719488358827, 40.611792382771], [-73.98939734506109, 40.61312289227427], [-73.99159743652733, 40.61445169431277], [-73.99101484163528, 40.61501161221471], [-73.99043494329779, 40.615571013545875], [-73.9898515256969, 40.61613013334419], [-73.98765150825973, 40.61479977696527], [-73.98545059852896, 40.61347019672278], [-73.9832222699385, 40.612122209144786]]]]}",6257.55451737,Brooklyn,Bensonhurst West
"{'type': 'MultiPolygon', 'coordinates': [[[[-73.93915724418619, 40.62559953621175], [-73.93957178423976, 40.62557212684297], [-73.93996799167316, 40.62554593121104], [-73.9398625732642, 40.62544571101775], [-73.93955698328328, 40.62515849226901], [-73.93980357844772, 40.62512641927396], [-73.94072018593829, 40.62501497830784], [-73.94168140286547, 40.62490719173099], [-73.94264538151764, 40.62480049698176], [-73.9430930159412, 40.62718928623628], [-73.94333198080302, 40.62873080595248], [-73.94340897921447, 40.62956003273443], [-73.94247453684753, 40.629617229352355], [-73.94150889825374, 40.62967759912448], [-73.94053759848576, 40.629734923747655], [-73.93960544146321, 40.62979489026353], [-73.93935602931188, 40.6274581702207], [-73.93915724418619, 40.62559953621175]]]]}",5614.87939896,Brooklyn,Flatlands
"{'type': 'MultiPolygon', 'coordinates': [[[[-73.92956858309246, 40.59682026542244], [-73.92973779119022, 40.596978455793234], [-73.92993757770701, 40.5971468136475], [-73.93140358512959, 40.59847680641868], [-73.93292657506866, 40.59981792626609], [-73.93322184684375, 40.60010737304132], [-73.93392151266282, 40.60073923195586], [-73.9342271132134, 40.60101020358843], [-73.93447158901418, 40.601231511897375], [-73.93503274566054, 40.60173379090118], [-73.9342626672588, 40.60223071136699], [-73.93355117153605, 40.60268728082492], [-73.93173390194417, 40.60106206949958], [-73.92992224858986, 40.599437382717106], [-73.92813139605019, 40.59777792814579], [-73.92879010088949, 40.59732329496433], [-73.92912437124112, 40.59710730362185], [-73.92956858309246, 40.59682026542244]]]]}",5753.2271351,Brooklyn,Sheepshead Bay-Gerritsen Beach-Manhattan Beach
"{'type': 'MultiPolygon', 'coordinates': [[[[-73.95479552709989, 40.610820766155186], [-73.9557406698918, 40.61071482695364], [-73.95670471406346, 40.61061187782894], [-73.95766801379435, 40.61050371521898], [-73.95804731927223, 40.61046276244426], [-73.95859278495766, 40.61040303093509], [-73.95907868862291, 40.61295648032252], [-73.9595835066945, 40.615619814826], [-73.95902706972818, 40.61567716953963], [-73.95865526099095, 40.61572147797296], [-73.95769451141982, 40.61582820935121], [-73.95672887967977, 40.61593240017048], [-73.95578652571822, 40.61603654626587], [-73.95528219716478, 40.61337582537311], [-73.95479552709989, 40.610820766155186]]]]}",5970.7754373,Brooklyn,Midwood
"{'type': 'MultiPolygon', 'coordinates': [[[[-73.93643804226942, 40.61206942502865], [-73.93715225896084, 40.611606859791834], [-73.93786561387576, 40.61114457728227], [-73.93857912188423, 40.610685306938166], [-73.93891056618816, 40.610470286706835], [-73.93934703447131, 40.61018714136911], [-73.9401152876221, 40.60969107767297], [-73.94082897916039, 40.609229317663356], [-73.94154757693073, 40.60876773629731], [-73.94187230011019, 40.608555467466886], [-73.9423117585933, 40.60826819732584], [-73.94354698000075, 40.60934655519563], [-73.94364091185486, 40.60985881739124], [-73.94369953940299, 40.61021403910712], [-73.94336572788431, 40.61039813104789], [-73.9426513822668, 40.61085642986364], [-73.94192671722361, 40.611321437760154], [-73.9411616000202, 40.611819640697405], [-73.94039608384442, 40.61231511865017], [-73.93968357975874, 40.61278215312913], [-73.93897047219963, 40.613239511240025], [-73.93825493972989, 40.61370188059768], [-73.9367140426384, 40.61231740980342], [-73.93643804226942, 40.61206942502865]]]]}",5734.95186947,Brooklyn,Georgetown-Marine Park-Bergen Beach-Mill Basin
"{'type': 'MultiPolygon', 'coordinates': [[[[-73.85615112895681, 40.82677004571426], [-73.85635677542741, 40.826752085961566], [-73.8564369883554, 40.82674508080652], [-73.85672105914274, 40.826708252580275], [-73.85700204899894, 40.82665967721582], [-73.85727871247843, 40.826599624583636], [-73.85867194083647, 40.826424077273984], [-73.85970333313733, 40.82627734853559], [-73.8606732411649, 40.82841898633739], [-73.85961999468333, 40.82854768626525], [-73.85993732903219, 40.82924677560993], [-73.86026073794893, 40.82994675521], [-73.85698995239389, 40.830385239584615], [-73.85682187599949, 40.82966476944363], [-73.85665560423335, 40.828944913342944], [-73.8564913385677, 40.82822507750035], [-73.8564176729707, 40.82790052005661], [-73.85638435706932, 40.82775374219086], [-73.8563285188231, 40.827507683795815], [-73.85615112895681, 40.82677004571426]]]]}",4916.71542828,Bronx,Soundview-Bruckner
"{'type': 'MultiPolygon', 'coordinates': [[[[-74.0005298749299, 40.6234899390831], [-74.00120222368227, 40.62284271235202], [-74.00169380156665, 40.62237242731967], [-74.00227586285989, 40.621814274427024], [-74.00285701640152, 40.62125364333948], [-74.00343557036693, 40.62069540384769], [-74.00563745682207, 40.62202355728935], [-74.00783923964387, 40.62335560380228], [-74.00758463670374, 40.6236012917239], [-74.00725970662896, 40.62391485612769], [-74.00667853058741, 40.62447299739112], [-74.00609560864977, 40.62503290990486], [-74.0056547889032, 40.62545488028425], [-74.00493201694844, 40.62615074534391], [-74.00272954945672, 40.62482150746263], [-74.0005298749299, 40.6234899390831]]]]}",5718.1678608,Brooklyn,Dyker Heights
"{'type': 'MultiPolygon', 'coordinates': [[[[-73.86246402703922, 40.81924715411642], [-73.86339172818815, 40.81912200744787], [-73.86370492598472, 40.81908272838036], [-73.86431370826246, 40.81899884531987], [-73.86451079881122, 40.81984636379544], [-73.8653908898043, 40.82067621259063], [-73.86574680539952, 40.8210118012775], [-73.86485111666423, 40.82113421311293], [-73.8638832080889, 40.82127003121397], [-73.86366046581249, 40.82129816111341], [-73.86357654809025, 40.82130875796186], [-73.86298008547061, 40.82138408121295], [-73.86202897860423, 40.821508161257036], [-73.86153141181107, 40.81937957256043], [-73.86246402703922, 40.81924715411642]]]]}",3473.80549372,Bronx,Soundview-Castle Hill-Clason Point-Harding Park
"{'type': 'MultiPolygon', 'coordinates': [[[[-73.95020216177988, 40.62397119964505], [-73.95116434046027, 40.623864161961095], [-73.95212595856566, 40.62375912415823], [-73.95305163172793, 40.62365813475512], [-73.95398278705585, 40.62355503207883], [-73.95443415146855, 40.62594456216945], [-73.95488499156899, 40.628335548840035], [-73.95395983418409, 40.62843938961409], [-73.95303133166105, 40.628540115092974], [-73.95206901809603, 40.62864578101476], [-73.95110641920337, 40.628750467094555], [-73.95066072126124, 40.626361377189475], [-73.95020216177988, 40.62397119964505]]]]}",5638.8787152,Brooklyn,Midwood
"{'type': 'MultiPolygon', 'coordinates': [[[[-73.87280482805829, 40.82681059061069], [-73.87279745664752, 40.82671014932571], [-73.87277538391376, 40.82591024168702], [-73.87275362095984, 40.82535709761335], [-73.87272927795281, 40.82522397669282], [-73.87267991085547, 40.82495400766386], [-73.87262674021662, 40.82475153464823], [-73.87258431949024, 40.824562563880015], [-73.87263071181795, 40.82455335823849], [-73.8728830661744, 40.824515959968615], [-73.87356808464459, 40.82441984646483], [-73.87423302125914, 40.824348587875704], [-73.87437004386821, 40.82433051058812], [-73.8752854833688, 40.82420788438396], [-73.8758015425424, 40.826401717295774], [-73.87587038818047, 40.82669735250362], [-73.87640134545558, 40.828977294705936], [-73.87550702477627, 40.82923413457346], [-73.87460867945062, 40.829502905423944], [-73.87372870256077, 40.82975288646984], [-73.87332596918947, 40.82987665913729], [-73.87327288487577, 40.82989371961134], [-73.87316167504048, 40.82943081459], [-73.87306851575622, 40.82898359113235], [-73.87295706877731, 40.828448562039526], [-73.87281403717603, 40.827103179911475], [-73.87280482805829, 40.82681059061069]]]]}",5406.982408,Bronx,Soundview-Bruckner
"{'type': 'MultiPolygon', 'coordinates': [[[[-73.8889007502061, 40.6456299373584], [-73.89102105380462, 40.64424540966727], [-73.89164003539953, 40.64479717518002], [-73.89212545063305, 40.64523648175606], [-73.89221861776588, 40.6453207945513], [-73.89250893760848, 40.64558048762133], [-73.8928376987142, 40.64587456111946], [-73.89316849006602, 40.64616511577867], [-73.89427351637053, 40.64716484770215], [-73.89463619843396, 40.64749076316398], [-73.89467912492447, 40.6475293348579], [-73.89398610703026, 40.647974023159314], [-73.89389700213165, 40.648031891578476], [-73.89382347018297, 40.64807964721419], [-73.8932748085015, 40.648435970863424], [-73.89306830592113, 40.64857138793051], [-73.8929084214208, 40.64867623373635], [-73.89255142125063, 40.64891033782293], [-73.8925088015352, 40.64887160362728], [-73.89100585492369, 40.64752144595935], [-73.89071033993514, 40.64725587318297], [-73.89038459769176, 40.64696034606265], [-73.89009407383483, 40.646696757629854], [-73.88952047250092, 40.64617467235277], [-73.8889007502061, 40.6456299373584]]]]}",4686.58645242,Brooklyn,Canarsie
"{'type': 'MultiPolygon', 'coordinates': [[[[-73.9303176269034, 40.67741303826245], [-73.93031391549329, 40.67730890913037], [-73.93038289497755, 40.67659742725127], [-73.93045708783983, 40.675818743137455], [-73.93052948257333, 40.67503879683592], [-73.93061448126679, 40.67414713957083], [-73.93115309077075, 40.6741773154206], [-73.9327503637089, 40.67426678016456], [-73.93338375545864, 40.674302251589495], [-73.93329805197497, 40.675190037545605], [-73.93607840920201, 40.675334446868064], [-73.93599605543685, 40.67612018081635], [-73.93595821159879, 40.67652391946833], [-73.9359536271217, 40.67657283100654], [-73.93592339711682, 40.67689534015077], [-73.93586481310093, 40.677607758185275], [-73.93585837014051, 40.677714601617296], [-73.93308084220547, 40.6775632812163], [-73.93278068349821, 40.67754696092873], [-73.93267552517389, 40.67754124354033], [-73.93115581843988, 40.67745862305585], [-73.93105876159602, 40.677453341593434], [-73.9303176269034, 40.67741303826245]]]]}",5470.58126898,Brooklyn,Crown Heights North
"{'type': 'MultiPolygon', 'coordinates': [[[[-73.88738553527432, 40.64098063300277], [-73.88800081437053, 40.64153316191305], [-73.88858222694984, 40.64205491955965], [-73.88920027407816, 40.64261091181961], [-73.88982274080962, 40.643167914474915], [-73.8904043722085, 40.64368880776359], [-73.89102105380462, 40.64424540966727], [-73.8889007502061, 40.6456299373584], [-73.88827067361414, 40.64506168417376], [-73.88769712210663, 40.644547721896046], [-73.88740287546335, 40.64428199683346], [-73.887074326965, 40.64398529699283], [-73.88645848797229, 40.643433644942675], [-73.8858719904485, 40.64290858384021], [-73.88525297788063, 40.64235734594626], [-73.88738553527432, 40.64098063300277]]]]}",4674.60873248,Brooklyn,Canarsie
"{'type': 'MultiPolygon', 'coordinates': [[[[-73.94194505140898, 40.67207733098879], [-73.94084662912356, 40.67201614933397], [-73.94006148224454, 40.67197388612732], [-73.93917604732064, 40.67192600048204], [-73.93640533019015, 40.671774306017355], [-73.93648952229532, 40.670885642580956], [-73.93656930653923, 40.670040840894124], [-73.9393378008736, 40.670191567022314], [-73.94210554991353, 40.67034228042318], [-73.944872405575, 40.6705036348484], [-73.94764128513623, 40.670663878268385], [-73.94756374891735, 40.671487958292225], [-73.94748050653838, 40.67237964713722], [-73.94471040033147, 40.672228413160376], [-73.94194505140898, 40.67207733098879]]]]}",7419.80369744,Brooklyn,Crown Heights North
"{'type': 'MultiPolygon', 'coordinates': [[[[-73.93904134714633, 40.600741432095354], [-73.93952543849434, 40.600688097278876], [-73.9399669929643, 40.600639448293876], [-73.9408926360581, 40.60053783648952], [-73.9411660980562, 40.60050801622872], [-73.94189057649263, 40.60042741932569], [-73.9428895406154, 40.60031864969622], [-73.94301836254951, 40.60100113898821], [-73.94331542824324, 40.602574931019554], [-73.94367135643377, 40.60446052020568], [-73.94376581111696, 40.604960904996524], [-73.94276896191587, 40.60507244734215], [-73.94177070565412, 40.605183015696845], [-73.94084264807431, 40.60528503086278], [-73.93991672776626, 40.60538600315016], [-73.93946548934625, 40.6029968966242], [-73.93939740850357, 40.602634904844855], [-73.93904134714633, 40.600741432095354]]]]}",5577.8398803,Brooklyn,Madison
"{'type': 'MultiPolygon', 'coordinates': [[[[-73.99310450391384, 40.60611547084748], [-73.99368460531574, 40.605555522956536], [-73.99426500289415, 40.60499632097657], [-73.99484679840047, 40.604436889933474], [-73.99542892619807, 40.603877060726774], [-73.99605512773867, 40.6032746883971], [-73.99782332514859, 40.60157817938212], [-73.99856385085852, 40.60202843370558], [-73.99927902001474, 40.602458017026905], [-74.00002266096661, 40.60290731622918], [-73.99825418891973, 40.60460855955161], [-73.99762947031648, 40.6052098991024], [-73.99704340379166, 40.605769163481824], [-73.99646484131412, 40.60632749796727], [-73.99588192163935, 40.60688666582587], [-73.99530287947384, 40.60744494982059], [-73.99310450391384, 40.60611547084748]]]]}",5777.68813444,Brooklyn,Bensonhurst West
"{'type': 'MultiPolygon', 'coordinates': [[[[-73.99075597963649, 40.62599758913173], [-73.99014014396806, 40.625625343312834], [-73.98994774791105, 40.625512086463466], [-73.98969261184634, 40.625357292311755], [-73.98830220299183, 40.62451369556649], [-73.9888845488722, 40.62395282847348], [-73.98948868222833, 40.62336951020121], [-73.99009356051286, 40.622788953343075], [-73.99254973616581, 40.62427426877925], [-73.99398197149371, 40.625141399050584], [-73.99432497413305, 40.625342908294854], [-73.99489280561376, 40.62546179419174], [-73.9947348567926, 40.625614741106034], [-73.99464972974168, 40.62569717972416], [-73.99507814869852, 40.62580673733457], [-73.9967884759727, 40.626826051412785], [-73.9967016235921, 40.62717198360609], [-73.99655764078194, 40.62764093384147], [-73.9963361849515, 40.628445776211095], [-73.99611483104519, 40.62923240906632], [-73.99516084078732, 40.628655301203096], [-73.99295979658102, 40.62732639926511], [-73.99075597963649, 40.62599758913173]]]]}",6964.54947819,Brooklyn,Borough Park
"{'type': 'MultiPolygon', 'coordinates': [[[[-73.9232613529739, 40.62160068410337], [-73.92300753155868, 40.61919286338609], [-73.92397567255347, 40.61913148920298], [-73.92494401140777, 40.61907126847405], [-73.92587569897447, 40.619012807850915], [-73.92687894657263, 40.61894981888279], [-73.92713509237151, 40.62135782130102], [-73.92732106076782, 40.62310763260208], [-73.92736928380532, 40.62356136339471], [-73.9263653185916, 40.62362269833099], [-73.92543133412266, 40.62368076456989], [-73.92446856453084, 40.62374272281208], [-73.92349699190183, 40.62380150569884], [-73.9232613529739, 40.62160068410337]]]]}",5527.0639449,Brooklyn,Flatlands
"{'type': 'MultiPolygon', 'coordinates': [[[[-73.95064594267195, 40.7217056937844], [-73.95270929593799, 40.720451176580056], [-73.95346873391061, 40.719798229409314], [-73.95406040194966, 40.71924623842397], [-73.95465553995932, 40.718693254806425], [-73.95525060882248, 40.718140331206115], [-73.95584391541597, 40.71758839524116], [-73.95713104489006, 40.718387706268445], [-73.95841618083436, 40.71918882025756], [-73.95782063309454, 40.71974058961767], [-73.95722538203613, 40.72029263423219], [-73.95663008570848, 40.72084596416341], [-73.95603779779492, 40.72139774351028], [-73.95544314712944, 40.72194650069614], [-73.95533191575767, 40.722063875104936], [-73.95520854461444, 40.7221748510231], [-73.95507404000449, 40.72227838410764], [-73.9549295986553, 40.72237352960226], [-73.95477662947451, 40.72245950466813], [-73.95418330344545, 40.72263642780561], [-73.9538246169848, 40.72275973498612], [-73.95332036755647, 40.722932699543684], [-73.95249594843997, 40.72321773379469], [-73.95164632252364, 40.723485857484015], [-73.95064594267195, 40.7217056937844]]]]}",6225.17845159,Brooklyn,North Side-South Side
"{'type': 'MultiPolygon', 'coordinates': [[[[-73.89344599770551, 40.66644523376868], [-73.89443917502982, 40.66629669125945], [-73.89540926627802, 40.666153107505565], [-73.89631628311461, 40.66601829249549], [-73.89723306249616, 40.665877148506475], [-73.89763330504304, 40.66741867658949], [-73.89801999321459, 40.66895744334104], [-73.89834125806937, 40.67021132785929], [-73.89742154370822, 40.67034709218451], [-73.89651796101938, 40.670480991209566], [-73.89554341895577, 40.67062578745926], [-73.89455614771185, 40.670770346337754], [-73.89423075002746, 40.66951840285848], [-73.89383992229997, 40.66798037546318], [-73.89344599770551, 40.66644523376868]]]]}",5354.67799506,Brooklyn,East New York (Pennsylvania Ave)
"{'type': 'MultiPolygon', 'coordinates': [[[[-73.89762854635653, 40.631552646217116], [-73.89834907371397, 40.63109370548065], [-73.89905604163572, 40.63062997458037], [-73.8997722283758, 40.630167508846675], [-73.90051316964491, 40.6296878238662], [-73.90233028311982, 40.63132039451459], [-73.90414936533871, 40.632952685761495], [-73.90376519093917, 40.63320057567116], [-73.9034063924002, 40.63343209594954], [-73.90307511075476, 40.63364665341044], [-73.9026935654795, 40.633893758579966], [-73.90197915694968, 40.634355180553094], [-73.90126434715415, 40.634817607758464], [-73.8994471638155, 40.633184912151705], [-73.89762854635653, 40.631552646217116]]]]}",5220.14981352,Brooklyn,Canarsie
"{'type': 'MultiPolygon', 'coordinates': [[[[-73.96285974027433, 40.612549485964685], [-73.9638533258553, 40.61243251871341], [-73.96478112808971, 40.612330921661716], [-73.96429649898008, 40.6097764256727], [-73.96522378067694, 40.609674401022204], [-73.96629835479933, 40.609555213311545], [-73.9673997957874, 40.609459607574024], [-73.96768635621943, 40.609417786979805], [-73.96816303924855, 40.611951843579625], [-73.96788811186798, 40.611983393216974], [-73.96678232523259, 40.61210945745253], [-73.96728599074099, 40.61477218213299], [-73.96621451220791, 40.614891766939245], [-73.96528613372128, 40.614992637070294], [-73.96435860298992, 40.615093914432535], [-73.96336094023287, 40.61520442783362], [-73.96285974027433, 40.612549485964685]]]]}",6808.86938033,Brooklyn,Ocean Parkway South
"{'type': 'MultiPolygon', 'coordinates': [[[[-73.89337485679465, 40.63710810313918], [-73.89155671784923, 40.635475102143076], [-73.89235381775117, 40.634959890017285], [-73.89323360144732, 40.63439299502505], [-73.89394810473709, 40.633932580998064], [-73.89476028051652, 40.6334057308402], [-73.89549739428395, 40.63387621402226], [-73.89587370017037, 40.634102783112745], [-73.89620963093263, 40.634320176172594], [-73.89646709391185, 40.634480367497005], [-73.89696136360932, 40.6347909676666], [-73.89676384364381, 40.634919636948986], [-73.8964780033217, 40.63510583297685], [-73.89829969630499, 40.63673639929129], [-73.89758290039082, 40.63719614427263], [-73.8968680768753, 40.63765832776724], [-73.8959901238363, 40.6382261424473], [-73.89519132312003, 40.63874125291258], [-73.89337485679465, 40.63710810313918]]]]}",5605.21552085,Brooklyn,Canarsie
"{'type': 'MultiPolygon', 'coordinates': [[[[-73.89476028051652, 40.6334057308402], [-73.89540273007701, 40.63299061038369], [-73.89609060538311, 40.63254686356283], [-73.89685952193516, 40.6320498743562], [-73.89762854635653, 40.631552646217116], [-73.8994471638155, 40.633184912151705], [-73.90126434715415, 40.634817607758464], [-73.90049501726176, 40.63531444531823], [-73.89972590151487, 40.63581144090583], [-73.89892907335528, 40.63632654178219], [-73.89829969630499, 40.63673639929129], [-73.8964780033217, 40.63510583297685], [-73.89676384364381, 40.634919636948986], [-73.89696136360932, 40.6347909676666], [-73.89646709391185, 40.634480367497005], [-73.89620963093263, 40.634320176172594], [-73.89587370017037, 40.634102783112745], [-73.89549739428395, 40.63387621402226], [-73.89476028051652, 40.6334057308402]]]]}",5432.5285122,Brooklyn,Canarsie
"{'type': 'MultiPolygon', 'coordinates': [[[[-73.88618276516037, 40.66752098671631], [-73.88708404560293, 40.667388229376265], [-73.88798795965488, 40.66725460292859], [-73.88888919892364, 40.66712017405382], [-73.88976988627573, 40.66698991467192], [-73.89016521925032, 40.668524376877905], [-73.89055868980275, 40.67006023116492], [-73.89087805060534, 40.67131808766184], [-73.88999447068328, 40.67144829729505], [-73.88909658330931, 40.67158144958704], [-73.88819212819693, 40.671714643942025], [-73.88728842529562, 40.671848595517346], [-73.88719822100394, 40.671496689161], [-73.88718389369065, 40.67144079632458], [-73.88717003701494, 40.67138673754125], [-73.88715618101354, 40.67133268361485], [-73.88714242973734, 40.67127903721718], [-73.88712868700955, 40.671225423158766], [-73.88696707654321, 40.67059492386331], [-73.88657456271079, 40.669058176723915], [-73.88618276516037, 40.66752098671631]]]]}",5240.89803906,Brooklyn,East New York
"{'type': 'MultiPolygon', 'coordinates': [[[[-73.90126434715415, 40.634817607758464], [-73.90197915694968, 40.634355180553094], [-73.9026935654795, 40.633893758579966], [-73.90307511075476, 40.63364665341044], [-73.9034063924002, 40.63343209594954], [-73.90376519093917, 40.63320057567116], [-73.90414936533871, 40.632952685761495], [-73.90595036962452, 40.63457522597038], [-73.90713518429531, 40.635634227051455], [-73.90778464843278, 40.63621946662794], [-73.90704104262839, 40.63669640395888], [-73.9063264737456, 40.637162149445025], [-73.90561196245241, 40.63762194677584], [-73.90489548958583, 40.63808403333848], [-73.90412992443476, 40.638577963397985], [-73.90369084498637, 40.63816958869675], [-73.9021767835193, 40.63682341205348], [-73.90290849046009, 40.63629440107769], [-73.90209472653841, 40.63556348850645], [-73.90175315673257, 40.63525666902846], [-73.90126434715415, 40.634817607758464]]]]}",5763.48484189,Brooklyn,Canarsie
"{'type': 'MultiPolygon', 'coordinates': [[[[-73.93249995700802, 40.634947068938246], [-73.93342687552459, 40.634884051004846], [-73.93439440314356, 40.634826803048796], [-73.93535985030333, 40.63476731245907], [-73.93629596756949, 40.634709525742736], [-73.93726700184804, 40.63465062567421], [-73.93751242222865, 40.636921175369146], [-73.93776175585268, 40.63925915680887], [-73.93679195475151, 40.639319142633965], [-73.93585629308835, 40.63937813097508], [-73.93537774498009, 40.63940800242174], [-73.9348875040951, 40.639438596518644], [-73.93391820703276, 40.63949666733303], [-73.93298420763749, 40.63955446223741], [-73.93294557202245, 40.63919302545524], [-73.93273434172701, 40.637216812202375], [-73.93269712600552, 40.63685639313903], [-73.93249995700802, 40.634947068938246]]]]}",6026.38895065,Brooklyn,East Flatbush-Farragut
"{'type': 'MultiPolygon', 'coordinates': [[[[-73.97124277307127, 40.760936418479105], [-73.9716960921487, 40.760312661449824], [-73.97215595488032, 40.75968124035729], [-73.97261271418446, 40.75905930848455], [-73.97306851954798, 40.7584314941964], [-73.97352419611897, 40.75780844078159], [-73.97398183196329, 40.75717975858844], [-73.97443866383502, 40.75655630634624], [-73.97453865562939, 40.75659708520905], [-73.97604542132363, 40.75723205763827], [-73.9776548272757, 40.75791142378001], [-73.97720026523596, 40.75853793354629], [-73.9767446760211, 40.75916473827931], [-73.97628870099064, 40.7597867491654], [-73.97583011985374, 40.76041852021438], [-73.97537360664667, 40.7610399070742], [-73.97491476221624, 40.76166727005671], [-73.97445730550224, 40.76229308352492], [-73.97285250503253, 40.761614357755086], [-73.97133777276214, 40.760977298189616], [-73.97124277307127, 40.760936418479105]]]]}",5687.80243891,Manhattan,Midtown-Midtown South
"{'type': 'MultiPolygon', 'coordinates': [[[[-74.00500346527619, 40.63642523568016], [-74.00558613003881, 40.635866229033326], [-74.00616926871125, 40.63530350141348], [-74.0064178468381, 40.635064849952926], [-74.00675122718057, 40.63474478703226], [-74.00735636662998, 40.634163627239026], [-74.00955708305898, 40.63549296362865], [-74.01175908192197, 40.636823358244754], [-74.01115475011777, 40.637404369581304], [-74.01057235584346, 40.63796466464579], [-74.00998983360152, 40.63852434358223], [-74.00940854269487, 40.63908474013922], [-74.00849087423333, 40.63853057832148], [-74.00821506298978, 40.638364011732705], [-74.00812114865013, 40.63830729527378], [-74.00720591287711, 40.63775458148698], [-74.00500346527619, 40.63642523568016]]]]}",5221.79169186,Brooklyn,Sunset Park East
"{'type': 'MultiPolygon', 'coordinates': [[[[-73.91180565427025, 40.692785082754625], [-73.91105300980686, 40.69235724593208], [-73.91249979639022, 40.690882899776604], [-73.913946280652, 40.689408696311105], [-73.91469935960835, 40.689835471174], [-73.9154502815049, 40.69026392197302], [-73.91619910868829, 40.690691385275535], [-73.91696376099227, 40.69111019208029], [-73.91779027670788, 40.69145946415024], [-73.91625677767455, 40.69302171204562], [-73.91556526900833, 40.693725936342865], [-73.91548438821229, 40.69380830299468], [-73.91480825343996, 40.69449685206576], [-73.91405670859827, 40.694068468239635], [-73.91331306228413, 40.693632242459486], [-73.91255469973726, 40.6932120203087], [-73.91180565427025, 40.692785082754625]]]]}",5326.7248597,Brooklyn,Bushwick South
"{'type': 'MultiPolygon', 'coordinates': [[[[-73.88969542325876, 40.633802399209465], [-73.88976865889013, 40.63375536389407], [-73.89050003852306, 40.633285630946084], [-73.89136976796381, 40.632718948613324], [-73.89210340875509, 40.632247749066714], [-73.89215594436116, 40.63221400178256], [-73.89277185952437, 40.63180870451029], [-73.89351152242055, 40.631343570798016], [-73.89423121021227, 40.6308790446858], [-73.8950006233778, 40.63038585945847], [-73.89503861783112, 40.6304198708199], [-73.89685952193516, 40.6320498743562], [-73.89609060538311, 40.63254686356283], [-73.89540273007701, 40.63299061038369], [-73.89476028051652, 40.6334057308402], [-73.89394810473709, 40.633932580998064], [-73.89323360144732, 40.63439299502505], [-73.89235381775117, 40.634959890017285], [-73.89155671784923, 40.635475102143076], [-73.88975480500234, 40.63385576713834], [-73.88969542325876, 40.633802399209465]]]]}",5452.82505948,Brooklyn,Canarsie
"{'type': 'MultiPolygon', 'coordinates': [[[[-73.98550970902447, 40.63103768816813], [-73.98609354231198, 40.63047717770526], [-73.98667493047405, 40.62991579130532], [-73.98725890908335, 40.62935523869049], [-73.98946251913321, 40.63068615903996], [-73.9916643249372, 40.632016487835735], [-73.99386586462512, 40.63334763016014], [-73.99328409374763, 40.63390582056011], [-73.99270034931683, 40.63446671796734], [-73.99211970589839, 40.635025460853676], [-73.989916562238, 40.63369680650285], [-73.98771325721752, 40.63236660732592], [-73.98550970902447, 40.63103768816813]]]]}",6242.98107647,Brooklyn,Borough Park
"{'type': 'MultiPolygon', 'coordinates': [[[[-73.90719120353224, 40.659619404394654], [-73.90679490576355, 40.65808364817325], [-73.90636905399649, 40.65641220373174], [-73.90730723397648, 40.65627306866545], [-73.90773767202258, 40.656208774475935], [-73.90824478323995, 40.65613303335679], [-73.90917728990952, 40.65599485888834], [-73.9101225569847, 40.655851771554126], [-73.91054874458773, 40.657525102835876], [-73.91094270221828, 40.6590605918808], [-73.91133533986947, 40.66059733858595], [-73.91172740296469, 40.66213473272778], [-73.91077513186124, 40.66227799966417], [-73.90985632468598, 40.66241136141954], [-73.90892035289359, 40.662554607681635], [-73.90852359006396, 40.661014489489055], [-73.90758530690636, 40.661156400090555], [-73.90719120353224, 40.659619404394654]]]]}",6785.2044705,Brooklyn,Brownsville
"{'type': 'MultiPolygon', 'coordinates': [[[[-73.94285013578609, 40.70518203030355], [-73.94456751130996, 40.705020579896996], [-73.94468724611669, 40.70573944426563], [-73.94626465977842, 40.70560421419055], [-73.94652290213665, 40.707011356174576], [-73.94665671187086, 40.707753188109805], [-73.9467551540147, 40.70846605159855], [-73.94685248724394, 40.709177157232176], [-73.94697363941067, 40.70989402070637], [-73.94700515369075, 40.710060963532406], [-73.94710459888077, 40.7105877627234], [-73.94699704519559, 40.7105978349013], [-73.94684363121746, 40.710612201642846], [-73.94649424137575, 40.7106449198067], [-73.94586908437157, 40.71070345817527], [-73.94547479529106, 40.71074037749034], [-73.94536940904898, 40.71075037445711], [-73.94494587405786, 40.71079055088591], [-73.94454355602055, 40.71082871309056], [-73.94416508256323, 40.71086461278519], [-73.94405151250635, 40.71087538525177], [-73.94399256733875, 40.710880975612724], [-73.94378799623537, 40.71090037906394], [-73.94368828339785, 40.71029296420942], [-73.94367685544562, 40.71022334760992], [-73.94358512961247, 40.70966450512822], [-73.9435709472401, 40.70957809408162], [-73.94355745109814, 40.709495865849604], [-73.94354434681323, 40.709416031266514], [-73.94344009780097, 40.70878089180461], [-73.94332294437862, 40.70807019497219], [-73.94320222948264, 40.70733475177064], [-73.94308587370205, 40.706596662257056], [-73.94296619394835, 40.70588844049494], [-73.94285013578609, 40.70518203030355]]]]}",6040.6819312,Brooklyn,East Williamsburg
"{'type': 'MultiPolygon', 'coordinates': [[[[-73.89102105380462, 40.64424540966727], [-73.89176213395467, 40.64376474641931], [-73.89250315428094, 40.64328496052925], [-73.89324657405773, 40.64280607337949], [-73.89396051954917, 40.642343786129906], [-73.89430151127091, 40.64265042041693], [-73.89543457944525, 40.64366931220535], [-73.89577689390615, 40.64397712366847], [-73.89608897845403, 40.644257196405334], [-73.89683410920992, 40.64492589944381], [-73.8976188994437, 40.64563017624326], [-73.89690404748146, 40.64609117063625], [-73.89616287303498, 40.64657125464978], [-73.89608898541287, 40.646614322799444], [-73.89595222293502, 40.64670286775968], [-73.89587830181985, 40.646750727559045], [-73.89541805149197, 40.64704870990678], [-73.89467912492447, 40.6475293348579], [-73.89463619843396, 40.64749076316398], [-73.89427351637053, 40.64716484770215], [-73.89316849006602, 40.64616511577867], [-73.8928376987142, 40.64587456111946], [-73.89250893760848, 40.64558048762133], [-73.89221861776588, 40.6453207945513], [-73.89212545063305, 40.64523648175606], [-73.89164003539953, 40.64479717518002], [-73.89102105380462, 40.64424540966727]]]]}",5278.87683746,Brooklyn,Canarsie
"{'type': 'MultiPolygon', 'coordinates': [[[[-73.88738553527432, 40.64098063300277], [-73.88812746511795, 40.6405016500332], [-73.88887037353761, 40.64002489803869], [-73.88961349439121, 40.63954186296521], [-73.89032791622309, 40.63907941948053], [-73.89214150133854, 40.64071218128766], [-73.89396051954917, 40.642343786129906], [-73.89324657405773, 40.64280607337949], [-73.89250315428094, 40.64328496052925], [-73.89176213395467, 40.64376474641931], [-73.89102105380462, 40.64424540966727], [-73.8904043722085, 40.64368880776359], [-73.88982274080962, 40.643167914474915], [-73.88920027407816, 40.64261091181961], [-73.88858222694984, 40.64205491955965], [-73.88800081437053, 40.64153316191305], [-73.88738553527432, 40.64098063300277]]]]}",5259.87675458,Brooklyn,Canarsie
"{'type': 'MultiPolygon', 'coordinates': [[[[-74.0091528209351, 40.646226735160596], [-74.00973537056362, 40.64566683595484], [-74.01031893880946, 40.6451066629451], [-74.010902224838, 40.64454699976925], [-74.01148370452388, 40.64398661340751], [-74.01368059499949, 40.64531223299176], [-74.0137419500343, 40.645349255638926], [-74.01379559478815, 40.645381415328025], [-74.01557895941555, 40.64645501904979], [-74.01500312132714, 40.64702070170083], [-74.01440721812982, 40.64756759916602], [-74.01382819278352, 40.64813640150044], [-74.01326083768633, 40.64870437998871], [-74.0114680975905, 40.64762413152728], [-74.01141117699248, 40.64758983610494], [-74.01134443038579, 40.64754954494845], [-74.0091528209351, 40.646226735160596]]]]}",4986.67159568,Brooklyn,Sunset Park West
"{'type': 'MultiPolygon', 'coordinates': [[[[-73.96426798339365, 40.61998380378798], [-73.96388935578909, 40.61800054988435], [-73.96381145236617, 40.61758940154482], [-73.96375418658953, 40.617302433040386], [-73.96362245555162, 40.61658973720422], [-73.96356470625156, 40.616238722467486], [-73.96336094023287, 40.61520442783362], [-73.96435860298992, 40.615093914432535], [-73.96528613372128, 40.614992637070294], [-73.96539460853353, 40.6155740191604], [-73.96573927568069, 40.617380324720045], [-73.96618841724802, 40.61977364498082], [-73.96664515713734, 40.62216223742479], [-73.96571874618459, 40.62226402946435], [-73.96471983385558, 40.622372961205336], [-73.96426798339365, 40.61998380378798]]]]}",6358.01247405,Brooklyn,Ocean Parkway South
"{'type': 'MultiPolygon', 'coordinates': [[[[-74.01381389935335, 40.64174524726398], [-74.01439632401166, 40.64118583681228], [-74.01497963598209, 40.640625468682394], [-74.01556266734994, 40.6400666373496], [-74.01616711475117, 40.639482441569406], [-74.01835757405783, 40.64079334796432], [-74.018430703369, 40.64083732755676], [-74.01849303797569, 40.64087580553014], [-74.02022933658131, 40.64193209968429], [-74.0196220373194, 40.64250143224943], [-74.01904054463041, 40.643062048001525], [-74.01847214553132, 40.64364292139891], [-74.01790570069545, 40.64422181028559], [-74.01612281736705, 40.643140253890095], [-74.01607041384602, 40.64310864459831], [-74.01601303322741, 40.64307398210073], [-74.01381389935335, 40.64174524726398]]]]}",4994.56388729,Brooklyn,Sunset Park West
"{'type': 'MultiPolygon', 'coordinates': [[[[-73.97752301889588, 40.61767654076739], [-73.97785009338085, 40.61728760679464], [-73.9784549121324, 40.616706101764294], [-73.97905795856794, 40.616125836595245], [-73.97963821772845, 40.61556454722809], [-73.98003930358335, 40.61580693017019], [-73.98087912783696, 40.61631443529086], [-73.98186818309068, 40.61691212710653], [-73.98406791832556, 40.61824073880022], [-73.98627524709657, 40.61956661709231], [-73.98569357824172, 40.62013151495022], [-73.98348872630562, 40.61880002426247], [-73.98288321150902, 40.619380789769586], [-73.98228194077691, 40.619962606129114], [-73.98169617086727, 40.62052408780456], [-73.98082712510468, 40.61999937461771], [-73.9803553761282, 40.61971453269129], [-73.9794948588701, 40.61919495364194], [-73.97787422055298, 40.61819031112587], [-73.97805455015951, 40.61800100225648], [-73.97752301889588, 40.61767654076739]]]]}",6796.31333584,Brooklyn,Borough Park
"{'type': 'MultiPolygon', 'coordinates': [[[[-73.9101225569847, 40.655851771554126], [-73.91108323560228, 40.65570239282392], [-73.91199538384834, 40.655561559629234], [-73.91236458896573, 40.655513565249386], [-73.9131435625853, 40.656220864047825], [-73.91377943741749, 40.656783679711374], [-73.9140287814533, 40.65700370908498], [-73.91441247690497, 40.657362419291054], [-73.91556629546189, 40.65839257171779], [-73.91469176902659, 40.6585037345829], [-73.91373611742753, 40.65864542113423], [-73.91413057914457, 40.660181439489435], [-73.91321011168571, 40.660319032425605], [-73.91229257383213, 40.6604554043114], [-73.91133533986947, 40.66059733858595], [-73.91094270221828, 40.6590605918808], [-73.91054874458773, 40.657525102835876], [-73.9101225569847, 40.655851771554126]]]]}",5646.71632322,Brooklyn,Brownsville
"{'type': 'MultiPolygon', 'coordinates': [[[[-73.98162368906787, 40.607865785573246], [-73.98254766697193, 40.60776405435735], [-73.98347678180018, 40.60766229718576], [-73.98440295180225, 40.6075595148671], [-73.9853315885826, 40.60745769824046], [-73.98625770583988, 40.607356018051405], [-73.98725487001735, 40.607244189224154], [-73.98842267576015, 40.60711914900993], [-73.98796510275164, 40.60756553584416], [-73.9873779529091, 40.60812811803291], [-73.98733917674802, 40.60816828605033], [-73.98671330018246, 40.608766261257536], [-73.9861291535397, 40.609329864468734], [-73.98575987188943, 40.60968408446955], [-73.98554853225936, 40.609887242594965], [-73.98535587535235, 40.61007201422716], [-73.98496383485828, 40.61044799444133], [-73.9843824486777, 40.61100542096353], [-73.98416201093033, 40.61121730102249], [-73.98380893612803, 40.611559873493206], [-73.98335142357595, 40.61199230152613], [-73.9832222699385, 40.612122209144786], [-73.9826592747949, 40.61269247130593], [-73.98252737018834, 40.61258437071298], [-73.98210659093506, 40.61042050610941], [-73.98178366902322, 40.6087121658849], [-73.98170783729036, 40.608310981194755], [-73.98162368906787, 40.607865785573246]]]]}",6283.85111171,Brooklyn,Bensonhurst East
"{'type': 'MultiPolygon', 'coordinates': [[[[-73.95049313972766, 40.6594051050902], [-73.95338452871862, 40.659226552021515], [-73.95672522069441, 40.65901756871536], [-73.95680048620683, 40.65972923021237], [-73.95687581197795, 40.66044170296177], [-73.95695760438177, 40.66117957159011], [-73.95704343513337, 40.66196515074295], [-73.95369968725231, 40.66217391688852], [-73.95081041735997, 40.66235357725821], [-73.95072412677708, 40.66156906477342], [-73.95064444098895, 40.660827130904536], [-73.95056848213086, 40.66011654553492], [-73.95049313972766, 40.6594051050902]]]]}",5625.23050411,Brooklyn,Prospect Lefferts Gardens-Wingate
"{'type': 'MultiPolygon', 'coordinates': [[[[-73.95374853778434, 40.6385863380881], [-73.95394172535894, 40.6384947249419], [-73.95483131162305, 40.63804060417277], [-73.95569611756183, 40.63762508948303], [-73.95656604516898, 40.63720603217459], [-73.95743327549329, 40.63679269339609], [-73.95839961041402, 40.63632693831697], [-73.95867347162195, 40.63776647153397], [-73.95896596120764, 40.639304860691475], [-73.9580036952732, 40.63976185126087], [-73.95712506209743, 40.64016899325881], [-73.95622642733899, 40.6404315694955], [-73.95571599971646, 40.640582526776065], [-73.95563820621724, 40.64050392611558], [-73.95476763256174, 40.63962444736817], [-73.95427358408135, 40.639115539196254], [-73.95404358590126, 40.638877549190234], [-73.95374853778434, 40.6385863380881]]]]}",4556.00969596,Brooklyn,Flatbush
