biblioid,report_abstract,date
93,"Report on the Nehemiah Project in Morrisania, Bronx. The project area bounded by Trinity Avenue, Jackson Avenue, East 158th Street, and East 160th Street was home to a vibrant multi-ethnic, multi-national community in the late 19th century and it is found to be highly likely that remains of this history were preserved in the project area. Archaeological testing is recommended to identify any of these remains especially backyard cisterns and privies.",1994
69,"Project on a site located in Melrose, Bronx between Third Ave, E. 156th Street, Brook Ave, and Bergen Ave. Complimentary to an earlier report detailing the site's prehistory, this report identifies three lots within the site that have the potential to yield historically significant deposits from the late-1800's. The lots were once the long-time residences of three families- the Gerkins, Lerchs, and Herlichs- and could provide valuable information about the lives of immigrants in Melrose's 19th century German-American community.",1994
112,"This volume is a collection of appendices from reports on archaeological investigations carried out at the Barclays Bank Office Tower Site, at 75 Wall Street. Appendix A details the projects personnel and their qualifications. Appendix B provides the New York State Historical Archaeological Site Inventory Form for the site. Appendix C is a collection of the historic data specific to the archaeological site including maps, land grants. Appendix D provides tables and charts on the depositional units of each lot within the project boundaries. The remaining appendixes detail the analysis of floral and faunal remains recovered, and the final section of this report provides a diagnostic of the prehistoric artifacts found during site excavation.",1983
197,"The following report documents the results of archaeological testing in the Stuyvesant Heights neighborhood of Brooklyn. This survey conducted physical testing of subsurface deposits in order to investigate the presence or absence of archaeological features, such as wells, privies, cisterns, architectural features and road surfaces, between Marcy Avenue and Delmonico Place along Block 1730 and 1732. This survey was unable to locate any significant archaeological resources within the area of proposed development.",1991
60,"Report on the history of the project area bounded by Broadway, 234th Street and Putnam Avenue  in Kingsbridge, Bronx. Researchers conclude that the site may still hold evidence of the prehistoric occupation of the western Bronx since construction activity on the lot has been limited; Archaeological testing is recommended.",1988
144,"This report is an evaluation of the potential for archaeological sensitivity in Bedford-Stuyvesant, Brooklyn, New York. This survey examines the potential for prehistoric and historic remains at Block 1883. Lots 13-20 & 27, located at 45-59 Taaffe Place & 796 Kent Avenue. This survey utilized cartographic, and atlas information to obtain historical information about the project area. This report furnishes information about sewerage in neighborhood during the late 19th century. The above survey concludes that certain lots within the project area have a high potential of yielding significant archaeological data.",1998
170,"Project on the Naval Hospital Cemetery located within the Brooklyn Navy Yard. While most of the burials in the cemetery were relocated in 1926, researchers  found 517 burials that were not documented as removed from the cemetery. This report examines the possible reasons for this lack of documentation. Special emphasis is placed on the history of military burial practices and the demographics of those bodies not documented as removed. Included in the report is a list of the names and dates of death of the burials in question.",1999
47,"Project on the Melrose Commons Urban Renewal Area between E. 156th St, East 163rd St, Melrose Ave, Courtlandt Ave, Park Ave, Brook Ave, Third Ave, and St. Ann's Ave in the Bronx. The report examines the project area's potential for archaeologically significant deposits based on the known prehistoric, historic, and architectural sites in the area. Included in the report is a lot by lot description of the deed holders for the properties within the project area beginning with the mid-19th century.",2000
122,"This report is the fifth installment in a six volume report on archaeological excavations carried out during the Hanover Square Project. This volume is dedicated to appendices F-K. These appendices provide analysis of pipe stem fragments, artifact groupings, conservation techniques, and a preliminary report on floral remains retrieved during excavation.",1982
186,"The following report is an assessment of archaeological sensitivity in Downtown, Brooklyn, New York. This report disseminates the results of a documentary survey carried out on Block 169 Lot 36. This survey consults cartographic, directory, and in order to obtain information on the earliest landowners of these properties. This survey concludes that this site has a low potential for containing both significant prehistoric and historic archaeological resources, and does not recommend further archaeological testing at the site.",1990
190,"The following report is an assessment of archaeological sensitivity in the neighborhood of Williamsburg, Brooklyn, New York. This report disseminates the results of literature of historic resources at the Caribe Village Site, Block 2429. This survey integrates archival and cartographic information in order to identify prehistoric and historic archaeological resources. This survey concludes that there is a low potential for significant prehistoric and historic resources and a moderate potential for the preservation of mid-19th century features such as privies at the site.",1991
157,"The following report is an assessment of the potential archaeological resources at the proposed site for the Bishop Mugavero Geriatric Center in the Boreum Hill, Brooklyn, New York. The survey consults cartographic and documentary evidence to assess the potential for prehistoric and historic resources along Hoyt Street, Dean Street, and Pacific Street. This survey concludes that archaeological resources within the project area have considerable potential to reveal evidence on the early stages of the neighborhood’s development and the area’s middle class during the mid nineteenth century. This report furnishes a chronology of early owners and structural development throughout the 19th century.",1990
199,"The following report documents the results of Stage 1B archaeological testing carried out in the Red Hook neighborhood of Brooklyn. This survey conducted cartographic analysis and physical subsurface tests to evaluate the presence or absence of archaeological resources within the Red Hook Water Pollution Control Plant Project area. This survey was able to locate foundation and bulkhead features onsite, yet determined that these remnants were unlikely to provide any significant information on the historical character of the area.",1991
87,"Project in the Bronx between Westchester Avenue, St. Ann's Avenue, E. 149th street, and Brook Avenue. The site is split into two primary study areas each having the potential to yield historically significant deposits; the potential deposits include remains of the Jarvis Archer House dating to the 19th century. Archaeological testing is recommended for these areas.",1989
193,"Project in downtown Brooklyn between Tillary Street, Flatbush Avenue Extension, Willoughby Street, Jay Street . The report details the history of the area, summarizing the previous studies conducted on the region, and the archaeological excavations conducted in advance of the MetroTech construction project. Finds included six undisturbed late 19th century deposits that shed light on the life of middle and working class English and Irish households during the period. These deposits also provide insights into the development of water supply and sewage disposal systems in Brooklyn at the turn of the century. No analysis or conclusions are provided in the report.",1991
166,"The following report is a Phase 1A assessment of archaeological sensitivity within the Brooklyn Navy Yard, Brooklyn, New York. This survey evaluates the potential for the remnants of military grave sites at the former Naval Hospital. This survey was able to reveal information on the history of use and development at the Naval Hospital Burial Ground. This survey was able to conclude that further field tests would likely reveal information on the existence of undisturbed burial remains associated within former naval facility.",1996
24,"This report is Volume VI of a six volume study on excavations conducted between Worth and Pearl Streets in Lower Manhattan. The block, Block 160, was part of the infamous 19th century slum known as Five Points. This final volume details the extensive collection of clay tobacco pipes recovered from the excavation area. Sketches of each pipe are included in the inventory.",2000
85,"Report exploring the archaeological assessment of two sites. The first site is located in the East New York neighborhood of Brooklyn between Chester Street, East New York Avenue, Pitkin Avenue, and Bristol Street. The second site is located in the Bronx between Westchester Avenue, St. Ann's Avenue, E. 149th street, and Brook Avenue. Included in the report are overviews of the history of both sites, historical maps, and street-view photographs. Based on these sources, it is unlikely that archaeological deposits would be preserved in the project area and no further archaeological testing is recommended.",1988
234,"The following report is an assessment of archaeological sensitivity in Williamsburg neighborhood of Brooklyn. This survey conducts a literature review of prehistoric and historic resources located on on Blocks 2785, 2791 and 3022.  The survey utilizes cartographic and published information to determine the presence or absence of historic resources within the project area. This survey was able to determine this is a low potential for this site to reveal evidence on prehistoric activities in the project area, and that were is a high potential for preserved historic deposits, such as backyard features to exist at the site. This survey however does not recommend further archaeological examinations at this site.",1992
154,"The following is an assessment of archaeological sensitivity in a section of East New York, Brooklyn, New York. The survey utilized historical documents and soil sample information to identify potentially significant historic and archaeological resources on Block 4322, Lot 24. This survey was able to reveal that no intact archaeological stratigraphy was found within the areas tested. Information provided by this document reveals information on land ownership and structural development within the neighborhood between the 17th and 20th century.",1988
151,"This report details the results of an environmental assessment conducted as part of the closure of facilities at the Naval Station New York at Brooklyn and their eventual relocation to the Naval Station New York at Staten Island. The survey conducts documentary background research in order to assess the potential for archaeological resources to be within the area. This survey was able to reveal that within the project areas archaeological resources at Naval Station New York at Staten Island were either largely disturbed by 20th century development, or within sections of land which post date significant historic, industrial, or architectural development. This study also provides synapses on the history and structural development of the Brooklyn Naval Yard.",1990
180,"The following report documents the results of a Phase 1B assessment of archaeological sensitivity within the neighborhood of Red Hook, Brooklyn. This report disseminates the results of archaeological field testing carried out between Kane and Degraw Street. The survey implemented the excavation, recordation, and analysis of six test trenches located within the Red Hook Water Pollution Control Project Area. This survey concludes that no significant archaeological and historic resources are present within the project area, and recommends no further archaeological testing. This report reveals information about the buried remains of the high land spit formally known as Locust Island.",1985
174,"The following report documents the results of archaeological testing in the Brooklyn Navy Yard, Brooklyn, New York. This survey gives a brief literature review followed by discussion of archaeological evidence. The survey implemented core testing strategies in order to locate undisturbed archaeological deposits. This survey was unable to locate any significant archaeological features; however it recommends the monitoring of future construction at the site.",1995
31,"Project on the proposed site of the Chapel Farm Estate bounded by Fieldston Road, 253 Street, 250 Street and Iselin Avenue in Riverdale, Bronx. The report details archaeological testing and research conducted on the project area that revealed a prehistoric quartz quarry and workshop- the first site of its kind in New York State. Further archaeological research is recommended to better understand this quarry site and the role it may have played in the prehistory of Riverdale.",1993
3,,2015
141,"This is an evaluation of the potential for archaeological sensitivity in sections of Fort Greene, Brooklyn, New York. The survey discloses information on prehistoric and historic resources on Block 2088. Historic information about the project area was obtained from maps . This report reveals information about the structural developments within the neighborhood during the mid 19th century to early 20th century. The survey concludes that the proposed development is unlikely to disturb archaeological features within the project area.",1996
76,Project on the Shandler Recreation Area in the Bronx's Van Cortlandt Park.  The report outlines the history of Van Cortlandt Park from prehistory to the present. The Park was once home to the Indigenous Peoples Village of Keskeskick and the researchers recommend that archaeological testing be conducted to see if any prehistoric material within the project area survived the construction of the Recreation Area's ball fields and trails.,1998
219,"Project by First Street, S. 9th Street, S. 10th Street, and the East River in Williamsburg, Brooklyn. This land was created by landfilling in the mid-19th century, and currently houses a set of industrial buildings, most associated with an early 20th century beer brewery, which was America’s oldest lager beer brewing company.  While there are unlikely to be any subsurface archaeological resources, the brewery buildings have some art deco stonework detail which should be preserved and incorporated into future construction on the site.",1983
146,"This report is an addendum to the Phase 1a evaluation of the potential for archaeological sensitivity near the Brooklyn Navy Yard, New York. It examines the potential for prehistoric and historic resources at Block 1883. Lots 13-20 & 27, located at 45-59 Taaffe Place & 796 Kent Avenue. This survey utilized census records to disclose historical information about the project area. This report furthermore furnishes information about the neighborhood’s occupants during the late 19th to early 20th century. The above report concludes that there is a low potential for privy and cistern features to be located within sections of the project area, and no further testing is recommended.",1999
206,"The following report is an assessment of archaeological sensitivity in the Williamsburg neighborhood of Brooklyn. This survey conducts a literature review of prehistoric and historic resources located within the proposed area of development of the Williamsburg Houses Community Center. This survey determined that there is minor potential for the preservation of prehistoric archaeological evidence, while there is high potential for the preservation of architectural features, such as wells, privies and cisterns within the project area. The report recommends further archaeological testing within sections of the project area.",1995
25,"Project at the Bartow-Pell Mansion Museum on Shore Road in Pelham Bay Park, Bronx. The report documents the architectural properties and history of the Bartow-Pell Stable built in the mid-19th century. Copies of historical illustrations and plans of the stable and mansion are included.",1980
83,"Report on excavations at the Van Cortlandt Mansion in Van Cortlandt Park, Bronx. The project area, located immediately southwest of the mansion, yielded a few historic period artifacts but the deposits were heavily disturbed and could not provide any insight into the history of the mansion. No further archaeological testing was recommended.",1985
205,"The following report is an assessment of archaeological sensitivity in the Ocean Hill neighborhood of Brooklyn. This survey conducts a literature review to evaluate the potential for prehistoric and historic resources in the proposed Ocean Hill Renewal Area. This survey determined that while there is little potential for the preservation of prehistoric evidence, there remains moderate potential for the preservation of a historic ropemakers’ yard within the study area. The report recommends further archaeological testing within this section of the project area.",1995
156,"The following report is an assessment of the potential for archaeological resources in sections of Downtown Brooklyn, New York. The survey integrates documentary evidence in order to assess the potential for prehistoric and historic resources on at 330 Jay Street. This survey concludes that due to recent developments at the site a potential for intact archaeological resources at the site remains minimal. This report furnishes information on religious figures within the neighborhood’s Episcopalian community during the early 1800’s and structural development within the neighborhood during 19th century.",1989
73,"Project on the proposed site of the Horizons Retail Center located between East 176th and East 174 streets and Boone and Vyse Avenues in the Bronx.  Based on the history of the site and its occupants, researchers identified two lots as having the potential to yield historically significant deposits: the St. John Family's, and the Wood Family's. Archaeological testing on these lots is recommended .",1997
159,"The following report conveys plans to commence archeological testing at the site Bishop Mugavero geriatric Center in Boreum Hill, Brooklyn, New York. The planned strategy intends to utilize trench excavation techniques in order to locate buried privies, wells, and cisterns at the site. Prior assessment of archaeological resources at the site revealed that intact archaeological features associated with middle class owners or multi-family tenants dating from the 19th century onwards exists on-site. This report recommends further archaeological testing at the site.",1991
130,Project on the Christian Duryea House at 562 Jerome Street in the East New York section of Brooklyn. The  objective of the archaeological excavations was to determine when the farmhouse was constructed and whether it had been moved to its current location. Researchers concluded that the majority of the house was not relocated but built at its current Jerome street location between 1780 and 1800.,1988
88,"Report on the proposed juvenile detention facility site in the Bronx between Westchester Avenue, St. Ann's Avenue, E.149th Street and Brook Avenue. Excavations were conducted on two primary study areas within the site to identify potential material from the prehistoric and historic periods. No evidence of either period was found within the project area, therefore no further archaeological testing is recommended.",1990
74,"Project on the Jerome Park Reservoir in Kingsbridge, Bronx between Reservoir Avenue, Sedgwick Avenue, and Goulden Avenue. The report examines the history and architectural properties of the Reservoir and the Croton Water Supply System to which it belongs. Based on the extensive landscaping that took place during the construction of the original reservoir in 1905, it is unlikely that archaeological deposits would have survived. No archaeological testing is recommended.",1998
58,"Report on the Shorehaven Project located in Clason's Point, Bronx between the East River, Bolton Avenue, Soundview Avenue, Cornell Avenue, and Betts Street. The report details archaeological excavations conducted on 4 areas of the project site that previous research identified as particularly likely to yield historically significant deposits. Researchers did not find any significant evidence of the site's history or prehistory due to the extensive development of the project area over time and do not recommend any further archaeological testing.",1987
204,The following report documents the results of archaeological testing carried out in the Marine Park neighborhood of Brooklyn. This survey investigated the presence or absence of prehistoric and historic resources through subsurface testing on Block 8558. This survey was not able to locate any significant archaeological remains and recommended no further testing at the site.,1994
100,"Report on the 9 block area of the Morrisania Urban Renewal Project located in the southern half of Morrisania. Five of the lots within this project area were identified as particularly likely to yield deposits associated with the 19th century villagers; these include lots associated with Chauncy Smith, a prominent lawyer, and Conrad Hubner, a saloon keeper. Two locations within the project area were also identified for their potential to yield prehistoric deposits.  If preserved, these deposits could provide invaluable information on the daily lives of the Bronx's earliest inhabitants and the members of the German community that helped develop the Bronx's first planned village.",1992
41,"Project on the Melrose Commons Urban Renewal Area between E. 156th St, East 163rd St, Melrose Ave, Courtlandt Ave, Park Ave, Brook Ave, Third Ave, and St. Ann's Ave in the Bronx. Researchers identified two lots within the project area that could potentially yield historically significant deposits- Lot 6 and Lot 20. Archaeological testing is recommended to determine whether the remains of the residence and brewery that once occupied those lots were in fact preserved.",1993
99,"Project on the Melrose Commons Urban Renewal Area between E. 156th St, East 163rd St, Melrose Ave, Courtlandt Ave, Park Ave, Brook Ave, Third Ave, and St. Ann's Ave in the Bronx. The report details the history of the site in order to identify areas that would most likely yield archaeologically and historically significant deposits. Researchers identified seven areas of high historical potential including the former location of the Bruckner Brewery built in the 1870's. Further research and archaeological testing is recommended.",1990
227,"The following report is an assessment of archaeological and historical sensitivity in the Cobble Hill neighborhood of Brooklyn. This survey conducts a literature review of prehistoric and historic resources located on Blocks 283 and 289.  The survey utilizes cartographic and published information to determine the presence or absence of historic resources on-site. This survey determined that while the project area is unlikely to contain significant information relating to prehistoric activity at the site there are likely remains of revolutionary war burials, Federal period farmsteads, and remnants of 19th century architectural features. This survey determined that further archaeological examinations at the site are necessary for this site.",1989
172,"The following report documents the results of archaeological investigations carried out in the Brooklyn Navy Yard section of Brooklyn, New York. This survey implemented backhoe testing in order to locate remains of a burial crypt constructed in 1808 used to house the graves of Revolutionary War soldiers near the Brooklyn Navy Yard. Excavations did not uncover any resources associated with the crypt.",2003
29,"The report details archeological testing conducted on two lots in area surrounding Hostos College bounded by the East 149th Street,  East 144th street, Anthony J. Griffin, and Walton Avenue . Testing revealed that the lots had been disturbed by recent constructions and no historically significant objects were recovered. No further archaeological testing is recommended.",1986
181,"The following report is an assessment of archaeological sensitivity at Cadman Plaza, Brooklyn. This survey carries out a literature review on historic resources situated around a triangular parcel located at Pierrepont and Cadman Plaza West. The survey consulted cartographic information to identify landscape features associated with Brooklyn’s earliest roadways. This survey concludes that this site potentially contains archaeological resources which date to the 17th century, and recommends further archaeological testing at the site.",1985
21,"This report is a preliminary assessment of archaeologically sensitive areas within and around Ambrose, Anchorage, Port Jersey, Kill Van Kull, Arthur Kill, Newark Bay, Elizabeth, South Elizabeth, and Bay Ridge Channel. This study examines which areas might potentially be affected by improvements made within and around channels. It reviews the results of past archaeological studies and recommends additional testing.",1999
200,"The following report is an assessment of archaeological sensitivity of six blocks within the Stuyvesant Heights neighborhood of Brooklyn. This survey conducts a literature review to evaluate the potential for prehistoric and historic resources located within the Broadway Triangle Urban Renewal Area. This survey determines that there is a low potential for prehistoric occupation at the site, and a high potential for the remnants of privies and cisterns dating to the 18th century within the project area. Furthermore, this report recommends further archaeological testing within sections of the site.",1992
161,"The following report documents the results of archaeological field testing carried out at in the Navy Yard District, Brooklyn, New York. The survey methodically excavated trenches in effort to locate privy pits at 16 North Portland Avenue. This survey concludes that due to recent disturbance at the site, intact archaeological resources were unable to be discovered. This report furthermore documents findings and procedures of excavations at the site.",1993
126,"This report assesses the potential for archaeological sensitivity at the Eastern District Terminal Site, Brooklyn, New York. As part of the New York City Long Range Sludge Management Plan development would occur on Blocks 2294, 2301, 2308, 2324, 2301, 2308, 2324, 2332, and 2316. This survey assesses the potential for prehistoric and historic remains at the site through review of historic and cartographic sources relating to the project area. This survey provides information on the project area’s development throughout 19th century and early 20th century. This survey concludes that while there has been considerable disturbance throughout the project area, archaeological remains of residential lots from the 19th century are likely to exist between sections N. 6th and N 8th Street.",1991
162,"The following report is an assessment of archaeological sensitivity in the neighborhood of Bedford Stuyvesant, Brooklyn, New York. This survey consults historic manuscripts and cartographic information in order to identify potential historic and archaeological resources located within the Saratoga Square Urban Renewal Area. This survey was able to reveal information on intact archaeological features such as privies, cisterns and wells are likely to reveal information on the everyday lives of German born immigrants settling the area during the mid 19th century. Information provided by this document also reveals information on the early settlement and development of New Brooklyn.",1993
228,"The following report is an assessment of archaeological and historical sensitivity in the Green Hill neighborhood of Brooklyn. This survey conducts a literature review of prehistoric and historic resources located on Blocks 283 and 289.  The survey utilizes cartographic and published information to determine the presence or absence of historic resources. This survey determined that there is a moderate potential for the preservation of prehistoric artifacts, and a low potential for the survival of historic resources. This survey determined that further archaeological examination through soil boring is necessary for this site.",1989
46,"Project on the Washington/Bathgate Renewal Area in Tremont, Bronx. Of the three lots identified by previous research as areas of potential historical significance, this report describes the testing conducted on lot 3040 owned by the Brown family in the late 19th century.  A stone cistern was discovered containing artifacts that could provide information about the daily lives of middle class families in Tremont at the turn of the century; further archaeological testing is recommended.",1999
78,Project at the proposed site of P.S.189 bounded by Steenwick Ave and Reeds Mill Lane. Report examining the history of the Co-op City area of the Bronx and of the site in order to assess the latter's potential to yield historically significant deposits. Archaeological testing is recommended to identify the possible prehistoric and historic material that may be preserved at the site including remnants of the 19th century Odell Farmstead or the Indigenous Peoples trail that ran adjacent to the project area.,2002
223,"The following report is an assessment of archaeological and historical sensitivity within Downtown Brooklyn. This survey conducts a literature review on historic resources located on lots within the proposed development of the Atlantic Terminal and Brooklyn Center Site.  The survey utilizes cartographic and archival information to determine the presence or absence of historic resources within sections of the site. This survey determined that there is a low potential for preserving archaeological resources at the site, and does not recommend further archaeological testing.",1985
109,"This report details the results of historical research and subsurface excavations carried out on Ward’s Island, Hunts Points, the 26th Ward, Red Hook, Tallman Island, Jamaica, Bowery Bay, and Oakwood Beach,  New York. The survey implemented techniques in core drilling and test-pit excavation to locate historic and archaeologically sensitive locations within the project area. The document gives historical assessments of potential impacts of development on for prehistoric and historic cultural resources within the above areas, and lists its recommendations to mitigate damage to cultural resources within the specified areas.",1990
137,"This report sets out to identify significant archaeological resources in the Bedford Stuyvesant neighborhood of Brooklyn, New York. The study was undertaken as part of a proposal to develop a community facility at the Tomkins Avenue and Macon Street junction on Blocks 1852 and 1846. The report consults cartographic and historic information in an effort to identify archaeological features and periods of construction in Bedford Stuyvesant. This report also includes a historical overview of the area during the 18th and 19th century. This report concludes that structures within the project area have a low probability of possessing archaeological features of historical significance, and no further work is recommended.",1995
145,"This report is an evaluation of the potential for archaeological sensitivity in Bedford-Stuyvesant, Brooklyn, New York. This survey examines the potential for prehistoric and historic remains at Block 1883. Lots 13-20 & 27, located at 45-59 Taaffe Place & 796 Kent Avenue. This survey utilized cartographic, and atlas information to obtain historical information about the project area. This report furnishes information about sewerage in neighborhood during the late 19th century. The above survey concludes that certain lots within the project area have a high potential of yielding significant archaeological data.",1999
28,"This report is a preliminary evaluation of archaeological resources near Water Pollution Control Plants (W.P.C.P.) at Hunt’s Point, Red Hook, 26th Ward, Wards Island, Bowery Bay and Tallman Island. This report consults coring, cartographic, and dredging data from above locations. The report also gives a summarization of the effects of modern coastal developments on potential prehistoric and historic landscapes within the project area.",1994
110,"This is the sixth and final volume of a report on archaeological excavations carried out during the Hanover Square Project. This volume is dedicated to the appendices and catalogues of artifacts recovered during excavations of the Seven Hanover Square Block. Appendix L details the numeric codes used to identify groups of artifacts. Appendix M details the general organization and layout of the information presented in Appendix N. Appendix N offers a complete inventory of artifacts recovered from test-units at the site. The final appendix, Appendix O gives a concordance table of the artifacts used to date the stratgraphic layers within the site.",1982
15,"This report is Volume V of a six volume study of excavations conducted between Worth and Pearl Streets in Lower Manhattan. In the 19th century, the excavation area was part of the infamous slum known as Five Points. This volume is the complete artifact inventory of all of the material recovered from the excavations at Block 160.",2000
64,"Project on the prehistoric site at Chapel Farm II in  Riverdale, Bronx. Previous excavations recovered prehistoric stone tools that date to the Late Archaic but the project area had been too disturbed to date for certain. Researchers conclude that because of this disturbance it is unlikely that further excavation will yield any significant information; the report includes a review and summary of the excavations.",1991
168,"Project at the corner of Flushing Ave and North Elliot Place in Wallabout, Brooklyn. The former backyards of three 19th century homelots were tested for intact privies, but the site was extremely disturbed.  An intact cesspool was found, and while the fill was like early 20th century and may not be composed solely of domestic refuse from the homelots, its elliptical shape is unusual and interesting. No further testing is recommended.",1996
38,"The Castle Hill Development Project area is bounded by Zerega Avenue, Norton Avenue, Pugsley's Creek, and Castle Hill Park in Castle Hill, Bronx. The report contains a history of Castle Hill (Neck) spanning three generations and concludes that there is a high potential for archaeologically significant deposits in the project area. Archaeological testing is recommended to investigate these potential deposits including the possible remains of a 19th century farmhouse.",1988
208,"Project on the  Broadway Triangle Renewal Area in Brooklyn between Flushing Avenue, Park Avenue, Tompkins Avenue, and Throop Avenue. Excavations were conducted to locate the possible traces of late 19th century households, the  Jarvis Farm (early 19th century), and Cripplebush Road (late 18th century). Researchers were unable to find any traces of either the Jarvis Farm or Cripplebush Road but did identify a stone-lined privy belonging to a late 19th century household. Further excavations of the privy are recommended.",1996
133,"This report details the archaeological assessment of potential archaeological sensitivity within DUMBO Brooklyn, New York. The survey assesses cartographic information to detail evidence of development on Block 53, Lots 3, 6, 21, 24, 25, 26, and 27. This survey was able to reveal that intact archaeological features associated with19th century structural remains are likely are exist on -site. Information provided by this study indicates that archaeological remains located within the project area are likely to be informative of the neighborhoods economic development and a working class populace during this mid-19th century.",2001
165,"The following report is an assessment of archaeological sensitivity within the Flatlands/New Lots section of East New York, Brooklyn, New York. This survey examines historic documentary records and evidence for prehistoric and historic settlement at Block 8158, Lot 40 and 150. This survey was able to reveal information on the area’s prehistoric landscape and early settlement within New Lots. This survey was able to conclude that while this project area is unlikely to have a direct historic or prehistoric archaeological significance.",1994
123,"This report is the fourth installment in a six volume report on archaeological excavations carried out during the Hanover Square Project. This volume is dedicated to appendices C through E. These appendixes provide an analysis of site features, sedimentary deposits, ceramics located during site excavations.",1982
119,"This report is a proposal detailing the assessment and potential for subsurface remains and historic resources located at the Brown House in Queens County, New York.  The report discloses a historical overview of early owners and tenants of the property and collections of data gathered through historic site maps. The report evaluates the results prior excavations carried out at the site, and identifies the areas of potential impact and archaeological sensitivity.",2000
32,"Project at the former site of the Convent of the Little Sisters of the Poor at 142 Hollywood Avenue in Throgs Neck, Bronx. The report examines the history of the site and the surrounding area in order to determine the site's potential to yield archeologically significant deposits. Researchers conclude that while it is unlikely that there will be any significant historical material the project area has a high potential to yield prehistoric deposits. Therefore archaeological excavations are recommended.",2001
139,"This report sets out to evaluate the potential for archaeological sensitivity at 140 Johnson Avenue, Williamsburg, Brooklyn New York. This survey assesses the potential for the site to contain  prehistoric and historic resources through review of cartographic, census record, and tax assessment information on the project area. This survey reveals information about the occupation and development of the project area during the mid to late 19th century. The above survey concludes that sections of the project area have the potential to yield information on commercial development and industry in this area.",1995
187,"The following report is an assessment of archaeological sensitivity within East New York, Brooklyn. This report disseminates the results of subsurface excavations within the 26th Ward Water Pollution Plant Expansion Project area. This survey determines that the project area has a low potential for containing either significant prehistoric and historic archaeological resources, and does not recommend any further subsurface testing at the site.",1990
176,Project to investigate the possible presence of archaeological deposits adjacent to the westside of Shore Parkway Bridge over Fresh Creek Basin in southeast Brooklyn. Excavations and geological testing found no evidence of prehistoric or historic activity in the project area.,2000
102,"Project on the northeastern portion of Rikers Island. Report provides an overview of the history and prehistory of the site and then examines the site's potential to yield archaeologically significant deposits. While it is probably that there may have been prehistoric deposits on the island, the modern construction of the correctional facilities and associated buildings make it highly unlikely that these deposits were preserved. Therefore, no archaeological testing is recommended.",1994
232,"The following report is an assessment of archaeological sensitivity in the Wallabout Bay neighborhood of Brooklyn. This survey conducts a literature review on prehistoric and historic resources located within the areas proposed for the development of a pumping station and water main.  This survey utilizes cartographic and published information to determine the presence or absence of archaeological resources. This survey determined that there is a high potential for the preservation of remnants of commercial, residential, and public buildings dating to the mid to late 19th century. This survey thus recommends further archaeological and research evaluation.",1991
195,"The following report documents the results of archaeological testing carried out in the Fort Greene neighborhood of Brooklyn. This survey conducted subsurface testing in order to examine buried deposits of mid 19th century privies potentially located at 457, 461 and 465 Waverly Ave. This survey was able to determine that there was low potential for remnants of significant archaeological resources, including privies, within the area of proposed development.",1991
128,"This report assesses the potential for archaeological sensitivity in the Eastern District Terminal Site, Williamsburg, Brooklyn.  In conjunction with plans to develop Blocks 2294, 2301, 2308, 2324, 2301, 2308, 2324, 2332, and 2316 the project sets out to evaluate evidence for prehistoric and historic resources within the project location. This survey conducts a review of historical records and cartographic information. This study reveals information on the development industry and housing in the neighborhood between the 18th century and early 20th century. This survey concludes that due to the disturbance of intact archaeological features there is a low probability for archaeological sites within the project area.",1991
230,"The following report is an assessment of archaeological sensitivity at the Fort Greene neighborhood of Brooklyn. This survey conducts a literature review of historic resources located at the Block 2062.  The survey utilizes cartographic and published information to determine the presence or absence of historic resources on-site. This survey determined that there is a high potential for the preservation of historic archaeological deposits, including architectural remnants and backyard features, dating to the mid 19th century. This survey thus recommends further archaeological examinations at the site.",1990
158,"The following is an assessment of archaeological sensitivity in the Fulton Ferry Historic District, Brooklyn, New York. This survey consults historic records and documentary evidence in order to identify potential historic and archaeological resources located between 12-16 Everett Street (Block 200 Lot 13, and Lot 11). This survey was able to reveal that intact fill layers predating the mid 18th century landfill likely preserved prehistoric, early wharves, and other use areas at the site. Information provided by this document reveals information on land ownership and structural development within the project area between the 17th and 18th century.",1991
127,"This report assesses the potential for archeological sensitivity at the Erie Basin site, located in Red Hook, Brooklyn, New York. In conjunction with plans to develop Block 612, Lot 300, the project sets out to evaluate evidence for prehistoric and historic resources within the project location. This report reveals information on the impact of coastal developments and marine activity in the region during the late 19th century and early 20th century. This survey concludes that there is a high potential for preserved environmental data beneath cribwork associated the early development of  the district’s maritime landscape.",1991
217,The following report is an assessment of archaeological and historical sensitivity within the East New York section of Brooklyn. This survey conducts a literature review on prehistoric and historic resources within the area proposed for the development of school I.S. 171. This survey determined that there is a low probability for the preservation prehistoric and historic sites within the project area and recommends no further archaeological testing at the site.,1991
65,"Project on the prehistoric site at Chapel Farm II in  Riverdale, Bronx. Previous excavations recovered prehistoric stone tools that date to the Late Archaic but the project area had been too disturbed to date for certain. Researchers conclude that because of this disturbance it is unlikely that further excavation will yield any significant information; the report includes a review and summary of the excavations.",1991
215,"The following report is an assessment of archaeological and historical sensitivity within Coney Island, Brooklyn. This survey conducts a literature review on prehistoric and historic resources located within the project area of the  Water Control Pollution Plant. This survey determined that there is likely to be evidence for prehistoric and historic occupation of the site, including a Late Archaic settlement and a 17th century Gristmill. This survey was able to recommend further archaeological testing at the site.",1983
210,"The following report details the results of archaeological field testing and historical sensitivity assessments for parcels within the Williamsburg neighborhood of Brooklyn. This survey conducts a literary review and field examination of prehistoric and historic resources within sections of the Broadway Triangle Urban Renewal Area and Broadway Triangle Industrial Park. This survey was able to locate one significant cultural resource within trenches excavated on Block 2270, remnants of the Williamsburg Flint Glass Works, and recommends additional testing within this section of the project area.",1998
225,"The following report is an assessment of archaeological and historical sensitivity at the Shaft Site 21B in the Fort Greene neighborhood of Brooklyn. This survey conducts a literature review of prehistoric and historic resources located between 901-903 Kent Avenue.  The survey utilizes cartographic and published information to determine the presence or absence of historic resources on-site. This survey determined that while the project area is unlikely to contain significant information relating to prehistoric activity at the site there are likely to be undisturbed archaeological deposits, including remnants of structural features (i.e. wells, cisterns, privies and middens) from the late 19th century at the site. This report recommends further archaeological examination.",1988
57,"Report on the Shorehaven Project located in Clason's Point, Bronx between the East River, Bolton Avenue, Soundview Avenue, Cornell Avenue, and Betts Street. Because of the site's proximity to previously discovered prehistoric burials and association with the Thomas Cornell Family, the researchers identify 6 lots within the site that would most likely yield historically significant deposits. Archaeological testing is recommended for those lots.",1987
94,"Report on the Nehemiah Project in Morrisania. Archaeological testing of the project area bounded by Trinity Avenue, Jackson Avenue, East 158th Street, and East 160th Street recovered a number of artifacts and structures dating to the turn of the 19th century. These include an intact cistern, remains of a possible drainage sump, and the remains of previously undocumented stone structures. Further archaeological testing is recommended to better understand the nature of these finds and their relationship to the history of the site.",1995
175,"The following report documents the results of archaeological testing in the Brooklyn Navy Yard, Brooklyn, New York. This survey gives a brief literature review followed by a dissemination of results from archaeological testing. This survey was unable able to locate any intact significant archaeological resources relating to the history and development of the Brooklyn Navy Yard.",1996
149,proposed project area is located on a portion of Lot 18.,2002
8,"Project on the 184 blocks between the East River, the Williamsburg Bridge, the Brooklyn-Queens Expressway, and McGinnes Boulevard in Greenpoint and Northside-Williamsburg, Brooklyn. This report, part II of 4, details the histories of each of the lots in the project area. Included in the given information are the first  tax records, present use, and likelihoood of finding archaeologically significant artifacts on the property.",2004
191,"The following report is an assessment of archaeological sensitivity in the Greenpoint neighborhood of Brooklyn. This survey consults archival and cartographic information in order to evaluate the potential for prehistoric and historic resources between at 68-88 Dupont and 103-11 Eagle Street. This survey determined that there was low potential prehistoric occupation at the site, and a high potential for archaeological evidence of early 19th century farmhouses and cisterns at the site. These features are likely to reveal information on the earliest land owners and farmsteads in the neighborhood between the early and mid 19th century. Furthermore, this report recommends further archaeological testing.",1991
61,"Project at the Bronx Community College Parking Lot on Loring Place between Hall of Fame Terrace and West 183rd Street. Although the project site was a hospital for the chronically ill in the 19th century and subsequently the private home of the Bergen Family for 40 years, the demolition of these structures and the construction of the university parking lot most likely destroyed any of the archaeological evidence.  As such, further testing is not recommended.",1988
53,"Report on archaeological testing conducted on the area between West 203rd Street, Johnson Ave, and Irwin Ave in the Bronx for the Tibbet Gardens Project. Combining their results with those of previous studies of the project area, researchers were able to reconstruct the prehistoric environment and geography of the area. The reconstruction leads them to assert that the environment of the Tibbet Gardens matched those favored by prehistoric groups in New York.",1987
39,"The Castle Hill Development Project area is bounded by Zerega Avenue, Norton Avenue, Pugsley's Creek, and Castle Hill Park in Castle Hill, Bronx. The report contains a history of Castle Hill (Neck) spanning three generations and concludes that there is a high potential for archaeologically significant deposits in the project area. Archaeological testing is recommended to investigate these potential deposits including the possible remains of a 19th century farmhouse.",1989
221,"The following report is an assessment of archaeological and historical sensitivity within the Columbia Heights neighborhood of Brooklyn. This survey conducts a literature review on historic resources located on lots within the proposed area rezoning for Blocks 203 and 208.  The survey utilizes cartographic and archival information to determine the presence or absence of historic resources within sections of the site. This survey determined that there is a high potential for evidence of prehistoric burials, 19th century building foundations and domestic structures, and recommends further archaeological testing.",1988
231,"The following report is an assessment of archaeological sensitivity in Downtown, Brooklyn. This survey conducts a literature review of historic resources located at the Block 2062.  The survey utilizes cartographic and published information to determine the presence or absence of historic resources on Blocks 130 & 131. This survey determined that there is a high potential for the preservation of historic archaeological deposits, including architectural remnants and backyard features, dating to the mid to late 19th century. This survey thus recommends further archaeological examinations at the site.",1990
237,The following report is an assessment of archaeological and historical sensitivity in the Flatlands neighborhood of Brooklyn. This survey conducts a literature review of prehistoric and historic resources located at the site of a proposed water quality facility.  The survey utilizes cartographic and published information to determine the presence or absence of historic resources on-site. This survey determined that there is a high potential for the preservation of prehistoric deposits and recommends archaeological examination through core testing.,1993
20,"This report is the final volume in an assessment of the potential for preserved ancient landscape and submerged cultural remains within the New York and New Jersey Port District. This survey was undertaken as part of a proposal to deepen harbor waterways, including the Newark Bay, Claremont, Port Jersey, Anchorage, Stapleton, and Ambrose Channel. The survey implemented probing techniques to analyze site stratigraphy, date and examine sediment layers and to test for archaeological sensitivity in the region. This volume includes research on modern development within the harbor and documents the effects of recent improvements on the potential underwater sites. Furthermore, the report documents the integrity environmental and prehistoric remains within the region. 
This document contains two reports, one which listed above and Report no.108 detailing geomorphological and archaeological studies carried out at Governors Island as part of the same project.",2000
27,"Summary of three years of excavations at the Van Cortlandt Mansion in Van Cortlandt Park, Bronx. The report reviews the researchers' findings including an intact prehistoric shell midden and two large deposits of 17th-19th century artifacts with an overview of the historical context for these finds.",1992
178,The following report documents the results of a Phase 1B assessment of archaeological sensitivity in the Red Hook neighborhood of Brooklyn. This report details the results of archaeological testing carried out between Amity and Kane Street. The survey implemented techniques in core testing in order to locate intact archaeological deposits. This survey was able to conclude that beneath 19th and 20th century fill deposits remnants of a high land spit formally known as Locust Island are likely to be preserved.,1984
26,"Project on the Frederick and Frances Jay Van Cortlandt House in Van Cortlandt Park, Bronx. Excavations revealed a substantial number of artifacts from the 17th- 19th century, a prehistoric shell midden dating to the Late Woodland period, as well as a structure underneath the modern Herb Garden that could pre-date the mansion. Further excavation was recommended to identify the Herb Garden structure and other possible buildings associated with the estate.",1991
129,"The following report details the results of trial excavations conducted on the campus of Erasmus Hall High School in Brooklyn, New York. The survey implemented field trench excavation with aims to recover data relating to the early history of the Erasmus Academy. The excavations revealed the presence of well preserved structural features (including: brick foundations) and intact stratification at the site.",1987
235,"The following report is an assessment of archaeological sensitivity in Williamsburg neighborhood of Brooklyn. This survey conducts a literature review of historic resources located on sections of Block 3037.  The survey utilizes cartographic and sourceed information to determine the presence or absence of historic resources at the Scholes Street Urban Renewal Area Housing Site. This survey was able to determine that within the project area was a low potential for preserving evidence of prehistoric occupation, and a high potential for preserving mid 19th century homelot features such as privies, and cisterns. This survey however does not recommend further archaeological examinations at this site.",1992
132,"This reports details the results of a Phase 1A archaeological assessment of potential sensitivity within Bushwick, Brooklyn, New York. The area for the proposed plan to develop a six story multifamily apartment building at 1425-1445 Gates Avenue, Lots 1 and 56-59, Block 3335 required the consideration and assessment of prehistoric and historic resources. The report examines historic texts and cartographic information to trace the neighborhood’s development throughout the 18th and 19th century.  This survey concludes that there is a minimal potential significant archaeological features such as cisterns or privy remains at this site.",1997
6,"This report is Volume III of a six volume study on excavations conducted  between Worth and Pearl Streets in Lower Manhattan; in the 19th century the block formed part of the notorious slum known as Five Points. This volume is a collection of the historical data collected on the residents of block 160. The collection includes the census, deeds, and bank records from 1800-1870 including such information as their names, countries of origin, occupations, and in some cases the name of the ship they immigrated on.",2000
218,"The following report is an assessment of historical sensitivity in the neighborhood of Red Hook, Brooklyn. This survey conducts a literature review on historic resources located on the site of the Revere Sugar refinery. This survey determined that standing structures at the site have a significant historic character which is relevant to the neighborhood’s industrial past.",1991
81,"Report on archaeological excavations conducted on St. Raymond's Cemetery in the Bronx. Previous research suggested that the project area had the potential to yield deposits associated with the 18th century Ferris Estate and prehistoric groups. While there was no remaining evidence of the Ferris Estate within the project area, a relatively undisturbed deposit of prehistoric tools was uncovered. No further archaeological testing is recommended though as the planned construction would not affect the deposit.",1993
207,"The following report is an assessment of archaeological and historical sensitivity at Block 2165 within the Williamsburg neighborhood of Brooklyn. This survey consults archival, cartographic, and published information in order to locate prehistoric and historic resources within the Park Plaza project area. This survey determined that there is a high potential for remnants of a mid-19th century privy at 16 Rush Street and recommends further archaeological testing for the site.",1996
62,"Project on the proposed site of the Hunts Point Correctional Facility in Hunts Point, Bronx on the western shore of the Bronx River. The report documents the prehistory and history of the project area to determine the likelihood of archaeological excavations yeilding historically significant deposits. Extensive construction activity and shoreline filling makes it unlikely such deposits would be found, therefore archaeological testing is not recommended.",1989
196,"The following report is an addendum to the  “Sunnyside Yard  and Yard A – Archaeological Resource Evaluation”  report, a Stage 1A assessment of archaeological sensitivity between Thomson Avenue and 43rd Street (at Laurel Hill Avenue), located in Long Island City, Queens. This survey consults archival and cartographic information in order to evaluate how historical resources might be affected by the expansion of the Long Island Rail East Access Project area. This survey was able to determine that there was high potential for finding significant historical resources within specific sections of the extended project area, such as evidence of early 19th century housing. This report recommends mitigation through avoidance and further archaeological examination.",2006
89,"Project in the Bronx between Westchester Avenue, St. Ann's Avenue, E. 149th street, and Brook Avenue. Report details the researchers' plans for excavating areas within the site that previous research identified as potentially archaeological significant.",1990
48,"Project on the Melrose Commons Urban Renewal Area between E. 156th St, East 163rd St, Melrose Ave, Courtlandt Ave, Park Ave, Brook Ave, Third Ave, and St. Ann's Ave in the Bronx. The report examines the project area's potential for archaeologically significant deposits based on the known prehistoric, historic, and architectural sites in the area. Included in the report is a lot by lot description of the deed holders for the properties within the project area beginning with the mid-19th century.",2000
37,"This report examines research conducted on the area between Highbridge Yard and the Harlem River Yard east of the Harlem River in South Bronx. Based on the history of construction in the area, researchers conclude that while it is unlikely future excavations would yield any prehistoric material there is a strong possibility that remnants of late-19th century commercial buildings could be found in the project area, particularly parts of The J. L. Mott Iron Works complex. Archaeological testing is recommended.",1989
43,"Project at the Frances Shervier Home and Hospital in Riverdale, Bronx between Independence Avenue, Henry Hudson Park, Palisade Avenue, West 231st. Report on further archaeological excavations of the previously identified Revolutionary Fort I built in 1776. While researchers were unable to find any archaeological evidence of how the British occupation from 177-1781 impacted the site, they were able to identify the architectural properties of the Fort including the construction techniques that were used.",1997
192,The following report documents the results of archaeological testing at 68-78 Dupont Street located in the Greenpoint neighborhood of Brooklyn. This survey conducted subsurface testing to locate the presence or absence of archaeological resources within the DuPont Street Senior Housing project area. This survey was able to determine that there was low potential for significant archaeological resources within the area proposed for development.,1991
220,"The following report is an assessment of archaeological and historical sensitivity on waterfront property located in the Williamsburg neighborhood of Brooklyn. This survey conducts a literature review on historic resources located on the site of the former Schaefer Brewery. This survey determined that standing structures at the site have a significant historic character which is relevant to the neighborhood’s industrial past, and does not recommend archaeological testing at the site.",1984
59,"Report on the Tibbett Gardens project in the Kingsbridge, Bronx between West 203rd Street, Johnson Ave, and Irwin Ave. Preliminary archaeological testing was conducted to identify specific areas in which excavation would most likely yield significant deposits. While one area of potential archaeological significance was identified, it was not determined at the time of publication whether further archaeological testing would be necessary.",1987
63,"Project on the proposed site of the Oak Point Correctional Facility between East 149th Street, Bruckner Boulevard, Bruckner Expressway, Barry Street and Oak Point Avenue in the Bronx. After examining the history of the site, researchers conclude that the 20th century construction and expansion of the railroad tracks would have destroyed any remaining evidence of both prehistoric activity and any historic residences. It was also determined that the Hussar, a sunken revolutionary warship, thought to be off the coast of the project area was in fact to the southwest of the site. Further archaeological testing is not recommended.",1990
49,"Report on archaeological testing conducted on the Fulton Fish Market Relocation Project area in Hunts Point, Bronx. The testing identified only three areas within the site with the potential to preserve archaeological evidence. Of these three areas, none produced historically significant artifacts. As such, no further archaeological testing is recommended.",2001
148,"This report is an evaluation of the potential for archaeological sensitivity within sections of Bedford-Stuyvesant, Brooklyn, New York. This survey examines the evidence that Block 1735, Lot 24 contains prehistoric and historic resources. This survey utilizes cartographic, atlas, and tax record information to assess sensitivity within the project area. This report furnishes information about land use and development in neighborhood during the late 19th century. The  report concludes that there is a high potential for privy and cistern features within sections of the project area.",2001
91,Report documenting archaeological testing conducted on a site extending from the corner of City Island Road and Shore Line Road to the City Island Bridge in Pelham Bay Park.  The site showed evidence of having been extensively disturbed by 20th century construction activities and no archaeologically significant artifacts were recovered. No further archaeological testing is recommended.,2003
77,Project at the proposed site of P.S.189 bounded by Steenwick Ave and Reeds Mill Lane. Report examining the history of the Co-op City area of the Bronx and of the site in order to assess the latter's potential to yield historically significant deposits. Archaeological testing is recommended to identify the possible prehistoric and historic material that may be preserved at the site including remnants of the 19th century Odell Farmstead or the  Indigenous Peoples trail that ran adjacent to the project area.,2001
185,"The following report is an assessment of archaeological sensitivity in the neighborhood of Williamsburg, Brooklyn. This survey consults cartographic and directory information as part of a documentary study about historic resources located at Block 2240. This survey determined that there is a low potential for significant archaeological resources within the project area and does not recommend further archaeological testing.",1990
194,"Project on the MetroTech construction area between Tillary Street, Flatbush Avenue Extenstion, Willoughby Street, and Jay Street. The draft describes the previous research published on the area and the team's archaeological excavations of six lots with intact privies and cisterns. Included in this draft are the complete inventories of the artifacts from each excavated lot.",1991
147,"This report is an evaluation of the potential for archaeological sensitivity within sections of Williamsburg, Brooklyn, New York. This survey examines the evidence that Block 2264, Lot 10, 65, 72 and 73, located at 248-252 Wallabout Street & 541/561 Flushing Avenue contained prehistoric and historic resources. This survey utilizes cartographic and atlas information to obtain historical information about the project area. This report furnishes information about land use and infrastructural development in neighborhood during the late 19th century. The report concludes that there a low potential for significant archaeological features within the project area.",2000
149,"This report is an assessment of the potential for archaeological sensitivity within sections of Williamsburg, Brooklyn, New York. This survey examines the evidence that Block 2418, located at 155 South 3rd Street may contain prehistoric and historic resources on. This survey utilizes cartographic, and atlas information to assess sensitivity within the project area. This report furnishes information about land use and infrastructural development in neighborhood during the late 19th century. The report concludes that there is a low potential for significant archaeological resources within the project area.",2002
34,"Project at Riverdale Park bounded by 254th Street, 232rd Street and Palisade Avenue in Riverdale, Bronx. This preliminary report examines the history of the area and the local environment beginning with the Archaic prehistoric period. It is concluded that the site has a high potential to yeild historic and prehistoric deposits including the remnants of an 19th century lime kiln and 19th century dwellings. Further archaeological testing is recommended and the suggested excavation methods are outlined.",1985
171,"The following report is a Phase 1A assessment of archaeological sensitivity within Weeksville, Brooklyn, New York. This survey consults historic manuscripts and cartographic information in order to identify potential historic and archaeological resources located on Block 1356. This survey determined that there was a potential for the site to contain intact archaeological features such as privies, cisterns, such feature are likely to reveal information on the everyday lives of European and African American households during the mid 19th century. Information provided by this document also reveals information about the connection between the examined project area and the Weeksville historic sites.",2001
155,"The following report is an assessment of the potential for archaeological resources within Fort Greene, Brooklyn, New York. The survey integrates historical records to assess the potential for significant prehistoric and historic resources on Block 2027. This survey concludes that prehistoric remains and intact subsurface deposits potentially exist on-site. This report furnishes information on prehistoric landscapes and structural development within the neighborhood during the 19th century.",1988
44,"Project on the Washington/Bathgate Renewal Area in Tremont, Bronx. The report describes archaeological testing conducted on two of three lots that were chosen for testing because of their potential for intact late-19th century deposits. While a brick cistern was found on one of the lots, the artifacts recovered from the deposit were not historically significant. Therefore, no further archaeological testing is recommended.",1997
189,"The following report is an assessment of archaeological sensitivity in the neighborhood of Williamsburg, Brooklyn, New York. This report disseminates the results of literature of historic resources at the Caribe Village Site, Block 2429. This survey integrates archival and cartographic information in order to identify prehistoric and historic archaeological resources. This survey concludes that there is a low potential for significant prehistoric and historic resources and a moderate potential for the preservation of mid-19th century features such as privies at the site.",1991
179,"The following report documents the results of archaeological testing carried out between Amity and Warren Street in the neighborhood of Red Hook, Brooklyn. This survey involved the excavation, recordation, and analysis of three trenches located within Red Hook Water Pollution Control Project Area. This survey concluded that no significant archaeological and historic resources are present within the study area, and does not recommend further archaeological testing.",1984
111,"This report details a survey carried out to identify both the scheduled and potentially significant archaeological resources within Brooklyn neighborhoods. The report gives an assessment historically significant areas within areas such as Park Slope, Windsor Terrace, Prospect Heights, and Eastern Parkway, Washington Avenue, Boro Park, Sunset Park, Ocean Parkway, Ditmas Park, “the Junction” (Nostrand Avenue/ Flatbush Avenue), Benson Hurst, and Brighton Beach. The survey utilized cartographic information to determine where prehistoric and historic resources were potentially located. The report also provides a brief overview of historical areas within Kings County with potential archaeological sensitivity.",1986
75,Project at the Croton Woods site in the northeast corner of Van Cortland Park in the  Bronx. The report outlines the history of Van Cortlandt Park beginning with the Archaic period of prehistory up to the construction of the Major Deegan Expressway in 1948.  Testing is recommended within project area.,1998
40,"The report provides a history of Longstreet Avenue Rezoning Project area in Edgewater Park, Bronx and of Throgs Neck in order to determine the area's potential for historically significant deposits. Researchers conclude that while there is no evidence for historic structures within the project area, there is a high potential for prehistoric deposits, especially shell middens. Archaeological testing is recommended for those areas that show the least amount of modern disturbance and construction.",1991
152,"The following report is an assessment of the potential for archaeological resources within Canarsie, Brooklyn, New York. The survey integrates historic records in order to assess the potential for grave sites on Block 8218, Lot 26. This survey revealed that the site contains intact graves from the mid 19th century onwards. Information provided by this study also relates to the potential for ethnographic research in archaeological survey, and documents processes which have affected the burial site over time. This report furnishes information about land use and infrastructural development in neighborhood during the late 19th century.",1987
226,The following report is an assessment of archaeological and historical sensitivity in the Columbia Heights neighborhood of Brooklyn. This survey conducts a literature review of prehistoric and historic resources located between Blocks 203-208.  The survey utilizes cartographic and published information to determine the presence or absence of historic resources on-site. This survey determined that while the project area is unlikely to contain significant information relating to prehistoric activity at the site there are likely to be undisturbed coastal landfill deposits which will not be exposed by the proposed construction-site. This survey determined that no further research or archaeological examination was necessary for this site.,1988
212,"The following report is an assessment of archaeological and historical sensitivity of 99-103 and 135-137 Taaffe Place within the Clinton Hill neighborhood of Brooklyn. This survey conducts a review archival, cartographic and published information in order to locate prehistoric and historic resources within the project area. This survey determined that there is a low probability for the preservation of evidence for prehistoric occupation at the site. However the site is likely to have remains of early to mid-19th century privy features and recommends further archaeological testing at the site.",2002
201,"The following report is an assessment of archaeological sensitivity in the Williamsburg neighborhood of Brooklyn. This survey consults archival and cartographic information in order to evaluate the potential for prehistoric and historic resources on Block 2203, Lot 20. This analysis determined that there was low potential for significant prehistoric and historic resources at the site. The report recommends no further documentary research or archaeological testing at the site.",1992
216,"The following report is an assessment of archaeological and historical sensitivity within the Brooklyn Navy Yard, Brooklyn. This survey conducts a literature review on prehistoric and historic resources within the project area of a proposed Resources Recovery Facility. This survey determined that there is a high probability for the preservation prehistoric and historic sites along sections of the original shoreline. This survey recommends further archaeological testing at the site.",1982
140,"This report contains two documents first is an addendum to an assessment for archaeological sensitivity at Block 3995, Lots 1-7 and 33-34, East New York, Brooklyn, New York. This section examines tax records and cartographic information to examine the potential for significant historic resources within the above project area. This survey reveals information about the neighborhood’s development and occupants during the mid to late 19th century. 

The second section of this report details the results of field testing carried out at the above location. The survey implemented a visual inspection, stratgraphic control tests, mechanical excavation, and site recordation of the project area. The survey did not uncover any historically significant remains.",1996
36,"This report reviews subsurface excavations carried on Lots 1, 29, and 40 of Block 3540 in the Bronx, NY.  A magnetometer survey was implemented in an effort to locate potential contamination sources within the project area.  The survey also employed historical research, trench excavation, and test sampling to historical uses of the site and potential contaminants within the project area.  This report reveals information on location of specified excavation trenches and the results of chemical analysis on soil pollutants found within the project area.",1995
173,"The following report is a Phase 1A assessment of archaeological sensitivity within the Brooklyn Navy Yard, Brooklyn, New York. This survey conducts a literature review in order to evaluate archaeological sensitive area associated with the construction of a B-41 congregation facility. This survey concluded that no significant archaeological features remained within the immediate project area. This report reveals information on the history and development of the Brooklyn Navy Yard",1993
50,"Project in Pelham Bay Park between Bruckner Boulevard, Pelham Bay Bridge, City Island Road, and City Island Bridge in the Bronx. The report examines the history of the project area beginning with Thomas Pell's purchase of the land from the Siwanoy in 1654 and ending with it's 1888 transformation into a New York City Park. Researchers conclude that, due to the large number of known prehistoric sites in the region and the relative lack of construction and land disturbance after 1888, it is likely that the area would yield archaeologically significant materials. Archaeological testing is therefore recommended.",2002
184,The following report is an assessment of archaeological sensitivity in Downtown Brooklyn. This report disseminates the results of a documentary study carried out on properties between 184-188 Duffield Street. This survey consults cartographic and census record information to assess the potential for historic resources located on site. This survey concludes that there is a low potential for significant historic or prehistoric archaeological resources within the project area and does not recommend further archaeological testing.,1990
95,"Study of Van Cortlandt Park detailing the history of the family and the park, including its archaeology. Suggests that the Van Cortlandts planned to make the land a park for the benefit of the public.",1997
183,"The following report is an assessment of archaeological sensitivity in the neighborhood of Flatbush, Brooklyn. This survey conducts a literature review on historic resources located on Block 1360A, Lots 1, 12, 13, 14, 17, 18, and 19. This survey examines the history of early land owners within the neighborhood. This survey concludes that this site is not likely to contain any significant archaeological or historic resources, and does not recommend further archaeological testing.",1990
56,"Archaeological testing associated with the proposed development of a large scale residential complex on Clason's Point, Bronx, New York. No significant archaeological resources identified.",1987
45,"Project on the Campagna Mansion for the Yeshiva of the Telshe Alumni between 249th street and Independence Avenue in Riverdale, Bronx. The report examines the extensive prehistory and history of the area including the 17th century arrival of European settlers and the 19th century annexation to New York City following the rapid population growth brought by the new railroad.  Archaeological testing is recommended to identify, in particular, prehistoric sites and the remains of 19th century dwellings like the Pyne Russell House.",1998
71,"Project in Riverdale, Bronx, between Mosholu Ave, Fieldston Ave, and W. 255th Street. While the presence of a quartz vein in the project area suggests that the site may have been important in the prehistoric period, extensive construction in the 20th century makes it unlikely prehistoric deposits were preserved. Archaeological testing is recommended, though, in those areas for which there is no record of modern construction activity.",1995
82,"Project on the Chapel Farm Estate in Riverdale, Bronx. Report investigates the potential prehistoric quartz quarry and tool production site on the Estate grounds. Included in the report are a detailed comparison of the Chapel Farm site to other prehistoric quarry sites in New England and an in-depth exploration of the geology of the project area. Further archaeological testing is recommended for the site's potential to elucidate previously under explored aspects of prehistoric life and tool production.",1993
16,This report is the fourth volume of a six volume series on excavations carried out on Block 160 (The Courthouse Block). The volume is a catalogue of the artifacts inventoried during excavations carried out at the Five Points Site. The report also gives illustrative details of stratgraphic profiles of site features.,2000
66,"Report assesses the potential for historically significant deposits on North Brother Island located in the Upper East River. Research shows that from 1885-1944, the island was home to Riverside Hospital for patients with contagious diseases whose most infamous patient was  ""Typhoid Mary"" Malone. Archaeological excavations are recommended to explore the island and hospital's early history especially.",1991
30,"Project on the Chapel Farm II site between Fieldston Road, 253 Street, 250 Street and Iselin Avenue in Riverdale, Bronx. This  report, prepared to asses the potential for archaeological sites, summarizes the history and prehistory of this area of Riverdale. The researchers conclude that the project area has a high potential for prehistoric and 19th century sites and archaeological testing is recommended.",1990
70,"Report assessing the potential for a project at the Throgs Neck Houses to yield archaeologically significant material. Located in Castle Hill, Bronx, the project area was once swampy marshland and part of an area of New York City used intensively in prehistory. The relative lack of past development of the lots lead researchers to conclude that the highest area of the site would most likely hold evidence of prehistoric activity. No archaeological testing is recommended, though, as that elevated area would not be disturbed by the proposed extension of the Throgs Neck Houses police station.",1994
68,"Project in Morrisania, Bronx, between  E. 161st Street, Sherman Ave, E. 163rd Street, Grant Ave, and Morris Ave. The report examines the history and prehistory of Morrisania and the construction history of the project area. Based on this examination, researchers identify three blocks within the area that have the potential for archaeologically significant deposits including the former sites of late-19th century homes. Further archaeological testing is recommended for those sites that would be affected by the proposed construction plans, though at the time of publication those plans were not yet available.",1994
209,"The following report is an assessment of archaeological and historical sensitivity of 103-117 Kent Avenue within the Williamsburg neighborhood of Brooklyn. This survey conducts a literary review on prehistoric and historic resources within the project area. This survey determined that there is a low probability for the preservation of evidence for prehistoric occupation at the site. However the site is likely to have remains of early to mid-19th century cistern, well, or privy features and recommends further archaeological testing at the site.",1998
167,"The following report documents the second phase of archaeological testing carried out in the Saratoga Square Urban Renewal Area, located in Bedford Stuyvesant, Brooklyn, New York. This report disseminates information on archaeological excavation carried out on privy, and cistern features located along McDougal, and Sumpter Street. This survey was able to reveal information early settlement and development of landscapes by German immigrants during the mid nineteenth century.",1996
90,"Project at Police Service Area No. 8 in Throgs Neck between Schley Avenue, Buttrick Avenue, Randall Avenue, and Balcolm Avenue. Report examines the project area's potential to yield archaeologically significant deposits. Researchers did not find it likely that the site contained historic deposits but, based on the site's location and environment, there is the potential for prehistoric deposits at deep levels.",2002
188,"The following report is an assessment of archaeological sensitivity in the neighborhood of Fort Greene, Brooklyn, New York. This report disseminates the results of a documentary study of the area of the proposed extension of the Brown Memorial Baptist Church. This survey integrates archival and cartographic information in order to locate and identify prehistoric and historic resources. This survey concludes that the site has a low potential for containing any significant prehistoric resources, while there is a moderate potential for mid 19th century privies at the site.",1991
222,"The following report documents the second phase of a historical sensitivity within the Columbia Heights neighborhood of Brooklyn. This survey conducts an archival review on the history of lots located within the proposed area rezoning for Blocks 203 and 208.  The survey utilizes cartographic and archival information to determine the presence or absence of historic resources within sections of the site. This survey determined that there is a low potential for evidence of prehistoric burials, and a high potential for remnants of historic housing structures. This report recommends further archaeological testing within sections of the project area.",1985
143,"Summary of field investigations at the Meredith Avenue Bus Depot Project site located on Meredith Avenue between West Street and the Arthur Kill. Seven 19th century features found including a domestic refuse deposit. Current project plans will not impact any features, however if plans are altered, Phase II testing is recommended.",2008
55,"Report on the Shorehaven Project located in Clason's Point, Bronx between the East River, Bolton Avenue, Soundview Avenue, Cornell Avenue, and Betts Street. The project area is located nearby several known prehistoric sites and is believed to have been home to the farmstead of Thomas Cornell. The report identifies 6 areas within the site for which archaeological testing is recommended and features a detailed history of each lot within the project area.",1987
233,"The following report is an assessment of archaeological sensitivity in Red Hook neighborhood of Brooklyn. This survey conducts a literature review of historic resources located at the Revere Sugar Site.  The survey utilizes cartographic and published information to determine the presence or absence of historic resources on Blocks 598, 599, 604, 605 and 612. This survey determined that there is a high potential for the preservation of prehistoric artifacts, historic structures (i.e. The Brooklyn Fire Brick Works) and archaeological deposits, such as backyard features, dating to the mid 19th century. This survey thus recommends further archaeological examinations at the site.",1991
214,"The following report is an assessment of archaeological and historical sensitivity of Blocks 2086 and 2087 within the Fort Greene neighborhood of Brooklyn. This survey conducts a literature review on historic resources within the proposed area of the LIU Wellness Center.  The survey utilizes cartographic and archival information to determine the presence or absence of historic resources within sections of the site. This survey determined that there are likely to be remnants of domestic structures, cisterns, wells, and privy features at the site and recommends further archaeological testing.",2003
163,"The following report documents the results of archaeological testing in the neighborhood of Bedford Stuyvesant, Brooklyn, New York. This report disseminates information on the results of archaeological field testing which was carried out in order to locate prehistoric remains, historic privies and cisterns associated with the development of New Brooklyn, an early village developed by German-born entrepreneurs during the 19th century. Excavations along McDougal, Marion, Sumpter, and Thomas Boyland Street were able to reveal evidence of stone privy pits, brick cisterns, and rectangular stone and brick features at the site. In summary this report recommends further excavation, recordation, and recovery of archaeological resources located on McDougal and Sumpter Street.",1993
143,"This report is an evaluation of the potential for archaeological sensitivity within sections of Bushwick, Brooklyn, New York. The survey examines the potential for prehistoric and historic remains at Block 3132. Lots 27-32, located at the junction of Ellery Street & Beaver Street. This survey conducts a brief analysis of documentary evidence and reviews cartographic information about the project area. This report also furnishes information pertaining to the development of the neighborhood during the late 19th century. The survey concludes that the project has a low probability of yielding significant archaeological data, and no testing is recommended.",1997
138,"sets out to evaluate the potential for archaeological sensitivity near Fort Green, Brooklyn, New York. The study was undertaken as part of a proposed application to construct housing on a property encompassing 108-120 Walworth Street, Block 1735, Lot 26. The report consults cartographic information and building department records to acquire information about early history of settlement in the area. This survey reveals information specific to the historic settlement in the area around the mid-19th century and concludes that archaeological features including privies and cistern are probably existent on Lot 26.",2001
182,"The following report details the results of archaeological testing carried out at Cadman Plaza, Brooklyn, New York. This report disseminates the results of archaeological testing carried at the intersection of Pierrepont and Cadman Plaza West. This survey was not able to locate any significant archaeological and historic resources within the project area, and does not recommend further archaeological testing.",1986
142,"This report discloses the results of archaeological surveys carried out the Nueva Vista Site, Williamsburg, Brooklyn. This survey assesses the potential that 140 Johnson Avenue contains prehistoric and historic resources. The survey implemented multiple field testing strategies in effort to acquire information about the area’s historic and prehistoric landscape a visual inspection, stratgraphic control tests, mechanical excavation, and site recordation. The report consults various cartographic sources, and documents excavations carried out at the site. The survey concludes that the site was disturbed.",1997
213,The following report is an assessment of archaeological and historical sensitivity of 99-103 and 135-137 Taaffe Place within the Clinton Hill neighborhood of Brooklyn. This survey conducts a literature review on prehistoric and historic resources located within the project area. This survey determined that there is a low probability for the preservation of evidence relating to prehistoric or historic development of this site and recommends no further archaeological testing at the site.,1994
5,"This report is Volume II of a six volume study on excavations conducted  between Worth and Pearl Streets in Lower Manhattan; in the 19th century the block formed part of the notorious slum known as Five Points. Volume II is a collection of scholarly papers exploring what the excavated artifacts can tell us about the daily lives and relationships of the people who called Five Points home. The papers address topics like the rise of Tammany Hall in local politics, medicine in 19th century slums, and Block 160's brothels.",2000
67,"Project at the New York Botanical Gardens located in Bronx Park. Report on a survey of the gardens and grounds to identify areas and buildings that may be historically and/or archaeologically significant in advance of construction projects. Included in the report are overviews of the prehistory and history of the NYBG. Some areas that were identified as particularly significant are the Stone Snuff Mill built in 1840, the Lorillard Stone Cottage built in 1851, and several ""Bronx River Prehistoric Zones"" where it is likely that prehistoric deposits would be found.",1993
153,"The following report conveys plans to commence archeological testing on burial sites located in Canarsie, Brooklyn, New York. It proposes to utilize remote-sensing techniques to locate grave sites located on Block 8218, Lot 26. Prior assessment of archaeological resources at the site revealed that the site contains graves from the mid 19th century onwards.",1987
54,"Report on archaeological testing conducted on the area between West 203rd Street, Johnson Ave, and Irwin Ave in the Bronx for the Tibbet Gardens Project. Combining their results with those of previous studies of the project area, researchers were able to reconstruct the prehistoric environment and geography of the area. The reconstruction leads them to assert that the environment of the Tibbet Gardens matched those favored by prehistoric groups in New York.",1987
229,"The following report is a preliminary assessment of archaeological and historical sensitivity in Coney Island, Brooklyn. This survey conducts a literature review of prehistoric and historic resources located at the site of the proposed Steeplechase Amusement Park.  The survey utilizes cartographic and published information to determine the presence or absence of historic resources on-site. This survey determined that there is a low potential for the preservation of prehistoric artifacts and does not recommend further archaeological examinations.",1989
169,"Project in the former Brooklyn Navy Yard in the Wallabout area of Brooklyn.  This site was once a cemetery, and so ground-penetrating radar was used to search for any remaining burials.  The test found several anomalies, which were then hand-excavated, and revealed a potentially intact burial and several burial shafts with coffin remains and human bone fragments. The testing found that the GPR can locate intact burials and burial shafts, but cannot distinguish between the two, and also found that some burials are shallower than originally expected.",1997
177,"The following report is an assessment of archaeological sensitivity in the neighborhood of Williamsburg, Brooklyn. This survey conducts a literature review on historic and prehistoric resources located within the Southside Urban Renewal Project Area. This study concludes that sections of the project area have a moderate to high potential to contain preserved historic resources.",1997
35,"This report examines research conducted on the area between Highbridge Yard and the Harlem River Yard east of the Harlem River in South Bronx. Based on the history of construction in the area, researchers conclude that while it is unlikely future excavations would yield any prehistoric material there is a strong possibility that remnants of late-19th century commercial buildings could be found in the project area, particularly parts of The J. L. Mott Iron Works complex. Archaeological testing is recommended.",1981
211,"The following report is an assessment of archaeological and historical sensitivity at the Old Gravesend Cemetery, Brooklyn. This survey conducts a literature review on prehistoric and historic contexts of the cemetery to determine whether graves extended beyond the burial grounds fences. This survey determined that there is a low probability for the preservation of prehistoric resources at the site, however the study was able to determine that graves from the historic period extend are likely to extend beyond the fence line bordering Village Road, and recommends further archaeological testing at the site.",2000
92,"Report on the Hunt's Point Access project area extending from the corner of Garrison Avenue and Edgewater Road to the corner of Boone Avenue and Freeman street. The report explores the present condition, prehistory, and history of the site to determine whether historically significant deposits could have been preserved within the project area. Archaeological testing, though, showed the site to be too heavily disturbed by modern activity to yield any significant artifacts and no further testing was recommended.",1987
135,"This report assesses the potential for archaeological sensitivity within the Bridge Plaza section of Brooklyn, New York. This study was conducted as part a proposed rezoning of the Bridge Plaza. This survey reveals information about the various construction episodes at the site throughout the 19th century and early 20th century. This report also provides a historical overview of the project area during the 17th and 18th centuries and a detailed account of housing developments, early occupants during the 19th century. The survey concludes that within the project area there is a high potential for privy and cistern remains.",2002
134,"Rezoning project by Front and Jay Streets in Brooklyn.  Three of the lots are sensitive for intact 19th century historic domestic features, such as privies and cisterns. The names and professions of inhabitants from these lots are well-recorded, and these people were working class people, characteristic of the neighborhood, whose lives were not documented in history books.",2001
164,"The following report documents the second phase of archaeological testing carried out in the Saratoga Square Urban Renewal Area, located in Bedford Stuyvesant, Brooklyn, New York. This report disseminates information on archaeological excavations carried out in accordance with recommendations and conclusions reached through earlier environmental and historic review. The second phase of excavations which carried out along McDougal, Sumpter, and Thomas Boyland Street were not able to reveal evidence of similar archaeological features located during the first phase of excavations at the site.",1994
42,"Project at the Frances Shervier Home and Hospital in Riverdale, Bronx between Independence Avenue, Henry Hudson Park, Palisade Avenue, West 231st. Report on further archaeological excavations of the previously identified Revolutionary Fort I built in 1776. While researchers were unable to find any archaeological evidence of how the British occupation from 1777-1781 impacted the site, they were able to identify the architectural properties of the Fort including the construction techniques that were used.",1997
117,"Report for New York State's resource planning protection program to emphasize the importance of studying 19th century New York City. 15 historical archaeologists contributed sections on each of the five boroughs, describing changes in settlement patterns and land use and the industrialization of New York.",1983
150,"This is an evaluation of potential archaeological resources within sections of Fort Greene, Brooklyn, New York. This survey examines the potential for evidence for Block 2030, Lots 40 & 41 located at 30-32 Carlton Avenue to contain prehistoric and historic resources. This survey utilizes cartographic and atlas information to assess sensitivity within the project area. This report reveals that there is a moderate potential for prehistoric remains within the project area and that there is a low potential for significant archaeological resources within the project area.",2004
224,The following report is an assessment of archaeological and historical sensitivity within the Williamsburg neighborhood of Brooklyn. This survey conducts a literature review on historic resources located on Lots 41-42 of Block  2827.  The survey utilizes cartographic and archival information to determine the presence or absence of historic resources within sections of the site. This survey determined that there are no significant archaeological or historic resources located on the site and does not recommend further archaeological examination.,1988    .
96,"Project on the parade grounds of Van Cortlandt Park in the Bronx. Report documents archaeological testing conducted on the project area and provides a summary of the area's history and prehistory. While research showed that the parade grounds area of the park have been used continuously since the Late Woodland period, no intact archaeological deposits from any period were found. No further archaeological testing is recommended.",1993
52,"Project at the Bartow-Pell Estates in Pelham Bay Park, Bronx. Excavations were centered around the Carriage House in an effort to learn more about the history of the site prior to its purchase by the city in 1888. While the deposits at the site were too disturbed to give any substantial evidence about the site's function and history, archaeologists were able to identify a portion of the driveway previously thought to be a stone wall and the exact parameters of the Carriage House cellar.",1985
136,"This report assesses the potential for significant archaeological resources within the Caribe Village Site located in Williamsburg, Brooklyn, New York. This survey comprises of a field reconnaissance level to identify historic resources and structures on site. Trench excavations at the site also identified historic deposits, artifact remains, and masonry features indicative of evidence that may contribute to our overall understanding of resident lifeways during the 19th century.",1994
80,"Project at St. Raymond's Cemetery between St. Raymond's Church and the Hutchinson River Expressway in the Bronx. Report assess the project area's archaeological potential based on a short history of the Bronx and the St. Raymond's Cemetery site. Archaeological testing is recommended to check for prehistoric and historic deposits, especially those associated with the 18th century Ferris family farmstead.",1993
203,The following report documents the results of archaeological testing carried out in the Clinton Hill neighborhood of Brooklyn. This survey conducted archaeological testing in order to examine buried deposits for the presence or absence of archaeological resources in areas at the Shaft 21B Project area of the New York City Water Tunnel site. This survey was able to demonstrate that the houses at 909 and 911 located on Kent Avenue were constructed with cisterns which had secondary uses after these houses were connected to sewers. This report provides substantial information on the cultural activities and material culture associated with 19th century households.,1994
160,"Project on the Bishop Mugavero Geriatric Center between Hoyts, Dean, and Pacific streets in Boerum Hill, Brooklyn. The report details the finds from archaeological excavations of the site's 19th century privies and cisterns.  The majority of the finds were household materials that give researchers a glimpse of the everyday lives of white collar, middle class families of Brooklyn at the time. Photographs and plans are included in the report with special emphasis placed on the extensive collection of recovered ceramics.",1992
236,The following report is an assessment of archaeological and historical sensitivity in the Flatlands neighborhood of Brooklyn. This survey conducts a literature review of prehistoric and historic resources located at the site of a proposed water quality facility.  The survey utilizes cartographic and published information to determine the presence or absence of historic resources on-site. This survey determined that there is a high potential for the preservation of prehistoric deposits beneath fill layers and a low potential for historic deposits. However this report does not recommend further archaeological examination.,1993
202,The following report is an assessment of archaeological sensitivity in the Marine Park neighborhood of Brooklyn. This survey consults archival and cartographic information in order to evaluate the potential for prehistoric and historic resources located in the Hendrickson Street Rezoning project area. This survey determined that there is moderate potential for remnants of prehistoric occupation and a low potential for historic resources at the site. The report recommends that future archaeological testing be implemented upon future development.,1994
17,"This report is Volume V of a six volume study of excavations conducted between Worth and Pearl Streets in Lower Manhattan. In the 19th century, the excavation area was part of the infamous slum known as Five Points. This volume of the report details the conservation techniques used to protect and analyze the recovered artifacts.",2000
84,"Project on the Van Cortlandt Mansion in Van Cortlandt Park, Bronx. Excavations of the east yard and the garden area to the west of the mansion revealed a number of historic period artifacts. While the dating of the artifacts did correlate with the earliest occupation of the mansion, the deposits of objects was too disturbed to provide any further information about the history of the site. No further archaeological testing recommended.",1987
